tree
version=v4
num_class=1
num_tree_per_iteration=1
label_index=0
max_feature_idx=44
objective=quantile
feature_names=lag_1 lag_3 lag_7 lag_14 lag_30 roll_mean_7 roll_mean_14 roll_mean_30 roll_std_7 roll_std_30 price_vs_ma30 days_since_max_90 days_since_min_90 spread_pct arr_lag_1 arr_lag_3 arr_lag_7 arr_vs_ma30 arr_zscore_seasonal arr_momentum price_arrival_elasticity nbr_price_mean_k4 price_vs_nbr nbr_arr_change dow month week_of_year days_to_festival festival_demand_effect harvest_season_flag rain_7d_sum rain_30d_sum rain_forecast_7d tmax_7d_mean unseasonal_rain_flag shock_active_bearish shock_active_bullish days_since_shock mandi_id commodity_id perishability_class mandi_liquidity mandi_data_quality days_since_observation imputed_share_14d
feature_infos=[-2.7080502011022101:2.9957322735539913] [-2.5902671654458267:2.7080502011022105] [-2.8622008809294686:2.9957322735539913] [-3.1498829533812494:3.218875824868201] [-3.0910424533583156:3.218875824868201] [3.9120230054281455:10.46310334047155] [4.1328936620566648:10.46310334047155] [4.4870250709645587:10.46310334047155] [0:2.6669669761961048] [0:1.6281735335151464] [-2.2878113378681944:2.3026109694785584] [0:89] [0:89] [0:16.37142857142857] [-8.6236171414272604:8.4512563597647059] [-8.7582395272519964:8.4980103719994649] [-8.6251682860815357:8.6259354824204717] [-7.5348100162628535:5.8247001161970875] [-7.4661934379622323:6.2980306798943877] [-1.7500262753021854:1.4186296650765369] [-0.6145602448000721:0.74229486839195358] [160:35000] [-4.6051701859880909:2.7785497473069753] [-7.7345588443547566:8.128880142125638] -1:2:1:3:4:0 -1:6:5:4:3:2:9:10:7:8:0:1:11 [1:52] [0:60] [0:1] [0:1] [0:430.90000000000003] [0:681.69999999999993] none [23.014285714285712:42.828571428571429] [0:1] [0:3.2752563032437774] [0:3.8204239710373695] [0:127] -1:1:2:3:0 -1:10:11:12:8:2:9:1:0:3:7:4:5:6 [1:5] [0.82222222222222208:20605.443333333336] [0.33333333333333337:1] none [0:0.7142857142857143]
tree_sizes=5427 5713 5678 5657 5666 5679 5718 5692 5644 5669 5647 5661 5612 5711 5633 5673 5725 5695 5719 5697 5739 5738 5760 5749 5695 5764 5764 5807 5684 5717 5790 5693 5795 5714 5755 5773 5773 5764 5712 5736 5772 5663 5829 5760 5801 5798 5756 5787 5737 5787 5816 5795 5753 5808 5800 5753 5729 5756 5825 5762 5809 5815 5775 5806 5789 5757 5749 5729 5776 5768 5829 5790 5747 5841 5799 5760 5753 5751 5826 5775 5852 5769 5745 5715 5866 5784 5783 5781 5789 5806 5728 5856 5792 5778 5740 5756 5771 5861 5818 5784 5776 5771 5864 5772 5803 5805 5775 5790 5788 5877 5818 5797 5848 5815 5812 5782 5830 5750 5865 5813 5816 5805 5789 5802 5792 5801 5907 5891 5793 5808 5773 5808 5860 5806 5798 5783 5825 5848

Tree=0
num_leaves=63
num_cat=6
split_feature=0 1 1 9 10 22 10 0 1 15 1 9 10 15 22 15 9 0 14 22 39 25 24 14 13 10 22 39 22 7 8 7 22 14 24 2 13 9 1 9 2 0 6 0 0 22 33 13 41 9 22 39 6 30 12 0 27 7 13 2 2 12
split_gain=371.568 67.3312 54.4632 20.9288 18.8704 14.4601 13.5954 10.9342 9.54493 8.10601 7.79033 7.01817 6.12407 5.37815 5.3332 4.92174 4.90738 4.89391 4.55285 4.42187 4.10691 5.12232 4.0519 3.45826 3.37955 3.23739 2.98552 2.968 4.29618 2.91459 2.90185 2.42296 2.41002 2.38873 2.3802 2.42335 2.32498 3.62341 2.24672 2.21546 2.19679 2.1778 2.17159 2.1604 2.13205 2.06472 2.06117 2.04455 2.02667 1.96129 1.93808 1.9122 3.47385 1.85717 2.14524 1.8462 1.84299 1.75887 2.82738 1.74481 1.66455 1.66013
threshold=-0.24394336009113401 -0.20066978637041541 -0.39914701637582345 0.17024372547052327 -0.053807081925425042 -0.40546528667962484 -0.25026638054773404 -0.37877596569047428 -0.40551804316825052 -0.40546510810816444 -0.041964184421938271 0.32132476264848159 -0.11743665043791117 0.3047057707462662 -0.45934297130005491 -0.15415067982725814 0.38715972529701487 -0.45675840249571514 0.037877079447341984 -0.33895940125370677 0 1 2 0.066202346747218824 2.1124005647863986 -0.33952613894097622 -0.15322975486846355 3 -0.69296029960093908 7.6912087962762312 0.22467174493733846 6.938298327012288 -0.18232130679401709 0.22311802092027014 4 -0.35797451006975395 1.3333416666666669 0.31635800433522437 -0.39914701637582345 0.38715972529701487 -0.24512202325018692 0.30010509245058886 7.8790731426876333 -0.13353139262452227 0.060671399170923575 -1.0000000180025095e-35 27.978571428571435 0.60720779220779231 15.072751322751325 0.25528033990991811 -2.9634630129852049 5 6.8863495701920412 9.2500000000000018 57.500000000000007 -0.15415601011526855 38.500000000000007 7.906396455650424 0.86538544748680746 -0.35139736052237674 -0.12713859146229242 54.500000000000007
decision_type=2 2 2 10 2 8 2 2 2 2 2 10 2 2 8 2 10 2 2 10 1 1 1 2 2 2 10 1 8 2 10 2 10 2 1 2 2 10 2 10 2 2 2 2 2 10 2 2 2 10 10 1 2 2 2 2 2 2 2 2 2 2
left_child=2 5 6 27 11 12 9 10 15 30 18 24 13 29 -8 25 -12 36 50 22 21 44 42 -19 32 -7 41 28 -3 31 -1 -2 43 -18 -10 45 37 48 -15 -20 -21 -13 -9 61 -6 -36 -44 -28 -11 -14 -4 52 -45 -54 56 -37 -55 58 -30 -34 -46 -5
right_child=1 3 7 4 20 8 14 19 34 17 16 26 49 38 -16 -17 33 23 39 40 -22 -23 -24 -25 -26 -27 47 -29 57 -31 -32 -33 59 -35 35 55 -38 -39 -40 -41 -42 -43 46 51 60 -47 -48 -49 -50 -51 -52 -53 53 54 -56 -57 -58 -59 -60 -61 -62 -63
leaf_value=0.25940795689984097 0.26034847734987066 0.24576080407855727 0.25406943136923987 0.24753234866017274 0.24399930812900977 0.27763577923178673 0.25815112219077463 0.25346340548689295 0.23897628560662271 0.26247646734118463 0.24384994957393716 0.25776884226144858 0.24020247304122008 0.26247646193725133 0.2502906722488813 0.24993301585150665 0.26247646734118463 0.25805991946220957 0.25293557016252777 0.24777207667451967 0.23505818429822725 0.23630344250321872 0.24464272037148477 0.24493001150628119 0.25476893410086632 0.24991074454549392 0.23413069449165796 0.2336700228936345 0.23637187741832086 0.2536228520113582 0.27763577923178673 0.26211710775398844 0.24384499125307268 0.25271615982142281 0.24744160359598535 0.2437417946755886 0.27937172043169267 0.28810363940562383 0.24006932957532195 0.26061060459907281 0.24310982406980663 0.23904668407247884 0.24968210339623625 0.2508252478294537 0.24517033488490333 0.24004326303401777 0.24543213341834616 0.24565285518765451 0.25451836731771105 0.25106555164702299 0.2569853914576129 0.23900916447006254 0.23987819135744576 0.25130041761718369 0.23982140929537507 0.24076943535666437 0.24464272037148477 0.23473420967919498 0.24118920702822919 0.23748230440416629 0.23851034890680795 0.24250570937455435
leaf_weight=41 51 74 57 148 675 67 69 232 395 44 123 364 93 41 163 310 54 93 119 130 4531 2620 273 69 65 81 64 8590 2599 171 270 57 84 45 162 304 96 134 58 45 359 40 57 49 82 70 146 149 54 92 177 701 336 59 85 724 47 3576 483 746 788 117
leaf_count=41 51 74 57 148 675 67 69 232 395 44 123 364 93 41 163 310 54 93 119 130 4531 2620 273 69 65 81 64 8590 2599 171 270 57 84 45 162 304 96 134 58 45 359 40 57 49 82 70 146 149 54 92 177 701 336 59 85 724 47 3576 483 746 788 117
internal_value=0.239788 0.238136 0.257032 0.237388 0.238976 0.245701 0.266197 0.251809 0.2438 0.269292 0.257201 0.242356 0.252815 0.256459 0.255432 0.25018 0.24963 0.265166 0.261389 0.249004 0.237788 0.23893 0.25153 0.257846 0.241149 0.257662 0.247115 0.236171 0.236976 0.260006 0.275691 0.266507 0.240838 0.25786 0.242029 0.243075 0.268715 0.265732 0.24636 0.25484 0.24533 0.249637 0.254552 0.242007 0.241207 0.247707 0.251011 0.24231 0.258092 0.24532 0.265895 0.241152 0.243251 0.242111 0.246034 0.242054 0.250744 0.236838 0.237714 0.238666 0.23958 0.246107
internal_weight=32598 29748 2850 27072 11750 2676 1033 1817 2113 801 620 3054 563 378 232 458 222 490 398 1197 8696 4165 708 162 2437 148 617 15322 6732 279 311 108 2372 99 1655 1260 328 232 99 164 489 404 435 1542 1545 232 203 213 98 185 234 1277 576 527 191 1028 106 6658 3082 830 870 265
internal_count=32598 29748 2850 27072 11750 2676 1033 1817 2113 801 620 3054 563 378 232 458 222 490 398 1197 8696 4165 708 162 2437 148 617 15322 6732 279 311 108 2372 99 1655 1260 328 232 99 164 489 404 435 1542 1545 232 203 213 98 185 234 1277 576 527 191 1028 106 6658 3082 830 870 265
cat_boundaries=0 1 2 3 4 5 6
cat_threshold=3456 2352 19 8008 8 1357
is_linear=0
shrinkage=1


Tree=1
num_leaves=63
num_cat=1
split_feature=0 1 1 9 1 22 18 22 4 22 15 22 22 0 14 0 13 1 9 22 3 20 1 8 1 41 15 21 13 1 1 30 17 42 4 25 5 9 42 5 5 17 18 17 4 23 8 17 22 41 17 40 3 13 13 4 21 22 18 33 23 1
split_gain=348.948 63.8898 45.1346 18.8739 13.2246 12.2034 10.9984 9.07944 8.12062 5.68705 5.38625 5.19014 5.0203 4.76868 4.47066 4.07484 3.97984 3.83863 3.71049 3.57617 3.47352 3.43886 3.35661 3.28033 3.27824 4.36723 3.15036 3.28663 3.20342 3.04245 3.0334 2.89055 2.80213 2.57351 2.41933 2.34778 2.39111 3.26973 2.2775 2.21168 2.20421 2.19705 2.16727 2.06634 2.34243 2.06442 2.09785 2.72388 2.0578 2.04927 2.03276 2.03189 1.97908 1.96215 1.86547 1.86013 1.85971 1.89029 1.82447 1.80121 1.801 1.74584
threshold=-0.25131442828090605 -0.20066978637041541 -0.39914701637582345 0.21551711916094571 -0.39914701637582345 -0.46973416009343033 -0.77330844820551803 -0.329242775250567 -0.28622520336252583 -0.38296952446683391 -0.15415067982725814 -0.42109216111082687 -0.62194189398764144 -0.33489350148919067 0.037877079447341984 0.013985537749883649 0.85714310204095634 -0.016627199302121195 0.36259348719499368 -0.43673554037991347 -0.27713628223239078 0.24782044775546852 -0.084557388028062327 0.39740324037810687 -0.57954064028608065 25.083356487913314 0.15415067982725819 6812.5000000000009 0.93124800146223452 -0.12188981760903726 0.14637938515217599 13.850000000000003 0.17309415431744438 0.92380261248185791 -0.37469344944141042 0 7.1309170904190688 0.30695546367610504 0.90521114106019784 7.0348770666721014 7.4310208446527186 -0.048478131868226741 -0.63056806136962951 -0.72308441777866739 0.37778875500886905 0.27214071196765804 0.28354405985057202 0.46731832863354927 -0.27647738551925538 3.7338541666666671 -0.29404426101590014 2.5000000000000004 -0.35667494393873195 0.99999812500234386 0.91770621097601068 -0.44050062746181279 3331.5000000000005 0.013792363227682038 0.30638062398174548 31.150000000000002 -2.0780634976288455 -0.12751040820889822
decision_type=2 2 2 10 2 8 8 8 2 8 2 10 8 2 2 2 2 2 10 8 2 10 2 10 2 2 2 8 2 2 2 2 2 2 2 1 2 10 2 2 2 2 8 2 2 10 8 2 8 2 2 2 2 2 2 2 10 10 8 2 8 2
left_child=2 4 5 9 10 23 21 16 15 20 42 26 -12 14 34 18 -4 32 40 31 -3 -7 -11 41 25 -8 27 28 49 54 33 61 -18 -20 -9 36 37 -21 58 -33 48 -1 55 -40 -45 46 -26 -48 -5 -6 -41 -24 -29 -43 -16 -2 57 -14 -15 -27 -37 -10
right_child=1 3 7 8 11 6 24 13 19 22 12 -13 56 38 29 -17 17 -19 30 35 -22 -23 51 -25 45 59 -28 52 -30 -31 -32 39 -34 -35 -36 60 -38 -39 43 50 -42 53 -44 44 -46 -47 47 -49 -50 -51 -52 -53 -54 -55 -56 -57 -58 -59 -60 -61 -62 -63
leaf_value=0.024202333449004965 0.037266321788116133 0.0053788969967219326 0.010629285023993091 0.010032014495702651 0.0062238910383549846 0.024658192049122365 0.03739675009592313 0.018153397579304242 0.013193594428089473 -0.0023459524535655815 0.021540723077475524 0.0012714162684552654 0.012205228269848184 0.0032820609270905938 0.0080245181448991443 0.00021261366866851385 0.018950165366901268 0.021839357784535239 0.032313761899788677 -0.0012633759132416049 -0.0012332902011781017 0.036739411357591227 -0.0044810466881782833 0.041948505237073351 0.014120517115410819 0.012173614625312384 0.0033297197994445259 0.0080960876648355651 0.010872249886714005 0.0073684663715284267 0.00064270292509054224 0.015914831869881619 0.011331798900456028 0.011377812969075408 0.011703298512950322 0.004759174792351821 -0.0016462719103311236 0.011512705902192942 0.0073521397124761377 0.014162163564183913 0.0007952834161353801 0.015880797806519808 0.01575685002297398 0.0025845210195377002 0.009703033214679458 0.0081105480749564945 0.0095409130213854818 0.015041988139672117 0.0071850490608851292 0.0067847090172644181 0.0026211644172449539 -0.0066796675990304219 0.0041568010964390407 0.020368045131591666 0.0092791733771731451 0.017113350557341395 -0.0015239428602166788 0.00093460054444245851 0.010948785108087625 0.029456121223108145 -0.0038547898513339586 -0.00076205300004419246
leaf_weight=120 43 200 284 73 46 113 90 93 50 2929 77 1051 254 67 75 662 141 52 74 205 1456 50 7052 192 79 59 375 106 64 135 45 42 76 59 201 86 1707 216 52 45 328 53 122 357 51 44 88 41 215 85 133 7529 357 46 54 58 56 68 67 48 3542 422
leaf_count=120 43 200 284 73 46 113 90 93 50 2929 77 1051 254 67 75 662 141 52 74 205 1456 50 7052 192 79 59 375 106 64 135 45 42 76 59 201 86 1707 216 52 45 328 53 122 357 51 44 88 41 215 85 133 7529 357 46 54 58 56 68 67 48 3542 422
internal_value=-8.90648e-05 -0.00165454 0.0170245 -0.00239371 0.00558813 0.0253271 0.020783 0.0120311 -0.000337762 -0.00324151 0.0116495 0.00361151 0.00849781 0.00948829 0.0128086 0.00303363 0.0173014 0.0216852 0.00544654 -0.0010994 -0.000440556 0.0319207 -0.00350637 0.0320267 0.0166778 0.0215404 0.00612669 0.00820941 0.013648 0.00803773 0.0117877 0.00229437 0.0246101 0.0155597 0.0170508 -0.00150773 -0.000182329 0.0031872 0.00635294 0.00701357 0.00359805 0.0275227 0.0180134 0.00466377 0.00344743 0.0128063 0.0148804 0.0108077 0.00678201 0.00905303 0.00452514 -0.00381669 0.0058944 0.02155 0.0135 0.0234804 0.00609499 0.00755418 0.0120741 0.0144907 -0.0022781 8.45654e-05
internal_weight=32560 29832 2728 27070 2762 1023 612 1705 7904 19166 678 2084 455 1152 558 1456 553 269 794 6448 1656 163 17510 411 449 197 1033 658 195 264 178 692 217 133 294 5756 2128 421 594 220 616 219 223 460 408 252 208 129 288 131 178 14581 463 99 129 101 378 322 134 107 3628 472
internal_count=32560 29832 2728 27070 2762 1023 612 1705 7904 19166 678 2084 455 1152 558 1456 553 269 794 6448 1656 163 17510 411 449 197 1033 658 195 264 178 692 217 133 294 5756 2128 421 594 220 616 219 223 460 408 252 208 129 288 131 178 14581 463 99 129 101 378 322 134 107 3628 472
cat_boundaries=0 1
cat_threshold=2352
is_linear=0
shrinkage=0.05


Tree=2
num_leaves=63
num_cat=6
split_feature=0 1 1 9 0 1 1 22 22 2 22 41 22 4 1 0 39 39 22 18 18 0 6 5 5 0 23 21 25 22 23 23 22 14 4 18 26 9 14 4 9 25 39 16 2 4 23 21 7 1 19 16 21 18 25 33 7 44 4 14 3 33
split_gain=318.085 72.652 27.8203 21.2431 15.0272 14.9718 8.83606 8.40245 7.8906 7.87266 7.37383 6.10764 4.97232 4.60772 3.75743 3.68735 3.66498 3.57921 3.42603 3.41518 3.38875 3.36587 3.3035 3.09458 3.13215 3.0264 3.02717 2.92711 2.87383 2.75379 2.67784 2.61766 2.54434 2.48659 2.44565 2.43973 2.38457 2.31645 3.41901 2.30363 3.7985 2.20468 2.19188 2.19108 2.61821 2.11826 2.05539 2.0476 2.05518 2.02108 1.86988 1.92121 1.85496 1.85106 1.84705 2.91476 1.80012 1.79717 1.77409 2.35792 1.73338 1.69428
threshold=-0.32047149204880293 -0.20066978637041541 -0.49247739418952946 0.16574193270321375 -0.14628777847824323 -0.39914701637582345 -0.041964184421938271 -0.1772039138917666 -0.42871697973730688 -0.21126410659685121 -0.32041549687642651 12.845580933465742 0.013792363227682038 -0.40707719300105211 -0.088410060201613114 -0.405465108108165 0 1 -0.41321406126647847 -1.1057140582710325 -0.37335010602625812 -0.15887342052667061 8.1960557936839944 7.877983437647269 7.3132332177464852 -0.36338146474657579 -0.043794669063970552 2251.2500000000005 2 -0.3362637233372438 0.052180595154756267 0.24116205681688843 -0.39637806676534681 0.020619287202735984 -0.64185388617239469 0.39045056883654911 11.500000000000002 0.39400124063700459 0.345745873406542 -0.18232155679395443 0.22759359022910011 3 4 0.083381608939051069 -0.40546510810816433 -0.076154115299029254 -3.1728181804142976 1590.1550000000002 8.2960902392565306 -0.080042323058004058 0.011515704491798834 -0.14317505737716416 652.67500000000007 -0.15014062063672198 5 30.157142857142862 7.9795068225655212 0.18333333333333338 -0.17435288714452743 -0.11418809558444652 -0.048385062573033537 28.678571428571434
decision_type=2 2 2 10 2 2 2 8 8 2 8 2 10 2 2 2 1 1 8 8 10 2 2 2 2 2 10 8 1 10 10 10 8 2 2 10 2 10 2 2 10 1 1 2 2 2 8 10 2 2 2 2 10 10 1 2 2 2 2 2 2 2
left_child=2 5 7 14 22 12 10 20 30 16 15 34 13 19 -3 -4 29 18 42 -2 -1 43 32 24 -13 26 58 -15 47 -6 35 -22 45 -28 -9 -7 -21 52 -39 40 -23 -34 -11 44 -10 -5 -30 48 49 -20 51 -42 -8 -18 55 -32 -17 -55 59 -12 -27 -60
right_child=1 3 6 4 9 8 37 11 21 17 25 23 -14 27 -16 56 53 -19 28 36 31 39 -24 -25 -26 60 33 -29 46 -31 54 -33 41 -35 -36 -37 -38 38 -40 -41 50 -43 -44 -45 -46 -47 -48 -49 -50 -51 -52 -53 -54 57 -56 -57 -58 -59 61 -61 -62 -63
leaf_value=0.038443754331249747 0.036767323066653625 -0.0018576897115407311 0.019037070187563267 0.015155598585755504 0.015855895915490255 0.0079607287100059744 0.0080522053310550564 0.043865846755075488 0.016234972779263841 0.0084524594704833891 0.02119297104925651 0.027404822943909765 0.0061923731069875448 0.018924462555292999 -0.0056881324660318774 0.014407654462573243 0.0029975922703200809 -0.0044363731236064449 0.0068738917329142727 0.018894872835102453 0.031336206203241235 0.00028411881014831777 0.00025142663768530681 0.033577338547129486 -0.00031350803760591984 0.006943613392388086 0.012337671077799719 0.0075924549281845381 0.00452121605273423 0.0043600178177180225 0.0055562422624279365 0.027381145046859054 0.0074394992392281664 0.0072151877869632347 0.025795485526512327 0.0042727981769585654 0.020175234466482134 0.021360705292603643 0.0054640919497274572 -0.0013806500052272047 0.0055696903489819349 0.0024658407409885938 0.0015427734324394366 0.0020463127928692861 0.0039929095036271862 0.0053903412852382314 -0.0039148986472178808 -0.0024252875282812433 -0.005639705262617813 0.0021124152135450392 0.0060135038867065345 0.010157644645568117 0.00030079558621875385 -0.0015031788758150995 0.00070146163282666218 0.012111828130675925 0.0067143847179729826 0.0077829052670476215 0.010826789987317023 0.014582919156951164 -0.00054037416542014117 0.013489391066002443
leaf_weight=191 47 2423 214 114 171 166 66 48 58 116 58 66 125 88 12748 128 341 3144 154 59 118 362 360 47 44 101 89 270 45 186 64 72 347 54 49 92 187 80 44 667 40 336 645 333 372 100 3781 848 201 969 84 47 114 538 111 45 64 89 47 107 45 77
leaf_count=191 47 2423 214 114 171 166 66 48 58 116 58 66 125 88 12748 128 341 3144 154 59 118 362 360 47 44 101 89 270 45 186 64 72 347 54 49 92 187 80 44 667 40 336 645 333 372 100 3781 848 201 969 84 47 114 538 111 45 64 89 47 107 45 77
internal_value=-0.000189958 -0.00141916 0.0195348 -0.00224645 -0.000718806 0.00569142 0.0152909 0.0281053 0.00376536 -0.00129932 0.0175939 0.020902 0.0117375 0.0134893 -0.00350349 0.0227764 0.002319 -0.00178362 -0.00112925 0.0181463 0.0328403 0.00235998 0.00446343 0.0146519 0.00990991 0.0139206 0.0160277 0.00963788 -0.00153192 0.0065625 0.00951983 0.0277487 0.00608574 0.00996528 0.0307653 0.012973 0.015668 0.00780328 0.01304 0.000707742 0.00315543 0.00458333 0.00202756 0.00495419 0.00730858 0.0108372 -0.0023534 -7.32948e-05 0.00115472 0.00198843 0.00927325 0.014375 0.00414365 0.000674156 0.00542986 0.009625 0.0175648 -0.00093153 0.0189828 0.0224398 0.00761905 0.01424
internal_weight=32796 30873 1923 27656 12485 3217 1288 635 2441 11228 984 254 776 651 15171 406 1325 9903 6759 293 381 1963 1257 157 110 578 432 358 5998 357 478 190 897 143 97 258 246 304 124 1200 533 683 761 763 430 214 3826 2172 1324 1123 171 87 180 968 220 109 192 627 289 165 146 124
internal_count=32796 30873 1923 27656 12485 3217 1288 635 2441 11228 984 254 776 651 15171 406 1325 9903 6759 293 381 1963 1257 157 110 578 432 358 5998 357 478 190 897 143 97 258 246 304 124 1200 533 683 761 763 430 214 3826 2172 1324 1123 171 87 180 968 220 109 192 627 289 165 146 124
cat_boundaries=0 1 2 3 4 5 6
cat_threshold=264 4008 2352 3636 2304 873
is_linear=0
shrinkage=0.05


Tree=3
num_leaves=63
num_cat=5
split_feature=0 1 10 9 1 10 0 22 22 9 20 10 1 9 10 1 39 39 15 5 1 18 39 8 14 26 7 5 31 0 0 22 31 33 30 12 39 24 0 1 31 18 15 11 2 19 19 0 31 10 1 31 23 19 9 22 15 33 30 22 0 22
split_gain=275.952 59.9418 44.4775 17.6908 16.855 14.7228 12.7877 11.5721 9.76455 6.35202 6.24832 5.90309 5.2612 5.02335 4.60208 4.32615 4.15335 4.03162 3.67257 3.66523 3.52448 3.17885 3.1432 3.13592 3.05317 2.93577 2.77575 2.86205 2.73713 3.11984 2.63608 3.37881 2.5713 2.53897 2.50968 2.47003 2.3015 2.28407 2.2691 2.2188 2.15491 2.12226 2.0871 2.06506 2.02404 2.01059 1.93436 1.88288 2.90691 2.2366 2.05842 1.8356 2.6281 1.80832 1.80601 1.79178 1.76606 2.1196 1.82272 1.75775 1.68972 1.65704
threshold=-0.26606544639749824 -0.17185001021684251 -0.40852777260033107 0.16362791586378342 -0.61981900612238972 -0.078140898330485417 -0.45675840249571514 -0.32542191966562822 -0.43673554037991347 0.27302269022121101 0.018815086432547791 -0.27001681615874412 -0.11874189226645358 0.1385286437824205 -0.19382336861607771 -0.11778303565638336 0 1 0.10920954848044363 6.7207565837471011 -0.054807532270138452 0.39045056883654911 2 0.13451222929992104 -0.66717169415668454 24.500000000000004 7.6047126001604139 6.7207565837471011 3.0500000000000007 -0.405465108108165 0.060671399170923575 -0.66782874757604593 23.550000000000004 37.26428571428572 5.1500000000000012 63.500000000000007 3 4 -0.11466384290045271 -0.36643521948892394 1.0500000000000003 -0.60267488237251643 0.16257859180916381 38.500000000000007 -0.010926884674595792 -0.014480896718148723 -0.13257018005261553 -0.33489350148919067 7.1500000000000012 -0.27713685857981923 -0.36643521948892394 7.1500000000000012 -0.55952308411990237 -0.1237762822428473 0.3578513118059426 -1.4436402826632457 -0.66885289476626697 29.064285714285717 5.3500000000000014 -0.1269230890070818 -0.17826047998520786 -0.73388916867951759
decision_type=2 2 2 10 2 2 2 8 8 10 10 2 2 10 2 2 1 1 2 2 2 8 1 8 2 2 2 2 2 2 2 8 2 2 2 2 1 1 2 2 2 10 2 2 2 2 2 2 2 2 2 2 10 2 10 10 2 2 2 10 2 10
left_child=2 4 6 38 11 9 10 12 21 15 51 55 28 -10 22 41 30 20 25 32 46 26 24 -21 -15 -8 27 -6 -4 61 31 34 43 40 -7 -14 60 -33 -3 -23 -25 -5 44 -11 -19 53 -9 49 -49 -48 -51 -1 -53 -42 -45 -2 -28 -58 -59 -24 -17 -30
right_child=1 3 7 5 8 16 18 17 13 19 -12 -13 35 14 -16 36 -18 42 -20 23 -22 39 59 33 -26 -27 56 -29 29 -31 -32 37 -34 -35 -36 -37 -38 -39 -40 -41 45 -43 -44 54 -46 -47 47 48 -50 50 -52 52 -54 -55 -56 -57 57 58 -60 -61 -62 -63
leaf_value=0.034545767055261072 0.016275431599900147 -0.001252058726971657 0.010412803314088191 0.0080617466807573115 0.0098703285722930769 0.0037393586003456707 0.017440954297147451 0.0079888930149589737 -0.00099052715052896727 -0.0018190341080790663 0.038694493395179733 0.01041115240036882 0.0046040637592883399 0.0068247387577033726 0.0020820843483922787 0.0080946821373937758 -0.0043786209200001973 0.0078272723868041648 0.01145665495734674 -0.0030566444958895511 0.0067947723246117482 0.0092276914388263014 0.011938992067652397 -0.0023115549658253324 0.0026654785172724633 0.012407384508716503 0.00193217404559888 0.018499720934958063 0.019930753175352946 0.011016816769582639 -0.0037672600891984704 0.00089428278664218297 0.024474410652478698 0.015607585503574434 0.010856543488363873 0.021523195325285197 -0.0027141986166398045 -0.0026721516738122744 -0.0051899094842896365 0.0027801869682485582 0.0084010528811357781 0.003466389349276751 0.00062861668713081549 0.011967486384969531 0.0029386990823081797 0.0030921092681069412 0.016245338047255517 0.00051431465081639739 0.010922539299122014 0.0080249241232282203 0.012275309189692694 0.025090547346719713 0.024924154398185301 0.016054024716729228 0.098866918943718934 0.031215166935368011 0.0056126345669697247 0.011031660588410177 0.0090553518486930478 0.0045997997436407817 0.0011660610365386863 0.015615727880456301
leaf_weight=85 47 1198 154 77 41 71 71 64 721 51 270 73 97 82 1332 47 3225 212 109 112 170 60 175 110 484 107 88 67 56 168 3241 1728 58 55 40 48 847 1119 13299 189 70 246 183 41 122 239 67 46 74 73 69 48 74 92 50 76 59 80 44 74 602 91
leaf_count=85 47 1198 154 77 41 71 71 64 721 51 270 73 97 82 1332 47 3225 212 109 112 170 60 175 110 484 107 88 67 56 168 3241 1728 58 55 40 48 847 1119 13299 189 70 246 183 41 122 239 67 46 74 73 69 48 74 92 50 76 59 80 44 74 602 91
internal_value=-0.000265191 -0.00157204 0.0158438 -0.00240017 0.00439751 -0.000990349 0.0258562 0.0113156 0.00359451 0.00226649 0.0308891 0.0186294 0.0167967 0.00235622 0.00356843 0.000579669 -0.00192255 0.00818686 0.0174132 0.00575654 0.0111237 0.00923688 0.00652573 0.00399116 0.00419411 0.0218436 0.0121184 0.0188991 0.0193723 0.0220728 -0.00115862 -8.11097e-05 0.0116915 0.00550264 0.0084375 0.00839041 -0.000554443 -0.000416083 -0.00357877 0.00482 0.00438476 0.0058179 0.00466856 0.00797203 0.00710448 0.00608209 0.0139213 0.0154697 0.0103306 0.0183571 0.0146154 0.0241106 0.0198374 0.0103681 0.0124457 0.0252823 0.00935662 0.0121467 0.01584 0.0111731 0.00167424 0.0274662
internal_weight=32768 30310 2458 26618 3692 12121 764 1694 3496 2697 477 196 614 2868 2147 1819 9424 1080 287 878 563 628 815 678 566 178 379 108 469 315 6199 2958 200 566 111 145 1496 2847 14497 249 511 323 517 142 334 401 393 329 120 209 142 207 122 162 91 123 271 183 124 249 649 147
internal_count=32768 30310 2458 26618 3692 12121 764 1694 3496 2697 477 196 614 2868 2147 1819 9424 1080 287 878 563 628 815 678 566 178 379 108 469 315 6199 2958 200 566 111 145 1496 2847 14497 249 511 323 517 142 334 401 393 329 120 209 142 207 122 162 91 123 271 183 124 249 649 147
cat_boundaries=0 1 2 3 4 5
cat_threshold=3976 4536 7826 4569 19
is_linear=0
shrinkage=0.05


Tree=4
num_leaves=63
num_cat=7
split_feature=0 1 10 9 0 10 10 1 22 0 25 39 41 0 22 39 17 19 6 9 41 39 25 1 19 0 10 10 0 10 14 25 22 19 0 22 4 9 17 10 6 6 17 0 21 17 6 31 9 22 0 3 31 39 22 42 21 12 17 9 41 8
split_gain=261.456 61.0564 31.3607 17.5038 14.1087 13.5345 11.9822 11.1789 8.62757 6.46207 5.81147 5.70918 5.19276 4.72648 4.56479 4.49256 4.78067 4.49835 4.35957 4.09952 3.73474 3.62207 3.83637 3.29094 3.27255 3.2387 3.0292 2.94498 3.01092 2.83155 2.79641 2.73807 2.72943 2.61375 2.42342 2.34757 2.34281 2.13416 2.10009 2.65168 2.09941 2.06802 2.31614 2.03556 2.03283 2.0067 1.99108 1.9026 1.87059 1.86822 2.77051 1.83309 1.81524 1.78743 1.85985 1.708 1.69664 1.69117 1.6805 1.64195 2.47164 1.6073
threshold=-0.32047149204880293 -0.20066978637041541 -0.35923107463166021 0.15584835573963335 -0.63961460858910513 -0.27713685857981923 -0.12390169086649604 -0.54836558451562201 -0.22311391857163684 -0.11778303565638336 0 1 411.66383101851869 -0.51082562376599172 -0.46973416009343033 2 -0.06446712512704654 0.083460584623390857 6.8130765090705729 0.33911445933448697 231.96056547619051 3 4 -0.13020167580131267 -0.032259610744018459 -0.16251892949777466 -0.4258756698201282 -0.064663728246554961 -0.20479395810076537 -0.12920613539407097 -0.71456994118792483 5 -0.66782874757604593 0.0059013574228656898 -0.13353139262452227 -0.59300523485780443 0.02535669806266139 0.11445926050421766 -0.0025108330831335453 -0.50143568764171664 8.1960557936839944 7.9526612103557737 0.29779997010607434 -0.24394336009113401 3336.2500000000005 -0.38574556519501874 7.4268393739959651 118.65000000000002 0.37368425194458915 -0.66782874757604593 0.11554431306877834 -0.22314355131420924 7.2500000000000009 6 -0.18709308410857758 0.9536672629695887 5752.5000000000009 33.500000000000007 -0.23531336963372515 0.27544559066178109 12.845580933465742 0.12592197145014536
decision_type=2 2 2 10 2 2 2 2 8 2 1 1 2 2 10 1 2 2 2 10 2 1 1 2 2 2 2 2 2 2 2 1 8 2 2 8 2 10 2 2 2 2 2 2 8 2 2 2 10 8 2 2 2 1 10 2 10 2 2 10 2 10
left_child=2 5 4 37 18 7 11 38 13 31 26 12 24 45 33 52 -17 55 -1 25 23 22 49 56 -5 30 -9 28 -21 36 44 41 58 47 61 -32 40 -3 39 -2 -10 42 43 -8 -7 -4 -35 -12 -36 50 -11 -16 -6 54 -39 57 -15 -18 -13 -20 -61 -34
right_child=1 3 8 6 15 19 9 10 29 21 14 32 -14 20 51 16 17 -19 59 27 -22 -23 -24 -25 -26 -27 -28 -29 -30 -31 35 -33 34 46 48 -37 -38 53 -40 -41 -42 -43 -44 -45 -46 -47 -48 -49 -50 -51 -52 -53 -54 -55 -56 -57 -58 -59 -60 60 -62 -63
leaf_value=0.024306741222076218 0.035017574578203446 -0.0051391812748811001 0.017919658376384668 0.012811910897287122 0.0092004725133434332 0.0068501997247868655 0.013649333867726779 0.021301611297330349 0.0061899789668043029 0.0088307788071019244 0.0076149291065105238 0.01311930277824944 0.018298690092704403 0.0095109004736962412 3.460901607863342e-05 0.019583668776727934 0.0096100568996962676 0.016426358007780157 0.023787698420153665 0.012233695530704761 0.015636126931094719 -0.004350589964690503 -0.0038578038021024209 0.0032012232118393187 0.0026454307181637583 0.00037491804435857645 0.0081740922712154867 0.0067428716523972067 0.0089421723356821452 0.0069528264062624912 0.005143965255311478 -0.00082782531956225147 -0.002162984747610982 0.0099422559300501659 -0.0007316811876950021 0.0018177383727694619 0.018131408356277631 0.0012054397281365552 0.019393831126550212 0.017977529211485172 0.010308355591090423 0.00077749918795142153 0.00089106432576173129 0.0058908054512696135 0.0043980314588328382 0.017660207461209148 0.0015718199999565355 0.01185084679076037 0.012912999252598071 -0.00041508900649669044 -0.0023077210202774984 0.0045131858739642814 0.0043959328708230369 -0.0035325296336834473 -0.003264279393709657 0.0034766223749556333 0.0057518790294667915 0.015178241377412253 0.004325831574429795 0.036598343451114172 0.044019551442167376 0.0057895497547798165
leaf_weight=42 40 9049 61 137 40 42 52 42 172 76 119 51 73 129 321 184 45 62 40 46 41 3538 3342 72 287 1120 101 243 148 314 63 699 60 72 1242 481 53 587 86 41 74 273 112 213 40 100 117 77 62 2851 59 43 73 3497 873 41 60 56 142 133 118 280
leaf_count=42 40 9049 61 137 40 42 52 42 172 76 119 51 73 129 321 184 45 62 40 46 41 3538 3342 72 287 1120 101 243 148 314 63 699 60 72 1242 481 53 587 86 41 74 273 112 213 40 100 117 77 62 2851 59 43 73 3497 873 41 60 56 142 133 118 280
internal_value=-0.00033738 -0.00145091 0.0176086 -0.00221458 0.0248862 0.00503854 -0.000933212 0.00967453 0.0119499 -0.00161154 0.00743561 0.00232548 0.00701772 0.0171013 0.00540131 0.019512 0.0220802 0.0172195 0.0328892 0.00278617 0.0133333 -0.00205534 -0.00133144 0.0110496 0.00501176 0.00170006 0.016461 0.00711187 0.0116923 0.00803746 0.00457735 0.00163333 0.0010092 0.00926166 0.000352582 0.00326605 0.0115167 -0.00345399 0.0215179 0.027378 0.00939271 0.00393343 0.00638889 0.00892857 0.0131325 0.0240432 0.00502631 0.0132995 -0.000628354 -2.66945e-05 0.00569853 0.00145205 0.00794355 -0.002619 -0.00112169 0.0121678 0.0145 0.0156373 0.00662371 0.0350856 0.0366865 0.00410557
internal_weight=32707 30797 1910 27555 834 3242 13549 1059 1076 11215 892 2334 497 463 749 501 388 204 333 2183 302 9866 6328 261 424 1746 143 437 194 613 626 1349 1837 385 1644 544 299 14006 167 81 246 650 377 265 82 161 189 196 1304 2986 135 364 113 4957 1460 142 189 101 193 291 251 340
internal_count=32707 30797 1910 27555 834 3242 13549 1059 1076 11215 892 2334 497 463 749 501 388 204 333 2183 302 9866 6328 261 424 1746 143 437 194 613 626 1349 1837 385 1644 544 299 14006 167 81 246 650 377 265 82 161 189 196 1304 2986 135 364 113 4957 1460 142 189 101 193 291 251 340
cat_boundaries=0 1 2 3 4 5 6 7
cat_threshold=56 268 2560 3976 2864 2864 2784
is_linear=0
shrinkage=0.05


Tree=5
num_leaves=63
num_cat=4
split_feature=0 10 10 0 9 9 0 10 22 39 39 8 0 10 0 9 27 41 22 22 40 23 44 12 17 39 18 22 17 12 33 41 19 9 2 22 10 22 26 0 41 15 4 26 7 20 16 39 11 18 23 33 17 41 10 23 31 17 7 11 17 7
split_gain=237.444 47.0638 31.8012 20.3463 14.0122 13.3102 9.96164 8.36357 7.99238 7.03766 5.89526 6.51224 5.53209 5.3346 4.9874 4.5538 3.72433 3.66492 3.56451 3.4497 4.17447 3.12048 3.05508 3.34086 3.00671 2.96596 2.85176 2.79145 2.74056 2.64055 2.61684 2.59843 2.54607 2.45583 3.10391 2.43025 2.406 2.393 2.54355 2.36244 2.28435 2.63429 2.2767 2.26944 2.2197 2.04597 2.02943 2.02898 2.02412 2.00198 1.9467 1.91362 1.88151 1.84107 1.78133 1.76518 1.95714 1.75764 1.72978 1.68192 1.65042 1.57327
threshold=-0.32047149204880293 -0.25026638054773404 -0.35923107463166021 -0.12263284091143499 0.21857457047118042 0.23931254943837832 -0.63961460858910513 0.045422221327654728 -0.20543575986161927 0 1 0.29658623120008121 -0.55004681768827124 -0.5607394051466893 -0.25131442828090605 0.1319104716170261 19.500000000000004 231.96056547619051 -0.39637806676534681 -0.63592248551371 4.5000000000000009 0.094201929081721772 0.18333333333333338 30.500000000000004 0.043544451155423942 2 -0.43122276782956298 -0.36886529512437322 -0.058791335103040458 50.500000000000007 29.492857142857151 4.222048611111112 1.0000000180025095e-35 0.37368425194458915 -0.22314355131421013 -0.39637806676534681 -0.39525053920685499 -0.63592248551371 30.500000000000004 -0.18232155679395354 426.9071428571429 0.19782574332992001 0.27788125854453677 50.500000000000007 7.2011834528129368 -0.046131096184225617 -0.13353139262452215 3 53.500000000000007 -0.57087293707843922 -0.45350532429576557 32.921428571428585 -0.31939733018112493 38.649958228905604 -0.10216509316104226 -0.10006501942566735 13.950000000000003 -0.19647458080324728 7.0886893878297643 55.500000000000007 -0.098705917322996259 7.906396455650424
decision_type=2 2 2 2 10 10 2 2 8 1 1 10 2 2 2 10 2 2 8 8 2 8 2 2 2 1 8 8 2 2 2 2 2 10 2 8 2 8 2 2 2 2 2 2 2 10 2 1 2 10 10 2 2 2 2 10 2 2 2 2 2 2
left_child=2 4 6 14 9 15 13 25 12 37 11 30 44 57 45 -5 -13 28 51 20 24 -15 27 -24 -16 -7 53 60 31 36 -6 -14 -18 55 -35 -17 -12 38 -2 -31 49 -42 -36 61 -4 48 -21 -37 -3 52 59 -8 -27 -20 -54 56 -10 -1 -28 -38 -11 -9
right_child=1 3 8 5 10 7 18 43 33 22 29 16 17 21 19 35 32 -19 26 46 -22 -23 23 -25 -26 40 58 -29 -30 39 -32 -33 -34 34 42 47 50 -39 -40 -41 41 -43 -44 -45 -46 -47 -48 -49 -50 -51 -52 -53 54 -55 -56 -57 -58 -59 -60 -61 -62 -63
leaf_value=0.041643115575278666 -0.0017223006200241362 0.0071452725829125449 0.017114780054987379 -0.0050886313671306364 0.0024050537841672696 -0.0009969911943132155 0.018649612754340187 -0.0022218235593940735 0.0016828715771369568 0.0067617522925058904 0.017154074849886691 0.02611845405918686 0.0071863633624269342 0.027579880979375089 0.01050927669270699 1.6659710065704542e-05 0.020175527659234131 0.016083884997220316 0.016629555293179023 0.0020770486064928999 -0.0025140964609565919 0.01670207412256609 0.011758383595173836 0.0069027843963368682 0.0064263709827757408 0.0028386200022344349 0.011796662304159825 0.0011944383830662958 0.0049808311804978543 0.010683652229052137 0.01637413041930132 0.010684116366381195 0.018054871805994126 0.013254679582412974 0.01154518860604202 -0.0023910695815461489 0.0047356794058809396 -0.0012149257593752237 0.0036291074655718267 -0.00020329070833010194 0.0027929559134419585 0.025945377288181182 -0.0040085804727090909 0.0034426043154870754 0.020242921386532782 0.003700954285938108 -0.00057588343117170545 -0.0044339321117719951 0.01025349509570121 0.0018312623735439637 0.0011042708289108797 0.021454224735013582 0.014230747049390617 0.013761012371326375 0.0043548301253873989 -0.00026326941640295259 0.0084943148730759841 0.043849709250402991 0.010262787734771746 0.0086136288539419154 0.005760390258147367 -0.0051053259084271867
leaf_weight=127 43 61 56 10393 102 738 146 2376 129 40 201 74 64 52 75 1009 70 49 63 908 63 44 61 63 58 151 42 319 138 79 79 103 59 68 79 4182 69 960 46 219 79 66 41 152 83 445 1746 3124 42 965 129 75 42 44 73 109 170 99 135 46 61 1364
leaf_count=127 43 61 56 10393 102 738 146 2376 129 40 201 74 64 52 75 1009 70 49 63 908 63 44 61 63 58 151 42 319 138 79 79 103 59 68 79 4182 69 960 46 219 79 66 41 152 83 445 1746 3124 42 965 129 75 42 44 73 109 170 99 135 46 61 1364
internal_value=-0.000292835 -0.00135439 0.0167814 -0.00196208 0.00492466 -0.00246085 0.0241727 -0.000412853 0.0111514 0.00190401 0.00918883 0.0142532 0.0158603 0.0310836 0.00166519 -0.00311829 0.0207598 0.0124789 0.0197134 0.000824271 0.00720812 0.0208247 0.00645045 0.01344 0.0122015 0.0021182 0.0158947 0.00451306 0.0103758 0.00627984 0.00766483 0.0146726 0.0154231 0.00723618 0.0119577 -0.00224567 0.00880045 -0.000514152 0.00727778 0.00270903 0.00347512 0.00941781 0.00702479 -0.00178783 0.0243214 0.00602914 0.000350281 -0.0025633 0.0123558 0.00279627 0.00542857 0.024527 0.00662921 0.0223611 0.0114224 0.00503667 0.00701667 0.0353304 0.011882 0.0101293 0.0117157 -0.00203154
internal_weight=32748 30832 1916 28112 2720 24714 827 6006 1089 1593 1127 384 493 322 3398 18708 203 354 505 2850 196 96 544 124 133 2114 284 420 305 743 181 167 129 596 188 8315 445 1049 89 298 1376 145 120 3892 139 548 2654 7306 103 1231 244 221 266 107 115 408 299 226 177 115 101 3740
internal_count=32748 30832 1916 28112 2720 24714 827 6006 1089 1593 1127 384 493 322 3398 18708 203 354 505 2850 196 96 544 124 133 2114 284 420 305 743 181 167 129 596 188 8315 445 1049 89 298 1376 145 120 3892 139 548 2654 7306 103 1231 244 221 266 107 115 408 299 226 177 115 101 3740
cat_boundaries=0 1 2 3 4
cat_threshold=3491 392 6742 8000
is_linear=0
shrinkage=0.05


Tree=6
num_leaves=63
num_cat=6
split_feature=0 1 10 9 10 9 0 10 10 39 20 10 17 17 39 25 13 17 13 22 0 9 22 1 23 22 15 17 23 1 0 9 22 5 23 40 20 17 33 10 31 31 23 19 22 17 33 13 20 42 41 13 38 30 41 9 10 39 5 19 1 39
split_gain=206.307 52.2618 32.0938 17.223 11.7797 10.5824 10.0537 9.54522 9.41057 6.05013 5.13324 4.52442 5.38166 4.30684 3.96513 3.92082 3.81775 3.635 3.22524 3.20878 3.0853 2.98605 2.83884 2.93185 2.66668 2.62953 2.96695 2.44881 2.40036 2.29124 2.16874 2.11077 2.23964 2.02687 2.15757 2.01345 2.00735 2.02095 1.98056 1.9206 1.91666 1.98214 1.90229 2.72344 1.84742 1.79787 2.28363 1.79215 1.78834 1.75153 3.33567 1.72321 1.68433 1.7866 1.66772 1.72257 1.60042 1.56374 1.54698 2.28439 2.03327 1.52831
threshold=-0.33489350148919067 -0.17185001021684251 -0.4427935986196751 0.16466742118200245 -0.27713685857981923 0.24702456215839894 -0.63961460858910513 -0.071402683685921162 -0.12639617142879442 0 0.025287348872684971 -0.40852777260033107 -0.06905705488545387 -1.0000000180025095e-35 1 2 0.80597075072488977 -1.1879172367449728 1.719200561797753 -0.20906821239663373 -0.21611789971867387 0.23564712843207761 -0.55961486201035404 -0.31015492830383934 -3.1728181804142976 -0.20906821239663373 0.068992871486951365 -0.40606546311436481 0.38441169891033217 -0.35647490392806208 -0.24394336009113401 0.21551711916094571 0.11778381690699377 6.8154803717997234 -0.37529903823418914 2.5000000000000004 -0.012115804223890336 -0.13100765325033678 33.507142857142874 0.11754188161674418 77.15000000000002 12.200000000000005 0.16618114495815209 0.061242801003283061 -0.26826059293105647 0.41863706124619149 30.335714285714285 0.78263441337956019 -0.036878539460216457 0.90754985754985762 78.759984639016906 1.5059779185907269 3 107.00000000000001 66.446654772524539 0.45808120562948756 -0.073532272830488118 4 7.7833150947913117 0.24869278639257722 0.13720259210388311 5
decision_type=2 2 2 10 2 10 2 2 2 1 10 2 2 2 1 1 2 2 2 8 2 10 8 2 8 10 2 2 8 2 2 10 10 2 8 2 10 2 2 2 2 2 10 2 8 2 2 2 10 2 2 2 1 2 2 10 2 1 2 2 2 1
left_child=2 4 6 19 5 25 10 18 9 -4 28 12 -7 29 15 30 54 -11 21 -3 -18 -5 23 -19 -17 26 36 44 -1 -8 -9 -22 49 34 -23 52 47 -38 -24 -26 41 -20 43 -13 -10 -15 -47 -2 -36 50 56 -51 -21 -54 55 57 -33 -6 59 60 -32 -35
right_child=1 3 8 7 16 11 13 14 27 17 -12 42 -14 45 -16 24 20 22 40 35 31 33 38 -25 39 -27 -28 -29 -30 -31 58 32 -34 61 48 -37 37 -39 -40 -41 -42 -43 -44 -45 -46 46 -48 -49 -50 51 -52 -53 53 -55 -56 -57 -58 -59 -60 -61 -62 -63
leaf_value=0.031855873251953971 0.0043279734036052097 -0.0015984474728643512 0.0015527311864084528 -0.00020331105125105913 0.0031814409900363509 0.027546828229102351 0.019592785541522113 0.010820574389485353 0.015394306862758875 0.018447752818966209 0.039856396678773359 0.015965901614728852 0.01735652727565103 0.010104562361189026 -0.0037472677026968611 0.01012151139144473 0.0042525036488883904 0.016738791250959503 0.0073314299670166885 -0.0041850725552173866 3.2602723414661498e-05 0.011877895913413584 0.010807837656249191 0.017325282609792672 -0.0010413536312166947 0.00010328647395134246 0.002032778675792218 0.0050275025146765528 0.040645108107456765 0.01545994797081701 0.0034988876495522002 0.0087166461103261317 -0.0016510819732940734 -0.0019387734060032028 0.014905362158748667 -0.0052507250175357128 0.0064581292852990057 0.0026756145746171475 0.014254813669355482 -0.0046259785035938491 0.0021207416614901936 0.016538849317350484 0.002310833750307753 0.0016222539441481994 0.0063904310037257344 0.0089561338657042442 0.018002015615928579 0.013556174795969662 0.00033357682250823137 0.0016458903047849038 0.023908160291903974 0.010388826484772531 -0.0031191527738379226 0.0011592124604799421 -0.0024773403778420113 0.010797949469522892 -9.5318764565774621e-05 -0.00032397914872030605 -0.0015378002641861842 0.0092409172308664904 -0.0007264039974639679 0.0037636852906651379
leaf_weight=61 46 2220 102 1389 453 82 139 58 46 57 174 89 147 65 3168 51 286 116 55 3202 396 59 281 60 1587 251 229 344 57 40 501 42 102 200 145 7028 115 103 126 2200 79 41 70 43 51 47 41 56 131 282 46 96 2151 59 421 56 54 664 1008 75 690 736
leaf_count=61 46 2220 102 1389 453 82 139 58 46 57 174 89 147 65 3168 51 286 116 55 3202 396 59 281 60 1587 251 229 344 57 40 501 42 102 200 145 7028 115 103 126 2200 79 41 70 43 51 47 41 56 131 282 46 96 2151 59 421 56 54 664 1008 75 690 736
internal_value=-0.000341625 -0.00130026 0.0160758 -0.0021061 0.00393583 0.00803165 0.025248 -0.000715871 0.0112204 0.0146568 0.0320478 0.0143403 0.0191522 0.0191892 -0.00148731 -0.000744217 0.00219386 0.0163594 0.00182475 -0.00326035 0.00419923 0.00139045 0.0153853 0.0207345 -0.00172512 0.00461922 0.00655454 0.00541855 0.0236134 0.0244722 0.000870677 0.00290481 0.0047191 0.00314072 0.00647321 -0.00357287 0.00965732 0.00689498 0.013027 -0.00188358 0.00838068 0.0130928 0.00881773 0.0123308 0.012398 0.0128896 0.0175281 0.0154369 0.00458484 0.00604606 0.0107692 0.00424802 -0.00284685 -0.00175597 0.000551723 0.00152044 0.00536082 0.00108676 0.00062857 0.00179163 0.00125419 0.00194237
internal_weight=32769 30962 1807 26833 4129 1231 624 12173 1183 742 292 431 229 332 9338 6170 2898 640 2835 14660 1304 2660 583 176 3838 800 549 441 118 179 2332 1018 622 1271 335 12440 320 218 407 3787 175 96 202 132 97 153 88 102 276 520 142 378 5412 2210 1594 1173 96 1117 2274 1266 1191 936
internal_count=32769 30962 1807 26833 4129 1231 624 12173 1183 742 292 431 229 332 9338 6170 2898 640 2835 14660 1304 2660 583 176 3838 800 549 441 118 179 2332 1018 622 1271 335 12440 320 218 407 3787 175 96 202 132 97 153 88 102 276 520 142 378 5412 2210 1594 1173 96 1117 2274 1266 1191 936
cat_boundaries=0 1 2 3 4 5 6
cat_threshold=2128 3976 2352 2 1584 2150
is_linear=0
shrinkage=0.05


Tree=7
num_leaves=63
num_cat=3
split_feature=0 1 1 1 39 22 20 22 22 13 2 8 7 13 3 0 4 7 3 17 1 0 13 2 2 33 0 2 13 39 20 19 30 4 0 22 17 19 22 7 19 17 31 22 20 31 7 30 5 2 26 12 8 31 12 13 19 3 7 24 12 13
split_gain=194.582 45.7389 24.4518 12.9168 9.53772 9.26566 8.25583 7.87898 5.27518 5.06973 5.01564 4.66161 4.54716 4.20523 3.7598 3.69821 3.45287 3.23744 3.12677 3.07601 2.78514 2.48909 2.47636 2.44595 2.42432 2.39695 2.36976 2.36579 2.29245 2.70639 2.46967 2.2698 2.20963 2.33352 2.20818 2.18041 2.07837 2.00759 1.91868 1.89062 1.83904 1.81347 1.73927 2.07412 1.73467 1.6943 1.68612 1.67235 1.56948 1.56751 1.83074 1.77352 1.50183 1.49764 2.02833 2.30392 1.61801 1.59887 1.45856 1.42164 1.41608 1.41602
threshold=-0.32047149204880293 -0.11778303565638336 -0.51082780023419472 -0.51082780023419472 0 -0.28752075610903616 0.28367777592790239 -0.59300523485780443 -0.18232130679401709 1.1764706920416448 -0.38223019570695888 0.1324867915374108 7.3132063467416488 1.0000037500093755 -0.20763936477824393 0.008978341875779618 -0.17435288714452743 8.3528467393148187 -0.31015492830383934 -0.053241691840833709 -0.19437115194218221 -0.11466384290045271 0.63461599482365882 -0.43078291609245495 -0.18232155679395443 31.850000000000009 -0.044451762570834046 -0.25082377979043974 0.85714230055730922 1 -0.058004326339448728 0.011515704491798834 1.1500000000000004 -0.60613543993381869 0.24916741467072748 -0.64966180266283013 0.17821440057662266 2.7748510712386544e-16 -0.21688218636492171 6.9262492093131094 0.52314809912218196 -0.45957014928820361 78.850000000000009 -0.81042118969799015 -0.098749598676060132 3.4500000000000006 7.8201637330951144 49.650000000000013 7.6981525023959474 -0.11440981063691157 26.500000000000004 55.500000000000007 0.31954624777710189 13.650000000000002 46.500000000000007 0.66504963267704975 -0.020590073088188356 -0.024101819885500305 7.2011834528129368 2 1.5000000000000002 0.75000006465518376
decision_type=2 2 2 2 1 10 10 8 8 2 2 8 2 2 2 2 2 2 2 2 2 2 2 2 2 2 2 2 2 1 10 2 2 2 2 8 2 2 8 2 2 2 2 10 10 2 2 2 2 2 2 2 10 2 2 2 2 2 2 1 2 2
left_child=2 3 6 15 38 11 8 32 14 20 -9 23 13 40 42 19 24 60 31 27 41 -20 -21 -5 37 -18 -14 -2 -7 -30 -31 35 33 -6 44 46 -24 -11 48 -23 -12 -4 -1 -44 -15 -43 -13 -33 58 50 -47 -51 -52 -34 55 -55 -56 -57 -3 -22 -10 -28
right_child=1 4 9 5 7 28 -8 10 17 16 12 18 26 34 -16 -17 25 -19 21 22 59 39 36 -25 -26 -27 61 -29 29 30 -32 47 53 -35 -36 -37 -38 -39 -40 -41 -42 45 43 -45 -46 49 -48 -49 -50 51 52 -53 -54 54 56 57 -58 -59 -60 -61 -62 -63
leaf_value=0.025483296701898056 0.029151819592276192 -0.0009838846590843242 0.0094396126968551985 0.0080972638163908182 0.0084741593112217985 -0.0011195786233351658 0.028652282737276963 0.004625244057732761 0.026122218092874367 0.014809945164629676 -0.0019629379046238321 0.016366420493505576 -0.0010756711121082934 0.01283572844377897 0.018645998968109576 0.004467081853042185 0.0065972170076111988 0.026448261327354651 0.0046737291551558289 -0.0044900815114919208 0.00033475252414669416 0.0087469381875784173 0.0094875839349584882 0.00010876801261026594 0.015883225945387439 0.0115505053882499 -0.0044375091708406412 0.011534765528143266 -0.0013363477425152709 0.009666426513030445 0.0018931408871180654 0.003600167447025 -0.00091568716605531478 -0.00041511483074225934 -0.0037416495533251618 0.007359999101058709 0.014115778709949884 0.0085812482336362333 -0.0050274698674846897 0.0015625507069034446 0.0053086313616679667 0.0063982583026152484 0.031089212076600883 0.020505981554234776 0.0033156705646498578 0.01133753260856143 0.006923888837054944 0.010828183679439503 -0.0034278988808142128 0.0084215540953133678 0.007372745758589744 -0.0010761088141417957 0.012770334161311162 0.0033950355255544483 0.011235241269498901 0.019015042090391759 -0.00085888484866863306 0.0083959807359077262 0.002951802152278925 0.0098459648646240863 0.016307871564198662 -0.0031332227573944008
leaf_weight=137 63 121 136 65 40 1814 78 389 42 78 3113 43 2311 46 89 79 85 50 785 43 112 101 40 993 96 62 5100 42 411 71 352 232 66 368 174 239 98 70 7484 739 43 151 41 47 609 51 42 42 931 45 86 44 40 78 52 45 63 40 146 271 104 3393
leaf_count=137 63 121 136 65 40 1814 78 389 42 78 3113 43 2311 46 89 79 85 50 785 43 112 101 40 993 96 62 5100 42 411 71 352 232 66 368 174 239 98 70 7484 739 43 151 41 47 609 51 42 42 931 45 86 44 40 78 52 45 63 40 146 271 104 3393
internal_value=-0.000417556 -0.00137606 0.0150444 0.00242732 -0.00234876 0.00186425 0.0235314 -0.00161847 0.021135 0.0112688 -0.00186705 0.00363955 -0.00201454 -0.000570749 0.0251746 0.0115437 0.0160587 0.0145685 0.0049393 0.0141812 0.00925293 0.00379766 0.0101374 0.000906514 0.0197143 0.00989865 -0.00254697 0.0209906 -0.000335977 0.00183233 0.00457373 0.00803005 0.00337317 0.000880194 0.00259638 0.0108615 0.0133813 0.0155034 -0.00368227 0.0019025 -0.00140323 0.0115253 0.0286504 0.0225843 0.0039253 0.0098445 0.0177326 0.00465454 -0.00182652 0.0122472 0.0149719 0.00672222 0.0115748 0.00631884 0.00792115 0.0114939 0.00280172 0.0171512 0.00154851 0.00595052 0.0106803 -0.00293325
internal_weight=32821 30906 1915 6294 24612 5929 588 15930 510 1327 15178 3281 14789 3985 314 365 391 196 2223 286 936 1625 181 1058 244 147 10804 105 2648 834 423 598 752 408 829 324 138 148 8682 840 3156 553 225 88 655 417 85 274 1198 266 177 89 126 344 278 163 115 85 267 383 146 8493
internal_count=32821 30906 1915 6294 24612 5929 588 15930 510 1327 15178 3281 14789 3985 314 365 391 196 2223 286 936 1625 181 1058 244 147 10804 105 2648 834 423 598 752 408 829 324 138 148 8682 840 3156 553 225 88 655 417 85 274 1198 266 177 89 126 344 278 163 115 85 267 383 146 8493
cat_boundaries=0 1 2 3
cat_threshold=23 3074 4
is_linear=0
shrinkage=0.05


Tree=8
num_leaves=63
num_cat=11
split_feature=0 10 10 9 9 39 14 39 0 39 22 22 10 10 9 25 10 19 22 21 13 6 11 31 0 5 0 22 39 18 23 10 20 20 25 10 9 24 2 23 12 11 24 22 7 41 42 2 20 27 25 11 25 13 22 27 14 6 4 2 18 24
split_gain=176.009 36.007 28.511 16.5346 15.149 14.4678 10.4663 7.76407 7.68788 6.05931 6.02527 5.47957 5.09042 4.23939 4.46287 4.13564 3.92382 3.97709 3.77987 3.51923 3.22933 4.11284 3.11107 3.10905 3.00303 4.09912 2.97338 2.73356 2.44738 2.63249 2.40861 2.35798 2.29543 2.26109 2.25198 2.23174 2.19977 2.18061 2.12392 2.07796 2.07344 2.18788 2.06279 2.21471 2.19861 2.58295 2.60572 2.04323 1.96997 1.93945 1.90408 1.89228 1.87931 2.10887 1.85589 1.97752 1.85239 2.34794 1.84497 1.79917 1.78404 1.77739
threshold=-0.28768207245178029 -0.19382336861607771 -0.35923107463166021 0.21857457047118042 0.1319104716170261 0 -0.30969933343160599 1 -0.11466384290045271 2 -0.22311391857163684 -0.78669206716589124 -0.64124254273186387 0.11515275961683537 0.38715972529701487 3 -0.31879270276569288 -0.055893600472133299 -0.66782874757604593 2025.1050000000002 1.0814521576171943 7.6161687130236766 25.500000000000004 291.05000000000001 -0.39509684730168265 7.722749525497222 -0.16251892949777466 -0.21688218636492171 4 0.25758499855763245 0.21980307603068197 0.0017278031659517803 0.00084769376967420388 0.007911645413945961 5 -0.14580194168628988 0.37368425194458915 6 -0.25082377979043974 -0.3525209841060471 48.500000000000007 39.500000000000007 7 -0.28752075610903616 7.9278817361515248 64.429456018518536 0.9842509920634922 -0.51082562376598994 0.32426486941830035 34.500000000000007 8 66.500000000000014 9 1.3715240801713524 0.028894807505429339 2.5000000000000004 -0.41746679586635155 7.8633605306974301 -0.38353347163654389 0.13255827713106297 2.1537699259027772 10
decision_type=2 2 2 10 10 1 2 1 2 1 10 8 2 2 10 1 2 2 8 8 2 2 2 2 2 2 2 8 1 8 10 2 10 10 1 2 10 1 2 10 2 2 1 10 2 2 2 2 10 2 1 2 1 2 10 2 2 2 2 2 8 1
left_child=2 3 5 15 -3 27 48 16 42 13 19 -9 -8 14 54 28 17 -5 -16 35 21 -14 -19 24 25 -21 56 30 -2 58 32 60 -1 -26 61 49 -12 39 -38 -13 41 -29 43 44 45 46 -6 -28 -7 -4 -18 -27 53 -20 55 -10 57 -17 -30 -46 -11 -15
right_child=1 4 10 7 8 6 12 11 9 31 36 37 20 34 18 26 50 22 52 23 -22 -23 -24 -25 33 51 47 40 29 -31 -32 -33 -34 -35 -36 -37 38 -39 -40 -41 -42 -43 -44 -45 59 -47 -48 -49 -50 -51 -52 -53 -54 -55 -56 -57 -58 -59 -60 -61 -62 -63
leaf_value=0.01603479583604497 -0.00052117647958144979 -0.0040669111746068831 0.013088079113740041 0.02144194375731287 0.0060006967090813412 0.031203141151492433 0.039663698857071966 0.013182413672189149 0.005131456746456816 -0.0020174877842192873 0.0013137039354361247 0.012195949219056186 0.0073715303037059782 0.0011106224805123134 0.021836823843105948 0.0062199237240310751 0.0022893988949900476 0.023015873423808304 0.0092282550764914532 0.0066218381304222239 0.017068968777019512 0.0094580009895361764 0.015993817688481769 0.0084840636542398429 0.0065376063914338173 0.01174505418479363 0.0064592109305531293 0.021896924368194182 0.0074848441135047647 0.0010846871341842165 0.0097044417002335494 -0.0046721556564711412 0.020565503205085642 0.0023474713192465513 -0.0046563440009705455 0.011330808046276709 0.010964170034531156 0.0021576259766654597 0.0070144608420436285 0.00058916437026035372 0.0024679696636974893 0.0083284769419497799 -0.00019056385184690797 0.0011447364925452862 -0.00017696450219278884 0.0011906726644513677 0.011240111834270858 -0.0018178140217598824 0.02542145315838908 0.012676952675291637 0.0095990152863840925 0.01653311955277674 0.0017773221797370417 0.015034098018071844 -0.0030479535881353732 6.7170015372970931e-05 0.0013928893307107819 0.00061903632978894073 0.0038755494421970241 0.0070418729350625806 0.0024720221068247712 -0.0026742843563502816
leaf_weight=66 133 10821 41 90 225 164 69 56 162 1656 277 83 92 901 41 57 127 66 203 115 82 64 191 41 171 184 86 48 102 145 77 3376 64 206 2081 67 47 565 103 82 76 66 948 578 271 144 54 1458 63 44 184 42 310 43 829 2394 306 45 101 68 44 1317
leaf_count=66 133 10821 41 90 225 164 69 56 162 1656 277 83 92 901 41 57 127 66 203 115 82 64 191 41 171 184 86 48 102 145 77 3376 64 206 2081 67 47 565 103 82 76 66 948 578 271 144 54 1458 63 44 184 42 310 43 829 2394 306 45 101 68 44 1317
internal_value=-0.000409654 -0.00141428 0.0130198 0.00308535 -0.00207353 0.0197371 0.0251927 0.0073218 -0.00107855 -0.00153728 0.00833458 0.00378921 0.0195292 -0.000700074 0.000474516 0.000569021 0.0113004 0.0151293 0.00445652 0.0106305 0.0159414 0.0115924 0.0118798 0.0092171 0.00842837 0.0118275 -0.000463577 0.0114338 0.00466463 0.00685237 0.0156971 -0.00289562 0.0198473 0.00533069 -0.00178954 0.0175817 0.0034229 0.00266758 0.00827814 0.00752841 0.00732984 0.0115652 0.00159895 0.00284974 0.00463958 0.00704009 0.00983928 -0.00146926 0.0338377 0.0229651 0.00735577 0.0157269 0.00335727 0.00649805 -0.000228885 0.000438012 0.00332518 0.00912621 0.0107108 0.00163235 -0.00138154 -0.000668462
internal_weight=32612 30343 2269 3877 26466 931 534 1444 15645 13357 1338 786 307 8281 3982 2433 658 347 597 911 238 156 257 759 718 341 1952 397 481 348 207 5076 130 377 4299 152 427 730 150 165 190 114 2288 1340 762 423 279 1544 227 85 311 226 556 246 3385 2556 408 102 203 339 1700 2218
internal_count=32612 30343 2269 3877 26466 931 534 1444 15645 13357 1338 786 307 8281 3982 2433 658 347 597 911 238 156 257 759 718 341 1952 397 481 348 207 5076 130 377 4299 152 427 730 150 165 190 114 2288 1340 762 423 279 1544 227 85 311 226 556 246 3385 2556 408 102 203 339 1700 2218
cat_boundaries=0 1 2 3 4 5 6 7 8 9 10 11
cat_threshold=3686 489 3976 816 2464 2416 16 19 779 693 17
is_linear=0
shrinkage=0.05


Tree=9
num_leaves=63
num_cat=7
split_feature=0 1 10 0 9 1 10 20 39 10 0 10 1 25 10 4 9 16 0 5 33 13 20 30 13 9 12 1 7 13 19 39 13 16 13 39 25 11 1 25 19 20 26 23 20 9 13 14 5 39 7 10 33 33 12 10 10 2 23 0 9 30
split_gain=149.624 37.7927 28.0704 15.165 12.5458 9.73508 8.01999 6.47761 5.16303 5.10006 4.47105 4.2459 4.06694 3.87373 3.49827 3.44883 3.18096 3.13197 3.01171 2.9867 2.75325 2.68831 2.67059 2.5428 2.52928 2.3485 2.38482 2.29408 2.27798 2.50234 2.09968 2.55305 2.02397 2.09475 1.96335 2.02253 2.12428 2.6578 1.89935 1.87139 1.73487 2.27412 1.723 1.71924 1.70256 2.05765 1.65389 2.09765 1.95235 1.64913 1.62993 1.5928 1.58349 1.58013 2.2263 1.6783 1.57774 1.56547 1.5646 1.55868 1.55682 1.54037
threshold=-0.28768207245178029 -0.16721993701542634 -0.4427935986196751 -0.51082562376599172 0.1319104716170261 -0.54836558451562201 -0.083092226447242887 0.28367777592790239 0 -0.1324126043604554 -0.37877596569047428 -0.24449705104910399 -0.12188981760903726 1 -0.7010456419452139 -0.17994166983324431 0.27302269022121101 -0.56417316685046071 -0.070768404221985368 6.698781103807331 35.50714285714286 1.5750028125100448 -0.049964826138095754 3.1500000000000008 1.3456238739465509 0.38715972529701487 64.500000000000014 -0.32038985262342029 6.6401665805382963 1.1983112349141256 1.0000000180025095e-35 2 0.80597075072488977 -0.07060060627499419 0.6500008437489454 3 4 51.500000000000007 -0.087010922444381564 5 0.015081023515824224 -0.014684853696979026 24.500000000000004 0.47009003299834223 0.040650740164949448 0.22759359022910011 1.0000037500093755 -0.91654383236045045 7.7912484184019002 6 7.8783368044339914 0.0017278031659517803 37.26428571428572 26.56428571428572 66.500000000000014 0.15299498458091956 -0.092462631989914432 -0.53474846288928812 -0.46262352194811307 -0.08004020767024532 0.33911445933448697 5.6500000000000012
decision_type=2 2 2 2 10 2 2 10 1 2 2 2 2 1 2 2 10 2 2 2 2 2 10 2 2 10 2 2 2 2 2 1 2 2 2 1 1 2 2 1 2 10 2 8 10 10 2 2 2 1 2 2 2 2 2 2 2 2 10 2 10 2
left_child=2 5 3 7 49 9 16 14 18 17 12 13 28 15 -1 23 38 -2 -8 60 40 39 42 27 43 -14 -27 -7 -4 46 31 59 -24 -34 -13 -36 -37 44 -6 -20 41 -5 -12 -16 45 -38 47 -30 -49 -3 -50 -10 -21 54 -41 -55 -47 -40 -52 -15 -18 -19
right_child=1 4 10 20 6 11 8 -9 51 -11 22 34 25 30 24 -17 19 61 21 52 -22 -23 32 -25 -26 26 -28 -29 29 -31 -32 -33 33 -35 35 36 37 -39 57 53 -42 -43 -44 -45 -46 56 -48 48 50 -51 58 -53 -54 55 -56 -57 -58 -59 -60 -61 -62 -63
leaf_value=0.047485988874468615 0.028808478489977942 -0.0050963619244959171 0.0020819794337746541 0.010430414708697964 0.0018492823145078625 0.010886537454681523 0.0027543957707778029 0.02704997448435047 -0.0014235668956475169 -0.00070411043104633803 0.0073008200052136598 -0.00030957856551218615 0.0035563239822853075 0.0079850973591219804 0.01338778454451278 -0.00037988354731305525 0.0087935101930616717 0.01565715280979656 -0.003889336567091767 0.0029909437470640992 0.013643904695713025 0.0099054872558952886 0.0005513491504630703 0.014603710422414921 0.015887958054958937 0.0099560337767726648 0.014873538406792031 0.0036965445550434014 0.014184581635584427 0.013565333272787333 0.0010974681694148588 0.0013798700485485604 0.0076724466891155757 0.0029896254820900685 -0.00016335715501329662 0.00045491489007893124 0.00093837751749924864 0.0058814176139553856 0.0053651178036873233 0.0040993530443386274 0.0060690041493384889 0.011949929178974319 0.0081861410851913514 0.0096490214199630858 -0.00048463221418269256 0.0096212516181259835 0.0037719692987812333 0.0076529860264737881 0.016803967710540969 -0.0036309775362393716 0.011304394301338743 -0.003771193072893521 0.013069114801619647 0.0010734846120775841 -0.003217447751732651 -0.001954980475450408 0.003368306006475709 -0.00087859901150401246 0.0038139407203511052 0.0060653856012306759 0.022377875924320636 0.01599728092458914
leaf_weight=131 45 3115 41 43 748 43 772 83 1523 67 68 950 154 147 79 56 53 93 1404 590 44 47 274 90 60 66 41 81 59 200 457 200 93 174 479 357 139 289 50 127 102 99 77 47 147 53 56 162 42 7828 59 5829 56 877 83 1407 58 1708 51 100 137 70
leaf_count=131 45 3115 41 43 748 43 772 83 1523 67 68 950 154 147 79 56 53 93 1404 590 44 47 274 90 60 66 41 81 59 200 457 200 93 174 479 357 139 289 50 127 102 99 77 47 147 53 56 162 42 7828 59 5829 56 877 83 1407 58 1708 51 100 137 70
internal_value=-0.000471135 -0.00140623 0.0118062 0.0202612 -0.00208765 0.00317312 -0.00116825 0.0265586 -0.00176844 0.0122283 0.00819839 0.00248697 0.010456 0.0049617 0.0231604 0.0101423 0.000999101 0.0160766 -0.000472717 0.00366786 0.0114533 -0.00103269 0.00512373 0.0133953 0.0185561 0.00513359 0.010787 0.00864 0.0125186 0.0132619 0.00325683 0.00572545 0.00349631 0.00658582 0.00131015 0.00242285 0.00363852 0.00526542 0.000107697 -0.00117723 0.00930612 0.0128671 0.0111301 0.0143307 0.00267588 0.00517928 0.0110581 0.0122594 0.0105714 -0.00338222 0.0146405 -0.00259541 0.00204018 -0.000347307 0.00379147 -0.000730855 0.0102232 -0.000790223 0.0112613 0.00897287 0.0091623 0.0127134
internal_weight=32580 30275 2305 688 26354 3921 15411 400 12069 275 1617 3646 931 1174 317 270 3342 208 4717 836 288 3945 686 214 186 261 107 124 670 629 904 447 541 267 2472 1522 1043 686 2506 3898 244 142 145 126 397 250 429 373 314 10943 152 7352 646 2494 210 2284 111 1758 110 247 190 163
internal_count=32580 30275 2305 688 26354 3921 15411 400 12069 275 1617 3646 931 1174 317 270 3342 208 4717 836 288 3945 686 214 186 261 107 124 670 629 904 447 541 267 2472 1522 1043 686 2506 3898 244 142 145 126 397 250 429 373 314 10943 152 7352 646 2494 210 2284 111 1758 110 247 190 163
cat_boundaries=0 1 2 3 4 5 6 7
cat_threshold=2944 568 6920 2566 202 1163 20
is_linear=0
shrinkage=0.05


Tree=10
num_leaves=63
num_cat=9
split_feature=0 10 10 39 9 20 0 39 10 0 8 39 13 13 0 8 22 10 4 12 22 22 22 23 23 2 2 25 22 42 39 37 0 41 14 31 16 13 30 21 6 25 5 16 16 2 18 2 19 18 41 0 6 25 13 8 25 2 16 39 9 26
split_gain=142.684 34.3891 21.6412 14.8884 13.0666 11.237 9.69733 5.54914 5.0351 4.93881 4.78493 4.47601 4.77388 4.29162 4.29111 4.20727 4.05552 3.97406 3.8426 3.60423 3.59801 3.54392 3.45269 3.27799 3.2719 4.33672 3.25344 2.95172 2.89205 2.83174 2.70282 2.5103 2.39256 2.29952 2.86162 2.27383 2.25758 2.22587 2.22215 2.20685 2.19501 2.12386 2.85628 2.51387 2.04046 1.97206 1.97036 1.9363 1.86356 1.79444 2.65218 1.78976 1.77061 1.74285 1.733 1.71631 1.67254 1.67185 1.64492 1.642 1.66239 1.60634
threshold=-0.36338146474657579 -0.2163241960958677 -0.4427935986196751 0 0.24702456215839894 0.1535801087033434 -0.12263284091143499 1 -0.073532272830488118 -0.71117335662225656 0.21671767435722986 2 0.84611641810243909 0.76470847751628346 -0.11466384290045271 0.31954624777710189 -0.55961486201035404 -0.32954593480515587 -0.35710030434972356 53.500000000000007 -0.50901714223797823 -0.41321406126647847 -0.66782874757604593 -2.214807798748839 -0.074422374076721351 -0.59282615845024444 -0.17224562919162476 3 -0.18709308410857758 0.81302966101694929 4 55.500000000000007 -0.16251892949777466 660.44247311827974 -1.0428480362666817 8.2500000000000018 0.063041322183747819 1.4999973970634455 3.350000000000001 1975.8350000000003 8.1474100362429507 5 7.7671469712553609 0.063041322183747819 0.11553561387805857 -0.07410797215372121 0.4068237640100843 -0.41645825406338094 0.028043857376972122 -0.40227291766231699 49.921254960317462 -0.81093021621632866 8.1474100362429507 6 1.0000037500093755 0.1324867915374108 7 -0.1650802938374136 0.057537173150834293 8 0.21402916996246121 32.500000000000007
decision_type=2 2 2 1 10 10 2 1 2 2 10 1 2 2 2 10 8 2 2 2 8 10 8 8 8 2 2 1 8 2 1 10 2 2 2 2 2 2 2 10 2 1 2 2 2 2 8 2 2 8 2 2 2 1 2 8 1 2 2 1 10 2
left_child=2 4 5 6 11 10 22 15 16 -7 -1 12 56 47 55 49 19 44 36 35 39 32 -3 -22 46 51 58 48 31 52 -18 -16 -13 34 -32 -4 -14 -29 -21 -15 53 42 43 45 -17 -31 -12 -8 -9 -6 -51 -26 -24 -28 -27 -5 -2 -30 -25 -34 -61 -52
right_child=1 3 8 14 7 9 13 27 -10 -11 24 21 18 20 28 17 30 -19 -20 38 23 -23 29 26 25 54 40 37 57 41 33 -33 59 -35 -36 -37 -38 -39 -40 -41 -42 -43 -44 -45 -46 -47 -48 -49 -50 50 61 -53 -54 -55 -56 -57 -58 -59 -60 60 -62 -63
leaf_value=0.0016266848377661835 0.0039256292672946481 0.008303386847943307 0.0061857885374685916 -0.0016270607400158427 0.011964595673633255 0.03408226266178567 0.0070549582590866081 0.014446918294295877 0.0051932215604343496 0.0097191299442376863 0.023591276469493376 0.0048302130490408121 0.010052488798313677 0.017803720337093803 -0.0020205515996871699 0.024440384190317382 0.0036314733036395958 0.0068252221626785266 0.0024437928184941654 0.020074204588603841 0.0043382439419588662 -0.001749604017008102 0.0076135137929084808 0.0068986059714437852 0.064057779284358102 0.013095671028200351 0.00089547155923136402 0.0036693838793823569 -0.0008136072931662577 0.011260707679411387 0.01116937765515235 0.0041505391428827594 0.0033377612477838029 0.017663591863696839 0.0083611278472609917 0.01350955399983376 0.0042537882266738911 0.0061019887949271658 0.01719226172683605 0.002957774371547239 -0.0042831762239271603 0.00047118735417693233 0.00012546277273030134 0.001724529585971182 0.013224268419944521 0.0098137324472388279 0.016124419442377424 -0.0027721735232203106 0.061787256048247745 -0.0023405081223024887 0.019184648856412547 0.011686130063680581 0.003766200640697315 -0.0020762482115740631 0.0071505031030149801 0.00038498078154571334 -0.00036053856665267539 -0.0046198193072661568 0.00029031370866657789 -0.0017475452708325618 0.0050080081253404468 0.0081847771432622864
leaf_weight=43 163 137 57 585 54 90 72 66 264 48 59 280 72 49 1883 91 127 83 87 50 130 980 53 249 49 82 1509 504 594 49 59 71 261 57 295 51 54 52 40 379 1593 1157 235 103 45 111 42 6526 43 56 40 94 40 1177 79 1033 248 9376 323 316 64 47
leaf_count=43 163 137 57 585 54 90 72 66 264 48 59 280 72 49 1883 91 127 83 87 50 130 980 53 249 49 82 1509 504 594 49 59 71 261 57 295 51 54 52 40 379 1593 1157 235 103 45 111 42 6526 43 56 40 94 40 1177 79 1033 248 9376 323 316 64 47
internal_value=-0.000495909 -0.00124352 0.0141273 -0.00184691 0.00334627 0.0217547 -0.000694815 0.00794362 0.00964036 0.0342446 0.0178396 0.00137569 0.00500787 -0.00121877 -0.0030259 0.012459 0.0117639 0.0175227 0.0111449 0.0178894 -0.000174678 0.000154288 0.00263786 -0.000552992 0.0195197 0.0168197 -0.000763604 0.00484467 -0.00335598 0.00203545 0.00948052 -0.00159591 0.00238069 0.0113626 0.0100845 0.0115596 0.0166929 0.00320988 0.0252747 0.00421911 -0.00123715 0.00155495 0.00424361 0.00789773 0.0227737 0.0118012 0.027402 -0.00207456 0.012125 0.00739899 0.00440972 0.0231597 0.0104787 -0.00036472 0.0110802 -0.00061149 0.00192961 -0.00370073 0.00277487 0.000693145 -0.00140665 0.00982954
internal_weight=32626 31040 1586 27434 3606 586 13892 1081 1000 138 448 2525 624 12007 13542 416 736 219 213 198 5409 1901 1885 4981 405 304 4851 665 11924 1748 538 1954 921 411 354 108 126 556 90 428 4279 1655 498 263 136 160 101 6598 109 197 143 143 93 2686 161 1618 411 9970 572 641 380 87
internal_count=32626 31040 1586 27434 3606 586 13892 1081 1000 138 448 2525 624 12007 13542 416 736 219 213 198 5409 1901 1885 4981 405 304 4851 665 11924 1748 538 1954 921 411 354 108 126 556 90 428 4279 1655 498 263 136 160 101 6598 109 197 143 143 93 2686 161 1618 411 9970 572 641 380 87
cat_boundaries=0 1 2 3 4 5 6 7 8 9
cat_threshold=3976 392 4188 24 6208 304 2928 3184 2816
is_linear=0
shrinkage=0.05


Tree=11
num_leaves=63
num_cat=10
split_feature=0 10 0 9 20 39 10 0 8 39 11 10 25 13 25 0 9 0 9 14 39 9 21 25 7 41 18 17 10 0 25 20 31 26 7 21 6 21 17 10 31 17 17 9 44 19 23 10 38 27 13 39 20 39 31 11 11 27 26 10 27 14
split_gain=124.566 35.2394 20.8725 14.4812 12.5726 11.395 8.43728 7.85547 6.56127 4.85504 4.27923 4.17578 3.79254 3.50724 3.26783 3.22618 2.98224 2.95279 2.82398 2.74495 2.98195 2.68463 2.63374 2.59468 2.4352 2.58294 2.35558 2.26128 2.21957 2.16351 2.09245 2.19046 2.08374 2.51035 2.06583 2.00589 2.03669 2.73342 1.95747 1.8977 1.84913 2.03467 4.4261 1.79579 1.81842 1.74063 1.68498 1.65626 1.64686 1.6223 1.61829 1.84202 1.50818 1.49305 1.47275 1.52992 1.47258 1.97909 1.3874 1.35872 1.34552 1.31977
threshold=-0.36338146474657579 -0.25026638054773404 -0.55004681768827124 0.14036393492246529 0.28367777592790239 0 -0.7010456419452139 -0.048790164169431265 0.33635539186069635 1 35.500000000000007 -0.066908666365069078 2 1.1764706920416448 3 -0.21611789971867387 0.3578513118059426 -0.16251892949777466 0.47712552636134503 -0.45464543770981786 4 0.10707490261491501 1423.5100000000002 5 8.1242391571511039 54.470738636363642 -1.8876798732004116 -0.048478131868226741 -0.12639617142879442 -0.12516314295400607 6 0.060514801261422023 6.1500000000000012 34.500000000000007 7.9206284777153018 1850.4450000000004 7.6998437127932764 2067.3350000000005 -0.026797358644356947 0.056228324873122577 1.0500000000000003 0.0025737121155119396 -0.36498661132782056 0.1806396431769455 1.0000000180025095e-35 -0.09902102579427785 0.087011376989629921 -0.10725945273214287 7 22.500000000000004 0.78263441337956019 8 -0.027518350781577525 9 186.90000000000003 50.500000000000007 21.500000000000004 19.500000000000004 36.500000000000007 -0.34929059831850301 12.500000000000002 0.081809725628055233
decision_type=2 2 2 10 10 1 2 2 10 1 2 2 1 2 1 2 10 2 10 2 1 10 8 1 2 2 10 2 2 2 1 10 2 2 2 8 2 10 2 2 2 2 2 10 2 2 10 2 1 2 2 1 10 1 2 2 2 2 2 2 2 2
left_child=2 5 4 29 6 12 27 14 21 11 47 16 35 28 15 34 30 24 56 46 -21 -7 -23 -13 25 45 -17 -1 -8 -3 31 43 -18 -34 39 -2 37 -37 -16 -5 -24 42 -42 -9 -45 -14 59 60 -19 -47 53 -52 -43 -31 58 -56 -10 -58 -50 -12 -4 -15
right_child=1 3 10 7 -6 8 13 9 18 -11 19 23 17 61 38 26 32 48 -20 20 -22 22 40 -25 -26 -27 -28 -29 -30 50 -32 -33 33 -35 -36 36 -38 -39 -40 -41 41 52 -44 44 -46 49 -48 -49 54 -51 51 -53 -54 -55 55 -57 57 -59 -60 -61 -62 -63
leaf_value=0.039800644978066402 0.00082489567188966876 -0.0006057300190203122 0.012045522319618125 0.010240341238845695 0.023650622129112314 -0.0026451502339722745 0.011858695839990559 -0.002699522297227887 0.022301325330331117 -0.0030954725900274888 0.015610980889593076 0.00019956643149600872 0.012878814871831408 0.014397978288420689 0.00098414888811569319 0.0028479743240669916 0.0087670653006906973 -0.00359122344843028 0.02428997423465894 0.012888178098689217 0.0046480131997955372 0.0040864993357859515 0.0095447847665188056 -0.0028708054607263435 -0.0006019973088729145 0.00021393053781872302 0.0012951276272357079 0.035596864057142262 0.0047602662447188415 -0.0048060001492358333 -0.00067797325884809585 -0.0042413984410492973 0.018142162881095627 0.0092811036221497681 0.0032837332368641915 0.0083741472226353548 0.0034816261423584686 0.012257332722965544 -0.0008142462858967644 0.0088076397580762727 0.0054107264396701295 0.0080223679446393744 0.011123037030578327 0.0099976197837173091 0.008474220090180189 0.00079974145031988281 0.0068633749706128429 -0.00093786330542756707 -0.002105341083172175 0.0083034981938861462 0.0003568693736826676 -0.0032087079962776609 0.0018739449152096151 -0.0035005399043612551 0.00027324646378400251 0.0052274162463095582 0.019500552989242255 0.0084760420366652069 0.0037285458526685176 0.010238396274899548 0.0051786408588523191 0.012510204296679837
leaf_weight=70 88 890 78 118 95 83 216 50 41 4921 41 1998 41 107 1285 40 106 285 53 120 199 175 54 3364 161 129 870 60 60 3706 548 81 54 72 119 66 173 40 2010 62 70 60 65 100 50 78 55 120 467 105 408 2435 91 4829 120 81 56 65 241 44 230 60
leaf_count=70 88 890 78 118 95 83 216 50 41 4921 41 1998 41 107 1285 40 106 285 53 120 199 175 54 3364 161 129 870 60 60 3706 548 81 54 72 119 66 173 40 2010 62 70 60 65 100 50 78 55 120 467 105 408 2435 91 4829 120 81 56 65 241 44 230 60
internal_value=-0.00058185 -0.00127463 0.013223 -0.00181492 0.0198954 0.00398408 0.017047 -0.000816456 0.00896238 -0.00151785 0.00818131 -0.000608487 0.00197747 0.013705 0.000950054 0.00315983 0.00225518 0.000965677 0.0165509 0.0115326 0.00892187 0.0063606 0.00770349 -0.00117658 0.00413592 0.0064548 0.00170143 0.0282443 0.0101805 -0.00310457 0.000849396 0.0042637 0.00725322 0.0115748 0.00768333 0.00652116 0.00876786 0.0142056 0.000128553 0.0110497 0.0102639 0.00860627 0.0130515 0.00721393 0.00993377 0.00968889 0.0173759 0.00456876 -0.000393307 0.00752717 -0.00329027 -0.00225563 0.00457237 -0.00363461 0.000657608 0.00443069 0.0131288 0.0102049 -0.000409028 0.0218023 0.00650485 0.0194345
internal_weight=32559 31004 1555 28116 668 2888 573 15848 813 11344 887 6423 2075 443 4504 1209 1061 1708 215 459 319 598 515 5362 514 353 910 130 276 12268 829 281 232 126 299 367 279 106 3295 180 340 286 135 200 150 224 140 428 1194 183 11378 2843 151 8535 909 201 162 121 708 85 308 167
internal_count=32559 31004 1555 28116 668 2888 573 15848 813 11344 887 6423 2075 443 4504 1209 1061 1708 215 459 319 598 515 5362 514 353 910 130 276 12268 829 281 232 126 299 367 279 106 3295 180 340 286 135 200 150 224 140 428 1194 183 11378 2843 151 8535 909 201 162 121 708 85 308 167
cat_boundaries=0 1 2 3 4 5 6 7 8 9 10
cat_threshold=7715 3496 568 2096 264 2352 340 2 3332 30
is_linear=0
shrinkage=0.05


Tree=12
num_leaves=63
num_cat=14
split_feature=1 0 0 2 10 10 39 39 22 22 3 17 20 39 1 5 24 39 39 0 22 22 41 22 6 41 25 1 11 22 37 2 17 23 41 39 0 26 41 39 2 20 20 25 6 17 12 12 1 25 25 42 12 10 44 41 41 25 33 27 24 11
split_gain=123.655 30.4295 28.5241 12.0993 10.1015 9.27268 8.03469 5.98087 4.62512 4.17576 4.61641 3.92677 3.85891 3.83219 3.78078 3.19962 3.15713 3.69023 3.28829 2.98562 2.84543 2.78706 2.71752 2.41303 2.39449 2.37807 2.30319 2.20744 2.19814 2.47089 2.0906 2.12095 2.02068 1.98728 1.91004 1.90519 2.36134 2.0872 1.88614 1.86647 1.74283 1.84918 1.71589 1.67957 1.70787 1.75277 1.67552 2.18448 1.665 1.75211 1.63362 2.1975 1.61848 2.76584 1.89242 1.59496 1.53252 1.53203 1.53185 1.53179 1.53002 1.61016
threshold=-0.32038985262342029 -0.59086833143952633 -0.21611789971867387 -0.20168849437215106 -0.30987354668273864 -0.5607394051466893 0 1 -0.42871697973730688 1.0000000180025095e-35 -1.0000000180025095e-35 -0.0025108330831335453 0.078202032035325567 2 -0.73396917508019965 7.4235946338924217 3 4 5 -0.019802627296178873 -0.20543575986161927 -0.22881477068136713 426.9071428571429 -0.16547483608556821 7.5706783575982941 3.1112007168458784 6 -0.1427449851411273 56.500000000000007 -0.69296029960093908 41.500000000000007 0.030459207484708543 -0.20288579052521552 0.91629073187415533 4.984250992063493 7 -0.37877596569047428 20.500000000000004 646.86562881562884 8 -0.51082562376598994 -0.0065872006477387538 0.023947196833529263 9 7.9593675311355216 0.016515603371870306 42.500000000000007 20.500000000000004 0.01410603662138721 10 11 0.96850198412698429 51.500000000000007 -0.12081747307334155 1.0000000180025095e-35 48.894342037890432 674.75334174022703 12 26.56428571428572 52.500000000000007 13 50.500000000000007
decision_type=2 2 2 2 2 2 1 1 8 8 2 2 10 1 2 2 1 1 1 2 8 8 2 8 2 2 1 2 2 10 10 2 2 8 2 1 2 2 2 1 2 10 10 1 2 2 2 2 2 1 1 2 2 2 2 2 2 1 2 2 1 2
left_child=1 5 16 13 7 12 20 11 22 10 42 28 32 25 -9 33 18 23 21 43 30 34 27 52 26 -4 39 -8 55 -30 48 -32 -1 -16 -2 46 37 -37 40 60 41 -27 -7 44 45 -10 47 -6 49 -5 -23 -52 54 -54 -18 -3 58 -15 -41 -36 61 -21
right_child=2 4 3 6 35 9 8 14 19 -11 -12 -13 -14 57 15 -17 17 -19 -20 24 -22 50 -24 -25 -26 38 -28 -29 29 -31 31 -33 -34 -35 59 36 -38 -39 -40 56 -42 -43 -44 -45 -46 -47 -48 -49 -50 -51 51 -53 53 -55 -56 -57 -58 -59 -60 -61 -62 -63
leaf_value=0.033974151589431401 0.0062984238894072319 0.012899200109080234 0.01330261442812665 -0.0026362172517541364 0.0048899188284968814 0.0069352918450726695 0.0039014928681017089 0.024461879263800911 0.0039237479132070065 0.0031357782657300279 0.017246135970016528 0.0055343072814876574 0.027114176559497397 0.0016056546642918565 0.010529073953686343 0.011023277633654353 0.0073448564149606807 6.8421846245152255e-05 0.0021712358132399863 0.00085187250441767738 -0.00399106404115 0.0021337146601771314 0.0138457040492777 0.0029568382308798155 -0.003611789673818928 0.010672524729030325 -0.0033231115823031 -0.00015159521231368977 0.017755481405589472 0.0029239781492768351 -0.00044810634394270291 0.0042562831666613241 0.0235480000611374 0.0063572275543697281 0.012821236212214411 0.00051195378280409823 0.0012673605327309524 0.0096054626159058701 0.014694102222993978 0.0018883275698609475 0.0011188843268844257 0.00034948224799040108 0.012321672262898278 -0.0013893504991073864 -0.0017963194870882146 5.3726699107953921e-05 0.0040485103046464894 0.0098224731716217446 -0.0046585679385325379 0.0012485744189539151 0.0096908536020108727 0.0023123045680635917 0.012275718067964894 0.0022906792529927712 -0.0014817671545079693 0.0016228124720381856 0.0062157033551641372 -0.0008514477781361385 -0.0020740840574312038 0.0084439571478238593 0.0011208986315302447 0.0084774916016518587
leaf_weight=46 50 94 77 277 92 44 229 68 359 57 45 299 107 678 105 146 79 658 310 46 7783 121 51 266 6611 59 2251 1168 42 42 52 45 79 53 119 46 527 76 51 123 605 59 57 2761 483 444 248 91 512 483 125 74 55 41 48 43 46 1427 1025 48 429 57
leaf_count=46 50 94 77 277 92 44 229 68 359 57 45 299 107 678 105 146 79 658 310 46 7783 121 51 266 6611 59 2251 1168 42 42 52 45 79 53 119 46 527 76 51 123 605 59 57 2761 483 444 248 91 512 483 125 74 55 41 48 43 46 1427 1025 48 429 57
internal_value=-0.000557176 0.0103468 -0.00142699 -0.00183581 0.00769893 0.022305 -0.00219032 0.0116349 -0.00151392 0.0143873 0.0188435 0.00762712 0.0291416 0.00119039 0.0165535 0.0145246 0.00435088 0.00256045 0.00666084 -0.00178157 -0.00337335 0.00906022 0.00118012 0.00581 -0.00222306 0.00399652 -0.00125314 0.000761801 0.0128153 0.0191765 -0.00127372 0.0057653 0.0228175 0.00949685 0.0136009 0.00444033 0.00258333 0.00886179 0.0032 0.000126654 0.00253453 0.00806723 0.0126961 -0.000626236 0.00086353 0.00228234 0.00700226 0.010788 -0.00181461 -0.000328516 0.00623053 0.00883333 0.00975446 0.0146392 0.00597656 0.00880435 -0.000970956 3.5443e-05 -0.0013403 0.0161607 0.00255985 0.00776316
internal_weight=32592 2407 30185 28191 1972 435 25235 892 16083 203 146 520 232 2956 372 304 1994 1147 847 14635 9152 537 1448 489 10588 851 3977 1397 221 84 1369 97 125 158 217 1080 649 122 774 1726 723 118 101 4047 1286 803 431 183 1272 760 320 199 223 96 127 137 1194 2105 1148 167 532 103
internal_count=32592 2407 30185 28191 1972 435 25235 892 16083 203 146 520 232 2956 372 304 1994 1147 847 14635 9152 537 1448 489 10588 851 3977 1397 221 84 1369 97 125 158 217 1080 649 122 774 1726 723 118 101 4047 1286 803 431 183 1272 760 320 199 223 96 127 137 1194 2105 1148 167 532 103
cat_boundaries=0 1 2 3 4 5 6 7 8 9 10 11 12 13 14
cat_threshold=23 7730 472 18 4492 4032 2864 392 2080 2832 1796 199 2864 16
is_linear=0
shrinkage=0.05


Tree=13
num_leaves=63
num_cat=5
split_feature=0 1 10 1 9 9 2 18 39 39 10 20 18 16 10 9 24 9 10 1 1 3 3 10 1 7 13 0 14 12 0 42 7 3 39 11 23 39 26 21 21 21 41 2 13 4 7 21 12 12 13 0 23 3 10 42 13 44 13 18 20 10
split_gain=114.273 35.5696 19.2889 10.0964 10.0895 7.35133 5.02998 4.66895 4.39345 4.00031 3.88644 3.8511 3.71515 3.3984 3.35801 2.7226 2.66837 3.06125 3.2681 2.42764 2.41044 2.36767 2.36187 2.35202 2.32197 2.24685 2.14255 2.06379 2.03063 2.14173 2.00293 1.98767 2.0124 1.94241 1.92716 2.67191 1.96918 1.92378 1.83104 2.12538 2.01035 1.76059 1.734 2.35774 1.70386 1.82254 1.64684 2.17077 2.46034 1.62919 1.55723 3.26151 2.33391 1.52136 1.64399 1.48056 1.41579 2.65057 1.84081 1.39012 1.38235 1.37112
threshold=-0.37877596569047428 -0.11874189226645358 -0.50143568764171664 -0.31015492830383934 0.1319104716170261 0.42415499519305194 -0.7436351392299464 -1.0808198097495783 0 1 -0.25026638054773404 0.070680897427835135 -0.033268059416225342 0.041021739255594721 0.11515275961683537 0.15484173982970798 2 0.27302269022121101 -0.33952613894097622 -0.73396917508019965 -0.10536051565782543 -0.074361293621711053 -0.45675840249571426 -0.040214238119403493 -0.73396917508019965 7.8863484323932598 0.58333416666666682 -0.19415601444095773 -0.32668423025505006 48.500000000000007 -0.10390910349246239 0.83063885267275106 7.7983905989489486 -0.37469344944141042 3 45.500000000000007 -0.33647223662121262 4 22.500000000000004 5752.5000000000009 4693.9650000000011 2197.5000000000005 50.587449596774199 -0.28618319266397835 0.79999935135065015 -0.09531017980432431 8.1885696344793555 3056.2500000000005 26.500000000000004 2.5000000000000004 0.98876374354402696 -0.22314355131420924 -2.214807798748839 -0.25850479467554827 -0.31879270276569288 0.90754985754985762 0.80000029999985012 0.18333333333333338 1.0256420512820514 0.66633580140415039 -0.088063996059027719 -0.12639617142879442
decision_type=2 2 2 2 8 10 2 10 1 1 2 10 10 2 2 10 1 10 2 2 2 2 2 2 2 2 2 2 2 2 2 2 2 2 1 2 8 1 2 8 10 10 2 2 2 2 2 10 2 2 2 2 8 2 2 2 2 2 2 8 10 2
left_child=2 3 5 6 37 7 13 -1 23 24 21 -7 22 -2 16 -14 17 46 -19 -9 38 28 25 -6 -8 -5 -26 -20 29 -4 59 32 -17 -32 35 -24 -37 -3 39 -12 -40 -23 43 56 -33 55 47 -10 -49 -21 -16 -52 -53 54 -30 -46 57 -11 -58 -28 -29 -38
right_child=1 4 10 12 8 11 9 19 14 42 20 -13 15 -15 50 31 -18 18 27 49 -22 41 34 -25 26 -27 30 60 53 -31 33 44 -34 -35 -36 36 61 -39 40 -41 -42 -43 -44 -45 45 -47 -48 48 -50 -51 51 52 -54 -55 -56 -57 58 -59 -60 -61 -62 -63
leaf_value=0.015468956938408938 0.030587569009878735 -0.00456496004017888 0.0077024729447063194 0.010587844711330507 -0.00048992021859956014 0.034225231910367061 0.017045307806425984 0.016240889568906489 6.5366134213325523e-05 -7.4806800315861234e-06 0.0054760849303968342 0.027263436433953132 -0.0017433358412387524 0.0092866657351495206 -0.0032640396863079612 0.019093631784583162 -0.0014614803675309319 0.011973172540626749 0.010179664111981044 0.0070544323541037422 0.0033583059218166727 0.01834033071857067 0.0014411434986921566 -0.003404779980148541 0.0081476673578667943 0.0014302771910983158 0.0066760137645200668 0.013759820440118649 0.01002665872296968 0.011825588715943421 0.0076697732376112522 -0.0009565374968561216 0.0026854092584390876 0.0031475413979244848 0.0011014500669429537 0.0073594254663358633 0.0083031723007176046 -0.0031441690478688049 0.010215071863313925 -0.0014187429782552942 0.013013819880987633 0.0073094998404657583 -0.00021799294709252934 0.0016330733162677154 0.0052306666493738977 -0.00018302102376423305 -0.0022232526306702636 0.0059656462457606182 0.0035946255215675883 0.008194510049022408 0.015204869353626103 0.0085020639581425122 -0.0015063190845208659 -0.00090405868447953816 0.013035687835601356 0.0017006761265125443 0.010021468938678217 0.011662049762912772 0.0037971452103048226 0.0096614292412455088 0.0019065360471313673 0.001089240171825654
leaf_weight=65 45 2984 73 83 1246 74 44 52 1124 111 93 92 1268 42 3053 46 2014 113 57 67 201 66 278 3518 89 76 106 113 138 52 55 763 87 146 1283 44 59 7331 155 49 45 41 253 386 67 398 743 48 162 99 44 45 1491 45 45 360 64 50 74 53 800 105
leaf_count=65 45 2984 73 83 1246 74 44 52 1124 111 93 92 1268 42 3053 46 2014 113 57 67 201 66 278 3518 89 76 106 113 138 52 55 763 87 146 1283 44 59 7331 155 49 45 41 253 386 67 398 743 48 162 99 44 45 1491 45 45 360 64 50 74 53 800 105
internal_value=-0.000638159 -0.00127403 0.0130695 0.00203931 -0.00213083 0.0216778 0.00560237 0.0166725 -0.00128363 0.00488478 0.00919821 0.0300599 0.000938388 0.0172159 -0.000675801 -0.000165553 0.000199033 0.00110375 0.00326107 0.0130594 0.00631434 0.0125813 0.00264904 -0.00252775 0.00850198 0.00846875 0.00756667 0.0023172 0.0105508 0.0156746 0.00927978 0.0011295 0.00697761 0.00591584 0.00212147 0.00476861 0.00913875 -0.00332736 0.00886297 0.00447552 0.0119403 0.0191204 0.00285564 0.00419096 0.000635619 0.00220944 -1.68443e-05 0.00103371 0.0056872 0.01 -0.00165408 -0.000379508 -0.000767731 0.00768559 0.00970109 0.0044743 0.00751667 0.00429012 0.011223 0.0134687 0.00173413 0.00654545
internal_weight=32773 31321 1452 6435 24886 449 1518 283 14571 1431 1003 166 4917 87 9807 2989 5174 3160 1083 218 543 460 1928 4764 493 159 449 970 353 125 360 1721 133 201 1769 486 208 10315 342 142 200 107 938 685 1588 825 2077 1334 210 166 4633 1580 1536 228 183 427 299 161 138 159 913 164
internal_count=32773 31321 1452 6435 24886 449 1518 283 14571 1431 1003 166 4917 87 9807 2989 5174 3160 1083 218 543 460 1928 4764 493 159 449 970 353 125 360 1721 133 201 1769 486 208 10315 342 142 200 107 938 685 1588 825 2077 1334 210 166 4633 1580 1536 228 183 427 299 161 138 159 913 164
cat_boundaries=0 1 2 3 4 5
cat_threshold=4119 392 19 1288 20
is_linear=0
shrinkage=0.05


Tree=14
num_leaves=63
num_cat=12
split_feature=1 0 1 10 9 0 2 0 18 8 13 22 7 21 13 7 22 21 39 17 4 41 39 25 17 25 9 39 1 24 5 25 44 39 39 24 41 39 7 14 22 8 41 41 27 22 13 41 7 13 24 21 5 16 9 10 3 1 19 22 10 3
split_gain=100.172 22.9184 22.6769 12.6945 11.0888 6.86102 6.25793 4.16837 4.04956 4.66161 3.74988 3.74385 3.60531 3.6007 4.32808 3.25915 3.11394 4.8556 3.09613 2.73731 2.70274 2.59982 2.5128 2.75994 2.40781 2.39263 2.30623 2.27504 2.2309 2.14472 2.16973 2.03222 1.9716 1.93178 1.86528 1.77213 2.01475 1.77002 1.82408 1.68489 1.61466 1.75975 1.61265 1.63195 1.52427 1.49275 1.73179 1.66764 1.49171 1.48399 1.4516 1.67648 1.44674 1.69286 1.43213 2.15895 1.42656 1.40841 1.38033 1.80733 1.74307 1.37633
threshold=-0.31015492830383934 -0.16705309741520044 -0.73396917508019965 -0.39525053920685499 0.1319104716170261 -0.43507889402295635 -0.16831897521691894 -0.59086833143952633 -0.72626496319167622 0.47863843561724911 0.83333541666666677 -0.081752960802294175 7.385373905085947 3204.0000000000005 1.5750028125100448 7.0437498504350655 -0.3362637233372438 2951.3150000000005 0 -0.31939733018112493 -0.75377147149433099 360.86718750000006 1 2 0.3478358996804628 3 0.48528873579167525 4 -0.068089458059128902 5 6.4964503951237598 6 1.0000000180025095e-35 7 8 9 3.5655913978494627 10 7.8201637330951144 0.98641189956258446 -0.87372937832189967 0.34585864983527798 9.0938750000000024 50.587449596774199 23.500000000000004 -0.1269230890070818 0.50921493374108062 3.792385057471265 6.6549689797268554 0.81579429695940742 11 3001.2500000000005 8.0415985386592705 1.0000000180025095e-35 0.24132111075805393 -0.27001681615874412 -0.4418320379928144 0.041385216162854295 0.011515704491798834 -0.13975807762592288 -0.38284401152957409 0.047630737515431239
decision_type=2 2 2 2 8 2 2 2 8 10 2 10 2 8 2 2 10 8 1 2 2 2 1 1 2 1 10 1 2 1 2 1 2 1 1 1 2 1 2 2 10 8 2 2 2 10 2 2 2 2 1 10 2 2 10 2 2 2 2 8 2 2
left_child=2 7 3 15 28 8 18 12 9 40 54 13 -2 14 25 -1 17 19 45 -9 24 -21 -22 -24 -12 -8 32 48 -3 30 -15 37 -17 -32 -13 36 -10 38 -19 -29 -4 -42 -25 -44 -28 46 -6 -47 -18 -30 -27 -52 53 -37 -7 -56 -33 -31 59 60 -20 -58
right_child=1 4 5 -5 6 10 11 16 35 -11 20 34 -14 29 -16 26 27 31 58 21 22 -23 23 42 -26 50 44 39 49 57 33 56 -34 -35 -36 52 -38 -39 -40 -41 41 -43 43 -45 -46 47 -48 -49 -50 -51 51 -53 -54 -55 55 -57 61 -59 -60 -61 -62 -63
leaf_value=0.018335889571142489 0.011403662203164805 -0.0013238126682442719 0.011188339875300947 0.0095762949226980351 -0.0015547838480873767 0.0010386867154866539 -0.0013025400330671675 0.0094032656310172272 0.013369441309426048 0.019218579209407963 0.015159519667315101 -0.0022040175062067874 0.014958552914094406 0.018640434815743716 0.0064934893833728559 0.01686987341609315 0.0037155863457647847 0.0062131087777439744 0.0098425873507084777 0.002327652133337698 0.0024276745013088541 0.010343881860386537 0.003257366889391944 0.0064254060122269172 0.011375231972051016 -0.0009090966641250106 0.039839300144929306 0.003002774485096938 -0.0042426072743504328 -0.0011468452554705745 0.0018589944942169834 0.0057698361748742787 0.026559239455589263 -0.0018809375536124756 -0.0041895710843052212 0.0041375937256577467 0.0035206403446903104 0.001005710729597598 0.0029733122199941528 -0.0027733276398682486 0.0015736840882708888 0.0083378021520104529 0.010867608890936596 0.0095522238201553814 0.042264993735788063 0.0089102581925747746 0.0077942206034932295 -0.0012171783131783207 -0.001223267989659646 -0.0026522402157200227 0.0022772370890022926 0.010282645979467818 0.0094787627883726154 0.013730161042128479 0.010793808255809365 0.0029614843579677179 -0.00086861789009047173 -0.0039538229780016702 -0.00090770252686242807 -0.00014797897581846835 0.0027962895468534358 0.0019429425773550783
leaf_weight=54 82 2368 53 95 83 415 630 78 42 42 67 3373 52 59 70 74 51 215 57 136 279 48 226 73 49 195 53 548 6953 1798 844 87 55 1620 1872 67 179 274 211 96 44 42 48 76 44 58 381 226 622 1966 776 45 48 66 140 227 389 2099 921 544 282 159
leaf_count=54 82 2368 53 95 83 415 630 78 42 42 67 3373 52 59 70 74 51 215 57 136 279 48 226 73 49 195 53 548 6953 1798 844 87 55 1620 1872 67 179 274 211 96 44 42 48 76 44 58 381 226 622 1966 776 45 48 66 140 227 389 2099 921 544 282 159
internal_value=-0.000565999 -0.00136906 0.00893318 0.0202793 -0.00182947 0.00697573 -0.000979981 0.00274188 0.0116181 0.0178297 0.00527795 -0.00141272 0.0113333 -0.000741061 0.00129295 0.0256228 0.00234305 0.00382666 0.00128868 0.010038 0.00764347 0.00664865 0.00645804 0.0088364 0.0147009 0.000771098 0.0282819 0.000542487 -0.00302844 -0.00128485 -0.000144042 0.00260105 0.0235 -0.000373226 -0.00245425 0.00878412 0.00493534 0.00443038 0.00645309 0.00264122 0.01325 0.00885057 0.0132933 0.01744 0.0343367 0.00396574 0.00576344 0.00115789 -0.00148392 -0.0033907 0.00225901 0.00317909 0.012474 0.0103358 0.00279693 0.00506793 0.000503095 -0.00201766 0.000154269 0.00156674 0.00442647 -0.00043716
internal_weight=32826 30268 2558 375 27220 2183 15933 3048 583 181 1600 13381 134 8136 1716 280 2914 1597 2552 262 818 184 702 423 116 1646 226 1317 11287 6420 2523 1335 129 2464 5245 402 221 700 426 644 139 86 197 124 97 748 464 284 673 8919 1016 821 181 133 782 367 635 3897 1804 883 339 548
internal_count=32826 30268 2558 375 27220 2183 15933 3048 583 181 1600 13381 134 8136 1716 280 2914 1597 2552 262 818 184 702 423 116 1646 226 1317 11287 6420 2523 1335 129 2464 5245 402 221 700 426 644 139 86 197 124 97 748 464 284 673 8919 1016 821 181 133 782 367 635 3897 1804 883 339 548
cat_boundaries=0 1 2 3 4 5 6 7 8 9 10 11 12
cat_threshold=456 3602 1733 142 7203 17 3440 3584 3976 25 7968 8
is_linear=0
shrinkage=0.05


Tree=15
num_leaves=63
num_cat=10
split_feature=1 0 0 9 1 39 9 6 2 9 13 25 16 33 5 0 22 39 9 41 19 30 13 41 13 0 12 44 22 8 42 6 19 4 25 21 17 22 39 39 25 7 4 0 19 30 17 13 16 39 24 42 31 0 42 22 4 42 5 3 25 0
split_gain=79.5528 22.4003 20.878 9.78131 6.6732 6.49011 5.07703 4.20985 4.11307 3.84174 3.59337 3.19921 3.10809 2.89844 2.94511 2.61267 2.50376 2.47096 2.40649 2.39648 3.09695 2.29178 2.19095 2.36709 2.14887 2.52726 2.07225 2.19476 2.04026 3.24198 2.37277 1.87748 1.81091 2.02181 1.66892 1.84741 1.6416 1.59994 2.16974 1.55699 1.54967 1.61122 1.91257 1.52143 2.35011 1.46341 1.43131 1.42768 1.38965 1.38326 1.79772 1.35216 1.32358 1.32 1.67112 2.04943 1.3188 1.31557 1.53852 1.29755 1.27349 1.47317
threshold=-0.32038985262342029 -0.71117335662225656 -0.18896706402641913 0.10707490261491501 -0.051292652940192689 0 0.35322272405048621 6.9613428385588474 -0.7436351392299464 0.25704647033720945 2.5909391534391539 1 -0.17185025692665942 27.421428571428574 7.5859591948592788 -0.48550529174475571 -0.18232130679401709 2 0.35322272405048621 28.005084745762712 -0.15273387113471823 35.45000000000001 0.87035854733035767 282.00983606557389 1.1000008999982003 -0.55004681768827124 35.500000000000007 0.31666666666666671 -0.69296029960093908 0.30878336222147335 0.92172181372549034 7.7984953334667875 -0.013456174239332321 0.014388451737732845 3 1212.0000000000002 -0.63560352234022277 -0.17429350331932739 4 5 6 7.0713022010522923 0.18178587073417421 -0.048790164169431265 -0.19183937902864936 1.5500000000000003 -0.15442649672619715 0.78263441337956019 -2.2393781305662155 7 8 0.98449519230769245 2.850000000000001 -0.36338146474657579 0.87596153846153857 -0.7111257361435106 -0.1381499352548485 0.7898981324278439 6.4213395844552759 0.21622397053934475 9 0.13171093620002775
decision_type=2 2 2 8 2 1 10 2 2 8 2 1 2 2 2 2 10 1 10 2 2 2 2 2 2 2 2 2 8 10 2 2 2 2 1 8 2 10 1 1 1 2 2 2 2 2 2 2 2 1 1 2 2 2 2 10 2 2 2 2 1 2
left_child=1 7 6 47 10 8 37 -1 12 17 16 13 -3 14 21 -10 26 31 -9 20 -7 -11 -15 57 32 -26 27 39 29 45 34 60 33 -8 35 -30 -22 38 40 -5 -2 42 -42 44 -19 -17 -41 -4 -49 50 51 52 -28 54 -38 -56 -27 -24 -59 -25 -6 -62
right_child=2 5 3 4 9 19 24 18 15 11 -12 -13 -14 22 -16 28 -18 43 -20 -21 36 -23 23 59 25 56 49 -29 30 -31 -32 -33 -34 -35 -36 -37 53 -39 -40 46 41 -43 -44 -45 -46 -47 -48 48 -50 -51 -52 -53 -54 -55 55 -57 -58 58 -60 -61 61 -63
leaf_value=0.0083390648281602472 0.0099645580368211521 0.021655000955826516 -0.0035221238164872258 6.6047710979827298e-05 -0.00304236765911799 0.013187854839244907 0.01131534112386441 0.017539553236374253 0.0099697715779718012 0.010378041068942523 0.012197837623578234 -0.0023822397151504748 0.013374915233852411 -0.0019621765296906728 0.002100437516164145 -0.0028704012057533053 -0.0012529581503660436 0.0027254212780589795 0.026142999568518711 0.00060154812637572925 0.0095086161871360611 0.0021453739972538744 0.0058645053958425036 0.012258669038111932 0.016861517236330333 0.015453644993359739 0.00017221766428851429 0.0064473238365727716 0.019257282295266256 0.016253668906969863 0.0041930032384568834 -0.0033502302351120479 0.0024085119967215953 0.0018689267476075017 0.0040229999734745208 0.0056875263327969853 -0.00020315442570093602 -0.00011017714937334311 0.001045356388279186 0.0057755396643890591 0.0080137254567785848 0.0016054444016386155 0.0080461565223064625 -0.0036954050748617588 -0.0012090468539856778 0.0063907638950370773 0.00125390763826448 0.004333458116947529 -0.002289642513398383 -0.00081581058591815756 -0.0014511651408461535 -0.00027315410983041495 0.0065019985622344042 0.0017974591020808919 0.0075980921232955403 0.0012649841973665079 0.0057749941441816955 0.012345665514257259 -0.00032913167669806204 0.0068494445446258146 0.00090604900914735196 -0.0024603065159563352
leaf_weight=51 115 46 6269 506 711 45 76 52 210 52 55 1996 55 1088 188 40 2238 41 164 441 42 40 40 43 40 59 89 66 43 61 496 1765 149 47 114 66 40 595 776 229 95 454 42 4698 729 40 468 41 1810 1203 311 122 213 321 49 55 71 88 840 51 1288 605
leaf_count=51 115 46 6269 506 711 45 76 52 210 52 55 1996 55 1088 188 40 2238 41 164 441 42 40 40 43 40 59 89 66 43 61 496 1765 149 47 114 66 40 595 776 229 95 454 42 4698 729 40 468 41 1810 1203 311 122 213 321 49 55 71 88 840 51 1288 605
internal_value=-0.000644607 0.00805715 -0.00134066 -0.00173451 -0.00113413 0.00636489 0.00301786 0.0216978 0.00887902 -0.00170464 0.000345391 -0.00048114 0.0185784 0.000737402 0.00551601 0.00802988 0.000215753 -0.00225503 0.0247465 0.00327191 0.00549729 0.0127957 0.000116224 0.00173095 0.0078781 0.0122807 0.00111128 0.0026811 0.00679442 0.0122887 0.00570139 -0.00135731 0.00509157 0.00955645 0.00997768 0.0142083 0.00436024 0.00198027 0.00285907 0.00218854 0.00483961 0.00364618 0.00844203 -0.00296405 -0.000907913 0.00555555 0.0036935 -0.00319542 -0.00197354 8.25156e-05 0.00177614 0.00386207 0.00574257 0.00348712 0.00744827 0.0107619 0.00877862 0.000990711 0.000602798 0.00926316 -0.000506719 0.000175944
internal_weight=32833 2431 30402 27883 19763 2164 2519 267 1171 14263 5500 4426 101 2430 280 1070 5445 9837 216 993 552 92 2150 1062 442 170 3207 1269 860 141 719 4369 272 123 223 109 507 2077 1482 1203 706 591 137 5468 770 80 697 8120 1851 1938 735 424 302 465 144 104 130 968 928 94 2604 1893
internal_count=32833 2431 30402 27883 19763 2164 2519 267 1171 14263 5500 4426 101 2430 280 1070 5445 9837 216 993 552 92 2150 1062 442 170 3207 1269 860 141 719 4369 272 123 223 109 507 2077 1482 1203 706 591 137 5468 770 80 697 8120 1851 1938 735 424 302 465 144 104 130 968 928 94 2604 1893
cat_boundaries=0 1 2 3 4 5 6 7 8 9 10
cat_threshold=1416 2364 4032 2457 6916 675 2560 3648 19 140
is_linear=0
shrinkage=0.05


Tree=16
num_leaves=63
num_cat=6
split_feature=1 0 1 9 10 10 22 9 10 40 17 13 9 0 20 22 25 25 24 20 13 19 25 10 17 1 17 24 44 33 10 24 22 20 3 22 1 6 13 11 41 1 31 9 1 12 22 2 31 20 8 23 8 4 20 13 23 41 33 9 3 13
split_gain=74.2899 21.6868 18.4786 10.5263 7.71198 7.44066 7.12448 5.096 5.77769 4.70205 3.53444 3.49329 3.33026 3.25102 3.10611 2.94899 2.40893 2.39451 2.31273 2.28034 2.22828 2.13432 2.02408 2.7294 1.9945 1.99215 1.96855 1.94555 1.90893 1.87535 1.8751 1.81153 2.04048 2.15239 1.73569 1.70153 1.69965 1.69604 1.67282 1.67197 1.65857 2.00187 1.99674 1.68857 1.64802 1.55956 1.53393 1.49698 1.47732 1.61187 1.45017 1.44947 1.4362 1.38315 1.37066 1.74818 1.45865 1.36707 1.31093 1.30329 1.29052 1.28449
threshold=-0.35647490392806208 -0.14995184700254646 -0.73396917508019965 0.103934032392984 -0.46134942823948538 -0.095094430301661412 -0.94585240459905207 0.36259348719499368 -0.25026638054773404 1.5000000000000002 -0.63560352234022277 1.5558046836073745 0.24327619237569317 -0.45675840249571514 -0.0089073151850096125 0.017453552888560459 0 1 2 0.070680897427835135 0.98876374354402696 -0.050779906529263959 3 0.16616382341459171 -0.65543327905666404 -0.20971999044123632 1.2107368232868934 4 1.0000000180025095e-35 26.492857142857151 -0.0087581539188472651 5 -0.22329261199262615 -0.013718979519926075 0.20325462728598567 -0.14604509782981293 -0.23085559399674069 8.1707304029469956 1.2727274276861267 81.500000000000014 3232.5579093432011 0.10271153957604275 5.8500000000000014 0.36821765263334361 -0.065801568637811933 33.500000000000007 -0.1269230890070818 -0.17224562919162476 4.5500000000000016 0.05472537964697835 0.3847960423581232 0.38441169891033217 0.41752622003614326 -0.60613543993381869 -0.010519261181364165 1.294119723171179 -0.63800765956723626 2.4512966476913349 29.428571428571434 0.16267854923538502 -0.22314355131420924 0.81579429695940742
decision_type=2 2 2 8 2 2 8 10 2 2 2 2 10 2 10 10 1 1 1 10 2 2 1 2 2 2 2 1 2 2 2 1 10 10 2 10 2 2 2 2 2 2 2 10 2 2 8 2 2 10 10 8 10 2 10 2 8 2 2 10 2 2
left_child=2 7 4 60 10 12 21 24 36 11 58 15 17 18 -13 20 35 39 37 51 40 -4 23 25 27 -10 61 38 -19 -22 34 32 33 -26 -11 -14 -9 52 -2 44 41 42 -7 -44 -5 -23 -6 -27 -30 57 -45 -12 -8 -38 55 -15 -56 -50 -1 -41 -3 -18
right_child=1 3 6 5 46 9 13 8 22 30 19 14 16 54 -16 -17 26 28 -20 -21 29 45 -24 -25 31 47 -28 -29 48 -31 -32 -33 -34 -35 -36 -37 53 -39 -40 59 -42 -43 43 50 -46 -47 -48 -49 49 -51 -52 -53 -54 -55 56 -57 -58 -59 -60 -61 -62 -63
leaf_value=0.020798161069780913 -0.00051605723930965043 -0.00037840439994756139 0.018603911858852434 0.002353565483579026 0.010118615676336694 -0.0019250717316330445 0.0064909906414681341 0.0096316568823568115 0.0090376524401026889 -0.0014808149446031158 0.020286731755968547 0.01250106352331215 0.003247150068805433 0.0049231920769226105 0.0010406051119646394 -0.0032549428488749424 0.0041768422941354305 -0.0017711009937288827 0.0049097059319109012 0.033870633101272363 0.0052604703780398353 0.0041417034550631331 -0.0011898884473255864 -0.0013507273101652046 0.0058597212023407839 0.011843240075409775 0.012463699065314866 0.0047595865436330532 -0.0016451370207308605 0.00097355358781387933 -0.0036988733701648654 4.2033535842639027e-05 -9.9666984365602042e-05 0.0023468596998209635 0.0050046777769299222 -0.0026954155915276663 0.020407941622585912 0.0095718337649074985 0.0061043790753341765 0.0038979782989390817 0.0088456706218295097 -0.0022303785199221655 0.00073485526401097679 0.012874486370898381 -0.001110314848639002 0.015325509094014339 -0.0011536145450761854 0.0032586377465217246 0.0042874860018657047 0.0059507327521943201 0.0031070751758193555 0.023895731549611443 0.011576366987021681 0.017502223138361004 0.0096435023696576083 0.0094370814753574669 0.0025116187607355099 0.0002269939609554848 0.02767966903787469 0.00036631770618292801 -0.0036176434095317907 0.0091241383141163496
leaf_weight=40 154 453 48 225 63 913 86 45 48 1331 43 46 320 350 80 3142 308 1745 216 48 68 40 173 59 265 41 41 189 377 1033 4638 1858 390 437 56 172 41 43 49 48 43 2130 1557 40 228 51 41 80 48 83 40 60 75 56 50 77 657 306 57 50 7047 341
leaf_count=40 154 453 48 225 63 913 86 45 48 1331 43 46 320 350 80 3142 308 1745 216 48 68 40 173 59 265 41 41 189 377 1033 4638 1858 390 437 56 172 41 43 49 48 43 2130 1557 40 228 51 41 80 48 83 40 60 75 56 50 77 657 306 57 50 7047 341
internal_value=-0.000684989 -0.00129794 0.00854105 -0.00180212 0.0189518 -0.00118728 0.00636659 0.00219377 0.00668198 -0.00170889 0.0237349 -0.000990873 0.000649894 0.00538907 0.00724409 -0.00110739 0.00290786 -0.000208937 0.00914489 0.0187171 -0.000441203 0.0171786 0.00359453 0.0065272 0.00146276 0.0100294 0.00477889 0.00480916 -0.000854087 0.00158348 -0.00279207 0.0010166 0.00262013 0.0042532 -0.00117796 0.000178925 0.0153147 0.0129302 0.00109813 0.00274911 -0.000913422 -0.00100406 -5.88017e-05 0.000985957 0.00150881 0.0124457 0.00742857 0.00651639 0.0011411 0.00311644 0.00802469 0.0142788 0.0110802 0.0190306 0.00399119 0.00622663 0.00263418 0.0016338 0.0312755 0.00868687 -0.00339288 0.00416154
internal_weight=32839 30794 2045 26909 352 19409 1693 3885 543 15117 248 9092 4292 1554 126 8966 1182 3110 420 151 5824 139 401 228 3342 169 690 392 2559 1101 6025 2950 1092 702 1387 492 142 204 203 551 4723 4680 2550 1637 453 91 104 121 814 437 80 103 161 97 1134 427 707 354 97 98 7500 649
internal_count=32839 30794 2045 26909 352 19409 1693 3885 543 15117 248 9092 4292 1554 126 8966 1182 3110 420 151 5824 139 401 228 3342 169 690 392 2559 1101 6025 2950 1092 702 1387 492 142 204 203 551 4723 4680 2550 1637 453 91 104 121 814 437 80 103 161 97 1134 427 707 354 97 98 7500 649
cat_boundaries=0 1 2 3 4 5 6
cat_threshold=2435 304 6 3384 10 18
is_linear=0
shrinkage=0.05


Tree=17
num_leaves=63
num_cat=9
split_feature=1 1 9 22 10 22 1 41 20 39 3 39 41 10 10 39 22 31 4 9 13 30 19 21 25 39 16 42 41 33 9 25 5 18 1 1 5 13 42 42 33 10 7 38 10 2 22 13 23 39 25 20 31 3 17 18 42 18 1 42 5 31
split_gain=62.7602 15.7809 12.618 8.21627 6.64062 6.03564 5.33152 4.90524 4.16431 3.7817 3.11219 3.09714 2.99338 2.97563 2.95129 2.90592 3.5414 3.38865 3.94204 2.72595 2.53641 2.51783 2.40638 2.2358 2.18945 2.14975 2.44813 2.14015 2.965 3.73139 2.11145 2.09816 1.99794 1.74516 1.69311 1.63653 1.6097 1.57831 1.55864 1.55423 1.54863 1.59527 1.71078 1.53909 1.5304 1.5066 1.44481 1.4355 1.42219 1.39245 1.73822 1.43427 1.3324 1.3216 1.296 1.24644 1.24506 1.23222 2.22672 1.22548 1.22486 2.22595
threshold=-0.26826398659467982 -0.73396917508019965 0.10707490261491501 -0.40546528667962484 -0.39525053920685499 -0.7111257361435106 0.0040072213968986867 660.44247311827974 0.078202032035325567 0 -0.50314029836129126 1 2677.42641509434 -0.27713685857981923 -0.7010456419452139 2 -0.76186219708003511 13.650000000000002 -0.54415163166525182 0.23081129905633596 1.2000015000037503 7.7500000000000018 -0.017526943636510969 985.50000000000011 3 4 0.027398974188114548 0.88975694444444453 7.692309907834102 31.464285714285719 0.25304882570249715 5 7.5663063118688898 0.56122990762496838 -0.13975698957884439 -0.090678094890522573 8.006408711448401 1.5059779185907269 0.93700396825396837 0.84344362745098056 26.935714285714294 -0.055716597180183396 6.7048439760925769 6 0.038340451664789839 0.098440032403802405 0.13984758814446716 0.86538544748680746 0.11219229999589332 7 8 0.090074778990299934 31.050000000000004 0.29879249255806611 0.43934969206404034 -0.31603631007912741 0.63733075435203113 -1.4822819967397958 -0.39914701637582345 0.92031746031746053 6.9183243935063006 199.40000000000001
decision_type=2 2 10 8 2 8 2 2 10 1 2 1 2 2 2 1 10 2 2 10 2 2 2 10 1 1 2 2 2 2 10 1 2 10 2 2 2 2 2 2 2 2 2 1 2 2 10 2 8 1 1 10 2 2 2 10 2 10 2 2 2 2
left_child=1 4 35 7 8 14 10 15 36 12 11 -5 13 20 -3 44 17 38 -19 49 52 -10 37 -22 25 26 32 -16 29 -29 -15 40 46 34 -13 55 -1 39 -17 -11 48 42 -42 -34 -4 -20 -12 -30 -21 50 51 -8 -7 -50 -18 -2 -26 58 -41 -28 61 -37
right_child=2 5 3 6 -6 9 19 -9 21 22 24 33 -14 30 27 16 54 18 45 31 23 -23 -24 -25 56 -27 59 28 47 -31 -32 -33 43 -35 -36 60 -38 -39 -40 57 41 -43 -44 -45 -46 -47 -48 -49 53 -51 -52 -53 -54 -55 -56 -57 -58 -59 -60 -61 -62 -63
leaf_value=0.016112279212802491 0.00073540920454756055 0.018331513023655099 0.00084380312735822635 0.00014571033504898903 0.0070917766735246806 0.0020906070019867371 -0.00045473727852149567 0.014597128355460551 0.015638264677298407 0.0094041173439352813 0.0052934872032314069 0.012655579153945643 0.015118490350355646 -0.001754279796906893 0.00091788395514540416 0.0081207155816413849 0.0019210849833434297 0.014216325476569341 0.0048370660361056524 -0.0013547626132253618 0.0082785603391113891 0.026237269469114807 0.0012547988102500662 0.0081814823284053258 0.0055632260899863249 -0.00090087128015168205 0.0043796837610809757 0.010450953538429848 -0.00032541125398346453 0.011392491868867446 0.0051735320970287199 -0.0026375867827169081 0.0022425727226174671 0.002912414358023821 0.0056096017923559817 -0.0020581422196968729 0.048665336189685049 0.0072962931863343426 -0.0013611856154926558 0.01358035268983953 0.039194162260696608 -0.0014332061832905822 0.0019208148319281228 -0.00065990911728715067 -0.0037266153819988214 0.0079005680262341782 0.00034131316767289878 0.0075911118493729281 0.0059468434368167939 -0.0034684548920915024 -0.0029490828082736013 0.0033108916071283678 0.0087831386107962133 0.0033499684226208286 -0.00058232209915094031 -0.0017098267297319782 -0.0014318561374597359 0.0015568373321167381 0.0020768821135490785 -0.0012820380316466307 -0.0036927607375774382 0.0083260194521331925
leaf_weight=99 329 45 561 273 86 111 930 78 68 68 381 47 42 92 87 54 1121 40 96 49 40 53 979 48 46 1503 232 62 59 62 360 1989 432 92 57 494 53 52 105 44 47 1763 241 332 343 40 125 100 59 3409 1720 60 81 83 286 878 3896 395 61 800 6481 44
leaf_count=99 329 45 561 273 86 111 930 78 68 68 381 47 42 92 87 54 1121 40 96 49 40 53 979 48 46 1503 232 62 59 62 360 1989 432 92 57 494 53 52 105 44 47 1763 241 332 343 40 125 100 59 3409 1720 60 81 83 286 878 3896 395 61 800 6481 44
internal_value=-0.000718376 0.00599269 -0.00143409 -0.000791415 0.0158472 0.00471854 -0.00116766 0.00177248 0.0196533 0.00374263 -0.000216625 0.00373404 0.00659872 0.00592087 0.0102764 0.00140536 0.00258984 0.00721726 0.0119774 -0.00192252 0.00996441 0.0265984 0.00230124 0.0169663 -0.000456248 0.000399632 0.00135754 0.00876011 0.0108627 0.01664 0.00339956 -0.000946362 0.00283241 0.00830918 0.0131429 -0.00309712 0.0139869 0.0047504 0.00190625 0.00397188 0.000106523 -0.000294835 0.00314879 0.00121569 -0.000896176 0.00781022 0.00526627 0.00628125 0.00440104 -0.00259722 -0.00172731 -4.99512e-05 0.00668394 0.00692308 0.00150213 -0.00139487 -0.00128004 0.00299401 0.00778302 -0.000445306 -0.0033896 -0.00109462
internal_weight=32663 3147 29516 21290 359 2788 18566 2724 273 2373 8216 469 774 732 415 2646 1742 335 176 10350 280 121 1599 88 7747 3805 2302 370 283 124 452 4231 1270 196 104 8226 152 620 159 568 2242 2051 288 764 904 136 506 159 191 6119 2710 990 192 142 1407 1207 3942 500 105 1032 7019 538
internal_count=32663 3147 29516 21290 359 2788 18566 2724 273 2373 8216 469 774 732 415 2646 1742 335 176 10350 280 121 1599 88 7747 3805 2302 370 283 124 452 4231 1270 196 104 8226 152 620 159 568 2242 2051 288 764 904 136 506 159 191 6119 2710 990 192 142 1407 1207 3942 500 105 1032 7019 538
cat_boundaries=0 1 2 3 4 5 6 7 8 9
cat_threshold=392 3619 241 2872 8064 2868 9 4032 2384
is_linear=0
shrinkage=0.05


Tree=18
num_leaves=63
num_cat=7
split_feature=1 9 1 10 9 7 22 1 27 41 22 25 7 4 22 20 10 2 18 39 41 10 25 37 2 8 10 7 1 15 41 23 23 9 25 5 22 25 25 40 13 10 1 20 15 15 13 33 30 26 19 13 12 21 12 5 19 25 6 23 8 5
split_gain=60.5508 13.4502 11.5138 10.1453 7.23822 7.09707 6.93621 5.90221 4.14679 3.47108 2.88441 2.85662 3.52022 2.8147 2.74969 2.61767 2.24523 2.21345 2.15786 2.13252 3.5328 2.50404 3.19003 2.05961 2.72934 2.02659 2.0072 1.89132 1.95223 1.92819 1.87209 1.81754 1.81044 1.80635 1.80146 2.06054 1.80133 1.77414 1.73623 1.68958 3.50881 2.64457 1.66902 1.66518 1.66091 1.64464 1.64247 1.68165 2.12471 1.59993 1.592 2.32646 1.58288 1.56455 1.97761 2.05422 1.51289 1.48133 1.47139 1.43846 1.35543 1.34245
threshold=-0.31015492830383934 0.13946453316283153 -0.73396917508019965 -0.18969309627051298 0.36259348719499368 7.3750725309829042 -0.78669206716589124 -0.084557388028062327 57.500000000000007 411.66383101851869 0.020619797406556954 0 7.9003608749810637 -0.87546873735389974 -0.18232130679401709 -0.021856915817022541 -0.59350397251175468 -0.38223019570695888 0.76859198879742263 1 695.07675438596505 -0.11497311253603824 2 35.500000000000007 0.048790289169447838 0.57436081868682398 -0.28442270469364667 8.0157345689890569 0.021190886092326004 0.087066343185474807 44.443803879310352 0.11743203529096859 0.53899650073268734 0.071001547356519368 3 7.5554661260639646 -0.096725679235496256 4 5 1.5000000000000002 1.5750028125100448 -0.015446471663576487 0.029853257267242309 0.098294308044278716 -0.41984444123764225 -0.30367863209335372 1.3208891449992384 29.921428571428574 24.750000000000004 49.500000000000007 -4.0450738535673406e-17 1.4285721938802844 13.500000000000002 3169.5000000000005 32.500000000000007 7.5263919598363245 0.010518977465726912 6 9.1899154991483822 -0.28710768984984408 0.058095766197292967 6.9565812848714135
decision_type=2 10 2 2 10 2 8 2 2 2 10 1 2 2 8 8 2 2 8 1 2 2 1 10 2 10 2 2 2 2 2 10 8 8 1 2 10 1 1 2 2 2 2 10 2 2 2 2 2 2 2 2 2 10 2 2 2 1 2 10 8 2
left_child=2 14 5 4 15 9 16 11 34 -1 37 12 17 25 23 26 -4 -5 31 20 21 22 30 44 -25 -7 27 28 29 45 46 59 -24 61 -6 -36 49 39 -12 40 60 58 -35 -15 57 -3 47 48 -8 52 51 -21 -19 54 55 -54 -17 -2 -41 -18 -9 -16
right_child=1 3 6 7 8 13 19 10 -10 -11 38 -13 -14 43 33 56 18 36 -20 50 -22 -23 32 24 -26 -27 -28 -29 -30 -31 -32 -33 -34 42 35 -37 -38 -39 -40 41 -42 -43 -44 -45 -46 -47 -48 -49 -50 -51 -52 -53 53 -55 -56 -57 -58 -59 -60 -61 -62 -63
leaf_value=0.003494400737630134 0.0038305076979595295 0.0076619229517631716 0.017146824139504285 0.011960564825195403 0.00080839538011320377 0.018637341313372257 0.012389058700101303 0.003688778088467902 0.020135600251450066 0.016059077254768031 -0.0015230727772434845 -0.00052340610748855009 -0.00045219245956530153 0.011980529366365665 0.0002808175239548322 0.0017363629736792667 0.0092688008127123998 -0.001739064588211678 -0.0005989186461683501 0.0032750399454535605 0.019173619731258133 0.0027175262611238049 0.00073951727091926193 -0.00029614932152265778 0.0029201644260558862 0.039590144897336629 0.00071649725778538632 0.0010825257670515414 0.00022907436013327247 0.0041395932193708587 0.0047292412881548319 0.0059227817057152382 0.006369378439105954 -0.001576947021645626 0.010380465578764365 0.012592926248047932 0.00048475533367098262 -0.0018551532970237363 -0.0040592074669291772 0.0011242195305435423 0.013547098128497853 -0.003442432265252439 -0.0036986405463679695 0.01809745350738964 -0.0017295709104963892 0.012948040242650331 0.0095437530374409586 0.0022073280828775695 0.0047504047214365595 0.0077381370912482554 -0.00047476910792524312 0.0068417581674378924 0.0048943587744172401 -8.4005880052705128e-05 0.0025453269015950864 0.0088333222425100461 -0.0010821625581839225 -0.00023863964787964903 0.0022015273797359467 0.011930502368494909 5.133125318115779e-06 -0.0040482312472164194
leaf_weight=109 137 53 68 40 100 51 41 70 64 47 1205 1532 652 61 170 865 72 73 42 255 54 356 283 83 44 42 313 132 47 62 95 56 292 4518 156 40 245 3543 2454 352 47 1239 3354 53 1618 60 40 46 46 46 318 45 67 100 300 46 697 270 40 53 2755 2616
leaf_count=109 137 53 68 40 100 51 41 70 64 47 1205 1532 652 61 170 865 72 73 42 255 54 356 283 83 44 42 313 132 47 62 95 56 292 4518 156 40 245 3543 2454 352 47 1239 3354 53 1618 60 40 46 46 46 318 45 67 100 300 46 697 270 40 53 2755 2616
internal_value=-0.000736306 -0.00135818 0.00670032 -0.000452691 0.00243436 0.0149313 0.00531207 -0.000957656 0.00900277 0.00681529 -0.00147147 0.000981624 0.00247152 0.0209856 -0.00258762 0.00136995 0.0124829 0.00448257 0.00997768 0.0041907 0.00536788 0.0048375 0.00632109 -0.000956806 0.00519531 0.0275 0.00398952 0.00656338 0.0093722 0.0117898 0.0107885 0.0123352 0.00396758 -0.00291679 0.00646465 0.00903382 0.00394647 -0.000941967 -0.00263525 -0.00028024 0.000449007 -0.00156556 -0.0025289 0.0154783 -0.00134502 0.0156579 0.0142816 0.0114552 0.0155114 0.00535545 0.00168521 0.00431894 0.00463373 0.00561284 0.0069686 0.0125877 0.000249519 0.00150735 0.00201018 0.0156746 0.000221159 -0.00401148
internal_weight=32730 30205 2525 17395 2589 363 2162 14806 360 156 11705 3101 1569 207 12810 2229 291 917 223 1871 1253 1199 843 2152 127 93 667 354 222 175 268 181 575 10658 296 196 877 8046 3659 4503 2872 1631 7872 114 2025 113 173 133 87 632 618 300 586 513 413 113 1562 407 392 125 2825 2786
internal_count=32730 30205 2525 17395 2589 363 2162 14806 360 156 11705 3101 1569 207 12810 2229 291 917 223 1871 1253 1199 843 2152 127 93 667 354 222 175 268 181 575 10658 296 196 877 8046 3659 4503 2872 1631 7872 114 2025 113 173 133 87 632 618 300 586 513 413 113 1562 407 392 125 2825 2786
cat_boundaries=0 1 2 3 4 5 6 7
cat_threshold=3888 1961 688 3106 2928 2340 531
is_linear=0
shrinkage=0.05


Tree=19
num_leaves=63
num_cat=8
split_feature=0 0 2 39 10 7 13 1 1 41 22 26 13 22 13 25 2 13 7 8 21 18 12 24 5 22 10 42 7 22 9 25 9 10 13 22 12 10 22 39 33 13 39 1 39 20 1 8 21 22 10 9 16 16 40 23 23 41 13 11 26 25
split_gain=50.3251 14.0272 11.9417 7.29222 6.08651 4.39399 4.22309 3.33992 3.25356 3.11267 3.00494 2.80235 2.79631 2.67086 2.57808 2.68802 2.68321 2.53969 2.48089 2.50317 2.43408 2.39324 2.27413 2.1964 2.3075 2.16864 2.01295 1.94796 1.90323 2.04352 2.09233 1.88285 1.8774 1.87014 1.8579 1.82432 2.10116 1.83559 1.71133 2.51215 1.74518 1.96284 1.67984 1.78615 1.63381 1.60503 1.56793 1.75898 1.55372 1.52045 1.54981 1.5742 1.51028 1.79247 1.67214 1.66034 1.47906 1.46527 1.4541 1.44174 1.3689 1.31735
threshold=-0.21611789971867387 -0.59086833143952633 -0.20168849437215106 0 -0.77600786832260693 7.9003608749810637 2.5909391534391539 -0.61981900612238972 -0.088410060201613114 12.845580933465742 -0.1772039138917666 50.500000000000007 2.5909391534391539 -0.7111257361435106 0.85163117305974456 1 -0.59282615845024444 0.83999916000168007 6.7990154943031031 0.42480303328175523 3502.5000000000005 -0.52376349915968967 19.500000000000004 2 7.9788612224366569 -0.048244691117264309 -0.33952613894097622 0.92031746031746053 7.6830639651388859 -0.36265555616854289 0.18412294047642366 3 0.47712552636134503 -0.29268022208435956 1.7500002757354971 -0.1589462293670226 47.500000000000007 -0.4427935986196751 -0.18709308410857758 4 28.26428571428572 0.397591682396994 5 -0.39914701637582345 6 0.034213275620285533 -0.058394962594007442 0.17247326253328912 1900.8350000000003 -0.18709308410857758 -0.14899573374838268 0.14639411226092758 -0.12253460353057098 0.52370069462036428 3.5000000000000004 0.2364567218977949 -1.8017221425978351 851.52409090909111 0.66504963267704975 52.500000000000007 24.500000000000004 7
decision_type=2 2 2 1 2 2 2 2 2 2 8 2 2 10 2 1 2 2 2 10 8 8 2 1 2 8 2 2 2 10 10 1 10 2 2 8 2 2 10 1 2 2 1 2 1 10 2 10 8 10 2 10 2 2 2 8 10 2 2 2 2 1
left_child=1 4 6 10 9 8 7 20 23 -1 28 14 33 42 38 16 -16 31 -6 60 -2 46 -18 -5 27 -13 -24 32 29 30 -4 -10 -25 59 58 36 -21 -37 39 -3 -41 -42 43 -9 57 48 47 -15 -43 50 -19 -52 54 -54 -28 -55 -51 61 -12 -7 -20 -23
right_child=2 11 3 5 18 12 -8 13 17 -11 34 25 -14 21 15 -17 22 49 19 35 -22 44 26 24 -26 -27 52 -29 -30 -31 -32 -33 -34 -35 -36 37 -38 -39 -40 40 41 45 -44 -45 -46 -47 -48 -49 -50 56 51 -53 53 55 -56 -57 -58 -59 -60 -61 -62 -63
leaf_value=0.029515850084012876 0.019553506930331335 -0.00040049617691406865 0.0099294339699316121 -0.0012537757261455872 0.002106687036359728 0.00028349102181977063 0.01335693646084859 0.0087352928974169138 -0.00027923531253875276 0.030451968497685663 -0.0035248720446447723 0.0089181571610424618 0.0086593507563954494 0.0016034779130452946 0.014097016943709864 0.0021954005412486073 0.00074567741408855341 0.0071070909932973289 -0.00014683766258291887 0.010565869610261548 0.0047140715419354932 0.0013156001858894988 0.006445154658236832 0.0031914632056226941 0.0039482508515473356 0.0047480349817128524 0.010942258604650612 0.0010185728331615646 -0.0020863943169735851 8.0622766744698957e-05 0.0017601401347941128 -0.0026061016027013094 0.019212451568818522 -0.0023745118332559956 0.0029480325520579317 0.010301481194665328 0.014097558521024043 0.00260797951574482 -0.00032239325192717755 0.0076482480079369669 0.0056371688066673802 0.009547424180049939 0.00049203396699514163 0.0030922842545356311 -0.0019398079983086421 -0.0019970399402844106 -0.0012260456396699167 0.0076697612605033721 0.00150553771137357 0.0043779878051868493 0.004182501665131763 0.00070803895283587186 0.0022072673801180969 0.0060179412870799672 0.0026344353438092841 0.003217746573709962 -0.0010023353722636253 0.0071299234535760238 -0.0023285055469716596 0.0045252849628871807 0.0063493876929421782 -0.0014688640569735995
leaf_weight=48 53 375 40 412 70 132 54 80 1916 78 4350 40 110 161 58 573 169 129 58 73 50 409 83 238 65 53 124 916 1172 332 41 3151 51 7173 72 44 102 49 424 167 68 49 461 731 722 129 168 121 182 64 87 935 193 43 58 44 1140 41 3244 44 59 488
leaf_count=48 53 375 40 412 70 132 54 80 1916 78 4350 40 110 161 58 573 169 129 58 73 50 409 83 238 65 53 124 916 1172 332 41 3151 51 7173 72 44 102 49 424 167 68 49 461 731 722 129 168 121 182 64 87 935 193 43 58 44 1140 41 3244 44 59 488
internal_value=-0.000711998 0.00503368 -0.00138022 -0.00175363 0.0121048 -0.00112315 0.00134322 0.00112593 -0.000386602 0.021811 -0.00287789 0.00357924 -0.00202346 0.00085427 0.0032865 0.0048477 0.00675607 -0.00083659 0.009375 0.0109456 0.00995192 -0.000236856 0.00598601 0.00159834 0.00261514 0.0120745 0.00755494 0.00213516 -0.000898488 0.00201691 0.00908536 -0.00146705 0.0057069 -0.00214218 -0.00329073 0.0136059 0.0166193 0.00781915 0.00177778 0.00293512 0.00490924 0.00328671 0.002663 0.00400851 -0.00111379 0.00180055 0.00299335 0.00526502 0.00428879 0.000519948 0.00181858 0.00116324 0.0062419 0.00391459 0.00978142 0.00982954 -0.000721993 0.000273971 -0.00336669 0.00293785 0.00478813 -0.000150335
internal_weight=32766 3413 29353 25814 581 16563 3539 3485 9104 126 9251 2832 7459 3382 2739 1345 772 7422 455 385 103 2110 714 1682 1270 93 545 1205 1585 413 81 5067 289 7349 7666 268 175 93 1394 970 595 428 1272 811 1660 360 450 282 231 2355 1151 1022 462 280 182 87 1204 938 7594 176 117 897
internal_count=32766 3413 29353 25814 581 16563 3539 3485 9104 126 9251 2832 7459 3382 2739 1345 772 7422 455 385 103 2110 714 1682 1270 93 545 1205 1585 413 81 5067 289 7349 7666 268 175 93 1394 970 595 428 1272 811 1660 360 450 282 231 2355 1151 1022 462 280 182 87 1204 938 7594 176 117 897
cat_boundaries=0 1 2 3 4 5 6 7 8
cat_threshold=23 1848 8 2384 659 5961 2509 882
is_linear=0
shrinkage=0.05


Tree=20
num_leaves=63
num_cat=6
split_feature=1 0 1 2 22 39 7 0 13 13 0 0 37 42 0 2 7 14 13 20 7 26 41 42 1 19 25 13 9 13 10 20 10 22 24 25 21 18 41 1 42 3 19 7 18 25 17 13 39 19 9 3 1 7 21 27 22 42 22 18 21 30
split_gain=44.9618 12.1792 10.276 7.87951 5.94436 5.35825 4.47576 5.66207 3.28046 3.14329 3.10488 3.00498 2.92286 2.56837 2.3805 2.35799 2.24522 2.16217 2.13813 2.77632 2.11108 2.07583 2.00595 1.93109 2.0629 1.83996 1.78917 1.76463 1.61236 1.80277 1.6114 1.56408 2.42972 1.55923 1.53233 1.52493 1.52128 1.45875 1.45455 1.43928 1.90558 1.42431 1.81218 1.9047 1.6785 1.41367 2.03293 1.40512 1.37659 1.45731 1.62042 1.34156 1.60111 1.34 2.34304 1.31969 1.403 1.3165 1.31588 1.35927 1.3104 1.29855
threshold=-0.31015492830383934 -0.21611789971867387 -0.73396917508019965 -0.16831897521691894 -0.1772039138917666 0 7.3750725309829042 -0.81093021621632866 1.1000008999982003 2.3937952057794827 -0.021053409197831826 -0.45675840249571514 41.500000000000007 0.95505050505050526 -0.025250254782110734 -0.41645825406338094 7.7360934981618135 -1.0981394753941058 1.294119723171179 -0.0022212920333658883 7.0797965096390838 36.500000000000007 411.66383101851869 0.90081967213114766 0.024692612590371702 0.0068020324375056051 1 1.5750028125100448 0.18751277981195971 1.146778184534625 -0.21136141964324692 -0.13517804383021034 0.19959855661435502 -0.76186219708003511 2 3 1399.6050000000002 -0.55560743673019575 49.921254960317462 -0.11778303565638336 0.79645323289391101 -0.24723497942119674 -0.13678911102345162 7.4633658824812095 0.012357844610443487 4 0.2171244432054911 1.7500002757354971 5 -0.014480896718148723 0.35322272405048621 -0.20252426411147392 -0.20475230288319765 7.403337450690672 1285.5000000000002 52.500000000000007 -0.22329261199262615 0.85825892857142871 -0.46973416009343033 1.6311293354044367 3377.1400000000008 50.45000000000001
decision_type=2 2 2 2 8 1 2 2 2 2 2 2 10 2 2 2 2 2 2 10 2 2 2 2 2 2 1 2 10 2 2 10 2 10 1 1 10 8 2 2 2 2 2 2 10 1 2 2 1 2 10 2 2 2 10 2 10 2 10 10 10 2
left_child=2 8 6 9 12 47 22 -8 21 15 -7 17 16 18 -9 25 23 33 -13 -20 31 48 38 24 -5 41 36 45 -10 -30 -22 32 -12 -4 53 -33 -27 -21 -1 40 -18 42 -3 -44 -45 46 -25 -6 -2 50 55 52 -23 54 61 56 -50 -26 -55 -60 -14 -17
right_child=1 3 11 4 5 10 7 14 28 -11 20 13 60 -15 -16 34 39 -19 19 37 30 51 -24 27 57 26 -28 -29 29 -31 -32 35 -34 -35 -36 -37 -38 -39 -40 -41 -42 -43 43 44 -46 -47 -48 -49 49 -51 -52 -53 -54 58 -56 -57 -58 -59 59 -61 -62 -63
leaf_value=0.0080182905452884454 -0.00088773734914415726 -0.00040549120212269316 0.011706483358427337 0.0092547203054994896 -0.0032092994226911604 -0.00043401580628484195 0.028820966894297164 0.0053624791365815463 0.00044377741487259609 0.009275380364878209 0.061578296729358266 0.0033777766321900146 0.00077253266460482954 0.00051097750043046239 0.023105082764226986 1.3351065083320807e-05 0.0047639817901346257 0.0058801345454591349 0.014779130039719113 0.012679547996825864 0.0012966210779370303 0.0024019268779224179 0.013884347093358874 0.0011266855249660388 -0.0033559105896744539 0.0083611913936022155 -0.0011341164465309725 0.0045643045059530572 0.019441685963445254 0.005597709952861317 -0.0028316666451347217 -0.0034389042493234157 -0.0057218762310824647 0.0073850750023713441 -0.0012656131002643321 0.000554614065999655 -0.00097979825252908124 -0.00038930967074892126 -0.0021798021523155614 -0.0019955902974903802 0.00012544266093458549 0.0013694484842094266 0.011177052279624053 0.0076189068653266219 0.0030472219684126115 -0.0012391530485948469 -0.0019969880971508506 0.001255875049224861 0.0031544662241758999 -0.00012710034096981561 0.0099166829790929018 0.0022388495624233945 0.0093296141788522489 0.00081541061157654768 0.008054410454302361 -0.0018458275966112972 -0.00062065867616678842 0.00860484946244355 -0.0014310759022156303 0.0010515309435856384 0.0095349479255709708 0.0022234792295154934
leaf_weight=57 433 42 40 177 5340 3455 96 86 131 49 48 866 81 581 40 405 43 421 87 61 243 82 40 549 123 64 231 53 42 366 8399 723 44 57 1228 873 46 78 46 2606 476 89 40 52 49 815 263 71 81 329 63 238 65 579 121 57 54 55 711 46 40 56
leaf_count=57 433 42 40 177 5340 3455 96 86 131 49 48 866 81 581 40 405 43 421 87 61 243 82 40 549 123 64 231 53 42 366 8399 723 44 57 1228 873 46 78 46 2606 476 89 40 52 49 815 263 71 81 329 63 238 65 579 121 57 54 55 711 46 40 56
internal_value=-0.000668335 -0.00120687 0.00569808 -0.00146981 -0.00179896 -0.00220764 0.0134563 0.0178924 0.00262358 0.000645838 -0.00167984 0.00440009 -0.000313329 0.00336619 0.0107874 0.000480052 -0.000494091 0.0077264 0.00479414 0.00911894 -0.00211499 0.00134711 0.00649305 0.000798132 0.00414326 0.00331433 0.000862572 8.92314e-05 0.00593518 0.00748166 -0.00243087 -0.000497337 0.00580645 0.0144388 -7.30867e-05 -0.000864121 0.00578512 0.00467857 0.00274038 -0.00133557 0.00106731 0.00637363 0.00888587 0.0115845 0.00779412 -0.000205775 0.00126367 -0.00354205 0.000162081 0.00173109 0.00458984 0.00446891 0.00820946 0.000808708 0.00281303 0.00227979 0.00496323 0.000335194 -5.98366e-05 -0.0014314 0.00733606 0.00117965
internal_weight=32782 30226 2556 28285 24477 19196 365 222 1941 3808 13785 2191 5281 1673 126 3759 5160 518 1092 226 10330 1402 143 2035 355 613 341 1680 539 408 8642 1688 92 97 3146 1596 110 139 103 3125 519 272 183 141 101 1627 812 5411 1017 584 255 385 147 1918 582 192 135 178 1336 757 121 461
internal_count=32782 30226 2556 28285 24477 19196 365 222 1941 3808 13785 2191 5281 1673 126 3759 5160 518 1092 226 10330 1402 143 2035 355 613 341 1680 539 408 8642 1688 92 97 3146 1596 110 139 103 3125 519 272 183 141 101 1627 812 5411 1017 584 255 385 147 1918 582 192 135 178 1336 757 121 461
cat_boundaries=0 1 2 3 4 5 6
cat_threshold=70 1560 19 1166 3920 3155
is_linear=0
shrinkage=0.05


Tree=21
num_leaves=63
num_cat=7
split_feature=1 0 10 39 8 10 22 7 9 22 0 9 39 22 24 23 10 13 26 30 25 5 13 9 19 37 10 26 7 25 10 19 9 19 44 25 2 19 17 27 8 18 22 9 19 0 0 16 8 1 23 13 42 42 23 2 42 10 39 7 15 23
split_gain=41.3875 13.1657 10.2495 7.25208 6.06803 4.10414 3.74469 3.64288 3.64158 3.39246 2.96774 2.72343 2.69905 2.65666 2.6358 2.52793 2.46338 2.42596 2.24562 2.10716 2.00912 1.90526 2.23789 2.04146 1.90304 1.88272 1.83415 2.01888 1.78798 1.76418 2.02615 1.69478 1.6914 1.8431 1.8919 1.64335 1.9768 3.01803 1.50533 1.50172 1.55674 1.48964 1.43996 1.42872 1.41524 1.40905 1.33155 1.29221 1.26127 1.25076 1.56406 1.24815 1.23155 1.22617 1.19647 1.21012 1.22752 1.446 1.35106 1.31481 1.19479 1.19383
threshold=-0.31015492830383934 -0.11778303565638336 -0.7010456419452139 0 0.44922748177134292 -0.08561562456545023 -0.78669206716589124 7.4391791673434939 0.39400124063700459 -0.1772039138917666 -0.21611789971867387 0.35322272405048621 1 -0.22329261199262615 2 1.0000000180025095e-35 -0.27001681615874412 1.1983112349141256 48.500000000000007 165.50000000000003 3 7.0900382966464806 2.2706234199953257 0.17545467478760624 -0.33885059526765904 55.500000000000007 0.16616382341459171 11.500000000000002 7.906396455650424 4 -0.27713685857981923 -0.028045517110960646 0.34812275520351327 -0.11435466690582378 1.0000000180025095e-35 5 -0.014788753675925912 0.049510512897138995 -0.13100765325033678 29.500000000000004 0.34998273686233167 -0.49195567666145951 -0.42109216111082687 0.47712552636134503 0.012549315816039526 0.0071933152439109813 -0.33489350148919067 0.68400541116963021 0.27999140359610636 -0.11188386109336478 0.042628258328015763 1.7500002757354971 0.90754985754985762 0.932768361581921 -2.4741112291080198 0.3829922522561065 0.77459677419354855 0.11754188161674418 6 6.470600712840116 -0.78572470735093558 0.30255647161913629
decision_type=2 2 2 1 8 2 8 2 10 8 2 10 1 10 1 8 2 2 2 2 1 2 2 10 2 10 2 2 2 1 2 2 10 2 2 1 2 2 2 2 8 10 8 10 2 2 2 2 10 2 10 2 2 2 8 2 2 2 1 2 2 10
left_child=2 10 4 9 15 8 39 -6 13 25 11 18 16 21 19 -1 17 47 -2 28 -18 23 44 31 -14 52 27 -13 35 -10 -31 -5 46 -34 -35 36 37 -7 -12 40 -4 -9 45 -38 49 -30 -22 -8 -25 50 -23 -11 -3 -32 -37 56 57 -56 -58 -60 -54 -29
right_child=1 3 6 5 7 14 12 41 29 51 38 26 24 -15 -16 -17 20 -19 -20 -21 32 22 -24 48 -26 -27 -28 61 42 30 53 -33 33 34 -36 54 43 -39 -40 -41 -42 -43 -44 -45 -46 -47 -48 -49 -50 -51 -52 -53 60 -55 55 -57 58 -59 59 -61 -62 -63
leaf_value=0.017377439510763308 0.0012547705263341398 0.0021441775620641263 0.0024713655097694577 0.0037222781293605026 0.01644205724820836 0.010090719300177353 0.0048583442394562922 0.020221896822120708 0.00026888179057532293 -0.0030896915268534102 0.00096895044836769529 -0.00040976245891354344 0.011040087313760211 -0.0012262483503381848 -0.0026363870816993903 0.0014311626936471256 -0.0013856620745223373 0.0087969659636193114 0.0069918530840688458 0.0052838736733615728 0.00815801859126912 0.0036659017733095874 0.0081248214953990178 -0.001234820387766476 0.0011508738701664352 0.0044724929304436091 -0.0023093924846473604 0.0096883377418732035 0.0019909853752178796 0.053237434499272755 0.015866216393487443 0.0022776738911833324 -0.0018791905722366491 0.0032836660240385413 0.012183688181386161 0.0083226584783955265 -5.0463699218652082e-05 -0.0019655902290283511 -0.00047795676764852252 0.0091184026109505656 0.012950024439635697 0.030590990666084401 -0.002090620210757334 0.0095498530745664577 -0.0016984465535157965 -0.0036504305066293072 -0.0009706264235982391 0.016058645704369569 0.0059675341107663302 -1.3845688200040779e-05 -0.0033057631579538533 0.0018430825179923717 0.0012509426940343817 -0.0002386397939299157 0.0050421920855572072 -0.0038705158203088397 -0.0050872858650423238 -0.00077240957975273957 0.0059301236469972906 -0.00046164254389737875 -0.0020568973359490037 0.0017828913597646883
leaf_weight=42 1444 85 82 58 40 81 249 57 104 6105 917 64 40 1749 5929 103 132 118 100 43 48 234 56 162 984 71 54 226 199 53 58 81 46 75 80 70 519 58 2024 153 74 45 3942 41 677 218 124 45 113 654 51 65 46 52 50 517 459 44 69 2429 319 52
leaf_count=42 1444 85 82 58 40 81 249 57 104 6105 917 64 40 1749 5929 103 132 118 100 43 48 234 56 162 984 71 54 226 199 53 58 81 46 75 80 70 519 58 2024 153 74 45 3942 41 677 218 124 45 113 654 51 65 46 52 50 517 459 44 69 2429 319 52
internal_value=-0.000729776 -0.00124279 0.00540386 -0.00169881 0.0142882 -0.0011927 0.00426477 0.0216084 0.000204727 -0.00311176 0.0011358 0.00265327 0.00344748 -0.000189 -0.00158429 0.00702055 0.00540409 0.0083293 0.00170226 -0.001028 0.00311265 0.00101581 0.000262999 0.00404819 0.00162319 0.000756704 0.00634761 0.00769679 -0.00108428 0.00583955 0.00882184 0.00896428 0.00490885 0.00814356 0.0107372 -0.000365377 0.00183803 0.00717857 0.000134261 0.00937097 0.00585987 0.0266019 -0.00179931 0.000534758 -8.0397e-05 0.000992822 0.00138728 0.00586441 0.00153985 0.00117553 0.00393357 -0.00344353 -0.00044346 0.0054054 -0.000791999 -0.000921828 -0.000542269 0.00505263 -0.000721773 -0.000255083 -0.00170765 0.00953405
internal_weight=32879 30342 2537 25461 287 18770 2250 142 4102 6691 4881 1940 1941 3835 14668 145 917 412 1544 8739 505 2086 1672 414 1024 521 396 342 8696 267 163 139 373 201 155 4337 699 139 2941 309 156 102 4359 560 1616 417 172 294 275 939 285 6170 450 110 3638 3568 3051 94 2957 2498 365 278
internal_count=32879 30342 2537 25461 287 18770 2250 142 4102 6691 4881 1940 1941 3835 14668 145 917 412 1544 8739 505 2086 1672 414 1024 521 396 342 8696 267 163 139 373 201 155 4337 699 139 2941 309 156 102 4359 560 1616 417 172 294 275 939 285 6170 450 110 3638 3568 3051 94 2957 2498 365 278
cat_boundaries=0 1 2 3 4 5 6 7
cat_threshold=22 489 19 1600 3107 2304 160
is_linear=0
shrinkage=0.05


Tree=22
num_leaves=63
num_cat=6
split_feature=0 1 9 10 9 22 0 6 26 42 13 39 26 3 13 8 25 10 1 8 23 24 16 18 13 1 26 22 6 1 24 24 23 1 18 3 25 42 9 8 20 17 1 30 22 2 22 0 3 30 9 10 26 1 23 23 1 9 4 17 23 9
split_gain=34.2928 10.3362 9.50075 7.29352 4.90855 4.31195 4.30828 3.53164 3.05693 3.58001 3.04943 2.80358 2.67998 2.62461 2.28069 2.279 2.24928 2.15711 2.47166 1.91805 2.21682 1.86831 1.78941 1.78275 2.21255 1.71143 1.71207 1.71648 1.67116 1.65025 1.53163 1.45853 1.65185 1.66915 1.63849 2.15417 1.43224 1.61558 2.01352 1.42183 1.39386 1.38329 1.39457 1.53139 1.36382 1.26193 1.35382 1.25686 1.44419 1.26761 1.74991 1.25641 2.96582 1.20988 1.20502 1.19628 1.1775 1.92985 1.11606 1.11591 1.95725 1.27359
threshold=-0.21611789971867387 -0.82326717750315026 0.13754376446259856 0.060122863532056321 0.49656521655736979 -0.13975807762592288 -0.405465108108165 7.7099323301642135 31.500000000000004 0.92637759710930456 2.5909391534391539 0 50.500000000000007 -0.87271145005278672 0.37500011718757331 0.61503451746657012 1 -0.25026638054773404 -0.15415067982725847 0.53796168137673239 -0.20915457275206381 2 0.027398974188114548 -3.6581887824888137 0.82978767541921117 -0.12188981760903726 35.500000000000007 -0.48994925980589915 7.0093826117880242 -0.060525376622175379 3 4 0.02061928720273554 0.40546510810816422 0.33775557281353402 0.13353139262452321 5 0.91596045197740128 0.30109757131730436 0.32348799653635957 0.11363488657839442 0.65031297851998804 -0.38299168407396461 0.15000000000000005 0.18185728887736022 -0.10918161604591646 -0.078642672773865149 -0.036367644170874673 0.24116225162239904 127.85000000000001 0.083513334522773805 -0.38284401152957409 35.500000000000007 -0.099736718009142397 0.40546510810816461 -0.23050888864000105 -0.44802472252696063 0.33911445933448697 -0.12136085700426723 -0.24971379341305069 -0.11778303565638361 0.29576389083322646
decision_type=2 2 8 2 10 10 2 2 2 2 2 1 2 2 2 8 1 2 2 10 10 1 2 10 2 2 2 10 2 2 1 1 10 2 10 2 1 2 10 8 10 2 2 2 10 2 8 2 2 2 10 2 2 2 8 10 2 10 2 2 10 10
left_child=1 7 14 4 5 10 17 -1 19 -10 13 16 -8 22 45 -9 31 18 51 20 -6 28 -4 24 -16 26 56 -28 39 -18 47 32 33 34 -5 -36 37 38 -7 -15 -32 42 -30 -44 -31 46 53 48 -25 -49 -51 59 54 -2 -53 -12 -19 -58 -33 60 61 -3
right_child=2 6 3 11 8 36 12 15 9 -11 55 -13 -14 21 23 -17 29 25 -20 -21 -22 -23 -24 30 -26 -27 27 -29 41 44 40 58 -34 -35 35 -37 -38 -39 -40 -41 -42 -43 43 -45 -46 -47 -48 49 -50 50 -52 52 -54 -55 -56 -57 57 -59 -60 -61 -62 -63
leaf_value=0.01322233865906873 0.0026547798281200048 0.0097945070093084577 0.018009177893921337 0.0027517596960227719 0.051455046897388723 0.00053097747830767523 0.0017595689884232109 0.019135403695007581 0.018029242107109208 0.0052731061980347714 0.012757849086576907 -0.0031882589331231333 0.0067595730358657753 0.0021056331413179534 -0.00043088142333146882 0.044099780819653003 0.0011917665294753218 -0.00080219745063469172 0.011450990599041939 -0.0042339865455942004 0.00014576120392830426 -0.0004270307849481758 0.0016082959768235075 -0.00048595665101457478 0.0051160920683479662 -0.00070138662131473775 0.0087463802094533034 0.0033346052421470945 0.0062889192032442448 -0.0015397697880799451 -0.0029308332434257421 0.0044659029300187043 -0.000945659147852359 -0.0031909616304619786 0.00095344144650729053 0.0073484221541463904 -0.0023521194036175853 -0.00080021016140109755 0.008243205754101755 0.0076816600028763301 0.0034424674459377388 -0.0013108115539814025 -0.00039204786329732942 0.0018791960339253422 -0.0045169556262962601 -0.0035197564179469121 -0.0015237169413028287 -0.0020293448955477317 0.0044636271444432338 -0.0024266745400330623 0.0030614264889375926 0.0094140503676217943 0.0015153193821147537 -0.00020482576102965664 0.006567435446846695 0.0089840234628595205 0.00032697659007893849 0.0060087508726172495 -0.0013462801083082799 0.0038103230943552775 0.0035149210059006522 0.011028983549710165
leaf_weight=79 40 42 51 191 72 222 2083 49 80 81 40 3384 68 384 83 40 511 79 78 102 91 2209 45 1658 40 162 45 40 114 2014 4037 64 138 65 42 91 1594 1079 66 109 63 380 746 1463 745 1955 124 4085 88 45 55 63 54 40 50 78 56 40 759 248 104 51
leaf_count=79 40 42 51 191 72 222 2083 49 80 81 40 3384 68 384 83 40 511 79 78 102 91 2209 45 1658 40 162 45 40 114 2014 4037 64 138 65 42 91 1594 1079 66 109 63 380 746 1463 745 1955 124 4085 88 45 55 63 54 40 50 78 56 40 759 248 104 51
internal_value=-0.000753169 0.00397581 -0.00130661 -0.000540828 0.000435216 0.000174804 0.00335018 0.0160355 0.00566745 0.0110802 0.000988433 -0.00163898 0.00204229 0.000816974 -0.00236438 0.0228333 -0.000831355 0.00587601 0.00759768 0.00234962 0.00570122 0.00067055 0.00896907 -0.00205022 0.00391129 0.00304964 0.00555555 0.0113372 0.0014406 -0.00153917 -0.00212371 0.000881703 0.00290892 0.0046282 0.00609231 0.0103358 -0.00136901 -0.000170538 0.00314879 0.00411943 -0.00287035 0.00095599 0.00141351 0.00113348 -0.00202718 -0.00384028 -9.75622e-05 -0.00159963 -0.000475101 -0.00207239 0.00346535 0.00650897 0.0102083 0.00493827 0.0147807 0.00890756 0.00269886 0.00639175 -0.000437651 0.0051009 0.00790404 0.0131383
internal_weight=32754 3431 29323 17010 9006 8580 3263 168 426 161 5619 8004 2151 5501 12313 89 4620 1112 690 265 163 5405 96 10154 123 422 260 85 3196 3270 10031 1350 527 389 324 133 2961 1367 288 493 4100 2703 2323 2209 2759 2159 204 5931 1746 4185 100 612 167 80 113 118 175 96 823 445 197 93
internal_count=32754 3431 29323 17010 9006 8580 3263 168 426 161 5619 8004 2151 5501 12313 89 4620 1112 690 265 163 5405 96 10154 123 422 260 85 3196 3270 10031 1350 527 389 324 133 2961 1367 288 493 4100 2703 2323 2209 2759 2159 204 5931 1746 4185 100 612 167 80 113 118 175 96 823 445 197 93
cat_boundaries=0 1 2 3 4 5 6
cat_threshold=3968 2336 19 19 17 2680
is_linear=0
shrinkage=0.05


Tree=23
num_leaves=63
num_cat=7
split_feature=1 22 0 41 39 14 39 10 0 10 7 7 24 41 26 13 41 19 23 14 16 26 10 9 10 13 16 13 2 13 22 21 10 18 26 20 10 1 18 2 22 0 10 31 39 6 44 13 18 9 22 7 24 39 22 7 33 13 23 9 13 24
split_gain=32.0072 9.57053 7.58035 7.26184 6.02935 3.94403 4.08664 3.98417 3.8778 3.02917 2.6506 2.3944 2.35314 2.27265 2.04572 2.30209 2.04514 2.90911 3.18275 1.9898 1.81092 1.77638 1.6635 2.12317 2.6671 1.64964 1.64294 1.64182 1.80078 1.62762 1.6182 2.01267 1.60989 1.58932 1.48067 2.14393 3.17223 1.56719 1.43124 1.40572 1.3978 1.58652 1.3886 1.36703 1.50131 3.26138 1.62376 1.32012 1.29191 1.28668 1.27807 1.74052 1.32226 2.42096 1.26853 2.76789 3.38709 1.82741 1.26755 1.35941 1.2635 1.18676
threshold=-0.31015492830383934 -0.36886529512437322 -1.010708850781729 411.66383101851869 0 0.13060068379171522 1 -0.08561562456545023 -0.044451762570834046 -0.083092226447242887 8.1576999232017098 7.6737520417204843 2 108.99375000000002 33.500000000000007 0.89638644302342463 397.57711538461541 -0.040825753983992984 0.038540558477787819 -0.11778303565638369 -0.051293294387550363 24.500000000000004 2.2282950786767235e-06 0.27544559066178109 -0.068936359346338336 1.6002280821917811 -0.48212009856837307 0.83999916000168007 0.33280761052322699 2.3937952057794827 -0.036367471905615935 1399.6050000000002 -0.64124254273186387 2.0336389897424429 47.500000000000007 0.007911645413945961 0.01161075956459179 0.029853257267242309 -1.0567888977172955 -0.40546510810816433 0.056117097830073036 -0.39509684730168265 -0.40852777260033107 0.95000000000000018 3 8.8064689470769597 1.0000000180025095e-35 2.5909391534391539 -0.84271862770237138 0.20295581475570548 -0.0055238131221378032 8.1406880835235462 4 5 -0.66782874757604593 7.9359179505642912 30.021428571428572 1.4444472222222224 -0.69314718055994495 0.15865938425757223 0.48573821488394359 6
decision_type=2 8 2 2 1 2 1 2 2 2 2 2 1 2 2 2 2 2 8 2 2 2 2 10 2 2 2 2 2 2 8 10 2 10 2 10 2 2 8 2 10 2 2 2 1 2 2 2 10 10 10 2 1 1 10 2 2 2 10 10 2 1
left_child=2 3 19 12 9 6 7 16 20 13 27 14 43 30 15 -5 17 18 38 -1 40 -18 23 48 -25 -11 39 34 -29 -14 31 -3 -19 42 50 -36 37 -37 -4 -20 41 -6 -7 -2 45 47 -47 -45 -12 -22 51 52 53 -10 55 56 -46 -56 59 -8 -43 -62
right_child=1 4 5 11 8 33 58 -9 10 25 22 -13 29 -15 -16 -17 21 32 26 -21 49 -23 -24 24 -26 -27 -28 28 -30 -31 -32 -33 -34 -35 35 36 -38 -39 -40 -41 -42 60 -44 44 54 46 -48 -49 -50 -51 -52 -53 -54 -55 57 -57 -58 -59 -60 -61 61 -63
leaf_value=0.033199094487533477 -0.00040094724571050058 0.0064073039149847594 0.015368685805128885 -0.00025548194005010541 0.0089281493831530525 0.0036393390146125942 -0.001471353315595725 0.0025870060393288936 0.0025604419714987327 -0.0028797876775233859 0.00062958871383586384 7.4782675559545008e-05 -0.0014171748099402394 -0.0012618323207270114 0.010856133755465732 0.019042681167880996 0.022131657013072726 0.010020918603733034 0.0071074260656994598 0.040898806647373817 -0.0010976372539773115 0.0097795224771117101 -0.003395392087771515 -0.00063547599670905962 0.0067206675598910255 0.00056640125830291867 0.0087952449630111628 0.00066850862976060516 -0.0018955419533822739 0.0070280502048200924 8.7397672166256537e-05 0.00071595599248599519 0.0038012025600917183 0.0086780572656153278 -0.0014948574493505262 0.0082756555256963266 0.0016973059695223874 0.0019169406583457332 0.0065770377965894515 -0.00051094639474192369 -0.00050452163990550344 -0.00071627743036861062 -0.00032187998557307163 -0.0010288125654083333 0.0091039046310762706 0.00054625213106826269 0.010231580459607923 0.01061646752125079 -0.0020531579659735072 0.00073587877988850602 -0.0026149958702598544 0.0045273797402416403 -0.0018556829962324871 -0.0014140996956986623 0.00088509069935078372 -0.00043263484897581531 0.0059709820246928239 0.0061636025041725273 0.00036091267396149486 0.0069783288054284954 0.0036038328079014792 0.0014534068430582562
leaf_weight=41 489 47 77 43 84 186 67 211 249 5678 328 47 1307 908 68 51 46 74 44 42 1959 41 3149 93 68 151 72 2035 507 69 328 106 429 51 325 40 163 42 63 56 518 310 493 566 81 45 44 49 1314 1431 2305 60 2633 364 658 85 105 42 376 191 264 1008
leaf_count=41 489 47 77 43 84 186 67 211 249 5678 328 47 1307 908 68 51 46 74 44 42 1959 41 3149 93 68 151 72 2035 507 69 328 106 429 51 325 40 163 42 63 56 518 310 493 566 81 45 44 49 1314 1431 2305 60 2633 364 658 85 105 42 376 191 264 1008
internal_value=-0.000681272 -0.00113612 0.00468567 0.001228 -0.00147102 0.00418281 0.00547197 0.00728203 -0.00100701 -0.002703 -0.00146059 0.0102619 0.000691894 -0.000607915 0.0131288 0.00821053 0.00879291 0.00799632 0.0117891 0.0194643 0.000104035 0.0160795 -0.00238441 -0.0011724 0.00429012 -0.00320669 0.00716763 -0.000935925 0.000133699 -0.000922856 0.00216805 0.0063961 0.005625 0.00109439 -0.00137577 0.00105079 0.00457317 0.0125301 0.0173759 0.0029703 0.00122654 0.00193161 0.000448528 0.00171494 0.00240155 0.000601397 0.0095 -0.000689936 -0.00171029 -0.000619288 -0.00162242 -0.000991837 -0.00114875 0.000937499 0.00366089 0.00659926 0.01 0.00256776 0.00213953 0.00486486 0.00157296 0.00227023
internal_weight=32776 30216 2560 3749 26467 2477 1747 1113 19249 7218 13675 209 3540 1389 162 94 902 815 312 83 5574 87 4952 1803 161 5829 172 8723 2542 1376 481 153 503 730 6181 570 245 82 140 100 2184 1666 679 2164 1675 704 89 615 1642 3390 5611 3306 3246 613 971 271 186 700 634 258 1582 1272
internal_count=32776 30216 2560 3749 26467 2477 1747 1113 19249 7218 13675 209 3540 1389 162 94 902 815 312 83 5574 87 4952 1803 161 5829 172 8723 2542 1376 481 153 503 730 6181 570 245 82 140 100 2184 1666 679 2164 1675 704 89 615 1642 3390 5611 3306 3246 613 971 271 186 700 634 258 1582 1272
cat_boundaries=0 1 2 3 4 5 6 7
cat_threshold=22 1992 19 137 16 3328 2
is_linear=0
shrinkage=0.05


Tree=24
num_leaves=63
num_cat=11
split_feature=0 9 10 2 0 0 0 2 16 14 39 20 25 33 42 10 39 39 26 3 20 41 6 22 3 18 30 39 10 9 20 10 22 9 0 31 6 2 5 25 22 41 18 22 14 22 15 39 24 18 24 25 16 25 20 31 22 11 9 6 31 22
split_gain=29.2135 8.72929 8.46804 6.09573 3.72028 3.31533 2.79724 2.60818 3.30946 2.60653 2.40218 2.33264 2.28051 2.25279 2.23798 2.23135 2.37905 2.11132 4.37666 1.9197 2.39787 2.85687 1.90622 1.85882 1.71369 1.6801 1.61999 1.56676 1.67862 1.76973 1.54843 1.4929 1.45978 1.61144 1.41856 1.41047 3.11357 1.38288 1.50863 1.36703 1.7278 1.36078 1.32511 1.47794 1.32127 1.30481 1.29336 1.293 1.28889 1.4997 1.28774 1.39665 2.11482 1.23541 2.09785 1.38267 1.36365 1.23064 1.22074 1.20249 1.38406 1.20641
threshold=-0.21611789971867387 0.13946453316283153 -0.7010456419452139 -0.21622310846963574 -0.405465108108165 -1.010708850781729 0.076961041136128575 -0.7436351392299464 0.010000333353334947 -1.0981394753941058 0 -0.041576465031907053 1 38.092857142857149 0.93387978142076522 -0.083092226447242887 2 3 42.500000000000007 -0.40546510810816411 0.0193540668342763 41.752192982456144 8.619849899163377 -0.42871697973730688 -0.41461956664736238 -0.40227291766231699 94.15000000000002 4 -0.23209443928250725 0.48528873579167525 0.060514801261422023 -0.32954593480515587 -0.35665855022735854 0.38715972529701487 -0.63961460858910513 23.550000000000004 6.912259314620389 -0.28768207245178118 7.4668845436949303 5 -0.52291211785016889 426.9071428571429 0.48130026375658347 -0.42871697973730688 -1.0000000180025095e-35 -0.16547483608556821 0.080966266929696676 6 7 -3.6581887824888137 8 9 -0.16672423017065882 10 -0.082183474301516748 6.1500000000000012 -0.44255598912140298 80.500000000000014 0.23397518025953459 7.6240147820075146 9.3500000000000032 0.11493053810222191
decision_type=2 8 2 2 2 2 2 2 2 2 1 10 1 2 2 2 1 1 2 2 10 2 2 8 2 10 2 1 2 10 10 2 8 10 2 2 2 2 2 1 10 2 8 10 2 8 2 1 1 10 1 1 2 1 10 2 8 2 10 2 2 10
left_child=2 15 5 7 9 -1 12 8 -3 24 57 53 22 27 19 17 -17 18 26 20 21 -12 35 41 -4 37 -2 28 29 -11 -30 -8 33 -13 -26 46 -37 38 -16 40 -29 -14 45 -44 -15 -38 -5 -34 -18 -50 51 52 -19 54 55 -6 -55 -9 -56 60 -33 -62
right_child=1 3 4 6 11 -7 31 10 -10 13 14 32 23 44 25 16 48 50 -20 -21 -22 -23 -24 -25 34 -27 -28 39 30 -31 -32 59 47 -35 -36 36 42 -39 -40 -41 -42 -43 43 -45 -46 -47 -48 -49 49 -51 -52 -53 -54 56 58 -57 -58 -59 -60 -61 61 -63
leaf_value=0.043067171292587025 -0.00042098894711022604 0.025898781133567007 0.0050857638711788453 0.0014432524483849298 -0.0012412422255389153 0.0077440978862640536 0.0061992017027155885 -0.00077471038432998067 0.0032868606903249374 0.00499977044898428 0.0016894454833247597 0.0022346469405712006 0.00075688025457849037 0.007080985788912965 0.0097747628576215443 -0.0031021161339689074 -0.0013392977868526687 0.0047353240489194188 0.004188283377857184 0.0042740314181311453 0.0047547402173498711 0.012897959807553289 -0.0021132824905863465 -0.00087234318742843609 0.012725049148893339 -0.00031169112026046354 0.0018836808219396504 0.0074282274685259194 -0.0012239583141773146 0.011182209364099265 0.0065816333149279109 -0.0026412386837406984 -0.0008003910920173819 0.014482807409426769 0.0065831551638222546 0.0060615579271587486 0.0044780233982807663 -0.00092625281632833254 0.0013409142612351031 -0.00073401638347761738 -0.00015978082851982685 0.010657498855065698 0.0082159989336462701 0.0032599351144682789 0.0066618064816470661 -0.0010031219427579445 -0.00091632096158039385 0.001562983984523543 0.0037081313530128953 -0.0028375605890398614 -0.0014303594125642809 -0.00015995317805717914 -0.00012796513574145596 0.008745106830302064 0.0019702428486980156 0.0055363421551747538 4.3864203535542816e-05 0.0018512261538055318 0.014787330487182077 -0.0030524881439139479 0.00093748826694585528 -0.0035068150392673957
leaf_weight=63 415 60 52 418 58 187 71 894 81 215 46 439 892 40 65 2924 4023 43 61 422 69 60 205 6119 44 569 40 47 116 51 40 1170 704 59 70 69 71 64 71 244 53 52 47 78 64 162 305 485 44 2738 1879 397 60 43 53 73 178 154 56 3228 936 364
leaf_count=63 415 60 52 418 58 187 71 894 81 215 46 439 892 40 65 2924 4023 43 61 422 69 60 205 6119 44 569 40 47 116 51 40 1170 704 59 70 69 71 64 71 244 53 52 47 78 64 162 305 485 44 2738 1879 397 60 43 53 73 178 154 56 3228 936 364
internal_value=-0.000656993 -0.0011673 0.00370597 -0.000418684 0.00300785 0.0125498 -0.000823585 0.00182903 0.00841549 0.00546769 0.00144099 0.00181945 -0.00024231 0.0043628 0.00281046 -0.00216 -0.00252261 -0.000940954 0.00193548 0.00512542 0.00951704 0.0142056 0.00162884 -0.000602913 0.0111976 0.00104545 0.000274122 0.0034159 0.00540416 0.00794007 0.00140127 -0.00167158 0.000956752 0.00322645 0.0146087 0.00243267 0.00470794 0.00497512 0.00781022 0.000788731 0.0054054 0.00146032 0.00281337 0.00694444 0.0112381 0.000576922 0.00108425 4.20049e-06 -0.00199897 -0.00283208 -0.00156695 0.00068493 0.00557017 0.00496753 0.00737052 0.00337121 0.0019181 -0.000368273 0.0127727 -0.00176171 -0.000930798 0.000192159
internal_weight=32800 29366 3434 16742 3184 250 14187 2555 141 1036 2414 2148 8418 870 1366 12624 9729 2895 516 597 175 106 1355 7063 166 769 455 766 422 266 156 5769 1687 498 114 1150 427 200 136 344 100 944 358 125 104 233 723 1189 6805 2782 2379 500 103 461 240 131 221 1048 109 5698 2470 1300
internal_count=32800 29366 3434 16742 3184 250 14187 2555 141 1036 2414 2148 8418 870 1366 12624 9729 2895 516 597 175 106 1355 7063 166 769 455 766 422 266 156 5769 1687 498 114 1150 427 200 136 344 100 944 358 125 104 233 723 1189 6805 2782 2379 500 103 461 240 131 221 1048 109 5698 2470 1300
cat_boundaries=0 1 2 3 4 5 6 7 8 9 10 11
cat_threshold=5666 2064 196 4240 4872 704 7239 19 16 1296 2172
is_linear=0
shrinkage=0.05


Tree=25
num_leaves=63
num_cat=3
split_feature=0 10 0 39 9 7 17 10 8 27 18 13 9 30 31 9 14 19 10 27 8 10 10 39 20 11 26 0 9 33 7 10 41 12 13 20 8 26 11 13 39 10 14 8 13 26 27 19 9 26 0 33 18 19 12 8 11 10 8 41 11 10
split_gain=27.7788 8.82833 6.44236 6.02323 4.9987 3.58787 3.07022 2.51035 2.62672 2.49875 4.59551 2.36491 2.25611 2.25681 2.05272 2.03005 2.25158 2.46364 1.96832 1.91272 1.87202 1.93015 1.87195 1.77975 1.72541 1.71828 1.64549 1.61022 1.59674 1.63157 1.74882 1.59727 1.59155 1.68222 1.56249 1.637 1.54881 1.52569 1.50095 1.96344 1.67668 2.07204 1.81954 2.03516 1.49532 2.1761 1.85606 1.94456 1.48542 1.80467 2.05677 2.81634 1.82031 2.67897 2.3737 1.47296 1.47216 1.45224 1.39779 1.26319 1.24387 1.22716
threshold=-0.20479395810076537 -0.090228868321766673 -0.51082562376599172 0 0.37368425194458915 7.9003608749810637 -0.208991073731537 -0.055716597180183396 0.42480303328175523 25.500000000000004 -0.34297959288713387 0.95608932427935545 0.14639411226092758 0.15000000000000005 350.35000000000008 0.19486890246500807 -0.17176670775777864 -0.12642506957283631 -0.5607394051466893 3.5000000000000004 0.82349505186854433 -0.37091873063222985 -0.39525053920685499 1 -0.0083717350982687438 7.5000000000000009 27.500000000000004 0.27541337359013213 0.23243734108894684 26.864285714285721 7.4806403230293297 0.15026111306560355 2.8380986937590715 27.500000000000004 0.79999935135065015 -0.060902731374599277 1.1217196246901404 12.500000000000002 50.500000000000007 1.719200561797753 2 -0.25026638054773404 0.075725040681089886 0.10983662028890183 1.2852733214497922 23.500000000000004 34.500000000000007 -0.087860738990829676 0.094341204080076221 36.500000000000007 0.015387226405889189 29.221428571428579 0.5142939045181204 0.092953203051585206 27.500000000000004 0.46876809797427638 18.500000000000004 0.056228324873122577 0.16196669113908108 795.07377049180343 28.500000000000004 0.14412888360596157
decision_type=2 2 2 1 10 2 2 2 10 2 10 2 10 2 2 10 2 2 2 2 8 2 2 1 10 2 2 2 10 2 2 2 2 2 2 10 8 2 2 2 1 2 2 10 2 2 2 2 10 2 2 2 10 2 2 10 2 2 10 2 2 2
left_child=2 4 7 23 6 11 15 8 22 10 -10 48 13 -13 27 -2 56 -18 -12 37 21 24 -1 -3 -6 26 -8 61 -4 -30 31 44 -19 -34 -23 -36 -21 -7 -27 40 41 42 43 -40 46 -46 47 -31 -5 -50 51 52 54 -54 57 -11 -17 -51 60 -52 -56 -14
right_child=1 3 28 5 20 19 25 -9 9 55 18 12 14 -15 -16 16 17 32 -20 36 -22 34 -24 -25 -26 38 -28 -29 29 30 -32 -33 33 -35 35 -37 -38 -39 39 -41 -42 -43 -44 -45 45 -47 -48 -49 49 50 59 -53 53 -55 58 -57 -58 -59 -60 -61 -62 -63
leaf_value=0.00038983543057910665 0.00039499095297017121 -0.0029411561692489277 0.00097878495999677686 -0.0036571312449375872 0.01220811656736645 0.0028340028443024808 0.0057619166284333572 -0.00028736498288269648 0.016091819976444221 0.011653483520580703 0.022235901695878638 -0.0023797399708364777 0.0042048859755651194 0.0048228766838457442 0.0079287502677659934 0.007363122151780652 0.00072413563334527975 0.0065449378269733976 0.0039189410242870216 -0.0022831425341636982 -0.0049016412959934494 -6.6892864269104278e-05 0.0048036541513927639 -0.0022070535534075928 0.022116831307534154 -0.0012448634858509427 -0.0005233348690421956 -0.0030390946602114628 0.0045671452338601082 0.013684685339676053 0.0015711253481274206 -0.00082430078053754663 0.014195790957828955 0.0055083477306255213 0.084034894345634964 0.0055779883911079887 0.0085298292839160305 -0.00088464807715305264 0.0079246875470668065 0.0041513697657078871 -0.00080144363993177878 -2.2547808719340386e-05 -2.0381033454584884e-05 0.0043496416037648788 0.013199508956794807 0.0013331390427478143 0.0018338085598896652 0.0048380742895775064 -0.0012184325657645942 0.0099457973049705793 -0.00086959554516543149 -0.00099995269748078095 -0.003608395800543908 0.0056027217698389354 0.00065346609066381815 0.0079116191814929404 0.00020541342729520223 0.0049727420933409223 -0.001680644847482377 0.0086080598110416275 0.0064929938706899618 -5.0036401703099786e-05
leaf_weight=165 1039 2841 1498 752 71 138 58 78 80 46 40 45 616 87 51 52 87 41 72 5618 66 129 110 5457 44 2523 51 401 116 64 701 70 57 49 60 133 46 341 43 71 1076 750 112 105 53 47 209 154 3520 43 914 279 98 46 41 201 281 51 65 43 43 715
leaf_count=165 1039 2841 1498 752 71 138 58 78 80 46 40 45 616 87 51 52 87 41 72 5618 66 129 110 5457 44 2523 51 401 116 64 701 70 57 49 60 133 46 341 43 71 1076 750 112 105 53 47 209 154 3520 43 914 279 98 46 41 201 281 51 65 43 43 715
internal_value=-0.000709656 -0.00122796 0.00336842 -0.00171243 0.00033483 -0.00107527 -4.29968e-05 0.00736444 0.00829371 0.0106932 0.0149741 -0.000364871 0.00116127 0.00744361 0.000692263 0.00184816 0.00425176 0.008 0.00831858 -0.00197998 0.00512897 0.00631278 0.0044384 -0.00277892 0.0118534 -0.000677454 0.0055 0.000398152 0.00227944 0.0034841 0.00297152 0.00495819 0.0119257 0.0151402 0.0043034 0.00713917 -0.00223654 0.00105208 -0.000822475 0.000145967 -0.000134165 0.00132223 0.00517241 0.00879195 0.00589962 0.0113861 0.00459112 0.00780822 -0.000860754 -0.000556961 0.000822043 0.00295352 0.00570876 0.00124138 0.00834016 0.00731855 0.0016018 0.0145263 0.00436667 -0.00066284 0.00858823 0.00123498
internal_weight=32853 29149 3704 22251 6898 13953 6395 792 714 439 192 7810 1915 132 1783 1606 567 234 112 6143 503 437 275 8298 115 4789 109 1732 2912 1414 1298 597 147 106 322 193 5664 479 4680 2157 2086 1010 260 148 527 100 427 218 5895 5143 1623 666 387 144 243 247 333 94 149 957 84 1331
internal_count=32853 29149 3704 22251 6898 13953 6395 792 714 439 192 7810 1915 132 1783 1606 567 234 112 6143 503 437 275 8298 115 4789 109 1732 2912 1414 1298 597 147 106 322 193 5664 479 4680 2157 2086 1010 260 148 527 100 427 218 5895 5143 1623 666 387 144 243 247 333 94 149 957 84 1331
cat_boundaries=0 1 2 3
cat_threshold=87 4 7188
is_linear=0
shrinkage=0.05


Tree=26
num_leaves=63
num_cat=4
split_feature=0 1 9 1 2 40 10 24 18 27 13 18 24 26 26 1 10 13 42 33 42 3 5 9 41 33 24 24 0 20 0 14 16 30 9 26 10 13 4 16 13 37 6 21 17 10 33 21 26 21 41 3 18 0 16 1 8 8 13 42 10 42
split_gain=21.7477 11.2115 5.66808 4.55409 3.84906 2.82737 2.79979 2.42818 2.28764 2.25882 2.16021 2.46505 2.15906 2.13608 2.18277 2.45876 2.08699 2.06171 2.03918 1.86434 1.79034 2.50731 1.74247 1.71382 2.41112 1.62916 1.53776 1.51008 1.46768 1.3787 1.30704 1.39373 1.32551 1.27473 1.26759 1.24758 1.23569 1.1859 1.15929 1.14568 1.11164 1.1086 1.12111 1.23167 1.22921 1.16441 1.11677 1.08451 1.08451 1.78645 1.31454 1.08414 1.08382 1.22209 1.25519 1.06985 1.72459 1.60879 1.19 1.13481 1.06661 1.05612
threshold=-0.405465108108165 -0.084557388028062327 0.26707272249956099 -1.0166260796052302 -0.51082562376598994 2.5000000000000004 0.099408355140270924 0 -0.045096581511312281 3.5000000000000004 0.47524812518469733 -3.6581887824888137 1 29.500000000000004 4.5000000000000009 -0.35647490392806208 -0.34929059831850301 2.2706234199953257 0.90754985754985762 27.107142857142858 0.70750469043151976 0.10536051565782635 7.0964049450296942 0.34812275520351327 197.37023809523811 38.492857142857154 2 3 -0.12516314295400607 -0.0065872006477387538 -0.039220713153281121 2.0012882824163647 1.0000000180025095e-35 0.15000000000000005 0.53860638020041185 49.500000000000007 0.60727478340006613 0.87515821656505166 0.02535669806266139 -0.19157840178633598 0.87035854733035767 38.500000000000007 7.8407651924183082 1699.5000000000002 -0.53607604054036329 -0.022054419649996323 29.550000000000008 1368.0100000000002 36.500000000000007 4503.545000000001 588.66377049180335 0.12783343969177577 -0.021201180237142448 -0.18896706402641913 0.82924853729383441 -0.25264744595447824 0.4327588816598133 0.29658623120008121 1.0000037500093755 0.94849690539345721 -0.018486420767782615 0.97646733111849404
decision_type=2 2 8 2 2 2 2 1 10 2 2 10 1 2 2 2 2 2 2 2 2 2 2 10 2 2 1 1 2 10 2 2 2 2 10 2 2 2 2 2 2 8 2 10 2 2 2 10 2 8 2 2 10 2 2 2 10 8 2 2 2 2
left_child=3 4 5 -1 13 12 7 9 26 37 -7 -12 33 14 -2 22 29 27 23 60 21 -14 -16 -10 -25 -21 41 48 -20 -11 31 32 -13 -3 -29 -8 -37 -4 -26 -30 52 -6 43 -43 46 -46 -45 -17 50 -50 55 -41 53 -22 -55 56 57 58 -5 -58 -18 -28
right_child=1 2 6 17 8 10 35 -9 18 16 11 30 20 -15 15 47 19 -19 28 25 40 -23 -24 24 38 -27 61 34 39 -31 -32 -33 -34 -35 -36 36 -38 -39 -40 51 -42 42 -44 44 45 -47 -48 -49 49 -51 -52 -53 -54 54 -56 -57 59 -59 -60 -61 -62 -63
leaf_value=0.037308793380000288 -0.0012156885533552205 -0.001367401925862271 0.0061256029154177884 0.004898261284144818 -0.0015644240520573307 -0.0028997515756817513 -0.0016351933079498126 -0.00064527282687187556 0.000283376904430939 0.013339399993534801 0.0036577599585241255 0.00029794223772083048 0.0053604369246601589 0.0033013994923449686 0.0037801110520550535 0.0062324584829203155 0.0094349216026588453 0.0081589913983006659 0.00014211657308928579 0.00013738625421695695 0.0019547755129404941 -0.0028664752484447113 0.013899861071924547 0.0012509429549124149 0.016812117453946909 0.0093479279945112518 0.0005272365442736698 0.0010867263601385723 0.00049979123050293475 0.001253107432503581 -0.0025514558938066682 0.001711711321024564 -0.0018652485817237802 0.00017261440234075766 0.0081773994566283013 0.0048158778898920026 -0.0043854107094662134 0.010607725738826151 0.0076576927985783517 -0.0017389867268850522 -0.00043797921942044846 0.0015177661115901493 0.00083329376054377025 0.010309707380723461 0.00070152131280855053 0.0043474406521256453 0.0018440350923890571 -0.0010276429874718643 0.0063276218302759646 0.0094202471044228936 0.0083655716349039285 0.00036937781961379317 -0.0032087509915086766 -0.0020375510392008022 0.0044612763943013885 0.00036396289381089803 0.0024359429946320833 -1.8872131310973201e-05 0.00123591392170981 0.011125595061087517 0.0045896556173393409 -0.001576082696137588
leaf_weight=77 48 1390 40 40 52 3011 2506 725 881 53 75 629 73 263 40 58 49 67 1431 784 48 66 78 121 40 68 902 365 392 50 4596 41 611 2472 62 99 41 54 40 1606 1061 550 1000 59 134 40 66 45 100 60 51 323 2816 1590 42 140 40 129 40 51 56 286
leaf_count=77 48 1390 40 40 52 3011 2506 725 881 53 75 629 73 263 40 58 49 67 1431 784 48 66 78 121 40 68 902 365 392 50 4596 41 611 2472 62 99 41 54 40 1606 1061 550 1000 59 134 40 66 45 100 60 51 323 2816 1590 42 140 40 129 40 51 56 286
internal_value=-0.000744562 -0.000998509 -0.00156984 0.00579722 0.000558774 -0.0019574 1.65697e-05 0.00149202 0.000282053 0.00290129 -0.00259538 -0.00204267 -0.00135893 0.00467167 0.0077963 0.00988739 0.00226202 0.00499564 -0.000397106 0.00152923 -0.00197652 0.00360714 0.0147899 0.00151431 0.00566832 0.000750292 0.00134466 0.00445783 -0.000948576 0.00899038 -0.00215805 -0.000744931 -0.00104754 -0.000441519 0.00197488 -0.00103136 0.0035461 0.0103158 0.0123457 -0.00172481 -0.00212037 0.00222019 0.00243513 0.00377059 0.00635 0.0036 0.010119 0.00418269 0.00595921 0.00962733 0.00486788 -0.00222539 -0.00246387 -0.00145747 -0.00169014 0.00396825 0.00564784 0.00311905 0.00864197 0.0113587 0.00778302 -7.50637e-05
internal_weight=32723 31501 23046 1222 8455 18521 4525 1879 7923 1154 8963 5952 9558 532 269 221 1060 1145 4834 957 5696 139 118 1082 201 852 3089 1078 3752 103 5877 1281 1240 3862 427 2646 140 94 80 2321 5557 1901 1849 849 299 174 125 103 651 160 491 1929 4496 1680 1632 440 300 209 80 91 105 1188
internal_count=32723 31501 23046 1222 8455 18521 4525 1879 7923 1154 8963 5952 9558 532 269 221 1060 1145 4834 957 5696 139 118 1082 201 852 3089 1078 3752 103 5877 1281 1240 3862 427 2646 140 94 80 2321 5557 1901 1849 849 299 174 125 103 651 160 491 1929 4496 1680 1632 440 300 209 80 91 105 1188
cat_boundaries=0 1 2 3 4
cat_threshold=19 17 19 26
is_linear=0
shrinkage=0.05


Tree=27
num_leaves=63
num_cat=3
split_feature=0 2 1 39 22 7 13 0 39 10 26 10 13 0 13 23 6 14 22 2 1 10 1 6 33 29 42 21 17 18 1 0 10 17 18 22 39 22 15 13 20 9 26 17 22 33 26 20 23 14 26 6 15 10 33 41 0 42 0 3 18 14
split_gain=19.8249 7.08734 5.63223 4.79424 3.17865 2.94933 4.09304 2.86472 2.84418 2.8329 2.52658 2.50006 2.33616 2.25041 2.22503 2.05498 2.03985 1.73024 1.69873 1.58114 1.56259 1.58229 1.51542 1.4389 1.41849 2.33254 1.61808 1.37649 2.30553 1.54366 1.5824 1.36099 1.55994 1.93291 1.35139 1.32485 1.52547 1.27991 1.24965 1.22961 1.38527 1.22354 2.90822 1.21646 1.20227 1.18616 1.18065 1.14566 1.13623 1.09906 1.31306 2.51083 2.7034 1.5349 1.8758 2.66361 1.09094 1.07976 1.07702 1.13094 1.07039 1.0312
threshold=-0.21611789971867387 -0.17625730556669247 -1.0166260796052302 0 -0.43673554037991347 7.8049921591054279 0.83999916000168007 -0.45675840249571514 1 -0.26364949900765783 17.500000000000004 -0.055716597180183396 2.5909391534391539 1.0000000180025095e-35 1.4285721938802844 -0.91491898890127954 7.1749924454107505 -0.15415067982725814 -0.05731889918242191 -0.51082562376598994 -0.039209971034698025 -0.26364949900765783 -0.13975698957884439 7.7099323301642135 26.807142857142864 1.0000000180025095e-35 0.92172181372549034 4317.2650000000012 -0.098705917322996259 1.0177443883743198 -0.51082780023419472 0.08894804267163138 -0.0022340140519752079 0.26626447522456181 0.33007604493142406 -0.20906821239663373 2 -0.041621424690881953 0.51043137970850616 0.49411776332185409 -0.07551538202006719 0.1385286437824205 35.500000000000007 -0.083060119452976963 -0.17176777979965563 29.150000000000002 39.500000000000007 0.078202032035325567 -0.18232155679395476 1.2782673163080747 37.500000000000007 7.2803427627191208 0.51082562376599072 0.34268257538517283 29.88571428571429 24.142893145161292 -0.036367644170874673 0.81602564102564112 0.19343424878307805 0.057158413839948803 0.49748917028733591 0.32907892837663782
decision_type=2 2 2 1 10 2 2 2 1 2 2 2 2 2 2 8 2 2 8 2 2 2 2 2 2 2 2 10 2 10 2 2 2 2 10 10 1 10 2 2 10 10 2 2 8 2 2 10 8 2 2 2 2 2 2 2 2 2 2 2 10 2
left_child=2 4 17 14 12 6 18 11 9 -6 57 27 19 61 39 16 -12 -1 24 22 21 -20 34 -23 25 -5 31 29 -29 47 -31 32 33 -26 -2 36 -9 -15 -11 -3 56 42 -17 60 -16 -46 -38 -4 -49 50 -43 52 58 54 55 -53 -41 -8 59 -52 -10 -7
right_child=1 3 7 5 8 13 10 35 43 38 15 -13 -14 37 44 41 -18 -19 20 -21 -22 23 -24 -25 26 -27 -28 28 -30 30 -32 -33 -34 -35 -36 -37 46 -39 -40 40 -42 49 -44 -45 45 -47 -48 48 -50 -51 51 53 -54 -55 -56 -57 -58 -59 -60 -61 -62 -63
leaf_value=0.034761995542625525 0.005015013505950662 -0.0027229549583946875 0.0024495918058840124 -0.0010117904692426136 0.0098100206666375152 -0.00040287993088399448 0.012581094284377078 0.0040125397636997153 8.6322775037604683e-05 -0.00040780237021925317 0.0019775093445568606 -0.00075933513196163095 0.010769844305365477 -0.001945420215765445 0.0035614333036054361 0.004579732836267324 0.0082778600635884467 0.024859867217744091 0.0029797187571217361 0.00086779914275572103 -0.0025230576153346409 -0.0012862996398561872 0.0021759898781388088 0.0018563360468257344 0.0058701664163790497 0.0076960022455809796 -0.00094164021338705216 0.0085417995902038607 0.0046341766962344324 0.0052478698441703791 0.014488326371768227 -0.0025305021293095869 0.00097047247497661609 0.0073150944344621549 0.011454191246979295 -8.8824229661379624e-05 -0.00032187074368587328 -0.0033254021427396559 0.0035726853696044941 0.0028079815692366866 -0.0019587688312985383 0.00050505499210685132 -0.00096149435361986496 -0.00152597751264664 0.0030741934869583931 -0.0007881165875180565 0.0023752674086127763 0.012966243962369657 0.0051431892501390972 -0.003725259472886636 0.00016886549558636627 0.0062943299429005914 0.01640394825657638 -0.0036829835857433465 -0.0013388950694543352 0.00079057617144932834 -0.00069828971091858805 -0.0013225805067380886 -0.0014544787601977094 0.0069035020635648398 0.0076546798231634369 -0.0018606606599898769
leaf_weight=43 110 2264 376 91 48 4595 55 854 552 133 43 116 50 3370 84 74 59 45 40 1647 2749 595 126 104 44 65 1330 81 58 50 40 140 155 41 73 708 624 2147 41 40 3015 884 67 1428 40 241 216 51 158 115 41 63 40 114 109 94 52 879 56 79 40 1182
leaf_count=43 110 2264 376 91 48 4595 55 854 552 133 43 116 50 3370 84 74 59 45 40 1647 2749 595 126 104 44 65 1330 81 58 50 40 140 155 41 73 708 624 2147 41 40 3015 884 67 1428 40 241 216 51 158 115 41 63 40 114 109 94 52 879 56 79 40 1182
internal_value=-0.000737853 -0.00115695 0.00286466 -0.00147593 0.000731936 -0.00109876 -0.000372832 0.00253225 -0.000561749 0.00467811 0.00118644 0.00488722 0.00217738 -0.00162196 -0.00274578 0.0022621 0.00912621 0.0152809 -0.00118021 0.00190087 -0.00183147 0.000209458 0.00517742 -0.000350001 3.74921e-05 0.00458599 -0.000379896 0.00586503 0.0103929 0.00491864 0.010989 0.00249344 0.00477178 0.0101744 0.00807065 0.00161881 0.00237758 -0.00234415 0.00188571 -0.00300726 -0.00236004 0.00185377 0.00630282 -0.00115707 0.00102459 -0.000549647 0.000822561 0.00396758 0.00692857 0.00145677 0.00182309 0.00363484 0.00792627 0.0011811 0.00325843 0.00674051 0.00365591 -0.000930482 0.00519774 0.00785124 0.000741989 -0.000931985
internal_weight=32824 29404 3420 25156 4248 19420 8126 3332 2242 222 2772 930 2006 11294 5736 1838 102 88 5354 1956 3488 739 309 699 1866 156 1710 814 139 675 90 380 240 85 183 2402 1694 5517 174 5371 3107 1736 141 2020 365 281 840 585 209 1595 1480 596 216 380 266 157 92 934 176 120 592 5777
internal_count=32824 29404 3420 25156 4248 19420 8126 3332 2242 222 2772 930 2006 11294 5736 1838 102 88 5354 1956 3488 739 309 699 1866 156 1710 814 139 675 90 380 240 85 183 2402 1694 5517 174 5371 3107 1736 141 2020 365 281 840 585 209 1595 1480 596 216 380 266 157 92 934 176 120 592 5777
cat_boundaries=0 1 2 3
cat_threshold=6 196 6444
is_linear=0
shrinkage=0.05


Tree=28
num_leaves=63
num_cat=13
split_feature=0 2 9 1 0 5 19 1 10 25 24 7 30 37 13 39 24 27 41 16 10 3 10 25 24 5 7 41 31 10 39 26 33 39 2 3 30 0 16 13 25 8 30 13 39 13 0 33 0 19 8 31 7 10 33 1 24 2 37 25 39 10
split_gain=17.1142 6.6772 4.96186 4.38834 4.25552 3.40063 3.01856 2.95999 2.08196 2.06981 2.05984 2.55041 2.07451 2.04133 1.58182 1.576 2.00373 1.80335 2.06977 1.48446 1.66027 1.4628 1.41421 1.41241 1.41191 1.34263 1.32602 1.32174 1.46269 1.30131 2.45426 1.24529 2.04576 2.76326 1.8272 1.41913 1.8312 1.23793 1.57817 1.22003 1.19125 1.29611 1.2256 1.15046 1.38432 1.69727 1.142 1.13442 1.13166 1.10957 1.3787 1.09512 1.22114 1.21672 1.09662 1.09215 1.08262 1.254 1.49938 1.07366 1.50446 1.05749
threshold=-0.25131442828090605 -0.13857134605667107 0.090911520601662479 -0.61981900612238972 -0.71117335662225656 8.3578362058487112 1.0000000180025095e-35 -0.0098520984232490765 -0.93835219657335311 0 1 6.7835899871081047 107.00000000000001 3.5000000000000004 1.5059779185907269 2 3 3.5000000000000004 5.8009259259259265 0.39912339658696611 0.085868538585498935 0.16807005531000788 0.073838679314875769 4 5 8.2256604963278495 7.6912087962762312 72.396721311475417 12.200000000000005 -0.053807081925425042 6 37.500000000000007 27.050000000000004 7 -0.21622310846963574 -0.22724593108823751 10.750000000000002 -0.48550529174475571 -0.32537798954504832 0.53011632849350254 8 0.5544979147430823 5.6500000000000012 0.37500011718757331 9 0.7747113310493593 -0.14995184700254646 29.221428571428579 0.058907689223898892 -0.040825753983992984 0.092118687641023239 7.2500000000000009 7.0963405280023366 -0.087918898463935843 33.578571428571443 -0.19105523676270894 10 0.061852636719389682 41.500000000000007 11 12 -0.055716597180183396
decision_type=2 2 10 2 2 2 2 2 2 1 1 2 2 10 2 1 1 2 2 2 2 2 2 1 1 2 2 2 2 2 1 2 2 1 2 2 2 2 2 2 1 8 2 2 1 2 2 2 2 2 8 2 2 2 2 2 1 2 10 1 1 2
left_child=4 3 43 -2 5 8 13 9 -1 15 11 23 25 14 31 16 17 -4 19 20 47 -17 -23 -9 -11 46 -18 28 -16 30 -12 -5 34 -34 -33 39 -37 38 -6 -35 -10 -42 -43 -3 45 -45 -13 -19 -25 50 -26 54 -53 -54 -32 -20 57 -46 -59 60 -31 -40
right_child=1 2 7 6 37 -7 -8 10 40 24 29 12 -14 -15 27 21 26 18 55 -21 -22 22 -24 48 49 -27 -28 -29 -30 59 51 32 33 35 -36 36 -38 -39 61 -41 41 42 -44 44 56 -47 -48 -49 -50 -51 -52 52 53 -55 -56 -57 -58 58 -60 -61 -62 -63
leaf_value=0.02323741094181047 0.011266742184840514 -0.0026981512147499229 0.0072028337232337113 0.00037444952392550021 0.0059834884131235253 0.022387584715650888 -0.00058496410977108002 -0.00046838742133472456 2.5336361208864078e-05 0.00018810015848887203 -0.0013981551588811523 0.008395709945615509 0.001843053813555233 -0.0020484792958253141 0.0021824606951728622 -0.00083754257467530369 0.0033528798677269138 0.006716187249124695 0.0033409800559233609 0.00066588584972470397 0.0016512939445891958 0.0050342969033213497 0.001735818898291914 0.006395948559031835 0.0017334928069693478 -0.0024111120217646985 -0.00051508364701251404 0.0018668352177006596 0.012826788921060803 0.00020517282873337711 -0.0030329793227525824 0.004366585967501716 -0.00087983116772439142 0.0037785966716053472 0.0023127222675145579 -0.00049583689708707719 0.002698108045114795 0.0018370041978961812 0.0038260860926402 0.0044664014087315495 0.010869227637502407 -0.0029647403958004657 0.0075503014392048831 -0.00059632515548573863 -0.0021903703988135777 0.0029448241174171584 -0.00071650803116540362 0.0034680545614581694 0.0018061574236843748 -0.0015738649332055149 -0.00035210657353771735 0.0040710721850831313 2.2249747908320833e-05 0.0086903283374017964 0.0072768703349634228 -3.9621683033491765e-05 -0.0032025824179002099 -0.00094645153838542994 0.0028647713288613231 -0.0030658374080031708 -0.0031012521780844553 -0.0017173837441167702
leaf_weight=44 136 1238 51 1639 177 43 3071 192 107 1704 723 51 157 145 40 812 72 40 55 49 62 46 168 107 128 1360 358 113 45 953 73 47 249 42 40 134 45 1877 322 67 52 46 47 230 1599 53 2910 46 204 1718 596 40 100 45 61 283 1527 572 66 4842 822 63
leaf_count=44 136 1238 51 1639 177 43 3071 192 107 1704 723 51 157 145 40 812 72 40 55 49 62 46 168 107 128 1360 358 113 45 953 73 47 249 42 40 134 45 1877 322 67 52 46 47 230 1599 53 2910 46 204 1718 596 40 100 45 61 283 1527 572 66 4842 822 63
internal_value=-0.000745147 -0.00109366 -0.00146036 0.000427415 0.00300828 0.00825 0.000213983 -0.00108025 0.0062963 -0.000184199 -0.00151887 -0.000722157 -0.00110293 0.00146528 0.00180544 0.00111544 0.00250243 0.00438861 0.00359142 0.00765151 0.0101342 -0.000270011 0.00339535 0.00264881 -0.000825115 -0.00130842 -0.00011338 0.0060804 0.0107558 -0.00203325 -0.000393098 0.00142889 0.003328 0.00216543 0.0103977 0.00538461 0.00280555 0.00227664 0.00433392 0.0100455 0.00450593 0.00721154 0.00409574 -0.00281404 -0.00240489 0.000969387 -0.00071067 0.0145977 0.00464286 -0.00159397 4.13781e-05 0.00319697 0.00577957 0.00359589 -0.000148149 0.00120944 -0.00265431 -0.00192838 -6.2599e-05 -0.0022945 -0.00121781 0.00252591
internal_weight=32704 29926 24113 5813 2778 339 5677 18828 296 6188 12640 4981 4478 2606 2461 2042 1016 586 535 197 148 1026 214 503 4146 4321 430 198 85 7659 1042 2263 624 537 87 288 179 2439 562 109 252 145 93 5285 4047 283 2961 86 311 2442 724 319 185 145 134 338 3764 2237 638 6617 1775 385
internal_count=32704 29926 24113 5813 2778 339 5677 18828 296 6188 12640 4981 4478 2606 2461 2042 1016 586 535 197 148 1026 214 503 4146 4321 430 198 85 7659 1042 2263 624 537 87 288 179 2439 562 109 252 145 93 5285 4047 283 2961 86 311 2442 724 319 185 145 134 338 3764 2237 638 6617 1775 385
cat_boundaries=0 1 2 3 4 5 6 7 8 9 10 11 12 13
cat_threshold=2593 17 5784 7 1225 18 7687 3329 1165 2049 19 2128 7720
is_linear=0
shrinkage=0.05


Tree=29
num_leaves=63
num_cat=9
split_feature=0 39 0 1 10 22 7 25 1 10 22 10 27 16 5 18 1 33 14 14 3 25 27 0 39 20 34 11 33 23 17 1 22 37 24 7 5 25 23 20 4 25 18 27 22 16 41 30 12 42 5 3 5 22 25 18 14 5 39 6 11 31
split_gain=20.1755 6.06466 5.31215 3.49313 2.95131 2.89218 2.51135 2.27588 2.24581 1.85527 1.62172 1.6138 1.54661 1.85816 1.75967 1.54374 2.0819 1.84752 1.51821 2.77538 1.49223 1.47773 1.6426 1.78249 1.596 1.48779 1.46974 1.70841 1.46268 1.69695 1.41676 1.43657 1.41563 2.79593 1.40646 1.47137 1.44689 1.36938 1.34581 1.65996 1.33404 1.30719 1.28948 1.24647 1.50528 1.50372 1.24105 1.22798 1.30039 1.20657 1.20563 1.20389 1.15595 2.19688 1.13312 1.09483 1.07836 1.19939 1.15471 1.07569 1.51483 1.52364
threshold=-0.16251892949777466 0 -0.51082562376599172 -0.015168078460880972 -0.93835219657335311 -0.42871697973730688 7.906396455650424 1 -0.51082780023419472 -0.010652941766023714 -0.081752960802294175 -0.48174125522451566 3.5000000000000004 -0.24262317184617818 8.2453594800301868 -1.3025340583251113 -0.61981900612238972 38.96428571428573 -0.048283394064970502 0.13060068379171522 0.26641092220143398 2 30.500000000000004 -0.21611789971867387 3 -0.004674971834650616 1.0000000180025095e-35 47.500000000000007 26.864285714285721 0.82588208161108634 -0.15442649672619715 -0.47000362924573519 -0.1772039138917666 41.500000000000007 4 6.9810726929576008 6.8154803717997234 5 -0.46262352194811307 -0.0029709507516068865 -0.14949538210616173 6 0.42130695709735816 3.5000000000000004 -0.87372937832189967 0.22314355131420979 40.197056277056284 101.70000000000003 73.500000000000014 0.87206764866339348 7.7757558174169139 0.021981080627092812 7.8152702296861447 -0.59300523485780443 7 0.42810885298788887 0.15118479954059497 8.2352765923894271 8 6.9824908791195837 57.500000000000007 7.8500000000000014
decision_type=2 1 2 2 2 10 2 1 2 2 8 2 2 2 2 8 2 2 2 2 2 1 2 2 1 10 2 2 2 8 2 2 8 8 1 2 2 1 8 10 2 1 8 2 8 2 2 2 2 2 2 2 2 10 1 10 2 2 1 2 2 2
left_child=2 32 4 5 -1 11 7 20 55 -8 -9 18 13 -7 51 16 -6 37 -3 -20 26 22 23 24 -10 -26 38 -28 29 -22 31 -14 33 -2 35 36 -13 52 39 -5 -35 -36 -37 -23 45 -45 -16 -12 -49 -39 -42 -15 -17 -54 -33 -4 57 58 -24 60 -40 -62
right_child=1 3 8 6 15 12 9 10 21 -11 47 34 30 14 46 17 -18 -19 19 -21 28 43 56 -25 25 -27 27 -29 -30 -31 -32 54 -34 40 41 42 -38 49 59 -41 50 -43 -44 44 -46 -47 -48 48 -50 -51 -52 -53 53 -55 -56 -57 -58 -59 -60 -61 61 -63
leaf_value=0.033658683820257981 -0.0020762179325315815 -0.00098438910632867526 0.0044607255900823437 0.00022940363622279324 0.0014196772903778887 -0.0015334060677636881 -0.0006785098858288765 8.2664995864863833e-05 0.0014197490764610537 -0.0026667239548353963 -0.002171821622152798 0.0034584902807408592 0.005699307897301031 -0.0011156290108304265 0.0029225548148813611 0.00620708337119108 0.0091415689962033152 0.013335187336346522 0.019325293465131961 -0.0014962882828656267 0.0069289324548403759 0.0043215977476799431 0.00063005270947254655 5.5731352574084815e-05 0.011514543452409529 0.0045494932764226668 0.0080476529841652621 -0.00092129267266100642 -0.0019466979800786223 -0.0039045584699440149 -0.0011829398679031697 0.0017377415396981389 -0.0020219913240949847 0.005631473724694044 0.0010542660127854109 0.0015300017662162695 0.010545442701827282 0.00651073817075596 -0.00091411929310048856 0.0056753055892069422 -0.00019558898319209109 -0.0010706344832995037 -0.00038740247017831513 0.0077684441716886392 2.9969019701615187e-05 -0.0015871606899004439 0.0077592249121832399 0.0021734883814467135 -0.0057209356035977654 -0.00038681409991071119 0.0028237373514443803 0.0046409390665010123 0.0063598930285976921 0.0017025410452493799 -0.0010321294779494065 0.0062137416833116695 -0.00086574377244973957 -0.0015093960702329266 0.0061288094153135082 -0.00016916462042325592 0.00013258251388316851 0.0051497757963389259
leaf_weight=72 280 51 141 75 55 122 2003 1605 108 5157 3224 113 40 92 45 163 62 41 67 44 76 255 127 138 76 81 61 42 640 69 3218 508 5436 48 529 955 59 62 104 79 129 736 486 76 2416 44 40 73 42 238 41 50 57 53 500 76 208 96 131 752 57 92
leaf_count=72 280 51 141 75 55 122 2003 1605 108 5157 3224 113 40 92 45 163 62 41 67 44 76 255 127 138 76 81 61 42 640 69 3218 508 5436 48 529 955 59 62 104 79 129 736 486 76 2416 44 40 73 42 238 41 50 57 53 500 76 208 96 131 752 57 92
internal_value=-0.000694407 -0.0012112 0.00230689 -0.000824129 0.00601368 3.59183e-05 -0.00128992 -0.000615705 0.00155637 -0.00194805 -0.00119475 0.00123315 -0.000752817 0.00244286 0.00510965 0.00504781 0.0102966 0.00403252 0.00607362 0.00933036 0.000784741 0.00126963 0.0029457 0.00540841 0.00780075 0.0108036 0.00185273 0.00754808 -0.000922393 0.00359589 -0.00101477 0.000581505 -0.00262742 -8.01615e-05 0.000958665 0.00193042 0.00630058 0.00328397 0.00134052 0.00567742 0.00415525 -0.000293888 0.00141817 0.000676301 0.000342924 0.00578512 0.0107558 -0.00182485 0.00323276 0.000803857 0.00204678 0.00167832 0.00575704 0.00990991 0.000208126 0.00649082 0.00122558 0.00290141 0.00467181 0.000670973 0.00348425 0.0067
internal_weight=32516 27740 4776 21806 803 7655 14151 6991 3973 7160 4944 3040 4615 349 227 731 117 614 162 111 2047 3756 965 403 265 157 1262 103 785 145 4266 1048 5934 498 2878 1613 172 573 1159 154 218 1265 1441 2791 2536 120 85 3339 115 300 170 142 273 110 1008 217 562 354 258 1005 253 149
internal_count=32516 27740 4776 21806 803 7655 14151 6991 3973 7160 4944 3040 4615 349 227 731 117 614 162 111 2047 3756 965 403 265 157 1262 103 785 145 4266 1048 5934 498 2878 1613 172 573 1159 154 218 1265 1441 2791 2536 120 85 3339 115 300 170 142 273 110 1008 217 562 354 258 1005 253 149
cat_boundaries=0 1 2 3 4 5 6 7 8 9
cat_threshold=6 2320 2096 1039 19 2914 789 3696 2434
is_linear=0
shrinkage=0.05


Tree=30
num_leaves=63
num_cat=5
split_feature=0 22 13 41 24 2 13 24 7 2 41 20 23 7 31 16 18 3 24 6 0 13 12 10 16 41 14 38 5 6 11 24 7 27 17 31 19 3 16 40 20 42 27 18 16 3 37 26 42 8 23 3 18 27 19 27 18 31 21 41 12 27
split_gain=14.9255 6.34909 4.91787 3.36988 2.80615 2.71897 2.4398 2.46626 2.35704 2.16968 2.06406 1.94352 1.91101 1.75541 2.2454 2.14314 1.97271 2.20019 1.63329 1.86478 1.5113 1.79216 2.4171 1.48355 1.43716 1.38282 1.35704 1.35604 1.78641 1.32354 1.67885 1.31517 1.59671 1.99805 1.23838 1.23392 1.22801 1.22294 1.23791 1.3153 1.26729 1.21167 1.21024 2.01667 1.20145 1.25383 1.18851 1.16073 1.51618 1.43436 1.56794 1.3643 1.31165 1.314 1.29127 1.14149 1.96915 1.1295 1.0772 1.21418 1.46908 1.62445
threshold=-0.25131442828090605 -0.38296952446683391 0.64285755284308865 674.75334174022703 0 -1.0890349441154468 2.5909391534391539 1 6.3702197193225691 -0.071458963982144116 13.455581761006291 -0.046131096184225617 -0.25369163978750903 7.7706460804203141 20.250000000000004 0.22034798203507847 0.45059057131659525 -0.22724593108823751 2 6.6464579753224902 -0.51082562376599172 1.1852302931596093 38.500000000000007 0.050880806275288577 0.063041322183747819 6.3669398907103831 -0.607663490862422 3 8.5468103741413355 8.7654139772338358 34.500000000000007 4 7.9712154559943365 3.5000000000000004 -0.031106896667097091 218.80000000000004 -0.19183937902864936 -0.48835435882152461 0.20067069546215119 1.5000000000000002 -0.084872801937411133 0.77459677419354855 2.5000000000000004 -0.10130539436128694 0.80520939274484704 -0.15123237323072611 3.5000000000000004 15.500000000000002 0.6813346228239846 0.12103811938338244 -0.069965281733737936 -0.30142297724065598 -0.30084326019757263 49.500000000000007 -0.40350180684640019 2.5000000000000004 -0.80597723751678363 61.850000000000001 2951.3150000000005 588.66377049180335 45.500000000000007 21.500000000000004
decision_type=2 8 2 2 1 2 2 1 2 2 2 10 10 2 2 2 10 2 1 2 2 2 2 2 2 2 2 1 2 2 2 1 2 2 2 2 2 2 2 2 10 2 2 10 2 2 10 2 2 10 8 2 10 2 2 2 10 2 10 2 2 2
left_child=5 3 10 6 8 -1 7 13 -4 11 23 37 -8 14 -2 16 17 -16 19 -12 21 -7 -23 27 -5 -13 -24 28 -3 -15 57 32 33 -22 42 -19 -9 -10 39 40 -39 -36 43 -21 -33 -46 55 48 -11 50 52 -51 -49 -54 -53 56 -6 -31 59 60 61 -27
right_child=1 2 4 24 46 20 12 36 9 47 18 25 -14 29 15 -17 -18 35 -20 34 31 22 26 -25 -26 58 -28 -29 -30 30 -32 44 -34 -35 41 -37 -38 38 -40 -41 -42 -43 -44 -45 45 -47 -48 49 -50 51 -52 54 53 -55 -56 -57 -58 -59 -60 -61 -62 -63
leaf_value=0.032326489126482109 0.00091526034634158463 0.0061379624777354244 0.005507514313190391 0.012065567943594905 0.0086143229223966424 0.0040177198963122062 0.01719413514982052 0.0035542968137573768 0.0099967802784601632 0.0031343583333622669 0.0036262501852507008 0.0017719847591937217 0.0052428924826769426 -0.00014615356604832548 0.0080557846404099315 0.00021276781894122515 0.0084422304112826609 0.00043081291091520658 -0.0028488210366079316 -8.1708316596653744e-05 0.0060126354884688666 0.0018919172289054934 0.010139736417584895 -0.0023458041864562948 0.0068484437573500508 -5.9045808282931906e-05 0.0060303394464046138 -0.0003657172509071277 0.00010792174758974842 0.0013797301231027713 -0.0018576768061450669 -0.00069013271463880764 0.00050374411664608025 0.0035460205429834763 0.0035169164491704527 0.0055560780830191435 -0.0014385941800938449 0.0047044043461882583 -0.00020345876494978497 0.00012396317152436605 0.0055383911227118894 -0.002225847713424281 -0.0011285770605950515 0.0019884384743153057 0.00015134541201264337 0.0049539119282292496 -0.0024153575314787633 -0.0026098584296279739 -0.0020854637268006167 0.0054421298629066008 -0.001427551131272335 0.0090524967094526131 0.0011424805263458248 0.0033536024384162519 6.8469964005006149e-05 -0.0013458617960318967 -0.0002871440544651407 0.0080888024571527817 -0.0014087892534693511 -0.0013993863973688647 -0.00022163256919833569 0.0039780489017698538
leaf_weight=75 441 73 116 56 45 502 42 83 51 52 125 431 91 1025 48 138 60 117 3424 111 57 96 50 2010 43 165 100 1863 162 42 45 617 476 704 49 54 1188 68 161 72 52 2902 1623 47 56 41 602 102 1396 109 1483 43 172 68 2399 4769 202 42 318 439 496 212
leaf_count=75 441 73 116 56 45 502 42 83 51 52 125 431 91 1025 48 138 60 117 3424 111 57 96 50 2010 43 165 100 1863 162 42 45 617 476 704 49 54 1188 68 161 72 52 2902 1623 47 56 41 602 102 1396 109 1483 43 172 68 2399 4769 202 42 318 439 496 212
internal_value=-0.000668309 -0.000993552 -0.00125923 0.00100256 -0.000617871 0.00283964 0.000737488 0.000467417 -3.86181e-05 -0.000138119 -0.00198507 0.00110503 0.00735075 0.00155215 0.00327124 0.00589713 0.00841071 0.00615909 -0.00243963 -0.00183546 0.00257592 0.00448598 0.00797571 -0.00106839 0.01005 0.00048254 0.0119205 -0.000138162 0.00335366 0.000285713 0.00503846 0.0018417 0.00281651 0.00425853 -0.00199873 0.0034593 -0.00125195 0.0042716 0.00320621 0.00590673 0.00909091 -0.00262703 -0.000956791 0.00320755 0.000110344 0.0052551 -0.00148161 -0.000664379 -0.00189096 -0.000258169 -0.00132804 0.000507444 0.00172012 0.00373444 0.000261972 -0.00123181 0.00207661 0.00917647 -0.000183937 0.000449351 0.00152746 0.00387566
internal_weight=32701 29927 26412 3515 14023 2774 3416 3283 8405 8289 12389 2465 133 2012 858 417 279 219 8281 4857 2699 748 246 4108 99 2061 150 2098 235 1154 129 1951 1237 761 4732 171 1271 404 353 192 120 2951 1781 158 714 97 5618 5824 1448 4376 1825 2551 342 240 2442 5016 247 84 1630 1312 873 377
internal_count=32701 29927 26412 3515 14023 2774 3416 3283 8405 8289 12389 2465 133 2012 858 417 279 219 8281 4857 2699 748 246 4108 99 2061 150 2098 235 1154 129 1951 1237 761 4732 171 1271 404 353 192 120 2951 1781 158 714 97 5618 5824 1448 4376 1825 2551 342 240 2442 5016 247 84 1630 1312 873 377
cat_boundaries=0 1 2 3 4 5
cat_threshold=19 19 19 2 19
is_linear=0
shrinkage=0.05


Tree=31
num_leaves=63
num_cat=12
split_feature=2 0 0 9 39 14 0 8 17 5 27 23 9 24 6 20 25 26 18 8 20 5 6 26 18 4 24 20 14 31 25 11 25 27 9 3 2 39 18 5 5 31 16 39 3 25 33 5 17 4 39 26 6 16 24 12 25 6 17 3 12 18
split_gain=13.9982 6.29372 5.26134 4.17906 2.87657 2.6499 2.27379 2.12871 2.12246 2.07804 3.14443 1.8494 1.98947 1.81987 2.29722 1.80051 1.69289 1.60714 1.57762 3.19123 1.56603 1.54195 1.51309 1.7236 1.73949 1.51271 1.41931 1.68602 2.22146 1.61355 1.40796 1.37791 1.37153 1.85463 1.93792 1.43036 1.72259 1.3429 1.35807 1.25952 1.25075 1.76749 1.26132 1.16546 1.81932 1.15111 1.67961 1.28464 1.18335 1.16809 1.14585 1.20034 1.47631 1.91688 1.79493 1.74586 1.46074 1.99587 1.24518 1.37871 1.14495 1.19049
threshold=-0.18232155679395443 -0.10536051565782632 -0.45675840249571514 0.090911520601662479 0 0.17818042804671744 0.087011376989629699 0.44922748177134292 0.034389184377447542 8.8146087658765548 24.500000000000004 0.080042707673536551 0.41605016494159036 1 6.5917788034538383 -0.058004326339448728 2 27.500000000000004 -3.6581887824888137 0.067241079778692592 0.042405359960202962 6.533023439300111 7.561842633364134 17.500000000000004 1.0000000180025095e-35 -0.60613543993381869 3 0.098294308044278716 -0.91654383236045045 158.15000000000003 4 60.500000000000007 5 51.500000000000007 0.4675910695359744 -0.27713628223239078 -0.11778303565638336 6 1.105325500483328 7.6201612544455619 6.9565812848714135 184.00000000000003 -2.7568610436036476 7 -0.21725445402656215 8 26.864285714285721 7.7152008643171959 -0.26406107940781282 -1.0332307952360538 9 14.500000000000002 7.4944454763108519 -0.27820332849723711 10 50.500000000000007 11 7.4181612266933099 0.029584353040904791 0.38728934419178357 82.500000000000014 -1.0335873094655259
decision_type=2 2 2 8 1 2 2 10 2 2 2 10 10 1 2 10 1 2 10 10 10 2 2 2 10 2 1 10 2 2 1 2 1 2 10 2 2 1 10 2 2 2 2 1 2 1 2 2 2 2 1 2 2 2 1 2 1 2 2 2 2 10
left_child=2 5 7 40 9 32 8 26 18 10 22 12 -9 14 15 -6 37 -14 19 -5 30 -7 -4 -24 -25 -22 -1 28 -28 -30 43 -17 -2 35 -35 36 -34 38 -10 -38 41 -3 -42 44 -20 46 47 -16 -47 -50 51 -8 53 -53 55 -55 57 58 59 -56 61 -12
right_child=1 3 4 6 13 21 50 11 16 -11 60 -13 17 -15 45 31 -18 -19 20 -21 25 -23 23 24 -26 -27 27 -29 29 -31 -32 -33 33 34 -36 -37 39 -39 -40 -41 42 -43 -44 -45 -46 48 -48 -49 49 -51 -52 52 -54 54 56 -57 -58 -59 -60 -61 -62 -63
leaf_value=-0.00057989957174677692 -5.686716778326626e-05 -0.0006029614188721085 0.00090174589489447907 0.0073121185269225675 -0.00084935213214394189 0.0032307525206643015 -0.0028434628055506216 0.0030240972113321513 0.0018451649263996985 -0.0010536882597210998 0.0081509039191192557 0.0025578928542452453 0.024822792264933554 -0.00043371583260744359 0.0058750946426418078 0.0052216741740270904 -0.0014849557361365532 0.016938462192555362 0.0054989146279262905 -0.00045831694138824346 0.0073341237206040804 -0.00088242065883420765 0.0065885305557965811 0.015620162962763171 0.0061798448868647443 0.00091631863320394127 0.0055306546489760945 -0.0016298725698350594 0.0011209737570107344 0.008411843544758742 -0.0011007418961723888 0.0087392163900131652 -0.00078038078566822254 -0.00048790614172811549 0.0090097821161874338 0.0024599486429945708 0.0057314049468394088 -0.001139246570277936 -0.0023907277684073087 0.0075939572730920933 0.0049759027990390892 0.0077581338894674948 -0.0023254668630128049 -0.00035277364785590154 0.00068767454630703551 0.0022214551539280931 0.0011371899580593316 0.00046713425514501765 0.0069170962755812334 -0.0006009478439694926 -0.0025788693758301675 -0.0027514389832664072 -0.0021547378470981537 0.00798554093640815 0.0071713044921284793 -0.00021455681345555321 -0.0024695298990383674 0.0096390100405459762 -0.00061202622823405177 -0.0020481570231739225 -0.0026664591983329381 0.0027166175722956338
leaf_weight=119 898 379 48 40 44 59 836 61 683 150 57 91 48 1853 45 40 3697 48 88 68 40 1457 52 40 41 1161 40 60 114 43 1806 48 49 590 42 1146 63 1023 191 84 42 40 4754 928 784 337 1051 45 51 1037 3287 458 1405 81 83 54 251 45 266 51 71 195
leaf_count=119 898 379 48 40 44 59 836 61 683 150 57 91 48 1853 45 40 3697 48 88 68 40 1457 52 40 41 1161 40 60 114 43 1806 48 49 590 42 1146 63 1023 191 84 42 40 4754 928 784 337 1051 45 51 1037 3287 458 1405 81 83 54 251 45 266 51 71 195
internal_value=-0.000668215 -0.00114909 0.00155317 -0.00148634 0.00103246 0.000583275 -0.00111272 0.005888 -0.000651286 0.00410526 0.00570297 0.00947791 0.0127532 0.000579788 0.00140642 0.00781955 -0.00131725 0.0172165 0.000106793 0.00605504 -2.80794e-05 -0.00110745 0.0109615 0.013694 0.0182317 0.00153494 0.00350133 0.00546642 0.00790404 0.00515823 -0.000548934 0.0119101 0.00147581 0.00220655 -1.5799e-05 0.0032688 0.00720812 -9.69614e-05 0.00133333 0.00989865 -0.00272719 -0.000107144 -0.00295602 0.000441744 0.00174405 0.00107908 0.0022526 0.00879121 0.000121865 -0.000679524 -0.00182385 -0.00118611 -0.000675326 0.00054651 0.00197716 0.00702055 0.000876944 0.00257675 0.00149626 0.00540741 0.00273148 0.0043083
internal_weight=32758 26929 5829 22541 5205 4388 17326 624 10509 654 504 248 157 4551 2698 132 5594 96 4915 108 4807 1516 181 133 81 1201 376 257 197 157 3606 88 2872 1974 632 1342 196 1897 874 147 5215 419 4796 1800 872 2566 1141 90 1425 1088 6817 3530 2694 1289 831 135 696 445 400 134 323 252
internal_count=32758 26929 5829 22541 5205 4388 17326 624 10509 654 504 248 157 4551 2698 132 5594 96 4915 108 4807 1516 181 133 81 1201 376 257 197 157 3606 88 2872 1974 632 1342 196 1897 874 147 5215 419 4796 1800 872 2566 1141 90 1425 1088 6817 3530 2694 1289 831 135 696 445 400 134 323 252
cat_boundaries=0 1 2 3 4 5 6 7 8 9 10 11 12
cat_threshold=136 19 2097 9 2837 270 2977 5896 3888 3368 16 880
is_linear=0
shrinkage=0.05


Tree=32
num_leaves=63
num_cat=4
split_feature=0 9 10 1 1 23 41 22 42 21 10 13 25 22 16 31 9 8 16 21 13 1 25 38 21 13 31 41 41 11 22 13 19 14 8 23 22 6 41 25 22 44 0 31 9 21 30 8 18 8 42 10 23 8 17 21 22 20 3 13 4 35
split_gain=13.6258 6.2315 4.46387 3.72981 3.69362 2.95619 2.3919 2.36607 3.4804 2.25372 2.81934 2.03163 1.89331 2.66207 1.98706 2.42414 1.89191 2.19009 1.72318 1.66573 1.62178 1.57077 1.54264 1.52423 1.89066 1.44522 1.43777 1.48112 1.38821 1.47123 1.38797 1.37625 1.74669 1.58469 1.41083 1.44653 1.36903 1.75214 1.30143 1.28346 1.35051 1.37984 1.33504 1.24506 1.19917 2.48557 1.38406 1.30365 1.19118 1.14325 1.49618 1.95965 1.1038 1.92975 1.46142 1.1804 3.20471 1.09042 1.09298 1.30961 1.11071 1.07916
threshold=-0.25131442828090605 0.21857457047118042 -0.34929059831850301 -0.024691377834292535 -1.0166260796052302 -0.36290549368936836 108.99375000000002 0.11127815887727728 0.85951206140350889 1519.1650000000002 0.081681192112144099 0.33333309523809529 0 -0.59300523485780443 0.046520015634893282 29.550000000000001 0.23397518025953459 0.21482007839435152 -0.046459475009303024 1630.7500000000002 2.1749019607843141 0.44895128387655886 1 2 13025.000000000002 1.3715240801713524 0.15000000000000005 3.7338541666666671 45.257118644067802 66.500000000000014 -0.5109684605045709 1.1219522903007795 -0.14043965909621853 -1.0981394753941058 0.2684863985977487 -0.541520882402036 -0.0090507446116534981 9.3970982106334819 505.46412037037044 3 -0.34484019217416889 1.0000000180025095e-35 -0.28768207245178029 283.35000000000008 0.34310435677216722 1611.2500000000002 134.75000000000003 0.31603173797799738 2.6715750633155282 0.10744734859547984 0.83205128205128209 -0.071402683685921162 -0.6238107844974744 0.074543228967004466 -0.031106896667097091 1344.0350000000001 0.091015093845778883 0.029015839497698422 0.38728934419178357 0.83999916000168007 -0.29546148760422714 0.14961598454941663
decision_type=2 8 2 2 2 8 2 10 2 10 2 2 1 8 2 2 10 10 2 10 2 2 1 1 8 2 2 2 2 2 10 2 2 2 10 8 8 2 2 1 10 2 2 2 8 8 2 10 8 8 2 2 10 8 2 10 10 10 2 2 2 2
left_child=4 3 5 6 -1 19 20 12 9 10 -9 -5 13 14 15 -4 39 -18 25 -3 22 23 -2 24 28 -8 -7 -28 29 -14 -29 43 -33 -34 -35 -36 37 48 -37 40 41 42 -6 -19 46 47 57 -46 61 -25 51 -51 53 -24 55 56 -54 58 59 60 -15 -13
right_child=1 2 7 11 16 26 18 8 -10 -11 -12 36 21 44 -16 -17 17 31 -20 -21 -22 -23 52 49 -26 -27 27 30 -30 -31 -32 32 33 34 35 38 -38 -39 -40 -41 -42 -43 -44 -45 45 -47 -48 -49 -50 50 -52 -53 54 -55 -56 -57 -58 -59 -60 -61 -62 -63
leaf_value=0.027298817256924297 -0.00050936157827709912 0.013165560803920347 0.003269713204369324 -0.0029750762373623278 0.0053261827691104234 0.010304682356794728 -0.00057469985409941719 0.0068288315163890934 -0.0028778137224955546 -0.0022021694754146303 0.0013454707359994045 -0.00064055409957061542 0.004141967996421826 0.009482040348779459 0.0010274171484020295 0.0078421057269771575 -0.0018525277925019153 0.0030555691121793775 -0.0017273562145433089 0.0033165684098193215 0.0075717085663936801 -0.0034422183617909296 0.0033520476812362952 -0.0022634235225286164 -0.0031226861620844149 0.0013867830782877918 0.01383396189845172 0.0058155153621856741 0.00078389727554028219 0.0062930199594103944 -0.0018660211007119649 -0.0012847239023250935 0.008512123096962327 0.0074763238143109451 0.0071547771825579282 0.0028398501647498766 -0.0019986154372273169 0.0021710305047883214 0.0081545453484819543 -0.00043232094885779023 -0.00070305819689128052 -2.4770752098476066e-05 0.00015636828835172671 0.0036122162562322899 0.0066547756923195957 0.0017156437026965646 0.0019403761507279516 0.021250239011272747 0.003397420669112609 0.012042273700899445 -0.00027137179526315114 0.00019185569280402587 0.0027577608176796516 0.00069980272664475437 -0.00063603088463470316 0.00066453562022563437 -0.0014286003054186684 -0.0020583109566479868 -0.001640373379403698 0.0034860687969066016 -0.0013956819489975153 -0.0035921517757440246
leaf_weight=86 2081 47 44 1702 94 50 1029 55 1855 127 105 3682 83 55 68 59 167 937 1624 43 44 416 160 435 91 181 40 244 149 77 164 74 50 49 46 242 7374 72 45 678 98 70 41 51 43 453 42 46 46 109 2683 211 63 828 1125 551 43 563 209 229 266 227
leaf_count=86 2081 47 44 1702 94 50 1029 55 1855 127 105 3682 83 55 68 59 167 937 1624 43 44 416 160 435 91 181 40 244 149 77 164 74 50 49 46 242 7374 72 45 678 98 70 41 51 43 453 42 46 46 109 2683 211 63 828 1125 551 43 563 209 229 266 227
internal_value=-0.00064849 -0.000957217 0.000137386 -0.0014333 0.0027336 0.00434635 -0.000562097 -0.000155182 -0.00159123 0.0035243 0.00745341 -0.00194712 0.000330858 0.0015637 0.00752907 0.011875 0.00239879 0.00342659 -0.00171781 0.0126374 0.000107229 -0.000274327 1.95784e-05 4.16763e-05 0.00291971 -0.000289019 0.00282565 0.00191537 0.00485484 0.00807453 0.00100244 0.00403344 0.00615384 0.0073672 0.00624021 0.00504491 -0.00170628 -0.0009645 0.00369792 0.000656822 0.00329618 0.00570388 0.0086397 0.00294236 0.00103303 0.00302026 0.000241757 0.0106111 -0.00110592 -0.000301538 4.49389e-05 0.00327103 0.000791081 0.00213347 5.04755e-05 0.00192249 0.00672897 -4.53527e-05 0.00119079 0.00235935 0.00029503 -0.00120077
internal_weight=32621 29893 9061 20832 2728 588 7729 8473 2142 287 160 13103 6331 2077 171 103 2642 1661 2834 90 4895 4254 4851 3838 400 1210 498 448 309 160 408 1494 506 432 382 333 11401 4027 287 981 303 205 135 988 1906 542 1364 89 3955 3438 3003 320 2770 988 1782 657 106 1322 759 550 321 3909
internal_count=32621 29893 9061 20832 2728 588 7729 8473 2142 287 160 13103 6331 2077 171 103 2642 1661 2834 90 4895 4254 4851 3838 400 1210 498 448 309 160 408 1494 506 432 382 333 11401 4027 287 981 303 205 135 988 1906 542 1364 89 3955 3438 3003 320 2770 988 1782 657 106 1322 759 550 321 3909
cat_boundaries=0 1 2 3 4
cat_threshold=2384 466 2 802
is_linear=0
shrinkage=0.05


Tree=33
num_leaves=63
num_cat=8
split_feature=2 9 2 9 22 25 17 25 25 13 3 9 24 6 2 27 4 31 6 39 42 11 22 11 20 24 23 13 8 30 3 18 31 27 7 21 33 21 24 33 42 2 30 30 27 19 23 13 18 19 18 13 11 42 19 7 5 20 11 25 7 21
split_gain=11.1229 5.04139 4.22445 3.20344 2.71304 2.38416 2.13841 2.09328 1.80269 1.78278 2.05279 1.781 1.55591 2.46816 1.69882 1.76795 2.1154 1.48942 1.46732 1.46355 1.42207 1.44467 1.42088 1.66082 1.41738 1.37739 1.32783 1.70164 1.31998 1.25935 1.39665 1.68617 2.10435 1.23395 1.21731 1.28058 1.20473 1.19994 1.19644 1.17056 2.17258 1.15424 1.67361 1.35121 1.81299 2.22112 1.32077 1.25743 1.12308 1.10365 1.3907 1.36513 1.21603 2.59761 1.45823 1.07692 2.23495 1.06009 1.05579 1.04162 1.43129 2.15275
threshold=-0.1251629076598326 0.27302269022121101 -0.51082562376598994 0.069744342115190677 0.013792363227682038 0 0.2511376805128594 1 2 1.719200561797753 -1.1495350754433 0.3578513118059426 3 7.9769543171357187 0.033901637882585163 23.500000000000004 -0.20618305597992001 323.75000000000006 8.3752068208061541 4 0.85053191489361712 38.500000000000007 -0.59300523485780443 53.500000000000007 0.0074477117170918946 5 -0.0095448924635248549 0.53333364444402975 0.41048736854638695 24.750000000000004 -0.14348289738565875 0.64030076695018401 158.15000000000003 15.500000000000002 7.7706460804203141 1750.8350000000003 28.521428571428576 15050.000000000002 6 26.56428571428572 0.9536672629695887 0.23258250085280754 121.30000000000001 28.150000000000002 6.5000000000000009 -0.023669051485120694 0.50828338176463561 0.61904928571428586 0.52977975197411264 0.007697104865766172 1.93275273446517 0.85714230055730922 20.500000000000004 0.85053191489361712 -0.18505235660224342 7.2211992768229116 7.2640359215249868 -0.026948178634964192 51.500000000000007 7 7.5418698514107811 1026.2500000000002
decision_type=2 8 2 10 10 1 2 1 1 2 2 10 1 2 2 2 2 2 2 1 2 2 8 2 10 1 10 2 8 2 2 10 2 2 2 10 2 10 1 2 2 2 2 2 2 2 10 2 10 2 10 2 2 2 2 2 2 10 2 1 2 10
left_child=2 3 9 -2 6 11 8 12 18 10 -1 17 13 14 15 -3 -17 24 19 38 21 -12 -13 -24 29 -6 27 -16 -23 30 31 32 57 -21 35 -31 -14 -10 -5 40 -9 42 43 44 45 -40 47 -46 -43 52 -51 -52 53 -7 -55 56 -35 -4 -29 60 61 -22
right_child=1 7 5 4 25 49 -8 39 37 -11 20 22 36 -15 26 16 -18 -19 -20 33 59 28 23 -25 -26 -27 -28 58 -30 34 -32 -33 -34 55 -36 -37 -38 -39 41 -41 -42 48 -44 -45 46 -47 -48 -49 -50 50 51 -53 -54 54 -56 -57 -58 -59 -60 -61 -62 -63
leaf_value=0.027557900722581408 -0.0021448698819143057 0.012154348805429748 0.00033989869282855548 -0.0012224846431918618 -0.0011842317510287357 0.0073800327205001022 -0.0016076561113755228 -0.00084499590470501476 -0.00088485149323385142 0.0084541333635250442 0.0034344225849505076 0.011443315085078273 0.0028293029117176099 -0.0014354735970195762 -0.0031307987958315991 0.020391038112939165 -0.002247761218125185 0.005087897629909975 -0.0017827351352178074 -0.0021830355065933114 0.0058466981665298472 0.015158661858735392 0.00150215634145581 0.009086168705633264 -0.00019250660820070492 -0.0025719282505394618 -0.00045484455803995716 0.0038475580953079586 0.0068451241703981654 0.00047824788605006449 0.00096751047884362576 0.00081860610475781651 0.007019570341918727 0.00099035446208718117 -0.0010082781218646154 0.0026332387630937253 -0.00073806242489564053 0.0016956891846960313 0.011948899263657558 -0.0010431055936796433 0.0087090764165807574 -0.00087070791627522721 0.0034742048389402205 0.00029251963963157935 -0.00048967642120058415 0.0018107709616337186 0.003639931252025943 0.0041192600531885348 0.0028862559288435475 -0.00095707520213615118 -0.00028415748572969052 0.0037785015739587365 -1.2084388903576635e-05 0.012513069249223484 0.00047394231147540144 -0.0005990878043080313 0.005531237123843815 0.0047340626421436263 0.0069369464511131436 0.00019218289628879901 0.0007334850851765406 0.0097361079338204835
leaf_weight=69 2657 72 65 286 3094 82 3893 146 3842 89 73 52 336 261 50 48 59 60 1057 461 62 41 177 58 699 2199 157 131 40 142 243 84 40 538 227 44 975 53 49 2537 54 229 40 320 209 45 54 209 65 2270 53 41 1958 68 529 542 57 58 76 545 105 41
leaf_count=69 2657 72 65 286 3094 82 3893 146 3842 89 73 52 336 261 50 48 59 60 1057 461 62 41 177 58 699 2199 157 131 40 142 243 84 40 538 227 44 975 53 49 2537 54 229 40 320 209 45 54 209 65 2270 53 41 1958 68 529 542 57 58 76 545 105 41
internal_value=-0.000680441 -0.00120373 0.000938746 -0.00155754 -0.00130836 0.000489137 -0.000890796 0.00023251 -0.000425718 0.0038696 0.00324463 0.00196684 0.00139016 0.00304046 0.0048569 0.00891667 0.00476852 0.00134696 0.000298417 0.00084702 0.00260462 0.00696774 0.00560764 0.00391949 0.00105427 -0.00225066 0.00308434 0.0052907 0.0115244 0.00236172 0.00407332 0.00671371 0.00966463 -0.000211313 0.000326086 0.00331551 0.000298789 -0.00119688 0.00195781 -0.000685955 0.00298507 0.00264013 0.00352751 0.00306652 0.00453263 0.0108421 0.00325581 0.00229117 -6.77978e-05 -9.07833e-05 -0.000875265 0.00505263 0.000612205 0.00243382 0.00127926 0.000672231 0.00213926 0.00633064 0.00728365 0.00170424 0.00461187 0.00899038
internal_weight=32816 24801 8015 19899 17242 6950 11949 4902 8056 1065 976 1949 2165 854 593 179 107 1662 4161 3104 907 154 287 235 1602 5293 414 257 81 903 490 247 163 1598 413 186 1311 3895 1506 2737 200 1220 926 886 566 94 472 418 294 5001 2364 94 2637 679 597 1137 595 123 207 753 208 103
internal_count=32816 24801 8015 19899 17242 6950 11949 4902 8056 1065 976 1949 2165 854 593 179 107 1662 4161 3104 907 154 287 235 1602 5293 414 257 81 903 490 247 163 1598 413 186 1311 3895 1506 2737 200 1220 926 886 566 94 472 418 294 5001 2364 94 2637 679 597 1137 595 123 207 753 208 103
cat_boundaries=0 1 2 3 4 5 6 7 8
cat_threshold=816 3376 2897 18 5696 19 8 312
is_linear=0
shrinkage=0.05


Tree=34
num_leaves=63
num_cat=5
split_feature=0 9 0 1 24 17 24 7 2 30 30 13 4 39 1 33 9 31 27 2 30 31 44 4 17 7 12 30 0 31 41 20 14 24 14 39 5 41 33 3 13 12 31 21 1 41 16 21 0 2 4 11 1 21 0 30 41 9 11 0 7 31
split_gain=11.9292 5.35231 3.96657 3.18517 2.58607 2.7049 2.3166 2.22797 1.83433 1.5669 2.25302 1.5668 1.48626 1.71732 1.48371 1.48158 1.46375 1.41868 1.40125 1.5013 1.35282 1.34881 1.32678 1.42446 1.68004 1.25526 1.23984 1.25704 1.17822 1.51831 1.13181 1.12457 1.12209 1.09972 1.11259 1.07826 1.53445 1.14796 1.04408 1.04372 1.78523 1.04311 1.49427 1.78372 1.01587 0.987512 1.38221 0.968344 1.2914 1.0478 1.42818 1.10921 1.02234 0.996365 1.20107 1.33474 0.946971 0.946926 1.40126 0.936656 0.93173 1.15796
threshold=-0.2097205309820693 0.090911520601662479 0.01076700802050601 -0.51082780023419472 0 0.016515603371870306 1 6.7232230142431915 -0.16188258524686813 5.6500000000000012 11.450000000000003 1.5059779185907269 -0.041964228453280843 2 0.010696778477136794 38.492857142857154 0.58029885864765562 6.1500000000000012 3.5000000000000004 -0.41645825406338094 104.90000000000002 81.450000000000003 0.31666666666666671 -0.27161592048937327 0.14203496987028377 7.7857138281503149 82.500000000000014 127.85000000000001 -0.087010922444381564 3.350000000000001 6.0940448113207557 -0.023749744340059529 0.1241002098618116 3 -0.39652935439461107 4 6.4213395844552759 851.52409090909111 26.992857142857147 0.27210663751975656 0.91770621097601068 81.500000000000014 133.25000000000003 3377.1400000000008 -0.51082780023419472 57.011309523809537 -0.19782574332992006 2288.7500000000005 -0.060405335331508152 -0.25082377979043974 -0.50909441994156823 86.500000000000014 -0.11778303565638336 900.1450000000001 -0.087010922444381564 16.150000000000002 169.21022235576928 0.17545467478760624 71.500000000000014 -0.0081257510605761123 7.9003608749810637 2.0500000000000003
decision_type=2 8 2 2 1 2 1 2 2 2 2 2 2 1 2 2 10 2 2 2 2 2 2 2 2 2 2 2 2 2 2 10 2 1 2 1 2 2 2 2 2 2 2 8 2 2 2 8 2 2 2 2 2 10 2 2 2 10 2 2 2 2
left_child=3 12 4 9 44 14 7 17 21 15 -11 -8 13 22 16 -1 26 -4 28 59 60 30 23 -2 -25 -10 27 47 -7 -30 -9 -31 56 34 -15 37 -37 -5 -27 -14 -41 42 -12 -44 -3 -19 -47 49 52 50 -6 53 -49 -51 55 -55 -28 -13 -59 -20 61 -16
right_child=1 2 6 35 5 18 11 8 25 10 41 57 39 33 20 -17 -18 45 19 -21 -22 -23 -24 24 -26 38 32 -29 29 31 -32 -33 -34 -35 -36 36 -38 -39 -40 40 -42 -43 43 -45 -46 46 -48 48 -50 51 -52 -53 -54 54 -56 -57 -58 58 -60 -61 -62 -63
leaf_value=0.0025245457290918468 -0.0033990634428517214 0.0053514230517371641 0.00063623337091797379 0.0025443043583303795 0.001768361136841723 -0.00066200824289680744 -0.002141912182817696 0.0063371152844184132 -0.00017149606347708455 0.011103560578756437 0.0013476971673654972 -0.0016074013227389721 -0.0022483264732587999 0.00063669288097840905 -0.0014451140217482596 0.012565846010438737 0.011632388271741501 0.00086165467740005218 0.0010490698968124471 -0.0005318570134667691 0.004436342324838703 0.0026568393401871157 -0.0050836216188780772 0.0040503594270109465 0.00054697722160819797 0.00026653547628967413 -0.0013526985578162752 0.002724905658581727 -0.00074252549237927652 0.0073513374959490235 -0.0020818816507669111 0.0026317884203120568 0.0035744785252151234 -0.0018737548299791425 -0.00061056322948371052 0.011398485218551911 0.00043328012718208054 0.01350657586874391 -0.0022300545880765232 -0.00098097986466260008 0.003851832544053141 -0.00066908037812757901 0.0036205955794454529 0.012440063879088198 -0.0011930296444709739 0.0062886947883325954 0.0099760978212574316 0.0014263583379840051 0.0016608082033655624 -0.0012200662878329444 0.0069054528481363956 0.0031978344746686552 -0.0009121036617595901 0.0045108979522242056 0.00033741212451837504 -0.00015383312656211626 0.0012044862160139897 0.00049711628752539393 0.0041190421309976596 0.013371576298132536 -0.0016486224858617343 0.0017160149787927672
leaf_weight=350 40 52 232 917 47 105 6328 80 1871 47 65 168 3644 160 191 40 43 61 202 4359 61 185 44 67 84 272 338 58 88 46 191 97 40 964 555 58 1897 40 1709 169 51 52 51 54 2533 41 65 437 922 70 67 64 362 97 249 45 74 237 48 74 621 477
leaf_count=350 40 52 232 917 47 105 6328 80 1871 47 65 168 3644 160 191 40 43 61 202 4359 61 185 44 67 84 272 338 58 88 46 191 97 40 964 555 58 1897 40 1709 169 51 52 51 54 2533 41 65 437 922 70 67 64 362 97 249 45 74 237 48 74 621 477
internal_value=-0.000628657 -0.000963523 -0.000625752 0.00209826 1.73423e-05 0.000408868 -0.00128732 -0.000431328 -0.000763519 0.00523485 0.00816667 -0.00187795 -0.00232566 -0.00118538 0.00133325 0.00319693 0.00196808 0.0031375 -0.000383147 -0.000609363 -3.70108e-05 0.00223195 0.0027439 0.00466146 0.006875 -0.00111861 0.00182863 0.0022778 0.00272997 0.00471983 -1.83835e-05 0.00788194 -0.000573953 -0.0017426 -0.000241048 0.00138689 0.000699388 0.0027531 -0.00199546 -0.00289004 0.000452488 0.00600897 0.00789474 0.0115566 -0.00137712 0.0066369 0.00953271 0.00209657 0.00147793 0.00375781 0.00808696 0.00280418 6.24881e-06 0.00193723 0.00292092 0.00657343 -0.00135593 0.000958149 0.00270979 0.00296029 -0.000383722 0.000911807
internal_weight=32656 29085 23307 3571 11819 9234 11488 4707 4308 659 269 6781 5778 1914 4263 390 2913 399 4971 4635 1350 456 235 191 151 3852 2870 2418 336 231 271 143 452 1679 715 2912 1955 957 1981 3864 220 222 170 105 2585 167 106 2360 1721 639 114 525 799 461 391 142 412 453 285 276 1289 668
internal_count=32656 29085 23307 3571 11819 9234 11488 4707 4308 659 269 6781 5778 1914 4263 390 2913 399 4971 4635 1350 456 235 191 151 3852 2870 2418 336 231 271 143 452 1679 715 2912 1955 957 1981 3864 220 222 170 105 2585 167 106 2360 1721 639 114 525 799 461 391 142 412 453 285 276 1289 668
cat_boundaries=0 1 2 3 4 5
cat_threshold=8 17 2224 17 424
is_linear=0
shrinkage=0.05


Tree=35
num_leaves=63
num_cat=4
split_feature=1 2 13 17 1 22 7 18 3 22 13 42 42 17 1 5 27 7 30 2 42 11 13 27 33 26 22 12 11 33 3 0 31 31 23 42 25 41 3 30 22 35 37 7 25 30 11 23 7 38 25 18 7 23 11 3 19 0 27 12 17 2
split_gain=10.0354 5.12191 3.91645 2.47377 1.97347 1.96047 1.83757 1.62968 2.07257 1.45927 2.10977 1.8112 1.6761 1.49732 1.45652 1.42036 1.38161 1.51517 1.58943 1.36546 1.53721 1.67466 1.25761 1.23815 1.47982 1.28106 1.42377 1.19928 1.18795 1.70059 1.22456 1.18577 1.3113 1.73695 1.1654 1.31137 1.2672 1.12526 1.68993 2.83583 1.11516 1.19821 1.72778 1.25981 1.26719 2.50087 1.45122 1.36977 1.26099 1.12324 1.47389 1.24783 1.17822 1.22016 1.28148 1.1579 1.1274 1.648 1.2354 1.28583 1.11663 1.09209
threshold=-0.084557388028062327 -0.51082562376598994 0.66666709956709969 1.0076675092447653 -1.0166260796052302 -0.0055238131221378032 6.3702197193225691 0.2425373340460216 0.12516314295400613 -0.64966180266283013 0.99999812500234386 0.89915254237288156 0.90754985754985762 -0.27089724233732532 1.0000000180025095e-35 6.5838950684957025 3.5000000000000004 9.4725843021264335 19.150000000000009 -0.17224562919162476 0.84344362745098056 54.500000000000007 2.5909391534391539 3.5000000000000004 28.26428571428572 50.500000000000007 -0.329242775250567 33.500000000000007 79.500000000000014 26.935714285714294 -0.26414788615194101 -0.26606544639749824 31.050000000000004 108.30000000000003 -0.84724786952932563 0.8546920821114371 0 120.28681765389085 -0.22314355131420924 74.15000000000002 -0.19782605583001756 2.4306651502559569e-09 55.500000000000007 8.9862228394575112 1 110.50000000000001 46.500000000000007 -2.214807798748839 8.8175753207358962 2 3 1.433117484756129 7.7360934981618135 -0.20915457275206381 25.500000000000004 -0.055351297157839145 -0.09902102579427785 0.080045399976939283 57.500000000000007 60.500000000000007 -0.36498661132782056 -0.12189145695061175
decision_type=2 2 2 2 2 8 2 8 2 10 2 2 2 2 2 2 2 2 2 2 2 2 2 2 2 2 8 2 2 2 2 2 2 2 8 2 1 2 2 2 8 2 10 2 1 2 2 8 2 1 1 10 2 10 2 2 2 2 2 2 2 2
left_child=1 3 5 4 -1 16 14 22 31 10 -6 -11 -12 -14 -4 -7 -2 28 -19 20 21 -8 23 24 -3 -25 -27 -24 -18 -30 -31 32 -9 -34 -10 -36 -37 38 39 -17 49 42 43 44 48 47 -47 -46 -42 50 -21 55 53 54 -51 -52 -57 58 59 -58 -50 -40
right_child=2 7 6 -5 9 15 19 8 34 11 12 -13 13 -15 -16 37 17 18 -20 40 -22 -23 27 25 -26 26 -28 -29 29 30 -32 -33 33 -35 35 36 -38 -39 61 -41 41 -43 -44 -45 45 46 -48 -49 60 52 51 -53 -54 -55 -56 56 57 -59 -60 -61 -62 -63
leaf_value=0.022893383559555631 0.0012459400535242882 0.0035682627880492517 0.05291034607673975 0.013509711011073892 0.0027289202171754423 0.0068927457732835679 0.011004477508801675 -0.00059008270818679026 0.0093519649594394211 0.0087904867903577221 0.0013980784464858297 -0.001347058813929027 0.012770973818430323 0.0059066389094960571 0.0013397209732908763 -0.00027914537544597662 -0.0014538035761312356 -0.00089977218889768272 0.0016148990996533671 -0.0010103896723563017 0.00017641226987071074 0.00021954736312090504 -0.0003479265730252062 0.00017963437603839616 0.0015312126428311318 0.0025588084341039911 0.0016904273198039771 0.0083812362419741111 0.0035595130581347481 0.0030424724294657399 -0.00081087378387655366 -0.00070672137491993971 0.0043893407156192247 0.0005370740791469929 0.0051651905290092323 -0.0024665694088564453 0.0010342668392552263 -0.0023391390918679352 8.7581027185858003e-05 0.0020014137673155128 -4.8450558660848605e-05 -0.002239396671583732 0.0019112371690960625 -0.0022023559717436279 0.0025443064814050171 0.00082963976098321683 0.0045080856071739216 -0.0014982895588132273 -0.0026538606824143252 0.0083842053683679026 -0.00011428661495352404 -0.0031566164657914004 -0.0017532556387130202 -0.00011987756324135792 0.00075504692205301477 0.0099867488086226169 0.0063487998014750448 -0.0026866464198810349 0.0011887171070217829 0.0010595018378205137 0.0031223528033878871 -0.002168707063782996
leaf_weight=61 332 82 66 82 231 117 40 313 52 73 52 266 41 69 174 412 3117 44 44 225 1141 50 43 3799 269 41 100 68 48 42 633 3030 80 188 74 139 423 2340 380 49 1723 876 42 635 72 87 53 4182 44 57 100 48 772 303 128 49 47 78 53 52 91 4492
leaf_count=61 332 82 66 82 231 117 40 313 52 73 52 266 41 69 174 412 3117 44 44 225 1141 50 43 3799 269 41 100 68 48 42 633 3030 80 188 74 139 423 2340 380 49 1723 876 42 635 72 87 53 4182 44 57 100 48 772 303 128 49 47 78 53 52 91 4492
internal_value=-0.000696939 0.000665134 -0.00125823 0.00430936 0.00344458 -0.00188366 -0.000584504 0.000298206 -0.000394187 0.00271487 0.00478426 0.000308822 0.0091411 0.0126126 0.00373444 -0.00235528 -0.00102089 -0.00128277 0.00516854 -0.000679515 0.000888798 0.00714286 0.000974334 0.000837604 0.00367898 0.000583607 0.00524648 0.00620536 -0.00143192 0.000393645 -0.000258877 -0.000873478 0.00119416 0.00375465 0.00211901 0.00152276 0.000692716 -0.00243876 -0.00203693 0.000854977 -0.000878268 -0.00114335 -0.000922801 -0.000985048 -0.000769232 -0.00123042 0.00531915 -0.00145006 0.000326377 0.000203867 0.00187029 0.00357306 -0.000668766 0.00124744 0.00443548 0.00461842 0.00626786 0.0047619 0.00777778 0.01105 0.00496323 -0.00231069
internal_weight=32814 9576 23238 875 793 12050 11188 8701 4299 732 393 339 162 110 240 7790 4260 3928 88 10948 1231 90 4402 4291 351 3940 141 111 3840 723 675 3611 581 268 688 636 562 7673 5333 461 9717 7805 6929 6887 6252 4394 140 4254 1858 1912 652 427 1260 488 185 379 279 230 152 99 135 4872
internal_count=32814 9576 23238 875 793 12050 11188 8701 4299 732 393 339 162 110 240 7790 4260 3928 88 10948 1231 90 4402 4291 351 3940 141 111 3840 723 675 3611 581 268 688 636 562 7673 5333 461 9717 7805 6929 6887 6252 4394 140 4254 1858 1912 652 427 1260 488 185 379 279 230 152 99 135 4872
cat_boundaries=0 1 2 3 4
cat_threshold=1094 304 8 143
is_linear=0
shrinkage=0.05


Tree=36
num_leaves=63
num_cat=7
split_feature=0 9 22 2 17 2 0 2 13 17 0 17 39 25 18 21 25 27 25 7 20 22 16 8 22 41 10 27 41 5 27 18 30 19 20 39 13 13 7 2 10 9 41 7 39 21 13 30 22 2 10 17 4 41 12 25 12 9 4 33 12 14
split_gain=8.94449 3.9163 4.41735 2.92414 2.44351 2.38436 2.63078 1.95775 1.89359 2.22126 1.78188 1.83627 1.73333 1.91975 1.64136 1.48933 1.45511 1.69143 2.0514 1.80224 1.87065 1.59619 1.71572 1.42535 1.36597 1.38973 1.85855 1.38435 1.34237 1.3353 1.43681 1.30899 1.26264 1.13345 1.12886 1.12066 1.24467 1.04852 1.04528 1.03301 0.992632 1.36803 1.13497 1.73564 1.60073 2.07841 1.40921 1.24819 1.11585 1.09268 0.978299 1.05241 0.975198 0.97232 0.968558 0.996848 0.999998 1.16805 1.12705 0.965942 0.959352 0.946216
threshold=-0.21611789971867387 0.073291392900923999 0.0065360407836763572 -0.51082562376598994 -0.47256457316256711 -0.84141659381266887 -1.010708850781729 -0.56316636905236839 2.3937952057794827 -0.21596770572047183 0.01076700802050601 0.24611226461281802 0 1 0.19959223517900002 1189.7500000000002 2 30.500000000000004 3 7.5621355244924233 -0.032863612010703598 -0.21688218636492171 0.50314049029990715 0.66638539202183866 0.41877283876476062 4.6324561403508779 0.36972168401233235 4.5000000000000009 39.370726495726508 6.9808219726974592 1.0000000180025095e-35 0.45930325753166479 13.250000000000002 -0.29199699264683676 0.12568372033938677 4 1.6002280821917811 1.6600355887816998 7.3750725309829042 0.24833765398185384 0.038340451664789839 0.44836566544208817 73.803066989507684 7.7983905989489486 5 1344.0350000000001 0.62248276794161383 75.000000000000014 -0.23233837279456268 -0.07410797215372121 -0.52969513369545085 1.9046994254296068 -0.80490075754421964 47.465144230769234 16.500000000000004 6 42.500000000000007 0.36259348719499368 0.72213471743319746 28.307142857142864 77.500000000000014 -1.0037523565304096
decision_type=2 8 10 2 2 2 2 2 2 2 2 2 1 1 8 8 1 2 1 2 10 8 2 8 10 2 2 2 2 2 2 8 2 2 10 1 2 2 2 2 2 10 2 2 1 10 2 2 10 2 2 2 2 2 2 1 2 10 2 2 2 2
left_child=5 29 3 4 -3 6 -1 -6 10 -10 11 40 13 24 -9 -13 61 18 -18 20 -20 22 37 35 27 26 -26 28 -4 -2 -31 -25 -24 -32 60 36 38 -19 -12 -35 41 42 43 44 45 46 -5 -46 -47 -43 -17 -52 -23 -50 -42 56 58 -58 -56 -40 -21 -7
right_child=1 2 12 8 7 16 -8 14 9 -11 23 15 -14 -15 -16 50 17 21 19 34 -22 52 32 31 25 -27 -28 -29 -30 30 33 -33 -34 39 -36 -37 -38 -39 59 -41 54 49 -44 -45 47 48 -48 -49 53 -51 51 -53 -54 -55 55 -57 57 -59 -60 -61 -62 -63
leaf_value=0.034938386332269949 0.00089882707361501387 0.0089866329462516756 0.0080270566335205306 0.0025740886617416909 -0.00023786799565556025 0.0024660721553932843 0.0049547779717163285 5.4566832424039305e-05 0.0083422113136983091 0.0018592495293152209 0.00033930047923234202 0.0015862278880460403 -0.0018245851523729123 -0.0022699276851335932 0.0089470439182440537 0.0050845001694436107 0.0018130613623594462 0.00077746667243530014 0.010123901691406359 0.0041040718613722165 0.00784682519220695 0.0082795934760396869 0.0039410373751021799 -0.00090942063565115831 0.0052713991842968161 -0.0023036925929527277 -0.0094039345624218045 0.00054073550017890305 0.001364021344833646 0.0011372680803493785 0.0014670778732983067 0.0048802722671582631 0.0060261019941016793 -0.0019348011748774646 0.0053745438241968131 -0.0016372799734607425 0.0038822869236713152 0.0047376924562497038 8.7594950192481367e-05 0.0017759962206075704 -0.001593682841274649 0.001688672693056701 -0.00012608055854307349 0.00035097804953098457 0.00043188598808792476 0.0031767846592610314 0.0054264549555502603 0.0057846008012405418 -0.0013277436416946412 0.015389134284026407 -0.0008778470754236818 0.0039561878892637372 -0.00067573658844802254 0.0033387946744518021 0.0024518881583817163 -0.000690094636667496 -0.0004924621197821016 0.0091300514727116998 -0.0026737046602238641 -0.0018716865094316965 -0.0016502473620003903 -0.00025115308431998302
leaf_weight=42 219 77 43 40 264 197 104 43 60 157 1420 210 4500 1602 52 45 401 328 52 149 100 55 46 116 69 605 50 1079 70 62 46 80 43 2893 42 3783 42 73 765 41 243 43 1349 1629 485 148 40 40 86 54 3001 44 602 43 325 821 734 42 69 1584 46 1138
leaf_count=42 219 77 43 40 264 197 104 43 60 157 1420 210 4500 1602 52 45 401 328 52 149 100 55 46 116 69 605 50 1079 70 62 46 80 43 2893 42 3783 42 73 765 41 243 43 1349 1629 485 148 40 40 86 54 3001 44 602 43 325 821 734 42 69 1584 46 1138
internal_value=-0.000691194 -0.000974363 -0.000769084 -0.00033287 0.00370709 0.00172857 0.00795918 0.00195833 -0.00043374 0.00419725 -0.000492132 -3.21335e-05 -0.00174461 -0.00090394 0.00807292 -0.000984551 0.00144821 0.00231776 0.00410872 0.0066375 0.0110458 0.00110192 0.00325865 -0.0010525 0.00016606 -0.00154483 0.003375 0.00120704 0.00644737 -0.0026073 -0.00287874 0.00314721 0.0095 -0.0030359 0.00405462 -0.00116129 -0.00055076 0.00185323 -0.000648542 -0.00315843 0.000475613 0.000951237 0.0008029 0.00143113 0.00321631 0.00574728 0.012963 0.00135261 0.00383093 0.00678571 -0.00126173 -0.00137065 -0.00050912 0.000423076 -0.000366892 -2.51123e-06 0.000931413 -0.000102961 0.00298734 -0.00129575 0.00242347 0.000167161
internal_weight=32631 29213 25952 17934 436 3418 146 359 17498 217 17281 9491 8018 3518 95 3300 3272 1937 790 389 152 1147 490 7790 1916 724 119 1192 113 3261 3042 196 89 2980 237 7594 3811 401 3769 2934 6191 3957 3860 2511 882 357 80 525 277 97 3090 3045 657 129 2234 1991 1170 776 394 2349 195 1335
internal_count=32631 29213 25952 17934 436 3418 146 359 17498 217 17281 9491 8018 3518 95 3300 3272 1937 790 389 152 1147 490 7790 1916 724 119 1192 113 3261 3042 196 89 2980 237 7594 3811 401 3769 2934 6191 3957 3860 2511 882 357 80 525 277 97 3090 3045 657 129 2234 1991 1170 776 394 2349 195 1335
cat_boundaries=0 1 2 3 4 5 6 7
cat_threshold=2472 2364 143 1792 3952 4629 2674
is_linear=0
shrinkage=0.05


Tree=37
num_leaves=63
num_cat=10
split_feature=1 24 0 41 2 39 17 13 8 19 16 2 23 22 2 39 23 6 42 0 31 22 13 39 33 41 0 24 39 25 25 41 13 17 37 23 20 10 6 22 8 41 22 33 31 31 18 13 0 8 33 22 33 15 6 42 17 20 22 39 18 39
split_gain=8.65143 4.38498 3.36787 2.31571 2.28405 1.97194 2.15088 1.85659 1.80324 1.89779 1.7896 1.70747 1.62964 1.60187 1.53888 1.53108 1.51303 1.45174 1.82666 1.44629 1.43344 1.41107 1.40537 1.38616 1.85382 1.28913 1.25769 1.25062 1.46092 1.35172 1.32488 1.21226 1.3352 1.24486 1.30543 1.72652 1.2368 1.49336 1.20926 1.36876 1.24872 1.1737 1.27594 1.14148 2.40885 2.15818 1.83205 1.13895 1.55567 1.12611 1.0748 1.06892 1.0628 1.05706 1.05008 2.42805 1.02606 1.01341 1.00908 1.00705 1.48199 0.988004
threshold=-0.26826398659467982 0 -0.036367644170874673 13.154700854700858 -0.17625730556669247 1 -0.59839052721833585 0.88000023999934729 0.44082847100410288 0.0068020324375056051 1.0000000180025095e-35 -0.51082562376598994 -0.079897548723467646 -0.7111257361435106 -0.035834224018307818 2 -0.69314718055994529 8.3752068208061541 0.88975694444444453 0.060671399170923575 258.25000000000006 -1.4436402826632457 1.9413655584969234 3 28.678571428571434 108.99375000000002 -0.11247798342669089 4 5 6 7 1.035098522167488 0.54545482880785057 0.029584353040904791 41.500000000000007 -0.021938796013206249 0.035505661821387473 0.29616436491233961 6.7177456320929325 -0.42871697973730688 0.2357207555543156 378.42620192307697 -0.76186219708003511 27.657142857142862 23.550000000000004 108.30000000000003 0.65711541777331817 0.4706867403478881 -0.05713130276619393 0.12103811938338244 27.050000000000004 -0.87372937832189967 25.964285714285719 0.023548983407053473 8.5812366080350841 0.86023255813953503 -0.32779037200026201 -0.069585004605123832 0.265703786851404 8 0.83063028638099656 9
decision_type=2 1 2 2 2 1 2 2 10 2 2 2 10 8 2 1 8 2 2 2 2 10 2 1 2 2 2 1 1 1 1 2 2 2 10 10 10 2 2 8 10 2 10 2 2 2 8 2 2 8 2 8 2 2 2 2 2 10 10 1 8 1
left_child=5 2 10 14 8 6 13 26 22 -10 38 17 20 -1 -3 19 -13 18 -7 27 49 -19 57 24 -9 52 56 28 29 53 41 -17 -33 34 36 -36 59 54 39 -2 -41 42 -29 -18 -45 46 -46 -40 -49 -8 58 -51 -12 -6 55 -38 -5 -4 -21 -34 -61 -50
right_child=1 3 4 7 15 11 12 23 9 -11 25 16 -14 -15 -16 31 43 21 -20 50 -22 -23 -24 -25 -26 -27 -28 30 -30 -31 -32 32 33 -35 35 -37 37 -39 47 40 -42 -43 -44 44 45 -47 -48 48 61 51 -52 -53 -54 -55 -56 -57 -58 -59 -60 60 -62 -63
leaf_value=0.0084330012362858024 0.010830870058135527 0.00024535086683766336 0.0024766651429425999 0.00305388314281678 0.0019026374875112221 0.0084286223550886358 0.005173587422233116 0.0053810329287560911 0.009546033285015151 0.0031316014849954222 0.0037014587169605234 0.0049084809313400049 -0.0014874739186024172 0.001936377965706698 -0.0014568281831776279 0.0013985805846000628 -0.0011146084115048356 0.014148643217038402 0.00085844012123256763 0.0013156343506139311 0.0052515139965459588 0.0060464759925233386 0.0089124299228199155 -0.001038137191277772 -0.0010946315775671794 -0.0012135641963098933 -0.0022181767973694063 0.0078809012673930132 -0.00080653595490790041 0.0015395361675865527 -0.0014390980709726598 -0.0019809788787465764 0.00032272558463390482 -0.0018390344001329561 0.0028789795643349597 -0.0012195019862771275 0.0079601796382378805 -0.0046320223669953937 -0.00044440794720527576 -0.00040873471153364608 0.0063989512571071246 0.0050064934186432796 -0.00053633467962581067 -6.7321547018743307e-06 0.0059968170241655886 0.00062901128306700285 0.012719025877209442 0.00066799561912998166 0.004580793789730391 0.011159656450710509 -0.0015971312352870946 -0.00039173867936824827 2.6015372758686962e-05 0.0039802583013404409 -0.0010027258286614972 0.0014418954558603854 -0.0012581949472505968 -0.00016050995376013801 -0.0034017491895151708 -0.0025666030710493029 0.0048139833673267228 0.0010702458103394683
leaf_weight=50 48 1473 116 127 55 82 45 68 60 73 58 115 582 193 2658 56 205 43 179 282 68 63 41 2361 134 817 4615 115 239 305 662 2567 472 2194 82 40 40 82 597 93 49 40 317 496 107 217 47 1817 112 43 2197 647 1641 64 89 235 604 890 52 742 43 219
leaf_count=50 48 1473 116 127 55 82 45 68 60 73 58 115 582 193 2658 56 205 43 179 282 68 63 41 2361 134 817 4615 115 239 305 662 2567 472 2194 82 40 40 82 597 93 49 40 317 496 107 217 47 1817 112 43 2197 647 1641 64 89 235 604 890 52 742 43 219
internal_value=-0.000720968 -0.000986945 -0.000482911 -0.00172185 -0.000946425 0.0017562 0.000524709 -0.0022244 0.0011431 0.00660448 0.000549338 0.00302236 -0.000234489 0.00485656 -0.000763554 -0.00117127 0.002117 0.00601902 0.00398855 -0.000435585 0.00122512 0.0109346 0.000443701 -0.0011174 0.00276995 -0.000429083 -0.00275482 0.000647941 0.00235163 0.00409195 -0.000366813 -0.00164738 -0.00171247 -0.00114304 -0.000177986 0.00479675 -0.000536973 0.00172259 0.00138794 0.0052356 0.00272727 0.00163561 0.000900692 0.00152842 0.00232143 0.0053629 0.00987097 0.00111981 0.00165658 0.000577444 -0.00120656 7.23577e-05 0.000355881 0.0085 0.00309589 0.00461956 -0.000826504 6.95122e-05 0.00143283 -0.00133943 -0.00241834 0.00480422
internal_weight=32823 29641 17601 12040 12150 3182 1628 7909 1180 133 5451 1554 1385 243 4131 10970 1187 367 261 4328 803 106 1047 2563 202 2516 5346 1797 663 424 1134 6642 6586 4019 1825 122 1703 446 2935 190 142 472 432 1072 867 371 154 2745 2148 735 2531 690 1699 119 364 275 731 1006 334 1257 785 331
internal_count=32823 29641 17601 12040 12150 3182 1628 7909 1180 133 5451 1554 1385 243 4131 10970 1187 367 261 4328 803 106 1047 2563 202 2516 5346 1797 663 424 1134 6642 6586 4019 1825 122 1703 446 2935 190 142 472 432 1072 867 371 154 2745 2148 735 2531 690 1699 119 364 275 731 1006 334 1257 785 331
cat_boundaries=0 1 2 3 4 5 6 7 8 9 10
cat_threshold=19 7714 3872 256 16 3328 280 3124 4101 5153
is_linear=0
shrinkage=0.05


Tree=38
num_leaves=63
num_cat=7
split_feature=1 39 2 41 5 10 9 25 30 18 25 17 30 5 7 25 41 16 23 22 41 10 13 17 1 12 9 33 12 1 39 9 5 39 10 0 37 4 41 22 31 10 19 14 33 2 1 16 19 25 30 33 7 44 11 9 11 2 22 18 22 23
split_gain=9.32095 3.49296 3.30687 2.49481 3.14084 2.35419 3.35304 2.65239 2.24431 2.23286 2.15876 2.01101 1.9534 1.95231 1.80892 1.80867 2.38924 2.3023 1.76031 1.75668 1.72286 1.69613 1.63767 1.59029 2.13896 1.78153 1.58035 1.6608 2.42079 1.5454 1.51988 1.40164 1.68634 1.21996 1.87251 1.25424 1.18387 1.47523 1.29985 1.29127 1.09424 1.09262 1.45472 1.08792 2.00889 1.19233 1.08199 1.65654 1.07054 1.06985 1.18362 1.94398 1.08404 1.05938 1.67456 1.23406 1.05749 1.045 1.62946 1.00472 0.995901 1.34244
threshold=-0.11778303565638336 0 -0.51082562376598994 3828.4965934371526 7.2726775004187809 0.060122863532056321 0.3803906223299286 1 1.0000000180025095e-35 -0.0094095759311723353 2 0.52457764150400454 118.00000000000001 7.9555009798226264 8.4919846475750358 3 78.759984639016906 -0.69314718055994495 -2.214807798748839 -0.13340265693842412 44.443803879310352 0.22115411471681859 0.83999916000168007 0.15492088647399563 0.13720259210388311 72.500000000000014 0.31014090574970693 37.26428571428572 45.500000000000007 -1.0166260796052302 4 0.068755902231587687 7.0900382966464806 5 0.067876130187097164 -0.18232809528285984 40.500000000000007 -0.048160675081037489 64.429456018518536 -0.329242775250567 7.3500000000000014 -0.32954593480515587 -0.0049520036174525569 -0.607663490862422 33.350000000000009 -0.043018460850054556 -0.064538249398367484 -0.036133243073658498 0.039745919286782568 6 67.450000000000031 28.764285714285723 7.5621355244924233 0.18333333333333338 10.500000000000002 0.1385286437824205 54.500000000000007 -0.37106468138983167 -0.094817052910967328 -0.80597723751678363 -0.39637806676534681 0.10857208928269337
decision_type=2 1 2 2 2 2 8 1 2 10 1 2 2 2 2 1 2 2 8 8 2 2 2 2 2 2 10 2 2 2 1 10 2 1 2 2 8 2 2 10 2 2 2 2 2 2 2 2 2 1 2 2 2 2 2 8 2 2 10 8 8 10
left_child=2 19 8 5 -5 6 12 13 11 15 14 -1 31 57 22 16 17 40 21 36 33 -12 48 24 25 -14 -11 41 -29 -10 43 32 -3 34 35 -19 -2 38 -38 -39 -4 42 -28 -17 45 -45 47 -24 -7 50 51 -31 -53 -33 -55 -56 -18 -8 -59 -35 61 -48
right_child=1 3 9 4 -6 10 7 -9 29 26 18 -13 23 -15 -16 30 56 20 -20 -21 -22 -23 46 -25 -26 -27 27 28 -30 49 -32 53 -34 59 -36 -37 37 39 -40 -41 -42 -43 -44 44 -46 -47 60 -49 -50 -51 -52 52 -54 54 55 -57 -58 58 -60 -61 -62 -63
leaf_value=0.0060648624330006812 -0.00075218994462914834 0.0021633708968061684 0.0031513210085442689 0.0080688046007813367 -0.0043705872186507967 -0.00017722010608315405 0.0038276219505341152 0.00046296665807051972 0.019264214197726531 -0.00040307394543314312 -0.0013123300951715074 0.016524234172597858 0.0024192163309934575 0.0012816205598333314 -0.0026042616469249638 -0.00015074791860401589 -0.0028147420785223799 0.0039123073999856551 -0.0024331316371294528 -0.0016175457164769405 0.0067650262555961202 0.0072355969035875255 0.0079797841542762604 -0.0033679161621309422 0.007734040402455936 -0.002621913075211168 0.0092988555654442088 -0.00027284642270015866 0.008691314743554 0.010298628154281021 4.3540626362513668e-05 -0.00046287592747488982 -0.0026242273805626949 0.0023179042771850761 -0.0012707684143181128 0.0072748077634124456 0.00048447626529894743 0.0015350255554619002 0.0016602200423344758 -0.0012520029839213761 -0.0010119111323494735 -0.00022397544746382411 0.0021280654011558843 0.006035534842658616 -0.001971322092985105 0.0054250170234814588 0.0071882694431141987 -0.00024779591176035052 -0.0021534477616717718 -0.001203756198141199 -0.0030174755784816115 0.0055165202655205912 -0.0024689212996087603 0.0056739032093627668 -0.0012468943250549187 0.001467799252805089 0.0025921406262192845 0.0225574160490432 0.0050222787090941964 0.00021446717928036196 0.00045227855053675211 -0.0012538637462663343
leaf_weight=210 345 78 85 46 41 1798 40 423 52 3097 54 41 73 97 904 103 148 84 4537 5743 58 40 42 101 42 66 57 64 68 61 1708 6423 579 65 40 90 70 58 83 204 110 575 98 81 58 52 67 48 671 282 51 51 77 77 467 717 83 63 52 175 980 43
leaf_count=210 345 78 85 46 41 1798 40 423 52 3097 54 41 73 97 904 103 148 84 4537 5743 58 40 42 101 42 66 57 64 68 61 1708 6423 579 65 40 90 70 58 83 204 110 575 98 81 58 52 67 48 671 282 51 51 77 77 467 717 83 63 52 175 980 43
internal_value=-0.000725068 -0.00119292 0.000793526 -0.000842036 0.00755682 -0.000882434 -0.000321541 0.00306953 0.00378329 0.000435506 -0.00145019 0.00771825 -0.000587316 0.0069962 -0.000671561 0.00147909 0.00327713 0.00475282 -0.00220918 -0.0021899 0.00651072 0.00452631 -0.000176714 0.00349823 0.00629121 0.00325 -0.000339648 0.00155272 0.00669173 0.00205217 0.000615995 -0.000725846 -0.00294073 0.00545055 0.00813333 0.0107429 6.57018e-05 0.00186298 0.00574675 -0.000418252 0.00012755 0.000615594 0.00432692 0.00386885 0.00622396 0.00958955 0.00135478 0.00659341 -0.000908908 0.00122371 0.00358566 0.00555263 0.0020155 -0.00053611 0.00078843 0.000320674 -0.00109914 0.0107372 0.0131466 0.00258964 0.000916589 0.0054054
internal_weight=32796 25072 7724 18569 87 18482 9298 675 825 6899 9184 251 8623 252 4553 2940 938 707 4631 6503 512 94 3649 282 181 139 3959 862 132 574 2002 8341 657 454 214 174 760 415 153 262 195 730 155 294 191 133 1180 90 2469 522 240 189 128 7684 1261 1184 231 155 115 240 1090 110
internal_count=32796 25072 7724 18569 87 18482 9298 675 825 6899 9184 251 8623 252 4553 2940 938 707 4631 6503 512 94 3649 282 181 139 3959 862 132 574 2002 8341 657 454 214 174 760 415 153 262 195 730 155 294 191 133 1180 90 2469 522 240 189 128 7684 1261 1184 231 155 115 240 1090 110
cat_boundaries=0 1 2 3 4 5 6 7
cat_threshold=22 1936 2416 2337 69 4504 852
is_linear=0
shrinkage=0.05


Tree=39
num_leaves=63
num_cat=9
split_feature=1 24 2 39 12 39 39 0 7 13 17 12 1 19 2 18 0 21 13 12 1 0 16 13 8 28 26 27 27 8 20 25 8 10 37 27 39 33 23 37 25 12 8 21 26 10 33 13 7 34 20 6 20 25 13 27 27 39 15 18 2 2
split_gain=7.38523 4.51376 3.83551 3.7165 2.51898 2.15141 2.09532 2.09928 1.80814 1.79633 1.61524 1.69639 1.61119 1.66553 1.50949 1.4607 1.30323 1.18646 1.45313 1.32869 1.43153 1.16309 1.14922 1.50251 1.37726 1.13933 1.32455 1.11874 1.10333 1.09338 1.07821 1.23193 1.08698 1.07792 1.34193 1.32473 1.21237 2.52427 1.17633 1.52747 1.14133 1.19561 1.07044 1.05593 1.27142 1.44248 1.19918 1.05352 1.01204 1.43104 1.29643 1.69734 1.12929 0.998203 1.33941 1.55939 1.72849 1.90616 1.2959 1.60456 1.1925 1.08499
threshold=-0.12188981760903726 0 -0.51082562376598994 1 14.500000000000002 2 3 0.11554431306877834 8.2392051597714531 1.6002280821917811 -0.11480071113520406 82.500000000000014 -0.47000362924573519 -5.5369705748250307e-17 -0.84141659381266887 1.0324760197250284 0.26164162587546574 11062.500000000002 0.31605800214822777 74.500000000000014 0.019418278164756501 -0.24394336009113401 -0.69314718055994495 2.3937952057794827 0.28672311546717782 1.0000000180025095e-35 21.500000000000004 1.5000000000000002 33.500000000000007 0.32348799653635957 -0.088063996059027719 4 0.29014260766965333 -0.020277991562967831 41.500000000000007 31.500000000000004 5 38.021428571428579 1.0000000180025095e-35 60.500000000000007 6 83.500000000000014 0.10983662028890183 1784.1650000000002 29.500000000000004 -0.48174125522451566 28.592857142857149 2.066070227272728 7.9450566583870819 1.0000000180025095e-35 -0.0065872006477387538 7.7337076427667801 0.055881733563238646 7 0.63661146881298392 59.500000000000007 29.500000000000004 8 -0.19102728167720592 -0.30084326019757263 0.17942764539879133 0.24214621118238713
decision_type=2 1 2 1 2 1 1 2 2 2 2 2 2 2 2 10 2 10 2 2 2 2 2 2 10 2 2 2 2 10 10 1 10 2 10 2 1 2 10 10 1 2 8 10 2 2 2 2 2 2 10 2 10 1 2 2 2 1 2 10 2 2
left_child=2 6 3 43 14 9 33 8 15 -3 16 -12 13 28 -5 53 22 -10 -19 20 -20 -17 -4 24 27 -26 29 -24 -6 -27 31 -7 -33 36 42 38 -2 40 39 -36 -38 -42 -35 44 45 -1 -46 48 49 -32 -51 52 -52 54 -8 56 58 -58 59 -56 -59 -55
right_child=1 5 10 4 12 30 7 -9 17 -11 11 -13 -14 -15 -16 21 -18 18 19 -21 -22 -23 23 -25 25 26 -28 -29 -30 -31 47 32 -34 34 35 -37 37 -39 -40 -41 41 -43 -44 -45 46 -47 -48 -49 -50 50 51 -53 -54 61 55 -57 57 60 -60 -61 -62 -63
leaf_value=0.011984022382686216 -0.0010779625058221186 -0.001995128561704309 -8.8612766763756774e-05 0.031660597957119493 0.0081936670797722287 -0.0025513508544518855 -0.0011395317431623629 -0.00097797059118352302 -0.00089944293960264165 0.0015180597036713944 0.00016384658187622699 -0.0011456301492479511 -0.00097120883839803415 0.0063098680719487731 0.007990050291362568 0.006247747169074132 0.0069223225038039654 -0.0012194116760975654 0.0065992318944516626 -0.0023950465194323457 0.0010641720413060716 -0.00097030719106421459 0.0036637897906321966 0.0089780101820893139 -0.00027098768476167557 0.0050039483033287851 0.007343273627489268 0.00028947948479260833 -0.00062783940595044279 0.0013937174850087086 -0.0010545215293398932 0.0023135123986664737 -0.0028365735433397918 -0.0018567936958543301 0.0038216620353938137 -0.0023397949525023284 -0.00051090899775417249 0.0039384873146338087 -0.00091931883947028899 0.0011137355923759565 0.00036782484162114137 0.0017429649051561354 -0.00059244054026261423 -0.0015641253492952652 0.0024767176075719899 0.00046430100353188976 -0.0062038573049959765 0.0015228297838741104 -0.0019619922662413242 -0.0037290377925591638 0.0076948618710268139 -0.0012684259939139408 0.002950260110769487 0.002112449834210287 -3.5832925310347514e-05 -0.0011242282826314756 0.00066237548692464447 0.0060966130497805303 -0.0016095507995578719 0.007273373711324034 0.0022909136072360886 -7.9369525290426084e-05
leaf_weight=91 740 2262 882 43 51 276 663 3018 2176 64 3605 696 94 61 79 40 67 91 66 75 51 763 49 42 77 44 139 869 40 135 3370 235 112 1872 41 100 405 49 44 48 257 50 1136 124 86 87 95 161 3458 76 50 48 41 1834 62 253 166 130 221 57 42 406
leaf_count=91 740 2262 882 43 51 276 663 3018 2176 64 3605 696 94 61 79 40 67 91 66 75 51 763 49 42 77 44 139 869 40 135 3370 235 112 1872 41 100 405 49 44 48 257 50 1136 124 86 87 95 161 3458 76 50 48 41 1834 62 253 166 130 221 57 42 406
internal_value=-0.000553657 -0.000965415 0.000827409 0.00398474 0.0076781 -0.00177735 -0.000408961 -1.9765e-06 0.000467802 -0.00311511 0.000420071 -0.000152256 0.00493927 0.00810457 0.0137398 0.00104894 0.00148807 -0.00062805 0.00241197 0.00487047 0.00817796 -0.000889305 0.00128016 0.00219395 0.00189117 0.00435606 0.00567398 0.000826985 0.00375 0.00280555 -0.00137599 0.000616986 0.00255586 -0.00127499 -0.00179056 0.00185897 -0.000169775 0.00122409 0.00511194 0.00838889 0.000476857 0.00272012 -0.00207378 0.00098178 0.002375 0.00536313 -0.000576924 -0.00155031 -0.00164182 -0.00105271 0.00289352 0.00575 0.00972826 0.00145502 0.00048598 0.00171137 0.00296023 0.00548672 0.000439882 0.004625 0.00896175 0.00213238
internal_weight=32465 25009 7456 851 368 10153 14856 10114 7096 2326 6605 4301 246 152 122 4637 2304 2459 283 192 117 803 2237 1355 1313 395 318 918 91 179 7827 623 347 4742 3241 233 1501 761 133 89 712 307 3008 483 359 178 181 7204 7043 3585 215 139 91 3834 1594 931 678 338 340 119 172 2240
internal_count=32465 25009 7456 851 368 10153 14856 10114 7096 2326 6605 4301 246 152 122 4637 2304 2459 283 192 117 803 2237 1355 1313 395 318 918 91 179 7827 623 347 4742 3241 233 1501 761 133 89 712 307 3008 483 359 178 181 7204 7043 3585 215 139 91 3834 1594 931 678 338 340 119 172 2240
cat_boundaries=0 1 2 3 4 5 6 7 8 9
cat_threshold=19 6946 6 214 1561 18 3377 1226 2304
is_linear=0
shrinkage=0.05


Tree=40
num_leaves=63
num_cat=8
split_feature=1 13 24 9 41 7 39 31 42 10 41 5 26 0 19 10 26 3 22 9 1 20 9 26 5 13 5 7 19 39 11 18 9 5 13 39 28 41 10 26 42 20 22 17 9 31 23 39 42 23 11 39 17 20 42 0 39 18 24 7 10 14
split_gain=7.21632 3.30994 3.0147 2.29303 2.27396 2.22562 2.13547 2.17373 2.17395 2.45199 2.05437 1.94357 1.85785 1.76346 1.70479 1.63263 1.86568 1.63011 1.42607 1.5537 1.78691 1.36222 2.49927 1.30417 2.8366 1.98799 1.3062 1.88759 1.23324 1.23015 1.79012 2.04054 1.30085 1.42844 1.22156 1.1953 1.17503 1.13694 1.12282 1.12037 1.1071 1.09153 1.06704 1.17545 1.49529 1.22124 1.05784 1.38487 1.33012 1.04814 1.46629 1.03485 1.31967 1.18051 1.2061 1.01646 1.00957 0.99812 0.989101 1.69945 1.7918 1.87435
threshold=-0.12188981760903726 0.33333309523809529 0 0.22440305459524532 12.455000000000002 6.7232230142431915 1 0.45000000000000007 0.93002855977152199 -0.046134222596884815 11.148770491803282 7.127942848874528 50.500000000000007 -0.13005361605283824 0.05087341071712382 0.067876130187097164 50.500000000000007 -1.1495350754433 -0.1772039138917666 0.43092803077009728 1.0000000180025095e-35 -0.0038095424124082529 0.18164141370939108 36.500000000000007 7.0900382966464806 1.294119723171179 6.7789194866664255 6.9711863279688862 -0.45926654351584167 2 18.500000000000004 -0.37335010602625812 0.19621234125189727 7.5011564796362782 0.44444507936507943 3 1.0000000180025095e-35 92.236904761904782 0.0031360396130444283 1.5000000000000002 0.9066133720930234 -0.0042027258411461545 -0.73388916867951759 -0.50785924247499192 0.27091519332570607 6.7500000000000009 -0.056926878758246861 4 0.94957627118644072 -0.45350532429576557 71.500000000000014 5 -0.22963033975517386 -0.044878744494829953 0.93700396825396837 -0.021053409197831826 6 1.3101858397715864 7 8.1023932800045149 -0.21136141964324692 -0.24422989750358923
decision_type=2 2 1 10 2 2 1 2 2 2 2 2 2 2 2 2 2 2 8 10 2 10 10 2 2 2 2 2 2 1 2 8 10 2 2 1 2 2 2 2 2 10 10 2 10 2 10 1 2 8 2 1 2 10 2 2 1 10 1 2 2 2
left_child=3 35 5 28 10 -3 7 8 9 11 15 -5 17 36 18 16 29 -9 19 20 51 -12 -23 41 25 26 -25 -28 -1 30 31 -4 34 -34 -32 -2 -6 -30 -29 -17 -38 -15 43 44 -8 -46 47 48 -20 50 -26 52 -7 -53 -55 -36 -48 -45 -19 -60 61 -61
right_child=1 2 4 6 13 14 42 12 -10 -11 21 -13 -14 23 -16 39 -18 58 46 -21 -22 22 -24 24 49 -27 27 38 37 -31 32 -33 33 -35 55 -37 40 -39 -40 -41 -42 -43 -44 57 45 -47 56 -49 -50 -51 -52 53 -54 54 -56 -57 -58 -59 59 60 -62 -63
leaf_value=0.0022083783403936716 -0.00042880869876461142 0.0021369834712883159 0.012240811246482807 0.004291423365284183 -0.0015340082287872495 0.0043445756973277726 0.010190955397831609 0.019745857463558537 0.0017827280492234432 0.00075467235684586456 -0.0014788970423966574 0.01043033035197765 0.0077851379627766164 -0.0012626967756637884 -0.0012109736098465606 0.0018406450019338657 0.010147971945115873 0.0031616627556378127 0.0058197918642688053 0.0072348355931168701 -0.00027530756768336714 0.0066353530171838846 0.0020026811675532994 -0.0024388440709680898 -0.00036352475521523177 0.0092576505840430562 0.0068650377105349443 0.0033898161325205105 0.00018938101525355056 -0.00047828777681732096 0.0033402270161614414 0.00082410011591737989 0.003061586334809139 -0.0017370633667733886 0.0032769787019700895 -0.0018685833490814892 0.0031105889283431529 -0.00071063651022494525 -0.0018941386882008902 -0.0020003553721398355 0.00026960137257895576 -0.0022448647132962845 -0.00037103602668746912 0.00032042912646331281 -0.0029226380916633245 0.0063662663630349742 0.00042364529029457858 -0.00010686497377032856 0.0017523413257101543 -0.0016132173624091629 0.0048334438382224756 0.0058544574466237141 0.0024556393801450044 0.0062960529967931791 -0.00055823852100509179 -0.00066728666411139479 -0.0015343784910669858 0.0038159518968448806 -0.0012157489239411686 0.00021951740652440267 1.7288567191180854e-05 0.010252834469216246
leaf_weight=51 524 665 41 46 213 43 50 42 104 50 53 79 51 2822 2321 51 40 544 102 63 745 47 55 152 263 52 42 67 2898 1401 48 57 49 228 104 2144 140 1197 43 1964 551 3221 905 594 45 47 393 2713 182 1775 45 60 114 104 225 147 1175 46 502 48 169 75
leaf_count=51 524 665 41 46 213 43 50 42 104 50 53 79 51 2822 2321 51 40 544 102 63 745 47 55 152 263 52 42 67 2898 1401 48 57 49 228 104 2144 140 1197 43 1964 551 3221 905 594 45 47 393 2713 182 1775 45 60 114 104 225 147 1175 46 502 48 169 75
internal_value=-0.000623248 -0.00102872 -0.000831821 0.000733694 -0.00129769 -0.000114963 0.00169659 0.00293434 0.00698214 0.0103693 -0.000344145 0.0140873 0.00216131 -0.00173431 -0.000339766 -0.000556767 0.000413515 0.00181028 0.000110641 0.00153505 0.00115712 0.00528846 0.00864078 -0.00195803 -0.000981559 0.00313725 0.00157377 0.0048366 -5.5463e-05 0.000204719 0.0019416 0.00818182 0.000901212 -0.00156475 0.00318333 -0.00269389 0.00036464 -0.000152589 0.00135135 -0.0015749 0.00136561 -0.00235192 0.000421082 0.00177522 0.00587412 0.00204301 -0.000312091 0.000238491 0.00349152 -0.00168666 0.00100324 0.00332724 0.0066369 0.0017625 0.000621211 0.00176587 -0.00136393 0.000858033 0.00150112 0.000347825 0.00337884 0.00794355
internal_weight=32787 25244 22576 7543 13671 8905 3397 1710 279 175 4285 125 1431 9386 8240 4130 2115 1380 5919 1354 1291 155 102 8482 2439 356 304 152 4146 2075 674 98 576 277 299 2668 904 4095 110 2015 691 6043 1687 782 142 92 4565 2997 284 2083 308 546 157 389 329 251 1568 640 1338 794 292 123
internal_count=32787 25244 22576 7543 13671 8905 3397 1710 279 175 4285 125 1431 9386 8240 4130 2115 1380 5919 1354 1291 155 102 8482 2439 356 304 152 4146 2075 674 98 576 277 299 2668 904 4095 110 2015 691 6043 1687 782 142 92 4565 2997 284 2083 308 546 157 389 329 251 1568 640 1338 794 292 123
cat_boundaries=0 1 2 3 4 5 6 7 8
cat_threshold=17 473 6344 4280 1024 2562 4240 18
is_linear=0
shrinkage=0.05


Tree=41
num_leaves=63
num_cat=14
split_feature=10 9 39 25 27 39 21 33 41 7 39 19 42 25 39 2 33 22 42 24 2 9 25 8 10 26 13 18 2 19 14 22 17 13 33 11 21 30 17 38 31 30 12 39 27 24 21 2 23 42 21 24 13 10 21 26 41 9 39 27 39 31
split_gain=6.32852 5.97775 4.30201 2.75861 2.50579 2.41311 3.00339 2.35291 2.05308 1.96647 1.93392 1.93371 1.92993 1.828 1.92513 2.1306 2.1008 1.91319 1.68023 1.64926 1.62974 1.59901 1.56247 1.77203 1.4948 1.45612 1.33076 1.51873 1.90859 2.73986 1.59462 1.32994 1.32169 1.82986 3.13436 2.47747 1.29114 1.4191 1.28346 1.69232 2.06436 1.61784 2.01145 1.49877 1.3483 1.23582 1.13868 1.73581 1.13838 1.13457 1.11851 1.11135 1.14016 1.11134 1.09506 1.08169 1.2211 4.85153 1.06063 1.19141 1.0455 1.40687
threshold=-0.010652941766023714 0.25704647033720945 0 1 21.500000000000004 2 1247.9550000000002 28.050000000000008 97.248076923076937 6.9711863279688862 3 -0.5309552764053812 0.90754985754985762 4 5 0.3244683021799451 31.792857142857148 -0.63592248551371 0.84344362745098056 6 -0.33135696501424222 0.20812049606331759 7 0.27081870513953815 0.15969578837893697 18.500000000000004 0.50455755025653282 -0.033268059416225342 0.26429276785785311 -0.014480896718148723 -0.1665844542318746 1.0000000180025095e-35 -0.45957014928820361 1.2000015000037503 29.88571428571429 34.500000000000007 721.20000000000016 50.95000000000001 0.057350728957400794 8 19.900000000000006 0.35000000000000009 56.500000000000007 9 5.5000000000000009 10 2798.2450000000003 -0.087010922444381564 -0.93718149888163227 0.82497911445279881 1930.6450000000002 11 0.55266317229283424 -0.080707284418788369 1570.5000000000002 17.500000000000004 12.455000000000002 0.16058250236006069 12 8.5000000000000018 13 217.40000000000003
decision_type=2 10 1 1 2 1 10 2 2 2 1 2 2 1 1 2 2 8 2 1 2 10 1 8 2 2 2 10 2 2 2 10 2 2 2 2 8 2 2 1 2 2 2 1 2 1 10 2 8 2 10 1 2 2 10 2 2 10 1 2 1 2
left_child=1 8 3 9 13 6 7 -3 38 12 25 -10 -2 14 15 16 -5 -15 -11 22 -9 -14 58 -24 -16 -4 -20 28 29 30 -28 45 -8 34 35 -34 -25 -38 -1 40 -40 42 -42 -41 53 50 60 -48 -46 -21 54 52 -19 -45 -6 -47 57 -57 -7 -60 61 -43
right_child=2 5 10 4 31 19 32 20 11 18 -12 -13 21 17 24 -17 -18 51 26 49 -22 -23 23 36 -26 -27 27 -29 -30 -31 -32 -33 33 -35 -36 -37 37 -39 39 43 41 46 -44 44 48 55 47 -49 -50 -51 -52 -53 -54 -55 -56 56 -58 -59 59 -61 -62 -63
leaf_value=0.00044210298519648471 0.010656998624284304 0.0020294661642526329 -0.00086055716382054206 0.0021366184554309151 0.0017256945969369001 -0.00047668868586793765 -0.0010130995587515716 0.015342633391849254 0.0017095487737914734 0.0054358231825530614 -0.0011426503469138334 -0.00079514906795771973 0.011176600689734114 0.0043930948583267848 0.0019430074942537847 0.00033580744332985241 0.012265626200372042 -0.0017229107505191531 -0.0027501140457668518 0.01082979844640751 0.0076545155409406124 0.0012543609056017942 0.00014331305160309273 0.00752791183233089 -0.0017928713368964054 -0.002851964061111884 -0.0028419663692075873 -0.00029536865756840035 -0.00069060564553922153 0.0064303505414396072 0.0033260236042797122 -0.002450681361646868 0.0059399457777992454 0.001837637675015854 0.0020297330644247469 0.013249305532421211 0.0055529457536053683 0.0062628480861995116 -0.00068788127294265448 -0.0018859559530724939 0.0042006060714792478 0.00067602149006863906 0.00082428971920654813 0.0059228944997688927 0.0026034511621697556 -0.0033266379740799152 0.0011613277203667513 0.0036895741520466376 -0.00055464399900331546 -0.00055627403202385009 -0.00086470122011520932 -0.0010140647890948444 0.0033198359040065048 -0.00013340965400951031 0.0080165271935323783 0.0073000647938298198 -0.0014443728093325955 -0.0011448048612545025 0.005827886370952347 0.0016680775793745954 -0.00062465301793674841 0.0049322619236166348
leaf_weight=3482 42 73 1062 41 460 387 168 52 53 40 8030 3746 44 42 150 62 62 109 198 75 75 101 271 56 226 1791 53 382 85 54 66 1416 40 269 90 41 435 47 1031 932 47 82 47 52 81 488 105 66 965 999 411 1273 192 58 48 41 696 260 66 397 333 45
leaf_count=3482 42 73 1062 41 460 387 168 52 53 40 8030 3746 44 42 150 62 62 109 198 75 75 101 271 56 226 1791 53 382 85 54 66 1416 40 269 90 41 435 47 1031 932 47 82 47 52 81 488 105 66 965 999 411 1273 192 58 48 41 696 260 66 397 333 45
internal_value=-0.000598461 0.000171813 -0.00122866 -0.000263719 -0.000682199 0.00196076 0.00434676 0.00970149 -0.000397718 0.00206784 -0.00185102 -0.00134079 0.00672872 0.000678868 0.00316123 0.00752841 0.0123558 -0.000172097 0.00109215 0.0012336 0.0137891 0.00393835 0.00221856 0.00378658 0.00108527 -0.00297312 0.000607865 0.00171607 0.00467181 0.00767241 0.003375 -0.0014525 0.00264368 0.00408163 0.00811046 0.0151829 0.00549165 0.00463768 9.14414e-05 -0.000538363 0.000605545 0.00265151 0.00873684 -0.00149595 -0.000282778 -0.000735968 0.00173259 0.00520349 -0.000840498 -0.000294932 0.0007043 -0.000457144 0.00222756 0.00495495 0.00227898 -0.00162099 -0.000686374 0.0019702 0.000696863 0.00228903 0.000433838 0.0040942
internal_weight=32591 14666 17925 7042 5977 3541 808 200 11125 1065 10883 3799 187 2157 541 165 103 1616 878 2733 127 145 1659 809 376 2853 838 640 258 173 119 3820 608 440 171 81 538 482 7326 3844 1756 725 94 2088 1156 2404 631 171 1046 1074 919 1574 301 110 508 1485 997 301 850 463 460 127
internal_count=32591 14666 17925 7042 5977 3541 808 200 11125 1065 10883 3799 187 2157 541 165 103 1616 878 2733 127 145 1659 809 376 2853 838 640 258 173 119 3820 608 440 171 81 538 482 7326 3844 1756 725 94 2088 1156 2404 631 171 1046 1074 919 1574 301 110 508 1485 997 301 850 463 460 127
cat_boundaries=0 1 2 3 4 5 6 7 8 9 10 11 12 13 14
cat_threshold=3840 2304 153 84 48 2048 19 2502 9 7296 17 16 3078 1792
is_linear=0
shrinkage=0.05


Tree=42
num_leaves=63
num_cat=2
split_feature=1 9 9 22 10 41 26 10 9 42 10 24 24 41 17 1 8 42 27 23 13 8 0 11 33 19 13 0 8 18 31 13 10 26 0 42 34 30 17 11 33 22 26 31 33 17 22 19 20 5 2 27 33 15 15 17 37 17 20 23 2 11
split_gain=6.49608 2.55284 2.54298 2.17436 2.02504 1.70656 1.56235 1.54008 1.70528 1.66675 1.61684 1.38353 1.37382 1.60625 1.92461 1.75208 1.18092 1.17105 1.86625 1.0455 1.03358 1.02924 1.68655 1.01073 1.67801 1.2463 1.11633 1.007 0.996507 1.06047 1.04763 0.985672 1.31829 0.980224 1.06137 0.975153 1.19858 1.6366 1.12024 1.75679 2.72764 1.69244 1.63476 2.36507 1.23214 1.81561 1.00171 0.972569 0.980996 1.29821 0.960695 1.68683 1.03137 1.00174 1.42847 0.93786 2.31397 1.48992 1.31315 2.0974 1.10861 1.19772
threshold=-0.064538249398367484 0.09880983193811374 0.33911445933448697 0.060433145050778153 -0.48174125522451566 4.0495901639344272 49.500000000000007 0.065731831791969078 0.34812275520351327 0.61684397163120586 -0.34929059831850301 0 1 146.70046419098148 -1.1280569483395193 -0.39914701637582345 0.75716050863564177 0.77459677419354855 14.500000000000002 -0.17428676717720257 0.71875043945175177 0.13049935291996043 0.08894804267163138 25.500000000000004 28.492857142857151 0.19202529751176728 0.92351367390336792 -0.36338146474657579 0.36006031001712246 1.6311293354044367 36.900000000000013 0.36363844451477628 -0.052037784174700168 33.500000000000007 -0.14628777847824323 0.9457002457002458 1.0000000180025095e-35 41.050000000000011 -0.38574556519501874 79.500000000000014 36.692857142857157 -0.87372937832189967 25.500000000000004 167.95000000000005 29.614285714285717 -0.1838119327909353 -0.36886529512437322 0.0096855795992714811 -0.030162333381092518 6.9906204848149702 -0.077785111390246783 3.5000000000000004 33.192857142857157 0.039234100213350061 -0.49616967063735945 -0.087240086323441698 39.500000000000007 -0.35530131909548041 0.0084121795348847377 -0.090026151657719641 0.024450897844401357 50.500000000000007
decision_type=2 8 10 10 2 2 2 2 8 2 2 1 1 2 2 2 8 2 2 10 2 8 2 2 2 2 2 2 10 10 2 2 2 2 2 2 2 2 2 2 2 8 2 2 2 2 10 2 10 2 2 2 2 2 2 2 10 2 10 10 2 2
left_child=2 11 12 7 5 19 17 8 9 -3 -10 31 -1 14 15 -14 27 18 -5 -4 -16 -8 -23 24 -12 -25 -26 -7 29 -6 -30 32 -2 34 -17 38 -37 -38 -11 41 42 -40 -41 -44 45 -43 -46 -15 49 -49 51 -19 -53 54 -54 56 57 -33 60 -60 -59 -62
right_child=1 3 4 6 28 16 21 -9 10 35 23 -13 13 47 20 33 -18 50 -20 -21 -22 22 -24 25 26 -27 -28 -29 30 -31 -32 55 -34 -35 -36 36 37 -39 39 40 -42 44 43 -45 46 -47 -48 48 -50 -51 -52 52 53 -55 -56 -57 -58 58 59 -61 61 -63
leaf_value=-0.00068441703842457525 0.000668893661581828 0.006054539025291023 0.011725520735978531 0.0014161029366211587 0.0022849115119771969 -0.00052885755322467558 -0.0015909920112303845 -0.00084349394590376011 0.01034325124679073 -0.00089306008670632451 0.010130920096749187 -0.002002545190741539 0.0094392354080234282 1.9170630488532142e-05 -2.5296461776387202e-05 -5.872452831547238e-05 0.021249929120880362 0.0048467490676147498 -0.00036630517033166147 0.0046162201324763666 0.00091145651409104073 0.0036977826828677577 -0.00014508222290432888 -0.0012550293578179176 -0.001027381464917324 0.0091150118418418524 0.010596660582167901 0.0057656139502097175 0.001713298270445752 0.0080322563683394178 -0.0013563644005407086 -0.0016280293364119075 -0.0018984949377214089 -0.0011425292042190663 0.004031455473805453 -0.00055048178689772538 0.0046783954339792997 -0.00059993584138203285 0.0072706196264580181 -0.001482776659157513 0.0063647746198324156 0.0064231609564510102 0.0058025014291284331 0.00013961810505821768 -0.0019085171021670487 0.00041168241820221203 0.00016336123021864186 0.0083570329891366809 -0.0018890106848535226 -0.00096123911829979522 -0.0022706557475620577 -0.0019173386318927475 -0.0029868932415462787 -0.0048591986178769097 0.0035648453033126182 -0.0011642975982813434 0.0032954611767870312 -0.0024090505606791917 0.0028899882639072576 -0.00036814336068872192 0.0018684187854361824 -0.00077780504016760439
leaf_weight=1852 61 50 42 43 551 140 108 5963 90 437 44 2283 44 978 2810 49 61 59 115 41 2370 67 89 271 89 49 51 68 463 46 316 375 651 80 75 2654 50 73 48 150 61 81 80 97 418 604 374 56 669 102 3581 459 42 90 75 1675 50 156 76 49 58 49
leaf_count=1852 61 50 42 43 551 140 108 5963 90 437 44 2283 44 978 2810 49 61 59 115 41 2370 67 89 271 89 49 51 68 463 46 316 375 651 80 75 2654 50 73 48 150 61 81 80 97 418 604 374 56 669 102 3581 459 42 90 75 1675 50 156 76 49 58 49
internal_value=-0.000643794 -0.00113802 0.000359255 -0.000826703 0.00211683 0.00549575 -0.00173187 -0.000461867 0.000120408 -0.000170917 0.00265546 -0.00207239 2.47622e-05 0.000336139 0.000766254 0.00506024 0.00353704 -0.00195297 0.00226415 0.0117262 0.000559736 0.002 0.00458599 0.00154455 0.00448649 -0.000155764 0.00177305 0.00172249 0.00124909 0.00278428 7.05116e-05 -0.00138586 -0.00302945 0.00307317 0.00584 -0.000260337 -0.00089453 0.00391129 0.000489152 0.00101097 0.00401028 0.000245739 0.00217988 0.00542135 -5.75113e-05 0.00149417 -0.00139975 -0.000955151 -0.00221618 0.00132075 -0.0021082 -0.00044766 -0.00116942 0.00175481 0.00478813 -0.000920049 0.000472972 -0.00021597 0.00195373 0.00615079 -5.68194e-05 0.00384259
internal_weight=32758 21945 10813 16462 1728 352 4728 11734 5771 5177 594 5483 9085 7233 5428 248 269 4464 158 83 5180 264 156 504 184 320 140 208 1376 597 779 3200 712 204 124 5127 2777 123 2350 1913 388 1525 327 177 1477 685 792 1805 827 158 4306 725 666 207 117 2488 813 763 388 125 263 107
internal_count=32758 21945 10813 16462 1728 352 4728 11734 5771 5177 594 5483 9085 7233 5428 248 269 4464 158 83 5180 264 156 504 184 320 140 208 1376 597 779 3200 712 204 124 5127 2777 123 2350 1913 388 1525 327 177 1477 685 792 1805 827 158 4306 725 666 207 117 2488 813 763 388 125 263 107
cat_boundaries=0 1 2
cat_threshold=19 8
is_linear=0
shrinkage=0.05


Tree=43
num_leaves=63
num_cat=7
split_feature=1 9 24 7 22 15 1 22 2 3 21 42 23 4 19 2 13 40 42 25 19 25 42 13 41 24 19 23 12 33 9 42 15 11 7 25 9 5 42 16 0 33 23 1 1 25 13 12 11 3 19 22 16 16 5 25 2 33 0 16 23 41
split_gain=5.33603 3.16617 2.55287 2.16578 2.10161 1.90365 1.82839 1.70761 1.49041 1.39043 1.32829 2.46259 1.73284 2.1398 2.12279 1.28406 1.2816 1.23349 1.25174 1.44562 1.97842 1.22675 1.58781 1.19749 1.93715 1.18394 1.17641 1.16913 1.16636 1.16619 1.4365 1.2723 1.14086 1.12872 1.10975 1.46249 1.07831 1.07724 1.07699 1.07473 1.05779 1.03306 1.65779 1.01613 1.00591 1.30782 1.24576 1.57138 1.2397 1.14711 0.993643 1.40519 1.71405 1.26458 1.00107 1.01823 1.21278 1.48361 1.16233 1.19285 0.97528 1.39541
threshold=-0.084557388028062327 0.073291392900923999 0 6.7232230142431915 -0.59300523485780443 0.087066343185474807 0.14915365036667352 0.13104528397273027 -0.15415067982725847 0.28597395072909265 3199.3900000000008 0.91266209000762788 0.21389408634595333 -0.83925475682132811 0.10606400980804588 -0.07410797215372121 1.3076928402358672 3.5000000000000004 0.88284313725490204 1 -0.092050421865826113 2 0.83205128205128209 2.5909391534391539 46.201562500000009 3 -0.29199699264683676 -2.6642895425370479 81.500000000000014 26.935714285714294 0.24132111075805393 0.93798076923076934 2.7731617882050936 48.500000000000007 7.7547721113162318 4 0.19621234125189727 8.8537381786286868 0.96329966329966343 -0.64397703778920001 -0.16251892949777466 39.035714285714299 0.052180595154756267 -0.33135713595444244 -0.31015492830383934 5 0.85714230055730922 56.500000000000007 66.500000000000014 -0.24723497942119674 -0.021601215034048236 -1.0975695354225989 -0.55639204930132402 -0.33821966377681884 8.411868353403527 6 0.10311909133040766 29.850000000000009 0.003331793675517059 -0.29221538471536185 0.55961578793542288 117.52380952380953
decision_type=2 8 1 2 10 2 2 10 2 2 10 2 10 2 2 2 2 2 2 1 2 1 2 2 2 1 2 8 2 2 8 2 2 2 2 1 10 2 2 2 2 2 10 2 2 1 2 2 2 2 2 10 2 2 2 1 2 2 2 2 10 2
left_child=4 8 3 15 5 23 16 27 -2 26 11 12 13 -6 28 38 17 21 19 -19 -21 22 36 44 -25 -12 -10 -5 -14 30 -29 -32 -7 -22 35 -31 -4 50 -3 40 -15 -9 -43 -34 45 46 -1 -48 -47 -50 51 52 -23 -54 55 56 58 -58 59 -53 61 -18
right_child=1 2 6 7 10 32 -8 41 9 -11 25 -13 14 39 -16 -17 60 18 -20 20 33 37 -24 24 -26 -27 -28 29 -30 34 31 -33 43 -35 -36 -37 -38 -39 -40 -41 -42 42 -44 -45 -46 48 47 -49 49 -51 -52 54 53 -55 -56 -57 57 -59 -60 -61 -62 -63
leaf_value=0.0039497601421467901 0.0015430683469898289 0.0094768655768485074 -0.0025107501203472751 0.0042098821331279139 0.0059420509850741611 -0.00016713766222541956 -0.0021631898747439598 -0.0015725342339076688 0.0014717287093600675 0.0032873392338460951 -9.2302354794222754e-05 -0.00016057741312367279 0.0059902916421862122 -0.00081274356466645909 -0.00078589161326445564 0.0013318610085231455 0.0022059414929627881 -0.0020734308118222121 -0.0015561225363180393 0.003154476749314085 0.0014236338833288774 -0.00057492806005435694 -0.0031387523348235845 0.0017735783814595539 0.0080767512021738506 -0.0015922304739193233 -0.0016773712742241523 0.00035161520291781325 0.0018151623161641345 -0.0010828976008103815 0.0059498910487259717 0.00055680480614158246 0.00044578710297552563 -0.0028620993937404355 -0.00066245772669622899 0.00064002623949556111 0.010478116876790176 -0.0028492684847979699 0.0035830404277935463 -0.00030543753221996453 0.0036725786160078534 0.0039301370510463523 -0.0012145626739566507 0.0077849104888836522 0.0008965477893004937 0.00015160230503758317 0.010522094698678874 0.002579717306271686 0.0024923185752212282 0.0056496780373730352 -0.0005817227624116089 -0.00055846582312530019 0.0032730245370984679 0.0018464408136993384 -0.0037378432685252158 -0.00025389883102337865 0.0019020899220945566 0.0094515426477848712 -0.0039848035204492378 0.0052143306432133026 -0.0010436890868852683 -0.0003815657276809706
leaf_weight=117 74 83 53 57 44 1417 3932 1642 44 62 1118 2961 144 40 41 490 444 251 2076 41 86 124 742 49 40 805 2672 566 40 469 71 80 48 120 2705 1707 45 169 54 410 59 46 41 44 1551 358 65 51 84 76 2392 69 59 170 121 526 84 44 99 56 146 428
leaf_count=117 74 83 53 57 44 1417 3932 1642 44 62 1118 2961 144 40 41 490 444 251 2076 41 86 124 742 49 40 805 2672 566 40 469 71 80 48 120 2705 1707 45 169 54 410 59 46 41 44 1551 358 65 51 84 76 2392 69 59 170 121 526 84 44 99 56 146 428
internal_value=-0.000591996 -0.00100255 -0.000783184 -8.78845e-05 0.000401546 0.00129454 -0.00123576 -0.000327692 -0.00256222 -0.00274919 -0.000213669 0.00033556 0.00283697 0.00132671 0.00652655 0.00273089 -0.000817758 -0.00104872 -0.0019301 0.00032064 0.00296512 -0.000571099 -0.00229142 0.00217182 0.00783333 -0.00128119 -0.00291866 9.28206e-05 0.00881081 1.96452e-05 0.00190111 0.0062171 -9.60277e-05 0.0010628 -0.000257068 0.00058337 0.00363636 -0.000194955 0.00699275 0.00040196 0.00505 -0.00170231 0.00357954 0.00526882 0.00194963 0.0034508 0.0064959 0.0104273 0.00190926 0.00559006 -1.86928e-05 0.0010643 0.00377119 0.00632609 0.000104999 0.000693969 0.00272727 0.00666667 0.000577777 0.00376984 0.000843963 0.00147766
internal_weight=32702 23140 20288 8011 9562 3900 12277 7384 2852 2778 5662 3739 778 553 225 627 8345 7327 2574 498 247 4753 840 2391 89 1923 2716 5655 184 5598 717 151 1509 206 4881 2176 98 3913 137 509 99 1729 87 92 2302 751 233 116 518 160 3744 1352 353 229 999 878 352 128 224 125 1018 872
internal_count=32702 23140 20288 8011 9562 3900 12277 7384 2852 2778 5662 3739 778 553 225 627 8345 7327 2574 498 247 4753 840 2391 89 1923 2716 5655 184 5598 717 151 1509 206 4881 2176 98 3913 137 509 99 1729 87 92 2302 751 233 116 518 160 3744 1352 353 229 999 878 352 128 224 125 1018 872
cat_boundaries=0 1 2 3 4 5 6 7
cat_threshold=17 1890 10 7 1156 114 2337
is_linear=0
shrinkage=0.05


Tree=44
num_leaves=63
num_cat=5
split_feature=1 22 13 8 25 42 10 33 13 41 6 12 26 31 6 41 42 8 17 10 0 37 22 35 6 16 6 23 6 16 25 1 9 3 25 41 42 33 25 42 23 6 19 10 23 42 17 33 3 38 11 12 42 44 8 8 8 13 13 31 23 41
split_gain=5.32489 2.66016 2.17523 2.116 1.91812 1.71768 2.7786 2.92734 1.73909 1.51558 1.49269 1.34456 1.77893 1.66897 1.35226 1.32877 1.32695 1.72008 1.27437 1.22909 1.22335 1.19104 1.43756 1.24421 1.3507 1.79617 2.14237 2.43321 1.69222 1.39656 1.36167 1.46453 1.46872 2.1105 1.20991 1.28947 1.86788 1.16643 1.13631 1.307 1.13145 1.09825 1.14019 1.09822 1.28037 1.93409 1.07004 1.06453 2.30992 1.05453 1.74565 1.34741 1.00826 1.14317 1.20074 1.82203 1.08551 1.22878 1.4351 1.39357 1.05548 0.984222
threshold=-0.064538249398367484 -0.081752960802294175 0.54318926100354681 0.016376077632875127 0 0.92380261248185791 -0.64124254273186387 28.907142857142862 2.5909391534391539 67.507814407814422 9.0205102675735116 64.500000000000014 46.500000000000007 19.900000000000006 7.7984953334667875 19.877155172413797 0.71682389937106927 0.063493814657534231 -3.5803921201582996 0.18375733344649173 0.27541337359013213 45.500000000000007 -0.24949585043924455 0.12157339354599848 7.6240147820075146 0.063041322183747819 7.5516978601619345 0.10295693366520321 7.588936837225666 0.50314049029990715 1 0.30761716762527597 0.27544559066178109 0.12516314295400613 2 27.350409836065577 0.9826073805202663 30.064285714285713 3 0.60977224576271194 0.04800921918636037 9.4788706807073133 -0.17882899628991339 0.13823375906131166 1.2562629267375292 0.85951206140350889 0.60484495698142726 27.421428571428574 -0.015750075715674324 4 20.500000000000004 46.500000000000007 0.98449519230769245 1.0000000180025095e-35 0.30878336222147335 0.2737600715505733 0.083510575314098209 0.81081190650405721 0.86538544748680746 19.900000000000006 0.18232155679395481 7.3623883928571443
decision_type=2 8 2 8 1 2 2 2 2 2 2 2 2 2 2 2 2 8 2 2 2 10 10 2 2 2 2 10 2 2 1 2 10 2 1 2 2 2 1 2 8 2 2 2 10 2 2 2 2 1 2 2 2 2 8 10 10 2 2 2 8 2
left_child=5 21 15 -4 16 6 7 -1 9 11 20 49 -13 -14 -15 38 17 -5 -11 -19 46 23 -23 24 25 26 30 28 -28 -27 -2 32 -32 -34 35 -31 -37 -10 40 -40 -3 42 -26 44 -8 -46 -6 48 -42 50 51 -7 53 54 55 56 60 -58 -59 -60 -51 -44
right_child=1 2 3 4 10 8 43 -9 37 18 -12 12 13 14 -16 -17 -18 19 -20 -21 -22 22 -24 -25 41 29 27 -29 -30 34 31 -33 33 -35 -36 36 -38 -39 39 -41 47 -43 61 -45 45 -47 -48 -49 -50 52 -52 -53 -54 -55 -56 -57 57 58 59 -61 -62 -63
leaf_value=0.013183848435478311 -0.001057994648360442 -0.0020152282516562731 -0.0045980027082422941 0.0074566335457576117 0.00033995751301513677 -0.00025812960963041707 0.00058676217036249679 0.0074555963758959056 0.0017039306694383704 0.0016186540186152319 -0.0019946444340020516 -0.00072750439803579954 -0.00094876411842310471 0.0068859758300756739 0.0013949890857132847 -0.0017707843743222597 -0.0017108428220594055 -0.0048201005527182652 -0.00064857875895106944 0.0040551990900583789 -0.0019342689630875067 0.0033272740518924824 0.00064153095951673068 -0.0020975232748552041 0.0038018285296634647 -0.0020227514800430614 0.0066987578981694386 0.0066704759401878021 -0.0014104339902817605 -0.00016915885825192155 0.00044024447009489618 -0.00071336871456750643 0.012010175598520627 0.00073467795970630356 -0.0012203101316350042 0.0047027941802229708 -0.0021690199448714648 0.0073782524991075878 0.0018501885036001184 -0.0019053710597628515 0.0051591108027945094 0.0016218309482199213 -0.00011816802571432741 -0.0015304584869670166 0.0045261712766243405 5.5759245084734645e-05 -0.0015458038824239545 -1.2216955800404607e-05 0.0018836804619364056 0.00028104866935841689 -0.0010527567810427565 0.010577959330910066 -0.00027459008365187195 -4.9750964538076114e-05 0.000356704295331882 0.0084365049049202074 0.00078422510930059499 0.006280716658662271 -7.7700417617454349e-05 0.0033214075862460835 0.0031096392563078412 -0.0016415550980793453
leaf_weight=61 441 186 619 42 3747 59 3288 113 69 51 469 1226 70 41 40 3572 3744 73 2852 44 653 40 112 229 205 457 41 54 60 97 425 117 89 66 217 71 45 51 50 1237 41 65 1672 335 59 67 665 256 125 42 471 60 437 374 314 55 385 56 103 58 40 1860
leaf_count=61 441 186 619 42 3747 59 3288 113 69 51 469 1226 70 41 40 3572 3744 73 2852 44 653 40 112 229 205 457 41 54 60 97 425 117 89 66 217 71 45 51 50 1237 41 65 1672 335 59 67 665 256 125 42 471 60 437 374 314 55 385 56 103 58 40 1860
internal_value=-0.000588263 -0.00103623 -0.00138914 -0.000952572 -0.000766583 0.000321487 0.00115571 0.00731428 -0.000156092 -0.000262807 -0.000165916 0.000390135 -0.000859943 0.00424342 0.00908536 -0.00219184 -0.00161344 0.00284375 -0.00112431 -0.000296611 8.38914e-05 -0.000175205 0.00418301 -0.000282519 -0.000143742 0.000848234 0.00203632 0.00753205 0.00289216 -0.00088401 0.00128182 0.00263418 0.00370052 0.00785256 0.00116009 0.00372768 0.0074359 0.00578512 -0.00112078 -0.00195301 0.000662357 -0.000712597 -0.000825309 0.000867999 0.00113616 0.00606299 0.000382958 0.00210402 0.00520958 0.00109165 -0.000748753 0.004625 0.00166933 0.00232143 0.00316414 0.00426351 0.00354744 0.00280265 0.00580275 0.0033642 0.00891566 -0.00103595
internal_weight=32663 21886 15523 10056 9437 10777 3923 174 6854 6734 5534 3831 1377 151 81 5467 3903 159 2903 117 5065 6363 152 6211 5982 2180 1293 155 101 887 1138 697 580 155 430 213 116 120 1895 1287 608 3802 3737 3749 3414 126 4412 422 166 2454 590 119 1864 1427 1053 739 684 602 217 161 82 3532
internal_count=32663 21886 15523 10056 9437 10777 3923 174 6854 6734 5534 3831 1377 151 81 5467 3903 159 2903 117 5065 6363 152 6211 5982 2180 1293 155 101 887 1138 697 580 155 430 213 116 120 1895 1287 608 3802 3737 3749 3414 126 4412 422 166 2454 590 119 1864 1427 1053 739 684 602 217 161 82 3532
cat_boundaries=0 1 2 3 4 5
cat_threshold=79 1222 1649 2370 4
is_linear=0
shrinkage=0.05


Tree=45
num_leaves=63
num_cat=5
split_feature=8 0 26 39 2 39 39 5 42 19 39 2 11 27 18 19 11 1 9 37 35 31 13 1 6 13 9 13 42 8 33 6 12 17 41 0 33 27 2 33 13 18 9 26 3 33 42 33 31 41 21 12 33 12 12 1 17 14 30 8 18 39
split_gain=4.56326 3.96264 2.27726 2.34971 1.88367 2.10575 2.10476 1.7938 1.79065 2.24381 2.07951 1.83301 1.76826 1.56645 1.54334 1.50949 1.49243 2.12287 1.48663 1.45614 3.0805 1.36314 1.68445 1.45091 1.30975 1.21565 1.30572 1.21124 1.20166 1.19726 1.25185 1.19582 1.17849 1.2004 1.5531 1.12563 1.7844 1.1179 1.38371 1.09047 1.87991 1.08144 1.19592 1.07475 1.2057 1.22702 1.25603 1.04477 1.04469 1.04089 1.24099 1.22154 1.72454 1.32326 1.72954 2.78318 1.14915 1.03302 1.0098 1.10599 1.00331 0.990606
threshold=0.13049935291996043 0.084918013018842511 49.500000000000007 0 -0.02531805798422759 1 2 6.9808219726974592 0.89915254237288156 0.4053625688302594 3 -0.32038959752131418 25.500000000000004 4.5000000000000009 0.60489924334646183 -1.0000000180025095e-35 86.500000000000014 0.0040072213968986867 0.25704647033720945 40.500000000000007 0.01341434913174557 2.0500000000000003 0.87035854733035767 -0.035717628056831423 6.927169680553666 2.3937952057794827 0.20812049606331759 0.51307636118700717 0.7117014341590614 0.063493814657534231 28.078571428571436 8.0162617475236484 27.500000000000004 -0.1093768778232611 22.185402029664328 -0.050814394421914592 35.635714285714293 49.500000000000007 -0.040821194519614849 28.521428571428576 0.64603107687459826 0.46641253320380965 0.31635800433522437 17.500000000000004 -0.27713628223239078 38.192857142857157 0.90081967213114766 28.835714285714285 186.90000000000003 61.089062500000004 4581.2500000000009 56.500000000000007 28.37857142857143 16.500000000000004 38.500000000000007 0.021190886092326004 -0.69960127121363958 0.31365014809907005 125.30000000000001 0.59338424244810428 0.37553976405916029 4
decision_type=8 2 2 1 2 1 1 2 2 2 1 2 2 2 10 2 2 2 10 10 2 2 2 2 2 2 10 2 2 10 2 2 2 2 2 2 2 2 2 2 2 10 10 2 2 2 2 2 2 2 8 2 2 2 2 2 2 2 2 10 10 1
left_child=4 2 8 21 6 7 -1 24 9 10 11 18 35 -13 57 16 19 -18 -2 -7 -21 -4 23 -23 -6 49 -27 -3 31 37 -31 -9 -5 34 -34 -12 41 -8 -39 40 -32 42 -37 61 48 -46 -47 -19 -45 50 56 52 53 -51 55 -55 -10 -15 59 -52 -48 -29
right_child=1 27 3 32 5 15 29 28 25 -11 12 13 -14 14 -16 -17 17 47 -20 20 -22 22 -24 -25 -26 26 -28 43 -30 30 39 -33 33 -35 -36 36 -38 38 -40 -41 -42 -43 -44 44 45 46 60 -49 -50 51 58 -53 -54 54 -56 -57 -58 -59 -60 -61 -62 -63
leaf_value=-0.001079746031894449 0.00053710849011815289 -0.0020702361211222455 0.0010666465732162335 -0.0012856994601605316 -0.0012495218247772525 -0.00058937403330439064 -0.00089212338559012015 0.003168979543712733 0.0013913428758693751 0.012655845621433213 0.00077194020283206997 0.0064537325903558226 -0.00036178572811215162 0.0019278969490122311 -0.0035397125790494208 -0.0014617015028585594 0.0045384493610952812 0.0045289514211675199 0.0082783819252114886 -0.00057499780323860556 0.0024116913187969729 0.0071293439803636824 0.0090943044547821556 0.0010559225275582943 0.0018713810226247967 0.0056418176452417354 0.00182619317240688 -0.0026984655566766628 -0.0018845125457907662 -0.00041964638558017291 -0.00047233807890059384 -0.0017692294430046178 0.0018354862391530417 -0.00059781188946665567 0.0065012029978570966 0.00079587276526228994 0.0051909145775906398 -7.7882520494269644e-05 0.0031095130046709741 0.00035389788623394066 0.0054364596611966723 -0.0064934458611857794 0.0067112895047029388 0.00069451402793798312 -0.00044370220174276808 0.0033844140739696204 0.0022897830888087638 -0.0016535586375340092 0.0026868347346643224 -3.8221867744474161e-05 0.00085436843595315833 -0.0010935706806989565 -0.0004297836901145498 0.006715895473995967 0.0018434681828439284 -0.00078335932893647199 -0.00026559826112031469 0.0069448804355031262 0.0037543620821151587 0.010855838730411356 -0.0030601556185904373 -0.00013637950928024778
leaf_weight=1767 49 1549 62 151 230 2518 803 59 366 72 364 46 1346 268 111 2895 59 40 82 124 44 61 58 86 47 41 141 807 2710 782 66 93 42 91 40 129 40 311 40 1981 70 52 59 223 2650 44 71 104 123 196 2050 1342 1296 68 114 42 2963 55 48 63 83 596
leaf_count=1767 49 1549 62 151 230 2518 803 59 366 72 364 46 1346 268 111 2895 59 40 82 124 44 61 58 86 47 41 141 807 2710 782 66 93 42 91 40 129 40 311 40 1981 70 52 59 223 2650 44 71 104 123 196 2050 1342 1296 68 114 42 2963 55 48 63 83 596
internal_value=-0.000544795 -1.37821e-05 0.000515213 0.00353885 -0.00119812 -0.00165453 -0.000498197 -0.00269683 0.000358206 0.00149028 0.00124712 0.0037701 0.000449774 0.00239085 0.00144827 -0.00108197 -0.000275088 0.00384804 0.00905303 -0.000588018 0.00390532 0.00688849 0.00910194 0.00618243 0.00113309 1.14522e-05 0.00404371 -0.00104604 -0.00307719 0.000131643 0.000674137 0.00124183 0.000537312 0.00336207 0.00771084 0.00260465 0.00498221 -0.00122944 0.00112216 0.00130548 0.00562044 0.0033195 0.00507936 -0.000638322 -0.000131457 -0.000470342 0.00331658 0.000551723 0.0026513 -7.48637e-05 0.000336914 -0.000813993 6.98882e-05 0.00285036 0.00546667 0.00990991 -0.00026877 0.00319444 0.00126966 0.00110454 0.00116129 -0.00179131
internal_weight=32883 18140 11994 591 14743 8923 5820 3139 11403 2673 2601 611 1990 480 434 5784 2889 203 131 2686 168 267 205 147 277 8730 182 6146 2862 4053 2899 152 324 173 82 644 280 1154 351 2117 136 240 188 4597 3194 2848 198 144 346 8548 5490 3058 1716 420 224 110 3329 323 2161 2113 154 1403
internal_count=32883 18140 11994 591 14743 8923 5820 3139 11403 2673 2601 611 1990 480 434 5784 2889 203 131 2686 168 267 205 147 277 8730 182 6146 2862 4053 2899 152 324 173 82 644 280 1154 351 2117 136 240 188 4597 3194 2848 198 144 346 8548 5490 3058 1716 420 224 110 3329 323 2161 2113 154 1403
cat_boundaries=0 1 2 3 4 5
cat_threshold=4888 244 1314 2688 7714
is_linear=0
shrinkage=0.05


Tree=46
num_leaves=63
num_cat=11
split_feature=1 39 24 22 39 25 9 36 25 22 39 33 21 39 4 31 27 44 15 6 31 2 0 6 25 0 39 9 6 23 8 9 22 2 13 17 13 13 33 20 8 1 13 13 22 26 23 25 44 33 16 16 10 27 3 15 25 8 2 42 0 4
split_gain=4.70513 2.58381 2.08148 2.00109 2.01629 1.62912 1.54152 1.50121 1.66629 1.66933 1.75271 1.71917 1.52862 2.76594 2.42776 2.02032 1.46343 1.41006 1.64455 1.39812 1.3779 1.80974 1.31731 1.33391 1.30088 1.56159 1.36084 1.29835 1.29336 1.29118 1.2869 1.18848 1.168 2.03931 1.16137 1.14793 1.29692 1.12187 1.08035 2.12121 1.06594 1.91659 1.31812 1.21981 1.53475 1.86526 1.19538 1.06914 1.91108 1.47389 1.12873 1.05659 1.04605 1.52526 1.03241 1.0197 0.987868 1.36631 1.14378 1.45967 1.09754 0.973322
threshold=-0.027893441421845907 0 1 -0.42871697973730688 2 3 0.44836566544208817 1.4282084760338528e-07 4 0.15415111938750475 5 31.521428571428576 1383.9750000000001 6 -0.2518401488946575 1.0500000000000003 27.500000000000004 0.18333333333333338 -0.19671029424605416 8.1707304029469956 295.40000000000003 -0.1251629076598326 -0.33489350148919067 8.0256380382474273 7 0.003331793675517059 8 0.02546646264633946 8.9766005246349803 -1.1570709635483944 0.49912168221095926 0.27986743617489002 -0.57115294043600118 -0.20661261002142381 0.87035854733035767 0.011623070144161753 0.91770621097601068 1.5558046836073745 26.935714285714294 0.082562656043268248 0.30507935163442995 -0.49247739418952946 0.64603107687459826 0.66997700984824682 -0.28813936964890713 37.500000000000007 0.28690021146368988 9 0.10555555555555557 26.907142857142862 1.0979658761669573 -1.5025631265448942 -0.028600748494169267 5.5000000000000009 -0.31015492830383934 1.0000000180025095e-35 10 0.039620160685053467 0.078224868015253982 0.8442887931034484 0.2277393237844039 -0.12136085700426723
decision_type=2 1 1 8 1 1 10 2 1 10 1 2 8 1 2 2 2 2 2 2 2 2 2 2 1 2 1 10 2 8 10 10 10 2 2 2 2 2 2 10 8 2 2 2 10 2 10 1 2 2 2 2 2 2 2 2 1 10 2 2 2 2
left_child=3 52 19 4 51 6 17 8 22 12 11 -11 13 30 -15 -16 -13 18 -6 27 24 -22 23 -5 28 26 29 -3 34 -26 -10 -23 33 -31 -4 36 -36 -9 39 -29 41 55 -43 44 45 -44 47 48 49 -45 -51 -1 53 -2 -21 -14 -40 58 59 -58 -59 -20
right_child=1 2 20 7 5 -7 -8 37 9 10 -12 16 40 14 15 -17 -18 -19 61 54 21 31 -24 -25 25 -27 -28 38 -30 32 -32 -33 -34 -35 35 -37 -38 -39 56 -41 -42 42 43 46 -46 -47 -48 -49 -50 50 -52 -53 -54 -55 -56 -57 57 60 -60 -61 -62 -63
leaf_value=0.0031447458044981114 0.002972001769014613 -0.0046032852487389803 -0.001020995208790285 -0.00084095955062436951 0.0088266469979574377 0.0023521242434554335 0.014633010832179265 -0.0013832457126811007 -0.00019760136613246099 -0.00036557860051332312 -0.0010120810585849066 0.003457916718270579 0.0080850461418753485 0.0088566694293680075 0.0029540543460095394 0.00025325871147180369 0.00089726751198278276 -0.0028173276159128278 -0.00040797158650579426 0.0017861500015798255 0.0034818104001311172 -0.00070119231698500205 -0.00099387412829745714 0.0053950652893912238 0.0031942137439616176 -0.002444404740240342 -0.0018703240096235561 0.00070617285983688586 -0.0019026771201378504 0.0060034636329726575 0.015211228008417713 0.0022896786272226413 -0.0014539035936667684 0.00034801287746236164 0.005385634430182795 -0.00092762106636440377 0.00071151617976653438 0.0010390529463820397 -0.0011482008558484878 0.0052471270242800908 -0.00056987021127513301 -0.00015641770182658939 0.001614095118915962 0.008619549519168164 -0.0012415624161555892 0.0046359056302504647 -0.00099736860310104957 0.00031151620683953824 -0.001613812183684408 0.0016660079450197419 0.0021879625708119891 3.0066086310750816e-05 -0.0018001247217464618 -0.0004715961484859789 -0.0010715675087250096 0.0015584922514907927 0.0041312660941389403 0.00044266228542659802 0.0071028137419737588 -0.00069167589074632587 -0.0018466886541687356 0.0058978272377163236
leaf_weight=64 44 130 2675 79 64 572 46 575 491 103 1385 49 47 61 48 227 45 44 48 104 64 466 1608 50 66 2873 1598 461 412 52 73 92 670 348 64 667 594 52 889 65 1019 2309 80 78 80 57 288 1376 152 617 44 1308 1772 295 1997 52 47 2513 40 90 587 49
leaf_count=64 44 130 2675 79 64 572 46 575 491 103 1385 49 47 61 48 227 45 44 48 104 64 466 1608 50 66 2873 1598 461 412 52 73 92 670 348 64 667 594 52 889 65 1019 2309 80 78 80 57 288 1376 152 617 44 1308 1772 295 1997 52 47 2513 40 90 587 49
internal_value=-0.000524822 -0.0010152 -0.000814795 0.000203911 0.00158242 0.00351918 0.00685114 -7.01623e-05 7.29425e-05 0.000356073 -0.00111181 0.00319711 0.000683802 0.00260821 0.00610951 0.00425725 0.00821053 0.00521845 0.00737654 -0.000139171 -0.00125376 0.00102729 -0.00133581 0.0035 -0.00139671 -0.00190192 -0.00104936 0.000329669 -0.000748362 0.000278987 0.000399999 0.000107333 -0.000140057 0.00199501 -0.000474882 0.000735293 0.00221548 -0.00244427 0.000466651 0.00259962 0.000404031 0.000694845 0.000559818 0.00129463 0.00488532 0.00807971 0.00098787 0.00137346 0.00271064 0.00379054 0.00301359 0.000390454 -0.00266494 -0.000132354 -0.00121551 0.00755 0.000196783 0.000597627 0.00485955 0.00264493 0.000354723 0.00321428
internal_weight=32915 19675 17564 13240 2195 823 251 11045 10418 8681 1582 197 7099 900 336 275 94 205 161 6923 10641 622 1737 129 10019 5607 2734 4822 4412 1136 564 558 1070 400 4000 1325 658 627 4692 526 6199 5180 5081 2772 217 137 2555 2267 891 739 661 1372 2111 339 2101 99 4166 3277 177 137 3100 97
internal_count=32915 19675 17564 13240 2195 823 251 11045 10418 8681 1582 197 7099 900 336 275 94 205 161 6923 10641 622 1737 129 10019 5607 2734 4822 4412 1136 564 558 1070 400 4000 1325 658 627 4692 526 6199 5180 5081 2772 217 137 2555 2267 891 739 661 1372 2111 339 2101 99 4166 3277 177 137 3100 97
cat_boundaries=0 1 2 3 4 5 6 7 8 9 10 11
cat_threshold=4 17 5809 305 130 160 2304 3376 841 816 1216
is_linear=0
shrinkage=0.05


Tree=47
num_leaves=63
num_cat=5
split_feature=24 10 9 27 22 25 7 9 21 0 33 31 9 8 7 21 22 10 12 9 41 31 3 7 8 25 20 3 16 16 30 6 19 20 3 25 0 0 27 23 8 31 21 31 12 33 10 12 8 33 0 26 41 17 1 19 41 14 30 1 25 30
split_gain=3.2155 3.11529 2.06999 2.02336 2.04047 2.34636 2.31943 2.33047 2.20857 1.91502 2.28443 1.9067 2.40789 1.8496 1.56783 1.54335 1.48528 1.46859 1.93214 1.42346 1.37916 1.39975 1.30972 1.29281 1.27759 1.27133 1.72853 1.45472 2.40253 2.59434 1.60265 2.33687 1.40824 1.1934 1.16519 1.87793 1.22856 1.14805 1.13979 2.2343 1.12379 1.12376 1.26875 1.06884 1.0413 1.02498 1.81682 2.46846 1.00441 1.41008 0.989382 1.67984 0.982226 1.08979 0.97059 1.56461 0.950946 1.42248 0.921139 1.01615 1.24743 1.07732
threshold=0 -0.64124254273186387 0.10053842295640697 3.5000000000000004 -0.0090507446116534981 1 7.8430088710790615 0.048332483987553451 14600.000000000002 0.12136214732851293 38.335714285714296 9.3500000000000032 0.31864609477357236 0.30878336222147335 9.0749287351744581 1399.6050000000002 -0.28813936964890713 -0.092462631989914432 52.500000000000007 0.47712552636134503 4442.0645089285726 287.10000000000002 -0.039220713153281121 8.2274138344673116 0.41752622003614326 2 -0.024334982943738492 -0.22314355131420924 0.016022644818648683 0.68400541116963021 22.950000000000006 7.8555828722006851 0.0042065369877279588 -0.095246039666117457 0.17513961864913877 3 -0.084557388028062327 -0.12782147312956701 44.500000000000007 0.19289739452216928 0.4327588816598133 32.750000000000007 1229.2200000000003 85.100000000000023 62.500000000000007 29.035714285714292 -0.19790530053848251 4.5000000000000009 0.21671767435722986 29.614285714285717 -0.0028932236767591486 34.500000000000007 68.622844827586221 0.20629497852719461 -0.1427449851411273 -0.034719023497375247 6.2231800766283536 0.31365014809907005 43.550000000000011 0.057244760771560273 4 8.4500000000000011
decision_type=1 2 10 2 10 1 2 10 10 2 2 2 10 8 2 10 8 2 2 8 2 2 2 2 10 1 10 2 2 2 2 2 2 10 2 1 2 2 2 8 10 2 8 2 2 2 2 2 8 2 2 2 2 2 2 2 2 2 2 2 1 2
left_child=3 40 -3 14 5 8 7 -7 45 10 34 -9 17 16 20 22 -14 18 54 -8 21 -1 -12 -17 -15 26 -4 28 -28 -30 -29 44 52 56 -6 36 -36 -26 39 -20 -2 42 -38 -18 -32 46 47 -5 49 -40 -43 -52 53 58 -13 -56 -34 -58 59 -27 61 -61
right_child=1 2 25 4 9 6 19 11 -10 -11 15 12 13 24 -16 23 43 -19 38 -21 -22 -23 -24 -25 37 32 27 30 29 -31 31 -33 33 -35 35 -37 41 -39 48 -41 -42 50 -44 -45 -46 -47 -48 -49 -50 -51 51 -53 -54 -55 55 -57 57 -59 -60 60 -62 -63
leaf_value=0.001231079297629253 0.0016630870824729312 -0.0013475309850416812 -0.0012087163106731247 0.0058458361632361443 -0.00073539143482780653 -0.0020728080614938636 -0.00025947511514810265 0.00011760587392101936 0.0033093728414475831 -0.0028679444497186164 0.0066492463801335819 -0.00050473332383865939 0.016585033056880864 -0.00015784873987185542 -0.0033731559872645749 -0.0018073540497492132 0.0027106664844273641 0.00035846320203018192 0.0059556908235079585 0.0040211610653114451 0.0031943397080579578 0.005291996140535324 0.0021969606866364321 0.0012170254089872859 0.0038899057210446974 0.001136464996995474 0.0002720344599745541 -9.7950332869159247e-05 0.0072866882946997866 0.0045964710988779236 0.0017651809942526462 -0.0020868398883489409 0.003033015444136295 -0.0016502153546778351 -0.0018735158020558873 -0.0014020317177292226 0.0023287191014189903 0.0053770078205362228 0.0064546974716643921 -0.00035605517581090943 0.0091591439661384329 0.0039077693831745825 -0.0014086169101541449 0.0091180730708879214 0.0041690526740251954 -0.00068544754008712525 -0.00037086601935598152 0.00027832364815560305 0.0022663811130765321 0.0043377018134781757 -0.0024997903794504923 0.0047533390421852255 -0.0012883737868221437 -0.0011860797925465952 0.0058660938040693573 -9.5607408286595201e-05 -0.0018126699624741044 0.0049828650826071168 -0.0010367533626890618 -0.0034559266346089845 -0.0015398376663131484 0.0044023390202706019
leaf_weight=1295 95 2929 525 71 2973 215 3543 1289 68 1299 40 142 41 89 98 104 44 1510 51 105 53 45 119 94 82 1106 122 855 40 43 41 50 52 3702 72 381 44 75 62 80 96 43 83 41 45 3318 1355 222 51 50 46 55 1504 575 49 82 183 41 545 54 548 104
leaf_count=1295 95 2929 525 71 2973 215 3543 1289 68 1299 40 142 41 89 98 104 44 1510 51 105 53 45 119 94 82 1106 122 855 40 43 41 50 52 3702 72 381 44 75 62 80 96 43 83 41 45 3318 1355 222 51 50 46 55 1504 575 49 82 183 41 545 54 548 104
internal_value=-0.00053979 -0.00114013 -0.00123383 -0.000130581 -0.000277393 6.92454e-05 0.000623357 0.00146307 -0.000767097 -0.00109544 -0.000559804 0.00175448 0.00257347 0.00627346 0.00163874 0.00325419 0.0111811 0.00190808 0.0040757 -0.000285011 0.00206958 0.00175242 0.00690625 0.000301506 0.0037247 -0.000895325 0.000343532 0.00139515 0.00521845 0.0117262 0.000599797 0.00562044 -0.00114778 -0.00183212 -0.000928882 0.000868964 0.0034887 0.00642405 0.00688135 0.00337121 0.00518229 0.00512868 0.00167969 0.00726744 0.0105747 -0.000891888 0.000127349 0.00369048 0.00966463 0.0123009 0.00813793 0.00534314 -0.0005364 -3.41067e-06 0.00104014 0.00412879 0.00133574 -8.88901e-05 0.000472857 0.00101489 -0.000466762 0.00331361
internal_weight=32734 13255 13064 19479 17988 12635 7601 3953 5034 5353 4054 3738 2449 372 1491 357 126 2077 567 3648 1393 1340 159 198 246 10135 1721 1196 205 83 991 136 8414 3978 3697 724 343 157 294 131 191 271 127 85 86 4966 1648 293 163 112 144 101 4436 2932 273 131 276 224 2357 1812 706 158
internal_count=32734 13255 13064 19479 17988 12635 7601 3953 5034 5353 4054 3738 2449 372 1491 357 126 2077 567 3648 1393 1340 159 198 246 10135 1721 1196 205 83 991 136 8414 3978 3697 724 343 157 294 131 191 271 127 85 86 4966 1648 293 163 112 144 101 4436 2932 273 131 276 224 2357 1812 706 158
cat_boundaries=0 1 2 3 4 5
cat_threshold=19 653 2064 3376 832
is_linear=0
shrinkage=0.05


Tree=48
num_leaves=63
num_cat=12
split_feature=2 39 0 25 17 8 11 33 39 18 22 39 3 23 18 6 13 3 12 39 8 41 41 17 11 13 24 0 3 8 1 41 27 3 16 18 33 20 4 15 22 25 1 27 23 13 4 39 41 25 24 24 27 25 20 12 27 5 16 41 15 18
split_gain=3.97681 3.58226 2.22453 1.89669 1.93653 2.36243 1.79207 1.81928 1.73585 3.38987 1.61678 1.95195 2.04618 1.82532 1.78522 1.61542 1.82904 2.05354 1.5385 1.49107 1.74602 1.49703 1.42379 1.30468 1.237 1.33514 1.53596 1.74909 1.30312 1.21981 1.21264 1.13969 1.08556 1.06905 1.17694 1.06437 1.06045 1.72782 1.05542 1.11501 1.23013 1.46307 1.82668 1.05534 1.13322 1.00668 1.00075 1.81626 3.36105 0.997212 1.11107 0.993689 1.84817 1.7393 1.47589 2.06371 1.4094 1.32479 1.35207 1.32441 1.38808 2.09756
threshold=-0.058268908123975109 0 0.074637604732785259 1 0.15948709796799213 0.75716050863564177 6.5000000000000009 30.850000000000005 2 0.023474460287506962 0.16912636338280942 3 -0.73966492346240009 1.0000000180025095e-35 1.93275273446517 8.2258607318518759 1.5750028125100448 0.12516314295400613 14.500000000000002 4 0.044726798170606437 82.282866379310363 10.643345373714924 0.17821440057662266 61.500000000000007 0.81579429695940742 5 -0.12516314295400607 -0.048385062573033537 0.44922748177134292 -0.051292652940192689 2.6609772245762717 57.500000000000007 0.32694719574052927 -0.15415067982725814 -0.6603834794174156 26.621428571428577 -0.035466379193855459 -0.048160675081037489 0.26017536807319935 -0.13975807762592288 6 -0.060525376622175379 5.5000000000000009 0.097638469563915878 0.72620280781635371 0.1670676787307164 7 11.148770491803282 8 9 10 21.500000000000004 11 0.00084769376967420388 7.5000000000000009 4.5000000000000009 7.7071517845536244 -0.40706278186814154 2.8380986937590715 0.5877866649021195 0.35299860781198639
decision_type=2 1 2 1 2 10 2 2 1 10 10 1 2 10 10 2 2 2 2 1 8 2 2 2 2 2 1 2 2 10 2 2 2 2 2 10 2 10 2 2 8 1 2 2 8 2 2 1 2 1 1 1 2 1 10 2 2 2 2 2 2 10
left_child=6 31 3 15 5 24 7 -1 9 -9 11 12 18 51 -14 16 19 23 -8 22 21 -21 29 -18 36 46 28 -28 -27 -3 43 35 -17 34 -29 -2 37 -5 39 40 -33 -42 -43 44 -4 -44 -26 -48 -49 50 -12 52 56 -54 55 -55 -13 58 -56 -57 61 -61
right_child=1 2 30 4 -6 -7 10 8 -10 -11 49 13 14 -15 -16 32 17 -19 -20 20 -22 -23 -24 -25 25 26 27 33 -30 -31 -32 38 -34 -35 -36 -37 -38 -39 -40 -41 41 42 45 -45 -46 -47 47 48 -50 -51 -52 -53 53 54 57 59 -58 -59 -60 60 -62 -63
leaf_value=0.00035405679170097512 0.0039645747128239468 0.0040207198347648335 -0.00021280462223247608 0.0079787935614367752 -0.0014067963891160008 0.0052464572973303369 0.022565611714381033 0.00076075475460528081 0.001511664383014632 0.0075991048512091992 0.0012728694071515419 0.0022666677616857505 0.00034066433011756535 -0.00057209236689736694 0.0059582267067280377 -0.0011953931012731889 0.0090158508408060226 0.005695819267176978 0.00025487992572909799 0.0038536339429396369 0.00089387959349514776 0.00027504639721570183 -0.00068670903130083679 -0.0022368474920282919 -0.00078790200209315317 0.0048484536393520296 -0.00052492565151726351 0.0055810650614418122 -0.0024647534228638222 -0.00019675150419457642 -0.0015322039456090769 0.0050806814180937281 0.00075959995668193204 0.0033914297215492497 0.00010155728661393767 -0.0036013832736084689 -0.00083154097280480413 -0.00031177961039829732 -0.0017416295190139123 -0.0018097864069642163 -0.0012614236684487397 0.00087354861543407841 -0.0012097498935693559 -5.8061469886108442e-05 0.011266817300265122 0.0030643810905539178 -0.0014491910721231458 -0.00099239097902920656 0.0041830295572593944 -0.0016371026223801167 -0.0011457697432785447 -0.00028023537580585198 0.00037381899718510233 -0.00079712845181745631 0.0045376991854971785 -0.00064369844632288734 -0.00086014465471999152 -0.00045893428032748912 0.001882586380298966 0.0065826438306508563 0.0054757923127250656 0.0015306498435065587
leaf_weight=496 50 59 42 74 2614 51 46 48 151 62 165 334 1735 2279 42 1065 46 54 42 57 2221 48 802 47 654 45 73 102 109 60 5763 58 232 50 88 73 2180 261 2562 297 271 67 181 517 46 43 111 64 61 983 276 2172 1037 77 55 46 851 236 137 166 40 106
leaf_count=496 50 59 42 74 2614 51 46 48 151 62 165 334 1735 2279 42 1065 46 54 42 57 2221 48 802 47 654 45 73 102 109 60 5763 58 232 50 88 73 2180 261 2562 297 271 67 181 517 46 43 111 64 61 983 276 2172 1037 77 55 46 851 236 137 166 40 106
internal_value=-0.000568928 -0.000975991 -0.000680412 -0.000257371 -0.000807118 -0.000105761 0.000176119 0.00252638 0.00589695 0.0103306 1.15451e-05 0.000249414 0.00169243 -0.000109979 0.00133015 0.000509357 0.00108395 0.00652027 0.00910112 0.000835898 0.0015062 0.00778302 -0.000863735 0.00196808 -0.000247871 0.000968335 0.00313034 0.0050463 -0.0010303 0.00420833 -0.00142723 -0.00241074 -0.000989986 0.00726141 0.00549738 0.00229839 -0.000904214 0.00171131 -0.00258477 -0.00112745 8.05141e-05 -0.000639433 0.00180463 0.000701319 0.00573034 -0.000311112 -0.000168351 0.00261603 0.00643382 -0.0015579 0.000431415 0.000402243 0.000977066 0.00194634 0.00358696 0.0056766 -0.000569141 0.00153846 0.0046114 0.00727019 0.0084345 0.00710623
internal_weight=32780 21198 17596 11228 6537 3923 11582 757 261 110 10825 9401 1865 7536 1777 4691 3394 147 88 3247 2326 105 921 93 3872 1357 467 313 154 119 6368 3602 1297 240 190 123 2515 335 3479 917 620 562 291 605 88 224 890 236 125 1424 441 5257 3085 1900 863 435 1185 428 192 358 312 272
internal_count=32780 21198 17596 11228 6537 3923 11582 757 261 110 10825 9401 1865 7536 1777 4691 3394 147 88 3247 2326 105 921 93 3872 1357 467 313 154 119 6368 3602 1297 240 190 123 2515 335 3479 917 620 562 291 605 88 224 890 236 125 1424 441 5257 3085 1900 863 435 1185 428 192 358 312 272
cat_boundaries=0 1 2 3 4 5 6 7 8 9 10 11 12
cat_threshold=84 2099 3472 92 130 9 369 2720 540 24 19 2137
is_linear=0
shrinkage=0.05


Tree=49
num_leaves=63
num_cat=6
split_feature=22 9 16 24 42 9 31 7 17 25 35 9 41 33 7 16 9 19 13 5 25 31 5 5 25 2 21 42 16 22 13 31 21 20 13 21 8 13 11 41 24 16 13 22 25 11 11 30 8 23 11 7 20 8 22 2 16 31 16 8 23 17
split_gain=3.68781 3.56094 2.14547 2.07944 1.47647 1.4577 2.00456 1.44507 1.59002 1.52651 1.44062 1.30159 1.29594 1.6305 1.24942 1.22507 1.20831 1.23075 1.20193 1.23716 1.52143 1.26417 1.41136 1.35592 1.19669 1.17336 1.35722 1.20329 1.57529 1.56895 1.64532 1.42291 1.42009 1.39206 1.66777 1.15986 1.15859 1.15849 1.1474 1.12352 1.11556 1.08879 1.46645 1.04133 1.16995 2.62801 1.01872 2.80304 1.01203 0.978799 2.63496 1.64471 1.21953 0.973711 0.961705 0.889626 0.888502 0.917322 0.88439 0.872828 1.04227 0.871669
threshold=1.0000000180025095e-35 0.092712352115155147 -2.4833610535031632 0 0.60977224576271194 0.48528873579167525 2.850000000000001 8.7593688359721149 -0.1093768778232611 1 1.3207873718880272e-07 0.042822650199884481 17.510459183673472 27.478571428571435 6.470600712840116 -0.69757197376320412 0.1806396431769455 -0.096713589065371711 0.54545482880785057 7.5011564796362782 2 1.0000000180025095e-35 7.2903832074580004 7.3524652504941503 3 0.20563692215733023 5705.0000000000009 0.95101959216313481 -0.64397703778920001 -0.31015468906944693 0.61904928571428586 111.90000000000002 2138.7500000000005 0.11363488657839442 0.88888911111111113 4581.2500000000009 0.16074114852153812 1.5059779185907269 69.500000000000014 197.37023809523811 4 -0.28768207245178051 0.58621085018517571 -0.27258036109976153 5 21.500000000000004 67.500000000000014 2.3500000000000005 0.28672311546717782 1.0000000180025095e-35 5.5000000000000009 7.3337799423748447 -0.077640969573354757 0.37894570104079012 -0.28030255338979854 0.0069353808006562554 0.60632437607867951 26.450000000000006 0.62168456276125872 0.15499548210029826 1.0569214841985846 -0.36498661132782056
decision_type=10 8 2 1 2 10 2 2 2 1 2 10 2 2 2 2 8 2 2 2 1 2 2 2 1 2 10 2 2 10 2 2 8 10 2 10 10 2 2 2 1 2 2 10 1 2 2 2 8 8 2 2 10 8 8 2 2 2 2 10 8 2
left_child=1 2 -1 37 -2 7 -7 8 9 10 25 -4 13 48 15 -11 17 -15 -6 20 -20 -22 -23 -24 -19 26 27 29 -29 33 -31 32 -30 34 61 49 39 -3 -39 -33 46 53 -43 -9 45 -45 47 59 -10 50 51 -14 55 -8 -42 -52 -54 -58 -25 60 -26 -5
right_child=4 3 11 5 18 6 41 43 12 14 -12 -13 35 16 -16 -17 -18 24 19 -21 21 22 23 58 40 -27 -28 28 31 30 -32 36 -34 -35 -36 -37 -38 38 -40 -41 54 42 -44 44 -46 -47 -48 -49 -50 -51 52 -53 56 -55 -56 -57 57 -59 -60 -61 -62 -63
leaf_value=0.00094749767482899818 0.0014943027887666632 -0.00094608876401578671 -0.0022455029043959612 -0.00013098838910584028 -0.0013139433252030988 -0.0010487977145725476 0.012222201108471942 -0.001081841840798162 0.0019884716647980221 -0.00050879966776215958 0.003385522624489338 -0.00074948642430063234 0.0082503452051707893 0.0060959364330486852 0.00018292265803568244 0.0092098763389502417 -0.00020469507937888028 -0.00084412849345579823 -0.0014040259353883303 -0.0011399290642877546 0.0050013133471917088 -0.0002939673226408393 0.0027242514736571747 0.0021621351142398224 0.0026983097059790524 -0.00013730592387265687 -0.0010111771998788314 -0.00052917913348176694 0.0058411195578950649 0.009725149993178743 0.0028094538415078963 0.0046175271026983452 -0.00085360215136617368 -0.0026386948598642514 0.0076744167050828357 -0.0022804061727198888 0.0028738164904129398 6.1015774606649722e-05 0.0027334929777713636 0.0023848524944035431 0.0017278052300956676 -7.4384197357974498e-05 0.012244281055148612 -0.0013294834695703496 -0.00086805988777708992 0.0048829550171860733 0.0003217422461599837 0.0078402932220777068 -0.00035884727282851832 -0.00036265358379352768 0.004558536979677519 0.0010660948123689931 -0.0006592350896605201 -0.0011192954240906434 -0.00070391152852844821 -0.00016520195575643788 -0.00027448435818790785 0.0026138189188767919 -0.0022966094407227224 -0.0017184028241405691 0.0054287409020466028 0.0048909666652352845
leaf_weight=57 55 3418 719 122 3866 283 49 1323 359 42 42 3512 53 48 2941 77 1852 365 951 3461 66 879 81 199 45 351 222 184 46 45 70 79 129 40 76 579 97 251 78 56 114 68 209 87 239 77 95 42 115 3005 59 60 711 109 203 42 96 69 42 60 42 92
leaf_count=57 55 3418 719 122 3866 283 49 1323 359 42 42 3512 53 48 2941 77 1852 365 951 3461 66 879 81 199 45 351 222 184 46 45 70 79 129 40 76 579 97 251 78 56 114 68 209 87 239 77 95 42 115 3005 59 60 711 109 203 42 96 69 42 60 42 92
internal_value=-0.000576743 -0.000235726 -0.00153649 5.92048e-05 -0.0014009 0.000319828 0.00251738 0.000210696 0.00039486 0.00112373 0.00234356 -0.00166706 -3.3688e-05 0.000718347 0.000455876 0.00545833 0.000268572 0.00165517 -0.00144825 -0.000985036 -6.30927e-05 0.00106807 0.000702994 0.00352941 0.00126163 0.00211491 0.00282764 0.00358727 0.00210304 0.00554933 0.0105603 0.00383578 0.000426135 0.00377643 0.00498282 -0.000571124 0.00639485 -0.000993881 0.00183333 0.009375 0.00260621 0.00464449 0.00652878 -0.0011465 0.00107673 0.00417143 0.00484746 0.00713158 0.00343158 -0.000274659 0.00100825 0.00820175 0.00016871 0.00132075 0.000503048 0.00534314 -0.000433297 0.00286144 0.00163223 0.00381757 0.00698864 0.00269767
internal_weight=32804 23204 4288 18916 9600 15169 718 14451 12725 4711 1651 4231 8014 3340 3060 119 2866 1014 9545 5679 2218 1267 1201 322 966 1609 1258 1036 591 445 115 407 175 330 290 4674 232 3747 329 135 601 435 277 1726 403 164 284 189 474 4095 1090 113 977 158 317 101 876 165 241 147 87 214
internal_count=32804 23204 4288 18916 9600 15169 718 14451 12725 4711 1651 4231 8014 3340 3060 119 2866 1014 9545 5679 2218 1267 1201 322 966 1609 1258 1036 591 445 115 407 175 330 290 4674 232 3747 329 135 601 435 277 1726 403 164 284 189 474 4095 1090 113 977 158 317 101 876 165 241 147 87 214
cat_boundaries=0 1 2 3 4 5 6
cat_threshold=8 624 199 232 6 353
is_linear=0
shrinkage=0.05


Tree=50
num_leaves=63
num_cat=5
split_feature=22 10 37 13 37 25 7 8 33 19 19 10 1 42 25 23 33 14 20 42 27 31 11 20 13 11 6 33 11 20 13 0 18 1 27 20 14 21 8 22 42 24 14 33 27 11 8 20 30 31 23 42 10 18 13 8 27 25 1 24 0 14
split_gain=3.37283 2.38057 2.77347 2.08642 1.7502 1.72817 1.90145 1.92069 1.62112 1.56847 2.27728 1.49015 1.34205 1.85567 1.37058 1.28429 1.33888 1.55849 1.60317 1.2814 1.43177 1.95554 2.43847 1.82038 1.71881 1.27066 1.25324 1.95649 1.53448 1.42766 1.49912 1.59436 1.36951 1.34878 2.42007 1.56711 1.17376 1.14582 1.11069 1.10147 1.09107 1.10176 1.27886 1.08029 1.89398 1.05673 1.39023 1.34336 1.10721 2.28231 1.018 1.00471 1.40236 1.43704 1.02796 1.49561 0.997437 1.12334 1.77096 0.986475 1.19268 1.05051
threshold=-0.37581530981317984 -0.0038427605510120695 1.5000000000000002 0.57142872448968673 59.500000000000007 0 8.4919846475750358 0.02779628690182807 28.678571428571434 0.0059013574228656898 -0.0022355862214753211 0.53884845093307077 -0.82326717750315026 0.90754985754985762 1 -2.214807798748839 26.678571428571434 -0.06944064780057467 -0.00042713301807254086 0.75455147302217818 12.500000000000002 100.95000000000003 2.5000000000000004 0.12568372033938677 1.3208891449992384 68.500000000000014 7.588936837225666 29.007142857142863 7.5000000000000009 -0.1134178193355929 2.3937952057794827 0.038714512180690004 -0.021201180237142448 0.012607129972895594 21.500000000000004 -0.012665911417680602 2.3133212707532835 1070.5000000000002 0.14207656597184071 -0.81042118969799015 0.99230769230769245 2 -0.33647223662121262 35.635714285714293 21.500000000000004 70.500000000000014 0.10643701374535748 0.082562656043268248 9.3500000000000032 3.350000000000001 -0.49591335097502082 0.75455147302217818 0.040216062566177609 0.56871188408832174 0.28571410204086883 0.49912168221095926 6.5000000000000009 3 -0.13353139262452227 4 0.033340271903235415 0.64233056955196555
decision_type=8 2 10 2 8 1 2 8 2 2 2 2 2 2 1 8 2 2 10 2 2 2 2 10 2 2 2 2 2 10 2 2 10 2 2 10 2 10 10 10 2 1 2 2 2 2 8 8 2 2 10 2 2 10 2 10 2 1 2 1 2 2
left_child=4 2 12 51 -1 15 7 -7 9 10 11 45 13 -2 -14 38 17 18 -17 -10 21 22 -21 36 37 -24 27 33 -29 -28 56 32 39 34 -6 -36 43 -25 -5 -32 59 42 -42 -22 -45 47 -47 -9 49 -48 -20 52 -3 -54 55 -53 57 58 -31 61 -61 -16
right_child=1 3 -4 5 26 6 -8 8 19 -11 -12 -13 14 -15 40 16 -18 -19 50 20 23 -23 25 24 -26 -27 29 28 -30 30 31 -33 -34 -35 35 -37 -38 -39 -40 -41 41 -43 -44 44 -46 46 48 -49 -50 -51 -52 54 53 -55 -56 -57 -58 -59 -60 60 -62 -63
leaf_value=0.0034863745936242058 0.018788525770764303 0.0018873868008955138 -0.001834509837727768 0.006224642294144548 0.01122950439612189 -0.0033128667142266299 -0.0014953986777503272 0.00016223836903529992 0.0040452632401996331 -3.4449968211352728e-05 0.0030529951172760736 -0.0041597194121737501 0.00025108294391090567 -0.00096874870890330744 0.00028736546438956964 0.0036744296655459754 -0.001525855131415804 -0.00085135946609432708 0.0023462196145960274 0.0060328649367213496 -0.0016975828863516386 -0.00063231231484809193 -0.00012235952245687553 0.009644823485860347 0.0043758911314054445 0.0041430971883657476 0.0041178276095445582 0.0034322332618076609 0.0001655571280669057 0.0081445900808330956 0.010503977082845777 0.0046431241037696155 -0.0033916034247928753 0.00026908235989416446 0.0083013604499026436 -0.00043422575215348066 0.005234068785322908 -0.00068574191879314933 -0.00061561269402480635 0.00067553327056471882 0.002019034759718279 -0.0016654120976085547 -0.00050058476587405611 0.0017831749917100932 -0.00098518489088952432 0.0048933400940580352 -0.0017416066360002238 0.0060047000827569211 -0.00044987718309471615 0.0048509704321873324 -0.0021493778845429385 -0.0022313202773964918 -0.0014969033065386805 0.0039872255093598985 -0.0012071423690229249 0.0072478124211508765 -0.0004831798982121406 -0.00039226083163380231 0.00015987894721951844 -4.1909445628617877e-05 -0.0016474649264696132 0.0047567678297134319
leaf_weight=54 51 84 918 42 68 248 1024 347 62 580 70 82 5159 64 922 61 3303 312 52 78 1476 378 168 56 53 104 70 102 1145 63 72 43 67 153 56 75 62 216 48 77 79 918 166 99 488 51 40 72 77 50 42 1172 298 57 4371 40 2161 213 121 2989 912 105
leaf_count=54 51 84 918 42 68 248 1024 347 62 580 70 82 5159 64 922 61 3303 312 52 78 1476 378 168 56 53 104 70 102 1145 63 72 43 67 153 56 75 62 216 48 77 79 918 166 99 488 51 40 72 77 50 42 1172 298 57 4371 40 2161 213 121 2989 912 105
internal_value=-0.000493449 -0.000698115 -0.000176247 -0.00110473 0.000770754 -0.000652331 -0.000111169 0.000301563 0.000532537 0.00197445 0.00342405 0.00257639 3.7391e-05 0.00538793 -1.77774e-05 -0.00147249 -0.00161761 0.000886751 0.00496795 -7.71379e-05 -0.000217051 0.00172839 0.00441595 -0.000795595 0.00268405 0.00216117 0.000661911 0.00178437 0.000853364 3.98188e-05 -0.000136623 0.00348077 0.00170507 0.00507082 0.007775 0.00375 -0.00132879 0.00106227 0.0043956 0.00436667 -0.000525239 -0.00190292 0.00107422 -0.00153343 0.000280611 0.00339342 0.00621004 0.00191667 0.00395833 0.00769231 0.000842104 -0.0018363 0.000465908 -0.000912923 -0.00201737 -0.00330585 -0.000504104 0.00179648 0.00451282 -0.000200853 -0.000563651 0.00117052
internal_weight=32586 28046 12283 15763 4540 9741 5881 4857 4609 1369 789 719 11365 115 11250 3860 3770 467 155 3240 3178 728 350 2450 325 272 4486 1599 1247 2887 2817 259 216 352 199 131 2125 272 90 149 6091 1163 245 2063 587 637 218 419 167 90 94 6022 439 355 5583 1212 2558 397 184 4928 3901 1027
internal_count=32586 28046 12283 15763 4540 9741 5881 4857 4609 1369 789 719 11365 115 11250 3860 3770 467 155 3240 3178 728 350 2450 325 272 4486 1599 1247 2887 2817 259 216 352 199 131 2125 272 90 149 6091 1163 245 2063 587 637 218 419 167 90 94 6022 439 355 5583 1212 2558 397 184 4928 3901 1027
cat_boundaries=0 1 2 3 4 5
cat_threshold=1228 3636 1 545 16
is_linear=0
shrinkage=0.05


Tree=51
num_leaves=63
num_cat=8
split_feature=0 9 16 3 22 13 39 25 25 20 22 18 11 26 24 12 1 39 26 18 21 10 18 17 13 9 42 20 21 33 13 27 39 13 19 11 21 41 19 20 25 42 13 16 21 13 30 33 5 25 30 41 20 22 19 21 41 29 1 41 10 9
split_gain=3.6158 2.6429 2.60838 2.14069 1.82542 2.05862 2.04062 1.56397 1.47048 1.58951 2.09301 1.39516 1.39163 1.38616 1.25693 1.22364 1.23681 1.64346 1.72137 1.99965 1.47253 1.41597 1.31708 1.23586 1.21161 1.65167 1.23374 1.15083 1.45756 1.70713 1.13663 1.08698 1.26857 2.16188 1.24501 1.0855 1.06165 1.0156 1.01046 1.82939 1.0082 0.990591 1.93708 0.982004 1.04342 1.01295 0.97865 1.16204 0.97081 1.34371 1.55417 1.00865 1.05806 0.962486 0.941206 1.26703 0.922851 0.970574 1.37115 1.35657 1.71982 1.83633
threshold=0.01076700802050601 0.067404328497721253 1.0000000180025095e-35 -1.1495350754433 -0.081752960802294175 2.3937952057794827 0 1 2 -0.032195186504355357 0.080043806573427731 -0.27196550673091363 87.500000000000014 37.500000000000007 3 83.500000000000014 0.13103141535375731 4 49.500000000000007 0.29790255845459229 3502.5000000000005 0.19566393035367249 0.57719631314463438 0.71970369857386707 1.3333416666666669 0.10224371941993511 0.61684397163120586 0.047990564515949803 1831.2500000000002 26.307142857142864 0.29561651673856765 3.5000000000000004 5 0.57142849489793202 -0.030187565294901842 77.500000000000014 2001.6650000000002 426.9071428571429 -0.066503952336866637 -0.047496015731164458 6 0.98449519230769245 0.62248276794161383 -2.0780634976288455 676.00000000000011 0.36363844451477628 24.150000000000006 30.092857142857149 8.1497162991519705 7 0.55000000000000016 25.083356487913314 0.098294308044278716 -1.254689753153363 0.04936917039630824 5845.5000000000009 101.50396825396827 1.0000000180025095e-35 -0.15201949088971431 41.752192982456144 -0.22683815987306175 0.1199638701581779
decision_type=2 10 2 2 10 2 1 1 1 10 10 10 2 2 1 2 2 1 2 8 10 2 8 2 2 10 2 10 8 2 2 2 1 2 2 2 8 2 2 10 1 2 2 2 10 2 2 2 2 1 2 2 10 10 2 10 2 2 2 2 2 10
left_child=1 -1 3 -3 5 14 -6 11 9 10 13 36 37 -8 27 16 17 18 20 -20 21 23 -18 30 26 -26 -19 43 -29 -30 -5 32 33 -28 -34 -24 -4 -11 -12 -40 -32 -42 -43 44 -2 -45 -17 -48 49 50 -27 52 -51 -53 -38 -56 57 59 -59 -9 -61 -62
right_child=4 2 7 15 6 -7 8 56 -10 12 38 -13 -14 -15 -16 46 22 24 19 -21 -22 -23 35 -25 25 48 31 28 29 -31 40 -33 34 -35 -36 -37 54 -39 39 -41 41 42 -44 45 -46 -47 47 -49 -50 51 -52 53 -54 -55 55 -57 -58 58 -60 60 61 -63
leaf_value=-0.00097591504003428399 0.0055416309278394802 0.01163396314566011 0.0035436517361384281 0.0019598355073524513 -0.0023239649101736135 0.0037557115120483899 0.003881396205788392 -0.00025473590633915961 -0.0018389524190073579 -0.00098731284426096752 -0.0031509406149969454 -7.8642026715112405e-05 0.0047999620565387872 0.00094540728874376349 -0.0011261411756149184 -0.00078823889009801355 -0.0010207829150818599 0.0016343316832409514 0.012033865599742297 0.00019133540540381791 -0.00092064040641158583 -0.0013211466389566591 0.00076126210259464726 0.013557621427917672 0.0040998632542775595 0.00015725128893536529 0.00039079825996316708 0.0031297950763138254 0.0051143142595284734 0.0001017254091672614 0.0029569857265529039 -3.1816346554462531e-05 -0.00070371575730161665 0.0094813208866760413 0.0053129157879580379 0.0075447788658903328 -7.8888388565455955e-05 0.0021185065296791053 -0.00038293689637257145 0.0048529468918943278 0.00054536366503889428 0.00015445994632360129 0.0052724388010410078 -0.0020177686321430424 -0.00051329152654144481 -0.00015505934037271136 -9.8090650644547969e-05 0.0040850344555271719 -0.00036337373515063086 0.013815859543367205 0.0074537358032844524 0.0016119971322437487 0.00026711006779306379 -0.0016879900926418856 0.0015826091858318903 0.006908086536431832 -0.0013860430222967684 0.00015718717095400154 -0.0016047283890540023 0.0051366236410457103 0.0035165114640072926 -0.00061031014652281664
leaf_weight=1780 47 59 85 81 2058 81 62 1008 2271 1144 93 2746 48 54 4395 871 875 60 50 42 209 113 151 42 71 40 64 74 45 609 341 4031 166 52 105 43 226 82 176 66 738 102 57 240 40 2090 420 71 345 46 60 100 40 99 104 44 1432 588 1202 61 105 241
leaf_count=1780 47 59 85 81 2058 81 62 1008 2271 1144 93 2746 48 54 4395 871 875 60 50 42 209 113 151 42 71 40 64 74 45 609 341 4031 166 52 105 43 226 82 176 66 738 102 57 240 40 2090 420 71 345 46 60 100 40 99 104 44 1432 588 1202 61 105 241
internal_value=-0.000517783 -7.46086e-05 0.000113302 0.000668412 -0.00113886 -0.000623853 -0.00178695 -0.000562286 -0.00111804 -1.44021e-05 0.00253318 0.000287623 -0.000917648 0.0082906 -0.000709456 0.000608791 0.000841333 0.0010815 0.00239362 0.00903226 0.00203979 0.00259661 -0.000742992 0.00304332 0.000634214 0.00242519 0.000314801 5.54487e-05 0.00179698 0.00103817 0.00276894 0.000217243 0.00274484 0.00685039 0.000691488 0.00297436 0.00283696 -0.00124694 0.000520832 0.00222222 0.00238902 0.00144824 0.00503125 -0.000469397 0.00471591 -0.000664952 -0.000777697 0.0010061 0.00170999 0.00343264 0.00810811 0.00143581 0.00597701 -0.000475001 0.00168 0.0047651 -0.00114781 -0.000678417 -0.0014517 0.00030014 0.00273284 0.00135447
internal_weight=32841 19166 17386 9544 13675 7621 6054 7842 3996 1725 451 3205 1274 116 7540 9485 8123 7054 1775 92 1683 1474 1069 1361 5279 801 4478 3145 728 654 1319 4418 387 116 271 194 459 1226 335 242 1238 897 159 2417 87 2330 1362 491 730 385 100 285 86 199 374 148 4637 3205 1790 1415 407 346
internal_count=32841 19166 17386 9544 13675 7621 6054 7842 3996 1725 451 3205 1274 116 7540 9485 8123 7054 1775 92 1683 1474 1069 1361 5279 801 4478 3145 728 654 1319 4418 387 116 271 194 459 1226 335 242 1238 897 159 2417 87 2330 1362 491 730 385 100 285 86 199 374 148 4637 3205 1790 1415 407 346
cat_boundaries=0 1 2 3 4 5 6 7 8
cat_threshold=1031 2672 3376 17 4368 644 304 1104
is_linear=0
shrinkage=0.05


Tree=52
num_leaves=63
num_cat=6
split_feature=10 39 39 9 23 35 41 22 22 6 33 13 26 5 30 30 13 19 24 26 33 4 21 38 16 16 11 42 33 18 42 22 5 12 12 5 22 8 30 1 26 9 36 23 19 41 12 9 10 18 21 26 39 15 8 3 39 18 12 12 21 11
split_gain=3.17749 4.28398 3.09827 2.89736 2.41019 2.0057 1.95962 1.63987 1.61589 1.58718 2.15237 1.6867 1.6774 3.42832 2.52109 1.71166 1.77918 1.59682 1.51984 1.47607 1.41046 1.74108 1.79113 1.50078 1.80958 1.98171 1.68764 1.31989 1.24388 1.27829 1.20563 1.19642 1.14012 1.13974 1.12714 2.2006 2.01475 1.12164 1.23176 1.11501 1.57517 1.12521 1.07711 1.05084 2.04894 1.03168 2.3512 1.00924 1.51366 1.05669 1.16999 1.94332 1.00908 1.389 1.20618 1.00312 0.989418 1.07062 1.79155 1.209 1.42217 1.32473
threshold=-0.015446471663576487 0 1 0.58029885864765562 -0.541520882402036 2.4357349735078248e-07 5.2459666926880049 -0.62194189398764144 0.16912636338280942 8.179777684465245 27.050000000000004 1.6002280821917811 36.500000000000007 7.4755235163708651 21.550000000000008 88.65000000000002 0.64285755284308865 9.2166658436701697e-17 2 18.500000000000004 38.164285714285725 0.035901948648277233 1399.6050000000002 3 1.0000000180025095e-35 -0.085933916916474104 43.500000000000007 0.88975694444444453 26.092857142857145 1.7853121319285772 0.63733075435203113 -0.26826059293105647 7.7322362619621616 63.500000000000007 86.500000000000014 7.7152008643171959 -0.18709308410857758 0.053900725972731663 41.050000000000011 -0.1807818664550371 27.500000000000004 0.26299411551096391 0.18044166194694067 0.067450657128292027 -0.14853153869141672 674.75334174022703 61.500000000000007 0.20295581475570548 0.36128281788498656 -0.47725776688087113 2001.6650000000002 26.500000000000004 4 -0.24533152235372754 0.22467174493733846 -0.14131138917333172 5 0.012357844610443487 58.500000000000007 16.500000000000004 1269.1650000000002 80.500000000000014
decision_type=2 1 1 10 10 2 2 10 10 2 2 2 2 2 2 2 2 2 1 2 2 2 10 1 2 2 2 2 2 10 2 8 2 2 2 2 10 8 2 2 2 10 2 8 2 2 2 8 2 8 8 2 1 2 10 2 1 10 2 2 10 2
left_child=2 6 3 20 -5 7 47 37 9 10 12 18 15 14 -14 -3 -17 -18 -12 30 23 22 55 24 25 33 -27 32 -25 -30 -8 42 -10 52 56 -36 -37 -4 43 -40 -41 -42 -7 44 -39 -9 -47 -2 49 -49 51 -51 -1 54 -54 -22 57 58 59 -20 61 -61
right_child=1 8 5 4 -6 31 19 45 27 -11 11 -13 13 -15 -16 16 17 -19 34 -21 21 -23 -24 28 -26 26 -28 -29 29 -31 -32 -33 -34 -35 35 36 -38 38 39 40 41 -43 -44 -45 -46 46 -48 48 -50 50 -52 -53 53 -55 -56 -57 -58 -59 -60 60 -62 -63
leaf_value=-8.3001944830035079e-05 -0.0050150155987501253 -0.00037704507081220588 -0.0022834393931690246 0.011141614502831193 0.0038924672676166443 0.0017733548386823284 0.0021127285625798689 -0.00047912401351504703 0.0032705364224302619 -0.00074811441803737406 -0.0012481356043477232 0.0020862771826485331 0.0085872679126579084 0.00044824687424595473 0.0026531395168933572 -0.0012732385421758688 0.0024766352311517406 0.0026065365964033391 -0.00061983760692489579 -0.0022244592979405041 0.0025218863799468818 0.0047166564508529006 -0.00044288726364642342 -0.0022040333359567817 2.6666337272835859e-05 0.0050659833617518434 0.0035814662893497136 -0.0016966139044017347 5.2900106088967836e-05 0.003388226937477408 -0.00081237587791039905 -0.0022606014218607335 -0.0006039522803391468 -0.00048213483482837765 -0.00043183731486177594 0.0045496223044362702 0.00084728444697095224 0.011809858403180539 0.00065266883436625363 0.0052405700059270496 0.00088623276602652545 0.0072700968631609231 -0.00033281443489541619 -1.2746219475195751e-05 0.0036771771571224854 -0.00076344564163370382 0.013198027504522784 0.0035273397730220869 -0.0058652426554009476 0.0056672873455467284 -0.0050525386183559425 -8.4192090422192841e-05 0.0027611165180083906 0.00024843710717841383 0.0017769316955197484 0.0037271824527294892 0.00017024490246300995 -0.0017014706678479972 -0.0016070236891253848 0.0012208860028396062 -0.00028842546833031266 0.0079294887327108991
leaf_weight=126 73 448 187 43 102 40 48 5164 116 4233 1279 262 42 238 70 56 43 43 88 2371 43 67 140 217 619 72 98 2149 2697 65 1276 700 168 191 184 78 83 40 250 65 221 50 54 2199 321 181 79 47 70 58 77 66 86 93 45 48 3725 688 163 89 78 41
leaf_count=126 73 448 187 43 102 40 48 5164 116 4233 1279 262 42 238 70 56 43 43 88 2371 43 67 140 217 619 72 98 2149 2697 65 1276 700 168 191 184 78 83 40 250 65 221 50 54 2199 321 181 79 47 70 58 77 66 86 93 45 48 3725 688 163 89 78 41
internal_value=-0.000490476 -0.00092407 6.88607e-05 0.00111064 0.00804794 -0.000450221 -0.0023505 -0.00023236 -0.000516175 -0.000276987 0.000150668 -0.000161268 0.00239107 0.0051282 0.0123009 0.00076142 0.00552447 0.01 -0.000320149 -0.00271239 0.000893011 0.00421405 0.00213362 0.000662412 0.00205071 0.00378511 0.00847953 -0.00169063 3.51159e-05 0.000322112 -0.00137359 -0.00285535 0.00150877 0.00229705 6.02513e-05 0.00281792 0.0070679 0.000640371 0.000864314 0.00293015 0.00480712 0.00310662 0.00242105 0.000390471 0.00288674 -0.000768665 0.00229885 0.00100765 0.0022257 0.00405622 0.00245049 0.00544 0.0039886 0.00587234 0.00943182 0.00755435 -0.000135441 -0.00141192 0.000445651 0.00276094 0.00483253 0.00801527
internal_weight=32753 18450 14303 4752 145 9551 4086 8757 14364 11931 7698 6758 940 350 112 590 142 86 6496 3695 4607 298 231 4309 1330 711 170 2433 2979 2762 1324 794 284 541 5217 345 161 3333 3146 586 336 271 94 2560 361 5424 260 391 318 248 201 124 350 224 131 91 4872 1147 459 296 208 130
internal_count=32753 18450 14303 4752 145 9551 4086 8757 14364 11931 7698 6758 940 350 112 590 142 86 6496 3695 4607 298 231 4309 1330 711 170 2433 2979 2762 1324 794 284 541 5217 345 161 3333 3146 586 336 271 94 2560 361 5424 260 391 318 248 201 124 350 224 131 91 4872 1147 459 296 208 130
cat_boundaries=0 1 2 3 4 5 6
cat_threshold=212 221 8 2 65 3
is_linear=0
shrinkage=0.05


Tree=53
num_leaves=63
num_cat=2
split_feature=22 8 2 42 40 25 8 36 9 33 7 12 12 11 4 2 13 6 2 8 41 42 2 7 41 42 5 10 17 2 25 4 10 17 18 11 23 42 33 31 4 17 42 26 7 8 30 9 13 14 17 15 23 26 23 31 30 41 18 42 3 11
split_gain=2.71489 2.71391 2.21269 1.72531 1.59156 1.57747 1.81097 1.51801 1.1902 1.24505 1.87082 1.75686 1.96853 2.10281 1.50105 1.85613 1.18211 1.20493 1.45266 2.44086 2.17871 1.67302 1.18922 1.16672 1.57465 1.17166 1.35293 1.21627 1.33978 1.90077 1.21571 1.13332 1.09819 1.13665 1.32046 1.08047 1.07244 1.0685 1.23986 1.66812 1.25989 1.02565 1.00809 1.20377 1.2834 1.12874 1.00754 1.26878 0.993841 1.50768 0.967307 1.09666 0.980889 0.943496 1.07789 0.942389 1.69521 0.923163 0.920158 0.887199 0.898644 0.877361
threshold=0.060433145050778153 0.13049935291996043 -0.012900807440056282 0.60977224576271194 3.5000000000000004 0 0.70492110352964188 0.22707840863288842 0.65443551840903857 27.050000000000004 8.0226051584290214 79.500000000000014 17.500000000000004 4.5000000000000009 -0.38353347163654389 -0.14172408892540919 0.83333541666666677 8.0687874840843747 0.10034535784128719 0.079742217564054363 6.9177883232671853 0.98449519230769245 0.17942764539879133 6.7835899871081047 244.55000000000004 0.87705802968960878 7.9469156369447767 0.092309398860379158 0.43934969206404034 -0.012900807440056282 1 -0.041964228453280843 0.25501094238821415 0.15948709796799213 0.96453180799746441 55.500000000000007 -2.6642895425370479 0.79843750000000013 27.978571428571435 81.450000000000003 0.029051479580673781 0.12363897815436477 0.73385416666666681 10.500000000000002 7.7633090326413274 0.021319078331595534 114.30000000000003 0.11170168379236479 2.3937952057794827 0.17818042804671744 0.47515625208154472 -1.1834593375501303 0.11219229999589332 34.500000000000007 0.28092990466691786 188.85000000000005 71.350000000000009 8.6709375000000026 -3.145597348039463 0.90219990435198483 0.25131514256713056 79.500000000000014
decision_type=10 8 2 2 2 1 8 2 10 2 2 2 2 2 2 2 2 2 2 10 2 2 2 2 2 2 2 2 2 2 1 2 2 2 8 2 10 2 2 2 2 2 2 2 2 10 2 10 2 2 2 2 8 2 8 2 2 2 10 2 2 2
left_child=1 2 7 -2 23 32 8 -1 9 10 11 12 57 -14 -15 -16 42 18 20 21 -18 22 -20 24 -5 26 27 28 29 -25 35 -10 33 34 53 -28 41 -8 -39 40 -40 -27 43 -4 -45 -44 -38 -48 50 -50 51 58 -52 -3 -55 -17 -57 -7 -11 60 -35 -19
right_child=3 5 16 4 -6 6 37 -9 31 48 -12 -13 13 14 15 55 17 61 19 -21 -22 -23 -24 25 -26 36 30 -29 -30 -31 -32 -33 -34 59 -36 -37 46 38 39 -41 -42 -43 45 44 -46 -47 47 -49 49 -51 52 -53 -54 54 -56 56 -58 -59 -60 -61 -62 -63
leaf_value=3.3444175728738182e-05 0.0022939285258931014 -1.5858323792598229e-05 0.0048225736593305929 -0.00054161588691898233 -0.0013138811343385238 -0.002057017406735044 -0.0020815818529783931 -0.0010853810955474398 0.025911960518242783 0.0040313151799809613 -0.0002064575792648215 -0.0016092318658976351 -0.0012744079315945246 -0.00061857271987729499 0.0066261447201854014 0.004166745850564796 0.0051217852186109109 -0.001866230682540776 0.0026622501855988055 -0.00017565975273343601 -0.0008108111765249581 0.003596633585877257 -0.0015307880623289848 0.001435919009100508 0.0044008716858331964 -0.0012640693251641754 0.0028678703917979147 0.00034502392802506637 -0.0020451110598102141 0.0034937970204667727 -0.0021021466819741374 0.00030215933350387662 -0.003605319587159143 -0.00010353695841801873 0.0036617873139624156 -0.0010063525738980056 -0.0012764450068481889 -0.0001456615605790625 0.001234694573271756 0.012487993223500374 0.015131049572407263 0.0042437125685731037 -0.0037638559102885051 0.0041272782633261836 -0.0019613194591107451 -0.0010190077960686543 0.0022262124697152138 -0.0010750881511011933 0.0013349371810642083 0.0054023653546282947 0.00030270026600333425 0.00041466361293847988 -0.0015013394352536473 -4.8807663696977607e-05 0.0076917258370565733 -0.00024434840431595439 0.0030485336450271757 0.0012936219955040707 -0.0015023023905663584 -0.001016541576819193 0.0045279974132731264 0.0011194058560819581
leaf_weight=4667 50 2137 89 293 2204 51 61 151 44 59 486 120 51 40 49 73 44 623 77 287 519 56 50 58 191 57 87 171 46 44 225 45 467 345 99 54 4290 59 92 58 54 40 622 41 237 3382 50 115 121 53 589 5294 1006 50 44 68 52 117 551 1368 49 112
leaf_count=4667 50 2137 89 293 2204 51 61 151 44 59 486 120 51 40 49 73 44 623 77 287 519 56 50 58 191 57 87 171 46 44 225 45 467 345 99 54 4290 59 92 58 54 40 622 41 237 3382 50 115 121 53 589 5294 1006 50 44 68 52 117 551 1368 49 112
internal_value=-0.000523789 -0.000264874 -0.00085189 -0.00132585 -0.00138468 0.000202864 0.000579638 -4.98041e-05 0.000445884 0.000387198 0.00195397 0.0037701 0.00506972 0.00729042 0.00897526 0.0104527 -0.00148127 -0.000390052 0.000710831 0.00276008 -0.00100177 0.00725543 0.00402344 -0.000944601 0.00140206 -0.0011617 0.000765305 0.00314062 0.00644295 0.00961165 -0.0013079 0.00616667 -0.000556894 -0.000295628 0.000428999 0.00226974 -0.00145179 0.00424615 0.005625 0.00746341 0.00455782 0.00372449 -0.00192246 0.000584238 -0.00103943 -0.00215231 -0.00156531 0.00225903 0.000160932 0.00388571 7.39988e-05 0.000369177 -0.00101817 0.00017697 0.00505263 0.0081701 0.0053719 0.000650886 -0.00163666 -0.00125355 0.000835442 -0.00193614
internal_weight=32684 24709 10957 7975 7925 13752 9193 4818 8869 8780 1107 621 501 333 282 242 6139 1768 1033 470 563 183 127 5721 484 5237 685 319 148 102 366 89 4559 4092 2330 141 4552 324 263 204 146 97 4371 367 278 4004 4455 165 7673 174 7499 5904 1595 2231 94 193 120 168 610 1762 394 735
internal_count=32684 24709 10957 7975 7925 13752 9193 4818 8869 8780 1107 621 501 333 282 242 6139 1768 1033 470 563 183 127 5721 484 5237 685 319 148 102 366 89 4559 4092 2330 141 4552 324 263 204 146 97 4371 367 278 4004 4455 165 7673 174 7499 5904 1595 2231 94 193 120 168 610 1762 394 735
cat_boundaries=0 1 2
cat_threshold=141 2218
is_linear=0
shrinkage=0.05


Tree=54
num_leaves=63
num_cat=5
split_feature=24 22 10 42 2 25 13 9 13 19 19 18 42 25 12 17 21 22 23 0 9 25 23 13 1 9 30 30 3 2 24 10 42 42 16 42 10 19 10 42 2 1 18 23 1 27 11 42 33 1 19 8 42 17 8 14 1 9 3 26 10 3
split_gain=3.33901 2.47675 2.31084 2.93957 2.02832 1.9154 1.88459 1.52133 1.50014 1.28031 1.15509 1.62666 1.12497 1.12901 2.18226 1.55469 1.12039 1.21302 1.14134 1.37738 1.11729 1.11528 1.47783 1.07117 1.06799 1.22536 1.05363 1.0107 1.07592 1.14942 1.11319 2.0246 1.00319 1.20535 1.04467 1.00089 1.00984 1.29017 0.999438 0.967441 1.32211 1.19394 1.26058 1.25592 0.963341 0.950147 0.942798 0.910239 0.897532 0.885206 0.956034 0.9119 1.00223 0.868575 0.858033 0.839121 0.835719 1.39536 1.79027 0.895932 0.820357 1.23577
threshold=0 -0.13340265693842412 -0.64124254273186387 0.90521114106019784 -0.064537952955430175 1 1.4999973970634455 0.075393208810132464 0.73333410852713188 0.039745919286782568 0.032079978829738502 0.4068237640100843 0.85951206140350889 2 39.500000000000007 -0.13100765325033678 1247.9550000000002 -0.7111257361435106 0.80069236958610956 -0.15415067982725758 0.09880983193811374 3 0.33647223662121273 2.1124005647863986 0.01410603662138721 0.55459723115107984 34.350000000000009 116.60000000000001 -0.30142297724065598 -0.44788627589725122 4 -0.25719714167867952 0.73453443877551028 0.70341435185185197 0.73931195639303871 0.87965517241379321 -0.33952613894097622 -0.021601215034048236 -0.075732670437035118 0.85951206140350889 -0.15826924090595981 0.059636282734414799 0.4133730862519453 -0.84724786952932563 -0.0081165447745408219 21.500000000000004 35.500000000000007 0.94849690539345721 39.864285714285721 -0.40551804316825052 0.19202529751176728 0.10983662028890183 0.75455147302217818 0.44650156013273318 0.51087542769735761 1.4643306371972715 0.10835474018139248 0.27544559066178109 0.091031090484288604 11.500000000000002 -0.4427935986196751 -0.35667494393873195
decision_type=1 8 2 2 2 1 2 10 2 2 2 10 2 1 2 2 10 10 10 2 10 1 10 2 2 10 2 2 2 2 1 2 2 2 2 2 2 2 2 2 2 2 10 10 2 2 2 2 2 2 2 10 2 2 10 2 2 10 2 2 2 2
left_child=1 5 3 -2 21 24 20 -8 48 10 -10 -12 -9 14 15 -14 35 18 19 47 44 55 27 -16 25 26 -1 28 -23 46 31 -31 33 34 -22 -7 -37 -38 -15 -33 -41 42 43 -42 -4 -35 -30 -18 -6 -19 51 -51 -53 54 60 -3 57 59 -59 -32 -54 -62
right_child=2 4 6 -5 8 16 7 12 9 -11 11 -13 13 38 23 -17 17 49 -20 -21 32 22 -24 -25 -26 -27 -28 -29 29 30 56 39 -34 45 -36 36 37 -39 -40 40 41 -43 -44 -45 -46 -47 -48 -49 -50 50 -52 52 53 -55 -56 -57 -58 58 -60 -61 61 -63
leaf_value=-0.00010604397674811398 0.016941269647806689 -0.00048849480099208019 -0.0005033084707825096 -6.9998993336274268e-05 -0.00077106559485324807 -0.00065539891456981773 0.0032143454734177945 -0.0032829965509589445 0.00034674915363884311 -0.00091283207078536642 0.0041005200593942732 -0.0005525905331305016 0.0030510241406320371 0.0016077466139421332 -0.0015424233945232706 0.0012243982864208081 0.0021021971373922318 -0.0016470768809414211 0.0059613160967004293 -1.2235881717233949e-05 -0.00113061090530252 -0.00021952043745673174 -0.00150615046502747 0.0054873785769965775 -0.0011723884994899211 0.010865278093383482 0.001789185950743897 0.004823827024019442 0.0059086779285148303 0.011228727733174293 0.0033063321215856681 -0.0020014829495944536 -0.00076880686743843382 0.0071720467914097065 0.0064742154409132063 0.0083632256346285114 0.0055577343030640495 9.4371436891645523e-05 -0.00078625609902560883 6.8092297012463111e-05 0.0019007102394198731 0.0070540512534797324 -0.00061604445165606514 0.0057444515262954857 -0.001650157327933477 0.0028608502682857385 0.0076206165646150363 0.007505016523825141 0.0015982196326910535 -8.4204572056429444e-05 -0.003238210677358687 0.0046236669319951011 -0.0027234274513431318 -0.00078843009399277506 0.0073647126924604777 0.0028723311371095517 -0.00054380260390400517 0.00082162016986682233 0.012667214949965703 7.6383134423665128e-05 0.0029870009224679242 0.0012608939719680767
leaf_weight=1269 67 1408 978 132 5516 41 47 99 2445 1271 44 45 42 218 107 45 124 156 59 228 244 567 311 40 966 59 278 67 51 41 49 59 9068 40 40 64 66 103 341 180 72 50 81 44 1694 45 41 76 62 787 117 40 40 296 70 65 163 69 43 761 73 1080
leaf_count=1269 67 1408 978 132 5516 41 47 99 2445 1271 44 45 42 218 107 45 124 156 59 228 244 567 311 40 966 59 278 67 51 41 49 59 9068 40 40 64 66 103 341 180 72 50 81 44 1694 45 41 76 62 787 117 40 40 296 70 65 163 69 43 761 73 1080
internal_value=-0.000446482 -2.99889e-05 -0.00105861 0.004275 -0.000405377 0.000815951 -0.00114108 0.00101596 -0.000811489 -4.59812e-05 0.000603549 0.00616667 0.000548711 0.00117758 0.004 0.0103977 0.00158846 0.00132507 0.0036168 0.00270396 -0.00130842 0.000519038 0.0011297 0.000439188 -0.000216803 0.000572494 0.000300386 0.00156477 0.00138424 0.00201173 0.0016987 0.00355948 -0.00105266 0.0015 -7.01766e-05 0.00465454 0.0059188 0.00385294 -7.89485e-05 0.00271047 0.00353972 0.00590726 0.00411616 0.0074359 -0.002211 0.00668605 0.00741935 0.00572139 -0.00133357 0.000904134 0.00113219 0.00134897 0.00203437 0.00183013 0.00240111 -0.000582885 0.000752736 0.00134344 0.00654867 0.000616522 0.00208124 0.00232669
internal_weight=32744 19497 13247 199 13505 5992 13048 939 9383 3805 2534 89 892 793 234 87 3420 3146 487 428 12109 4122 2649 147 2572 1606 1547 2338 2271 1704 1612 527 9437 369 284 274 233 169 559 486 427 247 197 116 2672 85 92 200 5578 2659 2503 2386 1599 1559 1263 1473 1085 922 112 810 1193 1153
internal_count=32744 19497 13247 199 13505 5992 13048 939 9383 3805 2534 89 892 793 234 87 3420 3146 487 428 12109 4122 2649 147 2572 1606 1547 2338 2271 1704 1612 527 9437 369 284 274 233 169 559 486 427 247 197 116 2672 85 92 200 5578 2659 2503 2386 1599 1559 1263 1473 1085 922 112 810 1193 1153
cat_boundaries=0 1 2 3 4 5
cat_threshold=19 1420 2071 2115 16
is_linear=0
shrinkage=0.05


Tree=55
num_leaves=63
num_cat=9
split_feature=0 39 13 8 41 27 39 13 41 39 10 42 8 12 9 26 7 14 25 12 8 18 20 20 26 8 41 10 24 33 7 39 19 42 20 39 13 9 15 6 42 25 19 16 6 1 7 41 13 0 7 33 0 25 13 19 15 13 7 8 14 8
split_gain=2.77049 1.91791 1.93529 1.89162 2.36932 1.76025 2.03547 1.59402 1.40054 1.32551 1.76733 2.19053 2.00725 1.59576 2.36249 1.86133 1.58364 1.58148 1.47955 2.01047 1.65876 1.32524 2.03471 1.81087 1.97993 2.6908 1.31514 1.60454 1.288 1.24366 1.20566 1.25239 1.15857 1.37568 1.16085 1.28928 1.15691 1.37733 1.39427 1.15081 1.14021 1.39988 1.36763 1.12652 1.27214 1.23669 1.21112 1.3488 1.3607 1.24686 1.11324 1.72924 1.10971 1.08047 1.33896 1.67445 1.99333 1.63227 1.06314 2.09629 1.38087 1.24982
threshold=0.0071933152439109813 0 1.5750028125100448 0.016376077632875127 1.5345238095238098 3.5000000000000004 1 0.85714310204095634 757.38684426229509 2 -0.33952613894097622 0.98229949874686728 0.70492110352964188 39.500000000000007 0.10150699271296082 15.500000000000002 8.4519084994989431 -0.41746679586635155 3 15.500000000000002 0.11755851662685342 0.45059057131659525 0.14915731658331796 -0.092040685560578303 11.500000000000002 0.13564663540383951 5108.6447192796622 0.021788994920884711 4 26.021428571428576 7.4633658824812095 5 -0.24646606873472079 0.88548009367681513 -0.053838648596494836 6 1.7500002757354971 0.27091519332570607 0.058161732526861083 7.3432732675197174 0.88975694444444453 7 1.0000000180025095e-35 -0.92650154723438682 7.639188226421477 -0.058394962594007442 7.4633658824812095 35.882437765634492 0.60720779220779231 0.18832249878746546 7.3750725309829042 39.035714285714299 0.13353139262452321 8 0.49931296033206113 -0.060411841343836058 -0.159122361430974 0.6039235175922365 6.470600712840116 0.30878336222147335 0.033711079066432344 0.21315824507825096
decision_type=2 1 2 8 2 2 1 2 2 1 2 2 10 2 10 2 2 2 1 2 10 10 10 10 2 10 2 2 1 2 2 1 2 2 8 1 2 10 2 2 2 1 2 2 2 2 2 2 2 2 2 2 2 1 2 2 2 2 2 8 2 10
left_child=3 26 28 4 -1 6 21 8 30 10 11 12 -9 14 15 -12 -15 -16 -19 -20 -21 22 23 -5 25 -25 -2 -28 29 -3 39 -32 33 -33 35 -34 58 38 -38 -7 -30 42 43 -42 46 -46 47 -45 -49 -50 51 -31 -4 -41 -55 -56 -57 -58 59 61 -60 -11
right_child=1 2 52 5 -6 7 -8 9 -10 36 13 -13 -14 16 17 -17 -18 18 19 20 -22 -23 -24 24 -26 -27 27 -29 40 50 31 32 34 -35 -36 -37 37 -39 -40 53 41 -43 -44 44 45 -47 -48 48 49 -51 -52 -53 -54 54 55 56 57 -59 60 -61 -62 -63
leaf_value=0.0017489603503141873 -0.0013732670780115996 0.001637691880776028 0.0033864495358317606 0.0069777525021033132 -0.0034931552483774063 2.4189388691340905e-06 -0.00019694156392863573 0.0019456163599140136 -0.0011534287060131552 0.0030117187368184865 0.0011117573084792685 0.0086986358364115144 0.018458715281057303 0.0010839292003960159 -0.0011920003151907339 0.0038947248213692994 -0.0014297180222645025 -3.1007172410688129e-06 -0.00013396793898472526 -0.0013852854396256371 0.0063623197759400552 8.2391126167457644e-05 0.0098082605788600563 0.0077036318443319853 0.00027362757975265899 0.00025045927451290505 -0.0018719705957630129 0.0013783178462480684 0.0004590830146703101 0.00023736941835449023 -0.0010486029328844763 0.0052747372293831633 -0.0019314816393300083 0.00028975775431919784 -0.00045005872011707375 0.0012382911176524354 0.0089674101810487111 -0.00097269280474652792 0.00063922273995373799 -0.00096786562445061073 -0.0031914449492512092 -0.0018314057415973223 -0.0018649904737352977 -0.0012749535504169209 0.0015968376341352515 -0.0010519352386400534 0.0060861075681628452 -0.0014665761502105068 0.007673300254222107 0.00035291779280184084 -0.00049180405556494098 0.005497731134437453 0.00036916498558137335 0.00013407804405301806 -0.0015758549457673809 0.0064505056523932241 0.0029555369240070939 -2.4808689963144164e-05 8.293696754601952e-05 -0.0020070753099064322 -0.0010734223899971521 0.02185228982819758
leaf_weight=70 4699 211 47 42 782 2597 608 343 762 67 40 49 40 773 172 44 663 304 128 45 170 268 44 52 307 57 101 175 718 1146 879 47 112 136 5041 794 72 47 74 114 115 2916 640 64 48 281 72 41 61 49 2224 85 55 213 48 52 49 74 1559 79 1071 44
leaf_count=70 4699 211 47 42 782 2597 608 343 762 67 40 49 40 773 172 44 663 304 128 45 170 268 44 52 307 57 101 175 718 1146 879 47 112 136 5041 794 72 47 74 114 115 2916 640 64 48 281 72 41 61 49 2224 85 55 213 48 52 49 74 1559 79 1071 44
internal_value=-0.000506412 -0.00104662 -0.000599386 -0.000114088 -0.00241501 -5.53186e-06 0.00171138 -0.00014728 -0.000502794 0.000523767 0.00131021 0.00424942 0.00295573 0.000771366 0.00241703 0.0103529 -0.000264441 0.00159146 0.00272376 0.00490113 0.00798611 0.00339308 0.0049503 0.00394335 0.00292566 0.00868182 -0.00183013 0.00151624 -0.000680928 3.26341e-05 -0.000347545 -0.000712555 -0.000455953 0.00345109 -0.000577506 0.00106946 -0.000203374 0.00353093 0.00591837 0.000465374 -0.00120116 -0.00151236 -0.000184516 0.00129098 0.00213938 1.51503e-05 0.00456597 0.00266204 0.00523026 0.00810811 -0.000195314 0.00101055 0.00621359 0.00254083 0.00362416 0.00640625 0.00866477 0.00512097 -0.000460831 0.00314136 -0.00072216 0.00754464
internal_weight=32680 13748 8773 18932 852 18080 1378 16702 10918 5784 2771 432 383 2339 903 84 1436 819 647 343 215 770 502 458 416 109 4975 276 8671 3666 10156 7009 6130 183 5947 906 3013 193 146 3147 5005 4287 1371 731 616 329 287 215 151 110 3455 1231 102 550 436 223 175 123 2820 190 2630 111
internal_count=32680 13748 8773 18932 852 18080 1378 16702 10918 5784 2771 432 383 2339 903 84 1436 819 647 343 215 770 502 458 416 109 4975 276 8671 3666 10156 7009 6130 183 5947 906 3013 193 146 3147 5005 4287 1371 731 616 329 287 215 151 110 3455 1231 102 550 436 223 175 123 2820 190 2630 111
cat_boundaries=0 1 2 3 4 5 6 7 8 9
cat_threshold=15 2972 4557 1420 17 2308 48 2817 131
is_linear=0
shrinkage=0.05


Tree=56
num_leaves=63
num_cat=10
split_feature=9 17 20 1 10 25 30 33 30 27 6 27 39 19 33 12 3 13 19 9 3 25 19 20 20 11 14 42 3 27 20 25 21 39 18 39 18 18 2 39 19 11 19 31 27 27 14 39 25 42 21 42 2 26 33 30 7 0 39 18 5 11
split_gain=2.22655 2.02409 1.90239 1.84673 1.77335 1.55225 2.10137 1.51519 1.49525 1.49035 1.37635 1.34381 1.71772 2.09114 2.47616 1.32869 1.48932 1.36668 1.27043 1.61109 2.20161 1.2286 1.84601 1.79747 1.69284 1.65175 1.47301 1.39892 1.2208 1.46339 2.1421 1.20933 1.21552 1.19078 1.13701 1.11865 1.0675 1.0454 1.02779 1.00945 1.00423 0.991528 0.977007 1.28683 1.12447 0.969069 1.3366 1.66811 0.896207 0.967808 1.44636 1.78893 0.935497 1.22194 0.887059 1.6591 0.98539 0.882132 1.21697 1.5533 1.23591 1.27608
threshold=0.26498087790414543 0.23643539309446052 0.22925039390245142 -0.0037037058877977809 0.099408355140270924 0 108.65000000000002 26.621428571428577 159.90000000000003 3.5000000000000004 8.2812323802000467 3.5000000000000004 1 -0.055893600472133299 33.578571428571443 46.500000000000007 -0.18496052982851904 1.6002280821917811 -0.045355748035241499 0.31864609477357236 -0.097824421668560188 2 -0.054426214536281596 0.040650740164949448 -0.033619364088351276 74.500000000000014 0.17185025692665926 0.95275297619047628 -0.97455963999813056 18.500000000000004 -0.031678588181315123 3 1189.7500000000002 4 0.42810885298788887 5 -0.34297959288713387 -0.43122276782956298 0.14664907021229071 6 0.097647523158882796 35.500000000000007 0.07931932514119773 170.00000000000003 48.500000000000007 5.5000000000000009 0.024702783564446443 7 8 0.87206764866339348 1085.0400000000002 0.85435606060606062 0.31585366370470253 50.500000000000007 25.650000000000006 80.850000000000009 6.5877092575165133 0.15415067982725764 9 1.5880451407942207 7.838791848156375 49.500000000000007
decision_type=10 2 10 2 2 1 2 2 2 2 2 2 1 2 2 2 2 2 2 10 2 1 2 10 10 2 2 2 2 2 10 1 8 1 10 1 10 8 2 1 2 2 2 2 2 2 2 1 1 2 8 2 2 2 2 2 2 2 1 8 2 2
left_child=1 2 3 15 9 35 11 10 -8 18 34 12 13 -7 -15 16 -1 21 19 -2 -21 22 23 24 -18 -24 37 -23 29 -11 -31 32 41 42 -6 54 -19 -27 40 -33 -29 -30 43 -34 -44 46 47 -3 -9 50 -50 -52 53 -51 55 -5 -56 58 -13 60 61 -60
right_child=4 45 -4 5 7 6 8 48 -10 28 -12 57 -14 14 -16 -17 17 36 -20 20 -22 27 25 -25 -26 26 -28 38 31 30 -32 39 33 -35 -36 -37 -38 -39 -40 -41 -42 -43 44 -45 -46 -47 -48 -49 49 52 51 -53 -54 -55 56 -57 -58 -59 59 -61 -62 -63
leaf_value=-0.00027136802623542862 0.00027504040124853027 -0.0012849652851225591 0.0027010764786457773 -0.0035945661445115893 0.0017785358057940568 -0.00076126493752774575 0.0022721695322914575 -0.0021182725820344766 -0.00058257803863150678 -0.0010021800240370751 -0.001462481250575391 -0.00092237673674608204 -0.00062373527661218828 0.0039014021296458271 0.0047191274994347375 -0.00015094182203418113 0.0026009183302296663 0.0032627230096234842 0.001094970407275909 0.0057441461000934807 0.012159818082983454 -0.00091874777876883591 -0.0004164203967710627 0.007021824738198343 0.00064388288920429095 0.0020565548691116801 0.0024786702962362045 0.00026679920100333579 0.0058152963764538657 -0.0037433048808247454 0.020244425101373555 -0.0012790180928829956 9.10241311678673e-05 -0.0010431290666183515 0.0038046313774336704 -0.001784740122241746 0.003717048418082923 3.1325590754490535e-05 0.0038636604917932672 0.00025010617218492034 0.0032670962713768855 0.011255287397505226 0.0091527807565300531 0.0087364077459302584 0.0012285592860586088 -0.00091432913010242554 -0.0007396665844064432 0.0022028415991118253 0.00288695691438175 -0.00021767513988320224 -0.0048855359808246002 0.0084529783098404952 -0.0025408529498584412 0.0046312213179417186 0.0020308332408101658 0.003175701142990592 -0.00080908922506836133 -0.0018769841495061791 0.0013539949482175905 0.0034455455275925403 -0.00059853276413068552 -4.6478001303835422e-05
leaf_weight=1040 52 103 48 46 107 103 89 1056 45 51 96 1354 191 90 60 4047 55 47 207 44 41 429 356 44 219 47 54 474 65 43 62 484 233 171 62 2330 43 154 67 2869 40 40 51 40 40 7579 574 203 40 943 191 65 586 40 79 48 1523 907 466 50 1434 625
leaf_count=1040 52 103 48 46 107 103 89 1056 45 51 96 1354 191 90 60 4047 55 47 207 44 41 429 356 44 219 47 54 474 65 43 62 484 233 171 62 2330 43 154 67 2869 40 40 51 40 40 7579 574 203 40 943 191 65 586 40 79 48 1523 907 466 50 1434 625
internal_value=-0.000542407 -0.000770628 -0.000449866 -0.000478953 0.000202473 -0.000937402 -0.000381568 -0.000699719 0.00577778 0.000842233 0.00291353 -0.000539672 0.00208989 0.00467803 0.00860927 0.000129267 0.00091368 0.00170197 0.004 0.00771739 0.0119186 0.0014201 0.00271808 0.00583072 0.00429091 0.00113562 0.00419922 0.000195885 0.000579517 0.00490446 0.00825472 0.000409363 0.00238095 0.00144589 0.00561765 -0.00167947 0.00769231 0.00220297 0.00179553 2.52664e-05 0.00102913 0.00731132 0.00301333 0.00158759 0.00755435 -0.00140012 0.00017026 0.00283388 -0.00102841 -0.000359809 0.00225589 0.00085603 -0.000856689 8.63809e-05 -0.000691272 0.004 -0.000973176 -0.000781477 -0.000456744 0.00018368 9.89588e-06 0.00127747
internal_weight=32742 25063 16604 16556 7679 9440 5414 3186 134 4493 265 5280 444 253 150 7116 3069 2029 344 137 85 1939 929 318 274 611 255 1010 4149 156 105 3993 640 535 169 4026 90 201 581 3353 514 105 364 273 91 8459 880 306 2921 1865 296 256 1569 983 1696 94 1602 4836 3929 2575 2525 1091
internal_count=32742 25063 16604 16556 7679 9440 5414 3186 134 4493 265 5280 444 253 150 7116 3069 2029 344 137 85 1939 929 318 274 611 255 1010 4149 156 105 3993 640 535 169 4026 90 201 581 3353 514 105 364 273 91 8459 880 306 2921 1865 296 256 1569 983 1696 94 1602 4836 3929 2575 2525 1091
cat_boundaries=0 1 2 3 4 5 6 7 8 9 10
cat_threshold=1353 3612 1564 48 3400 7496 2054 4357 709 1236
is_linear=0
shrinkage=0.05


Tree=57
num_leaves=63
num_cat=7
split_feature=37 10 39 39 22 8 41 25 5 27 16 27 33 4 20 20 39 18 3 16 11 25 41 16 10 12 11 5 12 8 22 25 20 12 21 27 12 3 2 10 33 2 25 3 13 11 21 16 13 41 30 0 6 3 2 41 22 5 37 8 3 41
split_gain=2.25946 2.4519 3.27221 2.16517 2.63267 3.00008 2.17826 1.9042 2.22266 2.34622 1.85091 1.70855 1.50011 2.21277 1.3776 1.97606 1.35703 1.30135 1.25144 1.19686 1.16898 1.43562 1.29582 2.21831 1.47681 1.47492 1.95057 1.1132 1.42997 1.10655 1.24566 1.13093 2.08945 2.82511 1.24795 1.16473 1.45966 1.25066 1.08129 1.08255 1.20581 1.06375 1.06043 1.55906 1.48952 1.19473 1.60094 1.35977 1.05457 1.04 0.981692 1.07928 0.976668 1.00708 1.17996 1.11911 0.938266 1.49225 0.932642 0.966444 0.923582 1.12129
threshold=35.500000000000007 -0.010652941766023714 0 1 -0.64966180266283013 0.70492110352964188 3005.3661057692311 2 7.4581945683172881 1.0000000180025095e-35 -0.22314355131420965 21.500000000000004 27.050000000000004 0.10861524324699447 -0.026948178634964192 0.03805802861956236 3 -2.5942086875037851 -1.1495350754433 -1.9433628468285908 50.500000000000007 4 9.0938750000000024 0.22314355131420979 -0.068936359346338336 75.500000000000014 72.500000000000014 7.1035641047364804 28.500000000000004 0.25775168152438499 -0.42871697973730688 5 -0.021856915817022541 28.500000000000004 2502.5000000000005 18.500000000000004 70.500000000000014 -0.076961041136128547 -0.30266277513410239 -0.22176490097524712 37.078571428571436 -0.18923492899134106 6 0.098860198940825775 0.31605800214822777 81.500000000000014 1026.2500000000002 0.32850406697203621 1.8000005142860085 3.864346246973366 39.850000000000009 0.040823394519094787 7.7766386353399826 0.10212949507638004 -0.077785111390246783 4.719024122807018 0.063723915305362491 8.1089807292176754 42.500000000000007 0.45903818854939249 0.44231001037594236 180.04456339913017
decision_type=8 2 1 1 10 10 2 1 2 2 2 2 2 2 10 10 1 10 2 2 2 1 2 2 2 2 2 2 2 10 8 1 10 2 8 2 2 2 2 2 2 2 1 2 2 2 10 2 2 2 2 2 2 2 2 2 10 2 10 10 2 2
left_child=-1 3 7 18 5 6 19 8 10 -10 50 29 13 -12 42 -16 58 -17 -2 -5 -20 22 23 24 41 -24 -27 28 -14 30 -9 32 33 -32 -35 37 -37 -33 -23 40 -40 -22 -4 44 -44 47 -47 -46 -6 -25 51 -3 53 54 -19 -56 57 -49 59 60 61 -11
right_child=1 2 14 4 48 -7 -8 11 9 16 12 -13 27 -15 15 17 -18 52 20 -21 21 38 25 49 -26 26 -28 -29 -30 -31 31 35 -34 34 -36 36 -38 -39 39 -41 -42 -43 43 -45 45 46 -48 56 -50 -51 -52 -53 -54 -55 55 -57 -58 -59 -60 -61 -62 -63
leaf_value=-0.0011748826351954342 0.022711127173684207 0.0075192291949510541 -0.0010628876587207188 0.0049502031681083886 -0.00052478792077211684 0.0079012837772830542 -0.0015152744475982782 0.0065901691584718943 0.0067284434617565104 0.00065338509558087582 0.0010981187496885809 -0.00081943375619012891 0.0019150869918362853 0.0054213426783882024 -0.0015507101933027324 0.0026364399924587267 -0.0021607882807009185 0.0019690368494021675 3.0554586375508431e-05 0.0005585169661076791 0.0061377055257199565 -0.0013163685860407641 7.4249533550882539e-05 -0.001523753449409238 0.0057335230944200342 -0.00038260721071995757 0.0043346636955235492 0.00031871096466471632 0.0062019454607923578 -0.0011992341543038791 0.013064407293151984 0.0021788348596585771 0.00021951113163167676 0.0062284774972221754 -0.00010630695921796856 -0.00059156389324928132 0.0041646928026231921 -0.00094687049053590122 0.0017774220025704183 0.00016751435599397907 0.074728480494675564 0.0017499973225511885 -0.00097925619560170775 -0.00079446359673940076 0.00032474118721649602 0.0028833083566487004 0.002705257956260585 0.0044252947995995382 0.0051289035091565864 0.0047408823167042775 -0.0041119433309004493 -0.00035225168214542417 -0.0011386306237328148 -0.00065362131180584369 0.0025473540418721589 -0.00048815354696238653 2.8576439420840117e-05 0.0016486721980508571 0.0015095346762130164 0.0047112093377936126 -0.0018763461461097208 -0.002102470011908913
leaf_weight=1216 51 62 592 114 5182 59 348 79 41 619 41 4168 67 57 4439 54 357 46 2856 2803 56 222 372 53 51 55 49 170 45 547 42 61 395 54 89 49 41 510 182 1465 40 93 176 865 383 41 48 42 49 49 89 93 1817 352 123 178 40 53 53 43 224 72
leaf_count=1216 51 62 592 114 5182 59 348 79 41 619 41 4168 67 57 4439 54 357 46 2856 2803 56 222 372 53 51 55 49 170 45 547 42 61 395 54 89 49 41 510 182 1465 40 93 176 865 383 41 48 42 49 49 89 93 1817 352 123 178 40 53 53 43 224 72
internal_value=-0.000499037 -0.000417264 -0.000816204 7.10235e-05 -0.000429023 0.000670675 0.000466931 -7.92189e-05 0.00124021 0.000145389 0.003728 -0.000525142 0.00590551 0.0112121 -0.00145734 -0.00180385 -0.000211835 -0.000700118 0.000834968 0.000913296 0.000763888 0.00151228 0.00330798 0.00590759 0.00895522 0.00171908 0.00695238 0.00402827 0.00787611 0.000730727 0.001514 0.00112319 0.00270727 0.00712365 0.00371528 -0.000305061 0.00494505 -0.00114511 0.000757811 0.00119372 0.00443946 0.00636667 -0.000379296 0.000277274 0.00189413 0.00306743 0.00838889 0.00213873 -0.00112863 -9.70886e-05 0.000326529 0.00272436 -0.000866112 0.000721427 0.00262931 0.00147351 0.00643382 0.00911458 0.000728962 0.00037539 2.72914e-05 0.00093208
internal_weight=32682 31466 17317 14149 8555 3324 3265 8068 2033 1409 624 6035 380 98 9249 7009 1368 2570 5594 2917 5543 2687 778 302 200 476 104 282 112 1867 1320 1241 580 185 143 661 90 571 1909 1687 222 149 2240 1648 783 607 89 518 5231 102 244 155 2516 699 347 301 135 95 1011 958 915 691
internal_count=32682 31466 17317 14149 8555 3324 3265 8068 2033 1409 624 6035 380 98 9249 7009 1368 2570 5594 2917 5543 2687 778 302 200 476 104 282 112 1867 1320 1241 580 185 143 661 90 571 1909 1687 222 149 2240 1648 783 607 89 518 5231 102 244 155 2516 699 347 301 135 95 1011 958 915 691
cat_boundaries=0 1 2 3 4 5 6 7
cat_threshold=3842 4284 2816 1538 3344 49 148
is_linear=0
shrinkage=0.05


Tree=58
num_leaves=63
num_cat=5
split_feature=24 10 0 42 13 25 11 19 1 9 17 20 8 21 13 23 22 25 4 27 0 13 41 33 13 22 0 7 41 33 41 27 9 7 0 25 8 0 7 0 2 30 16 13 38 2 23 10 11 21 20 4 21 27 0 20 33 41 2 13 42 13
split_gain=2.49163 1.8412 1.80872 1.70189 1.87637 1.86522 1.70727 1.59748 1.23915 1.20333 1.03818 1.40529 1.3604 1.19653 1.18901 1.36833 1.15149 1.13915 1.67285 1.86302 1.00533 0.98952 1.59096 1.63182 0.950147 0.942724 0.929876 1.16074 1.17518 1.52737 1.81614 1.40047 1.14344 1.11206 0.97621 0.992307 0.975431 0.943353 0.941799 0.909109 0.898889 1.29119 0.975052 0.893692 0.88629 1.21551 1.409 0.881307 0.86157 0.844307 0.835729 0.833051 0.830903 0.821805 0.820275 0.806235 0.805999 0.798283 1.09006 1.37568 0.94291 0.872538
threshold=0 -0.0038427605510120695 0.10536051565782635 0.92247596153846168 1.4999973970634455 1 69.500000000000014 0.36123274609314743 -0.088410060201613114 0.28730929052744836 0.24126478301627111 -0.088063996059027719 0.016376077632875127 7462.5000000000009 0.5238110544272353 0.052180595154756267 0.60613663001591367 2 0.17185025692665915 33.500000000000007 -0.63961460858910513 0.69676582212138871 4.222048611111112 27.750000000000004 1.1852302931596093 -0.43673554037991347 -0.058268908123975109 6.470600712840116 66.446654772524539 28.864285714285717 8.4409272183449673 41.500000000000007 0.2375457881027766 7.9627047211934716 -0.041798653071029694 3 0.12864529527483112 -0.026668247082161308 7.8934256214724385 -0.070768404221985368 -0.027191234438406205 73.200000000000031 -0.14317505737716416 0.5000004076089174 4 -0.095308986622574018 0.075444877155663073 0.083786255643373511 78.500000000000014 2197.5000000000005 0.0065650754354598115 -0.20066978637041541 8525.0000000000018 2.5000000000000004 0.27541337359013213 0.053693530592035986 38.335714285714296 108.99375000000002 -0.10428797297500701 0.48242522710322316 0.92172181372549034 0.47887532236254277
decision_type=1 2 2 2 2 1 2 2 2 10 2 10 10 10 2 10 10 1 2 2 2 2 2 2 2 10 2 2 2 2 2 2 10 2 2 1 10 2 2 2 2 2 2 2 1 2 10 2 2 10 10 2 10 2 2 10 2 2 2 2 2 2
left_child=2 3 10 7 5 21 52 44 48 39 12 47 13 -1 40 20 17 18 -17 -20 24 22 -5 -24 -16 -25 27 -22 29 30 38 33 -33 -32 35 50 -37 51 -29 53 41 57 -43 -10 45 46 49 -12 -4 -2 -28 -36 -6 -3 -45 -47 -56 58 61 60 -60 -14
right_child=1 9 8 4 6 -7 -8 -9 43 -11 11 -13 14 -15 15 16 -18 -19 19 -21 26 -23 23 25 -26 -27 34 28 -30 -31 31 32 -34 -35 37 36 -38 -39 -40 -41 -42 42 -44 54 -46 55 -48 -49 -50 -51 -52 -53 -54 -55 56 -57 -58 -59 59 -61 -62 -63
leaf_value=-0.0029203262797793382 0.0053129725660018556 0.0019487686229592704 0.00045494097363654252 0.0052293745758890129 -0.001142501602972747 -0.0011125532212817562 0.0038540194379523027 0.008924857858640594 -0.0025792231862641606 -0.00027683984450737139 0.0017003559835691571 -0.00034264325512337913 0.00015937317266848799 0.0017928234678085677 0.010039804073910613 -4.4285581739256376e-05 0.0024080138631229799 -0.00047086231382272037 0.0075128336930870496 -0.00037519473578453305 0.0085210208803020455 -0.0003885678953763496 0.001519435673203018 0.0014516522306327695 0.0022535188152552955 -0.000551149328212274 0.0022555517731579827 0.0032704159671204827 -0.00059907551744013742 -0.00016989409951279831 0.0092299474663342495 0.0043727834705064948 -0.0015137827554051876 0.0043889898866852168 0.0021235422411698518 -0.00043741354516045172 0.0070227694815054864 0.0010840989069708161 -0.0012331777457422082 -0.0014041940554339386 -0.00065645223504112401 -0.00012050934096099172 0.0034975929734270897 -0.00014342794202570962 2.8133507528667337e-05 -0.00073248057046480038 0.0040932659336609546 0.001851362957876086 0.0034183540251119513 -0.00060152671519587888 0.0033270179321491854 -0.0015272668186706471 0.0017759453250937676 -0.00039785295482390828 -0.0024294032788456633 0.0041150827648567924 0.0011596720538120937 -0.00098466052749643439 -0.00059836577806692351 0.0031475004902988958 0.0012866898899130286 -0.002045035019625998
leaf_weight=393 46 51 245 50 228 2885 79 42 1024 1418 300 5041 500 42 40 297 61 1261 57 44 50 306 51 77 45 227 53 80 731 777 45 57 41 61 50 80 44 2229 112 4906 1674 44 79 1934 1816 96 45 41 55 54 54 160 60 789 879 71 67 247 88 41 149 120
leaf_count=393 46 51 245 50 228 2885 79 42 1024 1418 300 5041 500 42 40 297 61 1261 57 44 50 306 51 77 45 227 53 80 731 777 45 57 41 61 50 80 44 2229 112 4906 1674 44 79 1934 1816 96 45 41 55 54 54 160 60 789 879 71 67 247 88 41 149 120
internal_value=-0.000542828 -0.00106966 -0.000180901 -0.000434465 -0.00105071 -0.00139839 0.00235054 0.000690925 -0.00109869 -0.0016148 7.3078e-05 -0.000484861 0.00037932 -0.00235092 0.000506294 0.000887246 -0.000319583 -0.000569278 0.00173594 0.00730392 0.00132802 0.000893351 0.00252463 0.00133427 0.00668605 -6.5575e-05 0.00122811 0.000398976 0.000199474 0.00117973 0.00370277 0.00697561 0.00262626 0.0109346 0.00183452 0.00493534 0.00133333 0.00153893 0.000207253 -0.00193666 -0.000326199 0.000677698 0.00552419 -0.00133675 0.000497885 0.00291022 0.00633562 0.00261696 0.00199335 0.0029703 0.00817797 -0.00165877 0.000553632 -0.000416172 -0.000885111 8.92845e-05 -0.00209081 0.000152704 0.000845383 0.00344086 0.00195378 -0.000322062
internal_weight=32689 13297 19392 6133 3963 3596 367 2170 4204 7164 15188 5382 9806 435 9371 6429 1720 1659 398 101 4709 711 405 355 85 304 4624 1954 1904 1173 396 204 98 106 2670 231 124 2439 192 5746 2942 1268 123 3904 2128 312 145 341 300 100 107 210 288 840 2880 167 946 1145 898 278 237 620
internal_count=32689 13297 19392 6133 3963 3596 367 2170 4204 7164 15188 5382 9806 435 9371 6429 1720 1659 398 101 4709 711 405 355 85 304 4624 1954 1904 1173 396 204 98 106 2670 231 124 2439 192 5746 2942 1268 123 3904 2128 312 145 341 300 100 107 210 288 840 2880 167 946 1145 898 278 237 620
cat_boundaries=0 1 2 3 4 5
cat_threshold=19 2576 2066 3113 2
is_linear=0
shrinkage=0.05


Tree=59
num_leaves=63
num_cat=10
split_feature=0 39 13 9 24 22 42 24 26 17 22 31 20 0 40 27 20 25 33 7 13 10 18 7 25 18 17 20 20 15 12 44 0 13 2 24 20 26 31 23 25 31 31 26 41 38 31 25 18 20 6 17 29 1 1 6 18 33 39 26 23 6
split_gain=2.22871 1.8494 1.74642 1.69702 1.55145 1.37895 1.09585 1.08736 1.13649 1.1298 1.58789 1.18667 1.28402 1.38276 1.91779 1.12364 1.36679 1.1678 1.70511 1.17371 1.9467 1.59212 1.02299 1.01672 1.0158 1.26432 1.8992 1.01423 1.4043 1.06599 1.0313 1.00641 0.991791 0.961937 1.61542 0.957659 1.4567 1.19661 1.08696 1.07324 1.01742 1.15525 1.01492 1.15597 0.985448 1.16145 1.14262 0.924071 1.35259 0.974293 0.901068 1.48648 1.06409 0.88339 1.67826 0.881505 0.86615 0.86301 1.83508 1.94474 1.27856 1.47183
threshold=0.0071933152439109813 0 0.32399952499703127 0.02546646264633946 1 -0.91375012804393696 0.61684397163120586 2 37.500000000000007 0.41168097340516191 -0.17176777979965563 206.15000000000006 -0.020756195414562511 0.060671399170923575 3.5000000000000004 24.500000000000004 -0.023092249763325887 3 28.235714285714291 7.3646281357110732 0.87515821656505166 0.047432776682749374 0.68437944494643821 7.2139079345815453 4 -1.1057140582710325 -0.34643700186290344 0.093545971270705658 0.32426486941830035 -0.18232155679395459 74.500000000000014 1.0000000180025095e-35 -0.405465108108165 1.6002280821917811 0.085348096789663611 5 0.043392872154236227 6.5000000000000009 0.45000000000000007 -0.33647223662121262 6 0.35000000000000009 43.350000000000001 42.500000000000007 66.446654772524539 7 1.9500000000000004 8 -0.5082660007719263 0.0084121795348847377 7.3335166231310787 -0.28615878215364549 1.0000000180025095e-35 -0.49247739418952946 -0.54836558451562201 6.5665513438615992 1.3101858397715864 29.350000000000005 9 37.500000000000007 0.22314355131420979 8.1564335443934777
decision_type=2 1 2 10 1 8 2 1 2 2 10 2 10 2 2 2 10 1 2 2 2 2 10 2 1 10 2 10 10 2 2 2 2 2 2 1 10 2 2 10 1 2 2 2 2 1 2 1 10 10 2 2 2 2 2 2 8 2 1 2 10 2
left_child=1 3 -2 -1 5 22 -7 9 15 10 11 50 -13 14 -14 16 17 18 -9 20 -20 -21 -3 35 25 26 -6 29 30 47 -29 -15 -27 -10 -35 36 37 -8 -38 -40 -37 -42 -43 -44 -39 46 -46 48 49 -5 51 52 -4 54 -26 -31 -12 58 59 -25 61 -61
right_child=2 4 7 27 24 6 23 8 33 -11 56 12 13 31 -16 -17 -18 -19 19 21 -22 -23 -24 57 53 32 -28 28 -30 55 -32 -33 -34 34 -36 40 38 44 39 -41 41 42 43 -45 45 -47 -48 -49 -50 -51 -52 -53 -54 -55 -56 -57 -58 -59 -60 60 -62 -63
leaf_value=-0.0032775182060807229 -0.001766086123608307 0.0051865099119667406 0.0079896902896140678 0.0030539756665407718 0.00012400716167080777 0.0028038494409561875 0.0072152337216707125 -0.0018717984738446651 -0.00036102554340048488 -0.0012279637314465707 -0.00043943239219876632 -3.662028702243237e-05 0.0053429421762287528 0.00031520155144559273 0.0018288251654361581 -0.0015849388835054582 -0.0010714026272015864 -0.0010475571672345591 0.0020764900889792283 0.010470544622377643 0.0082653007868772835 -0.001225909578734847 -0.00035777996144500539 0.00040205322147666875 -3.1777167557855683e-05 0.0077842446963027091 0.0046208924024944203 0.0049882052230767185 -0.0008458492863457753 0.0006256364779293731 -0.00011676522972467777 0.0036687521010168459 -3.3019342970165665e-05 -0.00047865670304466024 0.0030834644648972797 -0.00024234074915656362 4.0911139026182834e-05 -0.00044134454178931305 0.014442169827611456 0.0068645607541623528 0.0026775837776964982 -0.000346464715486232 0.0019221517524903578 0.0051128380152623545 -0.0004225477917190246 -0.00079098052681483497 0.0039538232589612175 -0.00012043333862617333 -0.0012457765526962109 0.0015325609186760977 -0.00010349883898033604 9.1710042358166509e-05 0.00080946456991197566 -0.00045418860071264457 0.0035253896374818267 -0.0008852229661101196 0.0038881999002577162 -0.00016525338588614614 -0.00016706027013007262 0.0048764115404673885 -0.00054041656933411246 0.0010453627562201551
leaf_weight=352 1390 252 72 43 87 98 49 63 1850 1196 1858 160 42 130 42 3167 1547 297 44 40 43 87 95 1000 155 61 53 79 225 114 42 58 910 87 54 660 42 151 44 48 57 234 192 43 42 136 117 924 76 40 987 336 75 4863 63 1719 73 3835 1366 299 132 228
leaf_count=352 1390 252 72 43 87 98 49 63 1850 1196 1858 160 42 130 42 3167 1547 297 44 40 43 87 95 1000 155 61 53 79 225 114 42 58 910 87 54 660 42 151 44 48 57 234 192 43 42 136 117 924 76 40 987 336 75 4863 63 1719 73 3835 1366 299 132 228
internal_value=-0.000458852 -0.000107255 -0.000944596 -0.00112276 0.000133132 0.000547584 0.000425688 -0.000754734 -0.00114472 -0.000187501 0.000230828 0.00125591 0.00355658 0.00564102 0.0109412 -0.00152959 -0.00063855 0.00144348 0.00369792 0.00595349 0.0103977 0.00285156 0.00363506 0.000365951 -0.00047719 0.000886808 0.00531915 -0.000769232 0.00178674 -0.00107302 0.00610656 0.00322751 0.000252056 -0.000128013 0.00383803 0.00141795 0.00297656 0.00176411 0.00762963 0.0106452 0.000559731 0.00217877 0.00139362 0.00370763 0.000939596 0.00261824 0.00532353 0.000170663 0.00355882 0.00815476 0.000577837 0.00234504 0.00652027 -0.00077671 0.00232877 -0.00180753 -0.000778987 8.74496e-05 0.000718769 0.00182934 0.00394697 0.00504735
internal_weight=32624 18926 13698 3614 15312 9120 8773 12308 7279 5029 3833 1902 432 272 84 5288 2121 574 277 214 87 127 347 8675 6192 1111 140 3262 346 2916 121 188 971 1991 141 1815 629 495 134 92 1186 526 469 235 446 295 159 1083 159 83 1470 483 147 5081 218 1833 1931 6860 3025 1659 659 527
internal_count=32624 18926 13698 3614 15312 9120 8773 12308 7279 5029 3833 1902 432 272 84 5288 2121 574 277 214 87 127 347 8675 6192 1111 140 3262 346 2916 121 188 971 1991 141 1815 629 495 134 92 1186 526 469 235 446 295 159 1083 159 83 1470 483 147 5081 218 1833 1931 6860 3025 1659 659 527
cat_boundaries=0 1 2 3 4 5 6 7 8 9 10
cat_threshold=146 19 17 177 20 16 215 5 2050 5640
is_linear=0
shrinkage=0.05


Tree=60
num_leaves=63
num_cat=7
split_feature=0 9 22 39 14 39 19 13 17 25 41 31 1 9 25 7 27 22 18 42 1 16 14 11 11 20 25 41 21 20 33 4 27 30 27 11 9 5 9 13 13 1 42 31 9 33 33 22 21 31 39 10 42 10 4 20 25 10 1 9 20 23
split_gain=1.90653 2.26579 1.88887 1.37528 1.28506 1.26424 1.25089 1.17276 1.22586 1.11684 1.18564 1.11577 1.12369 1.74425 1.3733 1.30434 1.17724 1.11525 1.03915 1.00554 0.98623 1.11127 0.946991 0.94137 0.922222 1.70555 1.40264 1.348 1.73986 1.67033 0.867981 1.46617 1.13402 0.863622 0.972208 1.17016 0.861354 0.963159 0.845423 0.844513 1.28864 0.833929 0.833525 0.828894 0.820621 1.6504 1.96174 1.84566 1.1927 0.957786 0.88178 1.19309 1.47793 1.29491 1.22879 1.10791 1.09973 2.21445 1.27102 1.71343 1.00739 0.923755
threshold=0.0071933152439109813 0.046180962604012325 -0.081752960802294175 0 0.13976194237515907 1 -1.0646337218119341e-16 0.83999916000168007 1.6770991082683537 2 426.9071428571429 6.7500000000000009 0.37899495178835801 0.22759359022910011 3 7.2211992768229116 2.5000000000000004 0.010380457158981631 -1.0335873094655259 0.85951206140350889 0.1958814430599545 -0.40706278186814154 -0.4700036292457353 87.500000000000014 6.5000000000000009 -0.088063996059027719 4 86.958043981481495 6387.5000000000009 -0.011596665343649002 27.478571428571435 0.19237214264739325 11.500000000000002 1.6500000000000004 3.5000000000000004 59.500000000000007 0.25528033990991811 6.4614598163857773 0.58029885864765562 0.95608932427935545 0.71243465873327849 0.41292540758523094 0.92247596153846168 10.15 0.34310435677216722 28.157142857142862 37.828571428571436 -0.21309715905770898 20750.000000000004 1.0000000180025095e-35 5 -0.18578108780731203 0.75192307692307703 -0.40852777260033107 -0.66101443468653487 -0.060902731374599277 6 -0.025218633037452861 -0.040663145327679999 0.11358753872610934 -0.014684853696979026 -0.034866995165304442
decision_type=2 10 10 1 2 1 2 2 2 1 2 2 2 10 1 2 2 10 8 2 2 2 2 2 2 10 1 2 8 10 2 2 2 2 2 2 8 2 10 2 2 2 2 2 10 2 2 8 10 2 1 2 2 2 2 10 1 2 2 10 10 10
left_child=1 17 6 9 7 -6 11 41 22 10 23 -2 13 14 16 -16 -13 -1 42 39 30 -22 -9 38 25 -20 -27 28 29 -28 31 -15 -32 34 35 -5 -8 -38 -4 40 -11 44 -7 -25 48 47 49 -46 50 -47 51 53 60 54 -3 -55 57 58 61 -60 -53 -54
right_child=2 4 3 33 5 18 36 8 -10 19 -12 12 -14 20 15 -17 -18 -19 24 -21 21 -23 -24 43 -26 26 27 -29 -30 -31 32 -33 -34 -35 -36 -37 37 -39 -40 -41 -42 -43 -44 -45 45 46 -48 -49 -50 -51 -52 52 56 55 -56 -57 -58 -59 59 -61 -62 -63
leaf_value=-0.0018812808055621987 -0.00071312561486850442 -0.00010180696230339499 -0.00073483013549572533 0.0023799609447249914 -0.0012949543707315863 -0.00087425809482060367 -0.0010199485811436557 -0.00014866793406591167 0.0081836874766432564 6.3540774755029003e-05 0.0027370662923687518 0.0044124690318370508 -0.0022371882718715502 0.0006589807362877855 0.00146615459628978 -0.0020213083206626846 0.00036039038004031946 0.00087520820363376018 0.0042622863221024789 -0.0021757423947502685 0.0017322654683801419 0.0063957442268519063 0.00082366009258161017 -9.3070718440439791e-05 -0.00024942947900928299 -0.0019954397815228706 0.006005501770821698 -0.0012166230412274954 -0.00031402587829106342 0.0015031531924440623 0.0060290732667499991 0.0039942000065301703 -0.00019877242791093111 -0.0020581125770340789 -0.0013148158793113394 -0.0013691172035728732 0.012025975847548644 -5.639891368862284e-05 0.0095832099483599744 -0.0027540694233976707 0.0022970709572703637 -0.0028125983820154379 0.0074488070704369497 0.004698685866272501 0.010675194250492938 0.0049888452309293238 0.006330086057567171 0.0013256361790768289 0.0034974533917100006 -0.00087554450349364642 -0.00030442290149550308 0.0010907283397316458 -2.8003455622792329e-05 0.0023457362908278026 0.010162367803646627 -0.0012803165871614075 -8.8055873196095396e-05 1.4456373012850364e-05 0.0030814691060834132 0.0022405244137251256 0.01095371986037798 0.0015945655060163712
leaf_weight=673 1334 92 1405 40 1155 43 2949 1274 41 69 204 53 252 64 201 510 727 56 48 1465 77 76 3158 42 3841 255 42 84 69 72 79 47 256 1379 1228 47 81 982 74 67 43 157 53 40 53 44 46 104 41 423 4513 41 121 42 40 342 1259 568 58 64 54 100
leaf_count=673 1334 92 1405 40 1155 43 2949 1274 41 69 204 53 252 64 201 510 727 56 48 1465 77 76 3158 42 3841 255 42 84 69 72 79 47 256 1379 1228 47 81 982 74 67 43 157 53 40 53 44 46 104 41 423 4513 41 121 42 40 342 1259 568 58 64 54 100
internal_value=-0.000462705 -0.000138226 -0.000910312 -0.00156701 -2.92394e-05 -0.000655131 -0.000388868 0.000251265 0.000901876 -0.000890352 -1.40778e-05 0.000277399 0.000934698 0.00131516 0.000398792 -0.00118421 0.00183312 -0.00286986 -0.000273352 -0.00182477 0.00359167 0.00704545 0.000821113 -0.000483356 -0.000386447 0.00148862 0.000650094 0.00311151 0.005625 0.0093913 0.00239373 0.00620536 0.00111607 -0.00241035 -0.00150076 0.00357954 -0.000999254 0.000220863 -0.00077365 0.00169444 0.00433628 -0.000105355 0.00484536 0.00469879 -3.43504e-05 0.00163934 0.000262645 0.00610759 -0.000187433 -0.000715813 -0.000235779 0.000463824 0.00095984 -0.00170213 0.00255639 -0.00316883 0.000690925 0.00200108 0.00518895 0.00926829 0.00703125 0.0029054
internal_weight=32817 19026 13791 6103 18297 5662 7688 12635 4473 3409 1765 3676 2342 2090 1491 711 780 729 4507 1644 599 153 4432 1561 4411 570 522 267 183 114 446 111 335 2694 1315 87 4012 1063 1479 179 112 8162 96 82 8005 670 513 157 7335 467 7294 2781 2265 516 132 384 2170 911 343 122 95 221
internal_count=32817 19026 13791 6103 18297 5662 7688 12635 4473 3409 1765 3676 2342 2090 1491 711 780 729 4507 1644 599 153 4432 1561 4411 570 522 267 183 114 446 111 335 2694 1315 87 4012 1063 1479 179 112 8162 96 82 8005 670 513 157 7335 467 7294 2781 2265 516 132 384 2170 911 343 122 95 221
cat_boundaries=0 1 2 3 4 5 6 7
cat_threshold=6584 578 3380 3728 1377 2636 1564
is_linear=0
shrinkage=0.05


Tree=61
num_leaves=63
num_cat=4
split_feature=9 22 9 37 24 31 42 37 24 7 42 19 33 42 14 14 26 41 31 31 22 18 11 42 40 20 11 33 33 3 12 23 20 24 42 31 3 8 7 2 31 7 19 41 6 38 11 11 26 37 17 2 31 23 12 4 19 19 8 14 41 33
split_gain=1.85368 1.75008 1.7351 1.58277 1.32681 1.1775 1.07177 0.996944 0.976449 1.22577 1.17937 1.07168 1.30886 1.2625 1.69509 1.15039 1.65411 0.977071 0.966701 1.6002 1.44898 1.04386 1.17596 1.00232 0.94601 0.903786 1.05785 1.19986 0.875702 1.25851 1.26135 1.02775 0.808468 0.80291 0.965948 0.822448 1.04831 0.789457 0.911652 0.807048 1.2748 0.787848 1.73845 1.98674 1.86773 0.920371 0.824102 0.900512 0.786543 0.939788 1.02352 0.899365 1.54652 1.20306 1.14665 1.08275 1.01594 1.60756 1.28176 0.854719 0.801745 0.855195
threshold=0.046180962604012325 -0.075441074690242999 0.29003551219126739 3.5000000000000004 0 417.55000000000007 0.61684397163120586 51.500000000000007 1 7.9795068225655212 0.60188679245283028 0.0014429934699972757 27.364285714285721 0.98198051948051956 -0.55961578793542244 -0.12210269680090001 35.500000000000007 1613.9677419354841 3.0500000000000007 3.9500000000000006 -0.52291211785016889 1.3101858397715864 65.500000000000014 0.72804314329738073 4.5000000000000009 -0.024334982943738492 84.500000000000014 30.421428571428574 37.828571428571436 -0.020195125693583723 51.500000000000007 -0.09520332463871338 -0.0060998910051610908 2 0.83063885267275106 0.35000000000000009 0.11778321422784367 0.28672311546717782 6.6697968491730455 -0.51082562376598994 9.3500000000000032 7.0797965096390838 0.015081023515824224 24.630305602716472 7.024746629170509 3 67.500000000000014 23.500000000000004 16.500000000000004 49.500000000000007 0.18255760201634577 -1.0000000180025095e-35 51.900000000000006 -0.10536051565782627 79.500000000000014 -0.33270575382573536 0.015982709148526977 -0.06374878736807997 0.13049935291996043 0.21584734406955255 76.844951923076934 36.892857142857153
decision_type=8 10 8 10 1 2 2 10 1 2 2 2 2 2 2 2 2 2 2 2 10 8 2 2 2 10 2 2 2 2 2 10 10 1 2 2 2 10 2 2 2 2 2 2 2 1 2 2 2 10 2 2 2 8 2 2 2 2 10 2 2 2
left_child=7 2 8 4 28 6 -6 -1 9 11 -11 12 13 -2 -15 -16 -17 -13 21 20 -20 24 -23 -21 33 26 -8 -28 -3 30 -30 32 -31 34 -4 -36 -37 39 -39 40 -10 42 43 -25 46 -43 47 -44 60 51 -51 52 53 -50 55 -55 57 -57 -58 -54 61 -41
right_child=1 3 18 -5 5 -7 25 -9 37 10 -12 17 -14 14 15 16 -18 -19 19 23 -22 22 -24 41 -26 -27 27 -29 29 31 -32 -33 -34 -35 35 36 -38 38 -40 48 -42 45 44 -45 -46 -47 -48 -49 49 50 -52 -53 59 54 -56 56 58 -59 -60 -61 -62 -63
leaf_value=-0.001265177796482558 0.00045792923586256357 -3.2854096455170281e-05 -0.0045337844253476667 -0.0027070471151354539 0.0053940938206025616 0.0016404455322539726 -0.00029901080276779999 0.0004310954387404623 0.00513850339513219 0.0045702435299831944 -0.00040325387748726737 2.4253783677015727e-05 0.00031134603723185063 0.0076136403714530433 -0.00073359805962924048 0.00071777512471601554 0.005087770745542744 -0.0015816812411913899 0.012897066158341717 0.010942982206961953 0.0021314375890343312 0.0078779876659519094 -0.001558846718095779 0.0094941002939282482 0.0021801871080703058 -0.00083465690808790731 0.0041270930690390003 -3.7863260865625881e-05 0.00035706089518054333 0.0026958565464821516 0.0043279709461104708 -0.0017909048329655672 -0.00022556577674710281 -0.0018670832058022718 -6.3443693578625357e-06 0.0079020832740420606 0.00012042264244636041 0.0011526425947672124 -0.0012979385894525788 -0.00010142212331574438 -0.00062593513973446997 -0.0010383937690685359 0.0049701683708554241 -0.001341893042479549 0.0041817099490699837 0.00080264348354368081 0.006789458911508001 -0.0026325714419312193 -0.0017705377113835731 0.001547512770815029 -0.00055639434879784931 -0.00098082138521613156 4.5512484720312354e-06 0.00020608814652267154 -0.00073882957566102827 0.0022324064111016893 0.0024647465515045771 -3.1958421385239989e-05 0.0066121451116723795 -0.0011974242978003379 -0.0013964758083507382 -0.0024596683319340184
leaf_weight=851 274 2021 44 479 42 66 2312 40 47 44 4125 2203 2427 41 45 78 47 462 43 54 45 88 84 46 43 6298 82 122 43 41 41 87 43 1002 98 47 42 41 620 791 64 413 40 293 40 1350 74 49 130 42 45 2115 959 98 89 67 65 110 53 332 630 146
leaf_count=851 274 2021 44 479 42 66 2312 40 47 44 4125 2203 2427 41 45 78 47 462 43 54 45 88 84 46 43 6298 82 122 43 41 41 87 43 1002 98 47 42 41 620 791 64 413 40 293 40 1350 74 49 130 42 45 2115 959 98 89 67 65 110 53 332 630 146
internal_value=-0.000504227 -0.00044108 -0.000158071 -0.000927814 -0.000807216 -0.00108138 -0.00113244 -0.00275224 -0.000386018 -6.96947e-05 -0.000718227 0.000415022 0.00107793 0.0034465 0.00634434 0.00409357 0.00654762 -0.000309454 0.00078927 0.00139502 0.00797753 -0.000234646 0.0034104 0.00114619 -0.000728271 -0.00117073 -0.000369489 0.00307317 0.000271096 0.00302734 0.008 0.000552324 0.00447059 -0.000984604 0.00163223 0.00327128 0.00672222 -0.000862898 -0.0025 -0.000676868 0.00352678 0.000986556 0.00265193 0.000455881 0.00629902 0.000473355 0.00387195 0.00061111 -0.00075974 -0.000395763 0.00471591 -0.00050759 0.000280986 0.0023491 0.00349896 0.00465736 0.00616554 0.00373595 0.0097479 -0.000700466 -0.00171237 -0.000783583
internal_weight=32653 31762 20085 11677 11198 8922 8856 891 16190 9746 4169 5577 2912 485 211 170 125 2665 3895 2447 88 1448 172 2359 1276 8814 2516 204 2276 255 84 171 84 1233 231 187 89 6444 661 5783 111 2305 542 339 203 1763 163 89 5672 4105 87 4018 1903 612 482 393 295 177 118 1291 1567 937
internal_count=32653 31762 20085 11677 11198 8922 8856 891 16190 9746 4169 5577 2912 485 211 170 125 2665 3895 2447 88 1448 172 2359 1276 8814 2516 204 2276 255 84 171 84 1233 231 187 89 6444 661 5783 111 2305 542 339 203 1763 163 89 5672 4105 87 4018 1903 612 482 393 295 177 118 1291 1567 937
cat_boundaries=0 1 2 3 4
cat_threshold=16 19 16 4
is_linear=0
shrinkage=0.05


Tree=62
num_leaves=63
num_cat=6
split_feature=10 39 42 39 22 25 12 20 17 7 25 8 2 37 2 8 36 41 23 29 7 25 23 41 42 19 41 21 10 15 4 23 10 2 21 14 26 26 12 8 8 41 7 37 15 3 13 3 10 5 42 10 22 10 23 16 30 29 21 25 21 5
split_gain=1.48761 2.06502 1.86954 1.74946 1.6199 1.56446 2.82698 1.55596 1.54729 1.5339 2.41105 1.73038 2.45104 1.64285 1.45873 1.45454 1.43856 1.37495 1.6395 1.64957 2.7806 1.19891 1.30269 1.44971 1.17248 1.62097 1.17156 1.14206 1.12437 1.5123 1.1893 1.34394 1.21375 1.21089 1.40921 1.13951 1.13787 1.65621 1.43994 1.28914 3.28995 2.2587 1.11068 1.10987 1.13303 1.09986 1.06126 1.21782 1.19032 1.05387 1.03971 2.0755 1.05896 1.00054 0.996877 1.09747 0.948254 0.930933 0.916222 0.908244 1.22995 1.45789
threshold=-0.0038427605510120695 0 0.92380261248185791 1 0.43100637797042929 2 77.500000000000014 0.13977687373067801 0.034389184377447542 7.906396455650424 3 0.036439061589101616 0.067698492597101825 54.500000000000007 -0.15183570498628415 1.0000000180025095e-35 0.00018882639133340872 3.792385057471265 -0.28768207245178079 1.0000000180025095e-35 7.8579617204255277 4 0.087011376989629921 254.19478283898306 0.96850198412698429 0.0042065369877279588 4.517879948914433 3199.3900000000008 0.16616382341459171 -0.0092851497965478185 0.16297478214464747 0.18789692788311643 0.073838679314875769 0.021979450196741194 2595.8350000000005 -0.45464543770981786 43.500000000000007 50.500000000000007 42.500000000000007 0.20097427405356541 0.13564663540383951 244.55000000000004 7.8934256214724385 2.5000000000000004 4.743986054287233 0.040717260933714979 0.5000004076089174 -0.31793426939828778 -0.059981346982767463 7.6625475569319468 0.73385416666666681 0.24359617836715633 0.13984758814446716 -0.018486420767782615 -1.6035554916443069 -0.057058095134803637 133.25000000000003 1.0000000180025095e-35 500.62500000000006 5 14600.000000000002 8.7932478731537937
decision_type=2 1 2 1 10 1 2 10 2 2 1 8 2 10 2 8 2 2 8 2 2 1 10 2 2 2 2 10 2 2 2 8 2 2 8 2 2 2 2 8 10 2 2 10 2 2 2 2 2 2 2 2 10 2 8 2 2 2 10 1 10 2
left_child=2 4 43 5 9 6 27 53 21 10 13 12 -12 16 -9 -3 28 18 -10 20 -20 22 23 24 26 46 -5 -4 29 30 31 -2 45 -32 -35 -30 38 49 39 40 -37 -42 54 44 59 -33 -26 -48 -49 -38 51 -11 -52 -7 55 -13 -17 -25 -6 60 61 -1
right_child=1 15 3 8 58 7 -8 14 17 50 11 42 -14 -15 -16 56 -18 -19 19 -21 -22 -23 -24 57 25 -27 -28 -29 35 -31 33 32 -34 34 -36 36 37 -39 -40 -41 41 -43 -44 -45 -46 -47 47 48 -50 -51 52 -53 -54 -55 -56 -57 -58 -59 -60 -61 -62 -63
leaf_value=0.0012546855717231471 -0.0010044638230100452 -0.0029928106920499428 0.0020651234128121411 0.0056712030116055547 0.008109163746924242 9.4182421776161672e-05 0.003556836425346409 -0.00036233711344804979 -0.0019858120498745329 -5.2839522218882693e-05 -0.001489087360816668 -0.00032661300344863126 0.0040061366269955375 0.0012806779392509156 0.006754352291239385 -0.00081896813222679689 -0.0016273959100992956 -0.00096547701947503515 -0.0011637418161199085 0.00030102711509724314 0.007282040381445417 -0.00038847932856256068 -0.00086062115520892872 0.0025203801853543738 0.00097287604653501002 -0.00019395801351500494 -0.00090154595855467196 -0.0022345141422332867 -0.0015232351353210716 0.00054891988382664537 0.0026039945509213963 0.0062027955607592928 0.00035339922072124934 0.0082918972520462705 0.0055815602222547738 -0.00020099093623819004 0.0048935631581829 0.00031844182977252286 -0.0011596845915803563 -6.2177857655160946e-05 0.0029674600210972948 0.010190709811695306 0.0024514496412845949 -0.0015009758455330909 0.007813473860137872 0.0068931247677697944 0.0085377419191704686 0.003849345738054075 0.0034959946533322499 0.0032504739881699385 -0.00058915234509349882 0.010477563383426819 -0.002101178262787962 -0.0011669897097224501 -0.00056873068058611463 0.0046790146085875194 0.0016973717936594663 -0.00048268763410303368 -0.0024498215288946404 8.8004165974416925e-06 0.0031790089756836351 -0.00055680485490496793
leaf_weight=2186 112 500 54 72 61 1912 44 47 81 249 56 66 50 47 66 5366 151 3647 41 217 40 2059 361 87 85 102 162 68 210 467 72 49 62 40 40 136 40 112 386 214 69 40 45 160 48 50 40 103 44 46 3960 53 492 261 3491 70 99 206 650 2552 69 335
leaf_count=2186 112 500 54 72 61 1912 44 47 81 249 56 66 50 47 66 5366 151 3647 41 217 40 2059 361 87 85 102 162 68 210 467 72 49 62 40 40 136 40 112 386 214 69 40 45 160 48 50 40 103 44 46 3960 53 492 261 3491 70 99 206 650 2552 69 335
internal_value=-0.000441884 -0.000755186 -7.88791e-05 -0.000489287 -0.000364751 0.000665853 0.00519774 0.000313451 -0.000874559 -0.000213775 0.000309538 -0.000472421 0.00579439 0.00156542 0.00600877 -0.00151021 0.00138006 -0.00153464 0.00132895 0.00304348 0.00908536 -7.67622e-05 0.00113118 0.00215632 0.0035468 0.00528 0.000765956 0.00154471 0.00171249 0.00306831 0.005223 0.00322993 0.00614197 0.00875817 0.012963 0.000745613 0.00142241 0.00482412 0.000620566 0.00251087 0.00497967 0.0114091 -0.000656141 0.00067277 0.000799459 0.00955 0.00728938 0.0093883 0.00719594 0.01 -0.000887488 0.00194719 -0.00108017 1.60982e-05 -0.00075386 0.00343066 -0.00127607 -0.000731294 -0.00267556 0.000727201 0.00138408 0.00120737
internal_weight=32700 17551 15149 9799 11586 2452 166 2286 7347 10875 6121 3778 106 2343 113 5965 2296 4026 379 298 81 3321 1262 901 608 374 234 122 2145 892 425 273 161 152 80 1253 1043 198 845 459 245 109 3672 5350 5190 99 272 187 147 86 4754 302 4452 2173 3627 136 5465 293 711 5142 2590 2521
internal_count=32700 17551 15149 9799 11586 2452 166 2286 7347 10875 6121 3778 106 2343 113 5965 2296 4026 379 298 81 3321 1262 901 608 374 234 122 2145 892 425 273 161 152 80 1253 1043 198 845 459 245 109 3672 5350 5190 99 272 187 147 86 4754 302 4452 2173 3627 136 5465 293 711 5142 2590 2521
cat_boundaries=0 1 2 3 4 5 6
cat_threshold=3851 61 8 2832 3634 732
is_linear=0
shrinkage=0.05


Tree=63
num_leaves=63
num_cat=8
split_feature=0 14 39 22 37 10 25 8 14 3 23 3 22 1 11 8 14 12 2 33 10 12 12 39 9 39 26 19 11 13 5 2 2 18 1 18 19 39 33 22 6 19 13 8 0 22 25 22 9 11 0 11 5 39 31 23 2 6 18 25 13 1
split_gain=1.7415 1.80813 1.59545 1.42307 1.43629 1.36436 1.14569 1.53246 1.10118 1.47421 1.38719 1.30731 2.49555 1.44854 1.19926 1.13293 1.11639 2.05691 1.0786 0.974222 1.33133 1.23252 2.13757 1.03818 1.02805 0.970801 1.2719 1.26389 1.56212 1.08465 0.939896 0.911156 0.888568 1.06214 0.865082 1.14496 1.14024 1.1988 2.47845 1.9174 0.964876 0.856366 1.65844 1.07674 0.933145 0.899326 0.84418 1.04105 0.997382 1.26226 0.851847 0.819788 1.67081 0.901043 0.915831 0.937641 1.51008 0.902763 0.858675 0.818492 1.25314 1.11652
threshold=0.00561448733626957 0.1824123915657552 0 -0.081752960802294175 54.500000000000007 0.0083357635375067591 1 0.021319078331595534 -0.18488937544557746 -0.48835435882152461 -1.2795128624145136 -0.60613543993381913 -0.2579131284272827 -0.23638877806423106 26.500000000000004 0.47863843561724911 -0.15906469462968761 25.500000000000004 -0.10536051565782632 28.678571428571434 -0.18153628794133511 79.500000000000014 34.500000000000007 2 0.3578513118059426 3 49.500000000000007 0.059930767814003826 13.500000000000002 0.56425831735373644 6.6091222930442415 0.004023175673859126 -0.40546510810816433 -0.5082660007719263 0.3920420877760234 0.72155812522941842 -4.0450738535673406e-17 4 28.807142857142864 -0.10008328311841685 7.5101334932255268 -0.24646606873472079 0.36363844451477628 0.088614757020350862 -0.22899958068633228 -0.3362637233372438 5 0.31808203472047142 0.38715972529701487 41.500000000000007 0.04725295929246754 6.5000000000000009 7.6038548837697979 6 17.400000000000006 -0.52005804099325059 -0.28768207245178118 7.001440370680057 1.5880451407942207 7 0.26104599793732369 -0.16721993701542634
decision_type=2 2 1 10 10 2 1 8 2 2 8 2 8 2 2 10 2 2 2 2 2 2 2 1 10 1 2 2 2 2 2 2 2 8 2 8 2 1 2 8 2 2 2 8 2 8 1 10 10 2 2 2 2 1 2 10 2 2 10 1 2 2
left_child=1 2 6 4 34 -6 7 -1 41 11 14 15 -13 -14 -11 -10 17 -12 51 20 21 22 -8 -21 -22 26 46 28 -28 -30 31 -20 33 -9 36 -36 37 38 39 -2 -37 42 -4 45 -44 -43 -5 48 -48 -50 -49 52 -3 54 55 56 -53 -55 -59 -18 -61 -62
right_child=3 18 8 25 5 -7 19 32 9 10 16 12 13 -15 -16 -17 59 -19 30 23 24 -23 -24 -25 -26 -27 27 -29 29 -31 -32 -33 -34 -35 35 40 -38 -39 -40 -41 -42 43 44 -45 -46 -47 47 50 49 -51 -52 53 -54 57 -56 -57 -58 58 -60 60 61 -63
leaf_value=-0.0027787084919938376 0.00064979319678398414 0.0040425589458718035 0.0037138910456498129 -0.0017171681046276345 -0.0025164404344924884 0.0012666517896956044 0.0011728037750365226 0.0049382767851866068 -9.2108851937062163e-05 0.0048981551595263803 0.0028125897944904416 -0.0018211499488852458 0.0048187994621371388 0.011054691705797537 0.0014649660258594962 0.012879536361631314 -0.00020197040294717172 0.00050902695278928582 0.009380585163074176 9.5023537267137831e-05 -0.00076259944465679368 -0.0025158568611430804 0.0063969315498290094 -0.0013555890655017461 0.0034269591721970902 -0.0014202361854948743 -0.0031165695774543704 -0.0073757633568359918 0.0028050257546939025 0.0030202159480947326 -0.00069012985373793467 -0.00054483307915452407 0.00011275407633988093 -0.00034130443461533879 -0.0030035581354794592 0.0031995348871799536 -0.00061659583945062051 -5.1726669896049168e-05 -0.00015941869017539864 0.0077259167747282045 -0.004021453689920941 -0.001212102018781046 0.0029477017531108576 -0.00031868154370699557 -0.00059758353005830384 0.00041314909678446014 -0.00013446595915415005 0.0003229533659151317 0.0017352147988402137 0.015744139283286565 -0.0024122153224119779 0.0066754132446591036 -0.00052335978102702858 0.0010008102896094152 -0.00018962873048402994 0.00010495850124490175 0.0014945211483983773 -0.00127119259645976 0.0020182143103309506 -0.00091116640263371297 -0.00033746073275114176 0.00076569645020713878
leaf_weight=209 109 49 50 1291 45 102 64 57 247 60 49 72 57 76 150 53 1339 117 55 330 660 45 43 1057 57 2480 46 40 40 74 3344 73 1765 58 514 75 3589 2838 308 80 87 91 66 2669 136 698 1254 102 95 51 712 54 94 229 351 208 122 665 94 291 598 2333
leaf_count=209 109 49 50 1291 45 102 64 57 247 60 49 72 57 76 150 53 1339 117 55 330 660 45 43 1057 57 2480 46 40 40 74 3344 73 1765 58 514 75 3589 2838 308 80 87 91 66 2669 136 698 1254 102 95 51 712 54 94 229 351 208 122 665 94 291 598 2333
internal_value=-0.000413057 -9.95446e-05 0.000208548 -0.000836863 -0.000385262 0.00449324 -0.000579661 0.000264285 0.000582777 0.00103619 0.000772579 0.00360672 0.00667476 0.010709 0.00473934 0.00149502 0.000595388 0.00461078 -0.000878443 -0.00135862 -5.17253e-05 0.00418301 0.00708333 -0.0021866 -0.00095404 -0.00140236 -0.000881325 0.00298507 0.00496894 0.00808696 -0.00139937 0.0027907 0.000717702 0.0049569 -0.000480201 -0.00218612 -0.000313359 0.000352217 0.00258858 0.00713158 0.00147239 -8.08419e-05 0.00272727 -0.000286211 0.000689654 0.00133544 -0.00110525 -0.000503372 0.000321198 0.00421769 -0.00192638 9.1054e-05 0.00371528 -0.000211718 0.0011059 0.00280519 0.00548022 -0.00119119 -0.0020329 0.000448267 0.00087844 0.00119202
internal_weight=32767 18835 13497 13932 7747 147 4345 2089 9152 5442 4937 505 205 133 210 300 4727 166 5338 2256 869 152 107 1387 717 6185 3705 200 160 114 3472 128 1880 115 7600 676 6924 3335 497 189 162 3710 252 3458 202 789 3505 2214 1400 146 814 1866 143 1723 735 384 176 988 759 4561 3222 2931
internal_count=32767 18835 13497 13932 7747 147 4345 2089 9152 5442 4937 505 205 133 210 300 4727 166 5338 2256 869 152 107 1387 717 6185 3705 200 160 114 3472 128 1880 115 7600 676 6924 3335 497 189 162 3710 252 3458 202 789 3505 2214 1400 146 814 1866 143 1723 735 384 176 988 759 4561 3222 2931
cat_boundaries=0 1 2 3 4 5 6 7 8
cat_threshold=4274 3123 48 7088 1088 2698 701 1035
is_linear=0
shrinkage=0.05


Tree=64
num_leaves=63
num_cat=5
split_feature=24 13 1 7 27 22 13 30 25 9 21 2 9 11 41 25 34 3 25 0 6 9 14 27 25 41 11 17 16 14 3 27 0 13 26 40 8 22 29 11 1 15 0 2 3 3 9 8 16 11 9 23 13 23 26 2 7 23 40 22 9 2
split_gain=2.2102 1.64909 1.54453 1.67888 1.4633 1.60869 1.50003 1.46822 1.45565 1.79404 1.43964 1.40362 1.5323 1.22233 1.21249 1.4094 1.3451 1.30105 1.24738 1.171 2.44242 1.11738 1.30135 1.11595 1.52393 2.16523 1.82985 1.23603 1.15331 1.59142 1.54218 1.15209 1.13013 1.03837 1.19044 2.36044 2.07612 1.7313 1.37951 1.28114 1.0522 1.03345 1.01505 1.00152 0.999207 1.02158 0.970164 1.10025 1.53643 1.36385 0.989475 2.12082 0.956547 1.55826 0.977305 1.93006 1.44111 1.54493 1.42779 1.44243 1.01604 1.42963
threshold=0 1.5750028125100448 0.3920420877760234 6.7232230142431915 3.5000000000000004 -0.91375012804393696 0.99999812500234386 9.6000000000000032 1 0.15154189394132556 3138.7500000000005 -0.51082562376598994 0.55459723115107984 74.500000000000014 7.3623883928571443 2 1.0000000180025095e-35 -0.074361293621711053 3 -0.16251892949777466 8.4563221686323704 0.24536057784041326 0.020619287202735984 19.500000000000004 4 360.86718750000006 12.500000000000002 0.24611226461281802 -0.021097922885821015 0.024702783564446443 0.24116225162239904 33.500000000000007 -0.070768404221985368 0.36363844451477628 49.500000000000007 1.5000000000000002 0.09793387080606647 -0.21688218636492171 1.0000000180025095e-35 63.500000000000007 0.01410603662138721 0.9808292530117263 -0.013244963592057067 0.3244683021799451 0.10212949507638004 -0.084731700925293016 0.12828859559808531 0.16196669113908108 0.010000333353334947 43.500000000000007 0.30109757131730436 0.16618114495815209 0.38675865942800308 -0.11449209593808705 36.500000000000007 0.057158649134122282 7.2370914248494342 0.11219229999589332 1.5000000000000002 -0.31015468906944693 0.25704647033720945 0.18805223150293984
decision_type=1 2 2 2 2 8 2 2 1 10 8 2 10 2 2 1 2 2 1 2 2 10 2 2 1 2 2 2 2 2 2 2 2 2 2 2 10 8 2 2 2 2 2 2 2 2 10 8 2 2 10 10 2 10 2 2 2 10 2 10 10 2
left_child=2 14 3 -1 11 6 -6 -8 10 -10 -3 -5 43 44 15 17 19 41 42 20 -16 22 -22 24 25 28 -27 33 -7 30 32 -29 -30 40 38 36 -36 -38 52 -39 -25 46 -18 -13 45 -11 -2 48 49 -48 -49 -52 53 -35 60 56 -56 58 59 -58 -54 -62
right_child=1 8 -4 4 5 23 7 -9 9 13 -12 12 -14 -15 16 -17 18 -19 -20 -21 21 -23 -24 27 -26 26 -28 31 29 -31 -32 -33 -34 34 35 -37 37 39 -40 -41 -42 -43 -44 -45 -46 -47 47 50 -50 -51 51 -53 54 -55 55 -57 57 -59 -60 -61 61 -63
leaf_value=0.0013233618649695729 -0.0013680941162730962 0.0025385679902175744 -0.0018314039571563228 0.0060895915368825229 8.4562772904702745e-05 -0.0010012901997132066 0.0065173229414543345 0.0059095659667538205 -0.00052371789351341542 0.0032832442876909993 -0.00062070735042572356 0.00063132025612302111 0.0094145029958172602 0.0044453300404183986 -0.00051896317193651255 -0.00064518833726756467 0.0035435404246225927 -0.00010140002764340842 -0.00020136981054313829 -0.00090984120421866595 -0.00093408298342920529 0.0077676793090016988 0.0019810983269369538 0.00014520278034152445 -0.00064285462378001234 0.0034316906365154092 -4.7549459073738918e-05 0.00059120388474831335 0.0031713730005646723 -0.0008568364097897279 0.0047963054116825048 -0.00093428978582537562 -0.0010368935636277507 0.0028467064791417637 -0.0010478916012649573 -0.00052421667798656737 0.010628117177536806 0.00073168261679850571 -0.00025738507746742484 0.0082853616936025692 -0.0019248845999455427 0.0056578455778300667 0.0011012127309013707 -0.0042160677256846933 0.0087735564980857255 -0.0020596029414576018 0.0068002225036782509 -0.00020964647207080139 -0.00046491124843683559 0.0024295801243333212 0.0074054817125864536 -0.0038743790066928978 6.6518254546193037e-06 -0.0004628330774196222 0.0066155151072953321 -0.00071144259375442373 0.0019822509225399291 -0.0027235728980423129 0.00014733272379610112 0.0050988018514588332 0.00041674175502159753 0.0036524629733552709
leaf_weight=1237 96 41 1104 46 180 219 97 42 104 79 402 1180 41 45 794 2114 65 908 293 7345 65 50 55 564 3997 67 55 866 48 169 53 2729 116 49 56 127 42 69 2212 40 439 42 125 69 56 55 42 189 51 46 71 42 2263 46 42 226 73 75 101 59 453 174
leaf_count=1237 96 41 1104 46 180 219 97 42 104 79 402 1180 41 45 794 2114 65 908 293 7345 65 50 55 564 3997 67 55 866 48 169 53 2729 116 49 56 127 42 69 2212 40 439 42 125 69 56 55 42 189 51 46 71 42 2263 46 42 226 73 75 101 59 453 174
internal_value=-0.000397228 -0.000896786 -5.78835e-05 5.15761e-05 -7.72619e-05 -0.000212078 0.00329687 0.00717857 0.00132822 0.00372857 -0.000583702 0.00151084 0.00120062 0.00625 -0.001038 -0.000265132 -0.00135449 0.000911214 0.00120868 -0.00150361 0.000134714 0.00555555 0.00289256 -0.000284836 -0.000924869 0.00117209 0.00723577 -2.33633e-06 -4.12553e-05 0.00160207 0.0044266 -0.000757788 0.002 0.000379692 0.00062459 0.00352239 0.00680288 0.00983553 0.000456355 0.00640909 -0.00111056 0.00276724 0.00422885 0.000883999 0.00445026 0.00207407 0.00216543 0.00315611 0.00682143 0.0107865 0.00145214 0.00513158 0.00106541 0.00598958 0.000928756 0.00280762 0.0051282 0.00391586 0.0059188 0.00932331 0.000553441 0.0023328
internal_weight=32600 13175 19425 18321 17084 15748 319 139 782 339 443 1336 1290 235 12393 3601 8792 1487 483 8309 964 170 120 15429 4724 727 122 10705 605 386 217 3595 164 7110 6107 334 207 151 5773 109 1003 579 190 1249 190 134 537 441 139 88 302 113 3561 95 3466 576 350 308 233 132 2890 627
internal_count=32600 13175 19425 18321 17084 15748 319 139 782 339 443 1336 1290 235 12393 3601 8792 1487 483 8309 964 170 120 15429 4724 727 122 10705 605 386 217 3595 164 7110 6107 334 207 151 5773 109 1003 579 190 1249 190 134 537 441 139 88 302 113 3561 95 3466 576 350 308 233 132 2890 627
cat_boundaries=0 1 2 3 4 5
cat_threshold=19 1000 1543 2064 1072
is_linear=0
shrinkage=0.05


Tree=65
num_leaves=63
num_cat=10
split_feature=24 39 1 9 33 20 11 27 25 39 33 26 10 13 23 39 15 8 26 30 10 25 39 41 26 20 26 30 37 23 15 14 9 42 25 15 9 27 39 33 17 23 9 4 2 18 41 8 10 33 30 42 14 27 27 33 39 20 20 9 18 8
split_gain=1.63699 2.88034 1.67192 1.67685 1.38882 1.42448 1.18679 1.14166 1.32585 1.47016 1.55434 1.90979 1.37442 1.35563 1.41835 1.17682 1.25319 1.25414 2.51785 1.86576 1.39972 1.14128 1.32504 1.78886 1.56416 1.42739 1.51657 1.17344 1.2224 0.987275 0.979405 1.45265 0.975633 0.945373 0.938088 0.926312 1.81636 0.9237 3.0176 1.98261 1.58192 1.3988 1.2141 1.86454 2.15428 1.28781 1.21249 1.21079 1.80218 1.06683 1.12231 1.03438 0.936395 0.898562 0.897597 0.968248 1.34066 0.996224 0.914544 1.54912 1.69332 1.41145
threshold=0 1 0.033522710769933191 0.048332483987553451 34.764285714285727 0.15893171658034386 35.500000000000007 3.5000000000000004 2 3 27.050000000000004 36.500000000000007 -0.7010456419452139 2.2706234199953257 1.0000000180025095e-35 4 1.2328376439300568 0.14634154075865963 12.500000000000002 0.25000000000000006 -0.028600748494169267 5 6 1.3739406779661019 18.500000000000004 0.05695908718138578 17.500000000000004 114.30000000000003 57.500000000000007 -0.14012998019385756 -0.44179193428644531 0.081809725628055233 0.25704647033720945 0.90219990435198483 7 0.068992871486951365 0.25704647033720945 31.500000000000004 8 37.43571428571429 0.46731832863354927 -0.021938796013206249 0.082544645460972288 -0.006881850365983321 -1.0000000180025095e-35 0.16449955766750865 9.464102564102566 0.15616220473574685 -0.13936533679310956 29.964285714285719 13.250000000000002 0.69669913419913432 -0.91654383236045045 33.500000000000007 8.5000000000000018 27.264285714285723 9 -0.0051495396860876336 -0.063941743210297358 0.12461873887721776 0.80712106220364077 0.25536137234698869
decision_type=1 1 2 10 2 10 2 2 1 1 2 2 2 2 8 1 2 10 2 2 2 1 1 2 2 10 2 2 10 8 2 2 10 2 1 2 10 2 1 2 2 8 10 2 2 8 2 8 2 2 2 2 2 2 2 2 1 10 8 10 10 8
left_child=1 4 3 29 -1 -6 34 15 13 10 11 -10 -11 37 -15 32 17 18 19 -17 30 27 24 -24 25 26 -23 28 33 -2 -19 -32 -5 -4 -3 36 -22 38 39 47 -40 -42 43 44 45 -39 -43 48 -9 -50 -51 -44 -53 -54 -14 56 57 -56 59 -57 61 -61
right_child=2 6 21 7 5 -7 -8 8 9 12 -12 -13 54 14 -16 16 -18 20 -20 -21 35 22 23 -25 -26 -27 -28 -29 -30 -31 31 -33 -34 -35 -36 -37 -38 42 40 -41 41 46 51 -45 -46 -47 -48 -49 49 50 -52 52 53 -55 55 58 -58 -59 -60 60 -62 -63
leaf_value=0.00026914942477677012 0.001593628602135492 0.00015724225819789743 1.3674413601199796e-05 -0.00070361546904621581 0.0019366716545997837 0.010066788565487129 1.6030316702252508e-05 -0.0019362332880807878 -1.6701735775490812e-05 0.010379963393386231 -0.00086449634757994613 0.0033765963324005354 -0.00074896325157147682 0.0055195471706480891 0.0007838256064633402 0.0039712793122277917 -0.0012811387011749005 -0.0021413565344895863 -0.00085054175994180243 0.0011946022121921542 0.0088903356100081196 -0.00097854009929890999 0.0047947085613552261 -0.00023317293110200813 -0.0016895015394182032 0.003233257159651455 0.0026506849667072845 0.0017682146377277917 0.0010295846263504327 -0.0015284478620545437 0.0040126414518766836 -0.00083192525437320085 0.0069576383138161991 -0.0024713625700809698 -0.0012103227991447788 0.010218178792979635 -0.00040055651235597269 0.0031290241475225552 -0.00033142436195984049 0.0085762508119715235 -0.0009113972753639687 0.0050130079846279138 0.0025234085125250424 -0.0001114232468687821 0.0024150442852558796 -0.000935952176388479 0.0009382795916939436 0.00066640832007480559 0.0010628950769254039 0.01045894668441933 0.0019622392890871385 -0.0010208904646777847 -0.001499509590285923 -5.0149565870078636e-05 0.0072226595520211261 -0.00094283657572896348 -0.0011838435044974611 -0.00069412922258273429 0.00010883850540481939 0.0029515462564544009 0.0052943200477253947 -0.003825080935520659
leaf_weight=2637 40 263 279 315 729 48 1730 46 519 77 3870 78 680 49 67 40 52 78 256 63 47 457 50 7017 1228 79 41 63 40 645 88 54 46 1443 985 44 42 51 891 52 65 45 46 200 49 66 78 207 42 41 41 250 158 2399 89 99 442 218 2594 157 45 78
leaf_count=2637 40 263 279 315 729 48 1730 46 519 77 3870 78 680 49 67 40 52 78 256 63 47 457 50 7017 1228 79 41 63 40 645 88 54 46 1443 985 44 42 51 891 52 65 45 46 200 49 66 78 207 42 41 41 250 158 2399 89 99 442 218 2594 157 45 78
internal_value=-0.000398912 0.000318599 -0.000573233 -0.00024327 0.00130803 0.00316838 -0.000816328 -0.000132083 -0.000257072 -0.000617395 -0.00125838 0.00111204 2.33841e-05 0.00040894 0.00572649 0.00139876 0.00249032 0.00307153 0.00098611 0.00754808 0.00518361 -0.00105487 -0.000817293 -0.0005065 -0.00202368 0.000112456 -0.000881765 -0.00219227 -0.0024447 -0.00266035 0.00271493 0.00517482 -0.000954302 -0.00264655 -0.0019936 0.00921642 0.00616667 0.000278129 0.00129887 0.00478409 -0.000133029 0.00402116 -0.000200312 0.00250681 0.00640718 0.00266949 0.0071371 0.00361111 0.00672515 0.00984 0.0131325 -0.000548354 -0.000671297 -0.000385068 -9.31195e-05 0.000212193 -0.00139333 0.0011478 0.000617013 0.00290789 0.00480427 0.00307203
internal_weight=32688 6392 26296 15599 3414 777 2978 14914 13789 8946 4467 597 4479 4843 116 1125 764 712 359 103 353 10697 8872 7067 1805 577 498 1825 1762 685 220 142 361 1722 1248 133 89 4727 1508 429 1079 188 3219 366 166 117 123 377 170 124 82 2853 2807 2557 4402 3722 749 307 2973 379 280 235
internal_count=32688 6392 26296 15599 3414 777 2978 14914 13789 8946 4467 597 4479 4843 116 1125 764 712 359 103 353 10697 8872 7067 1805 577 498 1825 1762 685 220 142 361 1722 1248 133 89 4727 1508 429 1079 188 3219 366 166 117 123 377 170 124 82 2853 2807 2557 4402 3722 749 307 2973 379 280 235
cat_boundaries=0 1 2 3 4 5 6 7 8 9 10
cat_threshold=16 3857 3120 7426 4163 136 21 148 2306 648
is_linear=0
shrinkage=0.05


Tree=66
num_leaves=63
num_cat=10
split_feature=0 39 41 24 5 3 13 33 9 21 22 39 39 27 33 25 39 16 8 3 23 12 8 25 39 9 21 18 42 19 39 3 33 16 7 44 21 8 21 42 33 26 31 41 41 22 1 0 7 13 18 21 18 42 42 25 9 9 20 41 7 16
split_gain=1.70145 1.24341 2.21047 1.62632 2.01357 1.57676 1.70874 1.92485 1.38613 1.31406 2.48854 1.28485 1.23927 1.87623 1.19919 1.13603 1.72595 1.14679 1.13032 1.66651 1.26478 1.1226 1.1123 1.10444 1.56251 1.79423 1.22359 1.09247 1.31409 1.10164 1.05336 1.04171 1.65182 1.29091 1.03655 1.26145 1.03847 1.05137 1.33561 1.02551 1.30778 1.46992 0.991012 1.09654 1.16942 1.4377 1.05799 0.977169 1.09168 0.963611 0.962361 0.947163 1.75129 0.902925 0.898775 0.853817 0.852852 0.919576 1.11539 0.850254 1.40027 1.02708
threshold=-0.019802627296178873 0 4.719024122807018 1 7.3708308300299361 -0.11122563511022364 0.44000011199995531 28.835714285714285 0.05934345599332163 2001.6650000000002 0.93452507571743459 2 3 49.500000000000007 29.521428571428572 4 5 -0.85012692034221116 0.20940339941117511 0.37865624195708275 -0.23638877806423034 47.500000000000007 0.016376077632875127 6 7 0.056271469400063188 2915.5000000000005 -3.6581887824888137 0.8442887931034484 0.0023052839632412871 8 -0.020195125693583723 37.707142857142863 -0.23638877806423034 6.4986456384416789 0.18333333333333338 15050.000000000002 0.062349551356126728 6487.5000000000009 0.92172181372549034 28.764285714285723 16.500000000000004 0.15000000000000005 3.7338541666666671 411.66383101851869 0.14450460632992171 -0.084557388028062327 0.27541337359013213 7.7360934981618135 0.35054508828060199 0.2425373340460216 1611.2500000000002 -0.55560743673019575 0.96638418079096056 0.72804314329738073 9 0.064618683258669971 0.080927263984110195 -0.026948178634964192 306.04687500000006 7.2454045308302293 0.82924853729383441
decision_type=2 1 2 1 2 2 2 2 10 8 10 1 1 2 2 1 1 2 10 2 8 2 10 1 1 10 10 10 2 2 1 2 2 2 2 2 8 8 8 2 2 2 2 2 2 8 2 2 2 2 10 10 10 2 2 1 10 10 10 2 2 2
left_child=23 2 9 4 12 6 7 -4 -8 10 -2 -6 18 -14 47 16 -5 -17 19 20 -3 -9 -7 24 -1 -26 42 28 -19 30 -29 32 33 -16 -18 -36 37 38 -37 40 -38 -42 43 -25 45 46 -45 48 50 -50 -13 52 -51 -47 -32 -20 -44 58 -58 -31 61 -61
right_child=1 3 5 15 11 22 8 21 -10 -11 -12 14 13 -15 31 17 34 27 55 -21 -22 -23 -24 26 25 -27 -28 29 -30 59 54 -33 -34 -35 35 36 39 -39 -40 -41 41 -43 56 44 -46 53 -48 -49 49 51 -52 -53 -54 -55 -56 -57 57 -59 -60 60 -62 -63
leaf_value=-0.0010992232319957061 0.0045859723427931374 -0.0012962410748395368 0.0018791986205914325 -0.0017805612994944632 -0.0013375981552892849 -0.0026354948582617633 0.0018159245974165264 0.0024070502844924591 -0.00088704084882028312 -0.000239116000091137 -1.9795987656230993e-05 0.0040362746982586456 0.0020362906122774332 0.007870478018112765 0.00266552359394083 -0.0020690023615311886 0.076878213075439544 -0.00063024248461122326 0.0065803675658178797 0.013484817512497433 0.0020706506054278327 -0.00068992236435381712 -0.00093549659942823195 -0.0030636887013643505 0.0023657378953351243 -2.4690824724545356e-05 -0.00021518985192348525 -0.0012650165995342498 0.0082325935273197103 -0.00085135089667036335 0.0078144205662410565 -0.0012521878999108733 0.0038073599516994408 -0.00075132280134026879 -0.0011641918233965801 0.0061060199057546699 -0.002093149942069016 -0.0015694826251838518 -0.0017991411624697588 0.008329629965909021 0.00024277709761223845 0.0031258150192445197 -0.00038058728606593509 0.00079910154351222175 -0.0005947276486163403 0.0034741106013061458 0.0062164263575375973 -0.0040131741058718222 -0.0015171776120170804 0.0057719312910763749 0.00036787540757172792 0.00021817027167071753 0.00075476410794563518 -0.00037022198006308646 0.00018139230298102086 -0.0012147140099622979 0.0063270607136740251 0.00017637070211718199 0.00033501757795245484 0.0005430380505335458 -0.002842779673744369 0.0072166220875676604
leaf_weight=1893 60 56 66 1857 531 628 42 45 583 149 69 40 53 55 57 670 66 54 115 40 178 48 4169 46 47 2227 2789 427 46 2648 53 521 50 170 1797 51 92 357 41 55 100 42 367 42 61 83 40 59 93 55 40 299 118 60 2584 141 49 5070 266 110 117 42
leaf_count=1893 60 56 66 1857 531 628 42 45 583 149 69 40 53 55 57 670 66 54 115 40 178 48 4169 46 47 2227 2789 427 46 2648 53 521 50 170 1797 51 92 357 41 55 100 42 367 42 61 83 40 59 93 55 40 299 118 60 2584 141 49 5070 266 110 117 42
internal_value=-0.000535236 -0.000828015 -0.00143867 -0.000568715 0.000538776 -0.00165801 0.000420381 0.00503125 -0.000758787 0.00290322 0.00657692 -0.000228615 0.00298904 0.00764706 0.00052214 -0.000832889 -0.00145223 -0.000422214 0.00184843 0.00410909 0.00246808 0.000372339 -0.00199771 -9.20187e-05 -0.000762328 0.000122537 0.000223434 -0.000206348 0.00495049 -0.000293381 0.000368677 -0.000801002 0.00167266 -0.00015351 -0.000614473 -0.000778787 0.000960757 -0.000544446 0.00419355 0.0032931 0.00182979 0.00482517 0.000621198 0.00327327 0.00442509 0.00608407 0.0113253 0.00202837 0.00259288 0.00181095 0.00802469 0.00272727 0.00566092 0.00302083 0.000742068 -0.000505838 0.000467581 0.000626623 0.00324367 -0.000988692 0.00168518 0.0048366
internal_weight=32779 19739 5859 13880 2671 5581 784 159 625 278 129 2033 638 108 1502 11209 4458 6751 530 274 234 93 4797 13040 4167 2274 8873 6081 100 5981 3064 798 277 227 2601 2535 738 449 92 289 234 142 6084 332 286 225 82 704 645 565 80 472 173 143 2637 256 5752 5385 315 2917 269 152
internal_count=32779 19739 5859 13880 2671 5581 784 159 625 278 129 2033 638 108 1502 11209 4458 6751 530 274 234 93 4797 13040 4167 2274 8873 6081 100 5981 3064 798 277 227 2601 2535 738 449 92 289 234 142 6084 332 286 225 82 704 645 565 80 472 173 143 2637 256 5752 5385 315 2917 269 152
cat_boundaries=0 1 2 3 4 5 6 7 8 9 10
cat_threshold=150 16 2312 2304 395 6656 135 3330 1 1132
is_linear=0
shrinkage=0.05


Tree=67
num_leaves=63
num_cat=8
split_feature=10 39 41 39 13 23 14 25 27 41 10 41 9 14 41 27 33 13 12 16 44 21 4 9 16 14 9 9 38 30 13 39 27 38 26 11 8 41 8 10 9 30 2 42 26 13 21 12 14 25 41 13 42 23 2 39 41 16 30 4 27 9
split_gain=1.85312 2.1687 2.13931 1.91273 1.76216 2.90087 1.78115 1.69289 1.77678 1.83084 1.84874 1.74974 1.85161 1.08622 1.48066 2.39242 1.05749 1.07806 2.12785 1.03055 1.6735 1.38922 1.38725 1.32899 1.31786 1.23573 1.61864 1.34977 1.20593 1.55476 1.23199 1.20401 1.19124 1.83527 2.0642 1.16335 1.34976 1.13687 1.37335 1.1396 1.12841 1.09579 1.03002 1.37544 2.07274 1.40878 1.01168 1.34642 1.26652 1.12013 1.78675 1.99764 1.7259 2.41259 1.94315 1.15777 1.0771 1.12047 1.07329 1.11475 1.12854 1.08405
threshold=0.06980611589899112 0 5.401612903225808 1 1.2500012784105439 -0.65795635758647386 0.23673521182040871 2 3.5000000000000004 2145.3784696174048 0.28264257637277806 180.04456339913017 0.20956818109518596 -0.22432293345846152 34.210028248587584 33.500000000000007 28.007142857142863 1.0256420512820514 51.500000000000007 0.057537173150834293 0.35416666666666669 10512.500000000002 -0.041964228453280843 0.15052987134244802 0.73931195639303871 -0.1053605156578263 0.075393208810132464 0.58029885864765562 3 101.70000000000003 0.64285755284308865 4 3.5000000000000004 5 11.500000000000002 6.5000000000000009 0.13767310275627168 35.029582693292376 0.30507935163442995 -0.053807081925425042 0.12649558306562816 1.3500000000000003 0.30964619237155994 0.88352713178294584 23.500000000000004 0.72222236111111127 3650.4700000000007 39.500000000000007 0.17185025692665926 6 1.9346044191019247 0.85714230055730922 0.90521114106019784 -0.53101007620481877 -0.092397536360383267 7 1.6457578372159916 -0.69757197376320412 11.850000000000003 -0.40546485810822736 18.500000000000004 0.10470958349530034
decision_type=2 1 2 1 2 8 2 1 2 2 2 2 10 2 2 2 2 2 2 2 2 10 2 8 2 2 8 8 1 2 2 1 2 1 2 2 8 2 10 2 10 2 2 2 2 2 10 2 2 1 2 2 2 10 2 1 2 2 2 2 2 10
left_child=1 2 -1 4 7 -6 13 -2 9 10 11 12 -9 -7 15 -15 17 -10 -19 25 21 28 -22 -23 -24 27 -27 -3 35 31 -31 37 33 34 -28 36 -21 -30 39 -39 -36 -29 43 44 45 -18 48 56 49 50 -34 58 -53 54 -54 -51 -48 -58 61 -60 -61 -52
right_child=3 19 -4 -5 5 6 -8 8 16 -11 -12 -13 -14 14 -16 -17 42 18 -20 20 22 23 24 -25 -26 26 32 41 29 30 -32 -33 46 -35 40 -37 -38 38 -40 -41 -42 -43 -44 -45 -46 -47 47 -49 -50 55 51 52 53 -55 -56 -57 57 -59 59 60 -62 -63
leaf_value=0.0029502824223825836 -0.0016024436668699363 -0.0001239675754103952 -0.00078865229005996957 -0.0011535677171156374 0.0097559579468988848 -0.00044236250071451376 -0.0013811374102029241 0.0060047475341519696 0.00012920725347267229 0.0023900919407537349 -0.0013622238985517587 -0.0019283644410774737 0.0041033187803889027 0.00093115720736183208 0.0010174760710190789 0.0070104749433538092 0.00096086648624252042 0.0053587005271963336 1.5182801143848657e-05 0.0024459396534940087 0.00038590120405446003 0.0038244478251776891 0.0021350434333434342 0.00081892637926302993 0.0053582916011355834 -0.00032393541388153101 0.007279748916341206 0.00093324302992867547 -0.00038905313583066132 -0.0007715771377423997 0.0034433517433332624 -0.00083990808604725959 0.0057819869679379392 -0.00022664236411515894 0.0045677742710264714 -6.7659599885699814e-05 0.0019025866364489798 0.034103293258254973 -0.0062342746237672502 0.0019469222351351117 9.8045380879303656e-05 0.0041762965288583724 -0.0019232218336211826 -0.00053987909972908355 -0.0011539789051633687 0.0054361514417212917 -0.0010965578274285536 -0.00068504635800848118 0.00010767089011205816 0.0015290769950662966 0.00065855815068987611 -0.0015961901119698023 0.013361197620696178 0.0016072028686581977 0.0042887795892723769 3.4519775421124167e-05 -0.0019416176231822646 0.0020432680014999941 0.0056350212281400004 -0.00031025349986838087 0.0035121849932628507 -0.0012477493414435941
leaf_weight=196 1615 4584 2717 4696 60 175 225 61 907 45 132 57 72 44 266 53 146 40 80 49 150 76 55 151 42 680 59 45 296 60 63 3354 75 166 59 3021 106 57 46 55 85 41 763 2116 121 53 61 834 1351 397 75 54 51 101 43 853 50 331 56 88 104 294
leaf_count=196 1615 4584 2717 4696 60 175 225 61 907 45 132 57 72 44 266 53 146 40 80 49 150 76 55 151 42 680 59 45 296 60 63 3354 75 166 59 3021 106 57 46 55 85 41 763 2116 121 53 61 834 1351 397 75 54 51 101 43 853 50 331 56 88 104 294
internal_value=-0.000390428 -0.000109596 -0.00137312 -0.000894016 -0.000369925 0.00180218 0.000962041 -0.000658722 -0.000166161 0.00316576 0.00182662 0.00497382 0.00809701 0.00252319 0.00407967 0.00933673 -0.00045659 0.000938715 0.0053719 9.43228e-05 -0.000350173 -0.000486709 0.00368951 0.00335526 0.00831633 0.000414214 0.000897238 -0.000192679 -0.000609877 -0.00119356 0.00431451 -0.00137569 0.00119796 0.00393243 0.00693925 0.000116095 0.00432692 0.00103226 0.00446541 0.00743363 0.004 0.00597701 -0.000904689 -0.000402135 0.00264797 0.005775 0.000987756 -0.000219265 0.00142252 0.00216469 0.00346113 0.0028489 0.00662 0.00880102 0.0145263 0.00114988 0.00200903 0.00299738 0.00131877 0.00385542 0.00202072 -0.000391893
internal_weight=32758 21031 2913 11727 7031 823 763 6208 4593 367 322 190 133 538 363 97 4226 1027 120 18118 7581 7334 247 227 97 10537 5867 4670 7107 3931 123 3808 5187 369 203 3176 155 454 158 112 144 86 3199 2436 320 199 4818 1276 3542 2191 941 866 249 195 94 1250 442 381 617 248 192 369
internal_count=32758 21031 2913 11727 7031 823 763 6208 4593 367 322 190 133 538 363 97 4226 1027 120 18118 7581 7334 247 227 97 10537 5867 4670 7107 3931 123 3808 5187 369 203 3176 155 454 158 112 144 86 3199 2436 320 199 4818 1276 3542 2191 941 866 249 195 94 1250 442 381 617 248 192 369
cat_boundaries=0 1 2 3 4 5 6 7 8
cat_threshold=130 3970 1161 9 48 6 1944 4673
is_linear=0
shrinkage=0.05


Tree=68
num_leaves=63
num_cat=12
split_feature=0 39 9 19 16 23 24 10 13 13 25 24 41 2 19 20 18 4 23 0 5 5 23 13 20 39 27 23 19 42 9 18 10 11 25 16 2 3 25 18 33 39 3 0 39 33 13 11 23 25 31 4 9 13 31 10 25 0 39 33 41 0
split_gain=1.71284 1.48392 1.83082 1.63026 1.58233 1.57642 1.23766 1.371 1.15502 1.13073 1.10426 1.10029 1.4785 2.13055 1.086 1.0749 1.40969 1.60003 1.17619 1.41536 1.07289 3.08958 1.02944 1.06074 1.16518 1.00914 1.33263 1.99642 1.17827 1.00682 0.976309 1.22007 1.24161 1.06541 0.990453 1.2574 0.90996 0.909567 1.15545 1.32674 0.874843 0.945211 1.23005 1.45831 0.936299 1.97377 1.87397 1.12742 1.14418 1.3794 1.59537 1.23538 1.33178 0.943136 1.10817 0.907556 0.860888 0.968666 1.08629 1.13902 0.857997 0.897885
threshold=0.00561448733626957 0 0.076330619672562536 0.64762975858448568 0.036133568492530806 -0.0095448924635248549 1 -0.33952613894097622 0.30943300533889539 1.0256420512820514 2 3 5108.6447192796622 0.053784062562007857 -0.24646606873472079 -0.027518350781577525 1.4069294572266793 -1.0000000180025095e-35 -0.23638877806423034 0.24916741467072748 7.7403763504393472 7.4404266971730557 -0.25084347297498727 1.2000015000037503 -0.040530482851007209 4 3.5000000000000004 -0.12861737782209356 -0.21644671803717383 0.60188679245283028 0.49656521655736979 0.87484446628251411 -0.078140898330485417 62.500000000000007 5 -0.27027097952028373 -0.51082562376598994 -0.17464067589322815 6 -1.8876798732004116 37.26428571428572 7 -0.039220713153281121 0.26826398659467948 8 26.021428571428576 0.67417542587894175 42.500000000000007 -0.23050888864000105 9 76.100000000000009 -0.28622520336252583 0.17242152196079291 0.51646960634302419 0.15000000000000005 0.10834251511497374 10 -0.20479395810076537 11 35.50714285714286 2.579473684210527 -0.077758347428964467
decision_type=2 1 10 2 2 10 1 2 2 2 1 1 2 2 2 10 10 2 8 2 2 2 10 2 10 1 2 8 2 2 10 10 2 2 1 2 2 2 1 10 2 1 2 2 1 2 2 2 10 1 2 2 10 2 2 2 1 2 1 2 2 2
left_child=1 2 14 5 22 6 7 9 -2 -3 -7 12 36 -14 -1 16 18 -18 19 20 21 -13 37 24 -24 26 27 -17 -28 -8 31 32 33 -26 35 -34 -10 -4 -39 -40 44 -42 -43 -44 45 46 -38 -47 49 50 -49 52 -50 -51 -55 -46 57 -9 59 -59 61 -31
right_child=8 3 4 -5 -6 10 29 56 11 -11 -12 15 13 -15 -16 25 17 -19 -20 -21 -22 -23 23 -25 30 -27 28 -29 -30 60 -32 -33 34 -35 -36 -37 40 38 39 -41 41 42 43 -45 55 47 -48 48 51 53 -52 -53 -54 54 -56 -57 -58 58 -60 -61 -62 -63
leaf_value=0.0011353834346436813 -0.001297545869064438 0.0043835516636105357 -0.0008545074494000802 0.012298540327018923 -0.00086357649298239374 7.2516353567322658e-05 0.0047093818817735642 0.0043022569419798378 0.0034864691933035861 -0.0021180623988355644 -0.00037912027511866921 0.00025799828793751227 -0.0012373904852461593 0.0020969756245871312 -0.0021427567855197218 0.010678830276062014 0.0054303818934471311 -0.00041780709440886399 -0.00079506853648452695 -0.0043067218855042137 0.00035696273340909897 0.0057693249782434213 -0.0006343700360121982 -0.00035815316182121696 0.0053005032469211092 -0.0011538182285159471 0.0076471279112563968 -0.0011610521089639287 -0.00088347148539013286 -0.0014569800076023685 -0.000380086285674707 0.0030468555968143091 0.0034533940427922435 0.00074632921915333285 -0.00080509256919219629 0.0010410999223944971 1.7653812740750278e-05 -0.00081045848584399569 0.0025498680663089725 0.00067409187285520579 -0.00040469187683673337 0.0048753896579746348 -0.00019155020714954052 0.0093014339595018335 -0.00020985742753728862 -0.00087732564223102182 0.0047524035176157824 0.0013046958806183021 0.0057199031343865073 0.0021846130391915976 0.0060349564396757448 -0.00066557208739526454 -0.0018329247107584101 0.0030386914284980483 -0.0011969746053456906 -0.0015148356732013002 -0.0012723053463566992 0.0031222479258339432 -0.00061596830603345037 -0.000688801461522024 0.00047967928517940429 0.00019112635148971154
leaf_weight=46 1280 133 309 49 1248 2601 67 74 47 59 3413 106 50 58 1029 43 59 72 1411 103 135 43 87 109 65 4272 51 66 1082 314 75 40 40 65 100 60 61 276 44 316 287 71 228 58 1323 943 50 85 43 61 40 417 42 43 174 1090 1077 68 398 40 6291 357
leaf_count=46 1280 133 309 49 1248 2601 67 74 47 59 3413 106 50 58 1029 43 59 72 1411 103 135 43 87 109 65 4272 51 66 1082 314 75 40 40 65 100 60 61 276 44 316 287 71 228 58 1323 943 50 85 43 61 40 417 42 43 174 1090 1077 68 398 40 6291 357
internal_value=-0.000451062 -0.000140577 -0.00100638 8.66093e-05 -0.000342153 5.64011e-05 0.000479783 -0.000669356 -0.000872257 0.00331606 -0.00056858 -0.000726914 -0.000164995 0.00559633 -0.00276487 -0.00111551 -0.000101037 0.00488636 -0.000466927 0.00197165 0.00378947 0.0067 0.000705733 0.00225078 0.00317073 -0.00147235 -0.000207503 0.00504545 -0.000718696 0.000781959 0.00420403 0.00525606 0.00422961 0.00801527 0.00174129 0.00495495 -0.000289298 -0.000343553 0.000737832 0.00256065 -0.000354795 0.00136434 0.00302989 0.00163763 -0.000608279 0.000205583 0.00665178 -0.000183884 0.00107616 0.00305693 0.00716912 -0.0005169 0.00494186 0.000899653 -0.000619267 -0.00126444 -0.00113691 0.000423011 -0.000355031 0.00386555 0.000723825 -0.000974704
internal_weight=32744 18850 3909 14941 2834 14892 8878 1849 13894 192 6014 12614 5171 108 1075 7443 1929 131 1798 387 284 149 1586 641 532 5514 1242 109 1133 7029 445 370 330 130 200 100 5063 945 636 360 5016 644 357 286 4372 1959 111 1848 905 403 125 502 85 278 217 2413 1657 580 506 108 6962 671
internal_count=32744 18850 3909 14941 2834 14892 8878 1849 13894 192 6014 12614 5171 108 1075 7443 1929 131 1798 387 284 149 1586 641 532 5514 1242 109 1133 7029 445 370 330 130 200 100 5063 945 636 360 5016 644 357 286 4372 1959 111 1848 905 403 125 502 85 278 217 2413 1657 580 506 108 6962 671
cat_boundaries=0 1 2 3 4 5 6 7 8 9 10 11 12
cat_threshold=210 8 2161 17 728 179 1204 5698 5666 3600 150 4097
is_linear=0
shrinkage=0.05


Tree=69
num_leaves=63
num_cat=8
split_feature=8 13 13 25 39 7 41 17 8 9 39 4 27 2 8 39 24 8 18 9 40 31 13 5 27 1 12 21 31 9 19 39 5 0 31 16 25 31 24 4 19 18 21 13 12 19 21 21 5 7 1 5 8 3 37 4 17 31 33 17 31 3
split_gain=1.38559 1.692 1.57825 1.54205 2.64869 2.0018 1.78853 2.86601 1.71275 1.59786 1.65081 2.44767 1.62418 1.58287 1.48226 1.33503 1.26949 1.63479 2.15631 1.35514 1.29035 1.25177 1.30965 1.23487 1.21135 2.25525 1.78097 1.64921 1.73939 1.87186 1.99606 1.44738 1.29508 1.17128 1.24668 1.58537 1.15544 1.77244 1.12976 1.18655 1.12654 2.59136 1.09659 1.52897 1.08256 1.84574 1.3947 1.07877 1.23697 1.07034 1.27936 1.02297 1.02161 1.01891 1.01834 1.0164 1.01022 1.01012 0.989409 1.20853 0.986106 0.974257
threshold=1.0000000180025095e-35 0.51646960634302419 0.37500011718757331 0 1 7.8934256214724385 97.248076923076937 1.1550608111314131 0.07797400143447944 0.16907085431618929 2 -0.24818213682811405 45.500000000000007 -0.080042323058004058 0.44922748177134292 3 4 0.08784371839366821 -0.5082660007719263 0.078117961161406332 1.5000000000000002 321.45000000000005 1.8000005142860085 8.1578116883061789 31.500000000000004 0.25782910930209951 16.500000000000004 2081.5000000000005 83.300000000000011 0.13110305708541714 -0.035657702635831019 5 7.2378223877243864 0.066691374498672143 4.6500000000000012 -1.9433628468285908 6 57.250000000000014 7 -1.0986122886681102 -0.020590073088188356 0.87484446628251411 931.25000000000011 0.68135301705173823 47.500000000000007 0.0042065369877279588 2552.5000000000005 1400.8350000000003 7.9094165950889659 7.164808909116041 0.4312697550267553 7.7152008643171959 0.057000958331867697 -0.38463288346603614 42.500000000000007 -0.15600260518741746 0.41863706124619149 334.55000000000001 34.464285714285722 -1.0000000180025095e-35 174.95000000000002 -0.15123237323072611
decision_type=8 2 2 1 1 2 2 2 10 10 1 2 2 2 10 1 1 10 10 10 2 2 2 2 2 2 2 8 2 10 2 1 2 2 2 2 1 2 1 2 2 10 10 2 2 2 10 8 2 2 2 2 8 2 10 2 2 2 2 2 2 2
left_child=1 23 33 5 21 8 9 -8 58 10 40 51 -11 47 -9 -7 -10 18 -18 -19 -20 22 38 -1 25 26 -21 28 29 -28 32 36 -31 34 35 -2 37 -26 39 -5 41 52 43 -23 -38 46 -46 -13 -49 50 -27 -12 -6 60 -44 -32 -41 -33 -4 -60 -36 -17
right_child=2 -3 3 4 6 15 7 14 16 12 11 13 -14 -15 -16 61 17 19 20 24 -22 42 -24 -25 31 49 27 -29 -30 30 55 57 -34 -35 53 -37 44 -39 -40 56 -42 -43 54 -45 45 -47 -48 48 -50 -51 -52 -53 -54 -55 -56 -57 -58 -59 59 -61 -62 -63
leaf_value=0.0031213181161724255 0.004416527146612728 -0.0024080117890345827 -0.00065646627263388343 0.0032720668396718959 0.00211109836779303 -0.0015031781944370567 -0.00074418921998335675 0.006365289766596751 -8.8584783968417044e-05 0.00042756960387225834 0.00039681889347276063 0.0039015637380067311 -0.0013417371373422955 0.0021301933492641669 -0.0020833033080516566 0.00053973477803315249 0.011010640866085011 0.0027100344604481319 0.0013892248542830938 -9.4949891193673032e-05 -0.00027162911815947207 0.0068717586448092784 0.0022946720568749741 -0.00055956997622889167 0.00069277928464845403 -0.0010372734926662572 0.0016773079592788871 0.00091374907687171748 0.0016688819052630968 0.010597908501413561 0.0055582608946651456 -0.00048900015579810062 0.0081791644275305622 -0.0019261732906796184 0.0063101426488388363 6.6897082305246785e-05 -0.00016451816878860158 0.0043536853756320276 -0.0011049578995051379 -6.8177375813172568e-05 -0.00043673352184388616 0.003631200294602946 -0.00095058665484344044 -0.00017222060980804805 0.0061089126597405376 -8.9058387861065897e-05 0.00062105978878062131 -0.00029618586951615442 0.0056829156236376582 -0.0023413963759979632 0.0040499550867710348 -0.0017978968941045688 2.5954588750457497e-05 -0.00063801480940014154 0.0017211436261621305 0.003091587323673429 -0.0019162114637387316 0.0055339685612360856 0.0011515314264330882 -0.00075298925963223392 -0.0028055852570119857 -0.00030285418544095661
leaf_weight=51 52 634 809 62 80 413 2273 81 1213 2111 80 43 1302 561 41 935 43 67 103 408 90 57 117 99 85 109 80 832 241 42 40 1180 42 1272 78 880 435 62 4519 2149 855 66 214 53 80 123 60 49 82 259 77 108 426 1976 41 90 708 42 121 172 55 3265
leaf_count=51 52 634 809 62 80 413 2273 81 1213 2111 80 43 1302 561 41 935 43 67 103 408 90 57 117 99 85 109 80 832 241 42 40 1180 42 1272 78 880 435 62 4519 2149 855 66 214 53 80 123 60 49 82 259 77 108 426 1976 41 90 708 42 121 172 55 3265
internal_value=-0.000370558 -0.00244586 -0.000319494 -0.000180456 -0.000496614 0.00026108 0.000135878 -0.0010121 0.000800028 0.000613288 0.00161633 0.00324946 -7.76228e-05 0.0045856 0.00642276 -0.000545081 0.00114318 0.00152141 0.00556962 0.00130425 0.00327319 -0.0011474 -0.00128706 0.00231788 0.00119286 0.0020036 0.00280124 0.00366593 0.00583022 0.00840678 0.0108372 0.000321566 0.0168235 -0.00120886 -0.000675544 0.00084673 0.00189836 0.00579114 -0.00136981 -0.000595564 0.000531988 0.00225131 0.00170765 0.00585585 0.00100141 0.00354167 0.00744681 0.00874286 0.00640151 -0.00117713 0.00171123 -0.00179894 0.00102564 -0.00134834 -9.76574e-05 0.00687023 -0.000747027 -0.00077859 -0.00100635 0.00147959 0.00287313 -0.000273095
internal_weight=32693 784 31909 27596 16078 11518 8158 2395 6905 5763 2350 923 3413 735 122 4613 5803 4590 236 4354 193 7920 7555 150 4287 2220 1775 1367 535 294 214 2067 84 4313 3041 932 845 147 7438 2919 1427 572 365 110 698 263 140 174 131 445 186 188 506 2109 255 130 2857 1222 1102 293 133 4200
internal_count=32693 784 31909 27596 16078 11518 8158 2395 6905 5763 2350 923 3413 735 122 4613 5803 4590 236 4354 193 7920 7555 150 4287 2220 1775 1367 535 294 214 2067 84 4313 3041 932 845 147 7438 2919 1427 572 365 110 698 263 140 174 131 445 186 188 506 2109 255 130 2857 1222 1102 293 133 4200
cat_boundaries=0 1 2 3 4 5 6 7 8
cat_threshold=2864 7202 153 2114 8 5637 2048 17
is_linear=0
shrinkage=0.05


Tree=70
num_leaves=63
num_cat=4
split_feature=37 35 35 16 9 10 41 6 13 26 9 41 21 2 40 10 30 31 4 30 9 18 26 39 41 33 33 4 12 30 38 39 26 9 12 41 6 12 10 5 6 26 39 10 3 13 20 18 2 14 14 0 13 17 31 1 41 31 21 33 12 26
split_gain=1.93968 1.54071 2.49284 2.4471 1.35479 1.51668 2.2288 1.41929 1.39979 1.73296 1.32102 1.14055 1.22484 1.56782 1.15911 1.32641 1.16793 1.12212 1.04217 1.68486 1.02538 1.00418 1.46791 1.08252 0.904827 0.898981 1.73177 0.895231 0.846695 1.38087 1.22473 1.17045 1.13191 1.07344 1.1354 2.64185 1.05258 0.974505 1.16462 1.46083 1.06009 0.905925 0.886905 0.861727 1.26425 1.36324 0.860478 0.900212 1.35013 0.859812 1.85349 0.841264 1.10214 0.837209 0.82005 0.815351 0.800563 0.781546 0.779637 0.777855 0.776619 0.773623
threshold=37.500000000000007 0.01341434913174557 0.15203040681681787 -0.22314355131420965 0.02546646264633946 0.060122863532056321 5784.8078958333344 8.6603368176908031 0.91085955729330903 49.500000000000007 0.25528033990991811 16.743983614951361 985.50000000000011 -0.13857134605667107 4.5000000000000009 0.092309398860379158 1.9500000000000004 3.7500000000000009 1.2039728043259366 24.150000000000006 0.58029885864765562 0.42130695709735816 3.5000000000000004 0 12.455000000000002 27.835714285714289 28.978571428571435 0.22314355131421018 83.500000000000014 107.00000000000001 1 2 12.500000000000002 0.090153330192822997 56.500000000000007 851.52409090909111 7.0417015658163384 57.500000000000007 -0.46134942823948538 7.9322041139128494 8.0606922370159886 50.500000000000007 3 -0.01215357453406085 -0.16705408466316604 0.83999916000168007 -0.15216942608009443 1.3101858397715864 -0.39589565709201308 -0.41746679586635155 -0.044230550754268176 -0.21611789971867387 0.60994613571780032 -0.1772640669459444 417.55000000000007 0.10536076565776399 339.27528248587572 267.50000000000006 22750.000000000004 31.664285714285715 28.500000000000004 24.500000000000004
decision_type=8 2 2 2 8 2 2 2 2 2 10 2 10 2 2 2 2 2 2 2 8 8 2 1 2 2 2 2 2 2 1 1 2 10 2 2 2 2 2 2 2 2 1 2 2 2 10 8 2 2 2 2 2 2 2 2 2 2 10 2 2 2
left_child=-1 4 3 -3 -2 20 7 8 11 18 -11 12 13 -7 15 16 -15 -17 -10 -20 28 53 -23 -24 27 -22 -27 -19 29 31 -31 32 -6 42 -35 37 -32 40 39 -39 -36 -40 -33 44 -44 -46 -34 61 -49 -38 57 -28 -53 -14 -30 60 -50 -51 -9 -4 -52 -48
right_child=1 2 59 -5 5 6 -8 58 9 10 -12 -13 21 14 -16 17 -18 24 19 -21 25 22 23 -25 -26 26 51 -29 54 30 36 33 46 34 35 -37 49 38 41 -41 -42 -43 43 -45 45 -47 47 48 56 50 55 52 -54 -55 -56 -57 -58 -59 -60 -61 -62 -63
leaf_value=-0.00092351521180890665 -0.002075529223774041 0.0024655673057947317 -0.0018548847376313614 0.00029135612220019765 -0.0010672174920084126 0.0023167997567604139 0.002691910858891288 -0.0018574231616633225 -6.7060993787474294e-05 0.0011799913200527352 0.0036456557354067674 -0.0008453764118886058 -0.00026122734597037789 0.00015783636627804103 0.0068593221967707804 -0.0032971034623646834 0.00641101570043135 0.0018672360592440762 -0.0019512413298323258 0.004054107753449547 -0.0016110652644076677 0.0045769512758702651 0.0026810433010860026 -0.0004899395912716832 0.0026808826895868602 0.0066419103722876616 -0.002096359242418563 -0.0013195411211742887 -0.00045371902690738235 -0.0012830528292329846 0.0039731121842176368 -0.0013776937138456655 0.010785334354866276 7.73571528260141e-06 -0.00018350593732204901 0.015728389831554588 -0.00079575737550507432 0.0039460407941619511 0.00025556202045857573 -0.00032888301192955747 0.0057925771370794937 0.0084410251232802398 -0.00094013756761468894 -0.00048730719833867955 0.00027406020438789958 0.0066208366027079874 0.00023394964644813906 0.0037534973159587884 -0.00057672456934109936 0.0021480686846472425 0.001437628147193489 -0.0017216667851205161 0.040625211656778855 -0.0016623098957325795 0.0029515462640191418 0.004575026839534849 0.0025651316757345044 0.0046500910289243502 0.00076312372595333975 0.00092206800841395796 -0.0010902494408816564 -0.00061604565179740247
leaf_weight=1271 374 41 71 52 1357 40 62 1687 2451 58 56 4361 744 63 48 203 40 120 74 66 89 67 108 637 42 62 107 234 2881 142 65 636 48 5654 47 51 55 40 2655 46 54 59 130 684 574 50 960 41 187 41 60 46 134 599 40 43 59 46 50 43 154 1819
leaf_count=1271 374 41 71 52 1357 40 62 1687 2451 58 56 4361 744 63 48 203 40 120 74 66 89 67 108 637 42 62 107 234 2881 142 65 636 48 5654 47 51 55 40 2655 46 54 59 130 684 574 50 960 41 187 41 60 46 134 599 40 43 59 46 50 43 154 1819
internal_value=-0.000448154 -0.000370859 0.00391827 0.00994681 -0.000399349 -0.000363114 -0.000808569 -0.000858798 -0.000629745 0.000341832 0.00634782 -0.000989463 -0.000229125 0.00145385 0.000932089 0.000412517 0.005625 -0.000491668 7.52303e-05 0.00425532 -8.78811e-05 -0.000846476 0.000541204 -0.000100537 0.00105793 0.00230068 0.00344286 0.000225351 -0.000144013 9.50705e-07 0.00233937 -9.27282e-05 -0.000770862 0.000191749 0.000438014 0.00123264 0.00353684 0.00103205 0.000856836 0.00655172 0.00583333 0.000674032 -0.000828917 -0.000131126 0.00103311 0.001968 -0.000247192 -0.000352137 0.00230903 0.0026375 0.00356522 0.00178819 0.0038674 -0.00168527 -0.000925737 0.00141473 0.000890687 0.00982954 -0.00217779 -0.00104348 0.000139534 -0.000627699
internal_weight=32778 31507 207 93 31300 30926 11810 11748 10011 2705 114 7306 2945 790 750 702 103 599 2591 140 19116 2155 812 745 396 438 349 354 18678 15757 606 15151 4471 10680 8606 2952 464 2901 2800 86 101 2714 2074 1438 754 624 3114 3066 287 399 344 287 180 1343 2921 257 246 87 1737 114 214 2779
internal_count=32778 31507 207 93 31300 30926 11810 11748 10011 2705 114 7306 2945 790 750 702 103 599 2591 140 19116 2155 812 745 396 438 349 354 18678 15757 606 15151 4471 10680 8606 2952 464 2901 2800 86 101 2714 2074 1438 754 624 3114 3066 287 399 344 287 180 1343 2921 257 246 87 1737 114 214 2779
cat_boundaries=0 1 2 3 4
cat_threshold=1024 8 3202 4936
is_linear=0
shrinkage=0.05


Tree=71
num_leaves=63
num_cat=7
split_feature=22 9 23 25 13 31 39 7 15 12 7 39 4 9 19 20 11 37 42 22 14 20 5 25 42 10 13 11 22 10 18 25 37 39 11 13 23 17 18 9 20 23 7 4 4 19 23 9 12 4 4 31 9 16 30 21 26 42 22 31 12 39
split_gain=1.47534 1.72935 1.43223 1.23439 1.54039 1.12807 1.46593 1.64153 1.38355 1.82103 1.59564 1.52756 2.08039 1.31243 1.35132 1.26474 1.1572 1.06549 1.06258 1.01089 1.42622 1.42254 1.00529 1.1849 1.00056 0.996662 1.14665 0.957162 0.940566 1.13612 0.984553 0.980738 1.52837 1.41539 1.41465 1.53987 1.22623 1.164 1.3438 1.33877 2.40437 1.07802 1.04561 1.02448 1.00114 0.970676 1.31713 2.09074 1.14873 1.87356 1.49236 1.48221 1.19737 1.17363 0.958237 1.37235 1.12913 0.938087 1.37412 1.02474 1.37025 1.00321
threshold=-0.041621424690881953 0.046180962604012325 -2.214807798748839 0 0.94763745087542939 3.350000000000001 1 8.780875962811459 1.3232576127727311 72.500000000000014 8.5071487898558562 2 -0.28622520336252583 0.30109757131730436 -1.0000000180025095e-35 -0.013718979519926075 26.500000000000004 56.500000000000007 0.87705802968960878 -0.21309715905770898 -0.051856455125144134 0.031915875454072262 7.3132332177464852 3 0.96850198412698429 0.088235610072582307 0.27107726612484867 50.500000000000007 -0.36265555616854289 -0.08561562456545023 -2.445151022652611 4 39.500000000000007 5 22.500000000000004 0.40743909007382068 -0.43698167136996141 0.21215212247611195 0.45930325753166479 0.12461873887721776 -0.0089073151850096125 -0.42732928329821201 7.3449261440572089 0.17185025692665915 -0.30174873903474747 -0.060411841343836058 0.22314355131420979 0.12461873887721776 64.500000000000014 -0.10983561123721362 1.0000000180025095e-35 76.100000000000009 0.20676622421282395 -0.17185025692665942 1.2500000000000004 1898.8850000000002 37.500000000000007 0.90839160839160848 -0.91375012804393696 357.30000000000013 73.500000000000014 6
decision_type=10 10 8 1 2 2 1 2 2 2 2 1 2 10 2 10 2 10 2 8 2 10 2 1 2 2 2 2 8 2 10 1 10 1 2 2 10 2 10 10 10 10 2 2 2 2 8 10 2 2 2 2 10 2 2 8 2 2 8 2 2 1
left_child=1 22 3 -2 24 6 7 8 9 -3 18 19 -13 14 28 -14 -17 57 -10 20 -11 -21 -1 -24 -5 26 -8 -18 30 45 -7 42 33 -33 41 -36 -34 38 39 40 -37 -35 54 -43 -44 46 47 -30 49 51 -51 -47 53 -53 55 -31 -56 58 -16 61 -61 -59
right_child=2 5 -4 4 -6 13 25 -9 10 11 -12 12 15 -15 17 16 27 -19 -20 21 -22 -23 23 -25 -26 -27 -28 -29 29 31 -32 32 36 34 35 37 -38 -39 -40 -41 -42 43 44 -45 -46 48 -48 -49 -50 50 -52 52 -54 -55 56 -57 -58 59 -60 60 -62 -63
leaf_value=-0.0023689061240697636 -0.0019001297720068182 -0.00022642790495232482 -0.00045038104389471265 -0.0026824528308361192 0.0045865684367292908 0.0034882172736722915 0.0082423392344124265 -0.0016334238949008981 0.0048734978080334007 0.0039453401097934446 0.0042826984821081214 0.0046598953087499456 0.006646468025787302 0.0011596678660333796 0.0039228290769792859 -0.0013414244357158093 0.0042817529933274904 0.0010383658924991699 -0.00098704969851863165 -0.0024977323256189475 -0.0003319851641172863 0.0024568732659666342 0.00042257306441338357 -0.0014334079344995795 0.0021442949079751301 -0.0023891732040191294 -0.00051820434587415991 0.00020010534890698393 0.0029594014700121407 -0.0002511663181301818 -0.00022278052261638553 -0.0019118147069005203 0.0020494507138082928 -0.0013626655839695783 -0.00085819861902236636 0.0049313671994421571 9.6229519897061237e-05 -0.00068967844933152586 0.0049118334394284043 0.00071466089652225248 0.0004809400370668895 0.0011280387087649322 0.0057065033971533136 -0.00011661336075162344 -0.00073535824960731201 -0.00035921607617242751 -0.0002669889283949795 0.0001561000738365147 0.00039814993683463514 0.0073507777732006929 0.0021299156933265234 0.003647251174004898 0.0077247400967231129 -0.00015344541050624566 -8.4490225707300519e-05 0.0077389329468430844 0.0049267724570887092 -3.1095882517411525e-05 1.0313073551914465e-05 0.0029489678612672553 -0.0012948966742236396 -0.001022029028223743
leaf_weight=398 123 1969 10635 52 62 69 46 519 60 87 40 40 51 2296 58 59 46 78 91 249 86 60 229 193 45 697 2585 76 54 44 1245 311 42 260 109 57 49 88 76 269 66 46 45 108 1200 121 423 144 253 42 44 48 46 62 510 47 70 1281 1766 68 57 2766
leaf_count=398 123 1969 10635 52 62 69 46 519 60 87 40 40 51 2296 58 59 46 78 91 249 86 60 229 193 45 697 2585 76 54 44 1245 311 42 260 109 57 49 88 76 269 66 46 45 108 1200 121 423 144 253 42 44 48 46 62 510 47 70 1281 1766 68 57 2766
internal_value=-0.000421429 -0.000184704 -0.000896228 0.00261484 0.00532353 -9.70126e-05 -0.000629253 9.72694e-05 0.000559175 0.000269823 0.00466146 0.00235761 0.00526502 0.000154339 -5.4896e-05 0.00360515 0.00162088 -0.000579425 0.00226974 0.000588234 0.00364942 -0.0011129 -0.00243605 -0.000732862 0.00168367 -0.00137466 -0.000932752 0.00439024 0.000480752 0.000815533 -0.000699621 0.000342848 0.00130362 0.000898633 0.00174771 0.00319069 0.00755435 0.00425494 0.0052452 0.0040458 0.00834677 -0.000530122 -0.000404775 0.00277419 -0.00126405 0.00211228 0.000715433 0.00407035 0.00351702 0.00531593 0.0117241 0.00329137 0.00649681 0.0036036 0.00118303 0.00592391 0.000430291 -0.000655329 0.00029041 -0.00106878 0.00337301 -0.00120677
internal_weight=32816 21899 10917 282 159 21079 6761 3433 2914 2723 191 754 272 14318 12022 232 181 6074 151 482 173 309 820 422 97 3328 2631 122 5948 4634 1314 3397 1481 1390 1079 665 91 556 468 392 123 414 1916 154 1245 1237 621 198 616 363 86 277 156 110 671 91 580 5996 1824 4172 125 4047
internal_count=32816 21899 10917 282 159 21079 6761 3433 2914 2723 191 754 272 14318 12022 232 181 6074 151 482 173 309 820 422 97 3328 2631 122 5948 4634 1314 3397 1481 1390 1079 665 91 556 468 392 123 414 1916 154 1245 1237 621 198 616 363 86 277 156 110 671 91 580 5996 1824 4172 125 4047
cat_boundaries=0 1 2 3 4 5 6 7
cat_threshold=2354 909 896 686 376 178 6164
is_linear=0
shrinkage=0.05


Tree=72
num_leaves=63
num_cat=12
split_feature=22 9 37 42 7 13 25 25 36 41 39 41 33 23 38 8 9 33 11 18 39 30 15 25 39 23 3 27 9 30 3 15 11 20 19 22 39 42 17 19 39 19 18 3 42 11 23 24 27 11 12 25 42 7 39 31 27 31 9 23 31 15
split_gain=1.86695 2.10444 1.72669 1.67473 1.11046 1.72328 1.35161 1.20617 3.04805 2.81558 1.5444 1.31712 1.34858 1.16933 1.16441 1.34759 2.22299 1.15193 1.43302 1.54594 1.77653 1.86714 1.53171 1.33859 1.21692 1.19014 1.10624 1.10925 1.0753 1.0578 1.0572 1.45681 1.21213 1.09261 1.39866 1.69103 1.05518 1.79993 1.36774 2.34712 1.04459 1.16871 1.42052 1.03881 1.03577 1.02442 1.01762 1.01422 1.27585 0.979625 1.20105 0.962917 1.06295 1.24582 0.95116 1.20785 0.940377 0.901522 1.35516 1.60574 1.02128 0.918614
threshold=0.056117097830073036 0.02546646264633946 35.500000000000007 0.60977224576271194 8.3075396436201494 1.6600355887816998 0 1 0.012137587131093827 4256.5973958944296 2 75.440351906158369 30.021428571428572 -0.80937015254820699 3 0.3847960423581232 0.65443551840903857 29.592857142857149 6.5000000000000009 1.1375545949990109 4 36.550000000000004 0.099006607077514644 5 6 -0.69314718055994495 -0.55950868715317703 40.500000000000007 0.13015465887367866 108.65000000000002 -0.13762137787604753 2.3037884630093286 66.500000000000014 -0.034841969623345299 0.11385833637083809 -0.1772039138917666 7 0.9842509920634922 -0.021439393084877297 -0.012558931679526462 8 0.077909165076511896 1.8551580085870825 -0.16034265007517898 0.89528508771929838 40.500000000000007 -1.6035554916443069 9 37.500000000000007 67.500000000000014 65.500000000000014 10 0.81083279115159412 8.5071487898558562 11 0.95000000000000018 22.500000000000004 77.15000000000002 0.28210449467552562 0.24116205681688843 174.95000000000002 -1.0000000180025095e-35
decision_type=10 10 8 2 2 2 1 1 2 2 1 2 2 8 1 10 10 2 2 8 1 2 2 1 1 10 2 2 10 2 2 2 2 10 2 10 1 2 2 2 1 2 8 2 2 2 10 1 2 2 2 1 2 2 1 2 2 2 10 8 2 2
left_child=1 -1 -3 -2 5 7 -7 8 10 -10 -4 17 -13 46 -12 16 29 24 19 20 22 -22 -19 25 -9 -20 27 -25 -8 36 31 43 -32 34 35 -34 37 38 39 -16 41 42 44 54 -5 -42 -14 48 -38 50 -27 52 -35 -54 55 -6 -41 58 59 -30 -59 -61
right_child=3 2 4 40 30 6 28 11 9 -11 14 12 13 -15 15 -17 -18 18 23 -21 21 -23 -24 26 -26 49 -28 -29 57 -31 32 -33 33 51 -36 -37 47 -39 -40 56 45 -43 -44 -45 -46 -47 -48 -49 -50 -51 -52 -53 53 -55 -56 -57 -58 60 -60 61 -62 -63
leaf_value=-0.0020005535221057995 0.002257086954475602 -0.00075510411947716052 -0.00086380788390853574 0.0011493324076026219 -0.0018075707350396512 -0.0014662110106798984 0.0016622344488305162 -0.00069953564778996223 3.9613266290001258e-06 0.0027768740913842608 -0.00077367587771145553 -0.00048935539921511216 0.0015602383810147001 0.00011241995522309777 0.00046375959605670129 -0.0019708920767610013 0.072937992594095988 0.0068149357825445156 -0.00060097303521548773 0.0053532705555418359 -0.00093064992498681227 0.0031949650745338289 0.00068907663565493261 -0.0004827690938277872 0.0012202766526671189 0.0099386255473710508 -0.00034125521968325715 0.004808587550179386 0.0099844348704930166 0.0021873120163232321 -0.00068727972610504941 0.0039374826662769728 -0.00091054326393722276 -0.0007372731250635024 0.0082209072490227186 0.0023550123062878268 0.00030492871469095723 0.0028315537679548773 -9.957061048624921e-05 0.0045389081650970241 -0.0011914357697364003 -0.0010434126680301508 0.0032363088591046054 0.0016915299120548453 -0.00050580636121090995 -0.00036647425447767639 0.0078574987949203631 -0.0006579885857350531 0.0032130176891686036 2.5704366256593044e-05 0.0014991782062037636 -0.0016990805033144721 0.0037498396215903487 0.0005747102600075915 -0.0011658552053912012 0.00099762953240666963 0.00088355189046902089 -0.001003874314133852 0.00029156150751367743 -0.001353641829997427 0.0020958293719225722 0.0055827031145666388
leaf_weight=400 49 1132 2060 428 263 104 46 478 52 40 775 2680 58 1443 166 505 43 62 58 45 235 60 51 64 3197 44 2251 51 90 55 3216 40 135 78 41 52 216 52 355 45 2412 599 53 167 2295 2237 40 1158 76 58 42 411 79 213 465 848 47 74 158 43 57 58
leaf_count=400 49 1132 2060 428 263 104 46 478 52 40 775 2680 58 1443 166 505 43 62 58 45 235 60 51 64 3197 44 2251 51 90 55 3216 40 135 78 41 52 216 52 355 45 2412 599 53 167 2295 2237 40 1158 76 58 42 411 79 213 465 848 47 74 158 43 57 58
internal_value=-0.000363502 -0.000147982 -8.87695e-05 -0.00102366 4.30897e-06 0.000208805 0.00277337 0.00011109 -0.00048179 0.00849462 -0.000632878 0.000417733 -0.000273568 0.000904668 9.9874e-06 0.00049835 0.00103207 0.000854113 0.000130707 0.00272026 0.00173594 -0.000408498 0.00673387 -0.000326977 0.00144858 0.00347418 -0.000664705 0.00409483 0.00376164 0.000806079 -0.000580797 0.000440021 -0.0010116 0.000499999 0.00353712 0.00167553 0.00062618 0.00225592 0.0015228 0.00428571 -0.00108038 -0.000406085 2.52059e-05 0.000220756 -0.000133995 -0.00156545 0.00616161 -0.000136894 0.00244224 0.00606896 0.00942529 -0.000390027 0.00144357 0.00286689 -0.000177554 0.000619428 0.0106452 0.0031185 0.00444286 0.00726562 -0.000416668 0.00289216
internal_weight=32805 24732 24332 8073 23200 17192 630 16562 5645 92 5553 10917 4221 1541 3493 2718 2213 6696 3021 453 408 295 113 2568 3675 202 2366 115 526 2170 6008 1783 4225 1009 228 187 2115 665 613 258 8024 3375 2776 1743 2723 4649 98 1450 292 144 86 781 370 292 1576 1111 92 480 349 191 131 101
internal_count=32805 24732 24332 8073 23200 17192 630 16562 5645 92 5553 10917 4221 1541 3493 2718 2213 6696 3021 453 408 295 113 2568 3675 202 2366 115 526 2170 6008 1783 4225 1009 228 187 2115 665 613 258 8024 3375 2776 1743 2723 4649 98 1450 292 144 86 781 370 292 1576 1111 92 480 349 191 131 101
cat_boundaries=0 1 2 3 4 5 6 7 8 9 10 11 12
cat_threshold=193 142 6274 2 2816 1 2129 5 6320 16 3466 4201
is_linear=0
shrinkage=0.05


Tree=73
num_leaves=63
num_cat=5
split_feature=0 14 22 36 24 25 3 18 25 2 29 42 41 17 18 22 26 22 2 17 8 41 8 18 25 18 10 3 9 3 12 3 41 0 8 40 19 22 16 0 12 25 44 18 33 8 33 40 26 2 30 41 42 9 2 26 26 20 22 11 19 19
split_gain=1.56639 1.53702 1.05089 1.04014 1.00247 1.05445 1.17014 1.62907 0.989555 0.954876 1.40823 0.938932 0.920697 0.916939 0.908648 0.888492 0.837029 1.2896 0.806222 0.9253 0.982977 0.927915 1.07511 0.842329 0.880192 1.00235 0.903203 0.874002 0.844908 1.03166 0.978952 0.828864 0.900514 0.871351 1.39807 0.84183 1.44165 0.819903 1.20504 0.873499 1.89846 0.851236 1.21594 0.803989 0.89773 0.803808 0.796201 1.36089 1.32433 1.29325 1.1455 1.08277 1.05726 1.42078 1.37789 1.05172 1.38825 1.19201 0.973918 1.15705 1.49214 0.84125
threshold=0.040823394519094787 0.1824123915657552 0.27246021748954746 0.24677607814616678 0 1 -0.22724593108823751 -0.84271862770237138 2 -0.68192236837750542 1.0000000180025095e-35 0.86180371352785157 1.035098522167488 0.52457764150400454 0.69382034166118645 0.20829649634397532 1.5000000000000002 -0.1269230890070818 -0.10428797297500701 0.20629497852719461 0.039620160685053467 3.1112007168458784 0.072161128515970355 1.5527716952851598 3 1.243875642247511 0.088235610072582307 0.091031090484288604 0.13655913694732777 -0.4702660043926809 51.500000000000007 -0.089612158689686514 271.96793785310746 -0.054021785363873136 0.20940339941117511 2.5000000000000004 -0.018687433705876718 -0.63592248551371 0.40546510810816444 -0.0049090451751343514 78.500000000000014 4 1.0000000180025095e-35 0.73918425509266861 33.778571428571439 1.0000000180025095e-35 26.864285714285721 2.5000000000000004 42.500000000000007 -0.63295400238060073 80.850000000000009 3.7338541666666671 0.98449519230769245 0.18881180935869726 0.13353139262452321 34.500000000000007 28.500000000000004 0.0018031070309811085 -0.69296029960093908 64.500000000000014 0.067016811439246524 -0.065024155218019838
decision_type=2 2 10 2 1 1 2 8 1 2 2 2 2 2 10 10 2 8 2 2 8 2 10 10 1 8 2 2 10 2 2 2 2 2 10 2 2 10 2 2 2 1 2 10 2 10 2 2 2 2 2 2 2 10 2 2 2 10 8 2 2 2
left_child=1 3 4 8 -2 6 7 -6 9 10 -1 13 -10 -4 -9 -8 17 -14 23 20 -20 22 -21 24 25 26 31 -26 -25 -30 -31 35 33 34 -33 -3 -37 38 41 43 -41 42 -22 -39 -45 -11 48 58 50 -49 52 -52 53 -18 -54 56 -53 -57 59 60 61 -48
right_child=2 18 11 -5 5 -7 15 14 12 45 -12 -13 16 -15 -16 -17 46 -19 19 21 37 -23 -24 28 27 -27 -28 -29 29 30 -32 32 -34 -35 -36 36 -38 39 -40 40 -42 -43 -44 44 -46 -47 47 49 -50 -51 51 55 54 -55 -56 57 -58 -59 -60 -61 -62 -63
leaf_value=-0.00017747553430724102 -1.2163918243252507e-05 -0.00022884268956003436 -0.0001316702341706827 -0.00048296618777666426 0.0021525101539053757 -0.0011781497639910979 -0.0003626978812924014 -0.001128959515761752 0.0013228093263076748 -0.0019128759654636653 0.011571658395599706 -0.0018534767481863371 0.0041850772649351751 0.0025034479483605162 0.0046099297014261702 0.0030609933826873728 -0.0014865189098890268 9.0219529644825595e-05 -0.0017895555144567721 0.0040945046357204664 0.0017789971299656958 -0.00092628594620618003 -0.00012118151005256896 -0.00046466553820651122 -0.0010477062518906364 -0.0032787424517325852 -0.00096211247087898315 0.0010380371426405184 -0.00078552129239243596 0.002345219764255418 0.00046944407296208458 0.0077035074830142953 -0.00060392753428328372 0.00089682778027253213 0.00061229896775500433 -9.1537468853741016e-05 0.003154873484869604 -0.0010673800773789485 0.0049250643054342819 -3.9136183075724183e-05 0.0021037400067146993 -0.00094697577734020573 -0.00037671878271377163 -2.5547359746646753e-05 0.00056952039569868964 0.00027467032952104286 0.0030196566386935424 0.011476495513112094 0.0032628070571027543 8.1492214954661477e-05 -0.00075515505904589564 0.0049373603932260923 0.00016044400543305162 0.00046742181272517165 0.0056933724237496321 0.0052191311005212442 3.5557513963517429e-06 0.00097555221342793654 -0.00056152369059912289 -0.0011712654458928533 0.012001583100149781 -0.0010550062088330776
leaf_weight=56 3841 278 161 254 40 3278 1940 116 77 233 61 1596 70 49 70 100 436 159 166 40 79 2381 213 67 889 93 48 107 40 69 68 48 43 58 43 77 60 503 52 186 56 208 40 80 48 4775 54 53 40 3330 58 51 220 275 50 46 173 40 4544 147 55 72
leaf_count=56 3841 278 161 254 40 3278 1940 116 77 233 61 1596 70 49 70 100 436 159 166 40 79 2381 213 67 889 93 48 107 40 69 68 48 43 58 43 77 60 503 52 186 56 208 40 80 48 4775 54 53 40 3330 58 51 220 275 50 46 173 40 4544 147 55 72
internal_value=-0.000370076 -0.000119093 -0.000849269 0.000147096 -0.000636588 -0.00106571 -0.000232764 0.0031718 0.000200649 0.000764212 0.00521186 -0.00195352 -9.03536e-05 0.00118483 0.00117647 -0.000612446 -0.000133179 0.00284782 -0.000794572 -0.00119911 -0.000169134 -0.00175332 0.00112205 3.01647e-05 -0.000355302 0.00093544 0.00163872 -0.00132076 0.00277551 0.00457865 0.00663043 0.00216283 0.00487047 0.0067 0.00972826 0.000901441 0.0040942 0.000311252 0.00225 -0.000532038 0.00201646 0.0011128 0.00426923 -0.00151108 0.0020155 0.000660809 -0.000204252 -0.000390626 0.000902877 0.000379727 0.000633332 0.00300813 -0.000259675 -0.00127107 0.00239852 0.00418006 0.00235555 0.00885057 -0.000925509 0.00170213 0.00436813 0.00133858
internal_weight=32560 21369 11191 15329 9385 5544 2266 226 15075 5125 117 1806 9950 210 186 2040 9873 229 6040 4052 1418 2634 253 1988 1744 748 655 996 244 177 137 607 192 149 91 415 137 1252 379 873 242 327 119 631 128 5008 9644 8255 1389 3383 1349 368 981 711 270 310 224 86 4872 328 181 126
internal_count=32560 21369 11191 15329 9385 5544 2266 226 15075 5125 117 1806 9950 210 186 2040 9873 229 6040 4052 1418 2634 253 1988 1744 748 655 996 244 177 137 607 192 149 91 415 137 1252 379 873 242 327 119 631 128 5008 9644 8255 1389 3383 1349 368 981 711 270 310 224 86 4872 328 181 126
cat_boundaries=0 1 2 3 4 5
cat_threshold=17 3856 2100 1624 786
is_linear=0
shrinkage=0.05


Tree=74
num_leaves=63
num_cat=7
split_feature=8 41 0 24 14 25 4 37 18 29 12 12 16 8 18 33 4 19 18 19 1 25 23 5 25 1 27 15 33 39 23 17 1 11 18 23 23 33 26 33 12 12 14 17 0 1 18 14 39 16 17 7 41 39 17 35 37 41 0 41 27 23
split_gain=1.61256 2.41271 1.81411 1.54535 1.38981 1.0733 1.20012 1.04772 1.01676 1.05433 0.961934 0.915823 1.55454 1.55457 1.28348 1.53143 1.5103 1.31548 1.17665 1.07038 0.971352 0.890854 0.96109 0.837695 0.834615 0.955145 0.940483 1.15344 0.913447 1.28354 0.99552 0.96002 1.10442 0.864258 0.815215 0.862332 0.809099 1.17191 1.90666 1.14041 0.92404 0.805569 0.782637 1.04256 0.896057 0.77139 0.759095 0.958392 0.706723 0.919167 0.754929 0.716958 1.00558 0.705627 1.24155 0.701279 1.17627 0.700996 1.20684 0.694557 0.846755 0.849444
threshold=1.0000000180025095e-35 1.9346044191019247 0.0071933152439109813 0 0.16034265007517953 1 0.090973408637851097 20.500000000000004 2.3329703352989739 1.0000000180025095e-35 75.500000000000014 21.500000000000004 0.17303093451500298 0.072895483748829912 0.47343972394590772 29.264285714285723 -0.23262229526875397 -0.10637885525347383 1.3800501337178985 1.0000000180025095e-35 0.035094829663703038 2 -0.87241409241161383 7.0900382966464806 3 -0.17185001021684251 4.5000000000000009 -0.027683760312952273 26.021428571428576 4 0.91629073187415533 -1.7559653079089594 0.22314355131420929 20.500000000000004 -0.045096581511312281 -0.15979739764228104 -0.1984509387238382 38.678571428571438 16.500000000000004 28.307142857142864 55.500000000000007 50.500000000000007 -0.29284987516098521 -0.27089724233732532 0.028170876966697293 0.53583888482432462 -0.9252525387172863 0.40318866688421023 5 -0.45183508623255414 0.27161670628709927 6.9503552857946405 28.614608555286527 6 0.020224939986996041 0.027333810721344543 20.500000000000004 105.36072198275863 0.13353139262452321 16.743983614951361 59.500000000000007 0.40546510810816461
decision_type=8 2 2 1 2 1 2 8 10 2 2 2 2 10 10 2 2 2 8 2 2 1 8 2 1 2 2 2 2 1 8 2 2 2 10 10 10 2 2 2 2 2 2 2 2 2 8 2 1 2 2 2 2 1 2 2 10 2 2 2 2 8
left_child=1 10 4 24 7 6 11 -2 21 -10 -1 18 13 -13 15 17 -16 -15 42 -19 -18 22 -6 -3 25 -4 27 -27 29 30 -26 32 41 -29 -17 -36 37 39 -39 40 -28 -30 -5 -44 -45 -9 47 -23 -48 -50 51 52 -51 54 -53 -33 -57 -41 -59 60 -8 -62
right_child=2 23 3 5 8 -7 59 45 9 -11 -12 12 -14 14 16 34 20 19 -20 -21 -22 46 -24 -25 28 26 36 33 31 -31 -32 55 -34 -35 35 -37 -38 38 -40 57 -42 -43 43 44 -46 -47 48 -49 49 50 -52 53 -54 -55 -56 56 -58 58 -60 -61 61 -63
leaf_value=0.0061544738171132934 -0.00088485590687610485 0.00092137504438905915 0.0050896290424513107 -0.0026627582730767924 0.0033577207764522777 -0.0010635695622322179 -0.00029819416763275495 0.00013086420898118068 0.0024781386792645725 -0.00051889998308327111 -6.4106284513411378e-05 -0.00081259967102406759 -0.00063240530253609237 0.0068316493516421897 -0.00016842200550923754 -0.0012506885569690542 0.0072869980438162582 -0.00043827222630531625 0.0036991195006950738 0.00525645711312424 0.00771276297605108 -0.00026071278228376838 -0.0010203948416754407 -0.0021423729279829353 0.0042049675343997809 -0.00012462925700363603 0.0069976958688563826 0.00034863127798356327 0.011215815009985157 -0.00012052485394661523 2.8092680781868312e-05 -0.00042000907488071062 -0.004671492378511259 0.0029550668360433159 -0.0015673188575260994 0.0010204352483937915 -0.00078825150748689779 -0.00076825180213448661 0.0088247421156791902 -0.00084958217056194238 0.00013659047097800805 0.0021988111410001952 0.00095285686112314368 0.00056555974903419359 -0.0013733514867594289 -0.0024703113521227244 -0.00053653653289491364 0.0049745367194679209 -0.0014448027353928493 -0.00015811417265297405 -0.00022904958393464776 -0.00046640009273522505 0.0056799173293898553 3.0042422391435852e-05 0.0032390000379646194 -0.00067584921250947157 0.0050859174507916476 -0.00026818367637384345 0.0057258909749605446 -0.0013427177339525736 0.00011460663815343821 0.0019241342461915859
leaf_weight=46 258 98 46 158 77 4814 491 12332 58 67 43 125 361 41 40 162 42 59 54 40 54 40 1131 578 54 79 53 43 41 181 57 3443 64 61 48 47 691 45 44 324 47 48 62 44 346 159 1565 69 170 43 1365 45 57 603 67 64 40 123 51 1023 73 41
leaf_count=46 258 98 46 158 77 4814 491 12332 58 67 43 125 361 41 40 162 42 59 54 40 54 40 1131 578 54 79 53 43 41 181 57 3443 64 61 48 47 691 45 44 324 47 48 62 44 346 159 1565 69 170 43 1365 45 57 603 67 64 40 123 51 1023 73 41
internal_value=-0.000376581 -0.0026436 -0.000322014 -0.000755557 6.62608e-06 -0.00119531 -0.000498195 0.000290587 -0.000669094 0.00376984 0.00505555 0.00043646 0.00137745 0.00282246 0.00399813 0.00255025 0.00817518 0.00673759 -0.00100752 0.00355 0.0115464 -0.000775847 -0.00196062 -0.00366322 -0.000114974 0.000843633 0.000637003 0.00399456 -0.000502125 0.0021843 0.00610656 -0.000716024 0.00314935 0.00742857 0.000251937 0.00390625 0.000188541 0.00140262 0.00672222 0.000601 0.00544554 0.00672222 -0.00163666 -0.000573953 -0.00153453 0.000355827 -0.00041388 0.00368182 -0.000529879 2.11763e-05 0.000298027 0.00150122 0.00544554 0.000942736 0.00439024 -0.000883598 0.00314286 -0.000380763 0.00217143 -0.00146716 -0.000123764 0.00373913
internal_weight=32595 765 31830 13724 18106 8125 3311 12749 5357 125 89 1683 1019 658 533 397 136 140 664 99 96 5232 1208 676 5599 1607 1561 183 3992 292 111 3700 153 104 257 95 1378 687 89 598 100 89 610 452 390 12491 4024 109 3915 2350 2180 815 100 715 112 3547 104 498 174 1628 605 114
internal_count=32595 765 31830 13724 18106 8125 3311 12749 5357 125 89 1683 1019 658 533 397 136 140 664 99 96 5232 1208 676 5599 1607 1561 183 3992 292 111 3700 153 104 257 95 1378 687 89 598 100 89 610 452 390 12491 4024 109 3915 2350 2180 815 100 715 112 3547 104 498 174 1628 605 114
cat_boundaries=0 1 2 3 4 5 6 7
cat_threshold=17 3604 2177 552 5376 842 176
is_linear=0
shrinkage=0.05


Tree=75
num_leaves=63
num_cat=10
split_feature=10 39 9 25 39 13 9 25 38 20 19 11 0 39 9 4 7 16 27 26 18 42 27 39 9 42 35 26 6 9 9 20 42 39 30 4 25 8 8 11 18 21 16 8 27 7 9 15 7 19 8 21 41 3 8 31 4 30 0 0 25 4
split_gain=1.88498 1.76258 1.72564 1.70163 1.86666 1.50096 1.49638 1.74948 1.58091 1.89495 1.49154 1.4699 1.42328 1.36232 1.53848 1.327 1.31279 1.26486 1.93786 1.22548 1.22001 1.21123 1.20646 1.32504 1.49835 1.20601 1.20557 1.39202 3.1998 4.26386 1.80273 2.7151 1.684 1.22176 1.28725 1.17973 1.1025 1.83715 1.6556 1.0548 1.65634 1.04362 1.03466 1.03021 1.09863 1.21655 1.02699 0.964339 1.06853 1.07484 1.50632 1.18354 1.79459 1.24478 0.96055 1.04935 0.970111 1.36823 1.23126 0.953115 0.935081 1.49986
threshold=-0.0038427605510120695 0 0.034069654771415596 1 2 1.8000005142860085 0.18987767352186127 3 4 0.067047787730687411 0.081334261056346571 63.500000000000007 0.11554431306877834 5 0.70391292945015771 -0.28768207245178118 8.1609324661658125 -0.090151096994297339 27.500000000000004 18.500000000000004 0.76859198879742263 0.78516483516483526 3.5000000000000004 6 0.32676814987747888 0.92172181372549034 0.24961237000394357 36.500000000000007 7.4268393739959651 0.17024372547052327 0.1199638701581779 -0.023092249763325887 0.96899038461538478 7 29.750000000000007 -0.069609908790892558 8 0.11428128349137777 0.19755723377413556 55.500000000000007 0.42810885298788887 5512.5000000000009 -0.30861627500197381 0.27999140359610636 59.500000000000007 7.6830639651388859 0.32132476264848159 1.7082324268964724 7.8934256214724385 0.18022030845879208 0.20416215268336418 3751.6650000000004 3.792385057471265 -0.12914053689560487 0.052675462426275597 403.35000000000002 -0.10241456294921435 98.750000000000014 -0.019802627296178873 -0.022463551741149331 9 -0.26497459534224482
decision_type=2 1 8 1 1 2 10 1 1 10 2 2 2 1 10 2 2 2 2 2 10 2 2 1 10 2 2 2 2 10 10 10 2 1 2 2 1 10 10 2 10 8 2 10 2 2 10 2 2 2 10 8 2 2 10 2 2 2 2 2 1 2
left_child=3 19 -3 13 6 54 7 21 9 10 11 15 16 14 47 -8 20 -11 -19 -2 26 -5 23 24 -15 -23 27 33 29 32 31 -30 -29 34 36 -17 37 -4 -39 -10 -41 -9 -33 44 45 -35 -46 48 60 51 -51 -50 53 -53 -6 56 -56 -58 -59 -21 61 -1
right_child=1 2 12 4 5 -7 8 41 39 17 -12 -13 -14 22 -16 35 -18 18 -20 59 -22 25 -24 -25 -26 -27 -28 28 30 -31 -32 42 -34 43 -36 -37 -38 38 -40 40 -42 -43 -44 -45 46 -47 -48 -49 49 50 -52 52 -54 -55 55 -57 57 58 -60 -61 -62 -63
leaf_value=0.0077365070655060183 -0.00014399861961478239 0.0016761973016311755 0.0066567697631803287 -0.0015842676441848392 -0.0016766122361334592 0.0041999590106871791 0.003879548624822603 0.00021212522091010452 -0.0011979667474176609 -0.0017566629593703414 0.010552571061338971 -0.00045532837851877737 -0.00080698786311446955 -0.00043811451462280718 0.021190129465183911 -0.00072505957806347698 -0.00056175217506543686 0.0083636512677126122 -0.0013543502837091925 -0.00017218029311030829 -0.00036934800167272606 0.0068716187196908047 -0.00016137079104683983 0.0025856900394385374 0.0048096792002405219 0.001322838339364041 -0.0018089778446820583 0.0019487731261855616 0.0031714761783261619 0.00086682996668920867 -0.00015054703488869079 0.0021949193404418779 0.0051641896599781941 0.00059073503491611926 -0.00090925102458405791 0.0048475808266977118 0.001422629325996197 -0.00042134483838444345 0.0057809968606977093 0.013010696424300604 -0.0038174570854779856 -0.00075659708714808944 -0.0007111836253983027 -0.0014843179919434072 -0.0014415487377020589 -0.00046668546841351983 0.0077387742042383193 -0.00081055024873313462 -0.00082031127710698005 0.0030777341794279642 -0.00098375365361108753 0.0043404272751915397 -1.9472245949518838e-05 7.5539331371802146e-05 -0.00078040829566407256 0.0017842344301998766 -8.4502746934537142e-05 -0.00065178687133048239 0.0027970078796858496 -0.0016310629526956903 0.00057546203793705931 0.001303347426854758
leaf_weight=45 1438 56 41 53 375 71 40 854 257 84 52 62 4490 228 40 41 3017 46 73 403 1462 42 3248 129 48 108 180 44 65 212 799 52 58 1180 78 45 215 63 41 85 56 950 134 509 538 498 40 151 382 43 40 68 716 52 3350 61 1328 42 48 1919 1744 146
leaf_count=45 1438 56 41 53 375 71 40 854 257 84 52 62 4490 228 40 41 3017 46 73 403 1462 42 3248 129 48 108 180 44 65 212 799 52 58 1180 78 45 215 63 41 85 56 950 134 509 538 498 40 151 382 43 40 68 716 52 3350 61 1328 42 48 1919 1744 146
internal_value=-0.000345951 -0.000699254 -0.000436046 6.14958e-05 -0.000432138 -0.000988461 0.00059811 -0.000141933 0.00236936 0.00437225 0.00746888 0.00534391 -0.000472408 0.000627555 0.00134235 0.0084252 -0.000117049 0.000906862 0.00420833 -0.00165739 0.000298711 0.00413551 -4.50339e-05 0.00252463 0.000418117 0.00662252 0.000687657 0.000846102 0.00218315 0.00660317 0.000856326 0.00454365 0.0149515 0.000276216 0.00269488 0.00482759 0.00401662 0.00721154 0.00409524 2.44487e-05 0.00348591 -0.000644629 0.00144385 -0.000117076 0.00034116 0.000988683 -0.00153713 0.00122934 0.0014118 0.000303378 0.00577381 -7.38322e-05 0.000979688 0.00661157 -0.00108934 -0.000899587 -0.000983436 0.000112754 0.00604395 -0.00237193 0.00215651 0.00542079
internal_weight=32735 17532 13772 15203 8123 5275 2848 2007 841 443 240 188 13716 7080 3427 126 9226 203 119 3760 6209 203 3653 405 276 150 4747 4567 1364 314 1050 251 102 3203 438 86 360 145 104 398 141 1804 186 2765 2256 1678 578 3387 3236 1301 83 1218 836 120 5204 4829 4768 1418 90 2322 1935 191
internal_count=32735 17532 13772 15203 8123 5275 2848 2007 841 443 240 188 13716 7080 3427 126 9226 203 119 3760 6209 203 3653 405 276 150 4747 4567 1364 314 1050 251 102 3203 438 86 360 145 104 398 141 1804 186 2765 2256 1678 578 3387 3236 1301 83 1218 836 120 5204 4829 4768 1418 90 2322 1935 191
cat_boundaries=0 1 2 3 4 5 6 7 8 9 10
cat_threshold=212 1844 253 8 3 7180 291 553 69 512
is_linear=0
shrinkage=0.05


Tree=76
num_leaves=63
num_cat=9
split_feature=0 3 7 39 7 6 3 29 22 16 6 7 42 21 41 38 22 0 42 30 12 27 16 22 18 3 39 41 21 41 19 25 18 3 25 21 0 21 18 0 31 3 12 41 25 41 40 12 25 21 30 12 25 6 11 3 42 4 30 17 39 7
split_gain=1.60359 1.18378 1.17075 1.33178 1.85493 1.60746 2.20107 1.58715 1.51634 1.37498 1.17204 1.88851 1.45799 1.16042 1.10556 1.2087 1.09553 1.09035 1.06946 1.0596 1.78228 1.04637 1.02203 1.11435 1.01644 0.957187 0.915656 1.49042 1.11831 1.38951 1.72851 0.988145 0.946905 0.908119 0.882487 0.925228 0.879672 1.26083 1.43201 0.878566 0.864883 1.09817 0.839919 0.824227 1.17414 1.24445 1.71206 1.11336 1.20989 0.90001 0.892272 1.05459 0.870713 1.14709 1.42137 1.05289 0.98108 0.924616 1.11448 0.955529 0.834729 1.2157
threshold=0.087011376989629699 -0.79672341996073193 7.0886893878297643 0 7.6912087962762312 7.6998437127932764 0.18720733112259239 1.0000000180025095e-35 -0.20543575986161927 4.1123619605098352 7.1310361878635566 7.0508839531223302 0.96899038461538478 1127.0850000000003 5.2459666926880049 1 0.11127815887727728 -0.11778364541285356 0.96850198412698429 78.850000000000023 80.500000000000014 25.500000000000004 0.021972382327337451 -0.91375012804393696 0.5142939045181204 -1.1495350754433 2 795.07377049180343 1500.8350000000003 136.08011122881359 0.028961793436297449 3 0.61435887582245463 0.27210663751975656 4 2921.7350000000001 0.24916741467072748 1000.6250000000001 1.0767093324899863 -0.405465108108165 151.85000000000005 0.32694719574052927 85.500000000000014 49.921254960317462 5 4.984250992063493 4.5000000000000009 3.5000000000000004 6 15750.000000000002 110.50000000000001 1.5000000000000002 7 8.3752068208061541 66.500000000000014 -0.018018647548152963 0.95275297619047628 0.38577223824849144 44.050000000000004 -0.30244971477344812 8 8.2734906278009959
decision_type=2 2 2 1 2 2 2 2 8 2 2 2 2 8 2 1 10 2 2 2 2 2 2 8 8 2 1 2 10 2 2 1 10 2 1 8 2 10 8 2 2 2 2 2 1 2 2 2 1 10 2 2 1 2 2 2 2 2 2 2 1 2
left_child=2 -2 10 8 5 13 7 -7 33 25 -1 17 -13 -5 15 21 24 -12 -16 -20 -21 -10 23 -15 -3 -6 32 28 31 30 -30 36 -26 -4 35 -34 37 38 -28 -25 41 -37 -41 44 45 49 50 48 -45 -27 51 -47 53 -49 56 -56 -55 58 59 -58 -46 -62
right_child=1 16 3 4 9 6 -8 -9 14 -11 11 12 -14 22 18 -17 -18 -19 19 20 -22 -23 -24 39 26 43 27 -29 29 -31 -32 -33 34 -35 -36 40 -38 -39 -40 42 -42 -43 -44 47 60 46 -48 52 -50 -51 -52 -53 -54 54 55 -57 57 -59 -60 -61 61 -63
leaf_value=0.00010189041414492196 0.0068488742868470787 -0.00054875797222416292 0.00012492569245432903 -0.0013233372634958887 0.01230413819582726 0.0044591145860614764 0.00031063254800240168 0.0035105967505785433 0.0058042562467841615 0.0041403699849674284 0.0033178470645233585 0.0023104052256408682 0.0036795688292839469 0.0051347303248495168 -0.00075623871664057436 -0.00090108986701301151 -0.001508075370200322 -0.00063714249621109114 -0.0002946271904295732 0.002028383159227216 -0.00061296353556247838 0.00038335109877899549 -0.00017315320145629373 -0.002111044131123519 0.00086104690011605555 -0.0014248264536114545 0.00017965277132938825 0.008425487080585296 0.0054471188964874606 -0.00078704653631861551 0.0010214268942953708 -0.0018272168472519895 0.0038494840183295369 0.0026442972109906025 -0.0020489100058028705 -0.00032591682899544639 -0.0012213540342175205 -0.0019602431470931519 0.011702627525239206 0.00087225961998932714 -0.0019888834123840695 0.002767391578081051 0.0049277518186679635 -0.00043126081134908469 -0.00038303343417364307 0.0022408214039166588 0.0037179019540062915 -0.00089819052591390757 0.0022967755667016184 0.0007850955388866009 0.0014279644405750837 -0.00070921230428812006 -0.00092568140712614858 -0.0013597385775562813 0.00063226411968472166 0.002427452966791999 0.0028816323002602839 -0.0037949093209979769 0.0054175002275751163 -7.420398674161029e-05 0.0008426565583611427 -4.0624219027661279e-05
leaf_weight=4206 45 3827 640 207 46 58 187 87 96 44 47 57 45 62 3077 188 2281 103 1812 98 78 98 762 47 222 845 60 59 55 95 81 238 48 40 708 114 75 44 40 910 96 66 63 101 1525 55 60 713 102 41 43 784 2067 160 60 78 46 58 42 193 2170 2406
leaf_count=4206 45 3827 640 207 46 58 187 87 96 44 47 57 45 62 3077 188 2281 103 1812 98 78 98 762 47 222 845 60 59 55 95 81 238 48 40 708 114 75 44 40 910 96 66 63 101 1525 55 60 713 102 41 43 784 2067 160 60 78 46 58 42 193 2170 2406
internal_value=-0.000326752 -0.000934397 -0.000125367 -0.000287594 -1.85289e-05 0.0012521 0.00447447 0.00907534 -0.000901761 -0.000278781 0.000607758 0.00391304 0.00912621 0.000728556 -0.00118117 0.00140992 -0.000979656 0.000331125 -0.00137683 -0.0004726 0.00322034 0.00404878 0.00112737 0.0021145 -0.000615887 -0.000312609 0.000297202 0.00166886 0.00103048 0.00385776 0.00708029 -0.000403931 -0.000529645 0.00132158 -0.00117135 0.000985073 0.00197826 0.00434483 0.00742574 0.001714 -0.000108304 0.0019337 0.00203799 -0.00034156 -5.61172e-05 -0.00116368 9.54389e-05 -0.000966585 0.00262255 -0.00251409 -0.000464327 -0.000827382 -0.00118052 -0.00018369 0.0013558 0.00582734 0.000109999 0.00163235 0.00281915 0.00147917 0.000277322 0.00061478
internal_weight=32761 8154 24607 20149 14022 2383 332 145 6127 11639 4458 252 102 2051 5447 382 8109 150 5065 1988 176 194 1844 1082 5828 11595 2001 747 688 231 136 457 1254 680 1032 324 219 144 100 1020 276 180 973 11549 7929 1828 942 3620 203 886 882 839 3417 1350 637 138 499 339 281 239 6101 4576
internal_count=32761 8154 24607 20149 14022 2383 332 145 6127 11639 4458 252 102 2051 5447 382 8109 150 5065 1988 176 194 1844 1082 5828 11595 2001 747 688 231 136 457 1254 680 1032 324 219 144 100 1020 276 180 973 11549 7929 1828 942 3620 203 886 882 839 3417 1350 637 138 499 339 281 239 6101 4576
cat_boundaries=0 1 2 3 4 5 6 7 8 9
cat_threshold=454 2 5715 1266 2817 392 2819 1322 3088
is_linear=0
shrinkage=0.05


Tree=77
num_leaves=63
num_cat=9
split_feature=1 8 27 39 22 25 23 17 15 13 7 22 24 23 7 1 13 13 42 2 19 1 39 15 21 39 21 25 21 31 13 2 1 7 2 16 42 25 42 13 25 3 42 13 33 7 8 25 42 7 33 9 5 23 21 27 7 7 44 26 5 13
split_gain=1.89815 1.67449 1.56705 1.8416 2.61543 1.4876 1.41286 1.60982 1.40509 1.40468 1.76591 1.20812 1.48914 1.61507 1.31676 1.20136 1.18264 2.33248 2.49741 1.13785 1.06636 1.03728 0.941907 1.09318 1.81055 0.911891 1.25489 1.34154 2.02087 1.31427 1.29036 1.16082 1.13491 1.12764 1.7485 1.06533 1.24546 1.77975 1.21213 1.19228 1.35179 1.18689 1.10486 1.18516 1.65158 1.18601 1.03617 0.99934 1.0018 0.947269 1.02379 0.910388 0.909164 1.404 2.7237 0.997359 0.908596 0.893392 0.889652 0.872449 1.89316 1.2875
threshold=0.10835474018139248 1.0000000180025095e-35 3.5000000000000004 0 -0.22881477068136713 1 -0.48480576804294356 -1.0000000180025095e-35 -0.94893256002387349 0.51646960634302419 7.9278817361515248 0.43100637797042929 2 -2.0780634976288455 7.8360432426841937 -1.0166260796052302 0.66997700984824682 0.39215784313725494 0.95275297619047628 -0.0089064953873392288 0.063991523008292264 0.0040072213968986867 3 -0.063488617865065308 2921.7350000000001 4 2856.2350000000001 5 1026.2500000000002 6.7500000000000009 0.83333541666666677 0.042996727689420762 0.091848182251176982 7.3646281357110732 0.0097581496000143115 0.40546510810816461 0.80163934426229522 6 0.83205128205128209 0.55950309817018307 7 -0.09531017980432431 0.85053191489361712 0.99999812500234386 32.550000000000018 7.7174150090258076 0.07371768079546874 8 0.66927083333333348 7.3224565276078843 32.550000000000018 0.27091519332570607 7.3984329929150316 0.05759152473574037 1215.5200000000002 25.500000000000004 7.664275875119789 8.180417432131895 0.23611111111111113 37.500000000000007 7.6981525023959474 0.78263441337956019
decision_type=2 8 2 1 8 1 10 2 2 2 2 10 1 8 2 2 2 2 2 2 2 2 1 2 10 1 10 1 10 2 2 2 2 2 2 2 2 1 2 2 1 2 2 2 2 2 8 1 2 2 2 10 2 10 10 2 2 2 2 2 2 2
left_child=1 9 3 4 19 16 15 20 -2 10 -1 12 52 14 -14 -4 17 -6 -19 -3 21 -8 23 -23 -25 26 27 32 31 30 -30 35 -17 34 -31 38 -37 -38 57 49 46 -39 -42 51 45 -45 -41 -27 -49 50 -40 -44 53 55 -55 -10 -35 -29 -54 -15 61 -61
right_child=8 2 6 -5 5 -7 7 -9 11 -11 -12 -13 13 59 -16 25 -18 18 -20 -21 -22 22 -24 24 -26 47 -28 28 29 33 -32 -33 -34 56 -36 36 37 41 39 40 42 -43 43 44 -46 -47 -48 48 -50 -51 -52 -53 58 54 -56 -57 -58 -59 -60 60 -62 -63
leaf_value=0.003377672392314564 -0.0028460740787573692 0.0064964500136607973 0.018684094078329782 -0.00015633658191613946 -0.00019346153879385179 -1.9928021080304887e-05 0.00032271293098672533 -0.00033678095173353948 0.0025506077047034504 -0.0018595674867606605 -0.0028283232518438737 -0.0024856996930347013 5.5979973459034986e-05 -0.00080897843239724542 0.0074337233463541083 -0.00039953041168055503 -4.6184082191587375e-05 0.0047296085026799373 0.0020393285955410509 0.0048376087616141946 -0.0011794373162375995 -0.00017610145123995915 -0.0012255277287831481 0.0037444024833946134 -0.00049958197378356737 0.00013636168633976987 -0.000788922904260996 0.00082978773410253735 -6.3718634701309511e-05 0.0027559451463186934 0.0017214127696088906 -0.00024777663841346219 0.0029112503561284724 -0.00031836618665489482 0.0050337568580432869 0.010097408575019198 -0.0010973087103977759 0.0015237110327624053 0.00094485727649037227 0.0015183893003323 0.0044118031546725367 0.0035749425792988374 0.00077709026804445472 0.0025640998155909002 0.0077908194765401954 -0.00076080859118138778 -0.00061182507742309558 0.0021476275042243993 -0.00059352444096001254 -0.0006804374267809811 -0.00041243845472551841 0.0090612037465523688 -0.00012239206504755618 -0.00018159121642770642 0.0063106195730291666 -0.00031732548879681859 0.0033912837418835374 -0.0027751676240589289 0.0036258928882234795 -1.8278997471771467e-05 -0.0006437312228896626 0.0014433694392548095
leaf_weight=52 950 63 55 979 67 365 3234 7862 122 628 101 744 62 3907 40 1300 96 56 68 52 528 367 787 105 86 1825 865 105 125 49 47 752 49 43 43 55 123 67 50 52 51 86 284 41 57 50 232 66 1695 305 44 48 838 66 72 193 84 153 66 317 872 260
leaf_count=52 950 63 55 979 67 365 3234 7862 122 628 101 744 62 3907 40 1300 96 56 68 52 528 367 787 105 86 1825 865 105 125 49 47 752 49 43 43 55 123 67 50 52 51 86 284 41 57 50 232 66 1695 305 44 48 838 66 72 193 84 153 66 317 872 260
internal_value=-0.00038498 -0.000159891 -8.41956e-05 0.00135661 0.00316838 0.0019755 -0.000199808 -0.000531613 -0.00102762 -0.00243606 0.00185065 -0.000799604 -0.000590523 -0.000958129 0.00524272 0.000289138 0.00458054 0.00700521 0.01104 0.0101293 0.000159552 0.000405021 -0.000761517 0.000808435 0.00388021 0.000242368 0.000667181 0.00101839 0.00161312 0.00496173 0.0016763 0.00110524 -0.000290442 0.00752273 0.0117204 0.00179324 0.00435241 0.00296029 0.00121521 0.00187654 0.00297181 0.00631097 0.00441882 0.0037422 0.00744966 0.00320652 0.000101694 -0.000369754 -0.00121614 -0.000362501 0.004 0.00207207 0.000888157 0.00272026 0.00690647 0.000870252 0.00441406 -0.00189189 -2.21006e-05 -0.00107896 -3.10357e-05 0.00218858
internal_weight=32806 24297 23516 1746 767 652 21770 12969 8509 781 153 7559 6815 5458 102 8801 287 191 124 115 5107 4579 1345 558 191 8746 5160 4295 2946 391 172 2555 1349 219 92 1803 331 276 1472 1214 815 153 531 480 148 91 284 3586 1761 399 94 332 1357 453 138 315 127 258 904 5356 1449 577
internal_count=32806 24297 23516 1746 767 652 21770 12969 8509 781 153 7559 6815 5458 102 8801 287 191 124 115 5107 4579 1345 558 191 8746 5160 4295 2946 391 172 2555 1349 219 92 1803 331 276 1472 1214 815 153 531 480 148 91 284 3586 1761 399 94 332 1357 453 138 315 127 258 904 5356 1449 577
cat_boundaries=0 1 2 3 4 5 6 7 8 9
cat_threshold=2900 1540 16 6600 7717 387 1604 3076 1458
is_linear=0
shrinkage=0.05


Tree=78
num_leaves=63
num_cat=6
split_feature=8 41 0 5 13 25 25 9 10 41 9 31 18 24 25 13 11 20 33 10 23 6 19 30 11 1 16 1 5 11 30 23 27 21 5 15 3 41 4 18 8 8 7 5 24 3 31 26 21 16 11 25 42 10 20 5 33 9 0 21 18 5
split_gain=1.3876 1.93219 1.48888 1.31508 1.05364 0.987486 0.947083 1.40426 0.906434 0.832325 0.852177 0.858884 0.819807 0.806828 0.88858 1.02946 1.08387 0.874311 1.0458 1.18493 0.843444 0.840327 0.824023 0.751788 1.53055 1.02463 1.03979 1.26902 0.953583 1.11442 1.2409 0.900403 0.99039 1.00639 1.04011 0.978834 0.97561 0.877202 0.750448 0.81356 1.16989 1.05734 1.36323 1.69064 0.914122 0.806634 0.772913 0.853969 1.00799 0.748808 0.804486 0.745212 0.953193 0.8635 1.45045 0.909798 0.745169 1.01663 0.959842 0.798144 1.89242 1.39835
threshold=1.0000000180025095e-35 1.8806779661016952 0.0071933152439109813 7.0900382966464806 0.28571410204086883 0 1 0.048332483987553451 0.2164594948293326 130.30056529112497 0.65443551840903857 277.15000000000003 0.89506148935755325 2 3 1.6002280821917811 69.500000000000014 -0.10925910942667863 27.614285714285717 0.088235610072582307 0.58808037531210955 8.2059947278446952 0.1740636546282878 48.150000000000013 85.500000000000014 0.36607738863632427 0.15319011557758391 0.022860201705529274 6.9070280274647677 41.500000000000007 1.0000000180025095e-35 -0.53101007620481877 41.500000000000007 2141.0000000000005 7.8859336379233644 -0.079114954697970127 0.077319141505939118 5108.6447192796622 -1.221935703174448 -0.64549722436790102 0.095310981734629513 0.07797400143447944 7.9536698389547213 7.5859591948592788 4 -1.0000000180025095e-35 0.55000000000000016 11.500000000000002 3306.2500000000005 -0.69757197376320412 84.500000000000014 5 0.90081967213114766 0.13292430614904752 0.036440761474937938 7.7322362619621616 28.421428571428574 0.30109757131730436 -0.060405335331508152 1399.6050000000002 0.45930325753166479 6.9070280274647677
decision_type=8 2 2 2 2 1 1 10 2 2 10 2 10 1 1 2 2 10 2 2 10 2 2 2 2 2 2 2 2 2 2 8 2 8 2 2 2 2 2 10 8 10 2 2 1 2 2 2 8 2 2 1 2 2 10 2 2 10 2 8 10 2
left_child=1 -1 6 -3 5 -4 7 -2 9 38 11 -11 -9 20 -15 17 21 18 -16 -20 22 -17 23 28 25 26 31 -28 29 30 -6 -25 33 -33 -35 36 -34 51 -8 -40 41 44 43 45 46 -43 -41 -48 -49 50 -19 52 53 54 -30 -55 57 -42 -59 60 61 -58
right_child=2 3 4 -5 13 -7 8 12 -10 10 -12 -13 -14 14 15 16 -18 49 19 -21 -22 -23 -24 24 -26 -27 27 -29 37 -31 -32 32 35 34 -36 -37 -38 -39 39 40 56 42 -44 -45 -46 -47 47 48 -50 -51 -52 -53 -54 55 -56 -57 59 58 -60 -61 -62 -63
leaf_value=0.0011752810256961356 -0.001158477653675582 0.0021671674873369427 0.00077743661724450144 -0.0018849859756130483 0.0076233447402778353 -0.0015412266419457369 0.0051933445440989212 0.0001705818298031716 -0.0014923335418259023 -0.00063861459660398412 0.031362464199697224 0.0002394678331585866 -0.00023139981287951074 -0.0012570175281642155 0.0029108381430238989 0.0029696842119730348 0.0028334738681314079 -0.0021786145869908385 0.002724904961048543 -0.0017898695553689187 -0.0016263595499172384 -0.0012253330831399219 -0.0010572890639515206 -0.0024218855925566608 0.002546802076021299 -0.0028758118771294167 0.0033276156755609586 -0.0011920553805866603 0.0001875779898578976 0.00036124280734562385 0.00015381093688192555 -7.1027937120520353e-05 -8.9876871926183359e-05 0.0044498570558693515 0.0018411861090197842 -0.00040596174942981143 0.0015757096976990578 0.0019097390883629174 -0.00043491853657781545 -0.00022155521070283814 6.0703162021584806e-05 -0.00012990426090278304 0.00038484857213687198 0.0028986973571541721 -0.00080287544126374634 0.0005466921924214208 0.0045930871221778434 0.00086036432984789354 -0.00019107489113826437 -0.00037833728736691826 0.0019399199221748289 -0.00045514136343133174 -0.00014486129895510956 0.0035141006673768127 0.0062729523316048773 -0.0018930792829410144 6.142259733839123e-05 0.0015092100422060151 0.0063514725079770315 -0.00044403848667327531 -0.00065836100650188713 0.0025970413419591581
leaf_weight=83 211 91 179 592 53 903 62 7318 689 2087 62 246 1667 1720 52 74 67 522 84 87 572 206 341 46 59 81 40 140 79 396 51 58 40 64 99 148 40 69 1399 100 654 54 173 49 273 43 74 139 191 4632 67 1469 1217 40 43 79 132 144 44 2008 211 96
leaf_count=83 211 91 179 592 53 903 62 7318 689 2087 62 246 1667 1720 52 74 67 522 84 87 572 206 341 46 59 81 40 140 79 396 51 58 40 64 99 148 40 69 1399 100 654 54 173 49 273 43 74 139 191 4632 67 1469 1217 40 43 79 132 144 44 2008 211 96
internal_value=-0.000479824 -0.00258149 -0.000429346 -0.0034576 -0.000820308 -0.00231764 -0.000131297 0.000224828 -0.000497708 -0.000352464 -0.00113731 -0.00129177 0.000319941 -0.000692919 -0.00102433 -0.000724751 0.00191092 -0.0008944 0.00216518 0.000261627 -0.000213946 0.000533807 8.59541e-06 0.000195964 0.0015625 0.000951122 0.00159024 -0.00165746 -0.000122964 0.00189621 0.00647619 0.00277218 0.00345555 0.00583333 0.00783536 0.00113537 0.00555555 -0.000460462 -3.07862e-05 -8.98888e-05 0.000245097 0.00165907 0.00407812 0.00761905 0.000661953 0.00372449 0.00190291 0.00291358 0.00181269 -0.00102547 -0.00270339 -0.000592556 0.000211027 0.00307851 0.00601626 4.16655e-05 -0.000226445 0.00105575 0.00428571 -0.000667893 0.00126136 0.00441048
internal_weight=32709 766 31943 683 13817 1082 18126 9196 8930 8241 2395 2333 8985 12735 7511 5791 347 5444 223 171 5224 280 4652 4311 815 756 675 180 3496 500 104 495 449 221 163 228 80 2996 5846 5784 4385 1096 319 146 777 97 504 404 330 5221 589 2927 1458 241 122 119 3289 842 188 2447 439 228
internal_count=32709 766 31943 683 13817 1082 18126 9196 8930 8241 2395 2333 8985 12735 7511 5791 347 5444 223 171 5224 280 4652 4311 815 756 675 180 3496 500 104 495 449 221 163 228 80 2996 5846 5784 4385 1096 319 146 777 97 504 404 330 5221 589 2927 1458 241 122 119 3289 842 188 2447 439 228
cat_boundaries=0 1 2 3 4 5 6
cat_threshold=5 3186 17 11 22 909
is_linear=0
shrinkage=0.05


Tree=79
num_leaves=63
num_cat=8
split_feature=8 23 1 39 41 3 25 30 6 22 41 17 19 3 27 24 25 27 33 39 8 18 23 8 16 19 41 8 3 19 25 31 1 21 24 16 33 42 14 3 26 17 14 14 22 18 17 8 18 10 24 4 30 37 41 6 30 22 6 41 26 3
split_gain=1.51096 1.66096 1.54609 1.23718 1.36595 2.77605 1.22418 1.3131 1.13769 1.11644 1.16763 1.11961 1.09948 1.02997 1.02283 1.00252 1.0478 1.75204 1.09065 0.984706 0.976554 1.44862 1.09279 1.02569 1.56917 1.68227 1.09753 1.13743 1.05614 1.00446 0.961063 1.13926 0.948356 1.1082 0.925564 0.97141 0.884958 1.4206 0.872742 1.06066 0.890124 0.902952 0.851441 0.890526 0.839499 1.00209 0.8274 1.11231 1.80403 1.04171 0.982851 0.962072 0.913771 0.792942 0.791197 1.24023 2.23586 1.05335 1.06554 0.981347 1.2474 0.953433
threshold=1.0000000180025095e-35 -0.14481802496989246 0.036875274881016835 0 5784.8078958333344 0.26641092220143398 1 107.00000000000001 7.0093826117880242 0.31808203472047142 660.44247311827974 -1.5207038181914032 -0.024755256448569438 0.061719396118649524 44.500000000000007 2 3 2.5000000000000004 25.650000000000006 4 0.067982049439041833 0.10085099099173503 0.48532016331186806 0.28672311546717782 -0.58260530616012152 0.11928283149212972 2.4512966476913349 0.34077268713765102 0.42241676524109512 0.037626654402128167 5 36.900000000000013 0.49112478194045078 1570.5000000000002 6 1.9161208564290331 38.835714285714296 0.96850198412698429 -0.095310179804325088 -0.0080003280932170445 18.500000000000004 0.32448354931120021 1.4643306371972715 0.23673521182040871 -0.11331068383088017 0.4133730862519453 -0.31084341211126126 0.26300021839311055 -0.55560743673019575 0.19172956014784684 7 -1.0000000180025095e-35 50.45000000000001 45.500000000000007 1098.0725641025645 7.0329769813310241 12.650000000000002 0.066976693313402294 7.16646835151536 84.385526315789491 44.500000000000007 -0.032789822822990804
decision_type=8 10 2 1 2 2 1 2 2 8 2 2 2 2 2 1 1 2 2 1 10 10 10 10 2 2 2 10 2 2 1 2 2 10 1 2 2 2 2 2 2 2 2 2 10 8 2 10 10 2 1 2 2 8 2 2 2 10 2 2 2 2
left_child=1 8 15 6 13 53 7 34 12 10 11 14 -1 54 -8 16 17 -2 -18 -20 21 -13 23 -22 -25 26 -26 -28 29 44 31 -24 33 42 35 36 -4 -38 -19 -40 41 -41 43 46 -29 -46 -11 50 -49 51 52 -50 -48 -6 55 56 -5 58 -57 60 61 -60
right_child=2 -3 3 4 5 -7 9 -9 -10 32 -12 20 -14 -15 -16 -17 18 38 19 -21 22 -23 30 24 25 -27 27 28 -30 -31 -32 -33 -34 -35 -36 -37 37 -39 39 40 -42 -43 -44 -45 45 -47 47 48 49 -51 -52 -53 -54 -55 -56 57 -58 -59 59 -61 -62 -63
leaf_value=-0.0037906185115572943 0.0040336853240210092 0.0016770707588083867 -0.00032184288702510677 -0.0018691902447621111 -0.00062809931644407235 0.0022263595857799244 0.009058397485838211 0.0021610845346789679 -0.0017067713737284763 -0.00081875051481341025 0.006420246536068046 0.0042175414055310272 0.0055014226173813402 -0.0011472325629287578 0.00060762167227977593 2.4710362245230633e-05 0.0027303469136385999 -0.00085499924778100573 -5.440893317795216e-05 -0.0011062603431225239 -2.772446694532436e-05 -8.8657853102481752e-05 -0.0008986065652757723 -0.0051529453314904071 -0.003380985790728016 -0.0013540792650456623 0.0051293425534900249 -0.00037704192660526257 -0.0013183504333360377 0.0075217813960437021 -0.0018144149641315414 0.0031470462322020034 -0.0043579651713127939 -0.0024415535380787824 -0.0016830744499937598 0.0045636087007421269 0.0052038140719726338 -0.0012415309598054316 -0.00015437695674010331 -0.00087760700163549044 0.0036271201444380771 0.0025763761228322205 0.0020802224562392361 -0.00076607653893546622 0.00114285661120492 0.0044053620658845143 0.0028670243355123685 0.0037607647748578916 0.0018519674669461392 -0.0011283776636072493 -0.0012304639873469004 0.0099926044560074145 -0.0032264937879683177 0.00090248441659154842 -0.0014655929565351924 0.001340851494397674 0.0031885574096572264 -0.001278689334989133 -0.00012995110162977993 -0.00078804918009720568 -0.0026243749661331952 0.0012054738355483244
leaf_weight=45 56 56 1008 76 90 41 41 64 625 278 81 83 50 2937 43 14976 71 252 1031 1794 1486 95 71 85 42 87 72 65 58 56 264 41 306 203 1688 40 68 40 405 101 76 80 52 246 44 42 163 43 81 94 309 47 42 53 420 66 51 612 466 290 122 383
leaf_count=45 56 56 1008 76 90 41 41 64 625 278 81 83 50 2937 43 14976 71 252 1031 1794 1486 95 71 85 42 87 72 65 58 56 264 41 306 203 1688 40 68 40 405 101 76 80 52 246 44 42 163 43 81 94 309 47 42 53 420 66 51 612 466 290 122 383
internal_value=-0.000433994 -0.00261261 -0.000381044 -0.000797428 -0.00135903 0.00286486 -0.000376709 -0.00117849 -0.00325936 0.00012956 0.000768951 0.000588564 0.00182292 -0.00150535 0.00623529 -9.07511e-05 -0.000807326 0.00061162 -0.00128311 -0.00144197 0.000403162 0.00396648 0.000138773 0.000596172 0.00243659 0.00357602 0.00501316 0.00596154 0.00441729 0.00608173 -0.00233422 0.00154471 -0.000815015 -0.000314305 -0.00134271 -0.000239933 -0.000519249 0.00376147 8.74305e-05 0.00104072 0.00354651 0.00162088 0.000202801 -4.98478e-05 0.00391447 0.00712644 0.000581284 0.00141667 0.00404135 0.00219731 5.82512e-05 0.00511628 0.00266204 -0.00045139 -0.000755932 -0.00035317 0.00441406 -0.000667527 0.000124246 -0.000202061 0.000560698 0.00124118
internal_weight=32753 776 31977 13135 5607 184 7528 2908 720 4620 2756 2675 95 5423 84 18842 3866 970 2896 2825 2591 178 2413 2037 551 466 379 337 265 207 376 112 1864 1558 2844 1156 1116 108 914 662 257 181 1355 1303 151 86 1057 779 265 222 514 128 205 143 2486 2066 127 1939 1327 1261 971 849
internal_count=32753 776 31977 13135 5607 184 7528 2908 720 4620 2756 2675 95 5423 84 18842 3866 970 2896 2825 2591 178 2413 2037 551 466 379 337 265 207 376 112 1864 1558 2844 1156 1116 108 914 662 257 181 1355 1303 151 86 1057 779 265 222 514 128 205 143 2486 2066 127 1939 1327 1261 971 849
cat_boundaries=0 1 2 3 4 5 6 7 8
cat_threshold=7560 651 8 21 237 2064 17 20
is_linear=0
shrinkage=0.05


Tree=80
num_leaves=63
num_cat=4
split_feature=37 35 22 8 22 42 8 13 7 0 7 20 20 17 25 23 13 26 8 5 8 14 41 20 11 42 21 7 8 13 11 41 5 3 10 14 10 38 17 3 25 13 44 42 23 41 42 11 6 30 31 3 8 21 12 33 18 17 25 5 31 21
split_gain=1.55346 1.53067 2.03325 1.45459 1.39452 1.91209 1.69483 1.89818 1.47236 1.09617 1.04091 1.28403 0.997357 1.37369 0.962351 1.14021 1.13128 0.94802 1.35522 0.939783 1.24954 0.866617 1.26782 1.17072 1.30515 1.13052 1.06424 1.08414 1.43543 1.2457 1.31493 0.974903 1.28599 1.23428 1.5207 0.944621 0.941069 1.2622 0.892981 1.22002 0.88613 1.45663 1.3493 1.20064 1.0846 1.09177 1.44081 0.974377 1.33291 1.19273 1.31719 0.939799 1.31218 2.12558 0.8779 0.933869 0.926027 0.874059 0.936696 0.872751 1.39743 1.99009
threshold=35.500000000000007 0.015023302620193793 -0.17176777979965563 0.059232015861335932 0.16912636338280942 0.60977224576271194 1.0000000180025095e-35 0.51646960634302419 7.7857138281503149 0.2867711268044269 7.5786940273706103 0.28367777592790239 -0.016753958701861391 -0.52165466444571484 0 -0.50981958720928044 0.94235392188057965 32.500000000000007 0.13151494019004289 7.6114392959537778 0.15254115854496395 0.18232155679395465 12.455000000000002 0.067047787730687411 47.500000000000007 0.98449519230769245 21750.000000000004 8.3298347110748168 0.70492110352964188 0.81579429695940742 1.0000000180025095e-35 6.5181878306878316 7.7912484184019002 -0.16034265007517898 0.0183418877471806 -0.88162729236226445 0.067876130187097164 1 -0.69960127121363958 0.026875960849543915 2 0.86538544748680746 1.0000000180025095e-35 0.80163934426229522 1.0000000180025095e-35 69.836309523809533 0.91734972677595639 13.500000000000002 8.0515874334410871 1.2500000000000004 55.250000000000007 0.33430637546183833 0.23099112434394531 1500.8350000000003 5.5000000000000009 27.050000000000004 0.89506148935755325 -1.0343605809813747 3 9.0344511629894004 3.350000000000001 16650.000000000004
decision_type=8 2 10 10 10 2 8 2 2 2 2 10 10 2 1 10 2 2 10 2 10 2 2 10 2 2 10 2 10 2 2 2 2 2 2 2 2 1 2 2 1 2 2 2 10 2 2 2 2 2 2 2 10 10 2 2 10 2 1 2 2 8
left_child=-1 4 3 -3 6 -6 7 8 -2 21 11 12 13 -7 15 -15 -16 -17 -19 -14 -21 26 23 24 -23 31 27 29 36 54 -31 -26 -33 -34 -35 57 37 38 39 -29 41 42 -37 -42 45 47 -47 -43 49 -49 -51 -45 53 -53 -8 56 -56 58 -32 -40 -61 -62
right_child=1 2 -4 -5 5 10 9 -9 -10 -11 -12 -13 19 14 16 17 -18 18 -20 20 -22 22 -24 -25 25 -27 -28 28 -30 30 35 32 33 34 -36 40 -38 -39 59 -41 43 44 -44 51 -46 46 -48 48 -50 50 -52 52 -54 -55 55 -57 -58 -59 -60 60 61 -63
leaf_value=-0.00076222854872542067 0.0039605688775378482 -0.00017787935640604816 -0.0010074309726815767 0.0021786481034035514 0.0018299672329235039 -0.0030890774821554219 -0.00062483675202390965 -0.0016219966650839299 -5.5123502323484092e-05 -0.00085858460253515937 -0.0010195838365067416 0.0049767875128996063 -0.00068313586189502245 0.0043861783013550383 -0.00078757763099312171 -6.9353674000137669e-05 0.00087348798136883249 0.0034189086859835252 0.00073601089522345911 0.0023806788851815489 -0.0007612561813464823 -6.3894161650188916e-05 -0.00042632495932541713 -0.0006353185862101573 0.00032722112578119377 0.0022671306570664434 0.0012603341599541408 -0.0020780399289646763 0.013047631376061531 0.0035957603704532062 -0.0013981777610883432 0.0062771835310415375 -0.001862433570725438 0.0059558494805289275 -0.00010239549859528963 0.0040633592793759875 -0.0011185956438403612 -0.00067783836920921664 0.00033068226658649333 0.0034897091209282563 0.0085966260385012226 0.0058707770647039824 8.8204539032219357e-05 4.4291985533593692e-05 -0.00022119372581971735 -0.003029092580746651 0.00083296439735806741 -0.00027781399591997742 0.0061082192974383628 0.009773330467070962 0.00029597342208812183 0.00054785596769997937 -0.00011386345498127812 0.0043619619950179466 0.00061515288163975783 6.5418513021708022e-06 -0.00054164594498026461 -0.0009971143473334373 0.0043405170315049752 -0.0010433002286666536 0.0046651297285025877 0.0012014976222117528
leaf_weight=1226 41 41 78 92 40 160 787 608 101 1568 3005 46 1332 47 322 173 84 62 93 44 58 888 4489 643 610 55 64 203 56 85 102 71 43 47 68 57 1225 995 1127 50 58 56 40 1967 305 79 280 154 40 56 75 78 142 57 942 6460 131 316 151 95 56 202
leaf_count=1226 41 41 78 92 40 160 787 608 101 1568 3005 46 1332 47 322 173 84 62 93 44 58 888 4489 643 610 55 64 203 56 85 102 71 43 47 68 57 1225 995 1127 50 58 56 40 1967 305 79 280 154 40 56 75 78 142 57 942 6460 131 316 151 95 56 202
internal_value=-0.00031661 -0.000248401 0.00398585 0.00772388 -0.000277173 -0.00100238 -0.000123038 -0.00246338 0.00272727 -5.2656e-05 -0.00108347 -0.000311727 -0.000473486 0.000790869 0.00165601 0.00343264 -7.19436e-05 0.002462 0.00528846 -0.00130314 0.00330097 3.311e-05 -0.000436733 0.000484335 0.00114414 0.00249162 0.00023011 0.000204832 -0.000509976 0.000435622 0.00114906 0.00202976 0.00480435 0.00226415 0.0049569 0.00101769 -0.000623421 -0.000106267 0.000708141 -0.00202756 0.00132946 0.00246314 0.00831633 0.000752269 0.00193595 0.00296896 0.00098611 0.00482984 0.00375767 0.00253496 0.00602273 0.000570155 0.00329137 0.00680147 8.41233e-05 0.000250198 0.00161546 -0.000868422 0.0013189 0.00118163 0.00334746 0.00525096
internal_weight=32626 31400 211 133 31189 5466 25723 750 142 24973 5426 2421 2375 941 781 375 406 328 155 1434 102 23405 6914 2425 1782 894 16491 16427 4009 12418 4098 839 229 158 115 4013 3953 2728 1733 253 3444 1142 97 2302 1045 740 359 381 325 285 131 2244 277 135 8320 7533 1073 569 253 1480 353 258
internal_count=32626 31400 211 133 31189 5466 25723 750 142 24973 5426 2421 2375 941 781 375 406 328 155 1434 102 23405 6914 2425 1782 894 16491 16427 4009 12418 4098 839 229 158 115 4013 3953 2728 1733 253 3444 1142 97 2302 1045 740 359 381 325 285 131 2244 277 135 8320 7533 1073 569 253 1480 353 258
cat_boundaries=0 1 2 3 4
cat_threshold=1701 3 1298 1082
is_linear=0
shrinkage=0.05


Tree=81
num_leaves=63
num_cat=7
split_feature=8 41 24 39 7 13 31 31 20 31 20 21 11 16 20 7 8 11 31 22 22 16 18 39 19 8 27 21 21 20 39 33 33 35 39 8 33 42 26 42 38 31 20 6 2 31 16 31 8 41 39 7 20 41 33 7 20 16 18 27 31 7
split_gain=1.29968 2.32547 1.12087 1.90383 1.72244 1.04628 1.25208 1.93824 1.01717 1.16906 1.006 1.24712 1.37 0.962757 1.17099 0.923948 1.06448 0.891158 1.43325 1.54828 1.47592 1.65337 1.50573 1.40777 1.11076 1.0453 1.03657 1.76976 3.07281 1.02386 0.965707 1.12072 1.65049 0.929972 1.07711 1.13793 1.02152 1.05187 2.18055 1.03494 0.981731 1.27832 1.4438 1.26494 0.893919 1.11224 1.19806 1.26643 1.07253 1.34979 1.08896 1.79289 1.98283 1.47637 1.18117 1.12533 1.11297 0.96692 1.87932 0.874803 0.847895 0.978489
threshold=1.0000000180025095e-35 1.9346044191019247 0 1 7.0262191014631474 2.3937952057794827 76.100000000000009 23.550000000000004 0.046080406999490668 0.55000000000000016 0.010616281485460967 7862.5000000000009 17.500000000000004 1.2537679939593804 0.013206257861347352 7.3016191797109178 0.27999140359610636 6.5000000000000009 342.00000000000006 -0.24949585043924455 -0.18709308410857758 0.51082562376599083 0.75883069553358617 2 -0.020590073088188356 0.32780380400118708 49.500000000000007 7462.5000000000009 3802.3800000000006 -0.098749598676060132 3 34.207142857142863 30.535714285714292 3.5901944302834707e-09 4 0.34585864983527798 36.092857142857149 0.73453443877551028 28.500000000000004 0.83205128205128209 5 1.9500000000000004 -0.0083717350982687438 6.8130765090705729 -0.07410797215372121 109.25000000000001 -0.16093036681263703 11.350000000000003 0.039620160685053467 25.956938527084606 6 7.2729579929842947 -0.026330696785831064 72.396721311475417 26.992857142857147 8.2734906278009959 -0.046131096184225617 -0.12783337150988486 0.59128752396796858 16.500000000000004 0.15000000000000005 8.2501504566622152
decision_type=8 2 1 1 2 2 2 2 10 2 10 10 2 2 10 2 10 2 2 10 8 2 10 1 2 8 2 10 10 8 1 2 2 2 1 8 2 2 2 2 1 2 10 2 2 2 2 2 10 2 1 2 10 2 2 2 10 2 8 2 2 2
left_child=1 -1 3 -2 8 17 7 -7 -5 -10 -6 13 -13 14 -12 16 -16 18 20 -20 21 23 -23 -4 33 26 27 28 -25 30 31 32 -26 34 40 36 37 38 -36 -39 41 -19 -43 -42 45 46 -22 -48 49 -46 51 52 56 -54 57 -53 -50 -52 -59 -55 -32 -62
right_child=2 -3 5 4 10 6 -8 -9 9 -11 11 12 -14 -15 15 -17 -18 24 19 -21 44 22 -24 25 29 -27 -28 -29 -30 -31 60 -33 -34 -35 35 -37 -38 39 -40 -41 43 42 -44 -45 48 -47 47 -49 50 -51 54 55 53 59 -56 -57 -58 58 -60 -61 61 -63
leaf_value=0.0012620672397084336 -0.00034651010565510707 -0.0015622507415659276 -0.001554052274892108 0.0012811769334742354 -0.00013986389586570031 0.0017031628696584497 -0.0014640784516111271 0.0046748728634809994 5.312743258597066e-05 0.0051087911399053058 0.0020978386995416996 0.0049809136115336987 3.8080446321932789e-05 0.0021615892717109504 0.00010985478712913868 -0.00014454373631918714 0.0083505121544449074 -0.000781745242514708 0.0059756855760792786 0.00087139744667848954 0.0063651596948306995 0.0041702875165204045 0.0003465389359991203 0.001880220844777296 0.00011609294500371849 -0.0032714738044487615 -0.0013240342050072696 -0.00019498890158854622 0.0067824579196155465 -0.00048582762940465658 0.0047790429866953199 -0.00098418883250525786 0.0022241281746982425 -0.00083202803551574069 0.0067573805144926814 -0.00093925120912852873 -0.00046904732680317583 -0.0015206481240313632 -0.00010360835904900602 7.8041240411348795e-05 0.0010991380993394465 0.0047002003387809337 0.0013437196383289842 -5.1193864853702389e-05 0.0028930521044516692 -0.00028378358419360047 -0.00083375922534821784 0.0039390197943434723 0.0013129742427876422 -1.8319528344120839e-05 -0.0024571789085264723 -0.0013148542846964856 0.0011708898468896082 0.0018278923478241569 -0.00151720671307963 0.0026297193387706135 0.0060169068931679283 0.0036350374275986967 -0.0039511435760509498 -0.0014998897595044738 8.5348512433914864e-06 -0.0021868812165407084
leaf_weight=80 2015 691 311 568 1971 138 144 40 51 87 60 60 60 68 157 1059 61 57 40 78 59 79 60 73 55 45 65 83 51 12346 69 51 63 532 78 1120 1024 332 113 4389 49 55 142 611 40 146 88 61 43 97 64 468 42 48 1280 52 40 72 60 116 564 112
leaf_count=80 2015 691 311 568 1971 138 144 40 51 87 60 60 60 68 157 1059 61 57 40 78 59 79 60 73 55 45 65 83 51 12346 69 51 63 532 78 1120 1024 332 113 4389 49 55 142 611 40 146 88 61 43 97 64 468 42 48 1280 52 40 72 60 116 564 112
internal_value=-0.000440369 -0.00246762 -0.000391391 0.000211142 0.000816519 -0.000536769 0.00229102 0.0050838 0.00306931 0.00690647 0.000363167 0.001327 0.00619835 0.000906827 0.000609117 0.000285601 0.00324201 -0.000572885 0.000148825 0.00554622 -3.24504e-05 0.00190755 0.00682143 0.00081081 -0.000694299 0.00309451 0.00435897 0.00608173 0.00984 -0.000980319 0.000633879 0.00391667 0.00680672 -0.000248149 -0.00011291 -0.000322627 -4.71631e-05 0.00025239 0.00388021 0.000104827 0.00149189 0.00407547 0.00613636 0.000447093 -0.000568961 0.00177465 0.00411483 0.0017 -0.000912094 0.00336956 -0.00117017 0.000310974 0.00346552 0.000821255 -0.00197041 -0.00143954 0.00994048 0.00162436 0.00406015 -0.00133333 -0.000165345 -0.000709012
internal_weight=32733 771 31962 6217 4202 25745 322 178 706 138 3496 1525 120 1405 1337 1277 218 25423 3661 118 3543 767 139 628 21762 317 272 207 124 13260 914 169 118 8502 7970 7056 5936 4912 191 4721 914 254 197 660 2776 354 208 149 2422 137 2285 809 289 206 1476 520 83 196 132 164 745 676
internal_count=32733 771 31962 6217 4202 25745 322 178 706 138 3496 1525 120 1405 1337 1277 218 25423 3661 118 3543 767 139 628 21762 317 272 207 124 13260 914 169 118 8502 7970 7056 5936 4912 191 4721 914 254 197 660 2776 354 208 149 2422 137 2285 809 289 206 1476 520 83 196 132 164 745 676
cat_boundaries=0 1 2 3 4 5 6 7
cat_threshold=16 4234 5384 584 10 2 3076
is_linear=0
shrinkage=0.05


Tree=82
num_leaves=63
num_cat=8
split_feature=8 0 41 5 22 27 39 17 2 1 39 22 26 25 18 9 9 8 39 33 8 23 10 11 25 12 2 39 26 16 16 16 7 19 18 17 22 41 42 41 16 0 8 27 25 0 8 7 12 30 18 19 7 25 19 8 42 2 1 18 31 31
split_gain=1.37149 1.6982 1.61548 1.26314 1.10501 1.06892 1.62474 2.28675 1.99156 0.984453 0.944959 1.48118 1.86764 1.17259 1.13351 1.63518 0.974319 0.894749 0.887043 1.34916 1.303 1.11098 0.868911 1.10529 1.25417 1.50238 1.19984 0.86702 0.96118 1.30167 1.08612 2.07157 1.15101 1.28227 0.887044 0.930995 1.02949 0.859315 0.799258 0.786547 1.46563 0.778716 0.894981 0.87026 1.55541 1.75416 1.43502 1.54133 0.821624 1.08235 1.14427 1.48021 1.28651 0.794052 0.836058 1.09019 1.33731 1.24459 1.08718 1.08252 0.981796 1.06736
threshold=1.0000000180025095e-35 0.00561448733626957 1.8806779661016952 7.0900382966464806 -0.075441074690242999 3.5000000000000004 0 -0.34643700186290344 0.14664907021229071 0.41292540758523094 1 -0.78669206716589124 11.500000000000002 2 0.59128752396796858 0.20956818109518596 0.44023679812838251 0.016376077632875127 3 38.250000000000007 0.082667068271621805 0.77885816861527635 -0.4258756698201282 59.500000000000007 4 10.500000000000002 -0.48550781578170049 5 46.500000000000007 1.0991241559506173 -0.061530046378613472 -0.48212009856837307 7.8783368044339914 2.7748510712386544e-16 0.49748917028733591 -0.15442649672619715 -0.40546528667962484 25.083356487913314 0.96899038461538478 1098.0725641025645 0.18232155679395481 0.33349160848307552 0.17843089598270567 21.500000000000004 6 0.048790449883798999 0.28672311546717782 7.8049921591054279 7.5000000000000009 3.0500000000000003 0.21630307607637736 -0.070755794110357775 7.725841813306725 7 -0.0058586780346309786 0.19914811854086478 0.95275297619047628 -0.075507552508144546 0.077987260232706315 0.55277323851863203 2.1500000000000008 54.150000000000006
decision_type=8 2 2 2 10 2 1 2 2 2 1 8 2 1 10 10 10 10 1 2 8 8 2 2 1 2 2 1 2 2 2 2 2 2 10 2 10 2 2 2 2 2 10 2 1 2 10 2 2 2 8 2 2 1 2 10 2 2 2 10 2 2
left_child=2 9 -1 -4 17 6 -6 -8 37 10 11 12 -2 18 15 -14 -17 -3 19 -12 -21 -22 23 24 26 -26 -13 28 29 30 31 -15 33 -33 35 36 -30 -9 -20 -24 -41 42 -19 44 45 -44 47 -47 -46 -50 51 -51 -52 54 55 56 -45 58 -57 -56 -61 -62
right_child=1 4 3 -5 5 -7 7 8 -10 -11 13 22 14 27 -16 16 -18 41 38 20 21 -23 39 -25 25 -27 -28 -29 34 -31 -32 32 -34 -35 -36 -37 -38 -39 -40 40 -42 -43 43 53 48 46 -48 -49 49 50 52 -53 -54 -55 59 57 -58 -59 -60 60 61 -63
leaf_value=0.00047852335593709464 0.0097004706333093937 0.0023138780015180124 0.0015179243075540898 -0.001512466873893446 -0.00096599857595032349 -0.00074976576721094495 -0.002263987990353752 0.00085366877189011435 -0.00018695582114519073 -0.0017780944101439867 -0.00043938798997036085 -0.0043376163112716108 0.0097353346322709769 -0.00033782726694420206 -0.0012881109517913821 -0.00047501061626063692 0.0068885741207434141 -0.00023292092346819659 -0.0011853192078738431 0.0024155444977846199 -0.00023757801222005069 0.0032557855821215642 2.8847450518060575e-05 -0.00024728920348419557 0.006041348646463122 0.0036821333700110858 0.0014511081954727925 -6.835704074980011e-05 -0.001311045818759509 0.0017411021034056955 -0.00037745359509157447 0.0047446918612014293 0.00041276143832635003 0.00090947181384796137 -3.678055125149564e-05 0.0030403351396954465 0.0033729373859100239 0.0048925207471269688 -0.00027299939220013506 0.0060141477095048768 -0.0014320686889753298 -0.0010079147029216434 0.005775440777464393 0.0067884871646768687 -0.0009288368556184352 0.0065301501194724252 -0.00059170642458205398 0.00081926294464745018 -0.0004023322462165454 0.0019525810801876561 0.0065751086739347766 -0.0010227513910388505 0.00098451713436487911 -0.00046295227416493867 -0.0022874844571101889 0.0042647251373341948 0.0015080828089088947 -0.00090357783346379356 0.002879632671376333 -0.0011735719251609372 0.0064652501120041374 -0.00025619196818198691
leaf_weight=82 47 74 90 588 241 5712 54 42 45 385 1666 54 41 239 86 115 51 4338 923 49 186 62 6831 146 42 84 70 4901 43 69 850 107 122 60 104 62 50 50 474 52 40 881 43 42 130 48 72 61 274 73 61 99 86 729 253 43 41 234 40 85 72 48
leaf_count=82 47 74 90 588 241 5712 54 42 45 385 1666 54 41 239 86 115 51 4338 923 49 186 62 6831 146 42 84 70 4901 43 69 850 107 122 60 104 62 50 50 474 52 40 881 43 42 130 48 72 61 274 73 61 99 86 729 253 43 41 234 40 85 72 48
internal_value=-0.000398865 -0.000348937 -0.00249672 -0.00329897 -0.000762598 -0.00126444 0.00113164 0.00443069 0.00807971 -2.80381e-05 2.66624e-05 0.000443936 0.00366569 -0.000294148 0.00215986 0.00415865 0.00191617 -0.00036855 -0.0010531 -0.00036221 0.0027349 0.00124498 0.000294398 0.00256927 0.00458167 0.00781022 0.000592591 9.29272e-05 0.00105999 0.000562844 0.000224799 0.00200378 0.00484483 0.00752976 0.00386538 0.00625 0.00303191 0.0122581 -0.0020135 0.000163921 0.00473118 -0.000421074 -0.000241526 0.00050493 0.00170359 0.00523404 0.00326923 0.00686364 0.000524522 0.00132155 0.00329687 0.00052023 0.00652027 -0.000210958 0.00081703 0.00249376 0.00755952 0.0011478 0.00636905 -0.000631809 0.00206311 0.00495868
internal_weight=32742 31982 760 678 13971 6144 432 191 137 18011 17626 7659 340 9967 293 207 166 7827 3360 1963 297 248 7319 396 250 126 124 6607 1706 1447 1378 528 289 167 259 155 93 92 1397 6923 92 7753 6872 2534 947 224 181 109 723 593 319 172 147 1587 858 400 83 317 83 458 205 120
internal_count=32742 31982 760 678 13971 6144 432 191 137 18011 17626 7659 340 9967 293 207 166 7827 3360 1963 297 248 7319 396 250 126 124 6607 1706 1447 1378 528 289 167 259 155 93 92 1397 6923 92 7753 6872 2534 947 224 181 109 723 593 319 172 147 1587 858 400 83 317 83 458 205 120
cat_boundaries=0 1 2 3 4 5 6 7 8
cat_threshold=4487 860 396 3105 1177 4224 195 2618
is_linear=0
shrinkage=0.05


Tree=83
num_leaves=63
num_cat=11
split_feature=1 42 25 9 9 3 9 12 39 25 31 1 31 2 44 24 38 1 30 38 2 25 12 16 26 7 39 12 19 20 6 13 40 1 4 7 3 7 15 27 11 2 9 20 30 20 0 25 7 7 25 5 10 42 11 2 1 20 39 27 41 5
split_gain=1.35227 1.62244 1.81055 2.13395 1.76357 2.33407 1.6098 1.2195 1.44778 1.76011 1.30988 1.12322 1.11474 1.97768 1.38321 1.04413 1.29618 1.19497 1.01392 0.871591 1.58909 1.33643 1.30123 1.41047 1.35076 1.28068 1.44059 2.38302 1.39005 1.16613 1.16274 1.1246 1.69698 2.13315 1.06214 1.04904 1.04497 0.935464 0.935038 0.929225 0.925273 0.896481 1.95959 1.1822 0.870317 0.862942 0.827394 0.823441 0.80525 0.775845 0.763483 1.10001 0.749369 0.742707 1.05897 0.73721 0.847968 0.726992 1.31662 1.25507 2.0826 0.990693
threshold=-0.020003951203326761 0.73453443877551028 0 0.039451810805716324 0.12199794423540104 0.49082990757103589 0.02546646264633946 50.500000000000007 1 2 327.80000000000007 -0.034171054659807958 5.0500000000000016 0.11722408416451337 0.29285714285714287 3 4 0.55961578793542299 1.0000000180025095e-35 5 -0.7436351392299464 6 21.500000000000004 -0.23638877806423034 38.500000000000007 8.96771277631108 7 33.500000000000007 -0.074265769345708374 0.025925476892406037 8.3498601413128419 0.82391515822540373 1.5000000000000002 -0.1807818664550371 -0.09184178113016904 8.4919846475750358 -0.15415067982725847 7.725841813306725 -0.095258582879455642 44.500000000000007 35.500000000000007 -0.090030787391913933 0.19238572641348972 -0.0079088845816965639 107.00000000000001 0.11750915214098399 0.10112670841488304 8 7.1110095835855125 6.850603044435192 9 7.8152702296861447 0.65859317459601308 0.91596045197740128 65.500000000000014 -0.16831897521691894 -0.20971999044123632 -0.07551538202006719 10 33.500000000000007 46.201562500000009 7.7484911560174483
decision_type=2 2 1 10 10 2 8 2 1 1 2 2 2 2 2 1 1 2 2 1 2 1 2 2 2 2 1 2 2 10 2 2 2 2 2 2 2 2 2 2 2 2 10 10 2 10 2 1 2 2 1 2 2 2 2 2 2 10 1 2 2 2
left_child=7 2 3 -2 -5 12 -3 8 9 -1 11 18 14 -14 -6 17 45 44 53 20 -10 25 -22 -24 31 26 27 39 34 37 36 50 33 -33 -28 38 -23 -26 -32 -21 -38 42 43 -42 46 -17 57 52 -13 -49 51 -25 -18 54 -11 56 -37 58 61 -60 -61 -8
right_child=1 6 -4 4 5 -7 15 -9 19 10 -12 48 13 -15 -16 16 47 -19 -20 21 22 30 23 24 29 -27 28 -29 -30 -31 35 32 -34 -35 -36 55 40 -39 -40 -41 41 -43 -44 -45 -46 -47 -48 49 -50 -51 -52 -53 -54 -55 -56 -57 -58 -59 59 60 -62 -63
leaf_value=-0.00090827184911162714 0.0023517862184614965 -0.0012420706523345788 -0.00022444643587961802 -0.00037046339381469995 0.0058810381904504175 -0.0040341032267700982 0.00056467809920759406 -0.00010497234590300854 0.014193384336885452 8.9577820677880281e-05 0.0032664435458954681 0.0010971356274759019 0.0097613885729775519 0.0013075032249082901 -0.00040599938722172201 -0.0012439705660150045 -0.00092935682751069256 -0.0026474503210677422 -0.00031989773773606839 0.0032452014614461054 7.0070686824028042e-05 -0.0010728898332282983 1.8185240122031434e-06 0.0025696882939637484 0.00362615679883724 0.0024570832031898531 -0.00028561153615055712 0.0047055837062585553 -0.00092304380297700641 0.0024373668116987944 0.0036663249630461228 0.0025524743355833366 -0.0003337754324063544 0.007297183312167374 0.0067681156616991632 -0.00077960722398192326 -0.0010835604042230766 0.0025648684600004471 0.0013739627778841983 -0.00081353105923552896 0.0004218909856697733 -0.00015634502028552533 -0.0026715129947537998 0.0034973872660103039 0.0010003223669014859 0.00103912707524742 -0.00051456516230681862 -0.00086924300706942763 0.0008903373232360016 3.9109486404937765e-05 -0.00018631688696776273 -0.00016894482796675917 0.0012540014389388629 0.00054779865587995869 0.0060323792762220869 -0.00050138229516610551 0.0037426352590585197 -4.2128670935386093e-05 0.00042832434283929764 0.0088377812460453727 0.0020675147512433274 -0.0035039507995182381
leaf_weight=1000 41 342 374 206 56 57 143 6955 56 48 46 40 55 43 75 2161 1635 446 781 72 1125 482 313 56 40 41 58 70 401 56 40 58 66 58 57 49 173 72 50 68 41 403 69 71 387 164 3269 347 47 2822 158 94 46 206 40 220 57 5897 148 61 67 94
leaf_count=1000 41 342 374 206 56 57 143 6955 56 48 46 40 55 43 75 2161 1635 446 781 72 1125 482 313 56 40 41 58 70 401 56 40 58 66 58 57 49 173 72 50 68 41 403 69 71 387 164 3269 347 47 2822 158 94 46 206 40 220 57 5897 148 61 67 94
internal_value=-0.00034018 -0.000614143 0.00144824 0.00328125 0.00241379 0.00494773 -0.000717971 3.74861e-05 0.00051452 -0.000536279 0.000746512 0.000421323 0.00719565 0.0112121 0.00412879 -0.000652138 -0.00111676 -0.000333556 -2.32354e-05 0.00102072 0.00175219 0.000365802 0.00153553 0.00287551 0.00418816 0.00207583 0.00160935 0.00497737 0.000132826 0.00804734 -0.000435175 0.00285132 0.00595628 0.00957265 0.0049569 0.00184652 -0.00120565 0.0109735 0.00659341 0.00141844 -4.61753e-05 0.000905982 0.00381868 0.00787611 -0.000221517 -0.0020869 -0.000314567 -0.000648016 0.00585227 -0.000171385 0.00100324 0.00341615 -0.0015396 0.00247458 0.00629213 0.000519876 0.00392523 1.5597e-05 0.00181906 0.00407665 0.00782946 -0.000947582
internal_weight=32673 18936 907 533 492 286 18029 13737 6782 2208 1208 1162 229 98 131 17687 7175 10512 1075 4574 2152 2422 2096 971 658 767 726 210 516 168 1655 490 182 116 115 416 1239 112 90 140 757 584 181 112 10066 2325 9679 4850 87 3169 308 150 1681 294 88 326 106 6410 513 276 128 237
internal_count=32673 18936 907 533 492 286 18029 13737 6782 2208 1208 1162 229 98 131 17687 7175 10512 1075 4574 2152 2422 2096 971 658 767 726 210 516 168 1655 490 182 116 115 416 1239 112 90 140 757 584 181 112 10066 2325 9679 4850 87 3169 308 150 1681 294 88 326 106 6410 513 276 128 237
cat_boundaries=0 1 2 3 4 5 6 7 8 9 10 11
cat_threshold=2151 387 583 19 2 9 1105 2052 1065 44 852
is_linear=0
shrinkage=0.05


Tree=84
num_leaves=63
num_cat=3
split_feature=22 9 42 37 0 24 13 10 14 21 2 15 27 14 13 3 7 13 33 15 15 11 31 21 2 14 41 41 18 0 13 13 0 18 26 21 42 30 22 27 10 12 5 7 2 42 9 33 27 5 3 41 22 19 38 19 38 41 41 15 21 23
split_gain=1.32308 1.6286 1.18337 1.07871 1.00508 0.932755 0.999564 1.00488 0.925014 0.894376 1.10645 1.05016 1.54021 1.22033 1.83632 1.06341 1.50158 0.971249 0.828894 0.799041 1.22644 0.818126 0.7682 0.923584 0.829782 0.748573 0.745822 0.807377 2.38421 1.01171 1.08054 1.71943 0.785613 0.839885 1.20926 1.49286 1.19515 0.767349 0.741263 0.734671 0.993171 0.729791 0.722265 0.720459 0.716418 1.21908 0.836758 1.10747 0.692738 0.686108 0.659524 0.659352 0.643635 0.628602 0.819525 1.36821 0.768299 0.727774 1.22636 0.665135 1.19199 1.00338
threshold=-0.041621424690881953 0.042822650199884481 0.60977224576271194 7.5000000000000009 0.28768220403071171 0 2.1749019607843141 -0.64124254273186387 0.14564856407486484 1316.6650000000002 0.30010459245033833 -0.079114954697970127 3.5000000000000004 -0.34601471950120483 0.58109681479668551 -0.18496052982851904 7.2011834528129368 0.75000006465518376 30.192857142857147 -0.53062825106217038 -0.44179193428644531 80.500000000000014 323.75000000000006 2913.7500000000005 0.27606595276855211 -0.91654383236045045 2.579473684210527 3.1112007168458784 0.42810885298788887 0.04725295929246754 0.72620280781635371 0.4596830630964242 -1.0000000180025095e-35 -0.46026825859626525 29.500000000000004 1951.2500000000002 0.68801229508196726 165.50000000000003 0.29730710681521816 40.500000000000007 0.090440278075957017 28.500000000000004 7.3132332177464852 8.1406880835235462 0.18805223150293984 0.9346044191019246 0.084256100400629613 29.492857142857151 11.500000000000002 8.005561203949517 -1.0000000180025095e-35 795.07377049180343 -0.73388916867951759 -0.14853153869141672 1 -0.19868176095353665 2 1263.463003663004 187.82031250000003 0.57785259319953852 14600.000000000002 -0.44566832359721958
decision_type=10 8 2 10 2 1 2 2 2 10 2 2 2 2 2 2 2 2 2 2 2 2 2 10 2 2 2 2 10 2 2 2 2 10 2 10 2 2 10 2 2 2 2 2 2 2 10 2 2 2 2 2 10 2 1 2 1 2 2 2 8 10
left_child=1 42 -2 9 5 6 7 -3 26 10 11 13 17 19 -15 -16 39 -13 -8 21 -21 -4 24 -24 53 -9 32 28 29 30 31 -28 -7 34 35 -34 -37 -29 -11 40 -17 -36 -1 49 46 -46 47 -14 -43 -44 -49 -48 -35 54 55 57 59 58 -10 -55 61 -61
right_child=2 4 3 -5 -6 8 18 25 22 38 -12 12 44 14 15 16 -18 -19 -20 20 -22 -23 23 -25 -26 -27 27 37 -30 -31 -32 -33 33 52 41 36 -38 -39 -40 -41 -42 48 43 -45 45 -47 51 50 -50 -51 -52 -53 -54 56 -56 -57 -58 -59 -60 60 -62 -63
leaf_value=-0.0014728725581553902 0.001496954881387295 0.0095465249854809094 -0.001229793826117827 -0.0023374775389456521 -0.0010334215501349993 -0.001033531758303856 -0.00019881665983230361 -0.0022600120886174936 -0.00067695806865034579 -0.00028345040917390258 -0.0013352232969666203 0.00018629386189140853 -0.0006698415514042105 -1.5145990566056413e-05 0.00073321490741462135 -0.00040301830667662333 0.0045794274989549725 0.0058964580882645895 0.0041470527625470394 0.0025832396299616304 -7.6132647461736415e-05 0.00052799813708620611 6.5951675382316743e-05 0.0024151989543699653 -0.0020746062975226221 -0.00022137223172086947 -0.00063331573044683774 0.00012890275373733898 0.0037911671311506045 -0.0026568936092140078 -0.00092864776692626501 0.0053163778771567818 0.0038667140517144082 0.00039171381281476419 0.0010336192255881403 0.0040315542564769392 5.9891068286302854e-05 0.0023002672426286059 -0.0011091251985798926 0.0027607808618292937 0.0026571645063594644 0.0065850279599305563 -9.1028736997815962e-05 -0.00099201140237456325 0.0079393151822945585 -0.00025914106808079258 -0.00059836587568771885 0.0017959534815990574 -0.001243471750380922 0.0012980544117373722 0.00061773298266226814 0.0044474331649705517 -0.0024166296171731581 -0.00012810060540882149 -0.00020551855493103899 0.0046602484872809539 -0.00045506791013189425 -0.0037370990222490271 0.0049492587025514369 0.0050726059599091721 -0.002498616145681927 0.00079580087176772522
leaf_weight=358 64 55 289 361 1186 551 42 232 75 5141 430 51 109 342 110 54 72 43 40 45 144 78 99 41 384 3602 59 9512 76 74 82 65 42 73 54 40 147 46 1746 80 57 42 145 129 40 83 1291 49 148 56 81 68 167 485 190 79 3103 41 40 63 60 259
leaf_count=358 64 55 289 361 1186 551 42 232 75 5141 430 51 109 342 110 54 72 43 40 45 144 78 99 41 384 3602 59 9512 76 74 82 65 42 73 54 40 147 46 1746 80 57 42 145 129 40 83 1291 49 148 56 81 68 167 485 190 79 3103 41 40 63 60 259
internal_value=-0.000428734 -0.000205534 -0.000880969 -0.000921506 -0.000127971 -4.43482e-05 -0.000729534 -0.000847045 0.000125092 -0.000828048 -0.000179131 0.00015225 -0.000619495 0.00125393 0.00261871 0.00504011 0.00676136 0.00557895 0.00469879 -0.000502694 0.00213158 -0.00186141 -0.000446139 0.00319149 -0.000553348 -0.000943939 0.000376598 0.00052244 0.00285714 0.000711743 0.00251208 0.00544 -0.0007668 0.00032913 0.00155063 0.00415217 0.00220745 0.000435191 -0.00115926 0.00440104 0.00174107 -0.00089796 -0.00259797 -0.000906346 -0.000961093 0.00270161 -0.00124453 0.00147917 -0.00235602 0.000965345 0.00458015 -0.00172427 -0.00207469 -0.000358281 0.00146713 0.00335366 -0.000554018 0.00076433 0.00280172 0.000757402 0.00232376 0.00352941
internal_weight=32770 21942 10828 10764 21254 20068 3971 3889 16097 10403 3516 3086 1815 1271 715 373 263 94 82 556 189 367 4919 140 4779 3834 11178 9914 356 280 206 124 1264 713 473 229 187 9558 6887 191 111 244 688 330 1721 123 1598 239 190 201 130 1359 240 4395 425 235 3970 156 115 867 382 322
internal_count=32770 21942 10828 10764 21254 20068 3971 3889 16097 10403 3516 3086 1815 1271 715 373 263 94 82 556 189 367 4919 140 4779 3834 11178 9914 356 280 206 124 1264 713 473 229 187 9558 6887 191 111 244 688 330 1721 123 1598 239 190 201 130 1359 240 4395 425 235 3970 156 115 867 382 322
cat_boundaries=0 1 2 3
cat_threshold=8 5 8
is_linear=0
shrinkage=0.05


Tree=85
num_leaves=63
num_cat=7
split_feature=1 9 42 22 18 11 11 14 16 0 22 21 1 25 18 27 41 10 24 4 39 41 5 5 4 39 11 9 18 26 41 9 41 5 25 22 16 19 18 13 25 37 39 23 26 4 14 1 7 1 23 33 15 42 1 41 2 1 7 23 9 13
split_gain=1.15395 1.29834 1.53475 1.17476 1.41871 0.997654 1.60863 1.22294 1.20161 1.1392 1.02437 1.44991 1.81058 1.69097 1.81651 1.50468 1.57092 1.30403 1.6214 1.81897 1.26053 1.45742 1.15899 1.15499 1.07591 1.02126 1.24253 1.10374 0.9988 1.24752 0.998661 0.992285 0.937859 1.45707 1.14076 1.10033 1.05753 1.34701 0.907169 0.904069 1.08177 1.12705 1.10287 1.43028 1.23941 1.43173 1.12256 1.42624 2.17409 1.14959 1.29082 1.1175 1.02328 0.919909 1.06651 1.65655 1.12372 1.06992 0.913302 0.902039 0.897049 0.890527
threshold=0.10835474018139248 0.02546646264633946 0.7835585585585586 0.31808203472047142 inf 6.5000000000000009 54.500000000000007 0.16034265007517953 -0.49568598944977577 -0.63961460858910513 -0.0090507446116534981 3904.1650000000004 -0.15415067982725847 0 -0.52376349915968967 4.5000000000000009 34.210028248587584 0.096845424064612842 1 -0.064538153490376601 2 2.0556466302367946 7.546085072749853 8.7276222707389408 -0.19536521800503023 3 10.500000000000002 0.11543296922784139 -1.0808198097495783 37.500000000000007 411.66383101851869 0.15865938425757223 54.470738636363642 7.6547664295244955 4 0.37461525542541957 0.64204831295739673 -0.09902102579427785 -3.6581887824888137 0.58109681479668551 5 1.0000000180025095e-35 6 1.0303952125268678 42.500000000000007 -0.27744661041481006 -0.17768117723745233 -0.041964184421938271 6.9897584909408375 -0.11778303565638336 0.080042707673536551 28.63571428571429 2.1413716472666313 0.9536672629695887 -0.037041271680349201 5.1181455633100699 0.016528154409447552 0.012607129972895594 8.4363165082525509 -0.22314355131420965 0.12746595124446128 0.45454558030886993
decision_type=2 10 2 8 8 2 2 2 2 2 10 8 2 1 10 2 2 2 1 2 1 2 2 2 2 1 2 10 8 2 2 10 2 2 1 10 2 2 10 2 1 10 1 10 2 2 2 2 2 2 8 2 2 2 2 2 2 2 2 10 10 2
left_child=1 2 -1 61 -5 9 7 10 38 -3 11 12 -7 -14 22 16 23 18 19 -16 21 -12 -15 24 -13 26 -9 -28 29 -10 -20 -29 33 36 -34 -36 37 -11 -8 -30 41 52 43 44 46 -46 47 49 -49 50 -42 -47 -41 -44 55 -55 -56 -58 -53 -39 -18 -2
right_child=3 5 -4 4 -6 6 8 25 28 32 20 15 13 14 17 -17 60 -19 30 -21 -22 -23 -24 -25 -26 -27 27 31 39 -31 -32 -33 34 -35 35 -37 -38 59 -40 40 42 -43 53 -45 45 51 -48 48 -50 -51 -52 58 -54 54 56 -57 57 -59 -60 -61 -62 -63
leaf_value=0.0013210442211818423 -0.0012426650552840269 0.0049319109644296285 -0.0011439689854741341 -0.0010496149496219511 0.0041536667449520509 -0.00029306521210995657 0.0021114166946469572 0.001444213995304309 0.00091749100557275492 0.0063441254025796119 0.0029987824155221793 0.0016031852316866898 5.8756962505474205e-05 0.0053794775009325391 0.0040673620064826535 -0.0002348972858695322 0.00063977001317811876 -0.0014615235491651519 -0.00038902035436976857 0.00044414807044013062 -0.00081881897374867113 -3.1788310047406133e-05 0.0020652974362087746 0.00074612442705598186 0.0080418387537084975 -0.00077334593621547975 -0.0019573749357364371 0.0019530365595399985 -7.8956964642175418e-05 0.0052299090541990736 0.00160926926405829 -0.00036728444526757872 -0.0018021025429853508 0.00021774157435426025 -5.8217814236630133e-06 0.0026841692484548263 0.0046975381459629468 0.0014776498401342418 -0.00049503560609657268 -3.1148263327904696e-05 -0.00042329106505265912 -0.0025728914553478292 -0.00031366840292624361 -0.0014697660746464229 0.0060235791128339022 -0.001342896023858109 0.000503036985914894 0.0046814971848332318 0.0012346894417958256 -0.00040088891227767421 0.0031802767288938247 0.0036779646393182742 0.0027069868238079556 0.0025534299012204987 3.8262783026144576e-05 -0.00032370988643157364 0.0025630863004426352 0.0018705509803051341 0.0018903128805691756 -0.00039762664736490706 -0.0019153833226007244 -8.5068076850874988e-06
leaf_weight=48 1038 88 355 3503 51 621 45 42 352 42 46 41 604 59 44 3406 101 55 118 65 1415 712 59 64 74 3086 82 73 2682 77 62 155 257 1127 1094 52 40 88 1798 1206 42 195 945 95 41 67 1166 42 144 75 70 71 43 53 137 344 43 125 47 95 110 3891
leaf_count=48 1038 88 355 3503 51 621 45 42 352 42 46 41 604 59 44 3406 101 55 118 65 1415 712 59 64 74 3086 82 73 2682 77 62 155 257 1127 1094 52 40 88 1798 1206 42 195 945 95 41 67 1166 42 144 75 70 71 43 53 137 344 43 125 47 95 110 3891
internal_value=-0.000371999 -0.000196617 -0.00300743 -0.000873999 -0.00156681 -0.000149061 -0.000268811 -0.000682291 0.000194325 0.000722953 -0.000330418 3.37333e-05 0.00125296 0.00250234 0.00473573 -0.000508297 0.00242967 0.00298551 0.00432759 0.00879167 -0.00124885 0.00040312 0.0101681 0.00586111 0.00883621 -0.00146554 0.00107438 -1.18826e-09 0.000457645 0.00280232 0.00104712 0.00179039 0.000545421 0.00146446 -0.00036681 0.000319791 0.00479323 0.0034292 -0.00095716 0.000325516 0.000725968 -0.000426118 0.00119812 0.002031 0.0023641 0.00581498 0.00185389 0.00423797 0.0073262 0.00114362 0.00433628 0.00389785 0.000123999 0.0002503 0.00162162 -8.79409e-05 0.00383987 0.00656805 0.00680672 0.00154891 -0.000495284 -0.000374241
internal_weight=32768 24285 403 8483 3554 23882 20999 11094 9905 2883 7656 5483 1687 1066 462 3796 390 344 289 109 2173 758 118 179 115 3438 352 310 8062 429 180 228 2795 1392 1403 1146 265 225 1843 7633 4951 1444 3507 1860 1765 226 1539 373 186 187 112 185 1249 1647 702 397 305 168 118 183 211 4929
internal_count=32768 24285 403 8483 3554 23882 20999 11094 9905 2883 7656 5483 1687 1066 462 3796 390 344 289 109 2173 758 118 179 115 3438 352 310 8062 429 180 228 2795 1392 1403 1146 265 225 1843 7633 4951 1444 3507 1860 1765 226 1539 373 186 187 112 185 1249 1647 702 397 305 168 118 183 211 4929
cat_boundaries=0 1 2 3 4 5 6 7
cat_threshold=1358 6 4792 176 2179 133 4207
is_linear=0
shrinkage=0.05


Tree=86
num_leaves=63
num_cat=6
split_feature=8 0 41 5 14 11 24 3 42 22 15 8 41 19 17 25 5 20 17 14 8 0 23 19 25 5 8 20 15 16 42 25 0 5 20 6 20 37 2 0 27 18 16 19 16 22 27 12 27 18 0 27 20 38 27 0 3 14 25 8 17 27
split_gain=1.22132 1.4675 1.35676 1.17553 1.08318 1.08101 1.08063 1.30258 1.4696 1.72078 1.50965 1.78111 1.08759 0.786429 1.54825 1.36414 1.41609 1.11834 1.04666 1.20552 1.44402 1.03126 0.980336 0.94513 0.915701 1.1759 0.876885 0.816081 1.22021 1.06022 0.809927 0.955894 1.58008 1.27247 0.817801 0.80361 0.78712 0.745222 0.735323 0.727008 0.724673 1.55061 0.757576 1.16316 0.698774 0.798267 1.92766 1.64221 1.02084 0.693667 1.2166 0.793401 0.689135 0.966186 0.936792 0.907668 0.681125 0.676049 1.06927 3.01177 1.5322 1.36564
threshold=1.0000000180025095e-35 0.025642430613337378 1.9346044191019247 7.0900382966464806 0.047377224009407921 82.500000000000014 0 0.024265991860768391 0.9826073805202663 -0.49881075839558003 0.099006607077514644 0.15964284007124754 28.614608555286527 -0.020590073088188356 -0.41587260139579818 1 8.2571503061758289 0.049272468621891656 -0.22963033975517386 -0.25131442828090583 0.17247326253328912 0.24916741467072748 0.2876820724517809 -0.14853153869141672 2 7.6295663558047595 0.14758676952155445 -0.019529547804126999 0.11839231546033259 -0.090151096994297339 0.87206764866339348 3 0.12661838114842852 7.6725554683256973 0.13036352802108006 7.3825276272727063 -0.023092249763325887 25.500000000000004 0.020203373983741727 0.23505721006751348 10.500000000000002 0.29037751055719807 0.016022644818648683 0.056079683412614705 0.051293294387550821 -0.072775948636509366 40.500000000000007 37.500000000000007 46.500000000000007 1.0044047297467862 -0.22314355131420924 36.500000000000007 -0.062399242056840831 4 7.5000000000000009 0.18232155679395359 0.58778666490212006 -0.18232155679395459 5 0.044726798170606437 -1.0000000180025095e-35 15.500000000000002
decision_type=8 2 2 2 2 2 1 2 2 10 2 10 2 2 2 1 2 10 2 2 10 2 8 2 1 2 10 10 2 2 2 1 2 2 10 2 10 8 2 2 2 10 2 2 2 10 2 2 2 10 2 2 10 1 2 2 2 2 1 10 2 2
left_child=2 4 -1 5 37 -4 7 8 9 10 11 -3 -12 14 17 56 18 -8 19 -17 -21 23 -22 26 25 -19 -20 28 29 -25 31 32 -15 -34 -33 -30 38 -2 -18 -35 41 -9 -43 -44 45 46 47 -29 -47 57 51 -51 -11 54 -54 -56 -16 -39 59 60 -59 -61
right_child=1 6 3 -5 -6 -7 13 40 -10 52 12 -13 -14 30 15 16 36 24 21 20 22 -23 -24 27 -26 -27 -28 44 35 -31 -32 34 33 39 -36 -37 -38 49 -40 -41 -42 42 43 -45 -46 48 -48 -49 -50 50 -52 -53 53 -55 55 -57 -58 58 -60 61 -62 -63
leaf_value=0.00092042455546049247 -0.00040236243854112466 0.0013582794597145145 -0.0033363678408485208 -0.0012837086729981339 -0.00017407449525557231 0.0034227255514911793 -0.0013874450411615674 -0.00084897013658435201 -0.00067968334560242118 0.0037348216707581345 0.0046043456661935432 0.008627176942840268 -0.00097360456008964251 -0.00086529356837815492 -0.0009054283899383544 -0.00016285786539780366 0.0029351900173170426 -0.00079001421379694793 0.0021277952268423761 0.00055479405049681805 0.0072009028724959448 -0.0010699594584593546 0.0011456919628595444 -0.0012333595426512118 -0.001260830290727282 0.0076292579701359832 0.0038504451265215091 5.9594643896340773e-05 0.0022831612393198874 0.0021773391335735792 -0.00079347427518024465 -0.00072747431431635645 0.0099630101352402439 0.0026241478499406984 0.0022164105369890208 0.0020219347887229038 -0.0019577029746133592 -7.9748873929399309e-06 -0.0009622412274956256 -0.00090058224438803187 -0.00043591786759496497 0.00022796730881210789 0.0040102767035434675 0.00047743498600063205 -0.00090865087868306879 -0.0012377925309968955 -0.0015660505877595967 0.0014357005250617762 0.00084317870340292443 -9.2634232665655115e-05 -0.00063688309467589156 0.0064114719984874856 0.001664086974461289 -0.0016506654657732897 -0.00039500232555268332 0.0051999329444362766 0.00089301339065700383 0.007293323000392646 0.00012794240678351567 0.0015465877288532112 0.00073606924421346868 2.3633854049436056e-05
leaf_weight=80 372 59 42 586 7184 49 1223 162 270 46 40 71 46 109 782 96 40 58 64 85 42 262 40 75 180 63 40 57 43 53 5310 542 43 49 42 41 276 5450 66 45 1107 53 41 41 125 106 73 64 45 67 817 47 42 145 151 51 40 41 4282 437 51 821
leaf_count=80 372 59 42 586 7184 49 1223 162 270 46 40 71 46 109 782 96 40 58 64 85 42 262 40 75 180 63 40 57 43 53 5310 542 43 49 42 41 276 5450 66 45 1107 53 41 41 125 106 73 64 45 67 817 47 42 145 151 51 40 41 4282 437 51 821
internal_value=-0.000437088 -0.000390193 -0.00242085 -0.00314897 -0.000119827 0.00211956 -0.000813276 0.00016053 0.00162147 0.00290644 0.00654378 0.00992366 0.00137931 -0.00103484 -0.000493813 0.000268282 0.00107688 -0.00175082 0.00186357 0.00467803 0.00723214 0.00115348 0.0119277 0.00205845 0.00097682 0.00412879 0.00647619 0.00137628 0.00394366 0.000852712 -0.00139228 6.01673e-05 0.002607 0.00626811 -0.00104202 0.00858823 -0.00159269 0.00016349 0.00205607 0.00294737 -0.000797154 0.00139262 0.00533088 0.00831325 0.000212313 0.00137283 0.00348718 0.00733606 -0.00134869 0.000231812 -0.00107833 0.00373913 0.00108945 0.000397435 0.00227451 0.000935959 -0.00139256 0.000341964 0.000726077 0.0019471 0.0106452 0.00131851
internal_weight=32830 32073 757 677 19569 91 12504 2325 921 651 216 130 86 10179 4039 2515 1693 1524 1311 263 167 1048 82 786 301 121 104 682 212 128 6140 830 246 137 584 84 382 12385 106 94 1404 297 135 82 470 345 194 121 151 12013 931 114 435 389 244 202 822 11082 5632 1350 92 1258
internal_count=32830 32073 757 677 19569 91 12504 2325 921 651 216 130 86 10179 4039 2515 1693 1524 1311 263 167 1048 82 786 301 121 104 682 212 128 6140 830 246 137 584 84 382 12385 106 94 1404 297 135 82 470 345 194 121 151 12013 931 114 435 389 244 202 822 11082 5632 1350 92 1258
cat_boundaries=0 1 2 3 4 5 6
cat_threshold=16 330 3331 3144 10 35
is_linear=0
shrinkage=0.05


Tree=87
num_leaves=63
num_cat=9
split_feature=8 1 14 17 11 36 14 23 25 14 0 0 21 39 27 18 15 15 42 26 31 7 42 39 14 42 11 25 39 12 15 42 18 15 33 12 25 42 16 22 12 44 39 26 18 26 23 10 1 17 12 33 10 10 39 22 18 16 17 22 24 27
split_gain=1.50348 1.00787 1.23647 1.18686 1.23406 1.09006 1.05415 0.965536 1.26195 1.5176 1.83678 0.960856 1.45874 1.03728 1.2933 1.06415 2.13748 1.11804 1.246 1.05086 0.969588 0.946528 0.86869 0.886646 1.32204 1.02763 0.80958 1.26677 1.54617 1.67139 1.65304 1.3635 2.26973 2.7302 1.28528 1.25765 1.01692 2.1577 1.91485 2.03931 0.971009 0.982495 1.2603 1.26462 1.43404 1.2645 1.14844 1.00677 1.02811 1.3528 0.838858 0.809112 2.29937 1.06375 0.805406 0.755989 0.747227 0.940708 0.738544 0.728812 1.06946 1.58052
threshold=1.0000000180025095e-35 0.10835474018139248 -0.78160845445571281 -0.0065945519555832268 52.500000000000007 1.4282084760338528e-07 -1.0981394753941058 -0.56394080116221124 0 0.23673521182040871 -0.052177610379732446 -0.15415067982725758 1650.8750000000002 1 27.500000000000004 0.77817647241208021 0.52169690959765413 0.15415067982725819 0.96899038461538478 33.500000000000007 8.5500000000000025 8.4228926335162502 0.85053191489361712 2 0.020619287202735984 0.81602564102564112 24.500000000000004 3 4 44.500000000000007 -0.35844135270099237 0.93798076923076934 -1.2399645579133971 -0.69314718055994495 29.121428571428577 86.500000000000014 5 0.98449519230769245 -0.27027097952028373 0.087703432039730175 82.500000000000014 0.21111111111111114 6 8.5000000000000018 -0.71233879903978947 50.500000000000007 -0.52005804099325059 -0.23209443928250725 -0.0037037058877977809 -0.28615878215364549 33.500000000000007 29.035714285714292 -0.10216509316104226 0.026811777056621192 7 -0.10436948511088877 -0.82391716355782241 0.057537173150834293 0.21215212247611195 0.36547393778177778 8 4.5000000000000009
decision_type=8 2 2 2 2 2 2 8 1 2 2 2 10 1 2 10 2 2 2 2 2 2 2 1 2 2 2 1 1 2 2 2 8 2 2 2 1 2 2 8 2 2 1 2 10 2 10 2 2 2 2 2 2 2 1 8 10 2 2 10 1 2
left_child=55 3 -3 26 6 -6 -5 8 9 10 -8 12 13 15 19 17 -17 18 58 20 -15 59 23 24 25 -13 27 28 31 30 -30 32 -2 -34 -35 50 37 40 -39 -40 41 42 43 44 -28 51 -47 -45 -49 -50 -33 52 -44 -54 -38 -1 57 -23 -9 60 61 -4
right_child=1 2 21 4 5 -7 7 11 -10 -11 -12 22 -14 14 -16 16 -18 -19 -20 -21 -22 56 -24 -25 -26 -27 36 -29 29 -31 -32 35 33 34 -36 -37 54 38 39 -41 -42 -43 45 47 -46 46 -48 48 49 -51 -52 -53 53 -55 -56 -57 -58 -59 -60 -61 -62 -63
leaf_value=0.00086295489408733442 -0.0016737332306652562 -0.0018343082510587088 0.0033280898927191107 0.0024345276534501795 8.1492503633801952e-05 -0.0012561819932944993 0.0045854519245213587 0.0036509296956078333 -0.00034937832102706909 -0.00073332066763633866 0.0016597150121421805 0.003207953279721198 -0.00052558424168561082 0.00012409127046223358 -0.00094914901603260129 0.0012189605917509723 0.0063810932744845592 -0.001177229895061077 0.0041088678596487216 -0.0016989130923426429 0.0036616063447821841 -0.00053816975729024886 -0.00056147789341559336 -0.00029138911568679903 -0.0003155979694802717 0.00033051934711321408 0.004989568464873818 -4.6502318078043931e-06 -4.7737063824301496e-05 -0.00028251341526073945 0.0037670573403613969 -0.0019827519887003517 0.0067054139524250454 -0.00097276722099176149 0.0069165859458515354 0.0015645249785849334 6.2940554567489617e-05 0.00049139166746730288 0.0047179554381649724 0.00090624653567677972 -0.0007077904555551738 -0.00062598656318181589 -0.0040574849389238563 0.0025882187130124587 0.00073760823926501942 -0.00054993265416720873 0.013498651320794967 -0.00043196709846495213 -0.00050732284563971357 0.0045649415070548385 0.00039802865679619602 -0.0015158430157374348 0.0024582603495867023 0.0002314067050335076 -0.00033365259630501132 -0.001154164645896217 -0.0012073098911452272 0.0029839413307942149 -0.0014432343852842679 -0.0014783298020242407 -0.0002368316505274058 6.1556720293268652e-05
leaf_weight=56 51 966 188 41 5297 394 58 63 474 110 99 58 624 40 197 98 53 125 42 63 40 215 5365 474 114 64 40 1640 76 504 76 60 50 47 58 60 2868 120 46 42 156 148 78 47 49 44 47 128 50 43 388 322 51 60 2222 729 1064 45 60 678 3386 1947
leaf_count=56 51 966 188 41 5297 394 58 63 474 110 99 58 624 40 197 98 53 125 42 63 40 215 5365 474 114 64 40 1640 76 504 76 60 50 47 58 60 2868 120 46 42 156 148 78 47 49 44 47 128 50 43 388 322 51 60 2222 729 1064 45 60 678 3386 1947
internal_value=-0.000415868 -0.000362811 -0.000829801 -0.000194263 -0.000488392 7.81787e-05 -0.000878617 -0.000918877 0.000801886 0.00347122 0.00674051 -0.00108943 8.89035e-05 0.00152813 -0.000569802 0.00308628 0.00654605 0.00137457 0.00406626 0.00302083 0.00679012 -0.000613372 -0.00136192 0.000281293 0.00271255 0.00642276 0.000234537 0.000913317 0.00202752 0.000254871 0.0048366 0.00362759 0.00710145 0.0100962 0.00542453 0.00227898 -7.69594e-05 0.00107625 0.00578947 0.0113483 0.000304587 0.000825811 0.00141146 0.00370924 0.00894444 -1.63144e-05 0.00538043 0.00208178 0.000653152 0.00462766 0.00135857 -0.000986329 0.00160526 0.00620536 -0.000411685 -0.00257634 -0.00182642 0.000574711 0.00149193 -0.000354033 -0.000163891 0.000710623
internal_weight=32798 32013 8489 23524 13953 5691 8262 8221 741 267 157 7480 1405 781 340 441 151 290 165 143 80 7523 6075 710 236 122 9571 3010 1370 656 152 714 206 155 105 508 6561 1471 208 88 1263 1107 959 357 89 602 91 268 221 93 448 511 189 111 5090 785 1324 260 123 6199 5521 2135
internal_count=32798 32013 8489 23524 13953 5691 8262 8221 741 267 157 7480 1405 781 340 441 151 290 165 143 80 7523 6075 710 236 122 9571 3010 1370 656 152 714 206 155 105 508 6561 1471 208 88 1263 1107 959 357 89 602 91 268 221 93 448 511 189 111 5090 785 1324 260 123 6199 5521 2135
cat_boundaries=0 1 2 3 4 5 6 7 8 9
cat_threshold=1316 1805 2836 1240 6435 2562 4627 5532 17
is_linear=0
shrinkage=0.05


Tree=88
num_leaves=63
num_cat=7
split_feature=8 10 13 7 25 12 13 6 16 44 39 2 42 17 18 6 16 11 20 14 22 13 27 31 11 20 21 15 11 7 31 26 1 39 9 28 18 21 4 15 30 8 2 30 20 39 42 25 39 18 21 20 26 8 27 13 8 17 0 11 18 25
split_gain=1.49887 1.66814 1.48838 1.6062 1.18094 1.19358 0.95725 1.29734 0.919464 2.04379 2.11009 1.26098 1.32948 1.19059 1.2106 1.16653 1.13592 1.0903 1.01966 0.913411 1.04995 1.30871 1.18339 1.20026 1.17504 0.905874 0.862045 1.00713 1.0179 0.845731 0.826369 1.00227 1.0676 1.02492 1.33191 1.32961 1.46505 1.47521 2.46758 1.0094 0.979888 0.833569 1.19999 0.823011 0.822759 0.800894 0.953135 1.10456 2.29632 1.63582 1.53618 1.35876 1.58941 1.29678 1.42895 1.63667 1.15619 0.813823 1.81533 0.80018 1.11827 0.796815
threshold=1.0000000180025095e-35 0.096845424064612842 1.263079148554024 8.4519084994989431 0 17.500000000000004 0.51646960634302419 8.0036451919838854 1.0000000180025095e-35 0.35416666666666669 1 -0.087010922444381564 0.81083279115159412 0.15121161537437947 -0.90470559704077524 9.0701532275650489 0.43374165706965112 2.5000000000000004 -0.010519261181364165 0.18232155679395465 0.077011043636295046 1.3208891449992384 49.500000000000007 55.250000000000007 83.500000000000014 0.10574977430893924 721.20000000000016 0.099006607077514644 56.500000000000007 9.2295491525033082 171.95000000000002 21.500000000000004 0.11334037140363808 2 0.18412294047642366 1.0000000180025095e-35 0.035822217275115399 12025.000000000002 0.41379947468761064 1.1535807538374596 43.550000000000011 0.39740324037810687 0.14090483841561066 68.850000000000009 -0.12589139724352191 3 0.83205128205128209 4 5 1.3800501337178985 2995.8350000000005 0.015402251801757033 27.500000000000004 0.038223529823060293 3.5000000000000004 0.82978767541921117 0.59338424244810428 0.44650156013273318 -0.064538521137571955 49.500000000000007 0.24950393078689898 6
decision_type=8 2 2 2 1 2 2 2 2 2 1 2 2 2 8 2 2 2 10 2 8 2 2 2 2 10 8 2 2 2 2 2 2 1 10 2 10 8 2 2 2 8 2 2 10 1 2 1 1 10 10 10 2 10 2 2 10 2 2 2 10 1
left_child=6 8 4 19 44 -6 7 -1 29 13 -11 -12 -13 15 -15 17 26 -10 -17 20 21 -4 -23 -24 25 -22 27 -16 -29 45 31 -7 33 -33 35 -35 37 38 -37 -34 -38 -36 -43 -31 -3 46 57 49 50 53 51 52 -49 -48 55 -55 -50 -2 -59 60 -21 -19
right_child=1 2 3 -5 5 30 -8 -9 9 10 11 12 -14 14 16 18 -18 61 -20 59 24 22 23 -25 -26 -27 -28 28 -30 43 -32 32 39 34 41 36 40 -39 -40 -41 -42 42 -44 -45 -46 -47 47 48 56 -51 -52 -53 -54 54 -56 -57 -58 58 -60 -61 -62 -63
leaf_value=0.0019039966865196725 -0.00058305596512078838 0.00075851179018401015 0.0050653939904347529 -0.0017480212282838085 -0.0011901675388476017 -0.0005401409787130913 -0.0011041905881971519 -0.00024854379499501198 0.002572720134363831 -0.00044447148534066907 0.0014606210497213885 0.0066810913436817915 0.00019799584847927755 0.0038223189018433304 -0.0013696057748871877 9.0627113516632968e-05 -7.783326142908587e-05 -0.00059446158811207479 0.0032578645106006278 0.0056390075436829785 -0.0018523302543930285 0.00043556673857805985 0.013306695275055689 0.0015280998911364498 0.0030222339345870718 0.0016316470574639882 -0.00074913256938290834 -0.00031040541133963621 0.0049696835863810964 -0.00065317982423702741 -0.00073029799753335158 -0.00031214855008885543 -0.00030902848241278315 -0.00010657494053447822 -0.00033084979374794446 0.0051992094963255291 0.00044830445269676913 0.00091470713791487023 0.002218822911033183 0.0025866159888917211 0.0039437523828870242 0.0047204125589614876 -0.00093906741008462536 0.00074450074780459412 -0.001476585347570446 -8.5658560189603693e-07 0.0029362912176171701 0.0026636640579277278 -0.00046979513701257025 0.0065825539187324873 0.00020430043064955883 0.0049564348641832484 -0.0023350314259484111 0.0001050186146633977 0.00070705727728214091 0.0064613131249799524 0.0046085400956804258 -0.001622527710605921 0.0045610464097872805 -0.0014524770605949975 -0.00027236710402582428 9.5301342460350254e-05
leaf_weight=52 626 67 44 413 852 2084 624 96 71 120 74 53 46 57 47 50 3370 769 61 43 190 183 40 59 40 40 3257 40 60 493 1676 226 1077 107 353 47 178 78 42 67 40 40 54 63 1709 6704 46 61 1611 41 243 79 52 84 1619 67 69 42 44 125 132 1940
leaf_count=52 626 67 44 413 852 2084 624 96 71 120 74 53 46 57 47 50 3370 769 61 43 190 183 40 59 40 40 3257 40 60 493 1676 226 1077 107 353 47 178 78 42 67 40 40 54 63 1709 6704 46 61 1611 41 243 79 52 84 1619 67 69 42 44 125 132 1940
internal_value=-0.00035998 -0.000307359 -0.000842412 0.000729006 -0.00107898 -0.000779718 -0.00253558 0.00107382 -6.35258e-05 -0.000416834 0.00369048 0.00698369 0.01105 -0.000540986 -0.000900909 0.000309473 -0.000962363 0.000107874 0.0053125 0.0019175 0.00304858 0.00495413 0.00367491 0.00805 0.000738006 -0.000649352 -0.00160646 0.00212838 0.00495049 0.000232732 -0.000534598 -0.000174102 0.000543289 0.00160806 0.00232105 0.00413793 0.00550518 0.00901786 0.0133889 -0.000541486 0.00278539 0.000368302 0.00452631 -0.00166966 -0.0022272 0.000325752 0.00082641 0.00113013 0.000341015 0.00201552 0.00353139 0.006943 0.00337719 0.00179967 0.00158103 0.0062171 -0.000502662 -0.000855541 0.00367816 -0.000332227 0.00184659 -5.35067e-05
internal_weight=32737 31965 10006 1309 8697 6921 772 148 21959 10015 293 173 99 9722 6831 2891 6774 2780 111 896 596 326 282 99 270 230 3404 147 100 11944 6069 4393 2309 1165 939 492 385 167 89 1144 218 447 94 556 1776 11388 4684 3972 2115 1857 435 192 113 1816 1770 151 1680 712 86 300 175 2709
internal_count=32737 31965 10006 1309 8697 6921 772 148 21959 10015 293 173 99 9722 6831 2891 6774 2780 111 896 596 326 282 99 270 230 3404 147 100 11944 6069 4393 2309 1165 939 492 385 167 89 1144 218 447 94 556 1776 11388 4684 3972 2115 1857 435 192 113 1816 1770 151 1680 712 86 300 175 2709
cat_boundaries=0 1 2 3 4 5 6 7
cat_threshold=1160 51 1060 4457 1457 97 1794
is_linear=0
shrinkage=0.05


Tree=89
num_leaves=63
num_cat=4
split_feature=22 8 27 41 25 14 12 41 31 7 7 33 6 6 11 27 42 10 12 0 19 8 18 7 37 7 33 0 11 3 3 41 23 11 2 41 23 27 22 41 0 25 2 24 31 42 22 25 2 30 41 33 0 23 27 30 2 33 33 20 19 19
split_gain=1.31476 1.30412 1.31113 1.3036 1.25535 1.46023 1.30718 1.48043 1.33153 1.27777 2.37125 1.24916 1.46735 1.22832 1.14012 1.13532 1.06706 1.06659 1.0569 1.04965 1.11292 1.23925 1.06412 1.03922 0.976821 1.08915 1.22887 1.17781 1.11709 1.70806 1.73059 0.972781 0.94047 0.898516 1.2223 1.16352 0.892995 1.0777 0.885517 0.884323 0.86341 1.47009 1.0924 0.938074 0.914869 0.851805 1.2171 0.847985 1.14671 1.33693 1.49456 1.09207 0.820823 0.80243 1.19292 0.784452 0.764995 0.969761 0.970887 0.754049 0.752451 1.31476
threshold=0.43100637797042929 1.0000000180025095e-35 3.5000000000000004 3.0359237536656893 0 -1.6715667903536968 51.500000000000007 2473.9509615384618 0.45000000000000007 7.3948843931326351 7.0569954475494727 33.635714285714293 8.234337357979733 7.0093826117880242 26.500000000000004 20.500000000000004 0.89076704545454555 -0.026830138425572688 48.500000000000007 0.00561448733626957 9.2166658436701697e-17 0.021319078331595534 -1.0567888977172955 6.8998927292378456 27.500000000000004 8.2501504566622152 26.807142857142864 0.25458504175523095 7.5000000000000009 -0.015750075715674324 0.040717260933714979 43.409474206349209 -0.25084347297498727 64.500000000000014 -0.17625730556669247 39.370726495726508 0.12707869707049893 53.500000000000007 0.79906917859008364 9.0938750000000024 0.32120586339031615 1 0.05548811743551197 2 342.00000000000006 0.98449519230769245 -0.0055238131221378032 3 -0.7436351392299464 0.55000000000000016 7.3623883928571443 28.235714285714291 -0.36338146474657579 -0.84724786952932563 23.500000000000004 12.650000000000002 0.33970179415606211 29.007142857142863 35.178571428571438 -0.0065872006477387538 0.011515704491798834 -0.074721572485060853
decision_type=10 8 2 2 1 2 2 2 2 2 2 2 2 2 2 2 2 2 2 2 2 10 8 2 8 2 2 2 2 2 2 2 10 2 2 2 8 2 10 2 2 1 2 1 2 2 8 1 2 2 2 2 2 8 2 2 2 2 2 10 2 2
left_child=1 3 4 -1 23 -6 8 11 9 10 -7 14 -13 15 -8 -5 18 33 -2 47 22 -22 -21 -3 -24 26 28 56 -26 -30 -31 -32 -16 34 -10 -36 37 -29 60 -23 43 42 -42 -41 59 -19 -47 51 49 -49 -51 -4 -25 54 -53 -39 -28 -58 -59 -45 61 -20
right_child=16 2 19 13 5 6 7 -9 17 -11 -12 12 -14 -15 32 -17 -18 45 38 20 21 39 24 52 25 -27 27 36 29 30 31 -33 -34 -35 35 -37 -38 55 -40 40 41 -43 -44 44 -46 46 -48 48 -50 50 -52 53 -54 -55 -56 -57 57 58 -60 -61 -62 -63
leaf_value=0.00094302175218882809 -0.0015668124712220326 0.0005708098834545513 0.00012702852277452124 -0.0033638501721855391 -0.0022318997813903533 -0.00030687138278659746 -0.00015781353293989716 0.0020010473145463652 -0.00039363614654860007 0.00023876836915863025 0.0035147725347426241 0.0022067839692013879 0.0059252519684756715 -0.001108047043042972 0.00093002357647351095 0.0029473562164579435 -0.0010146545832313723 -0.0012499703215082219 -0.00068918652673869612 -0.00059733807214763204 0.0011937560410549802 -9.6994841974047924e-05 -0.0017020775109541416 0.0031602783238360399 -0.00044148050647285845 -0.00061369817466552822 9.9171191439119822e-05 -0.00052747165593053705 -0.00027109340868124268 0.0046214814981260328 0.0025002728628029294 0.00014586742348294372 0.0021405630279132636 -0.00085454026575716355 0.0040747016052874955 0.0011738733576509559 -0.0029435178279701773 -0.00011991470626575435 -0.0010359330647628443 -0.001559107000104862 -0.0012540313869382994 -0.0018056670494996842 0.0042292285701340327 -0.00025911600310967782 0.0019195232550108 0.0053279007789444046 -0.002194684038018977 0.016624917991127808 1.2878194207855475e-05 0.0078250101365429283 -0.002958787988058157 -0.00026538629244055175 -0.00051714904996694275 -0.00053925437837577946 0.0025508006897944783 0.0076287768177883773 0.0029345449042694387 -0.0018604676172187598 0.0029052336163547599 -0.00090286249361884181 0.00029695317622603976 0.0031214570125887436
leaf_weight=90 183 42 1731 52 90 41 211 41 69 92 49 81 56 580 141 47 1614 277 45 1226 52 1658 159 43 63 1053 2311 221 113 44 61 80 70 111 48 47 305 47 109 647 50 226 86 1284 88 40 40 73 10902 40 82 110 641 2891 76 44 80 85 40 1655 86 62
leaf_count=90 183 42 1731 52 90 41 211 41 69 92 49 81 56 580 141 47 1614 277 45 1226 52 1658 159 43 63 1053 2311 221 113 44 61 80 70 111 48 47 305 47 109 647 50 226 86 1284 88 40 40 73 10902 40 82 110 641 2891 76 44 80 85 40 1655 86 62
internal_value=-0.000382628 -0.000299514 -0.000247033 -0.00233117 0.000918869 0.00173597 0.00214134 0.00391015 0.000834355 0.00459016 0.00879121 0.00322321 0.00735507 -0.00308088 0.00186761 0.00205 -0.00159286 -0.000252766 0.000462962 -0.000341322 -0.00070126 -0.00119715 -0.0002208 -0.000786975 0.000121095 0.000256155 0.000680972 0.000362156 0.00343923 0.00471572 0.00766129 0.00489437 0.00445755 0.00208333 0.00442424 0.00807292 -0.00159385 0.000287539 0.00227723 -0.00126778 -0.00166708 0.000661156 0.00455782 -0.0018966 -0.00150922 -0.00205307 0.00246913 -7.70162e-05 0.000163395 0.00395408 0.000731706 -0.000630837 -0.00127007 -0.00119721 0.00197861 0.00483696 0.000842271 0.00376213 0.000992062 -0.00166497 0.00430412 0.00708333
internal_weight=32681 30582 29813 769 2230 1504 1414 600 814 182 90 559 137 679 422 99 2099 632 485 27583 11678 5746 5932 726 4706 4547 3494 3133 361 298 185 141 211 275 164 95 617 312 302 5694 4036 362 136 3674 3027 357 80 15905 11097 195 122 4808 684 3077 186 91 2516 205 125 2939 193 107
internal_count=32681 30582 29813 769 2230 1504 1414 600 814 182 90 559 137 679 422 99 2099 632 485 27583 11678 5746 5932 726 4706 4547 3494 3133 361 298 185 141 211 275 164 95 617 312 302 5694 4036 362 136 3674 3027 357 80 15905 11097 195 122 4808 684 3077 186 91 2516 205 125 2939 193 107
cat_boundaries=0 1 2 3 4
cat_threshold=456 120 8 389
is_linear=0
shrinkage=0.05


Tree=90
num_leaves=63
num_cat=9
split_feature=0 9 42 2 8 23 17 9 37 8 33 11 39 7 2 33 22 39 26 11 24 11 12 7 6 1 11 1 27 17 23 2 12 3 25 17 22 16 17 11 24 26 21 41 2 13 24 39 3 42 25 18 15 23 16 39 11 17 16 41 8 1
split_gain=1.3758 1.59151 1.59215 0.951826 1.03159 0.861012 1.6535 0.816829 0.796417 0.798452 1.02755 0.891414 0.882092 0.980186 0.857887 1.06353 1.24238 1.10795 1.44807 0.990184 0.924767 0.939869 1.0658 0.79766 1.5859 1.0202 1.04169 1.10891 1.16618 0.940239 0.873242 0.853375 0.8455 0.790998 1.18472 0.959883 0.883599 0.998854 2.1248 1.18609 0.770537 0.926299 0.768586 1.20131 1.10964 1.20166 1.74442 1.71691 1.37632 2.71982 1.48155 1.08571 1.07764 1.31977 1.06118 0.997079 1.34878 1.40799 1.54376 1.02604 1.37135 1.23851
threshold=0.087011376989629699 0.02546646264633946 0.77459677419354855 -1.0890349441154468 0.52382495022007081 -1.741397024311808 0.1199053542678641 0.19893310877422712 35.500000000000007 0.03309209348601945 38.092857142857149 45.500000000000007 0 8.0313462703801211 0.30010459245033833 29.064285714285717 -0.21688218636492171 1 18.500000000000004 44.500000000000007 2 1.5000000000000002 11.500000000000002 6.7232230142431915 6.7774082724910265 -0.074107442326416514 84.500000000000014 0.021190886092326004 42.500000000000007 0.24611226461281802 0.69314718055994562 0.018350275030541766 4.5000000000000009 -0.24723497942119674 3 -0.61764880379363618 -0.14953141139042256 -0.12783337150988486 0.29779997010607434 26.500000000000004 4 16.500000000000004 14600.000000000002 4256.5973958944296 -0.13353139262452227 0.48975782082774305 5 6 0.016807118316381157 0.88284313725490204 7 0.16449955766750865 -0.1053605156578263 0.04800921918636037 1.0000000180025095e-35 8 40.500000000000007 0.115898263966435 0.15319011557758391 3232.5579093432011 0.08784371839366821 -0.0098520984232490765
decision_type=2 10 2 2 8 8 2 10 8 10 2 2 1 2 2 2 8 1 2 2 1 2 2 2 2 2 2 2 2 2 10 2 2 2 1 2 8 2 2 2 1 2 8 2 2 2 1 1 2 2 1 10 2 10 2 1 2 2 2 2 10 2
left_child=1 2 -1 4 -3 6 -2 -8 -5 10 12 -12 13 -10 23 16 19 18 -17 -16 21 -18 -23 24 25 30 32 -28 -29 42 -11 -26 -27 34 35 -7 -37 -38 -39 -40 41 -36 43 44 -25 -46 47 -47 51 -50 54 -49 -52 -54 -51 56 -44 59 -59 60 61 -58
right_child=5 3 -4 8 -6 33 7 -9 9 14 11 -13 -14 -15 15 17 20 -19 -20 -21 -22 22 -24 29 31 26 27 28 -30 -31 -32 -33 -34 -35 40 36 37 38 39 -41 -42 -43 55 -45 45 46 -48 48 49 50 52 -53 53 -55 -56 -57 57 58 -60 -61 -62 -63
leaf_value=0.0018348406917767042 -0.0023454023977232145 -0.0020079407536649648 -0.000877272711894543 -0.00053121176881003687 0.017789573643741351 -0.0041467278309416681 0.00072711624081555834 0.0088888298063606111 0.0049146160624209323 -0.00073113377209105756 -0.00017646949339047554 0.0026561614046037088 -0.00073300318388695609 -0.00068963947957188701 0.00022604313813617979 0.0023643305373284114 0.003023222841495787 -0.0012050518801110033 -0.002768649080415745 0.0041835769002321228 -0.0020006545964228527 0.0041574338311730213 -0.00019218041731816561 -0.00036700711077954003 0.0069126268967994002 0.0013443326098717769 0.0047387551701274988 0.002811005132667895 -0.0015397419708515975 -0.00013400652325325219 0.0019318192123799764 0.001288674147036464 0.00016663965722510946 -0.00052720528421220248 -0.0029039989300412134 -0.0001584830205910245 -0.00016678115295025404 0.0026599068127489611 -0.0021594383489562281 0.0044797418896207076 -0.0014235418761208568 0.0009188114843399237 6.3753431286331231e-05 0.0019616973906217707 -0.00014049884242794473 0.00010194069494042762 -3.7543995803141378e-05 -0.0012017042448828547 0.0041164742567640798 -0.0019042141458700237 0.0068570601585714016 0.0021859728155445195 0.0015356537144031604 -0.0020181218326715913 0.0031340705271759349 -1.7014925282871986e-05 0.0017776604402166014 0.00066201080891825626 0.0059306657056119403 -0.0017969347803903234 0.00095470432007715208 0.0029850083908214728
leaf_weight=40 139 49 366 1040 61 50 51 43 52 460 51 48 982 101 52 51 41 736 54 47 186 40 178 2550 45 43 63 53 44 6561 40 40 475 7162 59 86 77 76 45 53 247 56 1043 40 2117 935 2437 184 44 82 119 171 95 50 40 1685 93 74 54 81 570 88
leaf_count=40 139 49 366 1040 61 50 51 43 52 460 51 48 982 101 52 51 41 736 54 47 186 40 178 2550 45 43 63 53 44 6561 40 40 475 7162 59 86 77 76 45 53 247 56 1043 40 2117 935 2437 184 44 82 119 171 95 50 40 1685 93 74 54 81 570 88
internal_value=-0.00035402 -0.000167197 -0.00326781 -0.000114927 0.0045045 -0.000917128 0.00207265 0.00715789 -0.000136255 -7.50142e-05 -0.00131174 0.00355 -0.00173856 0.0017378 -4.82612e-06 -0.00120851 0.00051376 -0.00232185 0.00237069 0.00555 -0.000616593 0.00131481 4.56609e-05 7.70465e-05 0.00129351 0.000814248 0.00207658 0.00559006 0.00219388 -3.40184e-06 -0.000898205 0.00784884 0.000982658 -0.00100544 0.000539999 0.00242462 0.00344674 0.00494048 0.00702857 0.00212121 -0.00150134 0.00178571 0.000250138 -2.25726e-06 -4.19275e-05 0.000315537 0.000809282 0.00202195 0.00373744 0.00568445 0.00431524 0.00147472 0.00629091 0.00359589 -0.000451129 0.0008566 0.00160626 0.00296566 0.00782946 0.00220888 0.0027859 0.00656593
internal_weight=32695 24551 406 24145 110 8144 233 94 24035 22995 1234 99 1135 153 21761 1385 544 841 105 99 445 259 218 20376 1263 1178 678 160 97 19113 500 85 518 7911 749 387 337 251 174 98 362 115 12552 8864 8824 6274 4157 1720 785 430 386 355 264 145 122 3688 2003 960 128 832 751 181
internal_count=32695 24551 406 24145 110 8144 233 94 24035 22995 1234 99 1135 153 21761 1385 544 841 105 99 445 259 218 20376 1263 1178 678 160 97 19113 500 85 518 7911 749 387 337 251 174 98 362 115 12552 8864 8824 6274 4157 1720 785 430 386 355 264 145 122 3688 2003 960 128 832 751 181
cat_boundaries=0 1 2 3 4 5 6 7 8 9
cat_threshold=2592 85 21 3185 18 18 6159 1672 5635
is_linear=0
shrinkage=0.05


Tree=91
num_leaves=63
num_cat=1
split_feature=8 13 7 0 20 30 19 16 20 7 22 42 23 20 30 5 41 19 16 34 13 39 10 7 27 15 20 7 20 2 31 8 13 6 19 42 20 31 4 1 23 31 37 12 20 16 41 35 8 37 22 23 41 14 2 3 27 42 41 13 23 10
split_gain=1.22019 1.3433 1.17446 1.06781 1.07468 2.21699 1.02534 1.65279 1.01867 1.00592 1.68052 0.953038 1.50734 1.249 0.921278 0.893824 1.39173 1.26206 1.31813 1.19383 1.71713 1.16619 1.19499 1.44328 1.18007 1.05508 1.03955 0.920433 1.29446 1.50207 0.87786 1.1921 0.876991 1.36089 1.03842 1.02203 1.18719 2.482 1.06679 0.937561 0.946431 1.48779 0.87292 0.865434 0.874095 0.80716 0.800116 0.78899 1.3537 1.27506 1.10138 0.85887 1.04872 0.854637 0.820668 1.16098 0.788154 1.26063 1.08144 0.792486 1.33772 1.03427
threshold=1.0000000180025095e-35 0.51646960634302419 7.8710747795652214 0.2113087995496459 -0.1134178193355929 32.250000000000007 0.033172050617143463 0.31964618398813044 0.047990564515949803 7.9450566583870819 0.13104528397273027 0.86023255813953503 -0.18232155679395459 0.10192370483671905 1.0000000180025095e-35 7.4843858977679227 2.0025862068965519 -0.45926654351584167 -4.3182791541276346 1.0000000180025095e-35 1.263079148554024 0 0.060122863532056321 8.2734906278009959 2.5000000000000004 -0.51074889128918588 -0.028135037464801099 7.3132974622550506 -0.0099252170920755261 0.24214621118238713 226.84999999999999 0.28354405985057202 0.55266317229283424 8.3632831599410089 0.0023052839632412871 0.95275297619047628 0.01159168838058411 149.75000000000003 0.42286977120012242 0.10041630751903964 0.50828338176463561 4.0500000000000016 8.5000000000000018 55.500000000000007 0.0093303402881884448 0.21408306861931206 4.8773720014321524 2.4306651502559569e-09 0.068802791311814673 57.500000000000007 -0.28813936964890713 -0.23050888864000105 5108.6447192796622 0.5888050211645145 0.1067209782128571 0.086630921440562517 10.500000000000002 0.98449519230769245 3.3687559808612444 0.97142997959384847 -0.30022253088702139 -0.016944644751485601
decision_type=8 2 2 2 8 2 2 2 10 2 8 2 8 10 2 2 2 2 2 2 2 1 2 2 2 2 10 2 10 2 2 10 2 2 2 2 10 2 2 2 8 2 10 2 10 2 2 2 10 10 8 8 2 2 2 2 2 2 2 2 8 2
left_child=1 2 -1 4 5 6 -2 14 -5 30 -11 12 -10 -14 -8 16 -6 18 -17 47 25 24 -23 32 26 -21 -19 28 -26 -30 31 -7 -24 34 35 38 37 -37 -34 40 -36 -42 45 -27 -45 -28 -40 49 -49 56 -50 -52 53 54 55 -53 57 58 -18 61 -61 -60
right_child=3 -3 -4 8 15 9 7 -9 11 10 -12 -13 13 -15 -16 17 19 21 -20 20 -22 22 23 -25 27 43 42 -29 29 -31 -32 -33 33 -35 39 36 -38 -39 46 -41 41 -43 -44 44 -46 -47 -48 48 50 -51 51 52 -54 -55 -56 -57 -58 -59 59 60 -62 -63
leaf_value=0.0026345551734864303 -0.00053628448989677402 -0.0009893343142835583 -0.0001820265674762793 -0.001134667768782431 0.0054787531542580094 0.0043219029544809143 0.007108810089498061 -0.00067745463067516386 0.0046873574372088061 0.0008414957769102996 0.0065755170027751485 -0.00033861279797925609 0.0037551825915506649 -0.0049514435126588024 0.00091026238375943906 -0.00024977495533488224 0.0047850459712970809 0.004308839696296328 0.0023666676787598177 0.0010811295530846628 0.0043360072368117371 1.2216216174518956e-05 -0.00030602073828379526 -0.0012313940118016033 -0.00087824000959952394 -0.0014171770330337621 -0.00080017884588731822 -0.00060204076536621699 0.0066095766492791919 -0.00011254266976196207 -0.00099527301189357908 -0.00011684238321742905 -0.0017174069232492831 0.0033773014722768614 -0.00026037749522918319 0.0014200908953211485 0.00021461212708652618 0.003200014445924923 -0.00015924254895909463 -0.0017583265819087661 -0.0009199581218281704 0.00306190642694632 0.0012459825356715003 0.0026503179796169662 -0.0001135470607807713 0.0022130837028892843 0.01155955405378647 -0.0018337189721879792 0.00032463234439661961 0.0017405665171968871 -0.0019550060477827725 0.0001350339300961499 0.0011712206695049055 -0.0018685179739586421 -0.0016420993531023765 0.0010347613511448046 -4.6645597871534234e-05 -0.00025819620249726048 0.00081508132266438376 0.0072873667026640433 0.0020565656423767722 -0.00058292892663280394
leaf_weight=43 570 607 101 2361 53 45 58 145 41 64 74 1027 55 52 66 42 44 53 78 71 48 7971 908 2048 98 156 165 4425 40 47 91 42 198 45 259 88 120 41 41 256 43 66 41 85 52 52 40 309 50 44 155 239 43 118 66 40 6979 477 384 40 261 355
leaf_count=43 570 607 101 2361 53 45 58 145 41 64 74 1027 55 52 66 42 44 53 78 71 48 7971 908 2048 98 156 165 4425 40 47 91 42 198 45 259 88 120 41 41 256 43 66 41 85 52 52 40 309 50 44 155 239 43 118 66 40 6979 477 384 40 261 355
internal_value=-0.000409464 -0.00240027 0.00193103 -0.000362558 -0.00026048 0.0012327 -0.000113096 0.00242592 -0.00118179 0.00479495 0.00798561 2.12573e-05 0.00375839 0.000601851 0.00664 -0.000323849 5.01478e-05 -0.000543226 0.00454545 6.98693e-06 0.00263922 -0.000579316 -0.000314793 -0.00100265 -0.0012277 0.00145205 0.00174679 -0.00143136 0.00201613 0.00642045 0.0022905 0.00585227 -8.30971e-05 0.000805508 0.000468342 0.0020983 0.00442 0.00773077 1.7856e-05 -0.000912001 0.000704606 0.00459091 0.000424709 0.000119046 0.00300725 -0.000848625 0.00481707 -0.000106196 -0.00142018 5.00862e-05 -0.000217698 -0.000762841 0.000236685 -0.000463363 0.000794796 0.00198214 5.85292e-06 0.00102113 0.00196313 0.00163304 0.00379139 0.000749999
internal_weight=32676 751 144 31925 28389 1155 839 269 3536 316 138 1175 148 107 124 27234 10069 17165 120 10016 412 17045 12124 4153 4921 364 311 4610 185 87 178 87 2105 1197 1152 528 249 129 279 624 368 109 258 293 137 217 81 9604 1020 8584 711 661 506 463 345 279 8540 1561 1084 1040 301 739
internal_count=32676 751 144 31925 28389 1155 839 269 3536 316 138 1175 148 107 124 27234 10069 17165 120 10016 412 17045 12124 4153 4921 364 311 4610 185 87 178 87 2105 1197 1152 528 249 129 279 624 368 109 258 293 137 217 81 9604 1020 8584 711 661 506 463 345 279 8540 1561 1084 1040 301 739
cat_boundaries=0 1
cat_threshold=3334
is_linear=0
shrinkage=0.05


Tree=92
num_leaves=63
num_cat=8
split_feature=10 9 42 39 36 25 20 30 39 21 12 33 12 8 22 39 25 8 15 27 19 0 42 33 33 33 33 33 23 25 39 20 14 9 30 39 33 41 7 23 15 42 5 8 3 27 36 21 41 27 22 41 8 42 21 19 27 31 30 6 8 5
split_gain=1.23644 1.27425 1.5721 1.06706 1.06479 0.995905 1.04158 0.961874 1.38182 2.10986 2.0086 1.36705 1.33865 1.17724 0.994041 1.45513 1.11412 1.57242 1.17969 0.911131 1.38949 1.01829 0.906913 1.96767 1.77079 0.933456 1.21835 0.994348 0.93973 0.877465 2.20625 1.94051 1.90101 1.46228 1.5769 1.37492 1.39764 1.83982 1.56935 2.28686 3.47167 1.46555 2.25765 1.56467 1.29475 1.86998 1.30335 1.22637 1.21883 1.18461 1.13141 1.07844 1.01544 1.00745 1.00013 1.31366 1.11711 1.42601 0.952248 2.27814 0.934825 1.36319
threshold=0.43073072949459773 0.02546646264633946 0.77459677419354855 0 0.0010396286504701622 1 -0.025003043414737271 107.00000000000001 2 2103.1150000000002 73.500000000000014 26.864285714285721 27.500000000000004 0.14207656597184071 0.13984758814446716 3 4 0.11428128349137777 0.9808292530117263 3.5000000000000004 -0.045355748035241499 0.00561448733626957 0.85825892857142871 27.87857142857143 29.064285714285717 34.364285714285721 35.707142857142863 29.307142857142864 0.15415067982725841 5 6 0.038932168420923355 -0.91629073187415466 0.16907085431618929 13.050000000000002 7 29.37857142857143 32.425211528291918 7.8863484323932598 -0.26222713448594054 -0.23352596894480901 0.89528508771929838 7.7912484184019002 0.24015559009669751 -0.66845456796957359 36.500000000000007 2.7551814308141422e-05 8987.5000000000018 1.3739406779661019 49.500000000000007 -0.096725679235496256 6.0940448113207557 0.18240623333812958 0.9842509920634922 10512.500000000002 -4.0450738535673406e-17 18.500000000000004 1.0000000180025095e-35 23.350000000000005 7.9526612103557737 0.17113069082411095 7.5177897448295008
decision_type=2 8 2 1 2 1 10 2 1 8 2 2 2 10 10 1 1 8 2 2 2 2 2 2 2 2 2 2 10 1 1 10 2 10 2 1 2 2 2 8 2 2 2 10 2 2 2 10 2 2 8 2 10 2 10 2 2 2 2 2 10 2
left_child=1 2 -1 -2 7 6 -6 14 -9 11 12 -10 -11 -14 29 22 17 18 -17 20 -18 -22 23 -16 -25 27 28 -24 -27 30 31 54 -33 34 49 52 37 41 39 40 -39 42 43 -37 45 -38 48 -40 -46 -34 -48 -44 -31 -43 56 -56 57 -3 59 -55 61 -41
right_child=3 4 -4 -5 5 -7 -8 8 9 10 -12 -13 13 -15 15 16 19 -19 -20 -21 21 -23 25 24 -26 26 -28 -29 -30 35 -32 32 33 -35 -36 36 44 38 47 60 -42 53 51 -45 46 -47 50 -49 -50 -51 -52 -53 -54 58 55 -57 -58 -59 -60 -61 -62 -63
leaf_value=0.0015097951878639583 -0.00031253621711440824 0.0046911842637603028 -0.00081491699250760838 -0.0038377968527086291 -0.0015373267240806122 -0.0012661301129307191 0.00012171303106910102 -0.00024204384097698813 0.0017479956167392324 0.00076809259310282093 0.00046855973630254271 -0.0030804733907162656 0.0018587472771360043 0.0046843506153143163 -0.0032849728402811196 0.00046880754595123849 -0.0040459083738394342 -0.0010581540093457921 0.0024716630143193862 -0.0010824939639500063 -5.8801686701637389e-05 0.002896895257371765 0.0001715445563137466 0.0043859435003723319 0.00054635232109022434 0.00026972332388232323 5.7116888009385819e-05 -0.0014640508253440238 0.0071063660398621069 -0.00028772612962412527 -0.00060804078608751562 0.0051834664834697255 -0.00041344736085788632 -0.0001518565460070406 0.0058806075348336664 0.016116712202372544 -0.00041135566063106469 0.0039870850907994162 -0.0008234604711169132 0.0013110003991546604 0.00011450297439364278 0.00013318768201210532 0.00013800257170316441 0.0030950307405700011 0.0019682782544221118 0.012117585614507966 0.0019726330272693349 0.0028632385792900349 -9.7696175135096781e-05 0.0031476002127185086 9.5684991405251568e-05 0.0043934802016187911 6.4689211257987466e-05 0.0048607602585554925 0.0024702470862092984 -0.0007974239717388476 -0.0005372847361317909 0.00010482272887481144 9.2099501296929694e-05 0.0010037271062529496 -0.0004938083867079855 -0.00042144928103927449
leaf_weight=40 862 48 347 563 112 774 528 646 45 62 146 121 43 76 63 481 47 744 49 2184 40 43 496 52 172 44 343 594 43 4258 4036 46 71 205 48 71 96 49 1068 440 69 1050 241 43 41 71 41 146 6266 61 46 171 2155 51 63 63 782 453 156 75 335 203
leaf_count=40 862 48 347 563 112 774 528 646 45 62 146 121 43 76 63 481 47 744 49 2184 40 43 496 52 172 44 343 594 43 4258 4036 46 71 205 48 71 96 49 1068 440 69 1050 241 43 41 71 41 146 6266 61 46 171 2155 51 63 63 782 453 156 75 335 203
internal_value=-0.000400868 -0.000335365 -0.00318299 -0.00184081 -0.000299675 -0.00163958 -0.000153611 -0.00023551 0.0011886 0.00314484 0.00553354 -0.00137725 0.00903846 0.012125 -0.000292639 -0.000903448 -0.00148375 -0.000287939 0.00178908 -0.00213764 0.0019084 0.00577381 0.000255774 0.00282986 0.00502222 -0.000230113 0.00174014 -0.00100825 0.00698864 -0.000149443 -0.000676067 0.000756347 0.00369213 0.00252591 0.0058011 3.14802e-05 0.000377559 0.00109379 0.000151448 0.00152233 0.00806723 0.00226466 0.00449715 0.0106957 -7.69594e-05 0.00425595 -0.000190775 -0.00108642 -0.000275049 0.00293233 0.00585227 0.00276029 -0.000547168 0.00138034 -0.000138299 0.00409449 -0.000556855 0.00128486 0.00402827 0.00724409 0.000725229 0.00184006
internal_weight=32778 31353 387 1425 30966 1414 640 29552 1139 493 327 166 181 119 28413 5395 3588 1274 530 2314 130 83 1807 287 224 1520 430 1090 87 23018 5876 1840 431 385 180 17142 10729 4168 2310 1096 118 1858 526 114 6561 167 6394 1214 6307 132 87 412 6413 1332 1409 126 1283 501 282 126 978 643
internal_count=32778 31353 387 1425 30966 1414 640 29552 1139 493 327 166 181 119 28413 5395 3588 1274 530 2314 130 83 1807 287 224 1520 430 1090 87 23018 5876 1840 431 385 180 17142 10729 4168 2310 1096 118 1858 526 114 6561 167 6394 1214 6307 132 87 412 6413 1332 1409 126 1283 501 282 126 978 643
cat_boundaries=0 1 2 3 4 5 6 7 8
cat_threshold=3592 1202 2621 432 1545 137 29 405
is_linear=0
shrinkage=0.05


Tree=93
num_leaves=63
num_cat=10
split_feature=8 0 8 21 17 11 13 9 8 23 13 25 18 42 44 19 10 18 15 6 19 39 25 13 20 27 25 27 21 39 11 10 8 21 4 9 39 9 20 21 15 25 21 0 18 5 0 10 42 7 35 8 13 7 39 13 25 14 14 0 12 24
split_gain=1.74987 1.18472 1.37983 0.968203 1.27182 0.941242 0.938574 0.825183 0.665016 0.66286 1.05654 0.751905 0.821628 1.16575 1.55196 0.921659 0.979102 1.22201 1.03235 1.0124 0.777982 0.663936 0.797808 0.820783 0.651766 0.644922 0.974508 1.17596 1.0484 0.958879 1.53484 1.60141 1.45485 0.901797 1.34537 1.68911 0.878973 1.51414 1.61103 3.07124 1.43574 1.40754 1.73153 1.59551 1.00606 0.980593 1.39655 1.08487 0.874584 0.872057 1.7006 1.71962 1.14018 1.25787 1.11014 1.21621 1.03986 1.03292 1.03824 0.988446 0.92473 0.851201
threshold=1.0000000180025095e-35 0.14310122825620655 0.061259138764770536 500.62500000000006 0.51532343535941461 59.500000000000007 0.51646960634302419 0.064618683258669971 0.15390922379353655 0.58808037531210955 0.54545482880785057 0 0.28168246721205664 0.88975694444444453 1.0000000180025095e-35 -0.020590073088188356 0.0066102776106675707 -1.2131841645285095 -0.015255140152576894 6.7952879767400027 0.037626654402128167 1 2 0.47887532236254277 0.060514801261422023 3.5000000000000004 3 16.500000000000004 21750.000000000004 4 70.500000000000014 -0.20668925956984904 0.10554684116470654 1485.2500000000002 0.15142372998851397 0.20812049606331759 5 0.17654828999700897 0.041493206194303502 2652.5000000000005 -0.58778666490211906 6 5262.5000000000009 -0.1100163788753634 -0.90470559704077524 8.1016533143327827 -1.0000000180025095e-35 0.090440278075957017 0.94058823529411772 7.2211992768229116 0.010074849312504243 0.068802791311814673 0.20052910052910056 7.0357702952862535 7 1.1000008999982003 8 0.46204005516367502 -0.34601471950120483 -0.093331891363512817 43.500000000000007 9
decision_type=8 2 10 8 2 2 2 10 10 10 2 1 8 2 2 2 2 10 2 2 2 1 1 2 10 2 1 2 10 1 2 2 10 10 2 10 1 10 10 8 2 1 10 2 10 2 2 2 2 2 2 10 2 2 1 2 1 2 2 2 2 1
left_child=6 3 -3 4 5 -2 7 -1 -7 10 21 -12 15 14 -14 16 17 -13 -19 -18 -16 22 23 24 -4 36 27 48 49 -29 31 -31 -32 34 -33 -36 40 -38 39 -39 -5 -42 43 -43 -41 46 -45 -48 -27 50 52 -52 53 -28 61 -56 -57 58 -58 -53 -60 -54
right_child=1 2 9 25 -6 8 -8 -9 -10 -11 11 12 13 -15 20 -17 19 18 -20 -21 -22 -23 -24 -25 -26 26 28 29 -30 30 32 33 -34 -35 35 -37 37 38 -40 44 41 42 -44 45 -46 -47 47 -49 -50 -51 51 59 54 -55 55 56 57 -59 60 -61 -62 -63
leaf_value=0.0013566007160900973 0.0001198642468968581 0.0022082211099998142 0.00025903680245256173 -0.00041205481435778002 -0.0019282333693806048 0.012715411139890271 -0.00091900549179519883 -0.0016628189725522659 0.0010040273698232632 -0.0022984159311679733 -0.001024458581094392 -0.0014575581871819881 0.0069398882609077815 9.6164065514717535e-05 -0.0026322256531739149 -0.0012011970859498865 0.0012377522212867614 0.0043727936989824421 5.9536925480522764e-05 -0.00068652168223382916 0.0046682883090684579 -0.0021018154662447363 -0.0020470183696141924 -0.0021742186587382158 0.0039510502288583396 -0.00021657346258930005 0.0038472240362638016 -0.00030156530239832627 0.0011770836477685107 0.0059879269936592107 0.0035309365110886611 -0.0022731862962608131 0.002006792199048034 -0.0033519400597318313 0.0054342940756465074 -0.00023705401693954937 -0.0007166661392473396 0.0046187425999032906 -0.0007348846134702092 0.0045375921211886321 1.7828021393205329e-05 0.0039041119392651531 0.0063678343847885319 -0.00032513638624956706 -0.00077233499614562081 -0.0009514021043088895 0.00068457229550077906 0.0073956406646733868 -0.0012352992487977138 -0.00011025462374703668 -0.00057909708962777578 0.0013687639333144416 -3.4381226476753646e-05 -0.00049260996234031917 1.0731113003828831e-05 0.00059486505824970972 0.00017178371517698743 -0.00048923474481332686 0.0062714534530387755 0.00085314620298815216 0.001997098237111021 -0.00070266915283317922
leaf_weight=49 68 48 218 262 48 40 632 95 51 613 1007 45 48 1015 49 562 48 57 41 525 50 604 415 105 48 821 64 938 74 87 40 96 165 182 43 52 569 84 197 45 266 68 62 63 141 103 65 42 1088 15587 59 41 806 49 2888 337 40 50 64 109 77 490
leaf_count=49 68 48 218 262 48 40 632 95 51 613 1007 45 48 1015 49 562 48 57 41 525 50 604 415 105 48 821 64 938 74 87 40 96 165 182 43 52 569 84 197 45 266 68 62 63 141 103 65 42 1088 15587 59 41 806 49 2888 337 40 50 64 109 77 490
internal_value=-0.000396839 -0.000339757 -0.00100746 -0.000200781 0.00319711 0.00534375 -0.00274131 0.000896551 0.0086413 -0.00108237 -0.000885698 -0.000416184 6.11983e-05 0.00102321 0.00516892 -0.000813136 0.000376568 0.0040625 0.00717172 -0.000548782 0.00155 -0.00204889 -0.00104141 0.00064136 0.00213483 -0.000227733 -0.000298376 -0.00106727 -0.000167503 -7.1697e-05 0.00136834 -0.000216921 0.00497573 -0.00164439 0.000755207 0.00494792 0.000642783 -0.000362943 0.00174145 0.00424354 0.00174628 0.00299254 0.00479468 0.00349415 0.00064171 0.00177007 0.00409357 0.0075463 -0.00190838 -0.000188995 0.000380294 0.00478571 0.000190093 0.00513158 7.15326e-05 0.00053937 0.00265378 0.00514463 0.00711538 0.00761589 0.00911972 -0.00117062
internal_weight=32695 31919 5498 26421 207 159 776 144 91 5450 4837 3447 2440 1162 147 1278 716 143 98 573 99 1390 786 371 266 26214 24247 3512 20735 1603 665 460 205 373 191 95 1967 1036 467 270 931 669 403 341 186 273 170 107 1909 20661 5074 209 4865 113 4752 3456 568 231 181 150 141 1296
internal_count=32695 31919 5498 26421 207 159 776 144 91 5450 4837 3447 2440 1162 147 1278 716 143 98 573 99 1390 786 371 266 26214 24247 3512 20735 1603 665 460 205 373 191 95 1967 1036 467 270 931 669 403 341 186 273 170 107 1909 20661 5074 209 4865 113 4752 3456 568 231 181 150 141 1296
cat_boundaries=0 1 2 3 4 5 6 7 8 9 10
cat_threshold=135 5761 3270 260 4775 2746 1432 130 154 11
is_linear=0
shrinkage=0.05


Tree=94
num_leaves=63
num_cat=10
split_feature=24 39 7 25 10 4 30 41 10 22 21 31 23 41 22 19 25 22 13 18 1 8 42 25 13 19 21 12 39 13 11 27 1 21 19 10 39 7 22 11 25 22 8 30 11 1 33 29 30 6 7 19 7 5 25 14 22 8 1 13 23 38
split_gain=1.1586 1.02627 1.16554 1.28391 1.66204 2.38312 1.41185 1.26242 1.15927 1.3629 1.15158 1.08414 1.04311 1.00235 1.00291 0.972164 1.5498 1.72689 1.73801 1.25945 1.03418 0.99692 0.929008 0.893164 1.28193 1.07308 1.31267 0.841283 1.02561 1.68262 1.30058 1.12212 0.860955 1.24597 1.07391 1.54136 0.81913 1.06517 2.7161 2.0144 1.18133 1.19161 1.85947 2.62128 1.05354 1.21949 1.64912 0.937723 1.9034 1.29578 2.24944 1.31485 0.98022 1.50099 1.57611 2.03403 1.01574 1.15486 1.31917 1.16507 1.0455 1.01312
threshold=0 1 7.2211992768229116 2 -0.30987354668273864 -0.60613543993381869 0.45000000000000007 136.08011122881359 0.14681144685750927 0.010380457158981631 21750.000000000004 17.400000000000006 2.3883439528819568 795.07377049180343 0.091015093845778883 -0.037827599046030599 3 0.51725347686157597 0.73333410852713188 -0.21639778145418925 0.012607129972895594 0.10554684116470654 0.73453443877551028 4 0.55555611111111125 -4.0450738535673406e-17 14062.500000000002 66.500000000000014 5 0.93124800146223452 84.500000000000014 21.500000000000004 1.0000000180025095e-35 1590.1550000000002 -0.04787280848225197 -0.11497311253603824 6 7.725841813306725 -0.91375012804393696 2.5000000000000004 7 0.095338776172049278 0.089419257560104382 24.750000000000004 72.500000000000014 0.094310679471241624 30.335714285714285 1.0000000180025095e-35 125.30000000000001 9.1026494356455174 9.2295491525033082 0.049510512897138995 8.2166650771233467 8.005561203949517 8 0.060752244927849704 0.087703432039730175 0.15616220473574685 -0.13353139262452315 0.66504963267704975 1.0000000180025095e-35 9
decision_type=1 1 2 1 2 2 2 2 2 8 10 2 10 2 8 2 1 8 2 10 2 8 2 1 2 2 10 2 1 2 2 2 2 8 2 2 1 2 10 2 1 10 8 2 2 2 2 2 2 2 2 2 2 2 1 2 8 10 2 2 8 1
left_child=-1 10 3 4 5 -3 -7 8 36 -10 15 -12 13 -6 -15 16 17 -2 21 20 -20 -19 -18 24 25 -17 -27 28 29 32 31 -31 33 34 35 -5 -4 38 -38 -40 -41 42 43 -42 45 -44 -47 49 -49 52 51 -51 53 61 55 -55 57 59 -59 60 -56 -39
right_child=1 2 7 27 12 6 -8 -9 9 -11 11 -13 -14 14 -16 23 22 18 19 -21 -22 -23 -24 -25 -26 26 -28 -29 -30 30 -32 -33 -34 -35 -36 -37 37 47 39 40 41 -43 44 -45 -46 46 -48 48 -50 50 -52 -53 -54 54 56 -57 -58 58 -60 -61 -62 -63
leaf_value=-0.00032577217073511582 -0.00017308396771776455 -6.8437329585176786e-05 -0.0010594221877120644 -0.0015117866201382235 0.000150783089694578 0.011167979176295828 0.01357742403726315 -0.00048210307718400311 0.000154865134220288 -0.00098029094330214796 0.0032685239607897032 1.2564144748172931e-05 0.0035684994030836786 0.0072974656803257917 0.00045457900897745559 -0.0023931146674844371 0.00088570231996856525 -0.00063943473444098722 0.0055912030239573573 0.0012446686756334246 0.0036588639866328913 0.0029957320735084477 -0.00045804409348129856 -0.00079369396343891875 -0.00055485062165767831 0.00086345204030953459 0.0036436637581184019 -0.001035115317328637 -0.00055104065637527719 0.0060317369941681725 0.0052803672434437454 9.4722995690573006e-05 -0.00048052730881140826 0.0029344461073181958 -0.00049217558485144892 0.0023977143198260168 0.0026654936461089603 0.0021606685322707125 0.0020044754295072695 -0.00069573935426590623 0.0021405840338493526 -0.00077654307146417907 0.00011282482369065338 0.0042522458386203962 -0.00024206558101509484 0.0052399949741155742 0.00059079304076066377 -0.00027153430079519179 0.0038128497759142115 0.00082884736756488333 -0.0019655178908936249 0.0052448053914244406 -0.00018573950253102851 0.0048002409209721214 -0.0006392246097138883 3.0567553390340815e-05 -0.00021294460898023187 -0.00045126474710752726 0.003857896511567194 0.0075093351839423741 0.003223553083079444 -0.00032213097406133496
leaf_weight=6429 381 84 586 52 2087 46 52 2613 1093 1790 41 59 65 51 71 92 97 92 46 67 43 41 1371 2561 1060 270 55 665 729 53 48 107 487 107 218 45 324 175 43 631 112 244 226 44 243 42 42 3109 44 52 75 41 1907 62 55 43 260 85 61 41 43 863
leaf_count=6429 381 84 586 52 2087 46 52 2613 1093 1790 41 59 65 51 71 92 97 92 46 67 43 41 1371 2561 1060 270 55 665 729 53 48 107 487 107 218 45 324 175 43 631 112 244 226 44 243 42 42 3109 44 52 75 41 1907 62 55 43 260 85 61 41 43 863
internal_value=-0.000430845 -0.000282793 -0.000106891 0.000556561 0.00136603 0.00595628 0.0112121 -0.000327426 -0.000115913 -0.000993413 -0.000839829 0.00445544 0.0010022 0.000816741 0.00520325 -0.000927636 -6.54523e-05 0.00190896 0.00484483 0.00840764 0.0122778 0.000634327 -0.000973632 -0.00138401 -0.000393146 0.00194976 0.00329754 -0.00023989 0.000308607 0.00125443 0.005311 0.00310559 0.000335164 0.00198581 0.000395568 0.0047449 0.000151786 0.00027202 0.00130379 0.000469901 0.000176655 0.00128112 0.00233098 0.00713376 0.000965703 0.00289389 0.008 -1.87955e-05 -0.000654725 0.00051408 0.0047929 0.00994681 0.000312846 0.00119005 0.0030722 0.00840517 0.00184352 0.00393357 0.000816325 0.00717857 0.00414141 9.62345e-06
internal_weight=32621 26192 19916 4967 2456 182 98 14949 12336 2883 6276 100 2274 2209 122 6176 2138 670 289 156 89 133 1468 4038 1477 417 325 2511 1846 1117 208 160 909 422 315 97 9453 8867 1951 1627 1584 953 709 156 553 310 84 6916 3153 3763 168 93 3595 1688 650 105 545 285 146 139 98 1038
internal_count=32621 26192 19916 4967 2456 182 98 14949 12336 2883 6276 100 2274 2209 122 6176 2138 670 289 156 89 133 1468 4038 1477 417 325 2511 1846 1117 208 160 909 422 315 97 9453 8867 1951 1627 1584 953 709 156 553 310 84 6916 3153 3763 168 93 3595 1688 650 105 545 285 146 139 98 1038
cat_boundaries=0 1 2 3 4 5 6 7 8 9 10
cat_threshold=8 195 824 778 1121 260 2304 2196 1028 1
is_linear=0
shrinkage=0.05


Tree=95
num_leaves=63
num_cat=6
split_feature=8 10 7 33 13 5 12 0 39 27 26 5 4 13 6 12 20 41 13 9 4 33 3 6 12 13 39 4 41 13 10 23 33 4 38 39 26 31 11 41 20 18 39 7 42 4 7 10 20 9 18 16 40 42 9 0 4 23 0 27 24 10
split_gain=1.63347 1.33849 1.16093 1.28157 1.52513 1.25525 1.09686 0.900396 0.892762 1.04167 0.969373 3.06115 1.03656 0.867574 1.04765 0.863999 1.54041 0.839862 0.756574 1.29555 1.42427 1.53022 1.57868 1.38291 1.24397 1.53883 1.5192 1.25847 0.848486 0.836522 0.806711 1.28147 1.03309 0.797401 0.790726 1.49817 1.11143 2.09945 1.94159 1.01758 0.887566 1.05808 0.882752 1.32499 1.05152 1.02104 1.00449 0.914734 1.08615 1.03286 1.51422 0.983726 0.889471 0.845289 0.78886 0.783186 0.777712 0.775326 0.766351 0.73525 0.82171 1.21792
threshold=1.0000000180025095e-35 0.09470058370441771 8.4919846475750358 27.050000000000004 1.294119723171179 8.5585372036271306 83.500000000000014 0.69314718055994595 0 9.5000000000000018 37.500000000000007 7.4581945683172881 0.0062280536341905455 0.51646960634302419 8.0036451919838854 24.500000000000004 0.01159168838058411 1897.5291418650797 0.6535057378379584 0.10150699271296082 0.15898435465942609 36.892857142857153 -0.03719759186923443 8.7189261332687966 39.500000000000007 1.1111089285714288 1 -0.15600260518741746 1410.2708080808086 0.74999953125058616 -0.7010456419452139 -1.0000000180025095e-35 31.021428571428576 -1.0986122886681102 2 3 16.500000000000004 0.75000000000000011 62.500000000000007 52.278556034482769 0.14507439133228719 0.023474460287506962 4 7.0098789814353504 0.77459677419354855 -0.2518401488946575 8.3075396436201494 -0.15871076333310882 -0.092040685560578303 0.20428984075103793 -0.77330844820551803 -0.40546510810816444 3.5000000000000004 0.76986128625472894 0.27544559066178109 -0.10178136942350856 -0.83925475682132811 0.68374069749539801 0.14310122825620655 21.500000000000004 5 0.24359617836715633
decision_type=8 2 2 2 2 2 2 2 1 2 2 2 2 2 2 2 10 2 2 8 2 2 2 2 2 2 1 2 2 2 2 10 2 2 1 1 2 2 2 2 10 10 1 2 2 2 2 2 10 10 8 2 2 2 10 2 2 10 2 2 1 2
left_child=13 17 3 8 7 6 -6 -5 -3 -10 12 -12 -11 14 -1 -13 -17 18 34 20 21 24 -23 29 25 26 -20 -28 -26 -22 31 32 33 -21 42 36 37 -36 -39 40 -37 -42 44 52 45 -2 47 58 -49 55 51 -51 -44 -38 -48 -50 -32 -55 -46 -14 61 -61
right_child=1 2 -4 4 5 -7 -8 -9 9 10 11 15 59 -15 -16 16 -18 -19 19 30 23 22 -24 -25 28 -27 27 -29 -30 -31 56 -33 -34 -35 35 39 53 38 -40 -41 41 -43 43 -45 46 -47 54 48 49 50 -52 -53 -54 57 -56 -57 -58 -59 -60 60 -62 -63
leaf_value=0.001700214619101836 0.012578666921172005 -0.0027807166530292755 -0.001513756133669063 -0.00041463671867317107 2.0249093700169181e-05 0.0030783213401274941 0.0014627652430046871 -0.003827318877002479 -0.0028229955113611249 -0.0036597794453746761 0.0052573860603758607 -0.0017212657818069001 0.0041431884490273378 -0.00082079138544858881 -0.00064156256075663691 1.3746074175719508e-05 0.0028567231956233403 -0.00028399643031793581 -0.00066838108046942128 -0.00075537226463913117 0.0014752335402628 0.002686502765008569 9.9244233890840452e-05 0.0058564070541276226 -0.00033708739795707926 0.0030843968469753207 5.8462301227861492e-05 0.0022609823207411207 0.0011752023645177547 -0.00010586704442304613 -0.001629921513785666 -0.00030858289120827304 0.017594456967636868 0.0045018176719929448 -0.00059781326619869231 -0.00074956434874846965 0.003407069592988381 0.0052170222163898956 0.00036205811460035433 -0.0001556143731977698 -0.0009527891960170239 0.0051936257908935975 0.0011098654104950388 -0.00019775273761382068 -0.00036520165685164139 0.00090788593692844909 -0.0017627843141171718 0.0082492999470986043 -0.0003473060434556749 -0.00011813609574712801 -0.0011785869568406229 0.0043055646675816068 0.0015613646182321094 -0.00046613964802431543 0.004585542885632999 0.0016751922989903364 1.1461248562620277e-05 0.00091427031460979363 0.0018619064593700125 0.0019286969723513231 -0.00035778866451973887 -0.00025766075131193199
leaf_weight=52 54 126 1602 6523 683 40 79 212 147 66 65 60 47 629 95 136 63 1790 148 45 40 61 73 45 588 63 69 60 76 59 394 114 42 47 62 1243 60 50 42 3784 53 40 128 2183 443 58 320 57 109 53 256 40 43 282 40 366 8207 42 40 74 205 63
leaf_count=52 54 126 1602 6523 683 40 79 212 147 66 65 60 47 629 95 136 63 1790 148 45 40 61 73 45 588 63 69 60 76 59 394 114 42 47 62 1243 60 50 42 3784 53 40 128 2183 443 58 320 57 109 53 256 40 43 282 40 366 8207 42 40 74 205 63
internal_value=-0.000411768 -0.000356686 -0.000829573 -0.000598953 -0.000827144 0.00123288 0.000773262 -0.0010726 0.00103514 0.00156884 0.0023141 0.0044 0.000822367 -0.00267696 0.000777026 0.00194231 0.003525 -0.000135279 -4.22935e-05 0.000261053 0.00174591 0.00115013 0.00614815 0.00641379 0.000477611 0.00293255 0.00131295 0.00503571 -0.000781956 0.00305 4.57615e-05 0.0028514 0.00614815 0.00311828 -0.000354352 -0.000739109 0.00174863 0.00535484 0.0101075 -0.0010037 -0.00219147 0.0025 0.000166626 -0.000473574 0.000985381 0.00566372 0.000684057 0.00130403 0.0022619 0.00179394 -0.00027143 0.00515957 0.00375 0.000337661 -0.00166205 0.00330882 -3.54581e-05 -0.000676924 -0.000444216 0.00180769 0.000991252 0.00381757
internal_weight=32736 31960 10191 8589 7537 802 762 6735 1052 926 779 324 455 776 147 259 199 21769 19979 10131 1282 1138 134 144 1004 340 277 129 664 99 8849 248 134 92 9848 5658 538 154 92 5120 1336 93 4190 2354 1836 112 1724 1364 881 824 349 93 171 384 360 475 8601 324 483 389 342 137
internal_count=32736 31960 10191 8589 7537 802 762 6735 1052 926 779 324 455 776 147 259 199 21769 19979 10131 1282 1138 134 144 1004 340 277 129 664 99 8849 248 134 92 9848 5658 538 154 92 5120 1336 93 4190 2354 1836 112 1724 1364 881 824 349 93 171 384 360 475 8601 324 483 389 342 137
cat_boundaries=0 1 2 3 4 5 6
cat_threshold=140 2182 9 120 7680 17
is_linear=0
shrinkage=0.05


Tree=96
num_leaves=63
num_cat=11
split_feature=8 13 6 22 42 21 8 30 39 13 17 2 31 12 13 23 39 20 15 4 16 25 3 12 33 2 21 20 21 41 14 15 22 20 41 41 30 25 25 33 24 20 20 27 31 25 20 0 25 24 33 8 25 39 2 8 21 12 8 16 17 17
split_gain=1.05555 1.57121 2.17049 1.04932 1.3244 0.906903 0.930929 0.890439 0.820006 1.03512 1.56546 1.5617 1.39634 1.98203 1.2094 0.876652 0.796329 0.789543 0.77917 0.728131 0.760392 1.16431 0.812598 0.866811 1.18887 1.19391 0.924359 0.835727 0.813863 1.18666 0.778017 0.719617 0.719106 1.14726 1.02659 0.94951 1.28181 0.904394 0.830764 1.1069 0.777325 0.770386 1.22863 0.767069 0.753854 0.711994 0.965839 0.667915 0.889106 1.02302 0.974179 0.674652 0.878986 1.59525 1.22982 1.57125 1.24568 1.60928 1.41741 1.33486 1.19631 0.828927
threshold=1.0000000180025095e-35 0.51646960634302419 8.0036451919838854 0.080043806573427731 0.63211600429645554 1785.5000000000002 0.036439061589101616 131.20000000000002 0 0.58333416666666682 0.18765890748557909 0.27606595276855211 171.95000000000002 74.500000000000014 0.64603107687459826 0.62439886764964736 1 0.39247705594051274 -0.068992871486951532 0.58778666490211917 0.16705408466316587 2 0.16551443847757288 51.500000000000007 29.407142857142862 0.10952762955886054 2900.8350000000005 0.067047787730687411 2995.8350000000005 35.029582693292376 -0.092334076498824733 0.87959364771603721 0.41877283876476062 -0.026330696785831064 339.27528248587572 38.649958228905604 3.4500000000000006 3 4 29.614285714285717 5 0.0022788388825900076 0.01266785923662358 49.500000000000007 141.45000000000002 6 -0.004674971834650616 0.28768220403071171 7 8 35.707142857142863 0.18110105651890987 9 10 -0.027191234438406205 0.15616220473574685 3802.3800000000006 68.500000000000014 0.081764339669930616 -0.29221538471536185 0.1199053542678641 -0.01623383349718471
decision_type=8 2 2 10 2 10 10 2 1 2 2 2 2 2 2 10 1 10 2 2 2 1 2 2 2 2 10 10 10 2 2 2 10 10 2 2 2 1 1 2 1 10 10 2 2 1 10 2 1 1 2 10 1 1 2 8 8 2 10 2 2 2
left_child=1 2 -1 17 -5 8 18 16 9 31 11 12 14 -14 -11 45 19 47 -7 20 21 -8 23 26 -25 28 30 -24 -26 -30 -23 -6 33 34 35 36 -10 41 39 -37 44 -35 -43 -44 -39 46 -12 51 49 50 -49 52 53 54 55 56 57 59 -59 -2 -61 -56
right_child=3 -3 -4 4 5 6 7 -9 32 10 15 -13 13 -15 -16 -17 -18 -19 -20 -21 -22 22 27 24 25 -27 -28 -29 29 -31 -32 -33 -34 37 -36 38 -38 40 -40 -41 -42 42 43 -45 -46 -47 -48 48 -50 -51 -52 -53 -54 -55 61 -57 -58 58 -60 60 -62 -63
leaf_value=0.003058253688358666 -0.0012960758955205931 -0.00079159681153613711 -0.00077044503251088312 0.0034247177617220377 -0.0012739815860667531 0.0011933694830803471 -0.0018478066122406774 0.0012518153129178898 -7.7711819341405719e-05 0.0036334868418074445 0.0073525474089675847 -0.00036254891330993774 0.0044364607245468866 8.2356545568969269e-05 0.0005623470414681741 0.0027796165237871269 -0.0013423290439876126 0.0015719116127624743 -0.00090612899391251563 -0.0027064654817813166 -0.00099155675241299908 -0.00043945693453807894 -0.00096391338187959061 0.0029685347267163855 -0.0011598246402876975 -0.0016585069797676853 -0.00088186181474730245 0.0016215758844845638 0.00010777204268734671 0.0021344761613328626 0.0017773177993848966 0.001448897022795901 -0.00084768531828133861 -0.00015384383151696574 0.0024780200055661817 -0.0014889905531381019 0.0026781107772489293 -0.00048862149394476319 -0.00082690256140665979 0.0020685619191903827 -0.0012300534157977901 0.001706516230235316 -0.00082458481041619244 0.00063464667112646516 0.0022756019818776733 -0.0018615638573033087 -0.00088505285684717784 0.00034844150956360063 -0.0010171140195486452 -0.00084838291893412341 0.0064654880966038613 7.7165365579521703e-05 -1.2860011408739386e-05 -0.00058451980537082171 0.00016645533597548079 -0.0017304935083648693 0.00021367606927374938 0.00023206631978531551 0.0040183489527718975 0.0018320418431163608 2.3690020559776763e-05 -0.00060425200913053671
leaf_weight=50 47 621 98 48 426 40 307 66 80 53 70 146 60 40 255 52 1394 82 56 133 533 52 161 40 51 49 150 40 49 49 71 40 652 247 64 44 78 149 197 76 726 63 146 65 43 249 143 96 996 199 50 8346 9727 2729 515 148 545 41 49 73 82 745
leaf_count=50 47 621 98 48 426 40 307 66 80 53 70 146 60 40 255 52 1394 82 56 133 533 52 161 40 51 49 150 40 49 49 71 40 652 247 64 44 78 149 197 76 726 63 146 65 43 249 143 96 996 199 50 8346 9727 2729 515 148 545 41 49 73 82 745
internal_value=-0.000371946 -0.0022013 0.00241611 -0.000327811 -0.000847197 -0.000901297 -0.00152838 -0.00167673 -0.000412966 0.000504853 0.00136576 0.00320721 0.00479217 0.00990099 0.00310679 -0.00062136 -0.00180033 -0.00016959 0.00329897 -0.00104658 -0.000746943 5.39204e-05 0.00116182 0.00223633 0.00443515 0.00281407 0.000310218 -0.0015099 0.00503333 0.00767677 0.00350806 -0.0014561 -0.000946612 -0.000474989 0.00149074 0.000682772 0.00383648 -0.00121181 -0.000896228 0.00229008 -0.00214209 0.000460525 0.00229091 0.000448112 0.000689654 -0.0013175 0.000825892 -0.000186151 -0.00127049 0.00091292 0.00394904 -0.000123005 -0.000326827 -0.000866601 0.000121896 0.00144523 0.0022852 0.00491467 0.0104396 0.00241379 0.00464743 -0.000911976
internal_weight=32692 769 148 31923 7453 7405 3241 3145 4164 1534 1068 554 408 100 308 514 3079 24470 96 1685 1552 1019 712 511 238 198 273 201 149 98 123 466 2630 1978 539 475 158 1439 317 120 918 521 274 211 192 462 213 24388 1341 345 146 23047 14701 4974 2245 985 837 292 90 202 155 1260
internal_count=32692 769 148 31923 7453 7405 3241 3145 4164 1534 1068 554 408 100 308 514 3079 24470 96 1685 1552 1019 712 511 238 198 273 201 149 98 123 466 2630 1978 539 475 158 1439 317 120 918 521 274 211 192 462 213 24388 1341 345 146 23047 14701 4974 2245 985 837 292 90 202 155 1260
cat_boundaries=0 1 2 3 4 5 6 7 8 9 10 11
cat_threshold=928 4216 209 3601 1605 16 1324 73 17 2124 2629
is_linear=0
shrinkage=0.05


Tree=97
num_leaves=63
num_cat=1
split_feature=9 42 2 17 21 13 23 42 10 16 27 30 26 4 19 3 30 20 42 19 27 3 14 0 4 15 13 5 12 3 3 21 30 13 41 20 21 20 41 41 41 44 17 2 42 9 21 37 2 13 33 12 5 5 24 17 4 14 20 23 29 14
split_gain=1.05843 1.33762 0.855705 0.872361 1.29781 0.857113 1.15701 1.23016 1.10378 1.02109 1.10098 1.36833 1.76687 2.7188 1.22005 1.40564 1.20722 1.33194 1.12441 1.21657 1.32042 1.08639 1.08633 0.979381 1.35302 1.36185 0.933862 1.32679 0.8872 0.939899 1.22215 1.08325 0.881606 0.8298 0.824158 0.808858 1.14592 1.47339 1.26494 1.30722 0.986152 0.891007 1.37274 0.811995 1.26208 0.918418 0.809182 0.79868 0.786734 0.780638 1.08617 1.21541 0.781972 0.756506 0.818354 0.971518 1.03448 1.61885 0.903802 0.936157 1.09633 1.05259
threshold=0.02546646264633946 0.77459677419354855 0.30010459245033833 0.2171244432054911 3870.0000000000005 0.54318926100354681 0.30255647161913629 0.95698427382053664 0.60727478340006613 -0.44181355584189491 22.500000000000004 73.200000000000031 35.500000000000007 0.18232163679396154 -0.0058586780346309786 -0.17464067589322815 3.9500000000000006 -0.011596665343649002 0.90081967213114766 -0.079736941682105475 2.5000000000000004 -0.15123237323072611 1.3857206375916524 0.018349138668196211 -0.14167928007670968 -0.038455076471541887 0.60994613571780032 7.3801089771607353 87.500000000000014 0.18232246588569015 0.021981080627092812 1250.5000000000002 23.750000000000004 0.60720779220779231 84.385526315789491 -0.0038095424124082529 6132.5000000000009 0.09604320909604068 29.34372436423298 6.0940448113207557 3.7338541666666671 0.38750000000000007 0.60484495698142726 -0.032789822822990804 0.96899038461538478 0.17545467478760624 7312.5000000000009 26.500000000000004 1.0000000180025095e-35 1.6002280821917811 33.778571428571439 64.500000000000014 6.2069149836564126 9.0593795603715197 0 -1.6359114195481399 -0.080042323058004058 -1.0987451260759042 0.045192444665375142 0.98410795328480594 1.0000000180025095e-35 -0.27044390978694727
decision_type=10 2 2 2 10 2 10 2 2 2 2 2 2 2 2 2 2 10 2 2 2 2 2 2 2 2 2 2 2 2 2 8 2 2 2 10 10 10 2 2 2 2 2 2 2 10 10 8 2 2 2 2 2 2 1 2 2 2 10 8 2 2
left_child=1 -1 3 4 5 6 48 23 9 22 11 14 13 -13 16 -16 17 -11 -18 -20 -21 -17 53 24 -8 -26 -22 -28 29 30 -23 -31 34 -19 -33 41 40 43 39 -39 -37 -5 -43 44 45 -38 -45 -12 -2 52 51 -51 -49 54 58 56 -56 -58 -7 60 -60 -61
right_child=2 -3 -4 35 -6 8 7 -9 -10 10 47 12 -14 -15 15 21 18 33 19 20 26 28 -24 -25 25 -27 27 -29 -30 31 -32 32 -34 -35 -36 36 37 38 -40 -41 -42 42 -44 46 -46 -47 -48 49 -50 50 -52 -53 -54 -55 55 -57 57 -59 59 61 -62 -63
leaf_value=0.0014588667293837917 -1.7029387435443454e-05 -0.00064525912719003056 -0.00045447665639117236 -8.7417198844593128e-05 -0.00029885660857699079 -5.4848871759973041e-05 8.8361396073848432e-05 -0.00022821496182902674 0.002815785963357945 -0.00073658153360721043 -0.0013069664004152182 0.0037923090280160311 6.9350598822052998e-05 0.00015084637181548308 -0.0014614781278537217 0.0033423477375793126 0.0060488120281952619 0.0016051046366733922 -0.00094549888325072247 0.0035002611026082719 -0.0015845925921987619 0.00025912114590326426 0.001415517793772719 7.1899084723504061e-05 0.0036560754825568651 0.00082190298366642447 0.0043301226137246662 0.00030123497756551979 0.0022790874301916804 0.0055303832084690439 -0.0018074807426293014 -0.0019304495584114582 0.0027737237542045674 0.00039920012115135858 0.00070565355562154041 0.00012503305382519 0.0017922790720431543 0.0055593728965734925 0.0061637759234099785 -0.0018307604952900376 -0.00068759010657324466 -0.00024597331706305796 0.0048090740806906087 0.00052438339534716528 0.0033967298682785088 -0.00052439298183981793 -0.001466087029425041 0.025509544510601424 -0.00052338981629440216 0.0046666697085259393 -0.00065512581381647797 0.0023545194584656732 3.5914442899534378e-05 -0.0019728931068796378 -0.0012507175058743491 -0.00080011541366358505 0.00044686121691449597 0.0058147741018328017 0.0026042848531089113 0.0053952191929874651 -0.0014822892923172248 0.0014464015329317028
leaf_weight=43 2271 366 3079 4684 4001 747 103 372 45 290 152 77 97 50 330 43 68 55 91 56 40 364 63 155 82 64 51 123 43 47 224 87 56 408 48 816 48 51 46 47 4490 105 68 79 60 102 253 47 1780 43 48 40 3890 115 107 1370 84 41 77 40 78 42
leaf_count=43 2271 366 3079 4684 4001 747 103 372 45 290 152 77 97 50 330 43 68 55 91 56 40 364 63 155 82 64 51 123 43 47 224 87 56 408 48 816 48 51 46 47 4490 105 68 79 60 102 253 47 1780 43 48 40 3890 115 107 1370 84 41 77 40 78 42
internal_value=-0.000390039 -0.00291464 -0.000358113 -0.000274912 -6.61959e-05 0.000153739 -0.000390432 0.00137709 0.00042519 0.000388248 0.000714804 0.00151378 0.00524444 0.00910156 0.00116701 7.24043e-05 0.00231614 0.00110743 0.00443023 0.0033011 0.00498155 0.00108434 -0.000423148 0.00328395 0.00522 0.00829932 0.00316279 0.00474286 0.000695401 0.00032648 -0.00074703 0.00297071 0.00127604 0.0027694 -0.000919119 -0.000630877 -0.00101952 0.000902473 0.00537931 0.00212121 -0.00126814 -0.000151298 0.00336207 -0.00029466 0.0021327 -0.000331127 -0.00183183 0.000213218 -0.000729271 0.000346521 0.00412879 0.00755952 0.000219653 -0.000575501 -0.000398146 -0.00109114 0.00188841 0.00496032 0.000733667 0.00342437 0.00112179 0.00771084
internal_weight=32842 409 32433 29354 18505 14504 4827 776 9677 9632 6868 2648 224 127 2424 1242 1182 753 429 361 270 912 2764 404 249 146 214 174 869 826 588 238 191 463 135 10849 5992 686 144 98 5306 4857 173 542 210 150 332 4220 4051 4068 131 83 3937 2701 2586 1602 232 125 984 237 155 82
internal_count=32842 409 32433 29354 18505 14504 4827 776 9677 9632 6868 2648 224 127 2424 1242 1182 753 429 361 270 912 2764 404 249 146 214 174 869 826 588 238 191 463 135 10849 5992 686 144 98 5306 4857 173 542 210 150 332 4220 4051 4068 131 83 3937 2701 2586 1602 232 125 984 237 155 82
cat_boundaries=0 1
cat_threshold=17
is_linear=0
shrinkage=0.05


Tree=98
num_leaves=63
num_cat=6
split_feature=8 6 42 27 2 8 12 25 31 25 39 21 33 0 27 26 12 9 3 42 19 31 6 11 24 42 33 26 2 7 27 33 4 19 3 15 7 21 7 7 21 23 39 19 12 33 31 12 15 9 31 12 31 4 31 11 23 33 31 39 15 23
split_gain=1.13279 0.999737 1.39817 1.24652 0.86526 1.06748 1.9245 0.813281 0.775338 0.736226 1.4717 1.14004 1.04438 0.910868 0.906738 1.21442 1.13807 1.95126 0.882709 0.850349 1.76843 0.915803 1.12431 0.885377 0.836151 1.34513 1.03334 1.54268 1.30336 1.0103 1.14474 0.890995 1.59179 1.78502 1.42714 1.16694 1.25998 1.08538 1.26456 0.989591 1.00626 0.960598 0.867976 0.848933 0.82484 0.971654 0.942245 1.62201 0.800871 0.87759 0.798872 0.758516 0.760964 0.87253 0.748817 0.735985 1.01624 1.15064 1.10886 1.89933 1.30507 1.55034
threshold=1.0000000180025095e-35 7.0093826117880242 0.73827838827838843 20.500000000000004 0.3829922522561065 0.66638539202183866 7.5000000000000009 0 0.8500000000000002 1 2 21750.000000000004 25.492857142857144 0.025642430613337378 16.500000000000004 36.500000000000007 32.500000000000007 0.16684251332546654 0.61350217182287958 0.9652147610405325 0.33272995271688799 321.45000000000005 7.8328721126003638 1.5000000000000002 3 0.77459677419354855 26.021428571428576 29.500000000000004 0.051293294387550599 7.7706460804203141 8.5000000000000018 32.078571428571436 0.54865931371344534 -0.0058586780346309786 -0.20763936477824393 0.42248710394470118 7.1944698837610011 1212.0000000000002 6.6081378746725639 7.5621355244924233 1590.1550000000002 -1.0000000180025095e-35 4 0.076013129768083262 42.500000000000007 26.021428571428576 1.0000000180025095e-35 77.500000000000014 -0.015255140152576894 0.22016574571311551 160.50000000000003 87.500000000000014 207.65000000000001 -0.087892065223632784 417.55000000000007 6.5000000000000009 1.3899360378154448 26.021428571428576 146.45000000000002 5 0.5877866649021195 0.015037877364540654
decision_type=8 2 2 2 2 8 2 1 2 1 1 10 2 2 2 2 2 10 2 2 2 2 2 2 1 2 2 2 2 2 2 2 2 2 2 2 2 8 2 2 10 8 1 2 2 2 2 2 2 10 2 2 2 2 2 2 10 2 2 1 2 8
left_child=1 3 8 -1 9 7 -7 -6 -3 10 14 12 -12 54 -2 -16 17 -17 19 23 21 44 -23 -14 26 -26 27 28 -15 31 48 35 34 -34 -33 51 -37 38 -36 40 -38 -40 -27 -44 45 -21 47 -46 -31 50 -50 52 53 -28 55 56 57 -11 59 60 -59 -62
right_child=4 2 -4 -5 5 6 -8 -9 -10 13 11 -13 18 24 15 16 -18 -19 -20 20 -22 22 -24 -25 25 42 29 -29 -30 30 -32 32 33 -35 37 36 39 -39 41 -41 -42 -43 43 -45 46 -47 -48 -49 49 -51 -52 -53 -54 -55 -56 -57 -58 58 -60 -61 61 -63
leaf_value=-0.0028281883728826598 -0.00080491521653639701 0.0029700285261884687 -0.00070670937400211771 0.0040673222714891592 -0.00031140342299858194 0.00764344658636254 -0.002153109976339467 -0.0021255255851478755 -0.0007254451519920058 0.0024192049370201493 -0.0018508950485066286 0.0025889908945510294 -0.0005370681114418677 0.0016302194139451336 -0.00030371225494590438 0.0065098230223669925 -3.4609364511734368e-05 6.8343493146466513e-05 -0.0018605419357234374 0.0008636252819061573 0.0047241683407283352 -0.00031963730064199817 0.0025860418605873109 0.0001594941436300811 0.00068386996078201919 -0.0010091835805311974 2.3117356336039054e-05 -0.00015571377184827378 0.0030396271489230159 -0.00028170496238651854 -0.00047653903460239956 0.0023883755335297055 0.007030703525997265 0.00071839901558199348 -0.0034747815909393965 -0.00050818414454328268 0.0010164655438962326 -0.00041204834915534703 0.0041452282064092438 0.00015749992630580286 0.0058909063716499812 5.7106406164901549e-05 -4.8530860329720067e-05 -0.0017146136359961683 -0.0010427734967283593 -0.0002119208662129829 -0.0012041154960326468 0.0031990155884486873 0.00029802824909017133 -0.0010320846266249372 0.0015442344353210318 0.0024426633092514624 8.0930829616298916e-05 -0.0011382849736677734 0.0023248134980457624 9.2595584681101481e-06 0.0030702096657985742 0.00081002961265532912 -0.00035373438982848695 -0.00010926405140704847 0.0058463604335750857 0.0023830446234002142
leaf_weight=48 2163 54 527 43 1080 51 133 805 108 58 149 59 165 47 2286 50 80 57 128 58 46 60 66 4272 78 785 212 104 43 146 1732 64 40 41 42 96 56 453 73 64 44 56 1290 315 115 1310 1144 74 44 40 42 58 210 479 79 9282 59 502 504 361 43 70
leaf_count=48 2163 54 527 43 1080 51 133 805 108 58 149 59 165 47 2286 50 80 57 128 58 46 60 66 4272 78 785 212 104 43 146 1732 64 40 41 42 96 56 453 73 64 44 56 1290 315 115 1310 1144 74 44 40 42 58 210 479 79 9282 59 502 504 361 43 70
internal_value=-0.000359304 -0.00224072 -0.00289131 0.00266304 -0.000313322 -0.00130193 0.00232432 -0.00165695 0.00116564 -0.000244858 -0.000541773 -0.000114929 -0.000169348 -3.74522e-05 -0.00124381 -0.00059216 0.00327128 0.00662037 -8.60343e-05 -1.36792e-05 -0.000683717 -0.000843353 0.00330709 0.000420233 -0.000498874 -0.0012263 -6.67155e-05 0.00348718 0.00824176 -0.000240422 -0.00103242 0.000558068 0.00188961 0.00847561 0.00110305 -0.000282788 0.00268199 0.000367999 0.00375 0.00533333 0.00841584 0.00619231 -0.00144291 -0.000758046 -0.00103812 -0.000175312 -0.00192279 0.0013421 0.00197802 0.00488189 0.00770115 -0.00108854 -0.00144679 -0.00224711 0.000242722 0.00020726 0.00119837 0.000948667 0.000675218 0.00165814 0.0033147 0.00820175
internal_weight=32743 780 689 91 31963 2069 184 1885 162 29894 12282 7646 7587 17612 4636 2473 187 107 7438 7310 2873 2827 126 4437 6654 2468 4186 194 90 3992 2004 1988 769 81 688 1219 260 624 171 164 100 129 2390 1605 2701 1368 1333 189 272 126 86 959 901 691 10958 10879 1597 1538 1480 976 615 113
internal_count=32743 780 689 91 31963 2069 184 1885 162 29894 12282 7646 7587 17612 4636 2473 187 107 7438 7310 2873 2827 126 4437 6654 2468 4186 194 90 3992 2004 1988 769 81 688 1219 260 624 171 164 100 129 2390 1605 2701 1368 1333 189 272 126 86 959 901 691 10958 10879 1597 1538 1480 976 615 113
cat_boundaries=0 1 2 3 4 5 6
cat_threshold=2361 397 6306 21 3092 7429
is_linear=0
shrinkage=0.05


Tree=99
num_leaves=63
num_cat=5
split_feature=22 39 10 7 30 41 33 11 42 37 7 23 25 39 5 42 18 26 7 30 10 22 22 42 22 10 4 42 10 5 33 5 5 33 21 19 16 14 22 2 1 30 11 6 11 10 19 25 28 19 23 33 41 4 7 6 33 25 12 20 7 33
split_gain=0.934568 1.75444 2.22613 1.65483 1.48499 1.87858 1.69587 1.07441 1.31493 1.04956 1.23505 1.07051 0.998012 1.28865 1.63053 1.33932 1.45892 1.19875 2.21799 1.157 1.21262 1.07013 0.977289 0.915982 1.40618 0.848397 0.87844 1.06397 0.957881 0.932205 0.915928 1.11037 0.909059 0.842188 1.17294 0.841046 1.27267 1.36283 1.54936 1.29752 1.41032 1.24721 1.11953 1.53856 1.02959 2.16952 1.02093 0.893094 0.932729 0.849107 0.803283 0.848473 0.781653 1.25198 1.1756 1.68792 1.80372 1.9041 1.39711 1.06774 1.01432 1.32028
threshold=-0.075441074690242999 0 0.088235610072582307 7.7174150090258076 0.55000000000000016 9.0938750000000024 35.707142857142863 52.500000000000007 0.98319209039548039 48.500000000000007 6.9138741308374412 -0.14012998019385756 1 2 9.4126625342929255 0.91596045197740128 0.68437944494643821 37.500000000000007 7.4196352424492877 4.3500000000000005 -0.071402683685921162 -0.078642672773865149 0.091015093845778883 0.96850198412698429 0.017453552888560459 -0.64124254273186387 -0.10241456294921435 0.83205128205128209 0.081681192112144099 7.9248891631612999 29.121428571428577 8.7730078669984284 8.4690224247831178 38.96428571428573 3331.5000000000005 -0.19868176095353665 -0.12253460353057098 -0.23824807737870343 0.05348453817158242 -0.1119036027531015 -0.053143722469990433 0.8500000000000002 31.500000000000004 8.076595270310241 27.500000000000004 -0.016944644751485601 1.0000000180025095e-35 3 1.0000000180025095e-35 -0.049518821847728461 0.15415067982725841 26.307142857142864 4.222048611111112 -0.66101443468653487 7.4196352424492877 7.3335166231310787 31.607142857142858 4 35.500000000000007 -0.034264168046360614 7.2638556551393476 26.492857142857151
decision_type=8 1 2 2 2 2 2 2 2 10 2 10 1 1 2 2 10 2 2 2 2 10 10 2 8 2 2 2 2 2 2 2 2 2 8 2 2 2 10 2 2 2 2 2 2 2 2 1 2 2 10 2 2 2 2 2 2 1 2 10 2 2
left_child=9 2 3 4 5 6 -2 -7 -9 12 -11 -12 13 15 -15 16 19 -17 -19 -1 -21 -14 23 -6 -25 -5 33 30 29 -29 31 -28 -30 -27 -35 -31 37 44 39 -39 -41 -38 47 -44 45 -37 -45 48 -43 -42 -4 -52 53 -3 55 60 -57 59 -56 -58 -54 -62
right_child=1 52 50 25 22 7 -8 8 -10 10 11 -13 21 14 -16 17 -18 18 -20 20 -22 -23 -24 24 -26 26 27 28 32 35 -32 -33 -34 34 -36 36 41 38 -40 40 49 42 43 46 -46 -47 -48 -49 -50 -51 51 -53 54 -55 58 56 57 -59 -60 -61 61 -63
leaf_value=0.0013256241722826561 0.006143368184794426 0.0079677094956952348 -0.0001712619781054161 0.00619007299080096 -0.00017741851344580111 -0.0034880562927688957 0.0016274586906260898 0.0035894626573113684 0.00018945265527116784 -0.00056196604494294455 0.0019996818181925598 0.0016580132380361367 7.4313267030184739e-05 -0.0007592202318225153 0.0021059562277896383 -0.00042923066499395948 -0.0014443360410855944 0.0057728011721747277 -0.00055362268256498493 0.0023600758912003931 0.0060158223364223202 0.0050817731178884433 -0.0019488319271778758 -0.00041712676348888852 0.0083706231718032181 -0.00020016586372987246 0.0035498410546713523 -0.00077959513571351443 0.010508608501953232 -0.0023463344351303782 -0.00036284041065851654 -0.0041957420873744242 0.00038377298116013502 -0.00055079725339400229 0.0034681518360675529 -0.001958187862185299 -0.00035657471127481944 0.0013471379132545774 0.0003144363237855842 0.001466937991798625 0.0038667749660232726 -0.0015770833806538567 0.0045649904522395953 0.0022967444375595505 -0.0016572656992770907 0.0016491510068385486 1.5431550824504449e-05 -0.00045359474656543809 0.0026639493754693306 0.0036364514829266971 0.00087101463376292813 -0.0014396953340825721 -0.00018430701229775687 1.9817870977884586e-05 -0.0012261346218351103 -9.8481135372901563e-05 0.0064314412742084472 5.6581917102950242e-05 -0.00037534065742784528 0.00065266338457724163 0.001062875807213023 -0.0007975009245212802
leaf_weight=184 40 42 2839 63 142 51 40 42 64 55 51 121 7088 1838 48 1446 88 67 143 51 44 52 82 40 63 2371 79 236 41 87 281 48 40 52 47 58 511 59 99 40 48 46 59 70 115 54 162 220 77 41 44 591 5892 520 1138 602 44 180 3214 67 57 678
leaf_count=184 40 42 2839 63 142 51 40 42 64 55 51 121 7088 1838 48 1446 88 67 143 51 44 52 82 40 63 2371 79 236 41 87 281 48 40 52 47 58 511 59 99 40 48 46 59 70 115 54 162 220 77 41 44 591 5892 520 1138 602 44 180 3214 67 57 678
internal_value=-0.000371265 -0.000564791 -3.4244e-05 0.000585382 0.00315044 0.00615546 0.0123457 0.00294304 0.00579439 -2.66147e-06 0.00335526 0.00543352 -7.19469e-05 -0.000713011 -0.00164997 0.000164699 0.00289402 -0.000440556 0.00308057 0.00466071 0.00911458 0.00027968 0.000960365 0.00254065 0.00610577 0.000295703 0.000221569 0.000887944 0.00134932 0.0011296 -0.00144254 0.00207031 0.00664634 -0.000445165 0.00405 0.00152833 0.00178012 0.00384466 0.00612847 0.00878307 0.0115769 0.000850784 0.00233071 0.00460616 0.000942981 0.00433628 0.00274678 0.000392441 0.0036194 0.0150556 -0.00102734 -0.00263365 -0.00094978 0.000870336 -0.00103681 -0.000658158 0.00138143 0.00460616 -0.00169079 0.00938524 -0.000933164 -0.00268343
internal_weight=32752 21476 9042 5568 564 237 80 157 106 11276 227 172 11049 3909 1886 2023 367 1656 210 279 95 7140 327 245 103 5004 4941 2471 2063 1982 408 127 81 2470 99 1746 1659 514 287 188 129 1145 634 291 227 112 232 343 123 89 3474 635 12434 562 11872 7520 893 291 4352 111 6627 735
internal_count=32752 21476 9042 5568 564 237 80 157 106 11276 227 172 11049 3909 1886 2023 367 1656 210 279 95 7140 327 245 103 5004 4941 2471 2063 1982 408 127 81 2470 99 1746 1659 514 287 188 129 1145 634 291 227 112 232 343 123 89 3474 635 12434 562 11872 7520 893 291 4352 111 6627 735
cat_boundaries=0 1 2 3 4 5
cat_threshold=5673 396 3420 1312 41
is_linear=0
shrinkage=0.05


Tree=100
num_leaves=63
num_cat=11
split_feature=8 10 25 39 26 3 13 5 39 19 13 8 27 20 29 3 25 10 13 17 42 27 27 20 39 26 8 23 15 17 23 20 6 30 17 10 24 15 14 20 21 24 33 38 20 25 15 15 20 0 15 14 8 5 6 5 39 5 25 21 11 15
split_gain=1.65182 1.06709 1.0927 1.07034 1.3234 1.05633 1.05321 1.36273 1.0272 1.5051 1.02514 1.20888 1.17789 1.48509 1.17838 1.08439 1.03682 0.924737 1.11053 1.09699 0.904238 1.02622 0.88389 1.77373 1.56509 1.33978 1.32008 1.35767 1.20443 2.1794 1.12061 1.09452 1.30193 1.06534 1.05465 1.07103 1.04675 1.43608 0.974624 0.881698 1.4399 0.867195 1.30175 1.15914 1.05815 1.50356 1.04697 1.02265 0.882302 0.879661 1.22275 1.06549 0.871566 0.992096 0.852096 1.23403 0.84021 0.999551 0.832176 1.17655 0.823043 1.13824
threshold=1.0000000180025095e-35 0.10834251511497374 0 1 18.500000000000004 0.059538194341875357 0.51646960634302419 8.1578116883061789 2 0.012549315816039526 0.28571410204086883 0.49912168221095926 26.500000000000004 0.09604320909604068 1.0000000180025095e-35 0.22314355131421018 3 0.038340451664789839 1.5750028125100448 -1.5207038181914032 0.82497911445279881 38.500000000000007 54.500000000000007 -0.021856915817022541 4 39.500000000000007 0.075402683666899881 0.063449183387564126 0.058161732526861083 0.20629497852719461 -1.0000000180025095e-35 0.13036352802108006 7.7594418790373583 1.0000000180025095e-35 -0.38574556519501874 0.021788994920884711 5 -0.068992871486951532 0.29725152346793166 0.07597802565595084 1247.9550000000002 6 26.864285714285721 7 0.018815086432547791 8 1.0123977245961191 -0.11122563511022442 0.03805802861956236 0.044451762570834059 -0.49616967063735945 -0.02728821950857396 0.21865739319388799 7.6725554683256973 8.538337809851031 7.5177897448295008 9 6.533023439300111 10 2502.5000000000005 5.5000000000000009 0.29637925913855417
decision_type=8 2 1 1 2 2 2 2 1 2 2 8 2 10 2 2 1 2 2 2 2 2 2 10 1 2 10 10 2 2 10 10 2 2 2 2 1 2 2 10 10 1 2 1 10 1 2 2 10 2 2 2 10 2 2 2 1 2 1 10 2 2
left_child=6 8 3 -3 -5 -6 7 -1 9 17 15 16 13 -13 -15 -10 -12 18 41 -19 21 -11 31 24 25 30 27 36 29 -26 -24 60 -33 34 -28 54 -25 -38 -34 40 -20 43 47 46 45 -44 48 -43 -2 50 -50 -52 53 -49 55 -36 57 -4 59 -22 61 -18
right_child=1 2 56 4 5 -7 -8 -9 10 20 11 12 -14 14 -16 -17 22 19 39 -21 58 -23 23 26 28 -27 33 -29 -30 -31 -32 32 38 -35 35 -37 37 -39 -40 -41 -42 42 44 -45 -46 -47 -48 52 49 -51 51 -53 -54 -55 -56 -57 -58 -59 -60 -61 -62 -63
leaf_value=0.002454343384299576 -2.4567857465322664e-05 -3.6877195136158711e-06 0.0042676377306312355 0.001779628138609411 0.00010301524448065973 -0.0018844166207027807 -0.00064651871887674124 -0.00045291435197933409 -0.00026403164883598805 -0.00010758027794788607 -0.00015707496226013236 -0.0014777757352715099 -0.0029879200563597292 0.0059745893258179601 0.00048308085448504564 0.0051877288629491834 0.00015108201348807635 0.0045815203253753052 0.0013379122959039371 0.00028427512834764269 5.3275812001346601e-05 0.01233563439667721 0.00041160950988380408 0.00027497090117651311 0.00073333024637364796 0.0036750674330596807 -0.0021649941458525227 -0.00038843923291231723 -0.00083064136711180181 0.0041439001396504698 -0.00010048331856489107 0.0040756593341855678 3.1879102197814492e-05 -0.00022341190083783908 0.00709453337561746 -0.0004064003833717192 0.0044957674747782604 0.00083342895911216869 0.0053376405586474419 -0.00076153545010235939 0.0043557594405450074 -0.00023523242223147858 0.00031808764815634337 -0.00015259154970021768 -0.0013232398286848557 -0.00095905823219032203 0.0038312205989736482 0.0031783871832923947 0.0013224278052647708 -0.0014182152710681764 0.0052542016928961016 0.0076368823178291096 -0.001023085353644315 0.00016167800954673822 0.0030710079398661334 -0.00025656256727578174 -0.0019056668841624454 -0.00056572891405621791 -0.00083313518505777904 -0.0015154579863315154 1.4508680687328643e-05 0.0020167612940446317
leaf_weight=57 284 4756 55 64 191 755 641 88 1373 92 2146 179 288 58 85 42 203 62 130 988 1389 58 128 112 135 81 83 109 140 54 81 65 217 865 46 76 69 75 61 49 63 157 773 1390 903 849 48 78 56 46 47 44 42 43 55 75 1548 2010 2778 409 4807 76
leaf_count=57 284 4756 55 64 191 755 641 88 1373 92 2146 179 288 58 85 42 203 62 130 988 1389 58 128 112 135 81 83 109 140 54 81 65 217 865 46 76 69 75 61 49 63 157 773 1390 903 849 48 78 56 46 47 44 42 43 55 75 1548 2010 2778 409 4807 76
internal_value=-0.000379951 -0.000324183 -0.000772389 -0.00034274 -0.00181195 -0.00230201 -0.00264295 0.00119863 -0.000137837 -0.000490315 0.000184823 0.000357279 -0.00180033 0.000278637 0.0040625 -0.00107698 0.000492314 3.13882e-05 -0.00025185 0.00137964 -0.0011593 0.00264901 0.000765345 0.00161556 0.00387903 0.0064784 0.00071839 0.00334699 0.00133823 0.00397368 0.00454762 0.000424492 0.00315407 -8.32651e-05 0.00230655 0.00391304 0.00533074 0.00793548 0.00164874 0.00304527 0.00456185 -0.000420081 -0.00097164 0.000402387 -0.0013559 -0.000591498 0.00237873 0.00202492 0.00170502 0.00430412 0.00618243 0.00972826 0.00478658 0.00692623 0.0060452 0.00364754 -0.00145282 -0.000782756 -0.00128469 -0.000436707 0.000239826 0.002875
internal_weight=32727 31941 9379 5766 1010 946 786 145 22562 10778 11784 10369 610 322 143 1415 9759 6052 5002 1050 4726 150 7613 2184 619 290 1565 365 329 189 209 5429 343 1200 335 252 256 144 278 242 193 4760 2845 1915 2525 1622 525 320 477 193 147 91 163 121 176 121 3613 2065 4576 1798 5086 279
internal_count=32727 31941 9379 5766 1010 946 786 145 22562 10778 11784 10369 610 322 143 1415 9759 6052 5002 1050 4726 150 7613 2184 619 290 1565 365 329 189 209 5429 343 1200 335 252 256 144 278 242 193 4760 2845 1915 2525 1622 525 320 477 193 147 91 163 121 176 121 3613 2065 4576 1798 5086 279
cat_boundaries=0 1 2 3 4 5 6 7 8 9 10 11
cat_threshold=2928 7946 3842 2432 4100 18 17 8 2357 919 2616
is_linear=0
shrinkage=0.05


Tree=101
num_leaves=63
num_cat=9
split_feature=8 10 5 18 1 39 41 15 10 15 18 22 25 16 17 17 8 33 19 21 21 0 41 24 39 33 8 0 30 10 41 22 35 22 41 10 25 18 21 25 39 20 39 10 39 22 41 20 19 9 19 13 41 26 16 16 8 41 10 16 41 7
split_gain=1.42595 1.06603 1.021 0.980461 1.61032 1.16081 0.877471 0.81662 0.798677 1.33185 0.778056 1.75832 1.11709 1.05379 1.2647 0.808111 0.763156 1.50613 1.49571 2.06037 1.00731 0.837362 0.793193 1.05638 1.28792 1.12269 1.21162 1.16507 1.0426 1.42528 1.04 0.99158 1.50749 0.988093 1.22606 1.3827 0.981548 1.02585 0.950902 0.949175 2.53729 1.7575 1.19726 0.975862 1.19273 1.9657 1.56319 1.12094 1.56751 1.60584 1.44097 1.25524 1.0726 1.00534 0.922165 1.23154 1.72723 1.07772 1.22273 1.18497 1.06883 0.968415
threshold=1.0000000180025095e-35 0.28264257637277806 7.0900382966464806 0.67507466885512424 0.47000362924573619 0 3.0359237536656893 -1.0000000180025095e-35 0.27615320722724773 -0.1768669611072928 0.84232425447634063 0.066976693313402294 1 0.16705408466316587 0.63914680503020138 0.31958226828569553 0.70492110352964188 33.892857142857146 0.12674226836196242 4258.3350000000009 1000.6250000000001 -0.14628777847824323 1613.9677419354841 2 3 35.407142857142865 0.29014260766965333 0.057158413839948803 46.050000000000004 0.088235610072582307 22.185402029664328 -0.31585213309261301 0.0018679047955927842 -0.14310073375057544 37.594288316419473 -0.059981346982767463 4 1.433117484756129 4005.0000000000005 5 6 -0.1846579190506519 7 0.0066102776106675707 8 0.18232202849229037 674.75334174022703 0.034844577671978592 -0.030187565294901842 0.080045122282656242 0.09543470302646706 0.53658574063076003 646.86562881562884 26.500000000000004 -0.45183508623255414 -0.16093036681263703 0.22698238903201698 108.99375000000002 -0.013960586606770685 -0.26327809537556263 50.587449596774199 6.7990154943031031
decision_type=8 2 2 8 2 1 2 2 2 2 10 8 1 2 2 2 10 2 2 8 10 2 2 1 1 2 10 2 2 2 2 8 2 8 2 2 1 10 8 1 1 10 1 2 1 8 2 10 2 10 2 2 2 2 2 2 8 2 2 2 2 2
left_child=2 8 7 4 -3 10 -4 -1 16 -10 11 -5 13 -12 15 -15 22 18 19 20 -18 -21 23 24 25 -2 33 30 36 -30 -28 32 -24 -27 35 -35 37 -26 -37 40 54 -42 -41 44 45 46 47 48 -44 -50 51 -51 -46 -53 -25 56 57 -56 -59 -60 -57 -62
right_child=1 3 6 5 -6 -7 -8 -9 9 -11 12 -13 -14 14 -16 -17 17 -19 -20 21 -22 -23 31 39 28 26 27 -29 29 -31 -32 -33 -34 34 -36 38 -38 -39 -40 42 41 -43 43 -45 52 -47 -48 -49 49 50 -52 53 -54 -55 55 60 -58 58 59 -61 61 -63
leaf_value=-0.0023114443139529129 0.00014817979708194111 -0.00027250378853557083 0.00033532532978477656 0.0070466686210542227 -0.0048446203521027263 -0.0027427204975712699 -0.00060596691374983696 0.0036036643164044247 0.0024231894246373124 -5.9659583741739536e-05 -0.00056893404878275182 0.00016264881659028125 -0.0014553194042065012 0.0016519737013561426 -0.00088899754076654687 0.0042251366562134482 0.014041078341769453 -0.0043344705174559349 -0.0014623027114122082 0.0071692110121638801 -0.0010006505130402523 0.01336814732075849 -0.00075112998847374525 -0.00050898238479197839 7.5931920694594463e-06 -0.0004694109418594694 0.009119596887264235 0.0071270766603375784 0.0013655561605366122 -0.0017469893733671072 -0.00046694580040041372 -0.00031441601154334493 0.0018726775801241409 0.0063653942399137884 5.6510232377932481e-06 0.0029941226028316476 -0.00061333096338699077 0.0023018887622775551 -0.00095837883734281376 0.00011025498861437422 0.0044464714151332182 -0.00096063429601771699 -8.2401812770980136e-06 -0.00048113097675644398 -0.00026736369737769038 -0.00021736347640743505 -0.00073385098455608312 0.003143327968297166 0.0017600390823402331 0.00033721530865762943 -0.00041023967477405766 0.0020371281832944981 0.0073193388138012849 0.0071131907664054757 0.00073169331140728738 0.00041812431750149208 -0.0007433022029035433 0.0019916609635296798 -0.0013396203784829335 0.00059654028104510343 0.00099404864656215883 -0.00036658765284432177
leaf_weight=40 2389 2032 94 72 497 218 595 44 44 81 93 129 246 47 42 41 45 122 79 44 114 51 81 684 502 145 54 41 315 99 44 2503 55 51 156 46 1101 41 41 6789 80 3497 194 2986 2321 648 106 53 74 107 84 57 40 40 200 962 98 79 43 51 80 1017
leaf_count=40 2389 2032 94 72 497 218 595 44 44 81 93 129 246 47 42 41 45 122 79 44 114 51 81 684 502 145 54 41 315 99 44 2503 55 51 156 46 1101 41 41 6789 80 3497 194 2986 2321 648 106 53 74 107 84 57 40 40 200 962 98 79 43 51 80 1017
internal_value=-0.000353554 -0.000302173 -0.00247416 -0.00113663 -0.00163834 0.000292462 -0.0031087 0.00270588 -0.000202209 0.00376984 0.00132158 0.00393564 0.000223403 0.00271367 0.00572519 0.00910112 -0.000219818 0.00180921 0.0035479 0.00541176 0.00190625 0.0111979 -0.000252908 -0.000166892 0.000481532 0.00114674 0.00312608 0.00717857 -0.000478493 0.00175903 0.00414141 -0.00107765 0.00306569 0.00182954 0.00349152 0.00690647 -0.00104559 0.000694945 0.00301136 -0.000327571 -0.000809322 -0.0017238 -8.47532e-05 -0.000557954 -1.87931e-05 0.00115357 0.00296788 0.00394262 0.0032675 0.00520661 0.00349481 0.0057561 -0.000697725 0.00984694 0.000210852 0.000651915 0.00295551 0.00450535 0.00738506 0.00347368 0.000123785 -0.000942624
internal_weight=32724 31951 773 3417 2529 888 689 84 28534 125 670 201 469 223 130 88 28409 455 333 254 159 95 27954 25315 5025 2967 578 139 2058 414 98 2639 136 439 294 138 1644 543 87 20290 6791 3577 13499 6710 3724 1363 715 609 556 362 288 204 2361 97 3214 2530 471 373 173 94 2059 1097
internal_count=32724 31951 773 3417 2529 888 689 84 28534 125 670 201 469 223 130 88 28409 455 333 254 159 95 27954 25315 5025 2967 578 139 2058 414 98 2639 136 439 294 138 1644 543 87 20290 6791 3577 13499 6710 3724 1363 715 609 556 362 288 204 2361 97 3214 2530 471 373 173 94 2059 1097
cat_boundaries=0 1 2 3 4 5 6 7 8 9
cat_threshold=7936 2888 16 3889 2194 394 351 6826 84
is_linear=0
shrinkage=0.05


Tree=102
num_leaves=63
num_cat=2
split_feature=8 20 2 21 9 22 3 2 12 3 13 26 23 39 23 20 9 16 14 8 19 19 42 2 31 0 8 2 0 8 10 4 42 2 20 31 9 8 42 13 41 9 33 11 27 9 11 19 20 2 21 39 19 19 33 19 15 18 20 41 37 20
split_gain=1.50962 1.00556 0.876329 0.842775 1.65235 0.812689 0.969078 1.21368 1.90365 0.910329 0.794988 1.05688 1.00206 1.06547 0.995212 0.974691 1.11597 0.930893 0.933611 0.958029 1.80302 0.905623 0.903981 1.28808 0.989627 0.890792 1.14288 0.873822 1.3591 2.53496 1.03215 0.926167 0.83436 0.977282 1.20046 1.0605 2.0903 1.57426 0.821638 0.938977 2.62573 2.0237 1.24341 1.89787 2.19004 2.36044 1.3685 1.14944 1.46711 1.46771 1.09202 1.54704 2.49553 1.7302 1.2959 0.964017 0.893951 0.881939 0.864233 1.18915 2.01636 1.07487
threshold=1.0000000180025095e-35 0.034213275620285533 0.29233061429680834 20250.000000000004 0.12828859559808531 -0.1269230890070818 0.35616943360408643 0.57055821566580811 35.500000000000007 0.50895142302419327 0.64285755284308865 16.500000000000004 0.50828338176463561 0 0.4213511113263127 0.047034849720158194 0.22016574571311551 -1.5025631265448942 -0.2629221246229218 0.34077268713765102 -0.12952290658230534 0.11718832208239759 0.98449519230769245 -0.14842000511827311 111.90000000000002 0.12136214732851293 0.25536137234698869 -0.18295807994603794 0.080045399976939283 0.25536137234698869 0.043642457895737959 -0.28768207245178118 0.64126753749395271 -0.59282615845024444 -0.0038095424124082529 12.350000000000003 0.14221829115367104 0.20416215268336418 0.83469945355191266 0.66997700984824682 11.97498436522827 0.16267854923538502 32.378571428571441 60.500000000000007 14.500000000000002 0.15052987134244802 68.500000000000014 0.22456402650999149 0.013206257861347352 -0.05300391538048687 3650.4700000000007 1 -0.049313118731716891 -0.087860738990829676 30.235714285714291 0.032079978829738502 0.51082562376599072 -0.033268059416225342 -0.010519261181364165 5784.8078958333344 45.500000000000007 -0.0051495396860876336
decision_type=8 10 2 10 8 8 2 2 2 2 2 2 10 1 10 10 10 2 2 10 2 2 2 2 2 2 8 2 2 8 2 2 2 2 10 2 10 10 2 2 2 10 2 2 2 10 2 2 10 2 8 1 2 2 2 2 2 8 10 2 8 10
left_child=1 -1 3 10 -5 6 -4 8 9 -8 -2 25 14 21 15 38 -17 -18 -19 20 -20 22 23 -14 -25 32 -27 -22 29 30 31 -29 -12 34 -34 -35 -37 -38 57 40 41 -40 46 44 45 -44 58 48 56 -50 -48 52 53 -52 55 -54 -46 -13 -41 61 -61 -60
right_child=2 -3 5 4 -6 -7 7 -9 -10 -11 11 12 13 -15 -16 16 17 18 19 -21 27 -23 -24 24 -26 26 -28 28 -30 -31 -32 -33 33 35 -36 36 37 -39 39 42 -42 -43 43 -45 47 -47 50 -49 49 -51 51 -53 54 -55 -56 -57 -58 -59 59 60 -62 -63
leaf_value=-0.00056275690852412017 -0.00013478388717653566 0.00038706223125628824 -0.00067535812749719122 0.0023704770202352073 -0.0001173734685135836 -0.00073652743608884196 0.004370837696622532 -0.00177798481015371 0.00045017795678252567 0.0041731262556733628 0.0032652132529507553 -0.0017716939337195873 -0.00019731397930473817 -0.0011400688995244564 0.0013804531734776613 -0.00048750927947232035 0.0097932192054889736 -0.0015094280174553533 0.0076260392694435727 -0.00045097737018645395 -0.00072455370327196786 -0.00098563620001616641 -0.0010916675627963837 0.0010474549139822182 0.0033994290622671231 -0.0024968099679870837 -0.000100287931646578 -0.00015994477221776033 -0.00031614284649489907 0.0048669876785155108 -0.0009245747461954835 0.0034618014713713244 0.010183617693818222 -0.00021990227643272871 -0.00040473938509108802 -0.0011171286325745188 0.0074948178196492816 0.0029815978383539747 0.0021952816637982164 -0.00027301355656824273 0.00013567314896167733 0.0016660002400599495 0.0010874378996916822 -2.3460012007960296e-05 -0.00022389301999801276 0.0069381154779351488 -4.992080025749304e-05 0.0048998596986454673 0.0057381278116140572 0.00031889870620390001 0.00084802055889549976 0.00012937806857272037 -0.0015648842912604904 0.0053709061739323563 0.0032021897307184092 0.0019980906038274274 0.0037030471890479484 0.00010080918269987872 0.0017719828019349818 -0.00014975584099166168 0.0023324797921195186 -2.6826688708409567e-05
leaf_weight=687 12993 76 435 55 76 2425 44 94 133 45 49 193 78 857 181 1052 49 358 44 499 157 114 84 85 63 442 405 41 151 78 101 81 55 3615 82 44 41 44 44 1770 367 104 62 627 306 91 355 47 50 91 45 291 89 43 46 50 83 220 187 69 45 1572
leaf_count=687 12993 76 435 55 76 2425 44 94 133 45 49 193 78 857 181 1052 49 358 44 499 157 114 84 85 63 442 405 41 151 78 101 81 55 3615 82 44 41 44 44 1770 367 104 62 627 306 91 355 47 50 91 45 291 89 43 46 50 83 220 187 69 45 1572
internal_value=-0.000375448 -0.00257199 -0.00032299 -0.000236106 0.00375 -0.00111111 0.000325797 0.00242902 0.00443946 0.0100556 -0.000254436 -1.49713e-05 0.000256386 -0.00105694 0.000431015 0.000360502 -0.000461334 0.000387819 0.000165452 0.000858628 0.00211774 0.000988505 0.00241157 0.00405286 0.00677852 -0.000635204 -0.00210495 0.00140164 0.00251656 0.00445364 0.00171875 0.00479675 -0.000317986 -0.000400568 0.00373188 -0.000552738 0.00388461 0.00843023 0.000673918 0.000812742 0.00285853 0.00845637 0.000634289 0.00196244 0.00369357 0.00899351 0.000238877 0.00227509 0.00160075 0.0059507 0.00196196 0.00332743 0.0059331 0.0130337 0.00282258 0.000392856 1.28193e-05 -0.00148551 -0.000196214 0.000552293 0.00547826 0.000230112
internal_weight=32760 763 31997 28821 131 3176 751 316 222 89 28690 15697 10920 1281 9639 9458 2611 1559 1510 1152 653 424 310 226 148 4777 847 609 452 301 223 122 3930 3881 137 3744 129 85 6847 6434 515 148 5919 1357 730 153 4562 577 530 141 919 564 273 88 185 139 389 413 3643 1873 114 1759
internal_count=32760 763 31997 28821 131 3176 751 316 222 89 28690 15697 10920 1281 9639 9458 2611 1559 1510 1152 653 424 310 226 148 4777 847 609 452 301 223 122 3930 3881 137 3744 129 85 6847 6434 515 148 5919 1357 730 153 4562 577 530 141 919 564 273 88 185 139 389 413 3643 1873 114 1759
cat_boundaries=0 1 2
cat_threshold=914 1802
is_linear=0
shrinkage=0.05


Tree=103
num_leaves=63
num_cat=6
split_feature=8 1 13 6 31 31 39 14 18 30 9 20 30 39 10 20 11 33 42 5 20 4 2 4 39 27 20 18 10 25 1 30 10 42 27 14 23 2 16 12 9 2 2 33 33 20 37 5 16 23 11 42 4 36 39 27 25 6 1 11 42 9
split_gain=1.12767 1.40042 0.905251 1.22383 0.744454 1.92535 1.23992 1.08492 1.07208 1.73661 1.37793 1.03344 1.09978 1.02943 1.02161 1.01657 1.02789 1.88477 1.20311 1.20641 1.14233 1.71615 1.8316 0.896266 0.867778 1.09994 0.930845 1.13454 0.867378 1.17341 1.42529 1.51201 1.27149 0.978125 0.883342 1.04588 0.852159 0.85882 0.84889 0.975095 1.33753 0.826389 1.28526 1.86921 1.09603 0.932869 0.895137 0.794364 1.48428 0.772885 1.68492 0.710139 0.694857 0.690471 0.682404 0.771123 0.68048 1.05004 1.48269 0.659176 0.958418 0.872823
threshold=1.0000000180025095e-35 0.036875274881016835 0.51646960634302419 8.0036451919838854 14.35 48.800000000000011 0 0.57731536503482406 0.79763960122710109 6.2500000000000009 0.097887196412518016 0.045192444665375142 12.250000000000002 1 0.010116802552952999 -0.12589139724352191 80.500000000000014 29.264285714285723 0.89699381078691431 7.691069134249898 0.039837403149799118 -0.097839370856601868 0.046520470180141167 -0.36628560214631184 2 6.5000000000000009 -0.0017928976894571326 0.20781911482303925 0.1627366431721651 3 0.30761716762527597 0.15000000000000005 0.1412363469539453 0.73453443877551028 3.5000000000000004 -0.10044460152807975 0.063449183387564126 0.087011376989629699 0.17303093451500298 78.500000000000014 0.15374696206244381 0.1067209782128571 0.14090483841561066 27.235714285714291 30.121428571428577 0.0084121795348847377 58.500000000000007 7.2640359215249868 0.46809202451286241 -0.26812713152334461 68.500000000000014 0.99230769230769245 -0.067365178495851094 1.7361759986195575 4 7.5000000000000009 5 8.0606922370159886 0.16792880631911225 45.500000000000007 0.85053191489361712 0.10926017807319502
decision_type=8 2 2 2 2 2 1 2 8 2 10 10 2 1 2 10 2 2 2 2 10 2 2 2 1 2 10 10 2 1 2 2 2 2 2 2 8 2 2 2 8 2 2 2 2 10 10 2 2 10 2 2 2 2 1 2 1 2 2 2 2 10
left_child=2 53 3 -1 13 6 49 8 10 -10 -8 36 -13 28 15 -7 20 18 -18 -20 24 23 -23 -22 25 -17 27 -27 29 30 32 -32 47 -30 35 -31 37 -12 -15 -40 -41 -16 43 45 -45 -43 54 48 51 50 52 -3 -6 -2 -44 -56 57 58 -26 60 -57 -61
right_child=1 4 -4 -5 5 14 7 -9 9 -11 11 12 -14 38 41 16 17 -19 19 -21 21 22 -24 -25 56 26 -28 -29 33 34 31 -33 -34 -35 -36 -37 -38 -39 39 40 -42 42 46 44 -46 -47 -48 -49 -50 -51 -52 -53 -54 -55 55 59 -58 -59 -60 61 -62 -63
leaf_value=0.0023833385155451682 -3.8443779592406516e-06 -0.00043406326359946934 -0.00054036329779618341 -0.00044911832633335653 0.0019217202750601813 0.0064087202131885013 0.0025705741312471993 -0.00032168015009614344 0.0023880316664610366 6.6716374646353996e-05 -0.00091384282192012571 0.0067121565951048226 0.00012886933454186108 -0.0011709504003560931 -0.00071743655146771352 0.004666835222366111 -8.974873359003134e-05 -0.003301316452170416 0.00069924402718621456 0.0051585085708110018 0.0036035152674930024 0.00036026019704351984 0.009945754885650214 -0.0021056950499307677 0.0028396570566879323 0.001643647754668829 -0.00092756989131880972 -0.00021308421704136767 0.0044485045902582405 -0.00060373900510089405 0.0091109806331034389 0.0016008909311540087 0.0019590187498768085 -0.0013274480032721889 -0.00043253935317532017 0.0019004992612302323 -0.0020519995313807511 0.0021489337638912415 -0.00069911096653082789 -0.00037663545602070107 0.0032678044986714453 0.0021961856771753664 -0.0016338347120301419 -0.0011904083192144177 0.0028801875907814665 0.0012030467883717315 0.001589772464761698 -0.00082683370385063437 0.0034767122348157626 -0.00085984919534577177 0.0065287525442862971 0.001613702462345927 -0.0007465742509349272 -0.0014003975591516393 -0.0018942152520669013 0.00065234018966289645 -0.0014801140467768409 -0.0030024506516611784 -0.0010287991126672229 -0.0016515928365469735 -0.00064431124967622604 0.00048368872827416409
leaf_weight=52 18914 154 627 101 40 47 47 108 53 52 60 71 50 1425 1912 45 40 54 42 41 72 83 45 101 64 59 110 56 55 51 52 45 42 1420 1531 68 163 90 633 74 51 41 287 159 73 41 45 315 40 293 40 45 96 71 379 59 424 58 43 69 927 543
leaf_count=52 18914 154 627 101 40 47 47 108 53 52 60 71 50 1425 1912 45 40 54 42 41 72 83 45 101 64 59 110 56 55 51 52 45 42 1420 1531 68 163 90 633 74 51 41 287 159 73 41 45 315 40 293 40 45 96 71 379 59 424 58 43 69 927 543
internal_value=-0.000363483 -0.000317754 -0.00224072 0.0012013 -0.000715761 -0.000368489 0.00149055 0.00280851 0.00369676 0.00825472 0.00268672 0.0017931 0.00569672 -0.00112546 -0.000733954 0.000454872 0.000198056 0.00373595 0.0071371 0.0105357 -0.000344532 0.00230132 0.00666667 -0.000948277 -0.00127326 0.00106761 -0.00033186 0.00280172 -0.000624185 -2.77316e-05 0.00168324 0.00729592 0.000787268 -0.0015752 -0.00075256 0.003375 0.000270699 0.00298013 -0.00198952 -0.000645587 0.00337301 -0.00109678 -0.000520199 0.00247619 0.000171673 0.00891566 -0.000928573 0.000144143 0.0023125 -0.000510418 0.00209039 0.000524999 -0.000583943 -4.34543e-05 -0.00106843 -0.000721832 -0.002325 0.000426135 0.00337963 -0.000243904 -0.00104357 0.00104404
internal_weight=32848 32068 780 153 13083 7082 1163 694 586 105 481 434 121 6001 5919 1384 1337 177 123 83 1160 301 128 173 859 270 225 115 3818 2343 693 97 596 1475 1650 119 313 150 2183 758 125 4535 2623 314 232 82 2309 554 239 469 176 199 136 18985 2264 1977 589 165 107 1598 986 612
internal_count=32848 32068 780 153 13083 7082 1163 694 586 105 481 434 121 6001 5919 1384 1337 177 123 83 1160 301 128 173 859 270 225 115 3818 2343 693 97 596 1475 1650 119 313 150 2183 758 125 4535 2623 314 232 82 2309 554 239 469 176 199 136 18985 2264 1977 589 165 107 1598 986 612
cat_boundaries=0 1 2 3 4 5 6
cat_threshold=4629 3469 5155 49 226 1104
is_linear=0
shrinkage=0.05


Tree=104
num_leaves=63
num_cat=5
split_feature=8 0 19 13 7 20 9 39 31 22 0 13 13 4 5 18 40 20 13 30 4 23 42 14 10 19 25 10 33 2 14 18 8 26 33 26 19 12 22 25 5 8 39 25 7 33 8 42 19 13 27 31 18 0 8 12 0 33 33 13 27 7
split_gain=1.19097 1.11117 1.0086 0.892835 1.54392 0.855167 0.928522 1.59548 1.69946 2.42595 1.1837 2.72086 1.16256 1.02199 1.98945 1.47776 1.96742 1.21455 1.14093 0.952119 0.951903 0.926309 0.877011 1.05182 0.858916 0.820329 0.823317 0.812936 0.78287 0.996488 1.05686 0.781916 1.13632 0.835489 1.07518 0.772835 0.769107 0.760839 0.721985 0.818469 0.837915 0.836552 0.721829 1.07832 1.73758 1.27817 1.45478 1.8003 1.36111 1.88663 1.22204 1.55984 1.28971 1.60908 1.11773 1.06414 0.989054 0.981265 0.954617 0.867918 0.855038 1.04979
threshold=1.0000000180025095e-35 0.28768220403071171 0.0086224979097607301 0.51646960634302419 7.7983905989489486 -0.004674971834650616 0.10053842295640697 0 1.9500000000000004 0.073546652344641375 -0.058268908123975109 0.55555611111111125 0.98876374354402696 0.38577223824849144 7.207525654302569 1.1375545949990109 3.5000000000000004 -0.12004397044245126 1.1852302931596093 73.200000000000031 0.10861524324699447 0.05759152473574037 0.87596153846153857 0.29725152346793166 0.12536859435037465 0.073342367794350272 1 -0.14580194168628988 30.092857142857149 0.17174761276475706 0.2876820724517809 0.83063028638099656 0.22698238903201698 36.500000000000007 29.264285714285723 24.500000000000004 0.061242801003283061 48.500000000000007 0.020619797406556954 2 9.2037578641840607 0.039620160685053467 3 4 7.7090962556904143 26.864285714285721 0.19296287992991998 0.99230769230769245 -0.044267722555023988 1.263079148554024 12.500000000000002 167.95000000000005 0.12976697615337729 -0.084557388028062327 0.042308612650348056 53.500000000000007 0.003331793675517059 35.335714285714296 32.378571428571441 0.86538544748680746 3.5000000000000004 7.228466650397734
decision_type=8 2 2 2 2 10 8 1 2 8 2 2 2 2 2 8 2 10 2 2 2 8 2 2 2 2 1 2 2 2 2 8 10 2 2 2 2 2 8 1 2 10 1 1 2 2 10 2 2 2 2 2 8 2 8 2 2 2 2 2 2 2
left_child=3 2 42 4 -1 6 7 20 9 -9 11 -10 31 15 -15 17 37 18 -14 22 -4 -16 -12 -24 -22 26 27 -3 -27 -30 -31 -8 -33 -34 -35 -25 -11 -17 39 -7 41 -41 60 44 45 46 47 -44 58 50 51 -50 53 -52 55 57 -55 -45 -47 -60 -2 -62
right_child=1 25 5 -5 -6 38 12 8 10 36 19 -13 13 14 21 16 -18 -19 -20 -21 24 -23 23 35 -26 28 -28 -29 29 30 -32 32 33 34 -36 -37 -38 -39 -40 40 -42 -43 43 54 -46 48 -48 -49 49 -51 52 -53 -54 56 -56 -57 -58 -59 59 -61 61 -63
leaf_value=0.0019519501109092317 0.00052306528053110482 0.0034130907758489499 -0.0014285200109230931 -0.00052715820108723813 -0.00035233531390624822 -0.00061727735823661903 -0.00018497272915245504 0.0038957391846279328 -0.00039388089257461848 0.0019351776588993526 0.00055593851850956803 0.0034730552056064777 0.063240971781871033 0.0065101441780758664 0.0024090102052129639 -0.00092551120171184976 0.0031828173799662938 -0.00044310323813791746 -0.00047889143859689422 0.0020535485930061044 0.0011690565308949039 -0.0014681132184682028 -0.00072464041828258015 -0.00037867763666128902 -0.0012570515436264363 -0.0024084071685685567 -0.0020141528976794446 -0.00056084032392272366 -0.0010744257614507941 0.0036108064944040176 -0.0006498216188501188 -0.0012125390469915137 -0.00083423824868838418 0.0084165992675376035 -0.00045125579314517065 0.0010368892609336252 -5.9487744828553782e-05 0.0037204607547039782 -0.0005269530688129249 0.0015178231630818234 0.0021206222740357918 -1.7050882231470107e-05 0.0058348984542051655 0.0019693714304309224 3.2682764546840832e-05 -5.9541591315031707e-05 -2.0245489819545283e-05 0.0011041857390025973 0.0062639623187812164 0.0082071282145019728 -0.0016527165833923295 -4.921094747466704e-05 -0.00057131582171453049 0.0025734726186833431 -0.0001537264816013046 -3.4732413873130387e-05 0.0021205221770578728 0.0036370620151642118 -3.1192376746835994e-05 0.0051006999520026765 4.1050679239508438e-05 -0.00027292452107352609
leaf_weight=42 576 40 232 603 106 1478 1976 65 67 69 80 66 40 42 40 77 55 750 45 74 51 81 280 41 76 232 932 738 131 73 51 819 220 47 41 51 89 65 4102 41 52 1912 44 47 3557 641 67 73 52 79 41 46 190 42 4217 94 53 41 40 42 2609 3984
leaf_count=42 576 40 232 603 106 1478 1976 65 67 69 80 66 40 42 40 77 55 750 45 74 51 81 280 41 76 232 932 738 131 73 51 819 220 47 41 51 89 65 4102 41 52 1912 44 47 3557 641 67 73 52 79 41 46 190 42 4217 94 53 41 40 42 2609 3984
internal_value=-0.000433484 -0.000387043 -0.000306643 -0.00240027 0.00107382 -0.000633906 -0.000161554 0.00104267 0.00217245 0.00595982 0.000916665 0.00511194 -0.000509422 0.000815216 0.00448171 0.000232332 0.00411616 -0.0006878 0.00494186 -0.000151804 -0.00174324 0.00118852 -0.00101545 -0.00203753 0.00167969 -0.00147179 -0.00198714 -0.000747783 0.000338114 0.00224609 0.00544 -0.00101965 -0.00207004 0.000517798 0.00460674 0.00258064 0.00257862 0.00097902 -0.000978778 -0.000449198 0.000210812 4.34993e-05 -4.68686e-05 0.00024208 0.000746282 0.00223246 0.00610811 0.00944915 0.00164629 0.00364087 0.00230588 0.00717172 0.000825687 0.00452555 -0.000327666 0.00349727 0.00807292 0.00741573 0.000255524 0.0053012 -0.000424096 -0.00058614
internal_weight=32607 31856 29659 751 148 13124 5539 1241 882 223 659 133 4298 1195 163 1032 197 835 85 526 359 121 452 372 127 2197 1710 778 487 255 124 3103 1127 308 88 92 158 142 7585 3483 2005 1953 16535 9366 4967 1410 184 117 1226 503 424 98 326 136 4399 182 95 88 723 82 7169 6593
internal_count=32607 31856 29659 751 148 13124 5539 1241 882 223 659 133 4298 1195 163 1032 197 835 85 526 359 121 452 372 127 2197 1710 778 487 255 124 3103 1127 308 88 92 158 142 7585 3483 2005 1953 16535 9366 4967 1410 184 117 1226 503 424 98 326 136 4399 182 95 88 723 82 7169 6593
cat_boundaries=0 1 2 3 4 5
cat_threshold=4488 2329 395 806 3936
is_linear=0
shrinkage=0.05


Tree=105
num_leaves=63
num_cat=7
split_feature=8 24 1 38 31 39 38 18 21 2 1 3 21 33 8 30 22 39 30 14 22 19 19 21 10 1 19 3 5 25 41 2 41 33 10 19 19 3 1 27 18 39 11 18 3 21 21 8 0 33 27 18 9 33 17 22 22 27 16 10 13 5
split_gain=1.50656 0.932535 0.961629 1.35849 1.28534 1.25675 1.33035 1.31389 1.34505 1.27006 1.23332 1.19866 1.15881 1.25383 1.10036 1.0306 1.30578 0.940622 1.05305 1.25801 0.992693 0.907413 1.08763 1.45823 0.901107 0.826357 0.954675 0.963395 1.05747 1.0379 1.00626 1.32536 0.964153 0.918193 0.831258 0.872281 1.20307 0.829476 0.971935 2.16465 1.13824 0.95524 1.16836 0.895223 0.937923 0.985635 0.825026 0.823646 1.12887 1.45601 0.82096 0.791439 1.03616 0.791289 0.77359 0.765663 2.25077 1.17413 0.90154 0.76495 0.744178 0.72808
threshold=1.0000000180025095e-35 0 -0.018510696737545459 1 113.65000000000002 2 3 0.3995546015545885 1785.5000000000002 -0.1119036027531015 -0.19437115194218221 -0.030459207484708536 4581.2500000000009 34.278571428571432 0.48810687468322272 36.100000000000001 -0.23233837279456268 4 47.550000000000004 0.43531807125784577 -0.3362637233372438 0.15514228936078114 0.30847341018733482 3870.0000000000005 0.058347228398496494 0.40546510810816422 0.014352204372139561 -0.065957938778283584 7.0071785515497576 5 455.10769230769239 -0.13508372305027636 1613.9677419354841 38.678571428571438 0.2164594948293326 0.15514228936078114 0.14478626027498478 0.10212949507638004 0.012607129972895594 11.500000000000002 0.91884311802336638 6 57.500000000000007 1.7301210088314256 -0.051038720450949253 10262.500000000002 714.50000000000011 0.22467174493733846 0.10536051565782635 28.835714285714285 3.5000000000000004 0.34492332424883804 0.20812049606331759 30.535714285714292 -1.97280240903228 -0.036367471905615935 -0.096725679235496256 16.500000000000004 0.010000333353334947 0.12777943163891517 2.2706234199953257 8.1605328238870616
decision_type=8 1 2 1 2 1 1 10 10 2 2 2 10 2 10 2 10 1 2 2 10 2 2 10 2 2 2 2 2 1 2 2 2 2 2 2 2 2 2 2 10 1 2 10 2 10 8 10 2 2 2 8 10 2 2 10 10 2 2 2 2 2
left_child=-1 17 4 46 5 6 12 60 9 -9 50 -11 13 -3 15 54 -17 18 20 24 -2 -5 23 -23 55 26 -19 28 30 -30 -28 -32 34 -27 35 36 37 43 39 -39 41 -40 -43 44 -29 59 -4 -48 49 -49 -7 52 -41 -14 -12 56 57 58 -20 -46 -8 -31
right_child=1 2 3 21 -6 10 7 8 -10 11 14 -13 53 -15 -16 16 -18 25 19 -21 -22 22 -24 -25 -26 33 27 32 29 61 31 -33 -34 -35 -36 -37 -38 38 40 51 -42 42 -44 -45 45 -47 47 48 -50 -51 -52 -53 -54 -55 -56 -57 -58 -59 -60 -61 -62 -63
leaf_value=-0.00046301672679588369 -0.00057573346288313117 4.4613965049208665e-05 0.00073655133665493895 -0.00024275316921245954 -0.00026135570530673821 0.0014021555154109151 -0.00085619959765710532 0.0034507016776694436 -0.0031102341015706598 -0.00029843667671600139 0.0010948575275698776 0.0011167692169566643 0.0063893850870259047 0.0012967538873437771 0.0032121655518757824 7.3530730264152923e-05 0.0037249111741893496 0.00020964572409118911 0.0027501664001960001 -0.0011611330673750048 -6.8849361257964411e-05 0.001635522432161481 -0.0018440841595171551 -0.003068565367166163 -0.00018635482945433064 -0.00184685633965153 -0.00034781123722474246 0.0014053036452447614 -0.0014427671571261456 -0.00053842166984185817 0.0078888426954755782 -0.00033785043541999715 -0.00067586565403630677 0.0015510142934109562 -0.00043163233414233554 -0.00062404444778964676 0.0030590306663469099 0.0040986148516098378 -0.00017995088007919226 0.0029695320959818765 -0.0013100007704819889 0.0012745611701985675 0.003290914820339478 0.0037121493665203164 -0.00042337291412614786 0.0022438942025174661 -0.0010185484923463696 0.0036489300878157801 -0.0023471458362224647 -0.00050268633466095392 -0.0012583247432629069 -7.1474458141596749e-05 -0.00071774228254110634 0.001594620170944083 -1.2801777807422082e-05 0.00021743345289574218 0.0031897790649852891 0.00019918721825231867 0.00054836519400764305 0.0049049267433708809 0.0021866894309542696 0.00011188747399092314
leaf_weight=761 2093 198 73 4659 1898 53 338 47 44 54 42 47 40 74 50 49 40 6779 63 192 3244 254 128 56 338 698 299 64 646 594 74 75 444 49 594 430 43 79 126 50 78 67 50 44 637 41 1953 58 153 83 869 140 46 41 1676 233 46 240 46 64 46 306
leaf_count=761 2093 198 73 4659 1898 53 338 47 44 54 42 47 40 74 50 49 40 6779 63 192 3244 254 128 56 338 698 299 64 646 594 74 75 444 49 594 430 43 79 126 50 78 67 50 44 637 41 1953 58 153 83 869 140 46 41 1676 233 46 240 46 64 46 306
internal_value=-0.000368328 -0.000316052 -0.000641784 -0.00101577 -0.00014803 0.000393636 0.0019734 0.000459965 0.0038342 0.00610738 -0.000141578 0.00289216 0.00435439 0.00289377 0.000600106 0.000395463 0.00561111 -9.25208e-05 -0.000580235 0.000785158 -0.000877671 -0.000555013 0.00161731 0.00321543 0.00152016 0.000160839 0.000263358 -0.000261419 -0.00111278 -0.00173239 0.0010245 0.00436667 0.000305202 -0.00145054 0.000679325 0.00117602 0.00173529 0.00149294 0.00285714 0.00482595 0.000916148 0.00260246 0.00558594 0.000470034 8.67398e-05 -0.000417229 -0.0020163 -0.00219529 0.000271185 0.00348591 -0.00163597 0.00240506 0.00587629 0.00969512 0.000122163 0.00263911 0.00397727 0.00258571 0.00686364 -0.000861825 -0.00122078 -0.000603733
internal_weight=32796 32035 13023 7417 5606 3708 929 576 192 148 2779 101 353 272 1857 1807 89 19012 6495 1158 5337 5097 438 310 966 12517 11770 4991 1994 1546 448 149 2997 747 2553 1959 1529 1486 636 315 321 243 117 850 806 742 2320 2247 294 141 922 236 96 81 1718 628 395 349 109 701 384 900
internal_count=32796 32035 13023 7417 5606 3708 929 576 192 148 2779 101 353 272 1857 1807 89 19012 6495 1158 5337 5097 438 310 966 12517 11770 4991 1994 1546 448 149 2997 747 2553 1959 1529 1486 636 315 321 243 117 850 806 742 2320 2247 294 141 922 236 96 81 1718 628 395 349 109 701 384 900
cat_boundaries=0 1 2 3 4 5 6 7
cat_threshold=19 2 172 2 4300 2087 561
is_linear=0
shrinkage=0.05


Tree=106
num_leaves=63
num_cat=6
split_feature=8 22 2 25 39 25 7 6 41 8 33 17 41 9 6 41 27 6 18 8 21 5 6 27 39 22 42 42 17 5 12 31 27 7 16 2 41 21 8 8 17 7 14 15 15 20 22 2 8 25 39 11 0 42 31 9 22 14 0 15 3 8
split_gain=1.19895 0.854099 0.839975 0.899563 0.976573 1.29482 1.27869 1.23603 1.17557 1.64216 1.14935 1.56134 1.62824 2.51954 1.13727 1.35565 1.31068 1.10678 1.01002 1.12479 0.983334 0.937629 2.0468 1.38813 1.1302 1.1532 1.05304 1.16044 0.998886 1.06155 1.14164 0.968993 1.28569 1.41029 1.19809 0.964718 1.0568 1.90221 1.26918 1.20033 0.960163 1.1977 0.88542 0.856129 0.991528 1.06253 1.04144 0.852427 1.09853 0.831662 0.906524 1.00644 1.51714 0.932059 1.29128 1.01686 0.946953 1.16852 1.4394 1.61766 0.821769 0.816803
threshold=1.0000000180025095e-35 -0.26225999861005594 0.30964619237155994 0 1 2 7.6737520417204843 8.3752068208061541 6.6467213114754111 0.042308612650348056 27.421428571428574 0.10273963990411096 12.845580933465742 0.19351962008611517 8.9766005246349803 136.08011122881359 4.5000000000000009 8.689438112554301 -1.1320554122129554 0.2737600715505733 20250.000000000004 6.8643434341671963 6.912259314620389 40.500000000000007 3 0.091015093845778883 0.91734972677595639 0.87596153846153857 0.51532343535941461 6.7424438858091937 10.500000000000002 66.950000000000017 20.500000000000004 7.4479856756651266 -1.4033376717619099 0.030459207484708543 4.6324561403508779 2161.2500000000005 0.22088278112621137 0.067241079778692592 0.23116456380641351 8.0157345689890569 0.8115177603497421 1.2012119710997371 0.78247712984276607 -0.039435033776725553 -0.18709308410857758 -0.17224562919162476 0.1866065437968579 4 5 83.500000000000014 0.15415067982725764 0.87596153846153857 2.350000000000001 0.37368425194458915 0.2232382090202297 0.093211181429115678 0.035932009226063773 -0.18455246220558982 0.064538521137571983 0.70492110352964188
decision_type=8 8 2 1 1 1 2 2 2 8 2 2 2 10 2 2 2 2 8 8 10 2 2 2 1 10 2 2 2 2 2 2 2 2 2 2 2 8 10 8 2 2 2 2 2 10 10 2 8 1 1 2 2 2 2 10 8 2 2 2 2 8
left_child=1 -1 3 21 5 7 -6 -5 -9 -10 11 12 -8 60 15 16 17 -7 19 -18 -16 22 23 28 31 42 27 -25 29 30 -2 32 33 -23 -34 36 37 -36 -39 -38 41 -35 43 44 -26 -46 -47 48 -11 -4 51 53 -53 54 -51 -56 57 58 -55 -60 -14 -20
right_child=2 -3 49 4 6 14 10 8 9 47 -12 -13 13 -15 20 -17 18 -19 61 -21 -22 24 -24 26 25 -27 -28 -29 -30 -31 -32 -33 34 40 35 -37 39 38 -40 -41 -42 -43 -44 -45 45 46 -48 -49 -50 50 -52 52 -54 56 55 -57 -58 -59 59 -61 -62 -63
leaf_value=0.0041035671586953353 0.0017743640713374191 -0.00044375981663292736 -0.0015770031240347733 -0.0014827135121917854 -7.032962432395157e-05 0.0015631394517842791 -0.00030411980612619856 -0.00085389528984279822 0.0038970092620622364 0.002166877239902732 -0.00073502915684591863 -0.0012618575132844739 -0.00029537361326668616 0.0052218797954099007 -0.00067674389756068056 -0.0013842342754469591 0.00041363010929169533 0.0041540700756349403 0.0001494123409575267 0.0087353357583048637 0.0021059519764337676 0.0071125582272061512 0.0083269053630583029 -0.00016506090589649985 -3.9244749666766401e-05 -0.00040185059842256626 -0.00047257852439988617 0.010419308845295022 -0.00051375499637777049 0.0050925263610638455 7.2183517797500118e-05 2.0349484709440297e-05 0.0040549405018738818 -0.00069563934356786758 0.0059242371665176614 -0.00030874754027288205 0.0022179502739761588 0.0031487203542915399 -0.0017167791059860969 -0.00020480354573603065 0.0033056179544923656 0.00045257600820711706 0.00035435562282315914 -0.0015465248113270781 -0.0010113840637312802 0.00077049756303260977 0.0017899674872262285 -8.3661282564053113e-05 0.00047380415979347856 -0.0033998745272771215 -0.00052468441981781439 0.0047263614607089208 -0.0003021680156183784 -0.0011661302142283441 0.00090934984365618305 0.0030435952511105421 -0.0025847964830340814 -0.001441847701354844 -0.00079194772574972105 0.0063319974818331071 0.0011708804004256644 0.0053829107360648769
leaf_weight=41 54 719 1064 745 7207 230 152 299 40 49 2893 298 92 45 632 198 227 40 2211 65 46 50 43 85 6211 1734 444 57 62 50 132 1765 51 75 40 397 41 100 59 267 40 44 705 226 41 98 57 515 73 48 924 52 43 97 53 41 381 128 58 80 74 74
leaf_count=41 54 719 1064 745 7207 230 152 299 40 49 2893 298 92 45 632 198 227 40 2211 65 46 50 43 85 6211 1734 444 57 62 50 132 1765 51 75 40 397 41 100 59 267 40 44 705 226 41 98 57 515 73 48 924 52 43 97 53 41 381 128 58 80 74 74
internal_value=-0.000338071 -0.00229961 -0.000291563 -0.000209893 -0.000457882 8.79915e-05 -0.000733848 -0.00104215 0.000122824 0.00127581 -0.00151055 0.000370089 0.00256868 0.00540094 0.000611943 0.00102593 0.00130442 0.00461254 0.000956166 0.00372014 -0.00123711 0.000101243 0.00163254 0.00110734 -1.70817e-05 -0.000292856 -0.000306645 0.00342657 0.0038796 0.00535865 0.00358289 0.000835033 0.00195708 0.0055 0.00117678 0.00075138 0.00219488 0.005025 0.00253125 0.000355986 0.00315625 0.000874999 -1.90774e-05 -0.000198222 -9.12933e-05 0.00340101 0.00528846 0.000650469 0.00439024 -0.00109259 -0.000456682 0.000599797 0.00546875 7.89165e-05 0.00377622 0.00715789 -0.000630874 0.00119505 0.0032839 0.00654676 0.00251497 0.000601486
internal_weight=32862 760 32102 29133 16205 5444 10761 1721 976 677 3554 661 363 211 3723 3045 2847 270 2577 292 678 12928 927 884 12001 9072 586 142 298 236 186 2929 1164 209 955 904 507 199 159 308 159 119 7338 6633 6407 196 155 637 122 2969 1905 981 95 886 142 94 744 363 235 138 166 2285
internal_count=32862 760 32102 29133 16205 5444 10761 1721 976 677 3554 661 363 211 3723 3045 2847 270 2577 292 678 12928 927 884 12001 9072 586 142 298 236 186 2929 1164 209 955 904 507 199 159 308 159 119 7338 6633 6407 196 155 637 122 2969 1905 981 95 886 142 94 744 363 235 138 166 2285
cat_boundaries=0 1 2 3 4 5 6
cat_threshold=1648 729 264 6304 1228 1293
is_linear=0
shrinkage=0.05


Tree=107
num_leaves=63
num_cat=8
split_feature=8 26 1 15 24 16 14 37 26 42 9 26 11 31 41 18 2 18 22 12 7 8 4 7 41 5 14 23 6 42 25 27 2 26 25 1 22 11 25 23 4 7 11 16 22 39 10 15 23 25 7 18 7 22 18 11 25 39 18 31 18 5
split_gain=1.18122 1.1625 0.943261 1.20623 1.04183 1.21201 0.927573 0.975222 0.872024 0.831671 1.354 0.751819 1.24146 0.820954 1.08418 0.748272 1.21297 0.744949 0.867629 0.907354 0.802588 0.736241 0.927027 0.871714 0.695569 0.731284 0.660502 2.11182 2.06533 0.732098 0.647057 0.62516 1.16456 0.893799 0.859951 0.860567 0.81197 0.621076 1.30187 1.55953 1.73497 0.707648 0.665674 1.01384 0.90067 1.19302 1.25469 1.46246 1.50222 1.16228 1.00595 1.09869 0.995262 0.853097 0.839983 0.833472 1.11987 1.03487 1.13383 1.06092 1.66884 0.989597
threshold=1.0000000180025095e-35 49.500000000000007 0.12783364423832302 -1.3180513842907995 0 1.7109040559732047 0.033711079066432344 1.5000000000000002 17.500000000000004 0.88975694444444453 0.38715972529701487 18.500000000000004 62.500000000000007 300.65000000000003 48.894342037890432 0.31437617333110196 0.026669313938506359 -1.8256025533177804 0.28768246307662831 82.500000000000014 8.631856015192259 0.11333536346528104 0.24686007793152645 7.5189540067277889 1.9346044191019247 7.127942848874528 1.0000000180025095e-35 -0.090026151657719641 7.7099323301642135 0.93002855977152199 1 4.5000000000000009 0.13759979295943839 16.500000000000004 2 0.18232155679395426 -0.29330046374434721 2.5000000000000004 3 -0.1335313926245226 0.10536051565782635 8.0888182704112985 51.500000000000007 -0.51477020211869717 -0.19782605583001756 4 -0.14242610782686513 -0.60439034747379627 -0.038977994367403117 5 7.725841813306725 0.49748917028733591 6.744851003563606 -0.87372937832189967 -0.757774838422552 63.500000000000007 6 7 0.28168246721205664 8.5500000000000025 0.19959223517900002 7.8077173380481133
decision_type=8 2 2 2 1 2 2 8 2 2 8 2 2 2 2 10 2 8 10 2 2 10 2 2 2 2 2 8 2 2 1 2 2 2 1 2 10 2 1 8 2 2 2 2 8 1 2 2 10 1 2 8 2 10 10 2 1 1 8 2 10 2
left_child=1 24 6 -4 5 17 7 -2 -6 10 15 12 -11 -13 -15 16 -10 -5 19 31 21 -21 23 -23 -1 -26 37 28 -28 -29 -20 32 -19 -33 35 -35 -37 38 39 -9 -41 -42 44 -44 45 49 53 48 -48 50 -39 54 -49 -47 -52 56 -45 59 -59 60 -58 -60
right_child=2 -3 3 4 8 -7 -8 26 9 11 -12 13 -14 14 -16 -17 -18 18 30 20 -22 22 -24 -25 25 -27 27 29 -30 -31 -32 33 -34 34 -36 36 -38 42 -40 40 41 -43 43 55 -46 46 47 52 -50 -51 51 -53 -54 -55 -56 -57 57 58 61 -61 -62 -63
leaf_value=0.00047304876473314053 0.0020690717768543014 0.00018194779073465146 -0.0026169041809605935 0.0040707176542645737 -0.0014301607163689166 0.0039726165590899401 -0.00015341936175318 0.0030111869906130923 0.0019319078541318254 -0.003733250656393411 0.001900454058569934 -0.00079847332075408818 0.0039305369885659696 0.00099932882201909175 -0.0004536444766653468 -0.0022820050893315865 -4.437563116348625e-05 0.0045037515414895826 0.0002416190849540359 -0.0013225390177495681 -0.0017564855042471713 0.0046727219004970462 0.0024028812845641977 -0.00039864375271519758 0.00011870349852621132 -0.00049751748523316826 0.0026525326615348629 0.0023327375108161338 0.003399965122892137 -0.00021193500959278976 -0.0020664706878928498 -0.0010047264267900953 -0.00037334564455991599 -0.0023265679249338542 -0.00016612117222885014 0.00030793331825089139 0.0057362413336516926 0.0057405348685656251 -0.00010993168127210454 0.0020385592522163395 -0.00063274492506325926 0.001437232566456716 -0.00023119915149455699 -5.5727454112343618e-06 -0.00019472139516762418 0.0045961555166150877 0.0047044959857620522 0.0023362706750003322 0.0043569942719866852 -0.00062649904941215024 0.0016192653533684384 0.0021283821439252375 0.00018878961817733338 -0.00034647854588135162 -0.0014190506186486469 4.3389211901898556e-05 0.0057633067479204809 -0.00012863933103128425 0.00068710094679712015 0.0022568229275963139 0.00050226271755704412 0.0010412888738364119
leaf_weight=75 44 42 579 57 1295 107 9635 71 51 41 66 2170 40 79 100 152 209 79 121 41 53 56 77 98 100 538 69 70 56 258 286 460 85 44 1039 69 66 54 485 49 131 45 1504 485 5495 57 49 46 45 795 147 71 280 325 175 3506 41 203 79 140 41 42
leaf_count=75 44 42 579 57 1295 107 9635 71 51 41 66 2170 40 79 100 152 209 79 121 41 53 56 77 98 100 538 69 70 56 258 286 460 85 44 1039 69 66 54 485 49 131 45 1504 485 5495 57 49 46 45 795 147 71 280 325 175 3506 41 203 79 140 41 42
internal_value=-0.000460497 -0.00241402 -0.000414351 -0.000904136 -0.000720975 4.00134e-05 -0.000263943 -1.6153e-05 -0.00121381 -0.000735649 0.0011691 -0.00111066 0.00359756 -0.00127447 0.00197222 9.68511e-05 0.00172414 -0.000172874 -0.00029903 9.91686e-05 0.00253067 0.00362637 0.00471983 0.00245161 -0.00289216 -0.00342723 -3.84757e-05 0.00183921 0.00734127 -0.000273557 -0.00241422 -0.000330983 0.00260606 -0.000619418 9.02367e-05 0.00318421 0.00533088 -9.78288e-05 0.00127238 0.00381107 0.00188053 -0.000451979 -0.000176719 0.000214332 -0.000490054 0.000405867 0.00189422 0.00380047 0.00926316 -0.000566641 0.00145196 0.000596446 0.00220183 -0.000156659 -0.000650156 0.000587262 0.00183624 0.00335727 0.00143283 0.00596566 0.0107229 0.00528688
internal_weight=32768 755 32013 7520 6941 2738 24493 14858 4203 2908 478 2430 81 2349 179 412 260 2631 2574 2167 325 272 231 154 713 638 14814 453 125 328 407 1842 164 1678 1218 179 135 14361 781 296 225 176 13580 6041 7539 2044 802 420 94 1242 447 393 326 382 322 4537 1031 546 324 222 82 121
internal_count=32768 755 32013 7520 6941 2738 24493 14858 4203 2908 478 2430 81 2349 179 412 260 2631 2574 2167 325 272 231 154 713 638 14814 453 125 328 407 1842 164 1678 1218 179 135 14361 781 296 225 176 13580 6041 7539 2044 802 420 94 1242 447 393 326 382 322 4537 1031 546 324 222 82 121
cat_boundaries=0 1 2 3 4 5 6 7 8
cat_threshold=17 526 2056 1072 5129 113 397 2267
is_linear=0
shrinkage=0.05


Tree=108
num_leaves=63
num_cat=8
split_feature=8 0 26 41 41 25 3 39 5 41 1 12 12 12 21 42 31 23 2 12 8 7 13 31 25 21 11 21 4 17 16 31 39 14 25 42 2 9 25 13 16 17 27 44 10 11 14 8 13 10 33 14 10 9 39 13 12 25 13 13 21 8
split_gain=1.64231 0.971604 0.94845 1.04614 0.942477 0.89523 0.729762 0.814762 1.25852 0.75033 0.726974 1.1458 0.672845 0.691208 1.06304 0.974651 0.809373 0.67443 0.642847 1.60433 0.729245 1.02348 1.16283 1.86172 0.849496 1.04781 1.06589 1.52155 0.712245 0.68315 0.896939 1.33434 0.856457 1.63936 1.3306 1.88438 1.18107 1.16076 1.14497 1.12365 1.14279 1.40835 1.01017 1.29613 1.11276 1.27169 2.04166 1.05548 1.00973 1.00526 1.13519 0.922004 0.757297 0.756533 0.774991 1.43542 0.751638 0.740454 0.730232 0.846397 1.30289 0.759147
threshold=1.0000000180025095e-35 0.087011376989629699 49.500000000000007 1.5865817091454275 1.077485928705441 0 -0.15123237323072611 1 7.7912484184019002 5108.6447192796622 0.052622889181899175 36.500000000000007 16.500000000000004 23.500000000000004 4407.5000000000009 0.95275297619047628 102.95000000000002 -0.33647223662121262 -1.0890349441154468 7.5000000000000009 0.30878336222147335 6.470600712840116 0.79269087671320004 7.1500000000000012 2 700.83500000000015 2.5000000000000004 3748.5400000000004 -0.2518401488946575 0.21215212247611195 -0.38402476028353932 195.45000000000005 3 0.17185025692665926 4 0.88185443668993024 0.19674690885896287 0.19351962008611517 5 0.47887532236254277 0.12045850236285972 0.084593064076674898 2.5000000000000004 1.0000000180025095e-35 0.2035073477883769 2.5000000000000004 -0.013440660008344095 0.12396494028657144 1.5558046836073745 -0.34929059831850301 39.864285714285721 -1.0000000180025095e-35 -0.2163241960958677 0.24702456215839894 6 0.53011632849350254 63.500000000000007 7 0.24428582056272166 0.33333416666666676 15050.000000000002 0.031191597707917091
decision_type=8 2 2 2 2 1 2 1 2 2 2 2 2 2 10 2 2 10 2 2 8 2 2 2 1 8 2 10 2 2 2 2 1 2 1 2 2 10 1 2 2 2 2 2 2 2 2 10 2 2 2 2 2 10 1 2 2 1 2 2 8 10
left_child=2 18 3 -1 -3 6 7 -6 10 12 11 -9 -8 14 15 16 -14 -17 19 -2 21 22 -20 28 25 -22 27 -27 -24 30 31 53 49 38 37 -36 39 -35 -34 -37 41 -41 43 47 45 46 -44 -40 58 51 -51 -32 56 54 55 -23 -33 -55 -47 60 -60 -61
right_child=1 4 -4 -5 5 -7 9 8 -10 -11 -12 -13 13 -15 -16 17 -18 -19 20 -21 24 29 23 -25 -26 26 -28 -29 -30 -31 32 52 33 34 35 36 -38 -39 42 40 -42 -43 44 -45 -46 48 -48 -49 -50 50 -52 -53 -54 57 -56 -57 -58 -59 59 61 -62 -63
leaf_value=0.00047580048508481175 0.01710279309844346 0.00048237414263208761 0.00017986484046854986 -0.00043601331648231308 -0.00024020834913889862 -0.00066706446471909554 -0.000791759342869782 -0.001305591065779758 0.0026656509903085078 0.0012741107596922149 -5.5316172150989377e-05 0.0022173814446126852 0.0031408717477818069 -0.00018415784428369721 -0.0041316572460241051 0.0016210940913750278 0.0027358529075469477 -0.0017851172761696574 -0.00022546054363830841 -0.0018331093565440713 0.0026800232628436272 0.003159054851404235 0.061247066782667094 -0.00019097245861947749 -0.0006076094883214325 -8.7997389343230437e-06 -0.0001336109013581964 0.0039205526829849324 0.0017825147844687983 -0.00010617120815914862 0.0047730491434838096 0.0018270131903927699 -0.00041420514742540544 -0.00064538645953772576 0.003014535536919786 -0.00038311967532568959 -0.001081011429493981 0.0017063470602227142 0.00064947858264347404 0.0019180547706574406 0.00070368331571052183 0.0016799249324860165 -0.00064242190545835229 -0.00089539168575148017 -0.00084437393768092459 -0.002087982294661477 0.0044505410546108251 0.0076864025190738778 0.0044967237138146907 -4.1599911079291382e-05 0.0014069170860333392 -0.00018911352257796094 -0.00088916315524676542 5.8007692446744152e-05 -8.0728066006267479e-06 0.0007998997241040189 -0.0022843642544907714 -0.002129975507338702 0.00021047144970508518 0.00098201389601966938 0.0056703062865078469 7.1537022800469686e-05
leaf_weight=72 43 43 41 664 279 4036 570 56 83 40 155 72 50 2705 41 40 41 47 128 67 42 67 40 94 2349 83 968 40 71 7371 73 74 465 184 72 53 48 84 42 106 99 58 41 52 341 102 47 40 40 4422 54 71 694 228 2230 263 44 254 116 46 45 1925
leaf_count=72 43 43 41 664 279 4036 570 56 83 40 155 72 50 2705 41 40 41 47 128 67 42 67 40 94 2349 83 968 40 71 7371 73 74 465 184 72 53 48 84 42 106 99 58 41 52 341 102 47 40 40 4422 54 71 694 228 2230 263 44 254 116 46 45 1925
internal_value=-0.000410065 -0.000354925 -0.00267995 -0.00309362 -0.000822135 -0.000861126 -0.00034487 0.00119969 0.00270557 -0.000628007 0.00117958 0.00395349 -0.000706725 -0.000400001 0.00229545 0.00396648 0.00755435 0.000170453 -0.000192624 0.0036036 -0.000210421 -9.51213e-05 0.0026497 0.00497573 -0.000878554 0.000249125 -5.03675e-05 0.00431451 0.00933036 -0.000141297 8.41267e-05 -0.000549936 0.00036745 0.000901169 0.0030922 0.00474273 0.00336986 0.000215053 0.000435966 0.00447949 0.00581439 0.00836364 0.00081285 0.00503704 0.000604659 0.000990265 0.00685393 0.00891566 0.000760438 -9.71724e-05 -0.000230066 0.004 -0.00234932 -6.9012e-05 0.00027333 0.00249267 0.00134454 -0.00188406 0.000617448 0.000815751 0.00429012 0.000529918
internal_weight=32811 32034 777 736 8258 8215 4179 645 366 3534 283 128 3494 2924 219 178 91 87 23776 110 23666 20184 333 205 3482 1133 1091 123 111 19851 12480 3854 8626 4006 704 436 364 268 3302 316 263 164 2837 134 2703 2362 88 82 2274 4620 4476 144 812 3042 2560 330 118 482 2234 2132 161 1971
internal_count=32811 32034 777 736 8258 8215 4179 645 366 3534 283 128 3494 2924 219 178 91 87 23776 110 23666 20184 333 205 3482 1133 1091 123 111 19851 12480 3854 8626 4006 704 436 364 268 3302 316 263 164 2837 134 2703 2362 88 82 2274 4620 4476 144 812 3042 2560 330 118 482 2234 2132 161 1971
cat_boundaries=0 1 2 3 4 5 6 7 8
cat_threshold=1889 1673 3616 4366 3649 272 3072 2928
is_linear=0
shrinkage=0.05


Tree=109
num_leaves=63
num_cat=3
split_feature=8 22 6 19 0 9 37 19 7 40 31 3 26 21 22 8 4 31 33 12 33 39 16 4 4 12 8 2 11 16 39 31 21 22 19 14 11 21 12 31 17 6 21 3 4 9 22 0 4 13 39 3 22 13 10 16 17 12 26 21 21 21
split_gain=1.41685 1.10153 0.763323 0.790154 0.761082 0.849182 0.768337 0.770163 0.892794 1.00446 0.880295 0.771984 0.760523 0.750259 0.742678 0.905549 1.21589 1.48434 0.852464 0.835676 0.712003 0.70115 0.743685 0.958292 0.701683 1.36686 0.69116 1.44784 0.777398 0.674081 0.893905 1.28979 1.38016 1.57572 1.07269 0.918699 0.848054 0.752935 1.03239 0.941906 0.918854 1.30133 0.803084 0.998399 1.10081 0.737481 0.713409 0.940529 0.709626 0.686722 0.674868 0.998851 0.944517 1.29989 1.69005 1.71063 2.35445 1.29911 0.715341 0.730219 0.688791 0.65635
threshold=1.0000000180025095e-35 0.41877283876476062 7.0817161132739548 -0.024755256448569438 0.20116355764482033 0.28730929052744836 19.500000000000004 1.0000000180025095e-35 8.5071487898558562 1.5000000000000002 417.55000000000007 0.068993157201318503 49.500000000000007 500.62500000000006 -0.26826059293105647 0.21121073617410804 -0.021053409197831826 0.75000000000000011 29.007142857142863 77.500000000000014 30.778571428571432 0 -0.44181355584189491 -0.33270575382573536 0.69543067996664976 50.500000000000007 0.21671767435722986 0.12903654069601569 51.500000000000007 0.56077131776438416 1 0.15000000000000005 5752.5000000000009 -0.1589462293670226 0.097647523158882796 -0.31845373111853476 59.500000000000007 6987.5000000000009 75.500000000000014 248.50000000000003 0.65031297851998804 9.1026494356455174 7693.7500000000009 -0.20763936477824393 0.26236426446749 0.1434388497439002 -0.32041549687642651 0.13353139262452321 -0.024192161529084984 0.59175192184228542 2 -0.73966492346240009 0.013792363227682038 0.94235392188057965 -0.22176490097524712 -0.16672423017065882 0.26141389178322211 44.500000000000007 2.5000000000000004 1250.5000000000002 7862.5000000000009 7312.5000000000009
decision_type=8 10 2 2 2 8 8 2 2 2 2 2 2 8 10 8 2 2 2 2 2 1 2 2 2 2 10 2 2 2 1 2 8 10 2 2 2 8 2 2 2 2 8 2 2 10 10 2 2 2 1 2 10 2 2 2 2 2 2 8 10 10
left_child=2 4 3 -1 6 -6 -2 8 10 -10 13 14 -4 -8 -11 16 17 -16 -19 -18 -13 22 -3 -24 -25 -26 27 -7 -29 50 35 32 33 -32 -35 36 48 46 39 40 41 42 -39 -44 -45 -40 -33 -48 -31 -47 51 -9 53 58 -55 -56 57 -57 -53 -60 -61 -42
right_child=1 21 12 -5 5 26 7 29 9 11 -12 20 -14 -15 15 -17 19 18 -20 -21 -22 -23 23 24 25 -27 -28 28 -30 30 31 37 -34 34 -36 -37 -38 38 45 -41 61 -43 43 44 -46 49 47 -49 -50 -51 -52 52 -54 54 55 56 -58 -59 59 60 -62 -63
leaf_value=-0.002286299953563701 -0.00052328670342686361 -0.0019519529313840871 -0.00040089875463345746 0.0028556884140517676 -0.00075735908103747001 -0.0018837653313763421 0.0076549191789844692 0.0079823502240689188 -0.002989534127234527 -0.00010834364454197172 0.0037243632340249241 -0.00020710246427145128 9.1131272494817081e-05 6.391027572920099e-05 -0.0010343556118744734 -0.0018138169715385 0.00040095052029427567 0.001633190772454047 0.0025275313764373262 -0.0011347948363612992 -0.0015674148246162881 -0.00085892655124034415 0.0014403558872851396 -0.00051855761831939536 -0.0046073981316636595 0.0038553208111171814 -0.0001673394727527108 0.0042077391387982041 -0.00010811827922988858 0.0034763982043072746 0.0082925933959055158 -0.00080577424930577143 4.4254267379729333e-06 0.0016064149474150739 -0.00017657860358512862 -0.00064154852833303837 -0.001357070367919903 0.001708412457842936 -0.0022087368200515204 -0.001113444069745126 0.0007336727958039517 0.0050734246412125414 0.0061722611480568498 -0.0012859306693539104 0.0026382522626076234 0.0032855656327445584 -3.608821303370521e-05 0.0027272117271708619 0.00024265278336995093 -0.00097114586541020669 -0.00026414548250834846 0.0020858027514645446 -0.00042017355007196983 -0.0018312377994825235 -0.00084882627837540932 0.0039251009598536765 0.0012945895391064718 0.0037751476039656162 0.0011609562396622372 -0.00013560333801242321 0.0027278367480689813 -0.0012479376923577611
leaf_weight=52 689 176 640 57 1979 40 53 44 260 984 44 463 41 10529 53 96 116 60 75 68 238 1208 68 551 58 64 1084 69 43 47 52 286 138 50 62 987 57 44 109 105 202 53 56 163 60 45 920 57 55 119 5741 64 1025 95 48 45 85 59 45 1933 75 68
leaf_count=52 689 176 640 57 1979 40 53 44 260 984 44 463 41 10529 53 96 116 60 75 68 238 1208 68 551 58 64 1084 69 43 47 52 286 138 50 62 987 57 44 109 105 202 53 56 163 60 45 920 57 55 119 5741 64 1025 95 48 45 85 59 45 1933 75 68
internal_value=-0.000374701 -0.000323115 -0.00246524 0.00140909 -0.000245008 -0.000971705 -0.000157543 -0.000113891 0.000157591 -0.00071044 0.000354756 -0.000355154 -0.00308651 0.000325048 0.000302821 0.0019403 0.0030563 0.00587301 0.0086397 0.000162161 -0.00171653 -0.00142286 -0.000360993 0.000330187 -0.000244808 0.00317073 5.65873e-05 0.00320261 0.00610619 -0.000386304 0.000180673 0.00069423 0.00376238 0.00684848 0.00345133 -0.000976665 0.00253125 0.000290646 0.00129756 0.00225399 0.00296754 0.00456233 0.00334876 0.00233928 0.000825892 -0.00133212 -0.000526109 0.000117586 0.00524272 0.000787878 -0.000615012 -6.80091e-05 -0.00016403 0.000369387 0.00327327 0.00552521 0.00765789 0.0126667 -8.73477e-05 -0.000250731 -0.000393232 0.000738006
internal_weight=32852 32062 790 109 29937 3215 26722 26033 13039 2413 10626 2153 681 10582 1452 468 372 188 135 184 701 2125 917 741 673 122 1236 152 112 12994 3735 2589 302 164 112 1146 159 2287 1024 751 646 376 323 279 223 273 1263 977 102 164 9259 3518 3474 2449 332 237 189 104 2117 2053 2008 270
internal_count=32852 32062 790 109 29937 3215 26722 26033 13039 2413 10626 2153 681 10582 1452 468 372 188 135 184 701 2125 917 741 673 122 1236 152 112 12994 3735 2589 302 164 112 1146 159 2287 1024 751 646 376 323 279 223 273 1263 977 102 164 9259 3518 3474 2449 332 237 189 104 2117 2053 2008 270
cat_boundaries=0 1 2 3
cat_threshold=928 1298 1620
is_linear=0
shrinkage=0.05


Tree=110
num_leaves=63
num_cat=5
split_feature=35 1 8 13 12 27 19 21 13 25 12 6 27 11 41 22 41 22 20 22 11 7 22 8 7 14 11 33 25 22 14 6 13 14 14 22 10 41 17 39 30 4 13 3 22 13 13 25 16 11 17 16 30 9 16 30 4 11 40 16 6 39
split_gain=0.873761 0.792798 0.765274 0.943342 1.18086 0.963382 0.78938 1.0389 0.945366 1.37986 1.60434 1.6521 1.474 0.920021 1.28169 0.838436 1.18227 0.823524 0.752295 0.924068 0.741866 0.726211 0.709973 0.70992 0.882336 1.29124 0.643676 2.25367 1.55775 1.77422 1.04587 0.750898 0.639374 1.03676 1.49815 1.06178 1.01663 0.966738 1.10793 1.17082 2.00594 1.32395 0.916859 0.885435 0.863171 0.826898 0.776292 0.937854 1.20256 1.1139 0.911144 1.52364 1.42782 1.14815 1.42458 1.6062 1.05296 1.50175 1.91629 1.32152 1.16024 1.00303
threshold=1.3822131563432773 0.64081047809430303 1.0000000180025095e-35 0.51646960634302419 60.500000000000007 35.500000000000007 0.007697104865766172 452.08500000000009 1.6872259243896968 0 61.500000000000007 8.0162617475236484 27.500000000000004 1.5000000000000002 5784.8078958333344 -0.19439922846840049 44.443803879310352 0.58772107418041142 0.060514801261422023 0.43100637797042929 49.500000000000007 7.6830639651388859 0.11493053810222191 0.052675462426275597 8.0801690497315217 0.1824123915657552 4.5000000000000009 26.021428571428576 1 -0.25347311528234501 0.099235442095746432 7.3335166231310787 1.0508487503601882 0.033711079066432344 -0.41746679586635155 -0.59300523485780443 0.39230689378485201 4017.7166038359792 -0.34643700186290344 2 10.750000000000002 -0.067365178495851094 1.0434793950875321 -1.1495350754433 -0.87372937832189967 1.2222291666666669 0.38095333333333342 3 0.69314718055994562 39.500000000000007 -1.554312234475219e-15 -0.18488318787348443 107.00000000000001 0.12199794423540104 -0.036133243073658498 4.3500000000000005 0.10199119817758807 59.500000000000007 1.5000000000000002 0.14660347419187572 7.5960595352704781 4
decision_type=2 2 8 2 2 2 2 8 2 1 2 2 2 2 2 8 2 10 10 8 2 2 10 10 2 2 2 2 1 8 2 2 2 2 2 8 2 2 2 1 2 2 2 2 8 2 2 1 2 2 2 2 2 10 2 2 2 2 2 2 2 1
left_child=1 2 3 4 -1 -6 7 17 13 10 11 -10 -13 14 15 16 21 -4 -3 22 -12 -9 -20 -11 25 -25 27 -8 29 -29 31 -31 42 34 -34 -35 37 38 -36 40 45 -42 43 -15 -45 -40 -46 50 -49 -50 51 61 -52 54 55 -53 57 58 59 60 -55 -48
right_child=-2 18 6 -5 5 -7 26 8 9 23 20 12 -14 32 -16 -17 -18 -19 19 -21 -22 -23 -24 24 -26 -27 -28 28 -30 30 -32 -33 33 35 36 -37 -38 -39 39 -41 41 -43 -44 44 46 -47 47 48 49 -51 52 53 -54 56 -56 -57 -58 -59 -60 -61 -62 -63
leaf_value=-0.0010787003294808024 -0.0021084734223185552 -0.0031361490765118498 0.01688027718831973 -0.00037418901366058089 0.00021065746903293822 0.0010620330347589173 0.0026141740721514484 0.0039485506143917392 0.0062566864283995285 0.0034725297575292618 -0.0020803181175572702 0.0062337274357390357 0.00025887044756328853 0.011631849996981691 0.00154991561550742 -0.00089622678829604212 -0.0005430320811620333 5.9480749611767454e-05 -0.00012539518480829057 -0.0040106756354585686 0.0016215368027431333 9.3491947035332286e-06 0.0050455079624240297 -0.00045006066137488607 -0.00086423155818237556 0.0027379855331369331 -0.00019806661937434765 0.0046194479003538675 -0.00048974838284206591 -0.00055160585030489598 -0.00077719906052917641 0.0018932121237053763 -0.00061984180699590206 0.0021528379853293952 -0.0011519554063650797 -0.00087927236959531795 0.0060507284148350838 0.001091653703827838 0.0025409174848864246 -6.4880019583941203e-06 0.00019653850269767985 0.0048337791185029504 0.0058694462917114869 -0.0017126703258238903 -0.00014273195557275531 -0.0014230286631745648 -0.00041221745851639904 -7.5716045603200867e-05 0.0070291549637348204 0.0012297189358572087 -7.3760020775614002e-05 0.0016471213473941663 0.0014833405636397847 0.0053967883449754306 0.0010825646613256002 0.0025235949928554061 -0.00015974325319425886 -5.9133082314932578e-05 0.0027131121305942465 -0.0004765597861524965 0.0011792880657433072 0.0002376714784235806
leaf_weight=66 127 349 42 620 46 40 76 50 40 40 99 65 92 40 48 927 89 45 60 80 43 61 40 94 334 44 12639 65 958 59 109 96 717 67 236 912 60 70 43 461 42 51 51 316 2394 67 468 4797 43 75 1781 80 43 41 197 48 294 179 50 44 73 1433
leaf_count=66 127 349 42 620 46 40 76 50 40 40 99 65 92 40 48 927 89 45 60 80 43 61 40 94 334 44 12639 65 958 59 109 96 717 67 236 912 60 70 43 461 42 51 51 316 2394 67 468 4797 43 75 1781 80 43 41 197 48 294 179 50 44 73 1433
internal_value=-0.000447169 -0.000430962 -0.00039924 -0.00195343 0.00156863 0.0054023 -0.000360831 -0.000134785 -0.000162501 0.00146127 0.00387143 0.00689394 0.00452532 -0.000247111 -0.00159439 -0.00193706 0.000995024 0.00528409 -0.00234906 0.000276242 -6.99313e-05 0.00441964 0.00346535 -0.000210326 -0.000761101 0.00258993 -0.000639864 0.000392228 -0.000104815 0.00280882 0.0010566 0.0036859 -0.000142679 -0.000836085 -0.000105836 -0.00213776 0.00111542 0.000720905 0.000277468 0.00132331 0.00436916 0.00994681 9.23724e-06 -1.85541e-05 -4.28919e-05 -1.18135e-09 2.49137e-05 0.000224939 -0.000258832 0.00470588 0.000726486 0.00127751 -0.000147946 0.00285005 0.00529141 0.00937984 0.00167888 0.00338917 0.00626794 0.00352201 0.00634782 0.000444268
internal_weight=32716 32589 32060 772 152 86 31288 17286 17199 851 339 197 157 16348 1175 1127 200 87 529 180 142 111 100 512 472 138 14002 1363 1287 329 264 155 15173 2726 1747 979 1030 970 900 664 203 93 12447 12396 12356 110 12040 9646 4915 118 4731 2907 1824 1006 325 128 681 387 208 158 114 1901
internal_count=32716 32589 32060 772 152 86 31288 17286 17199 851 339 197 157 16348 1175 1127 200 87 529 180 142 111 100 512 472 138 14002 1363 1287 329 264 155 15173 2726 1747 979 1030 970 900 664 203 93 12447 12396 12356 110 12040 9646 4915 118 4731 2907 1824 1006 325 128 681 387 208 158 114 1901
cat_boundaries=0 1 2 3 4 5
cat_threshold=3362 82 393 2713 432
is_linear=0
shrinkage=0.05


Tree=111
num_leaves=63
num_cat=9
split_feature=10 17 18 39 2 9 5 40 5 1 25 22 12 20 18 1 22 30 11 41 20 11 6 12 11 2 20 27 6 2 5 18 25 19 25 39 4 9 5 27 35 21 21 39 7 25 39 13 6 17 7 25 17 18 4 9 41 21 7 30 1 27
split_gain=0.894986 1.01152 1.67439 1.26944 0.938616 0.864468 1.03602 0.931887 0.766539 0.737201 0.721006 0.756953 1.40785 0.604544 0.587132 0.575666 0.793036 1.29336 0.707646 0.634814 0.602695 0.574387 0.886017 0.700915 0.539892 0.530213 0.999728 1.31827 1.03822 0.970332 1.86529 1.0065 1.51749 1.864 0.973697 1.55646 1.65276 1.22771 1.56391 1.4683 1.20591 1.08844 1.30726 0.935459 0.914044 1.53824 1.5204 1.18917 1.77449 1.53945 2.12875 1.16086 1.15259 1.10928 1.10759 1.08047 1.04301 1.00146 0.944455 0.982173 0.937006 0.928851
threshold=0.40522010576309292 -0.31939733018112493 -1.0095554762863774 0 0.89794159320595901 0.02546646264633946 7.7575701571745777 3.5000000000000004 8.6137536300328801 0.74428126584796328 1 0.44478680906753237 24.500000000000004 0.074051525411489447 0.36840916228716508 0.5108258737659287 0.31808203472047142 21.750000000000004 68.500000000000014 15.905505952380954 0.42560807189687994 1.5000000000000002 7.6481592635730244 46.500000000000007 1.5000000000000002 -0.010926884674595792 0.22925039390245142 23.500000000000004 7.7431676143644426 -0.018692133012152553 8.7571872340090096 0.59128752396796858 2 -0.015392132118207677 3 4 -1.0986122886681102 0.086058636077731607 7.2640359215249868 46.500000000000007 0.83871862518079465 10512.500000000002 15750.000000000002 5 7.5418698514107811 6 7 0.397591682396994 7.1835315050604214 -0.10328716011776838 7.2072379423262189 8 1.1550608111314131 -1.4822819967397958 -0.048160675081037489 0.50844090958373478 117.52380952380953 1700.0350000000001 7.1171542447787806 91.450000000000003 -0.027893441421845907 50.500000000000007
decision_type=2 2 8 1 2 10 2 2 2 2 1 8 2 10 8 2 8 2 2 2 8 2 2 2 2 2 10 2 2 2 2 10 1 2 1 1 2 10 2 2 2 10 10 1 2 1 1 2 2 2 2 1 2 10 2 10 2 8 2 2 2 2
left_child=4 13 -3 8 5 6 -1 -8 10 15 11 12 -4 -2 -13 20 17 19 -18 -17 25 22 -14 -23 -16 29 44 28 -28 34 31 32 -31 -34 35 37 -37 38 39 -7 -38 -39 -43 -36 45 -27 51 54 55 50 -50 60 58 -52 57 -49 -53 -47 -51 -60 61 -46
right_child=1 2 3 -5 -6 9 7 -9 -10 -11 -12 14 21 -15 24 16 18 -19 -20 -21 -22 23 -24 -25 -26 26 27 -29 -30 30 -32 -33 33 -35 43 36 40 41 -40 -41 -42 42 -44 -45 46 47 -48 48 49 52 53 56 -54 -55 -56 -57 -58 -59 59 -61 -62 -63
leaf_value=-0.00044755575886058665 -0.0026383334213620126 0.0036467582316438325 0.005744195829563036 -0.0038432137595815793 0.0037356788905462375 0.0011211827826120777 -7.8535231664784191e-05 0.00078466505212043387 -0.0022263101247831686 -0.0027880631169463397 -0.00097122723061729465 -0.0040934353479317636 0.0028924332567497497 4.805413917280733e-05 -0.0034496879393034782 0.0013729305883454061 -0.0029628210914687328 0.00070476911910078192 0.00065091114247464537 -0.00056633617265879977 -0.0015012863528499659 0.0010971444188611031 0.00022875813758736936 -0.0011973346582557862 0.0011223603659811325 -0.00041789994203034469 0.0089733702855989902 -0.00045976263956139322 0.0001917853922649204 -0.00073451012734841378 0.0025139822748521268 -0.00054844187021042595 0.00028816147808207376 0.0023404672920683497 2.8817912677850727e-05 0.0071467531977802189 -0.00010614368683486095 0.00019353834442023681 0.00018675289707644811 0.0039443839572296984 0.00088032219663379682 0.0027486000737067468 3.9670867706153785e-06 -0.000256498164001281 -0.0002368848324662627 -0.0002966652968211196 -0.00068846264120366474 -3.613276828629078e-05 0.0037835142413895941 0.0021418966325218373 -0.0010000663859628829 5.8173668334573172e-06 0.0033126728465694508 0.0013656399826715974 -0.00095279089218105149 0.0094843147451463307 -0.0012411523771009812 0.0010514952675432199 -5.0201320269411214e-05 0.0018382362028565591 -0.0013526398586177885 0.001818640963799068
leaf_weight=246 412 42 65 198 78 79 108 41 94 120 289 92 40 109 54 70 150 69 53 64 122 63 79 73 62 1830 63 177 72 117 43 110 68 43 3278 45 3983 1641 263 45 53 42 40 4435 189 85 1940 2356 78 42 58 5411 47 301 605 85 523 42 765 55 854 101
leaf_count=246 412 42 65 198 78 79 108 41 94 120 289 92 40 109 54 70 150 69 53 64 122 63 79 73 62 1830 63 177 72 117 43 110 68 43 3278 45 3983 1641 263 45 53 42 40 4435 189 85 1940 2356 78 42 58 5411 47 301 605 85 523 42 765 55 854 101
internal_value=-0.00031397 -0.00144053 -0.00061198 -0.000986488 -0.000253331 -0.00026719 -0.00258839 0.000699999 -0.000168114 -0.000237155 0.00032396 0.00141002 0.0029595 -0.00326628 -0.000909092 -0.000221691 0.00164619 0.00384804 -0.000563727 0.000962962 -0.000246952 0.00126953 0.00379167 -0.000948906 0.00145299 -0.000232606 -0.000433356 0.00236422 0.00606618 -1.22509e-05 0.00247382 0.00120944 0.00310044 0.00692623 -8.05478e-05 0.000386165 -0.000184508 0.00148515 0.0040335 0.00864 -0.000292297 0.000919372 0.00650602 -0.000455076 -0.000490306 -3.07099e-05 -0.000813839 0.000464679 0.000822332 0.00227914 0.00471461 -0.000471154 0.00110439 0.00306944 -0.0013779 1.84263e-05 -0.000188395 0.00285156 0.00068366 0.000304506 -0.00192208 0.000515463
internal_weight=32757 1672 1151 1109 31085 31007 395 149 911 30612 817 528 320 521 208 30492 406 203 203 134 30086 255 119 136 116 29964 15679 312 135 14285 381 338 228 111 13904 6191 4081 2110 387 124 4036 1723 82 7713 15367 6349 9018 4519 3787 1346 437 7078 909 359 732 2441 5934 127 862 820 1144 290
internal_count=32757 1672 1151 1109 31085 31007 395 149 911 30612 817 528 320 521 208 30492 406 203 203 134 30086 255 119 136 116 29964 15679 312 135 14285 381 338 228 111 13904 6191 4081 2110 387 124 4036 1723 82 7713 15367 6349 9018 4519 3787 1346 437 7078 909 359 732 2441 5934 127 862 820 1144 290
cat_boundaries=0 1 2 3 4 5 6 7 8 9
cat_threshold=3850 2416 2168 1612 2165 4762 1093 5801 264
is_linear=0
shrinkage=0.05


Tree=112
num_leaves=63
num_cat=2
split_feature=8 41 5 7 31 11 11 25 1 30 13 0 37 25 2 8 8 21 15 1 1 20 2 18 2 30 16 10 18 41 18 20 0 4 26 16 20 23 2 23 16 6 19 10 13 19 4 41 30 15 8 31 10 13 19 16 6 41 33 20 7 7
split_gain=0.829852 1.26428 1.07662 0.817757 0.992758 0.973447 2.70042 0.863348 1.18589 1.02781 0.882497 0.860066 0.827192 0.809329 0.916319 1.07009 0.883771 1.03044 0.881545 0.95134 0.947405 0.844343 0.936783 0.802539 0.876986 0.842243 1.23597 1.17705 1.16646 0.948124 0.992384 1.36775 0.906379 1.05517 0.885429 0.988007 1.66633 1.13167 1.05549 1.02444 0.858713 0.978838 1.12236 1.16766 0.780777 1.51609 0.791319 0.777121 0.770727 0.765522 0.757284 1.4254 0.755654 0.753035 0.750646 1.06519 1.41569 2.1614 1.3956 0.896153 0.813254 0.967544
threshold=0.016376077632875127 2.6609772245762717 7.0071785515497576 8.9232089986889935 2.850000000000001 53.500000000000007 57.500000000000007 0 0.077987260232706315 1.1500000000000004 0.70459871636124471 1.0000000180025095e-35 1.5000000000000002 1 -0.11809166727468899 0.13767310275627168 0.34077268713765102 9975.0000000000018 2.3037884630093286 0.16218292006781357 0.017699755670861354 0.0013079854470269467 -0.099038139744903816 inf 0.30010459245033833 4.8500000000000014 1.0533351855522499 -0.15168266204760925 0.88417731316700676 1.5865817091454275 1.0044047297467862 0.1535801087033434 -0.14310084364067285 -0.33270575382573536 5.5000000000000009 0.40546510810816444 -0.004674971834650616 1.0964709577721095 0.053784062562007857 -0.2414683161482469 -0.085933916916474104 8.4945105896169419 0.035393179717855543 0.14412888360596157 0.85714310204095634 -0.06374878736807997 -0.027398433647281891 23.499143955276029 7.5500000000000016 -0.2149413743204964 0.16196669113908108 14.35 -0.64124254273186387 0.397591682396994 0.046664906969629487 0.82924853729383441 8.3034209242928174 7.5403330731199594 36.650000000000006 -0.01318074387276348 8.2501504566622152 8.1089440773123069
decision_type=8 2 2 2 2 2 2 1 2 2 2 2 8 1 2 10 10 10 2 2 2 10 2 8 2 2 2 2 10 2 10 10 2 2 2 2 10 10 2 10 2 2 2 2 2 2 2 2 2 2 10 2 2 2 2 2 2 2 2 10 2 2
left_child=1 53 47 11 -5 -6 -7 -8 9 -9 -11 13 -13 14 15 -2 17 18 19 -15 21 22 -20 24 25 27 32 -16 -28 -29 31 34 -27 -34 -31 37 38 40 -37 -38 41 42 43 44 46 -46 49 -3 -35 -36 51 -17 -18 -1 60 -56 58 -58 -57 -59 61 -14
right_child=3 2 -4 4 5 6 7 8 -10 10 -12 12 54 16 23 50 52 -19 20 -21 -22 -23 -24 -25 -26 26 28 29 -30 30 -32 -33 33 48 35 36 39 -39 -40 -41 -42 -43 -44 -45 45 -47 -48 -49 -50 -51 -52 -53 -54 -55 55 56 57 59 -60 -61 -62 -63
leaf_value=-0.00021908670261074461 -0.00045970222960024044 0.0019284720188828726 -0.00035582116298474867 -0.0010298064939625591 -0.0002653382514368581 0.0027294666596304083 -0.0017073103233442534 -0.0011965808115134832 -0.0029189863595067964 0.00086615418267787419 0.0030710849683119987 0.0016496918736377407 -7.1059816774408252e-05 -9.335380600207044e-06 -0.00030917368480993184 -5.0108337212987692e-05 0.0029737540903720487 0.0021558828628778625 0.00080606437936721429 -0.0012845042478542884 0.0038571485260161438 -0.002474065639002846 -3.9106157037780445e-05 0.0012291394604401888 -0.000570543067708281 -0.0012555750493796862 0.0029330479373798845 0.0080813784921985096 0.00022470468080576034 0.0034017887401916291 -0.00014792244375965043 0.0046053731389015659 0.006145426396117197 -0.00068827901327313235 0.00095218564011408449 0.0039552485077316351 0.0030523263553139672 0.00076897882373475274 0.00097654964551620218 -0.0010590096076573761 -0.00020232669043165902 -0.0020010104420234952 0.0014922380580438697 0.0016258627793978829 0.0053990334556131489 -0.00063778278621321881 -0.00073732049264707816 -0.0018399954011097898 0.00010553293511590128 -0.00078684839473863125 -1.0832370652513145e-05 0.0027463560812901935 -0.00066620386177306933 0.0038880126913542739 -0.00067386272931411757 -0.00046528621679209331 0.0046991075356683362 0.0011083282853919759 0.0014053146080421856 -0.0028556306093530165 -0.00065409828789064436 0.00044158605132002678
leaf_weight=50 622 45 688 670 1477 47 121 42 52 43 40 44 7068 8478 309 86 169 55 46 679 44 40 72 71 326 267 41 40 47 41 286 64 47 89 62 60 51 41 41 78 487 63 48 77 50 46 120 59 725 51 955 61 1381 51 2800 705 62 41 116 67 1615 593
leaf_count=50 622 45 688 670 1477 47 121 42 52 43 40 44 7068 8478 309 86 169 55 46 679 44 40 72 71 326 267 41 40 47 41 286 64 47 89 62 60 51 41 41 78 487 63 48 77 50 46 120 59 725 51 955 61 1381 51 2800 705 62 41 116 67 1615 593
internal_value=-0.00035992 -0.00186242 -0.00253468 -0.000317827 -0.00118733 -0.00058146 0.00180636 3.34436e-05 0.00220745 0.00496032 0.00815476 -0.000244156 -0.000545685 -1.83977e-06 0.000501584 -0.000446378 -0.000247837 -6.58536e-05 -0.000106305 -0.000178534 0.00315271 0.00132075 0.00344538 0.00095343 0.000847385 0.00109684 5.75173e-05 0.00172371 0.00573034 0.00223784 0.00205159 0.00260681 -0.000389727 0.000400231 0.00225512 0.00201802 0.00497835 0.00136233 0.0097549 0.00119231 0.00102487 0.00244208 0.00325275 0.00238329 0.00107576 0.00484536 -0.000491454 0.00219048 -2.45411e-05 0.0025 0.000489573 0.00381757 -0.00135397 0.00338235 -0.000568948 -0.00116166 0.000246975 0.00438596 -0.000614356 9.17419e-05 -0.000326615 -0.000111591
internal_weight=32812 893 792 31919 2492 1822 345 298 177 125 83 29427 13111 16316 5352 1724 10964 9414 9359 9157 202 158 118 3628 3557 3231 1216 2015 88 1706 1666 1380 1128 861 1316 1275 230 1045 101 129 1004 517 454 406 329 96 233 104 814 113 1102 147 1550 101 13067 3791 991 170 821 108 9276 7661
internal_count=32812 893 792 31919 2492 1822 345 298 177 125 83 29427 13111 16316 5352 1724 10964 9414 9359 9157 202 158 118 3628 3557 3231 1216 2015 88 1706 1666 1380 1128 861 1316 1275 230 1045 101 129 1004 517 454 406 329 96 233 104 814 113 1102 147 1550 101 13067 3791 991 170 821 108 9276 7661
cat_boundaries=0 1 2
cat_threshold=1317 2098
is_linear=0
shrinkage=0.05


Tree=113
num_leaves=63
num_cat=8
split_feature=8 26 1 1 41 5 16 22 22 27 39 31 19 17 5 25 22 3 19 17 0 41 11 22 37 0 21 8 19 38 16 10 10 10 3 4 1 24 25 1 31 3 33 41 27 25 2 16 7 19 17 14 13 30 17 1 14 39 26 1 25 33
split_gain=0.823446 0.86711 0.848891 0.77146 0.895448 0.855214 0.725775 1.11882 2.08551 0.709401 1.9049 1.9118 1.47175 2.31646 1.96445 1.22661 1.65002 1.61473 1.17507 1.11757 1.2838 0.954908 0.915539 0.867114 1.01358 0.875215 0.861812 0.741933 0.739565 1.15419 1.38451 0.87446 1.29907 0.912126 0.707544 0.782461 0.692203 0.663541 0.935903 1.20384 0.830806 0.886903 1.09019 1.08193 0.761042 0.889873 1.33338 0.735171 0.731377 0.807474 0.724309 0.943237 1.27879 0.89362 1.41599 1.4435 0.909465 0.801499 1.09946 1.16201 0.956336 0.858469
threshold=0.021319078331595534 49.500000000000007 0.55961578793542299 0.010696778477136794 1.5865817091454275 7.0071785515497576 -0.10826166676453829 -0.16251202171185578 -0.0055238131221378032 5.5000000000000009 0 1.2500000000000002 0.087407681764948716 -0.27089724233732532 7.2295605202113533 1 -0.14310073375057544 0.016807118316381157 0.018020154053776511 0.21215212247611195 0.21677004342748288 1263.463003663004 88.500000000000014 -0.13340265693842412 38.500000000000007 0.01076700802050601 7462.5000000000009 0.10900682185565751 0.12381098993830462 2 1.0000000180025095e-35 0.13034358540558125 0.016644833225051951 -0.10725945273214287 -0.020195125693583723 0.060919081362913026 0.028171876967287627 3 4 0.32431155374389325 304.15000000000003 -0.14763827153850292 37.26428571428572 360.86718750000006 8.5000000000000018 5 -0.028785939617040231 -1.0000000180025095e-35 7.2813849884729356 0.007697104865766172 0.21215212247611195 0.31365014809907005 0.52631603878090105 104.90000000000002 0.016515603371870306 -1.0000000180025095e-35 0.2513144282809065 6 49.500000000000007 0.13720259210388311 7 28.235714285714291
decision_type=8 2 2 2 2 2 2 10 8 2 1 2 2 2 2 1 10 2 2 2 2 2 2 8 10 2 8 10 2 1 2 2 2 2 2 2 2 1 1 2 2 2 2 2 2 1 2 2 2 2 2 2 2 2 2 2 2 1 2 2 1 2
left_child=1 3 9 4 -1 -6 -4 -8 -9 10 11 12 13 -2 -15 16 17 18 -13 -12 28 37 23 24 -23 -26 -22 -27 29 30 -21 32 33 -30 -18 -36 -17 38 40 -40 41 42 43 48 45 46 -39 -41 49 -11 51 53 -53 56 -55 -56 57 58 61 -60 -59 -46
right_child=2 -3 6 -5 5 -7 7 8 -10 21 19 15 -14 14 -16 36 34 -19 -20 20 26 22 -24 -25 25 27 -28 -29 31 -31 -32 -33 -34 -35 35 -37 -38 44 39 47 -42 -43 -44 -45 50 -47 -48 -49 -50 -51 -52 52 -54 54 55 -57 -58 60 59 -61 -62 -63
leaf_value=0.00077754299375683213 0.00042335193382505329 0.00017615397462288713 -0.0034140160963420174 0.00023254276960753482 0.0005136141268053746 -0.00039778604420349331 -0.0031171683861557667 0.0068108193756115046 -0.00014052917317097566 0.0071863857080688605 -0.00034197593350240494 0.0076682435878835664 -0.00064404701619967086 0.00098864846480633249 0.0059870313713293391 0.00038079558247047692 -0.00032290678228703374 0.00013858366134819565 0.00038643173462581592 0.005852917781577793 0.0022925845696717558 -0.00013067655774962801 0.0013105391395701188 -0.00060872876673519856 -9.5401829729976255e-06 0.00263604958874635 0.0022951545053338024 0.00023389826282822692 0.0011611861407829118 -0.00064231746631773041 -0.00071241743596227639 -0.00092469981828663481 0.0046590958650812656 -0.0016149787918976997 0.0011132093956973351 -0.001265244569621192 -0.0010850352931501839 -0.0014311299274310458 -0.00019822852981062116 2.4852522654417655e-05 -0.00011534853964872423 0.00011846035500279092 0.0045883612920906902 0.0083930955780311123 0.00027610949030818475 -0.00067198256678969396 0.0035141397536105493 0.0041761985660008381 7.6760562022355779e-06 -0.0004403705122269239 -0.00019619417703595055 -0.00031594643752894878 0.00092094529616542709 3.8129118871579233e-05 0.00044190121504201991 0.0024856974662111168 -0.0010316231008069855 4.2515794843466294e-06 0.00024755930115988176 0.0021086448803861462 -0.00032449340762961509 -0.0001350848795079065
leaf_weight=70 82 45 329 79 106 691 194 41 190 48 1715 55 44 71 79 262 90 74 42 44 49 427 101 2128 105 41 40 41 63 398 91 40 44 61 42 61 216 41 1884 72 212 1881 115 41 961 1193 86 61 368 41 6768 419 953 443 44 49 263 2229 212 68 2707 3390
leaf_count=70 82 45 329 79 106 691 194 41 190 48 1715 55 44 71 79 262 90 74 42 44 49 427 101 2128 105 41 40 41 63 398 91 40 44 61 42 61 216 41 1884 72 212 1881 115 41 961 1193 86 61 368 41 6768 419 953 443 44 49 263 2229 212 68 2707 3390
internal_value=-0.000400904 -0.00181956 -0.00035665 -0.00214361 -0.00257489 -0.00305138 -0.00201325 -0.000645541 0.00170259 -0.000316365 0.000337062 0.00204606 0.00566787 0.00725322 0.0109272 0.000877816 0.00301333 0.00665698 0.0108673 -0.00042058 0.00108303 -0.000403754 -0.0012711 -0.00144368 0.000211381 0.00327128 0.00672222 0.00710843 0.000397573 -0.000589889 0.00325342 0.00291866 0.00449704 0.00184 -7.73208e-05 0.00274038 -0.000797547 -0.00030326 0.000229192 -0.000584321 0.000835479 0.00109419 0.0027443 0.00172345 -0.000430006 -0.00158971 0.00228261 0.00399254 0.00101528 0.00505555 -0.000347437 -0.000109891 0.00112163 -0.000272983 0.00171322 0.00728723 -0.000381448 -0.000301527 0.000171261 0.00320285 -0.000743886 -2.4128e-05
internal_weight=32800 991 31809 946 867 797 754 425 231 31055 3663 1118 276 232 150 842 364 171 97 2545 830 27392 2843 2742 614 187 89 82 741 533 135 208 168 124 193 103 478 24549 4723 2017 2706 2494 613 498 19826 1320 127 133 457 89 18506 11738 1372 10366 536 93 9830 9567 4631 280 4936 4351
internal_count=32800 991 31809 946 867 797 754 425 231 31055 3663 1118 276 232 150 842 364 171 97 2545 830 27392 2843 2742 614 187 89 82 741 533 135 208 168 124 193 103 478 24549 4723 2017 2706 2494 613 498 19826 1320 127 133 457 89 18506 11738 1372 10366 536 93 9830 9567 4631 280 4936 4351
cat_boundaries=0 1 2 3 4 5 6 7 8
cat_threshold=2564 1728 4 16 250 96 6858 1194
is_linear=0
shrinkage=0.05


Tree=114
num_leaves=63
num_cat=7
split_feature=8 17 20 31 39 25 27 27 6 41 14 41 8 13 6 27 44 21 18 25 15 14 14 41 6 18 19 18 6 27 21 24 19 6 7 13 41 41 44 10 17 17 21 23 6 17 19 13 13 1 10 19 4 30 20 13 24 19 23 25 39 18
split_gain=1.31906 0.955137 0.933637 0.960191 1.34142 0.988211 0.903892 1.13664 0.847955 0.783526 0.972095 0.687955 1.24065 1.00982 1.13542 0.836447 1.20477 0.81941 1.13377 0.851538 0.784766 1.06745 0.760602 0.853582 1.52661 0.774231 0.763929 1.16952 1.14914 1.59205 0.750443 0.729783 0.8342 0.873541 1.81039 1.11467 0.826619 1.25295 1.20471 1.25346 0.902706 1.26364 1.043 0.738445 0.727492 0.737108 0.880072 0.836473 0.700044 1.12407 0.673587 0.727964 0.669018 0.919629 1.06343 0.798872 0.750837 0.756504 1.21224 0.661596 1.28586 0.829373
threshold=1.0000000180025095e-35 0.76944653191561019 0.018201311080835725 0.45000000000000007 0 1 44.500000000000007 10.500000000000002 8.9274046384960961 2.9694988479262681 1.0974733360116129 68.622844827586221 1.1217196246901404 1.8000005142860085 8.2698563998363728 33.500000000000007 1.0000000180025095e-35 775.62500000000011 1.356696071080286 2 1.3862943611198912 0.11363220490780492 -0.45464543770981786 64.429456018518536 7.0566619053736277 1.2073725540716282 0.015081023515824224 0.046971593211173425 8.234337357979733 32.500000000000007 8025.0000000000009 3 -0.04787280848225197 6.992753728843442 7.4555660671558197 1.2727274276861267 271.96793785310746 206.22669491525428 1.0000000180025095e-35 0.026811777056621192 0.19672105839168388 -0.026797358644356947 1430.6200000000001 -3.1728181804142976 6.4003719726232555 0.47515625208154472 0.087407681764948716 1.146778184534625 0.43478276465031745 1.0000000180025095e-35 0.40522010576309292 -0.40350180684640019 0.48342597390265679 8.2500000000000018 0.035505661821387473 0.57142849489793202 4 -0.15273387113471823 -0.29459427296457158 5 6 0.19121044427307007
decision_type=8 2 10 2 1 1 2 2 2 2 2 2 10 2 2 2 2 8 10 1 2 2 2 2 2 8 2 10 2 2 10 1 2 2 2 2 2 2 2 2 2 2 10 8 2 2 2 2 2 2 2 2 2 2 10 2 1 2 8 1 1 10
left_child=-1 11 3 6 -5 8 7 -3 -6 10 -4 12 13 22 15 -15 -17 18 44 20 48 -22 25 -24 -25 50 27 -26 29 -29 -16 43 -33 -34 35 36 37 38 -35 -40 41 -38 -43 -21 -13 46 47 -46 49 -19 51 -2 56 54 55 -54 57 58 -53 60 61 -59
right_child=1 2 9 4 5 -7 -8 -9 -10 -11 -12 17 -14 14 30 16 -18 19 -20 31 21 -23 23 24 26 -27 -28 28 -30 -31 -32 32 33 34 -36 -37 40 -39 39 -41 -42 42 -44 -45 45 -47 -48 -49 -50 -51 -52 52 53 -55 -56 -57 -58 59 -60 -61 -62 -63
leaf_value=-0.00030315083110075768 0.0050418716700997013 0.0057037185734323302 -0.0016306461037587138 -0.00047735371824067898 0.0024355723630993817 -6.7125482881724615e-05 0.0041295878798883667 -0.000299767856018773 -0.00065871583407887708 -0.0013871023022699067 0.0010496823434166418 -0.0012584206980723789 0.0090897320722315503 0.00063545870580006931 0.0011606738001028224 0.008363409014274242 0.0034800867807822928 0.0022223526030462743 0.0032468120061383138 0.0062350517607671942 0.0013644851829339674 -0.0020537005255805312 -4.6164051506608007e-06 0.0032100772299408706 -0.00032130163305905593 0.0011729911635682988 -0.00032502479487650976 0.0016403970802616628 -0.00081379044082248355 0.0034240998417786428 -0.002365408539242473 -0.00063946618593610548 -0.0011372312487363996 -0.00021011755415737185 -0.00047697647135123262 0.0013371958249896697 -0.00021771020516988157 0.0033421214444552144 0.0011744684338829353 4.9917315382107179e-05 -0.00086993628424260555 0.00036019596588856705 0.0021886007101222177 -4.5898722699671605e-05 2.6815711925996979e-05 -0.0020868360380165759 0.0040347061436655854 0.0035465080501855938 -0.0010568671433207302 -0.00094227359825410639 -0.0047292854511379098 -0.00050597046452305425 0.00082311357366854224 -0.0013271049938914765 -0.00063624887411795191 0.0044700275388257944 -0.00063599861989873567 0.00051281384768024315 0.0017199418966439605 -0.00066932106571665571 -0.00031837574910556108 0.0036120379263421911
leaf_weight=762 41 73 77 1056 79 371 78 238 44 886 75 72 45 90 123 50 51 61 64 50 45 54 13150 47 73 61 109 57 42 43 59 1151 377 144 1387 60 132 43 51 66 219 85 45 5529 435 47 61 44 1323 82 197 79 44 93 76 42 1207 273 188 697 460 62
leaf_count=762 41 73 77 1056 79 371 78 238 44 886 75 72 45 90 123 50 51 61 64 50 45 54 13150 47 73 61 109 57 42 43 59 1151 377 144 1387 60 132 43 51 66 219 85 45 5529 435 47 61 44 1323 82 197 79 44 93 76 42 1207 273 188 697 460 62
internal_value=-0.000383082 -0.000334177 -0.00118704 -0.000538661 -0.00109607 0.0010495 0.00167949 0.000464742 0.0047388 -0.00239654 0.000915031 -0.000246847 -4.83975e-05 -7.00557e-05 0.0025 0.00518229 0.00828431 -0.000544807 0.00108425 -0.000652913 -0.00172906 0.00255 -0.000126453 4.40012e-05 0.00240591 -0.000781029 0.00116923 0.00289352 0.00552447 0.00841584 -0.00032787 -0.000470055 -0.00100769 -0.000515327 -0.000138828 0.0016844 0.00117684 0.00321311 0.00188931 0.00563559 -0.000114109 0.00186312 0.00534351 -0.000106441 0.00046212 0.00104592 0.00157116 0.000843749 -0.00203136 0.00128472 -0.000880059 -0.000707939 -0.000792987 0.00166016 0.00392638 0.00770115 -0.00100438 -0.000336159 0.00210821 -0.00077696 0.00021712 0.0025289
internal_weight=32825 32063 2977 1939 1550 494 389 311 123 1038 152 29086 17459 17414 373 191 101 11627 723 10904 1565 99 17041 13521 371 3520 324 215 142 100 182 9339 3760 2609 2232 845 785 304 261 117 481 262 130 5579 659 587 540 479 1466 143 3459 3262 3221 255 162 86 2966 1759 267 1492 795 335
internal_count=32825 32063 2977 1939 1550 494 389 311 123 1038 152 29086 17459 17414 373 191 101 11627 723 10904 1565 99 17041 13521 371 3520 324 215 142 100 182 9339 3760 2609 2232 845 785 304 261 117 481 262 130 5579 659 587 540 479 1466 143 3459 3262 3221 255 162 86 2966 1759 267 1492 795 335
cat_boundaries=0 1 2 3 4 5 6 7
cat_threshold=3014 176 5 19 21 1111 5252
is_linear=0
shrinkage=0.05


Tree=115
num_leaves=63
num_cat=8
split_feature=8 41 6 15 17 16 14 30 13 42 14 6 7 8 17 41 39 31 17 15 15 33 39 25 41 15 25 9 25 42 20 20 25 30 9 16 39 22 15 4 41 6 18 37 22 6 17 22 4 41 7 2 12 30 42 13 42 24 30 20 1 13
split_gain=1.24342 0.882349 0.58576 1.0464 0.574457 1.10254 1.38483 1.40687 1.24937 1.03028 0.942026 0.965337 1.35516 1.56215 2.29892 0.957036 0.899239 1.41604 0.822803 0.8208 1.67076 1.44323 0.811437 1.02978 1.35165 0.746315 1.17791 0.973 1.70217 1.4045 0.952289 1.86808 1.0785 1.45954 1.51688 1.5553 1.06544 1.80643 1.19082 1.39692 1.14644 1.5835 1.86905 1.16207 1.1116 1.02415 1.146 1.00631 1.10826 0.998737 0.986491 0.955468 0.946089 1.15559 1.08413 1.6447 2.25805 0.918331 0.915835 0.943723 0.911586 0.91054
threshold=1.0000000180025095e-35 3.0359237536656893 7.0817161132739548 0.15415067982725819 0.18765890748557909 -0.43078291609245384 1.3857206375916524 1.0000000180025095e-35 0.28571410204086883 0.9291979949874688 0.22314355131420979 7.024746629170509 6.3702197193225691 0.24255721981280326 0.76944653191561019 1.4519969278033795 0 29.550000000000001 0.29779997010607434 0.52169690959765413 0.37156355643248307 32.078571428571436 1 2 5.2459666926880049 -0.98082925301172574 3 0.38715972529701487 4 0.88975694444444453 0.026537650182394058 0.025925476892406037 5 73.200000000000031 0.11095851683511995 -0.1488229311862401 6 -0.036367471905615935 -0.2776317365982795 -0.12516314295400607 54.470738636363642 7.588936837225666 0.035822217275115399 59.500000000000007 0.2232382090202297 8.9495506873198156 -0.190061898878883 -0.36265555616854289 -0.62415328866378939 4.0495901639344272 6.4217971580270232 -0.090030787391913933 19.500000000000004 0.55000000000000016 0.89915254237288156 0.5614501172219406 0.93798076923076934 7 80.850000000000009 -0.053838648596494836 0.077987260232706315 0.33333416666666676
decision_type=8 2 2 2 2 2 2 2 2 2 2 2 2 10 2 2 1 2 2 2 2 2 1 1 2 2 1 10 1 2 10 10 1 2 8 2 1 10 2 2 2 2 10 10 10 2 2 10 2 2 2 2 2 2 2 2 2 1 2 10 2 2
left_child=1 -1 3 -3 5 6 -2 -8 -7 10 11 12 -6 18 -15 -13 17 -17 -14 20 -18 -22 -11 -24 -25 26 -10 30 29 -29 31 32 45 36 35 -35 47 40 39 -39 41 42 -38 -42 -41 50 -47 48 -34 -48 -27 -49 -43 60 -55 -56 -57 -53 -36 -60 -54 -32
right_child=4 2 -4 -5 9 8 7 -9 25 22 -12 15 13 14 -16 16 19 -19 -20 -21 21 -23 23 24 -26 27 -28 28 -30 -31 61 -33 33 34 58 -37 37 38 -40 44 43 52 -44 -45 -46 46 49 51 -50 -51 -52 57 53 54 55 56 -58 -59 59 -61 -62 -63
leaf_value=0.00036393969318452727 -0.00021269860230756189 -0.002241070946374997 -0.00032921892567475044 0.0016165955197515365 -0.0072315435140611409 -0.00043378379364041584 0.0032092948369125841 0.00030198744706940725 0.0011927939245630946 -7.7422602739298229e-05 -0.00015514440672172817 0.0029022986099514186 0.0027775115554009907 0.008203530183041258 0.0039774956300429572 -3.5174120405342955e-05 -4.6718335883733806e-05 0.0079562701225737859 -0.00024759530568472588 -0.00060150202716646294 4.6522540657970257e-05 0.0061981700195943464 -0.00084514173879194428 0.00045346257549522978 -0.0004968893551878735 0.0015686781758061489 -0.00069306886419311011 0.006056252557215128 0.00014128528593040452 0.0017460668933241938 0.0004413089156840581 0.0026139807417947785 0.0018585819229667946 0.0027749648018642464 0.0019424514490688268 0.0016150927605778468 0.0016554765496303127 -0.0020801275158771845 -0.00053936897674362817 0.00012953760845970121 0.00015076830726263083 -0.00021502654171663617 0.0026876934519379746 0.0037936555581674241 0.0039182563509082271 -0.001620044577859768 0.00027223081987768396 -0.00092607387108200245 -0.0014262595504178893 0.002595299087595212 -0.00012680993074066691 0.0010655885349662513 -4.6119851032143353e-05 0.0074072354506973387 -0.0011318276781142711 0.00014438253189949358 0.003622414566618238 -0.00010726439829504173 0.00101642934826768 -0.0012198260464694277 0.0033513900109719084 -0.00013935177206469125
leaf_weight=89 6001 55 577 44 55 1064 45 82 137 3385 2170 49 44 67 51 111 1105 71 133 426 62 43 1653 554 2349 40 643 43 628 261 166 44 56 48 42 77 61 60 398 99 782 144 69 42 41 45 51 205 542 50 3192 345 161 49 49 46 47 203 56 95 83 3371
leaf_count=89 6001 55 577 44 55 1064 45 82 137 3385 2170 49 44 67 51 111 1105 71 133 426 62 43 1653 554 2349 40 643 43 628 261 166 44 56 48 42 77 61 60 398 99 782 144 69 42 41 45 51 205 542 50 3192 345 161 49 49 46 47 203 56 95 83 3371
internal_value=-0.000391673 -0.00238251 -0.00299852 0.000549999 -0.000343993 -0.000176212 -0.000732584 0.00441406 7.57228e-05 -0.000611567 3.41722e-06 0.000728132 0.0031339 0.00447635 0.00890756 0.000275695 8.79592e-05 0.00331606 0.00148876 -0.00029144 0.000371593 0.00636792 -0.000951273 -0.00138603 -0.0008116 0.000216083 -0.00128041 0.000316027 0.00186495 0.00485714 0.00018169 0.000510867 0.000447136 0.00102335 0.00426332 0.00853174 0.000729255 0.00142157 -0.000901504 0.0022388 0.00233703 0.00380986 0.00877862 0.00106667 0.00496454 -0.000203601 0.00387755 -0.000370779 -0.00190317 0.00681372 -0.000389732 0.000842174 0.00268103 0.00384174 0.00674479 0.00447552 0.00835106 0.00193078 0.00146907 -0.000361843 0.00155102 -0.000490391
internal_weight=32756 765 676 99 31991 19663 6128 127 13535 12328 4387 2217 350 295 118 1867 1818 182 177 1636 1210 105 7941 4556 2903 12471 780 11691 932 304 10759 7222 7178 3800 318 125 3482 2131 598 200 1533 709 130 824 140 3378 146 1351 598 101 3232 753 579 435 191 142 93 548 193 151 244 3537
internal_count=32756 765 676 99 31991 19663 6128 127 13535 12328 4387 2217 350 295 118 1867 1818 182 177 1636 1210 105 7941 4556 2903 12471 780 11691 932 304 10759 7222 7178 3800 318 125 3482 2131 598 200 1533 709 130 824 140 3378 146 1351 598 101 3232 753 579 435 191 142 93 548 193 151 244 3537
cat_boundaries=0 1 2 3 4 5 6 7 8
cat_threshold=512 2109 216 144 1824 1129 2481 22
is_linear=0
shrinkage=0.05


Tree=116
num_leaves=63
num_cat=5
split_feature=8 26 1 24 25 27 4 4 25 23 4 40 17 13 23 25 21 16 23 14 23 20 7 22 9 23 12 31 8 23 31 12 13 20 13 8 27 35 8 10 3 21 10 31 14 20 8 38 13 41 10 23 23 33 12 12 19 1 13 3 4 10
split_gain=1.00347 0.982533 0.898724 0.876601 1.39855 1.09123 0.774461 0.936579 1.4815 1.23964 1.07192 0.994814 1.46739 1.85967 1.38266 1.47031 1.40702 1.14207 2.29998 0.957746 1.64921 0.944018 0.930037 1.67626 1.8105 0.986428 0.928265 0.916344 0.860058 0.84679 1.72726 0.833464 0.827174 0.810756 0.809477 0.801097 2.75956 1.13242 1.06199 0.797782 0.947979 1.05311 1.0755 0.925949 0.78586 1.08064 0.764337 0.762194 1.35251 0.901791 1.4883 1.58612 2.53363 1.70704 0.756861 0.834961 1.20336 1.50275 0.971135 0.748459 0.7302 1.3631
threshold=1.0000000180025095e-35 49.500000000000007 0.41292540758523094 0 1 2.5000000000000004 -0.15600260518741746 -0.048160675081037489 2 -0.11778303565638361 -0.051292268071787987 2.5000000000000004 -1.6359114195481399 0.99999812500234386 -2.0780634976288455 3 2251.2500000000005 0.80520939274484704 1.7939356975823977 0.98641189956258446 -0.016492125408084531 -0.079757455763061799 6.4986456384416789 -0.5444193884205647 0.26122558325229434 0.7210497947338691 26.500000000000004 283.35000000000008 0.059232015861335932 1.0000000180025095e-35 76.100000000000009 78.500000000000014 1.0434793950875321 0.0031557207907164909 1.3333416666666669 0.034500710314702442 40.500000000000007 0.010074849312504243 0.078912573314952411 -0.073532272830488118 -0.11122563511022364 4317.2650000000012 -0.12639617142879442 233.05000000000004 -0.2776317365982795 0.0047537715639129783 0.090305203765766312 4 1.6333331666666668 48.894342037890432 -0.33952613894097622 1.0000000180025095e-35 -0.20202662787328682 30.335714285714285 17.500000000000004 51.500000000000007 -0.043391107747902696 0.031748698314580277 0.75000006465518376 0.56893797792894951 0.14719325100478911 0.13292430614904752
decision_type=8 2 2 1 1 2 2 2 1 8 2 2 2 2 10 1 10 2 10 2 8 10 2 10 10 10 2 2 10 8 2 2 2 10 2 8 2 2 10 2 2 10 2 2 2 10 10 1 2 2 2 8 10 2 2 2 2 2 2 2 2 2
left_child=1 -1 3 4 5 -2 -5 8 9 34 19 12 13 33 15 16 21 22 28 39 -21 -13 23 32 -25 -24 -16 54 -19 30 -11 -31 -14 -9 -8 36 -17 -37 -39 40 43 42 -42 44 45 -10 -44 -7 49 50 -49 52 -52 -54 -23 56 57 -56 -58 -28 -57 -62
right_child=2 -3 -4 6 -6 47 7 11 10 29 -12 14 17 -15 26 35 -18 18 -20 20 -22 27 25 24 -26 -27 59 -29 -30 31 -32 -33 -34 -35 -36 37 -38 38 -40 -41 41 -43 46 -45 -46 -47 -48 48 -50 -51 51 -53 53 -55 55 60 58 -59 -60 -61 61 -63
leaf_value=-0.00029662497508419166 0.0018783780520024948 0.00019896476373051846 -0.00098000536027169805 -0.00016922061175137643 -0.00034850183649024976 -0.00070917732730392329 -0.00046125189207687882 -0.00016452098997345237 -0.00089273934824374344 0.00047369588681805079 0.0021859014992177245 0.0027875855571265142 -0.0017755141761519836 0.011134976130485745 -0.00096939806962600353 0.0018746402690842723 0.0026960341810246722 0.0037825255956577342 0.0050024779182452229 0.0026116042569121808 -6.5051708516041868e-05 -0.0013702269713449329 -5.1301981102744528e-06 0.0073867443040571273 0.00026772472985543884 -0.0011413165998399586 -0.00017905736580873163 0.00194389162602488 0.00011021353171612047 0.001391175988930022 0.0022184254027565534 -9.1256119538599622e-05 0.006450225660875432 0.014524753070236011 0.0011126421339267708 -0.00090218311449772682 -0.0014852827808744934 -0.0003387980815862193 0.0016479360626992135 -0.00032834306311422433 0.0041067800696403083 -0.0019493265031125678 0.0010022151115964277 0.0013837495764310065 -0.00080745151410115514 0.0016631234175321842 -0.00010622371207389124 0.0048338607147058246 0.0086408719739618361 -0.00014978656478006246 -4.091875934319448e-05 -0.00031099951655015021 0.0041587116137778149 0.0010049201240884551 0.0045535625138007248 -0.00051389496311697006 0.0016208093798705326 0.00065070861727790572 -0.0013292766836234197 0.00098683298713405742 0.0013821014108694541 -0.00017126130894808318
leaf_weight=725 64 45 1540 7513 4107 451 280 91 53 62 61 44 83 50 694 45 45 41 40 45 93 113 5978 51 50 495 3394 63 726 542 73 185 47 40 40 745 76 42 58 1030 56 50 43 45 243 54 71 50 46 694 133 424 40 52 50 259 76 42 122 48 111 85
leaf_count=725 64 45 1540 7513 4107 451 280 91 53 62 61 44 83 50 694 45 45 41 40 45 93 113 5978 51 50 495 3394 63 726 542 73 185 47 40 40 745 76 42 58 1030 56 50 43 45 243 54 71 50 46 694 133 424 40 52 50 259 76 42 122 48 111 85
internal_value=-0.000422437 -0.00220493 -0.000379403 -0.000319685 -0.000857215 0.000244274 -0.000185392 2.96952e-06 0.00079947 0.002171 -9.16454e-05 -0.000171678 0.00020668 0.00464286 -0.000647801 0.00044006 0.00176298 9.91735e-05 0.001875 -0.000316705 0.00366906 0.00137163 -0.000114841 0.00299569 0.00779412 -0.000226291 -0.00116751 0.00102494 0.00125651 0.00317497 0.00680147 0.00249313 -0.00076336 0.00147727 -0.000467291 -0.000951895 0.00282787 -0.00150709 0.00346535 -0.0006531 0.000771103 0.00339366 0.00526316 -0.000694446 -0.00156695 0.00199074 0.00243478 2.64398e-05 0.000589654 0.00031205 0.00157857 0.000930768 0.00431416 0.0106452 0.000593712 0.00117292 0.0032646 0.00795699 0.00105528 -0.000830672 -0.000164475 0.00213198
internal_weight=32714 770 31944 30404 6061 1954 24343 16830 3026 1182 1844 13804 7692 181 6112 1976 1010 7511 807 1783 138 965 6704 231 101 6473 4136 921 767 862 135 727 130 131 320 966 121 845 100 1645 615 220 170 395 350 107 114 1890 1439 1393 699 649 225 92 858 745 290 92 198 3442 455 196
internal_count=32714 770 31944 30404 6061 1954 24343 16830 3026 1182 1844 13804 7692 181 6112 1976 1010 7511 807 1783 138 965 6704 231 101 6473 4136 921 767 862 135 727 130 131 320 966 121 845 100 1645 615 220 170 395 350 107 114 1890 1439 1393 699 649 225 92 858 745 290 92 198 3442 455 196
cat_boundaries=0 1 2 3 4 5
cat_threshold=8 1172 2468 414 4
is_linear=0
shrinkage=0.05


Tree=117
num_leaves=63
num_cat=12
split_feature=0 10 14 41 8 39 14 21 27 25 39 38 41 12 13 26 18 20 20 12 29 22 13 33 38 25 41 15 39 21 31 8 17 12 20 41 22 14 18 30 21 7 20 10 24 21 0 18 31 33 5 25 17 15 12 11 18 39 0 15 25 39
split_gain=0.830643 0.919958 1.47873 0.952159 0.858261 0.997851 0.962437 1.03113 0.894414 0.961119 0.989416 0.984727 1.92673 1.62327 1.16155 0.920387 0.951526 0.919024 0.911841 0.857488 0.821209 0.779609 0.766191 2.10487 0.771813 0.750982 0.815136 0.743746 0.776182 1.02905 0.87043 0.710368 1.06951 0.689455 0.68232 0.669866 1.43071 0.941811 1.13996 1.20635 0.934129 0.869577 0.657832 0.651288 0.807554 0.832331 0.955999 0.630628 0.618884 1.00131 0.98806 0.780794 0.717427 1.80803 1.09925 1.26876 0.816674 0.624429 0.603993 0.790209 1.01959 1.37748
threshold=0.2113087995496459 -0.20241101434922057 -0.22432293345846152 1.4519969278033795 0.062349551356126728 0 0.008658062743114538 6487.5000000000009 3.5000000000000004 1 2 3 83.462758620689655 37.500000000000007 0.91085955729330903 8.5000000000000018 0.30638062398174548 0.024584093200842837 0.0037954774294756762 79.500000000000014 1.0000000180025095e-35 0.084324127446872496 0.40743909007382068 28.928571428571434 4 5 8.8624070317782309 -1.2650673997602573 6 5387.5000000000009 136.55000000000004 0.16074114852153812 -1.97280240903228 17.500000000000004 -0.018379579581730959 674.75334174022703 0.017453552888560459 1.1556307172440137 1.6770893893188783 13.050000000000002 2288.7500000000005 6.4986456384416789 -0.029512168259820049 0.010116802552952999 7 1247.9550000000002 0.021192449871213274 0.11100756947517201 188.85000000000005 26.807142857142864 7.9713203057960031 8 0.0025737121155119396 -0.55961578793542222 56.500000000000007 44.500000000000007 -0.20142999364414954 9 -0.25884777601520609 -0.6340418784965095 10 11
decision_type=2 2 2 2 8 1 2 10 2 1 1 1 2 2 2 2 8 10 10 2 2 8 2 2 1 1 2 2 1 8 2 10 2 2 10 2 8 2 8 2 10 2 10 2 1 10 2 10 2 2 2 1 2 2 2 2 10 1 2 2 1 1
left_child=4 2 -2 -3 5 22 7 8 -7 10 21 19 14 -14 15 20 -17 -16 -15 34 -13 -10 23 -1 -24 26 -8 28 29 -6 31 -31 -33 -5 -11 37 -37 41 39 40 -39 42 -35 -26 45 46 -45 -4 49 50 -43 52 53 -51 55 -55 -56 -53 -29 60 -60 -62
right_child=1 3 47 33 27 6 25 -9 9 11 -12 12 13 18 17 16 -18 -19 -20 -21 -22 -23 24 -25 43 -27 -28 58 -30 30 -32 32 -34 35 -36 36 -38 38 -40 -41 -42 48 -44 44 -46 -47 -48 -49 -50 51 -52 57 -54 54 56 -57 -58 -59 59 -61 61 -63
leaf_value=0.002024484902573251 0.011175797319504122 0.0018848741990001522 0.00082595818684309374 -0.0013052400428758234 -0.00050048608942179047 -0.00074335462881902007 0.0029880028111232224 -0.00070500898202801015 -0.0008644236501272898 0.00063922327235940441 -0.00037614223704642876 -9.2261535735830281e-05 -9.7843537803977978e-05 0.0021874514454895571 0.0015269020747204999 -0.00041301960532758866 0.0011032120499802169 0.0014326860804976494 0.0019536473663912071 0.00029798993329976757 0.0031566171635620728 0.0023241505667258972 0.00014298940303241107 -0.0023394828629625295 -0.00041527015466011032 -0.00036220719197724624 -3.0565533771520727e-05 -0.00023854027780168647 -0.00074517013647135144 -0.00072796428967336494 0.0089727634114501222 -0.0038803643438189463 0.010277359490932237 -0.0026961574312408289 -0.00087976262848569748 0.0057944635647848965 -0.0003638131758666833 0.00054585299550643628 -0.0052569835221071802 -0.00049018674558485935 0.0088204339164330067 0.00098518055731226751 0.0024716652353240286 5.385376103526048e-05 -0.00070419307414497053 -0.0017066604499363484 0.0025035305422320105 -0.0015854807578468523 -0.0020215712150908577 -0.00175260657892511 -0.003576119742842008 0.00046559933040277542 -0.0010380700599642099 0.0053089550455547715 -0.0023185259866400744 0.0032859924144532462 0.0023052281272377198 -0.0023499165462743023 -6.5660134851494424e-05 -2.5796579501218477e-05 0.0013862440371483773 0.00019284984788503316
leaf_weight=40 41 46 40 788 283 133 61 329 60 47 376 46 54 57 45 226 64 44 61 75 60 66 188 54 835 795 325 2303 1047 62 40 41 43 40 177 49 141 69 49 64 46 41 43 98 310 55 56 86 468 141 50 128 371 42 45 40 47 584 872 18276 567 728
leaf_count=40 41 46 40 788 283 133 61 329 60 47 376 46 54 57 45 226 64 44 61 75 60 66 188 54 835 795 325 2303 1047 62 40 41 43 40 177 49 141 69 49 64 46 41 43 98 310 55 56 86 468 141 50 128 371 42 45 40 47 584 872 18276 567 728
internal_value=-0.0004079 -0.00114017 0.00247024 -0.00132402 -0.000320518 -0.00093605 -0.000403279 0.000286308 0.000813441 0.00117203 -0.00060429 0.00208893 0.00316617 0.00774566 0.00159465 0.00042821 -0.00103093 0.00672222 0.0110084 -0.000306453 0.00439252 0.00306569 -0.00193078 0.00242105 -0.00220998 -0.00152707 0.000302266 -0.000200306 -0.00127225 0.000427082 0.00331551 0.0014966 0.00447059 -0.00142593 -0.00186667 -0.00101261 0.00183246 -0.00125165 0.00179039 0.00363889 0.00668103 -0.00159236 0.00339286 -0.00261539 -0.00124039 0.00115909 0.00309677 -0.000236222 -0.00180541 -0.00130537 0.00375 -0.00163688 -0.000401723 0.00134494 0.00474286 0.00891566 0.000967741 -0.00278008 -0.000128809 -4.23119e-05 0.000860239 0.00174196
internal_weight=32458 3459 167 3292 28999 4737 3101 1920 1591 1458 502 956 657 172 485 396 290 89 118 299 106 126 1636 94 1542 1181 386 24262 1516 469 186 146 84 3246 224 2458 190 2268 228 179 115 2040 83 1354 519 209 154 126 1957 1489 91 1398 686 315 174 82 92 712 22746 20443 2167 1295
internal_count=32458 3459 167 3292 28999 4737 3101 1920 1591 1458 502 956 657 172 485 396 290 89 118 299 106 126 1636 94 1542 1181 386 24262 1516 469 186 146 84 3246 224 2458 190 2268 228 179 115 2040 83 1354 519 209 154 126 1957 1489 91 1398 686 315 174 82 92 712 22746 20443 2167 1295
cat_boundaries=0 1 2 3 4 5 6 7 8 9 10 11 12
cat_threshold=2498 1360 4609 2 8 1285 3584 18 1008 152 2468 4454
is_linear=0
shrinkage=0.05


Tree=118
num_leaves=63
num_cat=7
split_feature=8 1 8 22 20 33 30 19 7 16 17 7 5 7 20 5 26 16 25 41 17 15 22 11 11 41 30 3 16 6 17 1 1 25 3 22 41 7 33 25 16 16 33 38 5 1 17 16 8 5 14 22 25 1 25 25 22 11 20 20 4 16
split_gain=1.17225 1.14842 0.86483 0.794289 0.974647 1.32387 0.950655 1.00889 0.823807 0.761508 0.664394 0.652054 1.19523 1.54116 1.12104 1.04463 1.00378 0.811788 0.888618 1.06183 1.01784 1.01322 1.01235 0.860731 0.766954 0.99192 0.761283 1.02891 0.929182 0.721853 1.16971 1.0775 2.52522 0.767626 1.72962 0.842431 0.727628 1.28095 0.95911 1.02061 1.09666 0.853367 0.81787 0.862482 0.793723 1.37997 1.10087 1.1515 1.14559 1.39375 1.12013 1.04943 1.59976 1.18829 1.0393 0.959974 1.03375 1.33787 0.8991 1.11832 0.868814 1.95281
threshold=1.0000000180025095e-35 0.22759893077963603 0.04345458405067195 0.14912299857359165 0.098294308044278716 27.835714285714289 2.5500000000000007 0.035393179717855543 6.9138741308374412 0.60632437607867951 1.0000000180025095e-35 7.2211992768229116 7.3322409088902685 7.1944698837610011 -0.00089795902385690705 7.3322409088902685 50.500000000000007 -0.43078291609245384 0 5784.8078958333344 1.9046994254296068 0.14138539285598831 0.14450460632992171 2.5000000000000004 5.5000000000000009 220.642908117752 80.15000000000002 -0.09531017980432431 -0.39452599673621597 7.4268393739959651 -0.208991073731537 -0.17523829694081614 -1.0000000180025095e-35 1 -0.089612158689686514 -0.0090507446116534981 112.909039408867 7.3224565276078843 30.021428571428572 2 -0.66459600019872733 0.84741329384033093 28.978571428571435 3 9.0593795603715197 0.095310179804325226 -0.24971379341305069 0.22314355131420979 0.075402683666899881 8.6843418448827361 1.90746285145646 0.2232382090202297 4 -0.051292652940192689 5 6 0.070264787696989364 34.500000000000007 0.05695908718138578 0.070680897427835135 0.080043476903714175 0.68400541116963021
decision_type=8 2 10 8 10 2 2 2 2 2 2 2 2 2 10 2 2 2 1 2 2 2 8 2 2 2 2 2 2 2 2 2 2 1 2 10 2 2 2 1 2 2 2 1 2 2 2 2 8 2 2 8 1 2 1 1 8 2 10 8 2 2
left_child=-1 11 -3 4 5 6 -4 10 9 -5 -8 12 17 14 -14 16 -13 -2 20 23 21 -19 -23 -20 25 -25 28 -28 -26 30 31 -17 -33 34 -32 -36 37 -31 -38 -40 -41 -42 -39 -44 45 46 47 48 49 -45 54 52 53 -46 -48 56 57 -50 -47 -60 -56 -62
right_child=1 2 3 8 -6 -7 7 -9 -10 -11 -12 15 13 -15 -16 29 -18 18 19 -21 -22 22 -24 24 26 -27 27 -29 -30 36 33 32 -34 -35 35 -37 38 42 39 40 41 -43 43 44 51 58 50 -49 55 -51 -52 -53 -54 -55 60 -57 -58 -59 59 -61 61 -63
leaf_value=-0.00025182361036833176 -0.00029728259694635807 0.0011967920924263872 -0.0013099900905264379 -0.00026884143293685111 0.0014602016679380585 -0.00068108456153559557 0.0018563535439808715 -0.0014103384450748324 -0.0013920110608215104 0.0015273578806042018 0.0061195674907205469 -0.00087199892568787522 -0.0002200783712075306 0.0044883372987813341 0.0018355212370471498 -0.00076847763815494333 0.0020791916347073056 0.00048582087046743244 -0.0023678647134845066 0.00086151285213045966 0.0078480678795833179 0.00018963664640167435 -0.00035856627635823853 0.005898287904803963 0.0026160054323545686 -0.00028347864656982219 0.0019448695790973088 9.6160123995304598e-05 -0.00020227848906054764 0.0026354381467093174 0.0039728842663202604 0.0024850931256112348 0.00047691409525162727 -0.00016528812031034299 -0.00048646100729360137 0.0015925546929383477 -0.00053928659090647028 5.7207875860912622e-05 -0.00022199554170093845 0.0017025743920916292 2.3401894715175976e-05 0.0013019128343891785 -0.00034619740341061277 0.00080813500845168008 -1.9075253195488896e-06 -0.0010231054895499902 -0.001472351267400333 0.0042702008998504633 -0.00063362388230940809 0.0018938903467830331 0.003420877657989871 -0.0010009688972589051 -0.00090452466687202893 0.0025452175652119647 -5.830174287449263e-05 -0.00026747532627428877 -0.00018908024977614372 0.0032425106517404781 0.0036505980270869799 -0.00057669168418272604 9.0160022588775445e-05 0.0016369367605485912
leaf_weight=780 1363 40 79 304 335 1183 76 64 1874 49 53 1646 145 66 69 46 54 1456 140 69 44 550 580 44 49 55 45 112 2281 45 41 75 121 510 97 46 2437 5302 486 67 497 67 2725 133 59 821 413 74 71 41 104 468 227 63 1959 507 189 142 51 186 846 175
leaf_count=780 1363 40 79 304 335 1183 76 64 1874 49 53 1646 145 66 69 46 54 1456 140 69 44 550 580 44 49 55 45 112 2281 45 41 75 121 510 97 46 2437 5302 486 67 497 67 2725 133 59 821 413 74 71 41 104 468 227 63 1959 507 189 142 51 186 846 175
internal_value=-0.000390863 -0.000344018 -0.00112987 -0.00120334 -0.000418762 -0.00097871 0.00216117 0.00404639 -0.00183348 0.000381355 0.00657692 -0.000229542 0.000185315 0.00338078 0.00130232 -0.000370576 -0.00155791 5.30258e-05 0.000327127 -0.000294014 0.000984474 0.000858136 -0.000265253 -0.000451046 -0.000243527 0.00405 -0.000415998 0.00294304 -0.000643502 -0.000264772 0.00108858 0.00407407 0.00568528 4.31643e-05 0.00271795 0.000243054 -0.000334601 -0.000178401 -0.000976091 0.000237029 0.00154984 0.000849556 -0.000204714 -0.000488386 -0.000175078 3.32563e-05 0.000403866 0.00174007 0.0013238 0.00502857 -3.85947e-05 -0.00163203 0.000442856 0.00481203 -0.000195935 0.000609889 0.00239709 0.00483645 -0.00159585 0.00111344 0.000133733 0.00131605
internal_weight=32696 31916 4057 4017 1790 1455 272 193 2227 353 129 27859 7068 280 214 20791 1700 6788 5425 2795 2630 2586 1130 2726 2586 99 2487 157 2330 19091 936 242 196 694 184 143 18155 14601 3554 1117 631 564 14556 9254 6529 5712 4654 1157 1083 174 3497 817 349 122 3393 909 402 213 1058 237 2980 1021
internal_count=32696 31916 4057 4017 1790 1455 272 193 2227 353 129 27859 7068 280 214 20791 1700 6788 5425 2795 2630 2586 1130 2726 2586 99 2487 157 2330 19091 936 242 196 694 184 143 18155 14601 3554 1117 631 564 14556 9254 6529 5712 4654 1157 1083 174 3497 817 349 122 3393 909 402 213 1058 237 2980 1021
cat_boundaries=0 1 2 3 4 5 6 7
cat_threshold=1817 296 2716 4 2569 2497 1235
is_linear=0
shrinkage=0.05


Tree=119
num_leaves=63
num_cat=6
split_feature=8 2 35 35 22 16 35 37 6 2 4 22 25 9 14 9 41 27 27 13 22 22 18 22 27 6 14 11 27 13 25 14 14 31 18 18 8 17 25 21 27 22 25 16 38 23 5 29 9 0 10 13 27 9 2 10 13 38 17 18 30 23
split_gain=0.963947 0.845141 0.809504 0.823524 2.3902 2.11879 1.75294 1.14278 1.49156 0.753754 1.0043 0.745956 1.25728 0.783834 1.03143 1.12265 0.991796 0.989496 1.11337 0.769907 0.776479 0.731022 0.690251 0.655684 1.01865 0.93742 0.622205 0.613489 0.701517 0.612023 1.11849 0.88005 1.17195 1.12149 1.24535 1.39893 1.26394 0.815345 0.908769 0.839667 0.878438 0.941067 0.93546 0.955097 1.03989 1.29357 1.68932 1.28699 0.904174 0.880514 0.834976 0.795819 0.859528 0.783932 0.7788 1.25903 1.87348 1.33576 1.29744 2.15426 1.27341 2.00287
threshold=1.0000000180025095e-35 0.27606595276855211 0.47885357402433776 0.0015449892676478547 -0.3362637233372438 -1.0022716762827852 7.5887450616189974e-08 4.5000000000000009 7.0329769813310241 -0.12713859146229242 -0.5894037969570175 0.2232382090202297 0 0.44023679812838251 -0.36496159298393488 0.17441969411760877 84.385526315789491 42.500000000000007 59.500000000000007 1.294119723171179 -0.13340265693842412 -0.26225999861005594 -0.033268059416225342 -0.13975807762592288 14.500000000000002 7.79190378230125 0.22311802092027014 69.500000000000014 33.500000000000007 0.64285755284308865 1 -0.4700036292457353 -0.40546510810816444 126.15000000000003 -0.20142999364414954 -0.90470559704077524 0.14431081288533726 0.16872588624841392 2 5012.5000000000009 12.500000000000002 -0.83954177274236363 3 -0.5400034932578498 4 -0.14012998019385756 7.7912484184019002 1.0000000180025095e-35 0.25528033990991811 -0.040821708805887529 0.12777943163891517 1.1400285812050519 56.500000000000007 0.050987988167873317 -0.18151110038786064 0.03314595003186583 0.5238110544272353 5 0.25614493654181453 -0.84271862770237138 36.100000000000001 0.18232155679395481
decision_type=8 2 2 2 8 2 2 10 2 2 2 8 1 10 2 8 2 2 2 2 10 8 8 8 2 2 2 2 2 2 1 2 2 2 8 10 8 2 1 10 2 8 1 2 1 10 2 2 10 2 2 2 2 10 2 2 2 1 2 8 2 8
left_child=21 2 3 6 -5 -6 29 -7 -9 10 -4 12 -3 14 -14 17 22 26 -19 -17 -21 -1 -15 24 -10 -26 -16 -25 -29 30 53 -31 33 34 35 -33 -36 38 51 40 42 -42 43 -40 48 47 -47 49 -45 -46 -51 52 -34 -2 -32 60 -57 58 59 -58 -56 -62
right_child=1 11 9 4 5 7 -8 8 23 -11 -12 -13 13 16 15 19 -18 18 -20 20 -22 -23 -24 27 25 -27 -28 28 -30 31 54 32 37 -35 36 -37 -38 -39 39 -41 41 -43 -44 44 45 46 -48 -49 -50 50 -52 -53 -54 -55 55 56 57 -59 -60 -61 61 -63
leaf_value=0.0036294525668991474 -0.0011772327398240192 -0.00081516789476312318 -0.0029404246461314371 0.0020339366780652546 0.0013123073204470998 0.00089893251789572757 -0.0013750655002030313 0.0029480738613474294 -0.0004582786551741318 -0.0011840135103534516 0.00063048742120365333 -0.0010397200806101954 -0.0007887123201224483 0.012413064800671213 -6.7382109907295233e-05 -0.00037361932575694995 -0.0024744328580054366 0.0027825394210345003 0.00039960815149429934 0.0052498200030058791 -0.00065754067032046642 -0.00023653267319908764 0.0011777241303715959 -0.0011433344490469255 5.3763339691508592e-05 0.00094934591190787049 0.0014836684167621708 -0.00043094196828830024 0.00034990700920705791 -0.00021219318661672907 -0.000396795708283053 0.001198178539459156 -1.7883804464152534e-05 -0.0009351752291339179 0.0020820681185795479 0.0050220080980356479 -0.0015866970308299169 -5.7680298027554272e-05 -0.00026732470563156673 -0.00041073200630586189 0.0071336943700922688 0.00011563351617761855 -0.00017143195260116954 -0.0014882726566882902 0.0012602236858697395 0.004187305969912204 0.0029751112157723174 9.4691980858608628e-05 0.0063896155106779933 0.0057543221050504779 0.0015776150320819346 -0.00079718466124336631 0.0041951440357054495 -0.0002032202107093561 7.6332967037113676e-05 -0.00047875765955111908 -0.0012278430688923154 -2.0045928449223944e-05 -0.0005003379069117176 0.002569917617110765 6.2121081160489123e-06 0.0015144750426941142
leaf_weight=43 185 583 41 54 72 43 448 46 49 299 40 1832 212 40 101 428 53 42 61 49 40 742 48 342 89 40 45 47 40 2443 1117 47 865 89 56 60 78 5879 92 612 46 2763 198 64 44 46 44 98 40 50 40 379 52 5086 2620 2066 43 716 118 171 287 256
leaf_count=43 185 583 41 54 72 43 448 46 49 299 40 1832 212 40 101 428 53 42 61 49 40 742 48 342 89 40 45 47 40 2443 1117 47 865 89 56 60 78 5879 92 612 46 2763 198 64 44 46 44 98 40 50 40 379 52 5086 2620 2066 43 716 118 171 287 256
internal_value=-0.000337562 -0.000294975 -0.000204219 -0.000173086 0.00138517 0.000663198 -0.00022023 -0.000186515 -0.00071101 -0.00249344 0.00176829 -0.00102405 -0.000270113 0.000712388 0.000214503 0.0010691 0.00419014 0.00382 0.00754808 -0.000260619 0.00394444 -0.00206743 0.00741573 -0.00137336 0.00117318 0.0035 0.00115646 -0.00243023 0.00130682 -0.000168219 -0.000420418 5.85676e-05 0.000239628 0.0031722 0.00493802 0.00893518 0.0017037 0.000153804 0.000595325 0.000955881 0.00125496 0.000855871 0.00281729 0.00389414 0.00496487 0.00627628 0.0115385 0.00446352 0.000260868 0.00762963 0.0104396 -0.000558532 0.000234204 -0.000975957 -2.29587e-05 0.000193532 -0.000520065 0.00120114 0.00376093 0.00618605 0.000896017 0.00309743
internal_weight=32719 31934 28400 28020 822 768 27198 696 653 380 81 3534 1702 1119 978 766 141 249 103 517 89 785 88 607 178 129 146 429 87 26750 12665 14085 11642 330 241 107 134 11312 5433 4137 3525 2809 716 518 426 322 90 232 104 134 90 1296 917 5271 7394 6277 3114 1048 332 214 3163 543
internal_count=32719 31934 28400 28020 822 768 27198 696 653 380 81 3534 1702 1119 978 766 141 249 103 517 89 785 88 607 178 129 146 429 87 26750 12665 14085 11642 330 241 107 134 11312 5433 4137 3525 2809 716 518 426 322 90 232 104 134 90 1296 917 5271 7394 6277 3114 1048 332 214 3163 543
cat_boundaries=0 1 2 3 4 5 6
cat_threshold=1550 1362 2053 930 4 5
is_linear=0
shrinkage=0.05


Tree=120
num_leaves=63
num_cat=7
split_feature=3 23 10 42 31 39 25 6 2 3 6 14 21 14 22 16 33 39 22 25 27 35 2 12 23 22 20 12 27 10 0 22 39 10 0 22 3 2 16 31 26 30 4 22 6 33 27 10 33 2 30 2 2 18 20 25 4 23 14 39 31 6
split_gain=0.716468 0.945503 1.64853 1.2697 0.913267 0.96622 0.804383 0.963786 1.12587 1.92904 1.89015 1.16066 1.57004 1.53103 1.09033 0.819314 0.817784 0.652475 0.995499 1.01409 0.919205 1.07526 1.62623 1.30279 0.939736 0.929372 0.825614 1.26178 0.974555 1.99163 0.766029 0.742866 1.51641 0.935095 1.08587 0.772739 0.911547 0.700006 0.662929 0.781328 0.942688 0.883435 0.765432 0.763721 0.657666 1.10692 1.04136 1.09475 1.05548 0.76647 1.44173 1.31674 0.784613 0.668629 1.20654 0.643967 1.30006 1.3598 1.38393 1.24544 2.29303 1.43223
threshold=0.27792433540009936 -2.0780634976288455 0.22115411471681859 0.87596153846153857 188.85000000000005 0 1 8.33789838917669 0.25920056322334922 0.38728934419178357 8.0346932160449729 0.1824123915657552 2333.6950000000002 -0.15906469462968761 0.12288611723684427 0.068129176668396699 28.26428571428572 2 -0.13544664125560715 3 56.500000000000007 0.0021605601656800736 -0.068992871486951199 48.500000000000007 0.80069236958610956 -0.20120113678283166 0.17923709774704241 28.500000000000004 31.500000000000004 0.12777943163891517 -1.010708850781729 0.39352889000492358 4 -0.10987160581647702 -0.074107972153722099 0.37461525542541957 -0.024101819885500305 -0.034410825301905749 0.057537173150834293 277.15000000000003 28.500000000000004 21.750000000000004 0.032788209917163254 0.18185728887736022 7.0417015658163384 28.421428571428574 21.500000000000004 0.014863879506086699 26.935714285714294 0.074107972153722126 1.0000000180025095e-35 0.17435363714471477 -0.037612381010890143 -0.55560743673019575 0.011100063902489665 5 -0.021053409197831826 -0.48480576804294356 0.051558498109684166 6 210.00000000000003 8.1880759970811567
decision_type=2 8 2 2 2 1 1 2 2 2 2 2 10 2 8 2 2 1 8 1 2 2 2 2 10 10 10 2 2 2 2 10 1 2 2 10 2 2 2 2 2 2 2 10 2 2 2 2 2 2 2 2 2 8 10 1 2 8 2 1 2 2
left_child=1 2 3 -1 5 6 15 8 9 -8 11 12 13 -11 16 -2 -10 18 19 -3 21 24 -23 -24 25 -21 44 -28 29 -29 -19 35 33 34 -33 38 -37 -30 55 -40 42 -42 -41 -43 45 46 -20 48 -48 52 51 -51 53 54 -46 56 57 58 -32 60 -58 -62
right_child=4 17 -4 -5 -6 -7 7 -9 14 10 -12 -13 -14 -15 -16 -17 -18 30 26 20 -22 22 23 -25 -26 -27 27 28 37 -31 31 32 -34 -35 -36 36 -38 -39 39 40 41 43 -44 -45 49 -47 47 -49 -50 50 -52 -53 -54 -55 -56 -57 59 -59 -60 -61 61 -63
leaf_value=0.0023234821129382221 -0.0019841475572463236 -0.00037202885651141816 0.0045603751374411047 -0.00012237009095085634 -0.00078873902410992532 -0.00045701772912607472 -0.00015511187107404692 -0.0008966284891032772 0.0041064402397504376 0.00063336967426900299 0.0050061219810091043 -0.0018976264645551755 -0.00061728391242849077 0.0050925089130537957 -0.0017027472029312578 0.00016989492369070847 6.6868491592874559e-05 0.010748802675187151 -0.00029719481703494879 -0.00010715033285395005 -0.00053799928196418014 0.0019187669163406506 0.0013740348885316941 -0.00052875767159707464 0.0017880205666945339 0.0022623887066995775 -0.0021370116798677704 0.005033388366071527 -0.002498935816042663 -0.0004867906586257405 0.00085542499370910212 0.0033387102029369059 -0.0011887435342708354 -6.8676161327640609e-05 -5.4060523521244328e-05 -0.0007887862587913953 0.0018899253425225596 0.0021024672612605533 -0.00017044735445139792 0.0015835618293913384 0.0010534238120302607 -0.00026739431583277016 0.0020839020377672463 0.001599975978624935 -0.00028148459001315701 -0.00041445912883631162 0.0017768881962288347 -0.00084416274121389329 0.0040449818836908614 0.0031741239555672894 -0.00050277615964213005 -0.00070380431789974997 -0.00039799566532424118 -0.00080782402096598704 0.0012693822664573392 -5.3033571326657044e-05 3.2790523653696579e-05 0.0002835466053257816 0.0057274006496031062 -0.00027204167497452326 0.0041435973792765327 0.00095176444817110279
leaf_weight=58 381 329 43 432 1194 1652 196 323 54 41 79 59 52 54 244 296 157 77 89 241 171 43 47 49 41 47 87 54 43 47 144 49 823 543 59 46 73 59 8262 40 77 430 40 40 115 717 42 53 40 67 316 55 884 627 70 8220 852 1497 63 1532 92 72
leaf_count=58 381 329 43 432 1194 1652 196 323 54 41 79 59 52 54 244 296 157 77 89 241 171 43 47 49 41 47 87 54 43 47 144 49 823 543 59 46 73 59 8262 40 77 430 40 40 115 717 42 53 40 67 316 55 884 627 70 8220 852 1497 63 1532 92 72
internal_value=-0.000429775 -0.000332821 0.00175094 0.000916496 -0.000995192 -0.000596268 0.000164354 0.000909448 0.00172892 0.00341286 0.00603147 0.00347826 0.00584459 0.00963542 -5.48258e-05 -0.00121366 0.00257075 -0.000373471 -0.000935775 0.000474715 0.00162308 0.00279318 0.00646428 0.0027835 0.00122727 0.000207611 -0.00134433 0.00120275 0.00335784 0.00681372 -0.000267122 -0.000284035 -0.00136949 0.000445618 0.0046789 -0.000209489 0.00379167 -9.70886e-05 -0.000231955 -0.000561868 0.00113853 0.000392335 0.00617284 -0.00042463 -0.00158485 -0.000483016 0.00257778 0.00533088 0.00891566 -0.00207026 -0.000205013 0.00439024 -0.00255156 -0.00142682 0.00120968 3.20573e-06 0.000501993 0.00157185 0.00536058 -0.000211849 0.00113924 0.00654545
internal_weight=32679 27897 533 490 4782 3588 1936 1259 936 481 285 206 147 95 455 677 211 27364 4333 968 639 468 139 96 329 288 3365 290 203 101 23031 22954 1474 651 108 21480 119 102 21361 8889 627 547 80 470 3075 941 224 135 82 2134 438 122 1696 812 185 12472 4252 1704 207 2548 1016 164
internal_count=32679 27897 533 490 4782 3588 1936 1259 936 481 285 206 147 95 455 677 211 27364 4333 968 639 468 139 96 329 288 3365 290 203 101 23031 22954 1474 651 108 21480 119 102 21361 8889 627 547 80 470 3075 941 224 135 82 2134 438 122 1696 812 185 12472 4252 1704 207 2548 1016 164
cat_boundaries=0 1 2 3 4 5 6 7
cat_threshold=3784 30 194 900 304 1584 5664
is_linear=0
shrinkage=0.05


Tree=121
num_leaves=63
num_cat=8
split_feature=24 20 39 19 14 13 39 9 3 14 7 4 14 4 3 9 39 0 23 25 41 9 15 25 15 9 42 9 17 9 3 23 0 3 30 25 23 39 20 21 0 14 21 23 16 15 23 23 23 10 18 18 13 23 27 30 27 18 18 16 23 31
split_gain=1.05202 1.33118 1.17495 1.06262 0.915432 0.99214 1.19873 1.9466 1.23442 1.74598 1.11141 0.948202 0.978739 1.01159 0.935831 0.918889 0.901604 0.936369 1.23968 0.849102 0.825453 1.42535 1.9045 0.880537 1.61697 1.33969 1.16877 0.974622 1.27398 1.25894 1.01613 1.12264 0.941184 0.9264 0.834976 0.811524 1.12829 1.29374 1.02561 1.511 0.835815 0.902882 0.926327 1.0468 0.817436 0.892509 0.792117 0.781308 0.75185 0.745637 0.738812 0.723132 1.07321 1.04227 0.985434 0.87594 0.995417 0.842746 1.17044 0.74381 0.708727 2.17249
threshold=0 0.0088548501503879582 1 0.058742608466136104 -0.02728821950857396 1.5750028125100448 2 0.02546646264633946 -0.48835435882152461 0.13976194237515907 8.0562590570229577 -0.17994166983324431 0.033711079066432344 0.12873054446643997 -0.62973219663503766 0.048332483987553451 3 -0.096732751468316711 0.53899650073268734 4 32.425211528291918 0.095217492168867615 -0.2776317365982795 5 -0.25782910930209973 0.1474300155617749 0.93798076923076934 0.20158464675051971 0.41168097340516191 0.22759359022910011 0.24116225162239904 0.042628258328015763 0.10536051565782635 -1.0000000180025095e-35 3.1500000000000008 6 -0.84724786952932563 7 -0.011072669815829069 2600.8350000000005 -0.405465108108165 0.1824123915657552 4997.8150000000014 0.39373932364686542 -0.1488229311862401 0.011201182157269509 -0.1335313926245226 0.91629073187415533 -0.36290549368936836 -0.23209443928250725 0.50521441144834511 0.54502889283058675 1.1563301282051286 0.15415067982725841 6.5000000000000009 57.250000000000014 4.5000000000000009 -1.3732583659828974 -1.7678318438007945 -0.075610787535590682 0.38441169891033217 321.45000000000005
decision_type=1 10 1 2 2 2 1 10 2 2 2 2 2 2 2 10 1 2 10 1 2 10 2 1 2 10 2 10 2 10 2 10 2 2 2 1 8 1 10 10 2 2 10 10 2 2 10 10 8 2 8 8 2 8 2 2 2 10 10 2 8 2
left_child=1 2 -1 16 -2 6 15 -8 9 14 11 46 -13 -14 -9 -6 17 18 -3 -12 23 22 -22 24 -19 33 -26 -27 29 -29 31 32 34 -25 -31 36 38 -38 39 -10 -37 42 43 -42 -45 -46 -7 51 -39 -21 -11 54 55 -54 -18 56 -53 58 -56 -58 -17 -62
right_child=4 3 -4 -5 5 10 7 8 35 50 19 12 13 -15 -16 60 47 20 -20 49 21 -23 -24 25 26 27 -28 28 -30 30 -32 -33 -34 -35 -36 40 37 48 -40 -41 41 -43 -44 44 45 -47 -48 -49 -50 -51 -52 52 53 -55 57 -57 59 -59 -60 -61 61 -63
leaf_value=-0.00041190953695440695 -0.00024197471867580495 -0.00016562902556149569 -8.0997669282287574e-05 -0.00021229246135248995 -0.00034961299298052383 -0.0020901285675031063 0.00046430984094486939 0.0033038745333090948 0.003777222885277313 0.0010074124694465982 -0.00096535311581973635 0.0029783943199447318 0.001410194046908527 -0.00045071664333570067 0.0045189491776523724 -0.00043429429114371255 -0.00081936098204739803 -0.0011304495532549251 0.002392202454104801 0.0056417256304926791 0.0017763723118601482 -0.00022852793960695573 0.00033200487562195597 3.6387777902100404e-05 0.0067572915789956807 -0.00090550289001877177 0.0027705015764616287 0.0064654858659163308 -0.0022548783903950037 0.003541181893587781 -0.00010273394167240995 6.5591941050066461e-05 0.0039007218228994029 0.0027556292579297365 0.011045985436727593 0.0039012445532876847 -0.0007494015352726487 -0.00081083571875902993 0.00075678879412042566 0.001243884778175756 2.1606393566053041e-05 -0.00057979751047166793 -0.00099265726112297836 -0.00076166732327145187 0.0035374330944567111 0.00081727949895317909 0.0022613227931868188 -0.0019162059199103257 0.00022714670294754122 0.00029113691274208525 -0.002301012647742305 0.0027976140788514344 0.0089697018668882418 0.0011112921348114585 -0.00015621309781932788 0.0017814159855479962 0.0005332638903141815 -3.6776914582081836e-05 0.0035664345811006679 -0.00095803870631177624 -0.00012201793418912591 0.0019419228636616496
leaf_weight=284 7626 488 6663 1486 168 54 61 74 47 65 227 49 54 66 67 3121 198 41 60 42 63 453 140 41 56 150 51 45 72 40 134 109 71 81 50 46 709 222 145 53 975 1333 370 40 50 43 45 121 1778 235 62 45 42 45 87 60 83 1084 59 281 2084 88
leaf_count=284 7626 488 6663 1486 168 54 61 74 47 65 227 49 54 66 67 3121 198 41 60 42 63 453 140 41 56 150 51 45 72 40 134 109 71 81 50 46 709 222 145 53 975 1333 370 40 50 43 45 121 1778 235 62 45 42 45 87 60 83 1084 59 281 2084 88
internal_value=-0.000428664 -7.20825e-05 -0.000537566 0.000491545 -0.000654424 -0.000389124 -0.000504656 -2.43875e-05 -0.00011431 0.00319702 0.00134541 0.00394052 0.00620588 0.00371901 0.00700704 -0.00104258 0.000893906 0.00161178 -0.000163936 -3.96052e-05 0.00223091 0.000867579 0.00433823 0.0031794 0.00666667 0.00240672 0.0103241 0.00155506 0.00257663 0.00356667 0.00266667 0.00442804 0.0070679 0.00723577 0.0104396 -0.000267551 0.000313658 2.0294e-05 0.00355691 0.00742574 -0.000866459 -0.000979731 -0.000128466 0.00059513 0.0047388 0.00728723 4.99988e-05 0.00015359 0.000671307 0.00178819 -0.00105469 0.000392946 0.001921 0.00698864 -0.00020294 0.000968084 0.000134145 0.000324938 0.00387755 -0.000739727 -0.000928411 -0.0002347
internal_weight=32682 12683 6947 5736 19999 12373 11601 6140 6079 268 772 268 169 120 141 5461 4250 2145 548 504 1597 656 203 941 148 793 107 671 521 449 404 270 161 122 90 5811 2954 2709 245 100 2857 2811 1478 1108 133 93 99 2105 2000 277 127 1984 556 87 1428 469 409 1230 146 364 5293 2172
internal_count=32682 12683 6947 5736 19999 12373 11601 6140 6079 268 772 268 169 120 141 5461 4250 2145 548 504 1597 656 203 941 148 793 107 671 521 449 404 270 161 122 90 5811 2954 2709 245 100 2857 2811 1478 1108 133 93 99 2105 2000 277 127 1984 556 87 1428 469 409 1230 146 364 5293 2172
cat_boundaries=0 1 2 3 4 5 6 7 8
cat_threshold=17 128 5506 1970 1673 2049 1237 2128
is_linear=0
shrinkage=0.05


Tree=122
num_leaves=63
num_cat=4
split_feature=10 11 31 31 12 39 33 13 21 30 15 16 17 20 16 9 13 10 30 33 17 17 1 9 5 10 39 15 20 21 31 26 17 26 26 33 39 30 30 29 15 41 4 31 9 20 41 39 10 27 20 31 42 13 16 14 14 30 31 33 26 12
split_gain=0.855647 0.80838 1.47317 1.1273 0.954922 0.842712 0.971817 1.59833 1.58918 1.10202 1.31198 0.965851 1.26611 1.2475 1.04452 0.954 1.91374 0.931626 0.883134 0.881723 0.821328 2.10193 0.790243 0.709599 1.09648 1.35721 0.683468 0.68033 0.761137 0.665559 0.616753 0.764339 0.902171 1.12625 1.06304 0.614701 0.582681 1.46802 0.577938 0.577361 0.910777 0.709539 0.708624 0.571142 0.564001 1.01393 1.17223 0.991055 0.889075 0.784908 0.774817 0.801709 0.770164 1.21476 0.757026 0.784806 0.871907 0.773019 1.3269 1.13512 2.35301 0.847635
threshold=0.40522010576309292 6.5000000000000009 357.30000000000013 243.60000000000005 77.500000000000014 0 37.078571428571436 1.146778184534625 1200.5000000000002 59.650000000000006 0.2513144282809065 0.46809202451286241 0.86029143474939673 -0.10573499685722511 -1.587340572934653 0.074305667559293395 1.13043483931952 0.1627366431721651 65.15000000000002 28.078571428571436 0.44650156013273318 0.15492088647399563 0.010696778477136794 0.02546646264633946 7.8541452459580112 -1.0000000180025095e-35 1 -0.34292485676588441 0.17097682990493621 6006.2500000000009 213.95000000000002 23.500000000000004 0.22187183328433438 39.500000000000007 38.500000000000007 30.921428571428574 2 64.650000000000006 10.550000000000002 1.0000000180025095e-35 0.87959364771603721 2.9694988479262681 0.69543067996664976 65.800000000000026 0.28210449467552562 0.22925039390245142 6.6467213114754111 3 -0.93835219657335311 54.500000000000007 0.42560807189687994 366.15000000000015 0.73385416666666681 0.88888911111111113 -0.92650154723438682 0.024702783564446443 -0.44171146665079147 10.750000000000002 48.800000000000011 30.192857142857147 27.500000000000004 86.500000000000014
decision_type=2 2 2 2 2 1 2 2 10 2 2 2 2 8 2 8 2 2 2 2 2 2 2 10 2 2 1 2 10 10 2 2 2 2 2 2 1 2 2 2 2 2 2 2 10 10 2 1 2 2 8 2 2 2 2 2 2 2 2 2 2 2
left_child=1 2 3 5 -4 15 9 8 -8 11 18 13 19 17 -15 16 -1 -7 -11 -13 21 -21 -10 24 -3 -26 27 -2 29 30 31 -29 34 -34 -33 -22 37 -5 -17 40 42 -41 -16 -36 45 -25 -47 49 -49 -46 51 52 53 -50 -54 56 -56 61 -59 60 -60 -58
right_child=26 23 4 36 -6 6 7 -9 22 10 -12 12 -14 14 39 38 -18 -19 -20 20 35 -23 -24 44 25 -27 -28 28 -30 -31 -32 32 33 -35 43 -37 -38 -39 -40 41 -42 -43 -44 -45 47 46 -48 48 50 -51 -52 -53 54 -55 55 -57 57 58 59 -61 -62 -63
leaf_value=-0.00042652414221457428 -0.0015343551603320352 -0.00027403571093025694 0.0033268716811926031 -0.0031726020965381929 0.0010888602919109176 0.0026441696065403007 -0.00059755645805546201 0.0053367549412884933 0.0019669382279160711 0.0026065621603413042 0.0073621587623146486 -0.0026508926710446072 -0.00083486945172644175 0.0041883841710053963 -0.00015895813339853758 -0.00077971520165131831 0.0028974016829440316 -4.7529258263443444e-06 -0.00024164351895630435 0.0030538898539523404 0.006174495700344204 -0.00084421621105540661 0.00045377492607694885 -0.0001218340820432384 -8.779345826493974e-05 0.00022787541948799208 -0.0023069640307596139 -0.0002675724800679808 0.0026786774153938582 -0.0013990539853731756 -0.0012398465226926348 0.0052032555694244663 7.120708666512386e-05 0.0029399655763017924 0.0010523668033139289 0.0022760483510059458 -0.0014997137275837014 0.0027938180182428608 -1.0770237162840817e-05 0.0031475805472382643 0.0014911779035505707 -0.0014059893351160365 0.0020190042362577226 -0.0014937614826483947 -0.0015134260058157303 -0.0001367560343959595 0.0029251561964631608 0.01280705422636521 0.012574541793100283 0.00028678283378747788 -0.0010811479973315884 0.00124268342440983 -0.00078483909701710253 -0.00060553426303193805 -0.00020525591687377403 -0.0001372326084259868 0.00030981348479361946 0.012991215966223595 0.0060871248615907477 -0.0016120992883480565 0.0011506067908981664 0.0058506570342769064
leaf_weight=82 260 265 40 53 56 40 97 42 75 42 40 41 67 67 810 372 41 45 94 55 50 78 87 21647 77 52 681 188 43 103 118 75 40 41 49 42 369 61 290 40 68 355 72 68 770 46 40 44 54 175 87 70 426 51 605 1548 855 58 59 79 317 43
leaf_count=82 260 265 40 53 56 40 97 42 75 42 40 41 67 67 810 372 41 45 94 55 50 78 87 21647 77 52 681 188 43 103 118 75 40 41 49 42 369 61 290 40 68 355 72 68 770 46 40 44 54 175 87 70 426 51 605 1548 855 58 59 79 317 43
internal_value=-0.000444109 -0.000384827 0.000311818 0.000146811 0.00639175 0.000497897 0.000977134 0.00362583 0.00213461 0.000582958 0.00435028 0.000218459 0.0026497 -0.000323766 -0.000679407 -0.000910805 0.00310484 0.00552325 0.0019708 0.00419476 0.00542035 0.00287313 0.00515337 -0.00047828 -0.00258228 0.00119231 -0.00154769 -0.000677712 0.000103305 -0.000307468 0.000353447 0.00117965 0.00286496 0.0072561 0.000984455 0.00903226 -0.00209711 0.00104 -0.00167421 -0.000984399 -0.000315459 -0.00258839 -0.000747453 -0.00199153 -0.000447453 -0.000559723 0.00482759 1.81217e-05 0.000341304 -0.00143829 0.000268045 0.000366057 0.000274657 0.00448113 0.000162865 0.000401121 0.00105106 0.00173159 0.00327821 0.00235745 0.00350133 0.000845383
internal_weight=32705 31039 3671 3575 96 3092 2307 301 259 2006 176 1830 333 1497 1412 785 123 85 136 266 225 133 162 27368 394 129 1666 985 725 682 579 461 273 81 192 92 483 114 662 1345 950 395 882 117 26974 21733 86 5241 4296 945 4252 4165 4095 105 3990 3564 2016 1411 513 455 376 898
internal_count=32705 31039 3671 3575 96 3092 2307 301 259 2006 176 1830 333 1497 1412 785 123 85 136 266 225 133 162 27368 394 129 1666 985 725 682 579 461 273 81 192 92 483 114 662 1345 950 395 882 117 26974 21733 86 5241 4296 945 4252 4165 4095 105 3990 3564 2016 1411 513 455 376 898
cat_boundaries=0 1 2 3 4
cat_threshold=170 3592 137 2150
is_linear=0
shrinkage=0.05


Tree=123
num_leaves=63
num_cat=11
split_feature=8 0 24 33 25 7 16 19 0 13 39 5 1 35 39 25 16 24 25 27 13 3 33 4 3 19 23 41 3 25 41 2 27 3 30 9 9 30 7 16 11 11 19 37 41 39 30 27 33 27 12 23 19 19 39 39 8 33 23 2 19 8
split_gain=1.32656 0.582845 0.929089 0.882417 0.882957 0.940241 1.29539 1.23343 1.04655 0.861497 0.832607 1.4907 0.774249 0.744875 0.740721 1.16577 1.19478 0.683873 0.886939 0.858375 1.91398 4.03045 0.995269 0.796506 1.03616 0.997404 0.944992 1.36592 1.24504 0.902552 1.07518 1.04286 0.825638 0.797242 1.87538 1.06675 1.90519 0.832488 0.778341 0.775605 0.912048 1.36287 0.987488 0.774471 1.39686 1.10411 0.788861 0.762743 0.77234 0.760758 0.740905 1.36059 0.738709 0.968756 1.32777 1.24091 1.22002 0.734978 2.01811 0.957044 0.734797 0.862205
threshold=1.0000000180025095e-35 0.14310122825620655 0 26.864285714285721 1 6.9138741308374412 0.58826088112231834 -0.21644671803717383 0.3746990711431249 1.1666670833333337 2 7.4843858977679227 0.14637938515217599 0.0022604238517606361 3 4 -0.080250999412976073 5 6 2.5000000000000004 0.90041574226244958 -0.080042411815460554 34.092857142857156 -0.42954697850809204 0.16551443847757288 -0.037827599046030599 -0.47189120941907831 76.844951923076934 -0.16705408466316604 7 4442.0645089285726 0.10536051565782635 33.500000000000007 -0.33784692176523728 0.8500000000000002 0.23931254943837832 0.15584835573963335 27.250000000000004 7.8430088710790615 1.0139299512974005 65.500000000000014 54.500000000000007 0.092953203051585206 54.500000000000007 2473.9509615384618 8 36.550000000000004 6.5000000000000009 26.428571428571434 37.500000000000007 8.5000000000000018 0.36646554422326677 2.7748510712386544e-16 -1.9498825307098993e-16 9 10 0.083510575314098209 27.87857142857143 -1.0000000180025095e-35 0.094352881734330221 -0.18505235660224342 0.12774845959026518
decision_type=8 2 1 2 1 2 2 2 2 2 1 2 2 2 1 1 2 1 1 2 2 2 2 2 2 2 8 2 2 1 2 2 2 2 2 10 10 2 2 2 2 2 2 10 2 1 2 2 2 2 2 8 2 2 1 1 10 2 8 2 2 8
left_child=-1 17 14 9 5 6 7 -5 -9 12 11 -7 -4 -6 15 16 -3 23 19 20 21 -19 -23 24 26 -26 27 28 38 30 33 -32 43 34 -25 36 -36 -37 -2 52 41 42 -41 45 -45 46 -31 -21 -49 -34 51 -47 53 54 57 56 -55 58 59 -35 61 -51
right_child=1 2 3 4 13 10 -8 8 -10 -11 -12 -13 -14 -15 -16 -17 -18 18 -20 47 -22 22 -24 29 25 -27 -28 -29 -30 32 31 -33 49 39 35 37 -38 -39 -40 40 -42 -43 -44 44 -46 50 -48 48 -50 60 -52 -53 -54 55 -56 -57 -58 -59 -60 -61 -62 -63
leaf_value=-0.0001945663009303111 0.0032099695437303195 -0.00069751031548864848 0.0012405548527957785 0.0051373024719202449 -0.00065917401699030695 0.00061903711592501472 0.0051691348054117379 -0.00076448809459160334 0.0039695260886861679 -0.0034187006283992213 -0.00074378543447812054 -1.4668791140954832e-05 0.00013271022355641909 0.00081605212327544394 -0.0017470981421081626 -0.0028751907378343038 0.0028041484308305182 0.0059128923030583799 -0.0002031662575525842 -0.0012079465186993559 -0.0010334309387126546 -0.00055107170560128767 0.0011435285397421795 -0.00033791847443951988 -0.00031679950637598779 0.0033583328076353066 -0.00053386946533125798 -0.0017075101964958658 0.0023882734983628404 -0.00057863079895471999 0.00037231620605669778 0.0042629714416690901 -0.0016009180940999932 0.0025941776348068881 4.9320700610504083e-05 -0.0018063202519923143 0.0082767044590002017 0.004523659667393147 -0.00079906674306538979 0.0034237643008809674 -0.00022437541623095822 0.0020449393083860393 0.00010287307795809425 -0.00042993174898939046 0.0012986937205645005 0.00011179497736746797 0.0010552994995341103 -0.0016388973421853428 5.6968055634598573e-05 -0.00019082859976193847 0.00013306680061091685 0.0063777375837965507 -0.00012091325092099192 0.0042919303765969665 -0.00013797173161290445 6.2178386269822985e-05 0.00035634031406595377 0.00027092007404020302 0.00026310363015470678 0.00043655103524974131 -0.00017428672334073904 0.0023606360794644812
leaf_weight=766 58 49 108 43 2155 82 60 193 63 57 802 586 272 45 741 173 67 77 7091 421 105 109 42 167 46 61 1779 82 60 675 153 57 380 56 41 54 59 67 65 88 169 40 207 42 42 106 132 90 2714 85 1724 59 2573 43 1266 157 64 1220 177 50 3428 118
leaf_count=766 58 49 108 43 2155 82 60 193 63 57 802 586 272 45 741 173 67 77 7091 421 105 109 42 167 46 61 1779 82 60 675 153 57 380 56 41 54 59 67 65 88 169 40 207 42 42 106 132 90 2714 85 1724 59 2573 43 1266 157 64 1220 177 50 3428 118
internal_value=-0.000396322 -0.000346743 -0.000814991 -0.000498103 -0.00073077 8.42379e-05 0.002375 0.00101667 -0.000311285 0.00163242 -0.000475868 0.000824741 0.00249344 -0.00140208 -0.00216138 1.66655e-05 0.00370079 -0.000248861 -0.000557693 8.68579e-05 0.0025 0.0050655 0.000296051 -3.83129e-05 -0.000931693 0.00384259 -0.00118338 0.00159774 0.00399456 0.000104073 0.000514956 0.00402843 -0.000302118 0.000401599 0.0025964 0.00560811 0.00940594 0.00241803 0.00108871 0.000261822 0.00213861 0.00364583 0.00244932 0.000359582 0.00505882 0.000211345 -0.00132641 -0.000162741 0.000135471 -0.000761467 0.000871051 0.00406626 9.274e-05 0.000621291 0.000344764 0.00350943 0.00733051 0.00134412 0.00364437 0.00906542 -0.000538272 0.00237745
internal_weight=32561 31795 5496 4466 4029 1829 359 299 256 437 1470 668 380 2200 1030 289 116 26299 10649 3558 333 228 151 15650 2151 107 2044 265 183 13499 6708 210 6791 6498 388 221 100 121 123 6110 504 335 295 2780 84 2696 807 3225 2804 4011 1889 165 5606 3033 2769 264 107 1503 283 106 3631 203
internal_count=32561 31795 5496 4466 4029 1829 359 299 256 437 1470 668 380 2200 1030 289 116 26299 10649 3558 333 228 151 15650 2151 107 2044 265 183 13499 6708 210 6791 6498 388 221 100 121 123 6110 504 335 295 2780 84 2696 807 3225 2804 4011 1889 165 5606 3033 2769 264 107 1503 283 106 3631 203
cat_boundaries=0 1 2 3 4 5 6 7 8 9 10 11
cat_threshold=2 2360 4317 424 1332 19 533 2858 4202 3843 5132
is_linear=0
shrinkage=0.05


Tree=124
num_leaves=63
num_cat=5
split_feature=8 41 16 17 39 27 4 41 9 25 25 22 41 10 42 9 31 11 41 19 12 5 9 41 10 1 33 27 19 25 39 27 18 5 19 6 31 22 15 42 23 15 22 11 11 1 31 4 15 12 12 12 20 22 10 33 41 41 44 17 16 19
split_gain=0.889469 0.984089 0.734228 1.1663 0.940918 1.39325 1.55232 2.84454 1.12688 1.29766 1.03434 1.1308 1.1268 0.906002 1.79049 0.982591 0.854626 1.27591 1.02469 0.843443 0.830101 1.0541 0.817113 0.815979 1.59135 1.09974 1.08338 1.64304 1.27938 1.15569 1.26602 1.6174 0.897356 1.07843 0.926932 0.882114 1.10718 2.3517 0.928767 0.868075 0.968359 1.23657 1.04381 0.914333 0.97674 0.815632 1.59548 0.807833 0.765945 1.41586 1.02806 0.950163 1.34145 0.74942 0.955524 1.48468 0.757304 1.24692 0.746098 0.744987 0.739806 1.1139
threshold=1.0000000180025095e-35 1.5865817091454275 -0.43078291609245384 -1.0000000180025095e-35 0 51.500000000000007 -0.23814434417657668 28.005084745762712 0.22157962894637315 1 2 0.066976693313402294 2.1047149122807021 -0.11497311253603824 0.92172181372549034 0.046180962604012325 334.55000000000001 8.5000000000000018 41.043801391524362 1.7058391097903263e-17 42.500000000000007 7.4235946338924217 0.19351962008611517 8.4409272183449673 -0.64124254273186387 -0.23638877806423106 26.750000000000004 35.500000000000007 0.039745919286782568 3 4 19.500000000000004 -0.9252525387172863 8.3994172485480281 -0.0067072328268266727 8.0346932160449729 1.9500000000000004 -0.23233837279456268 0.73634830670143148 0.99230769230769245 -0.87241409241161383 0.074107972153722348 -0.26826059293105647 61.500000000000007 35.500000000000007 0.091848182251176982 158.15000000000003 1.3213686042433663 0.78247712984276607 52.500000000000007 58.500000000000007 73.500000000000014 0.012134909535743704 -0.42871697973730688 0.35157748212195156 29.807142857142864 2.8380986937590715 5.5320864790665762 0.18333333333333338 0.86029143474939673 -0.19157840178633598 0.20023251930930097
decision_type=8 2 2 2 1 2 2 2 10 1 1 10 2 2 2 10 2 2 2 2 2 2 10 2 2 2 2 2 2 1 1 2 10 2 2 2 2 10 2 2 10 2 10 2 2 2 2 2 2 2 2 2 10 10 2 2 2 2 2 2 2 2
left_child=1 -1 59 16 5 10 7 -7 9 20 11 12 -5 14 22 -15 -4 18 -18 -19 21 -8 -14 24 -6 -26 27 -27 -29 32 31 -31 -28 34 -34 53 38 -38 -37 47 41 42 43 44 -41 58 -47 60 50 -50 -11 -52 -53 -36 55 -55 -57 -58 -17 -2 61 -25
right_child=2 -3 3 4 23 6 8 -9 -10 48 -12 -13 13 15 -16 45 17 19 -20 -21 -22 -23 -24 39 25 26 29 28 -30 30 -32 -33 33 -35 35 36 37 -39 -40 40 -42 -43 -44 -45 -46 46 -48 -49 49 -51 51 52 -54 54 -56 56 57 -59 -60 -61 -62 -63
leaf_value=0.00055316561140425101 -0.00021759014177850987 -0.00019163933053919179 3.1857996581312709e-05 -0.00057922052944277421 0.010975551968100589 -0.00022258305824870598 -0.00066361299491377989 0.0054050579465527576 -0.00079796474904908401 -0.00017465466414762104 -0.0003119688954599759 -0.00036726479216680227 -0.0016112731182048601 0.00049159712426575901 0.0044958143152444415 -0.00018171938438508431 0.0008932888176859914 -0.000251115932542067 0.0039496614235905629 0.00098933958762237187 -0.00017123623073688854 0.0032258597057661246 0.026811437553846348 4.1986874569145708e-05 -0.0010777342505586939 -6.8152628753182149e-05 0.0015034617753856409 0.00022947135141537526 0.0045343895276166637 0.0035785713197029933 -0.00042123216586856705 -8.7742801398034984e-05 -0.00022379702831822843 -0.0013541915871933326 -0.00068322630898617507 -0.00032981612309469923 0.003529014413254308 0.00029608885832647577 0.0018374836985107753 -0.00042078246384232021 -0.0009296631390660221 -0.0010124757246255374 0.0037543989403495018 -0.0018413164714943999 0.0024542505841925522 1.409717201546726e-05 0.0027440517591440371 0.00162565837480768 0.0022574410967521122 1.4982220119269715e-05 0.0015025525171621381 -0.00058857223815795374 0.00059972069605461443 0.0018965137603616893 -0.0027204133996776656 -0.0015580652065023319 0.0046926571538219676 -0.0012937806715394304 0.00065308933947683383 0.00076923203906663568 -0.00024242116032069361 0.0038431111910019206
leaf_weight=70 6436 687 7862 168 40 46 44 57 98 170 1361 373 43 54 60 414 46 152 43 80 339 45 52 609 504 116 45 55 58 59 1806 97 192 135 109 76 40 40 41 74 1969 345 48 57 55 100 62 45 44 46 76 71 47 79 48 50 69 71 81 55 6409 49
leaf_count=70 6436 687 7862 168 40 46 44 57 98 170 1361 373 43 54 60 414 46 152 43 80 339 45 52 609 504 116 45 55 58 59 1806 97 192 135 109 76 40 40 41 74 1969 345 48 57 55 100 62 45 44 46 76 71 47 79 48 50 69 71 81 55 6409 49
internal_value=-0.000398189 -0.00209103 -0.000357972 -0.000236776 -0.000470074 0.000218797 0.00173893 0.00754808 0.0011213 0.00168743 -0.000375588 0.000574752 0.00142995 0.00215686 0.00560897 0.00139747 0.000254764 0.0027795 0.00783333 0.000815449 -0.000318908 0.00394444 0.00130208 -0.000667862 -4.02049e-05 -0.000149012 0.000194539 0.0035 0.00776316 -6.25434e-05 -0.000765333 0.00341317 0.0013171 0.000998947 0.00168505 0.00262019 0.00537879 0.00987654 0.00224576 -0.00091088 -0.00170263 9.48264e-05 0.00289362 0.00117647 0.0035 0.000858661 0.00392638 -0.000627022 0.00350538 0.00769231 0.00254794 0.00502564 0.00218487 0.00133489 0.00256289 0.00372222 0.0013089 0.00319149 -0.000151211 -0.000832564 -0.000669922 0.000925644
internal_weight=32672 757 31915 25424 17241 3851 1083 103 980 882 2768 1407 1034 866 155 711 8183 321 89 232 428 89 95 13390 3730 3690 3186 229 113 2957 1962 156 995 950 815 623 197 80 117 9660 2548 579 234 186 129 657 162 7112 454 90 364 194 118 426 317 269 190 140 495 6491 7067 658
internal_count=32672 757 31915 25424 17241 3851 1083 103 980 882 2768 1407 1034 866 155 711 8183 321 89 232 428 89 95 13390 3730 3690 3186 229 113 2957 1962 156 995 950 815 623 197 80 117 9660 2548 579 234 186 129 657 162 7112 454 90 364 194 118 426 317 269 190 140 495 6491 7067 658
cat_boundaries=0 1 2 3 4 5
cat_threshold=37 1440 746 2069 72
is_linear=0
shrinkage=0.05


Tree=125
num_leaves=63
num_cat=7
split_feature=8 17 39 9 7 41 6 35 10 22 39 19 26 19 20 8 20 3 20 11 27 23 26 6 42 0 13 23 18 18 23 19 41 41 8 39 6 22 4 12 16 20 8 39 23 44 6 25 22 39 38 7 26 23 13 18 12 11 17 18 23 22
split_gain=0.833826 0.849726 0.811845 1.65529 0.915319 0.887011 0.791777 0.76651 0.72397 0.735403 0.829584 0.8153 1.07025 0.788953 0.743312 1.6963 0.705412 0.760773 1.04099 1.02074 0.693612 1.25644 0.752725 1.16622 1.09442 0.899817 0.863066 0.762352 0.675282 0.664904 1.23695 0.861543 1.15754 0.73543 0.980761 0.709943 0.634418 0.688275 0.68618 0.604567 1.1964 1.1022 0.62881 0.603902 0.600427 0.603099 1.22574 0.599318 0.768899 1.32428 1.89057 1.57264 1.41193 2.23185 0.962668 0.95537 1.15635 1.02426 1.08713 0.901648 0.803761 0.672313
threshold=1.0000000180025095e-35 0.18765890748557909 0 1.0000000180025095e-35 7.9712154559943365 20.580729166666668 7.0817161132739548 0.54978522568159305 0.44741912257210675 -0.31015468906944693 1 -0.18505235660224342 46.500000000000007 -0.085880831773144803 -0.10573499685722511 0.18959080010861337 0.24782044775546852 -0.23361485118150457 0.42560807189687994 62.500000000000007 5.5000000000000009 -1.741397024311808 3.5000000000000004 7.024746629170509 0.96580946814728241 -0.045735708355344677 0.90041574226244958 0.063449183387564126 1.6770893893188783 -0.13730440018605641 0.48532016331186806 0.22456402650999149 146.70046419098148 1410.2708080808086 0.095310981734629513 2 8.4698114348939146 -0.53119057629125599 -0.097839370856601868 38.500000000000007 0.20067069546215119 -0.0056483218320374723 0.063493814657534231 3 -0.69314718055994529 1.0000000180025095e-35 8.1389971040779709 4 -0.15322975486846355 5 6 6.9138741308374412 16.500000000000004 0.02061928720273554 1.4622358788952805 0.33775557281353402 86.500000000000014 4.5000000000000009 0.44650156013273318 2.6715750633155282 0.15415067982725841 -0.14604509782981293
decision_type=8 2 1 10 2 2 2 2 2 8 1 2 2 2 10 10 10 2 10 2 2 8 2 2 2 2 2 8 8 10 8 2 2 2 10 1 2 10 2 2 2 10 8 1 8 2 2 1 8 1 1 2 2 10 2 8 2 2 2 8 8 10
left_child=2 7 6 5 -5 -4 -1 8 9 10 13 12 36 -2 15 -13 -11 -18 19 -19 21 -3 23 -22 25 -25 27 -27 -16 30 -23 33 -33 35 -35 -31 37 38 -12 40 41 -37 -41 44 -10 -46 -47 61 49 50 54 -52 -53 -54 -49 56 -51 58 -57 -50 -61 -24
right_child=1 20 3 4 -6 -7 -8 -9 43 16 11 14 -14 -15 28 -17 17 18 -20 -21 22 29 47 24 -26 26 -28 -29 -30 31 -32 32 -34 34 -36 39 -38 -39 -40 42 -42 -43 -44 -45 45 46 -48 48 59 55 51 52 53 -55 -56 57 -58 -59 -60 60 -62 -63
leaf_value=0.00011547180339769003 -0.0010106917365327202 0.0026839984359523453 0.0020774660040855926 0.0030925998408883795 -0.00042875775017163899 9.1055998919805953e-07 -0.000250833536551151 -0.00093116511240879253 0.0031460213522906521 1.3686732026077691e-05 0.0010681887123312134 0.012524827244345943 0.0083430210360247413 0.0019874447190889248 -0.00044408177302862037 -0.0032401396388596205 -0.0033562315824933091 0.0010794252093023068 -0.00023658698228265813 0.0038131537537785497 0.0044252192748470412 0.0078920807566592623 -0.0012866688052905542 -0.0021438704603922412 -0.0016845112612332456 0.0055309878154337078 -0.0011519099723834921 0.0012929347211467438 0.0018540681165138181 -0.0012847631506873638 -0.00018279486607214874 0.0037849897293248461 -0.00012931469635277698 -0.00076791435488934379 0.0026960941833031014 3.6573411022801566e-05 -0.0012312047463462743 -0.00014187014777910958 0.0038312391444454961 0.00066125865974403454 -7.0604373788716752e-05 0.005683226013717793 -0.00040052885329548249 -0.0029591821758300878 -0.00058971077068421395 -0.0033846928658295946 0.0012880292923351144 -0.0014186854415960666 -0.00024398578560011887 0.00011825359325504091 -0.00013251485287276815 0.00040826295893461959 0.0055181630999956511 0.00042177802558192946 0.0006555845315077552 -0.0014220432637479922 0.004751679844614721 -0.00049800439652628872 0.0024149237553386382 -0.0011962161293027932 0.0023785694809234591 -0.00011473356521763957
leaf_weight=106 43 43 44 40 250 44 307 212 74 14631 71 40 48 65 2871 57 60 144 47 47 52 46 777 76 89 40 51 65 61 488 60 57 54 43 66 41 61 107 41 43 111 42 210 335 354 86 56 137 6464 429 74 43 51 64 101 77 41 1568 67 43 94 626
leaf_count=106 43 43 44 40 250 44 307 212 74 14631 71 40 48 65 2871 57 60 144 47 47 52 46 777 76 89 40 51 65 61 488 60 57 54 43 66 41 61 107 41 43 111 42 210 335 354 86 56 137 6464 429 74 43 51 64 101 77 41 1568 67 43 94 626
internal_value=-0.000360799 -0.000320931 -0.00196339 -0.000231364 -0.00206186 0.00573034 -0.00345519 -0.000115571 -8.26437e-05 -1.46791e-05 -0.000670803 -0.000812056 0.00155015 0.00344538 -0.00107096 0.00321428 0.000137641 0.0025418 0.00380753 0.00544271 -0.000645777 0.000444443 -0.000774707 0.00143048 0.00029503 0.002103 0.00426751 0.00683962 -0.00121378 0.000154515 0.00392523 -0.000194638 0.00397321 -0.00064115 0.00322727 -0.00109509 0.000355871 0.00161364 0.00433628 0.000360261 0.00246154 0.00696428 -0.00124016 -0.00146247 -0.000430294 -0.0010664 0.00167832 -0.000852023 -0.000703261 1.50761e-05 0.00239085 0.0055144 0.00855346 0.0114224 -0.000763053 -0.000506157 0.0014862 -0.00105663 0.00296552 -0.000992882 0.00300725 -0.001814
internal_weight=32635 31844 791 378 290 88 413 19511 19299 18394 3465 3357 328 108 3029 97 14929 298 238 191 12333 1304 11029 373 321 232 156 105 2932 1261 106 1155 111 1044 109 935 280 219 112 447 194 83 253 905 570 496 142 10656 9253 2652 470 232 158 115 238 2182 470 1712 144 6601 137 1403
internal_count=32635 31844 791 378 290 88 413 19511 19299 18394 3465 3357 328 108 3029 97 14929 298 238 191 12333 1304 11029 373 321 232 156 105 2932 1261 106 1155 111 1044 109 935 280 219 112 447 194 83 253 905 570 496 142 10656 9253 2652 470 232 158 115 238 2182 470 1712 144 6601 137 1403
cat_boundaries=0 1 2 3 4 5 6 7
cat_threshold=192 70 5387 7176 129 2054 4
is_linear=0
shrinkage=0.05


Tree=126
num_leaves=63
num_cat=4
split_feature=8 25 23 2 3 31 41 8 9 25 23 23 26 23 18 18 9 35 35 35 41 22 25 18 21 18 27 1 0 12 9 6 17 31 0 19 31 21 23 27 14 19 44 41 33 18 8 41 23 41 9 17 3 40 24 3 0 18 9 9 1 6
split_gain=0.9035 0.775314 0.692098 0.692547 0.674239 0.817012 0.963753 0.657642 0.736878 0.732704 1.0373 1.3586 0.718165 0.842992 0.700118 0.657002 0.655809 0.653095 0.984879 1.58872 1.33573 1.213 0.986346 1.36707 1.21626 1.30059 1.17626 0.941967 0.86175 0.651456 0.935189 1.71989 1.75563 1.44378 0.900356 0.970764 0.766813 0.948776 0.965581 0.923417 1.05885 1.02426 1.20919 0.803463 0.774845 0.883627 0.76364 1.4463 0.994555 0.735467 0.762485 0.874107 0.911832 0.992384 0.974937 1.20681 0.881841 0.840792 0.89075 0.829993 0.781827 0.734334
threshold=1.0000000180025095e-35 0 3.2096386233855871 0.27006424497299092 0.094034912641937765 2.1500000000000008 21.516741071428573 0.093745285158507372 0.093542280707495276 1 -0.15415067982725814 -0.069965281733737936 25.500000000000004 0.88212385782557245 0.52977975197411264 -0.71233879903978947 0.70391292945015771 0.37621857951353438 0.0015449892676478547 2.9765057257934168e-10 5784.8078958333344 -0.13544664125560715 2 0.67507466885512424 1650.8750000000002 -0.25892192633720784 12.500000000000002 0.0083400480108966075 -0.075714738098758602 83.500000000000014 0.078117961161406332 7.197310109926133 0.27161670628709927 110.75000000000001 -0.041798653071029694 -1.913213203712507e-17 1.1500000000000004 5845.5000000000009 0.080042707673536551 3.5000000000000004 -0.10044460152807975 0.048167707266119096 1.0000000180025095e-35 851.52409090909111 27.978571428571435 -0.090053196093416193 0.051855918496429641 41.752192982456144 0.13771740496903731 1.077485928705441 0.071001547356519368 0.59446485247302816 -0.080042411815460554 3.5000000000000004 3 -0.4418320379928144 0.057158413839948803 1.5880451407942207 0.21699004594133167 0.49656521655736979 0.077987260232706315 8.1143239686068984
decision_type=8 1 10 2 2 2 2 10 8 1 10 10 2 10 10 10 10 2 2 2 2 10 1 10 10 10 2 2 2 2 10 2 2 2 2 2 2 8 10 2 2 2 2 2 2 10 8 2 10 2 10 2 2 2 1 2 2 8 10 10 2 2
left_child=1 4 3 17 5 6 -1 8 -5 10 -9 -12 13 -13 -14 -10 -11 18 19 20 29 22 23 26 28 -26 -20 -28 -24 36 31 32 33 -31 35 -33 37 39 44 40 -2 42 -42 46 45 -39 47 -41 -49 -38 -51 -52 53 54 55 -53 -56 59 61 60 -54 -59
right_child=2 -3 -4 7 -6 -7 -8 9 15 16 11 12 14 -15 -16 -17 -18 -19 21 -21 -22 -23 24 -25 25 -27 27 -29 -30 30 -32 34 -34 -35 -36 -37 49 38 -40 43 41 -43 -44 -45 -46 -47 -48 48 -50 50 51 52 57 -55 56 -57 -58 58 -60 -61 -62 -63
leaf_value=0.00076051937416287416 -0.00013980668361295733 -0.00029101743113690523 -0.0012209310727239217 0.001339506627083448 0.00060285979705685321 -0.0003649435082927105 -7.9338902036614164e-06 -0.00051915788514478919 0.0011345731774802155 -0.0010182510211295473 0.0031222036792433101 -0.0010923428176839434 0.00080745727437958213 0.0027357203123478842 0.0029203123039207562 -0.00074278137945985143 0.00053224181151924235 -0.00038586653757671026 0.001008192641911172 -0.00062614094320589584 0.001287813235473522 -0.00081142139994313785 0.00036897061273154051 -0.0014957154198563735 -0.0012900294759676627 0.0016977932283936343 0.0032121083878045294 0.00083408994775233363 -0.0011587849435898978 0.00092776657525032416 -0.00032522878652655124 0.00069776379879029509 -0.00076255721334674465 0.0018764565508352571 -0.00031341395735425573 -0.00010578636245409473 0.0011081917205779176 0.0030722537424306773 -0.001856866057305949 0.0024915513891206691 0.004157440792279663 -0.00046190967178032385 0.00061671234080714211 0.012216648997877893 -0.00033557609950828006 -0.0013019104402591242 -0.00015197477372775703 -0.0012221623953514473 0.00062217265083860322 -0.00020069276305124552 5.7271608982799309e-05 0.0082077594633934749 -0.0011150144352805298 0.00057499726335936974 -0.0014557453386949977 -8.5750949089396345e-05 0.0022666652609046323 0.0029316498152719161 -0.0010712150680746147 0.0040635875671098136 -0.00014364942590233663 -0.00016105355094822672
leaf_weight=41 110 490 215 69 40 118 60 705 65 1935 53 298 81 68 42 168 77 448 61 645 67 180 51 40 45 78 40 58 186 88 3227 41 42 47 381 57 81 44 288 55 66 40 40 63 1650 68 2963 91 60 1038 13510 41 615 237 436 64 132 102 109 50 337 64
leaf_count=41 110 490 215 69 40 118 60 705 65 1935 53 298 81 68 42 168 77 448 61 645 67 180 51 40 45 78 40 58 186 88 3227 41 42 47 381 57 81 44 288 55 66 40 40 63 1650 68 2963 91 60 1038 13510 41 615 237 436 64 132 102 109 50 337 64
internal_value=-0.000344591 -0.00206 -0.000304266 -0.000285035 0.000203703 -0.000886365 0.00240196 -0.000941888 0.00128713 -0.00114877 -0.000186806 0.00145488 0.000622448 -0.000490464 0.00391129 -6.41038e-05 -0.00173505 -0.000201871 -0.000171188 -0.000220595 -0.000160427 0.00162838 0.00277678 0.0055 0.00107817 0.00512097 0.00784375 0.0112121 -0.000987396 -0.000178559 -0.000776263 0.000943682 0.00514045 0.00790441 -0.000614585 0.00363636 -7.47048e-05 -0.000584944 -0.00143832 -8.31196e-05 0.00280156 0.00557823 0.00813084 -0.000312405 -0.0009983 0.00300885 -0.000424291 0.00251208 -3.28959e-05 9.33567e-05 7.02067e-05 0.000157025 -0.000770111 0.000439077 -0.000541544 0.00366379 -0.00136442 -0.00163146 0.000815216 -0.00230309 -0.00263379 0.00311377
internal_weight=32661 749 31912 31697 259 219 101 3561 302 3259 1247 542 489 366 123 233 2012 28136 27688 26949 26304 739 559 199 360 123 159 98 237 26237 3883 656 177 135 479 98 22354 5538 2050 3488 256 146 106 3232 1762 112 3169 206 151 16816 16735 15697 2187 910 673 105 568 1277 275 1002 952 166
internal_count=32661 749 31912 31697 259 219 101 3561 302 3259 1247 542 489 366 123 233 2012 28136 27688 26949 26304 739 559 199 360 123 159 98 237 26237 3883 656 177 135 479 98 22354 5538 2050 3488 256 146 106 3232 1762 112 3169 206 151 16816 16735 15697 2187 910 673 105 568 1277 275 1002 952 166
cat_boundaries=0 1 2 3 4
cat_threshold=2563 2097 898 16
is_linear=0
shrinkage=0.05


Tree=127
num_leaves=63
num_cat=2
split_feature=8 15 1 19 8 41 4 1 11 17 18 8 16 8 39 41 30 18 14 8 33 12 22 8 15 19 5 16 9 42 16 3 36 26 26 39 5 31 6 12 26 16 15 16 33 42 31 3 31 27 1 18 22 11 12 27 15 11 17 17 4 14
split_gain=1.06162 0.905046 1.4006 0.812924 1.27572 1.42865 1.15755 2.25588 0.90914 0.908976 0.894354 0.839985 0.889458 0.812462 0.789025 1.60434 1.98841 1.16958 1.97265 0.816004 0.949335 1.0754 1.55306 1.08682 1.13983 0.771352 0.871899 0.79115 1.17638 0.756209 0.693029 0.689714 0.685287 0.671788 0.746333 2.65746 1.52367 1.66599 1.64783 1.6157 1.5363 1.4943 1.01052 1.00309 0.961397 0.901311 0.983553 1.23303 1.15649 0.948984 0.871468 0.83252 1.29781 2.09756 0.855398 0.797027 0.791117 1.82868 0.863942 1.42959 0.761921 0.761885
threshold=1.0000000180025095e-35 -1.2650673997602573 0.050939907469648833 0.045303975909410987 0.18110105651890987 2.9694988479262681 0.13306833761901296 0.067279693586096659 69.500000000000014 0.70531883844970422 0.36070285861615053 0.34585864983527798 -0.96508089604358682 0.050642578379462413 0 851.52409090909111 0.95000000000000007 -0.22981035342796932 -0.065045723414441245 0.3847960423581232 34.092857142857156 64.500000000000014 -0.26826059293105647 0.22897260659177462 0.22314355131420979 0.099117467388686653 7.1486217208022955 0.52370069462036428 0.1199638701581779 0.93798076923076934 -0.33821966377681884 0.13102876240665487 0.13103426215120301 51.500000000000007 37.500000000000007 1 7.5177897448295008 222.95000000000002 7.5015229716441292 80.500000000000014 49.500000000000007 -0.28768207245178051 -0.8864838767881057 -0.12253460353057098 32.221428571428582 0.99230769230769245 6.7500000000000009 0.44231001037594236 5.1500000000000012 3.5000000000000004 0.30761716762527597 0.092705222040138258 0.47695700170300426 84.500000000000014 67.500000000000014 8.5000000000000018 -0.068992871486951532 82.500000000000014 -0.11480071113520406 0.029584353040904791 0.048789914169494082 1.5392119946995528
decision_type=8 2 2 2 8 2 2 2 2 2 10 10 2 8 1 2 2 10 2 10 2 2 8 8 2 2 2 2 10 2 2 2 2 2 2 1 2 2 2 2 2 2 2 2 2 2 2 2 2 2 2 8 8 2 2 2 2 2 2 2 2 2
left_child=-1 2 13 11 5 6 8 10 9 -5 -8 32 -13 29 15 17 -17 18 31 20 21 -19 -23 -24 -25 26 27 -7 -29 -2 -16 -6 33 34 45 36 37 38 40 42 43 -41 -38 -36 51 61 48 -48 49 -47 -44 52 53 54 -37 -51 57 58 -57 -60 -43 -3
right_child=1 3 -4 4 14 25 7 -9 -10 -11 -12 12 -14 -15 30 16 -18 19 -20 -21 -22 22 23 24 -26 -27 -28 28 -30 -31 -32 -33 -34 -35 35 44 39 -39 -40 41 -42 60 50 -45 -46 46 47 -49 -50 55 -52 -53 -54 -55 -56 56 -58 -59 59 -61 -62 -63
leaf_value=-0.00017973693596412633 -0.00078736463805912987 9.0964210050098397e-06 -0.0014646228139355254 -0.00015379030056021479 -0.00096666496533063726 -0.00023301876812525046 0.0070861700871449745 -0.001141072761374247 -0.0011328955290248715 0.0013872673742457663 0.00050774419003587524 -0.0020444556465280578 -0.00021800314096882291 -7.4985020046882585e-05 -0.0011942224293312511 0.019294280685892701 -0.0016900015685605589 8.7717454915649124e-05 0.0066354763597461733 -0.0010838319038876791 -0.00054226814843942183 0.004985077948205823 -0.0017406997418256546 -7.2660863952298603e-05 0.006229097711210033 -0.00015148016168829527 -0.00084587114680693379 0.0032635731975355687 -0.00039376668112196486 0.0011919995504515715 -0.00010121848521645128 0.0018535012306758305 -0.00028973600860752986 -0.00079697971729871984 0.00064023090126207136 0.00046871602353987365 0.0014377873352798762 0.005038626944481984 0.0037730645733424816 0.002943590018819834 0.0030703223758748615 0.0026756126464706218 0.00024589336204127674 -0.00096808905457835192 0.0016744368187672179 0.0012871889494070331 -0.00072386143667107572 0.0012523854891481959 0.0011286654388562574 -0.001384022286825097 -0.0018833792193324586 -0.00046180242078893346 -0.00038577297569962861 0.0022411041481654949 -0.00040340729766765674 -0.00050360585714875027 -0.00072198863357161608 0.0039241206693992814 0.0014669499736901569 -0.00015333391643403 -3.605127001207483e-05 0.00069386476933143166
leaf_weight=776 51 9853 874 219 75 401 40 72 93 78 43 242 2521 1121 157 41 41 465 59 363 262 48 74 51 63 2591 1800 66 71 47 2179 48 409 304 58 444 62 50 50 78 43 67 1071 94 72 79 1347 89 69 148 114 1157 511 70 274 154 407 61 51 70 116 379
leaf_count=776 51 9853 874 219 75 401 40 72 93 78 43 242 2521 1121 157 41 41 465 59 363 262 48 74 51 63 2591 1800 66 71 47 2179 48 409 304 58 444 62 50 50 78 43 67 1071 94 72 79 1347 89 69 148 114 1157 511 70 274 154 407 61 51 70 116 379
internal_value=-0.000335988 -0.000291647 -0.00129656 -0.000221295 -0.00060632 -0.00109954 0.00132784 0.00496795 -0.000127878 0.00122483 0.0105357 -4.48464e-05 -0.000855645 -0.000200821 8.14859e-05 0.000936913 0.00771084 0.000569913 0.00431694 5.27494e-05 0.000814314 0.0017735 0.00451477 0.00243386 0.00547826 -0.00136816 -0.00202651 -0.000259741 0.00300725 0.00414141 -0.000502771 0.000685483 8.13981e-05 0.000129158 0.000170783 0.000737533 0.0021968 0.00548986 0.00376016 0.00156395 0.00165816 0.00513359 0.0008133 -0.000718955 -0.000311147 -2.2428e-05 -0.000878434 -0.00172582 0.000293268 -0.000154481 0.000484822 -0.000480262 0.00038846 0.00166033 0.000848399 -0.000622199 4.70418e-05 0.00183976 9.05785e-05 0.0032377 0.00263587 0.000184695
internal_weight=32783 32007 2093 29914 9400 5474 545 155 390 297 83 20514 2763 1219 3926 1590 82 1508 182 1326 963 701 236 188 114 4929 2338 538 137 98 2336 123 17751 17342 17038 4331 1803 295 245 1508 195 261 1247 152 2528 12707 2475 1436 1039 970 1185 2456 1299 788 718 891 743 336 275 121 183 10232
internal_count=32783 32007 2093 29914 9400 5474 545 155 390 297 83 20514 2763 1219 3926 1590 82 1508 182 1326 963 701 236 188 114 4929 2338 538 137 98 2336 123 17751 17342 17038 4331 1803 295 245 1508 195 261 1247 152 2528 12707 2475 1436 1039 970 1185 2456 1299 788 718 891 743 336 275 121 183 10232
cat_boundaries=0 1 2
cat_threshold=853 5634
is_linear=0
shrinkage=0.05


Tree=128
num_leaves=63
num_cat=9
split_feature=0 9 24 42 10 11 31 23 31 39 25 22 27 27 7 37 9 10 17 3 1 18 41 13 23 1 1 21 24 30 31 23 33 27 1 2 11 13 21 9 39 24 9 25 35 35 2 41 11 5 20 42 20 24 7 23 20 10 25 21 30 3
split_gain=0.592061 0.866933 0.720633 0.821914 0.752688 0.626689 1.64957 1.69044 1.22501 1.21205 1.271 1.25263 1.2257 1.27186 2.07999 1.06104 1.02295 0.941965 1.01143 1.02785 0.821316 0.794805 1.01984 0.717006 0.714262 0.700851 1.0598 1.18748 0.642749 1.05802 0.853654 0.818994 0.604144 0.591526 0.663193 1.1617 0.582734 0.762147 1.13019 1.06669 0.74337 1.12338 0.813348 0.756021 1.19489 1.36075 2.15075 1.00165 1.68543 0.846027 1.09003 0.739873 0.921732 1.2572 1.09012 0.965673 1.14649 1.38943 1.69439 1.29616 1.11067 1.43032
threshold=0.2113087995496459 0.15484173982970798 0 0.71902412280701766 -0.20241101434922057 6.5000000000000009 342.00000000000006 0.27214071196765804 241.30000000000001 1 2 -0.57115294043600118 45.500000000000007 29.500000000000004 7.2011834528129368 52.500000000000007 0.1615827773099236 0.34268257538517283 -0.65543327905666404 0.11292397583512283 0.25131471399527344 1.062696141192591 54.470738636363642 0.87035854733035767 0.49357886367905685 0.061367680555109778 -0.068089458059128902 1537.0850000000003 3 59.650000000000006 221.75000000000003 -0.7834391490076521 31.021428571428576 24.500000000000004 -0.17185001021684251 0.016528154409447552 42.500000000000007 2.1749019607843141 9550.0000000000018 0.36259348719499368 4 5 0.02546646264633946 6 0.0015449892676478547 0.30128668937237874 -1.0000000180025095e-35 17.510459183673472 58.500000000000007 7.6625475569319468 0.013206257861347352 0.86180371352785157 -0.021856915817022541 7 7.018546325525274 -0.079897548723467646 0.0088548501503879582 -0.095094430301661412 8 1699.5000000000002 36.100000000000001 -0.024101819885500305
decision_type=2 10 1 2 2 2 2 8 2 1 1 8 2 2 2 10 10 2 2 2 2 10 2 2 10 2 2 10 1 2 2 8 2 2 2 2 2 2 8 10 1 1 10 1 2 2 2 2 2 2 10 2 10 1 2 10 10 2 1 10 2 2
left_child=5 -2 -3 -4 32 6 8 -8 9 10 11 -1 13 14 -13 17 -15 18 19 -11 -10 24 -23 -16 -12 26 -14 -28 29 33 31 -30 -5 -20 -35 -36 37 -7 39 -39 42 51 -38 44 47 46 -46 48 -44 50 -50 -42 -53 54 -54 56 -56 59 -59 -58 -57 -62
right_child=1 2 3 4 -6 36 7 -9 20 15 21 12 25 16 23 -17 -18 -19 28 -21 -22 22 -24 -25 -26 -27 27 -29 30 -31 -32 -33 -34 34 35 -37 40 38 -40 -41 41 -43 43 -45 45 -47 -48 -49 49 -51 -52 52 53 -55 55 60 57 58 -60 -61 61 -63
leaf_value=0.0026384724851592559 -0.001614431231783538 -0.0014427353397676484 0.0026746983504324353 6.2307226353399252e-05 -0.00016369719795213778 -0.00015473150654856689 0.00063576736471589992 0.0030065249142528163 -0.0014589968626934715 0.0028843209119541716 -0.00042919626750307483 0.0027029602297714813 -0.00097446294512749563 0.0019786328157034125 -0.0003628323484842213 0.0036995901585029772 0.0060032434419429043 -0.0026301747442616565 -0.00030640947226025261 -0.00012830432724133056 0.002165268005817731 0.0025697729020914294 -0.0017196708785448358 0.0016567252556774392 0.00093484051897516377 -0.0011357092143733398 0.0017222802037334393 3.3353049852521705e-05 0.000675635935322946 0.0029088272308432691 0.00079370432443937272 -0.00076266417588806911 0.0082610930221677422 -0.00092628948621546877 0.0014336306518049416 9.0932207077272467e-06 -0.00019780273799010467 -0.00076585067259400067 0.0027567878319430077 0.002200508543618846 -0.00029089379805578966 -0.0001121718478445837 0.0019164859414657475 -0.00027114172427300802 0.0025232617039434206 -0.0010115496895517903 0.00021964566306527627 -0.00062444883786552327 -0.00070688162728185517 -0.0015448381098500431 0.0025939093767772693 0.0005562593611688132 0.0012301981747316294 -7.8650540076708155e-05 -0.00011023723065866079 -0.00046312951363113638 0.0034610598439567906 0.0022436247361039617 -0.00069654206119037913 0.00018238398600333762 -0.00026886723037686288 0.0021149660585863947
leaf_weight=57 467 570 76 85 2320 10197 73 49 471 68 591 62 143 61 168 52 81 233 157 60 50 67 40 49 73 193 67 91 50 46 45 586 41 46 58 134 202 105 50 48 1090 4881 43 1436 45 54 67 418 49 69 67 2000 231 2920 224 518 75 116 175 61 63 65
leaf_count=57 467 570 76 85 2320 10197 73 49 471 68 591 62 143 61 168 52 81 233 157 60 50 67 40 49 73 193 67 91 50 46 45 586 41 46 58 134 202 105 50 48 1090 4881 43 1436 45 54 67 418 49 69 67 2000 231 2920 224 518 75 116 175 61 63 65
internal_value=-0.000344887 -0.000953653 -0.000649856 -0.000280301 -0.000441358 -0.000270633 0.000317439 0.00601626 0.000132894 0.000491002 0.00138825 0.00258393 0.00215611 0.00413507 0.00216071 -0.000533636 0.00797203 -0.000785042 -0.000239809 0.00395349 -0.00211686 -0.000134272 0.00384259 -0.000160552 -0.000781956 0.000464645 0.0019702 0.00477987 -0.000721283 0.000763273 -0.00166908 -0.00216641 0.00330709 -6.31325e-05 0.00150627 0.00279793 -0.000361893 -0.000648977 0.00237745 0.000227272 -0.000161064 -3.62146e-06 -0.000954898 -0.00068475 0.000534628 0.00431138 0.00743363 -0.000432768 0.00222707 0.000134407 0.00273504 0.000378857 0.000583035 0.000182062 0.00133853 0.000781971 0.00213957 0.00365654 0.0016952 0.00781022 -0.000587327 0.00356589
internal_weight=32749 3559 3092 2522 2446 29190 3921 122 3799 3278 1743 972 915 421 279 1535 142 1483 1250 128 521 771 107 217 664 494 301 158 1122 441 681 636 126 395 238 192 25269 10400 203 153 14869 12419 2450 2248 812 166 112 646 228 185 116 7538 6448 4448 1528 1297 651 427 291 136 646 128
internal_count=32749 3559 3092 2522 2446 29190 3921 122 3799 3278 1743 972 915 421 279 1535 142 1483 1250 128 521 771 107 217 664 494 301 158 1122 441 681 636 126 395 238 192 25269 10400 203 153 14869 12419 2450 2248 812 166 112 646 228 185 116 7538 6448 4448 1528 1297 651 427 291 136 646 128
cat_boundaries=0 1 2 3 4 5 6 7 8 9
cat_threshold=2 3589 1138 9 194 22 3362 16 2882
is_linear=0
shrinkage=0.05


Tree=129
num_leaves=63
num_cat=7
split_feature=15 8 39 9 17 8 9 39 23 6 33 13 23 33 39 20 41 27 25 3 4 27 3 18 16 3 16 18 14 20 9 25 11 18 41 8 0 4 9 23 17 11 0 2 26 13 42 11 30 20 42 17 39 25 23 33 23 0 6 18 8 17
split_gain=0.851845 0.956508 1.08314 1.5482 0.967634 1.09101 1.57288 1.5789 2.05897 1.05522 1.01592 0.983289 0.9484 0.921432 0.902855 0.863582 0.942959 0.926561 0.818413 1.26703 3.60973 3.07084 0.856127 0.7871 0.79531 1.03046 0.885287 1.09494 1.56025 0.860516 0.710657 1.14606 1.14166 1.36363 1.25923 1.12384 1.06137 2.24687 1.39152 1.33688 0.947938 0.927377 0.916561 0.905045 0.89825 1.35171 1.05529 1.1157 1.0545 1.14807 1.80233 1.1506 1.01551 1.01559 1.28908 1.401 1.04138 1.08953 1.06134 0.996115 1.00521 0.9504
threshold=-1.2650673997602573 0.058095766197292967 0 1.0000000180025095e-35 0.029584353040904791 0.071212588883578676 0.12746595124446128 1 -0.18232155679395476 8.0910926997512842 36.650000000000006 0.67417542587894175 -0.32809573701875799 31.292857142857144 2 0.006120236165465402 55.823898565573778 2.5000000000000004 3 -0.074361293621711053 -0.14949538210616173 51.500000000000007 0.40546510810816422 0.14628779787398913 -0.12783337150988486 0.20763936477824488 -0.015094841192571538 0.31437617333110196 0.024702783564446443 -0.0060998910051610908 0.22440305459524532 4 84.500000000000014 0.52977975197411264 5.8009259259259265 0.32780380400118708 0.055350402775378178 -0.067365178495851094 0.2375457881027766 -0.65795635758647386 -0.24258085622614173 42.500000000000007 0.25458504175523095 0.061852636719389682 36.500000000000007 2.066070227272728 0.96850198412698429 80.500000000000014 0.15000000000000005 -0.023092249763325887 0.98449519230769245 -0.58229537014308397 5 6 0.13353139262452265 35.178571428571438 0.58808037531210955 0.003331793675517059 8.33789838917669 0.42810885298788887 0.13985692018934989 -0.9868172016517156
decision_type=2 8 1 10 2 8 10 1 10 2 2 2 8 2 1 10 2 2 1 2 2 2 2 8 2 2 2 8 2 10 10 1 2 10 2 8 2 2 10 10 2 2 2 2 2 2 2 2 2 10 2 2 1 1 10 2 10 2 2 10 10 2
left_child=12 2 -2 -4 5 6 7 10 9 -9 -3 -10 -1 -8 15 16 -6 -17 19 20 -5 -22 -20 -18 25 29 -26 28 -28 -25 42 32 33 -32 -34 -35 -33 39 -39 40 -38 -41 44 -36 52 46 59 48 -48 50 -50 -51 53 54 61 56 58 -58 -56 -46 -61 -7
right_child=1 4 3 18 14 30 13 8 11 -11 -12 -13 -14 -15 -16 17 23 -19 22 -21 21 -23 -24 24 26 -27 27 -29 -30 -31 31 36 34 35 43 -37 37 38 -40 41 -42 -43 -44 -45 45 -47 47 -49 49 51 -52 -53 -54 -55 55 -57 57 -59 -60 60 -62 -63
leaf_value=-0.0011357851421661112 -0.00023080515911216159 -3.6431147345834072e-05 0.00045924269762987819 -0.00021537107312976373 -0.00082044052213001292 0.0030682565189838742 -0.0019096026479972286 0.0043347439567647883 -0.0014693357448787483 0.0013467169612406357 0.0016469430407292937 0.0011448033901608997 -0.00015233439981047496 0.0014139108871776523 -4.8894899849653622e-05 0.00042158766878346683 -0.0009505209406595193 -0.0010647962870810842 -0.00022298174353055098 -9.3603219710276995e-05 0.0025090761273600503 0.00035030848731496797 0.0020249045926757411 -9.7105640550385817e-05 -0.0017086612541907485 0.0037652169972479154 0.0040860767880252736 -4.3385886142335514e-05 -0.00032707159180092338 0.0013581637052589453 0.00020877698758642486 -0.00053234826176463816 0.0057848274914359859 0.0029014477521096343 -0.00078203140235895419 0.00013878326600003004 0.0052570366576064412 0.002016205176907268 -0.0006732734100527454 0.002678539478383491 0.0040743017063319007 -0.00048336194203239591 -0.0015430198681058898 0.0027344529430168435 -0.00022010842853448874 0.0017877968720317319 -0.0006122715349088639 0.0012948562290459422 0.0074835217429739288 0.0021027667540437097 0.00031668783996704179 -1.1275385479131135e-05 -0.00033356461395423528 -0.00014285325177863383 0.0048294399203338695 -0.0010522014885519357 0.0016063217084110221 -0.0017147117047331456 0.00037241399468704984 -0.00027550904480912083 0.0022765962332548274 9.3684247510407186e-07
leaf_weight=515 789 268 79 89 463 43 118 78 67 41 41 43 1611 72 11416 71 236 1249 2194 694 44 43 41 184 122 68 47 1019 42 44 1723 1230 76 135 68 119 40 42 432 51 44 85 393 56 805 55 256 102 42 65 88 359 2431 1159 42 42 73 53 41 57 49 790
leaf_count=515 789 268 79 89 463 43 118 78 67 41 41 43 1611 72 11416 71 236 1249 2194 694 44 43 41 184 122 68 47 1019 42 44 1723 1230 76 135 68 119 40 42 432 51 44 85 393 56 805 55 256 102 42 65 88 359 2431 1159 42 42 73 53 41 57 49 790
internal_value=-0.000315823 -0.000248788 -0.000972573 -0.000553992 -0.000141197 0.000197876 0.00207133 0.00345083 0.00647917 0.0112917 0.000953124 0.0018018 -0.0012835 -0.00183246 -0.000408035 -0.00110377 -0.000505392 -0.00211961 -0.000732455 0.000567536 0.00435028 0.0115341 -0.00123553 2.26874e-05 0.000438768 0.00276094 -0.000121853 0.000324616 0.00561111 0.00113537 7.42271e-05 0.00059605 0.00137797 0.0010187 0.00497512 0.00443137 -0.000294575 0.00126619 -0.000673685 0.00542986 0.0103529 0.00233577 -0.000233949 0.00184 -9.30883e-05 0.000830228 0.000594845 0.00179627 0.00117139 0.0023964 0.00648855 0.00112941 -0.000464172 0.000303903 0.00139726 0.00454365 0.00621428 0.00330709 0.0105357 -0.000608554 0.00392523 0.00046163
internal_weight=32834 30708 3973 3184 26735 11774 728 538 229 119 309 110 2126 190 14961 3545 2225 1320 3105 870 176 87 2235 1762 1526 296 1230 1108 89 228 11046 4101 2177 1977 200 254 1924 694 474 220 84 136 6945 124 6552 1878 1823 912 810 554 130 424 4674 2243 1084 251 209 126 83 911 106 833
internal_count=32834 30708 3973 3184 26735 11774 728 538 229 119 309 110 2126 190 14961 3545 2225 1320 3105 870 176 87 2235 1762 1526 296 1230 1108 89 228 11046 4101 2177 1977 200 254 1924 694 474 220 84 136 6945 124 6552 1878 1823 912 810 554 130 424 4674 2243 1084 251 209 126 83 911 106 833
cat_boundaries=0 1 2 3 4 5 6 7
cat_threshold=200 285 290 1064 2418 635 197
is_linear=0
shrinkage=0.05


Tree=130
num_leaves=63
num_cat=10
split_feature=39 23 25 7 11 4 17 3 3 17 10 19 25 36 33 42 13 12 42 13 22 9 25 22 9 38 17 38 7 34 25 9 25 23 31 14 18 19 12 33 9 14 2 16 18 7 21 13 18 42 25 27 23 11 17 10 44 9 21 39 31 13
split_gain=0.546977 1.14129 1.25356 0.905402 1.01794 1.0547 1.35315 0.925603 1.12889 1.22677 1.10419 0.936164 0.867127 1.19209 1.05492 1.17175 1.13265 1.06055 0.890308 0.905331 0.85159 1.03415 0.99591 0.907929 1.05806 0.846734 0.834485 0.826593 1.28942 2.39027 1.16944 0.86396 0.853186 0.835531 1.28639 0.822704 0.819572 1.08906 1.43293 1.57554 1.27327 0.814963 0.807051 0.804648 1.50287 0.87271 0.789511 0.858639 0.78339 0.772007 0.987659 1.06417 0.874929 0.835175 0.873227 1.12019 0.766768 0.750137 0.742682 0.725819 0.724349 0.71433
threshold=0 0.37469344944141031 1 7.0886893878297643 12.500000000000002 0.45682540215416095 0.22651656058883449 0.28597395072909265 -0.087011376989629671 -0.026797358644356947 0.27068320004441354 -0.054426214536281596 2 0.098870609607836238 27.835714285714289 0.92172181372549034 0.71875043945175177 60.500000000000007 0.8442887931034484 1.3715240801713524 0.39352889000492358 0.24536057784041326 3 0.37461525542541957 0.1210907286300152 4 -0.058791335103040458 5 7.4633658824812095 1.0000000180025095e-35 6 0.088369824178546705 7 -0.40719269435472633 3.350000000000001 0.68149420230295388 0.54502889283058675 -0.0022355862214753211 42.500000000000007 29.178571428571434 0.30109757131730436 2.3133212707532835 0.087011376989629699 -0.40546510810816427 -0.30084326019757263 7.0508839531223302 1150.6250000000002 1.5750028125100448 0.79763960122710109 0.94782214156079869 8 11.500000000000002 -0.17428676717720257 88.500000000000014 0.73663339753443646 -0.075732670437035118 0.15476190476190479 0.19621234125189727 1070.5000000000002 9 141.45000000000002 0.85163117305974456
decision_type=1 10 1 2 2 2 2 2 2 2 2 2 1 2 2 2 2 2 2 2 10 10 1 10 10 1 2 1 2 2 1 10 1 10 2 2 10 2 2 2 10 2 2 2 8 2 10 2 8 2 1 2 8 2 2 2 2 10 8 1 2 2
left_child=1 3 -3 41 5 6 7 8 9 -5 -9 -10 13 14 15 -6 -17 -18 -16 -20 23 22 59 27 -25 26 -14 28 29 31 -30 -2 33 34 -33 56 37 38 39 -4 -40 43 -39 -1 45 58 -34 57 -7 50 52 -52 -46 54 -51 -56 -35 -48 -45 -22 -50 -38
right_child=20 2 36 4 12 48 -8 10 11 -11 -12 -13 25 -15 18 16 17 -19 19 -21 21 -23 -24 24 -26 -27 -28 -29 30 -31 -32 32 46 35 -36 -37 61 42 40 -41 -42 -43 -44 44 49 -47 47 -49 60 53 51 -53 -54 -55 55 -57 -58 -59 -60 -61 -62 -63
leaf_value=-0.00053463710863465945 0.0014550600653332787 -0.0010528293226978406 0.0073023234003161382 0.00038630216333323804 -0.0023966621411035931 -0.0012117770708698103 -0.00059031126132406617 0.0082278382909181918 0.00034271338658376627 0.00362456399000079 0.0017460776809792072 -0.0004496649970697788 0.00017748720759235429 0.0008981466402376029 0.0025301501604519916 -0.00020676443872880536 0.0016611753063618792 0.0003777126316140145 -0.00040179725687281687 0.00033167105721811834 0.00058886817650866249 -0.0025556847544034506 -0.00074856112794943026 0.0024954958728799631 -1.6324264503535311e-05 -0.00035998139481185708 -0.0011618143044414676 -8.0743387609579205e-06 1.2082516795327249e-05 0.0058269318147062387 -0.00061058868092045524 -0.0001459310259039869 -0.001713618761188988 0.0011031603008176726 0.011553140239518053 -0.0015723698626094941 -0.00108358118338065 -0.00033553432757140405 0.0014433172843210762 0.0012571175333928831 -0.0012444180072810336 0.00095636427841301337 0.0016602994768028633 0.0036315322946547783 0.0042082579118889003 0.0031007370326994639 0.00068839358745497196 0.0028485203017729506 0.0034217420998874574 -0.00069657398814103712 0.0042096086442289741 -0.00067274549086627068 0.00069478545454699765 0.0020612376914543409 0.0028718344980193616 -0.00017552437156062139 -0.0026702176729257944 -0.0019992483189743854 0.00011389370986702915 -0.00011008694275403844 -0.0034792940540843255 0.0018020648366157297
leaf_weight=718 85 272 42 44 48 314 248 48 80 42 40 164 367 44 62 86 47 48 626 68 238 376 594 51 76 1183 669 17404 982 58 2775 65 284 305 96 68 182 116 71 74 53 83 52 68 64 44 198 49 42 983 74 294 235 57 43 88 60 277 242 378 41 126
leaf_count=718 85 272 42 44 48 314 248 48 80 42 40 164 367 44 62 86 47 48 626 68 238 376 594 51 76 1183 669 17404 982 58 2775 65 284 305 96 68 182 116 71 74 53 83 52 68 64 44 198 49 42 983 74 294 235 57 43 88 60 277 242 378 41 126
internal_value=-0.000373106 -0.000723836 0.000869564 -0.000940453 -0.00140422 -6.10914e-05 0.00115442 0.00288783 0.00166163 0.00655172 0.00741573 -8.16338e-05 -0.00184365 -0.000620193 -0.000988845 0.00197826 0.00381868 0.00755208 -0.00188904 -0.00240288 -0.000253583 -0.00137366 -0.000660612 -0.000175835 0.00402344 -0.00239686 -0.00131805 -0.000199499 -0.000745343 0.000468951 -0.00124667 7.72838e-05 -0.000220956 0.00120661 0.00429012 8.0644e-05 0.00195323 0.00344743 0.00560166 0.00957265 0.00184 -0.000272212 0.000355028 -0.000412231 6.38383e-05 0.00304225 -0.00126984 -0.000133335 -0.00209799 -0.000511149 0.000845807 -0.000897099 0.00291935 -0.00128413 -0.00158745 0.00223485 0.00102459 -0.000787816 0.00209003 0.0007496 0.00220238 3.23613e-05
internal_weight=32711 8292 988 7304 4311 1063 666 418 330 86 88 244 3248 1029 985 229 181 95 756 694 24419 1586 1210 22833 127 2219 1036 22706 5302 1545 3757 1487 1402 594 161 433 716 408 240 116 124 2993 168 2910 2192 354 808 524 397 1838 667 368 299 1171 1114 131 365 475 310 616 83 308
internal_count=32711 8292 988 7304 4311 1063 666 418 330 86 88 244 3248 1029 985 229 181 95 756 694 24419 1586 1210 22833 127 2219 1036 22706 5302 1545 3757 1487 1402 594 161 433 716 408 240 116 124 2993 168 2910 2192 354 808 524 397 1838 667 368 299 1171 1114 131 365 475 310 616 83 308
cat_boundaries=0 1 2 3 4 5 6 7 8 9 10
cat_threshold=450 1544 1410 686 6 4 2113 57 601 1068
is_linear=0
shrinkage=0.05


Tree=131
num_leaves=63
num_cat=4
split_feature=39 9 33 1 31 8 5 6 17 9 3 7 27 41 22 9 13 20 39 41 12 20 8 20 26 25 18 1 41 27 15 16 7 1 26 31 15 31 12 8 30 11 5 18 12 23 26 31 31 5 10 12 18 19 17 16 41 20 3 25 12 22
split_gain=0.994214 0.955052 1.01788 0.872339 0.759979 0.744474 0.853353 1.0022 0.751494 0.970154 1.14649 0.929923 1.50985 0.886466 0.723064 0.765894 0.679453 0.786192 1.2337 1.22259 1.37193 2.16331 1.16203 1.11655 1.28435 1.25085 1.40813 1.06058 1.04322 1.03874 0.984887 1.33418 1.19175 1.1678 1.10931 1.64539 1.45237 2.13179 1.46976 1.224 2.17129 1.50846 1.2969 1.19166 1.03905 1.10089 0.961998 1.44346 1.24146 0.914356 0.908732 0.901719 1.42312 1.74358 0.836626 1.14316 0.803662 0.790377 1.71566 0.889397 1.86613 2.1411
threshold=0 1.0000000180025095e-35 30.235714285714291 0.68642336285304417 580.60000000000002 0.016376077632875127 7.0071785515497576 6.6464579753224902 0.15948709796799213 0.10316884670386559 0.27210663751975656 6.9897584909408375 30.500000000000004 3.1873863636363646 -0.19055808923058806 0.082544645460972288 0.6535057378379584 0.046080406999490668 1 2.3341942468295707 69.500000000000014 0.068862320143173464 0.66638539202183866 0.038932168420923355 37.500000000000007 2 0.056250992178504357 -0.57954064028608065 795.07377049180343 1.5000000000000002 1.2328376439300568 -0.16093036681263703 7.2638556551393476 -0.49247739418952946 36.500000000000007 6.1500000000000012 0.28297263290048985 188.85000000000005 35.500000000000007 0.07797400143447944 75.000000000000014 70.500000000000014 6.8643434341671963 0.30638062398174548 25.500000000000004 -0.15415067982725814 47.500000000000007 41.800000000000011 60.70000000000001 8.3855004425518196 0.067876130187097164 5.5000000000000009 0.64030076695018401 0.037626654402128167 0.65031297851998804 3.6041150866163352 88.310655737704948 0.021923034641618554 0.042559614418796084 3 59.500000000000007 0.11127815887727728
decision_type=1 8 2 2 2 8 2 2 2 10 2 2 2 2 8 8 2 10 1 2 2 10 10 10 2 1 10 2 2 2 2 2 2 2 2 2 2 2 2 10 2 2 2 10 2 10 2 2 2 2 2 2 10 2 2 2 2 10 2 1 2 8
left_child=5 2 -2 4 16 6 7 -1 9 10 11 12 -7 -11 15 -13 -3 18 27 20 -19 -22 -21 25 -25 29 28 -18 -27 -20 33 -32 -33 -29 39 -36 46 38 -38 40 41 -35 44 -43 -41 -46 -37 50 -49 -24 -48 52 -28 -54 57 -56 -31 59 -59 60 61 -53
right_child=1 3 -4 -5 -6 8 -8 -9 -10 13 -12 14 -14 -15 -16 -17 17 19 23 22 21 -23 49 24 -26 26 51 30 -30 56 31 32 -34 34 35 36 37 -39 -40 42 -42 43 -44 -45 45 -47 47 48 -50 -51 -52 54 53 -55 55 -57 -58 58 -60 -61 -62 -63
leaf_value=-0.0020605134819988986 -3.0405638555214386e-05 -7.9626201380371525e-05 0.001897608604015853 -0.0019997932110581889 0.0019036797689248493 -0.00032153492240186035 -0.00020452402964416189 0.0016115852681157249 -0.00035066447822427766 0.0019096961561318596 0.00078393680315962447 0.00027808156052893941 0.0011242565581093306 -0.00019789876159211303 -0.00019424558598438231 -0.00096823770735751072 -0.00046591994651679758 -4.1253426984840192e-05 0.0022963324682575229 -0.00026551423495872083 -0.00085937917411827629 0.015023494211833063 0.00026133625828039954 0.0001289023622450593 0.0067312474554385828 -0.00031374589552993887 -1.1168983134792874e-05 0.0021506371367316156 0.0011302275649708079 -0.00016333958700574986 0.0048331035177326042 0.0044238423387976183 2.3519831978675453e-05 -0.00020005324547979529 -0.0011182002201760928 7.2263042055271045e-05 0.0043734556060336998 0.0035023528660668556 7.6768772041451312e-05 -3.4304302672327193e-05 0.0014977642390309753 0.003938815151637084 -0.00015513614221626895 0.00027824190813000743 0.0079624103700684547 0.0011401282127006509 0.0045729117084112678 0.0037619776576979583 0.0016269661133207058 0.014587812463986067 -0.0010788347044769601 0.007622300508522719 0.0061690861494559492 0.00010972921981455435 -0.00040209400077588779 0.0028992629912768476 -0.0016897518796392397 0.0031256877151748276 -0.0002317269888460154 -4.6368167804937047e-05 -8.5788617442945553e-05 0.0036596084537653065
leaf_weight=56 43 13326 41 394 50 68 346 41 2015 83 69 61 79 1406 595 43 161 200 46 3666 44 64 76 103 47 1610 92 69 42 809 44 59 172 218 168 597 51 55 120 99 47 41 2313 47 57 70 48 41 69 54 55 74 53 42 452 42 695 40 46 712 246 128
leaf_count=56 43 13326 41 394 50 68 346 41 2015 83 69 61 79 1406 595 43 161 200 46 3666 44 64 76 103 47 1610 92 69 42 809 44 59 172 218 168 597 51 55 120 99 47 41 2313 47 57 70 48 41 69 54 55 74 53 42 452 42 695 40 46 712 246 128
internal_value=-0.000348614 -0.000233044 0.00505882 -0.000249326 -0.000215637 -0.00100759 -0.00296171 0.00117347 -0.00081335 -0.000216217 0.00106441 0.000554898 0.0041554 -0.00100336 -0.000207144 0.00361905 -0.000227016 1.6445e-05 0.00025807 -0.000565166 0.00245955 0.00697248 -0.000811168 -0.000263706 0.00397351 -0.00038889 0.00012674 0.000855376 -0.00094374 -0.00156951 0.00100203 0.00389493 0.00234914 0.000810128 0.000700511 0.0019751 0.00271938 0.00625551 0.0034593 0.000169373 0.00292373 0.00136808 -0.000214568 0.00685393 0.00339207 0.00636719 0.00172626 0.0046028 0.00855856 0.00381679 0.000336537 0.00104512 0.00433511 0.00859375 0.000689258 -0.00105051 -0.00180731 0.00137931 0.00597701 0.00103359 0.0027451 0.00635468
internal_weight=32700 27838 84 27754 27360 4862 443 97 4419 2404 915 846 147 1489 699 104 27310 13984 9880 4104 308 108 3796 5279 150 5129 3579 4601 1652 1550 4440 275 231 4165 4096 1204 1036 226 171 2892 353 306 2539 88 226 127 810 213 110 130 103 1927 187 95 1740 494 1504 1246 86 1160 448 202
internal_count=32700 27838 84 27754 27360 4862 443 97 4419 2404 915 846 147 1489 699 104 27310 13984 9880 4104 308 108 3796 5279 150 5129 3579 4601 1652 1550 4440 275 231 4165 4096 1204 1036 226 171 2892 353 306 2539 88 226 127 810 213 110 130 103 1927 187 95 1740 494 1504 1246 86 1160 448 202
cat_boundaries=0 1 2 3 4
cat_threshold=194 5889 3201 112
is_linear=0
shrinkage=0.05


Tree=132
num_leaves=63
num_cat=4
split_feature=39 41 17 26 42 33 31 7 21 30 5 4 9 3 22 6 7 15 14 41 39 24 20 31 7 6 10 26 30 9 20 13 41 14 21 10 15 7 20 9 10 16 15 14 26 9 12 6 16 42 0 39 5 26 7 20 44 33 22 7 15 17
split_gain=0.813312 1.03686 1.06207 0.847743 0.862236 0.646128 0.588232 0.965501 1.23581 1.55868 1.7959 1.96726 1.50946 0.816563 0.796644 0.925539 0.941976 0.803922 1.12641 1.1233 1.42392 1.37699 0.964342 1.52296 0.915698 0.806624 0.871487 1.29555 1.00072 1.29969 0.952379 0.936706 1.02434 1.49743 0.949885 1.00649 0.885979 1.44786 0.854392 0.847453 1.76394 0.837716 0.805711 0.963065 0.778325 0.775294 1.05716 1.59918 0.927747 0.896352 1.4476 0.891994 1.44777 1.14067 1.77475 1.57129 0.775511 0.746194 0.74069 0.731959 0.710587 0.955364
threshold=0 5.401612903225808 0.39293404295577156 10.500000000000002 0.76579122340425543 35.178571428571438 1.1500000000000004 6.6401665805382963 900.1450000000001 0.25000000000000006 6.5838950684957025 -0.35278105159435563 0.25926381216828381 0.026875960849543915 -0.041621424690881953 6.7952879767400027 6.7232230142431915 -0.94893256002387349 0.093211181429115678 3.7338541666666671 1 2 -0.017795993270534459 117.75000000000001 6.7048439760925769 8.3498601413128419 -0.064663728246554961 49.500000000000007 39.550000000000004 0.11543296922784139 0.019906687615643234 1.0434793950875321 6.9177883232671853 -0.11778303565638369 2834.1650000000004 -0.0005649197549342232 -0.44179193428644531 7.0886893878297643 -0.0099252170920755261 0.16362791586378342 -0.14899573374838268 -0.56417316685046071 -0.38333354518105661 -0.19720364239053098 5.5000000000000009 0.078117961161406332 80.500000000000014 8.0515874334410871 0.036133568492530806 0.96899038461538478 0.3746990711431249 3 8.3248427731453312 21.500000000000004 7.1944698837610011 -0.024334982943738492 0.38750000000000007 31.092857142857145 -0.0090507446116534981 7.0886893878297643 -0.027683760312952273 -0.12616519315946892
decision_type=1 2 2 2 2 2 2 2 10 2 2 2 10 2 10 2 2 2 2 2 1 1 10 2 2 2 2 2 2 10 10 2 2 2 10 2 2 2 10 8 2 2 2 2 2 10 2 2 2 2 2 1 2 2 2 10 2 2 10 2 2 2
left_child=1 2 5 4 -3 -1 45 8 9 10 11 -8 -10 -14 15 -9 -17 -16 24 -20 21 22 -21 -24 -19 26 28 31 -26 -30 -29 34 -33 -34 36 -36 37 -28 -35 40 -27 -39 -37 -44 -38 46 56 48 -48 -47 51 52 53 54 -51 -56 59 -42 -49 -2 61 -53
right_child=6 3 -4 -5 -6 -7 7 14 12 -11 -12 -13 13 -15 17 16 -18 18 19 20 -22 -23 23 -25 25 39 27 30 29 -31 -32 32 33 38 35 42 44 41 -40 -41 57 -43 43 -45 -46 49 47 58 -50 50 -52 60 -54 -55 55 -57 -58 -59 -60 -61 -62 -63
leaf_value=-0.00036081949055161221 0.00082660532451354928 0.0034896482496988529 0.0037437631136028647 -0.00025455462664804399 -7.8180474658104542e-05 0.001893721121090403 0.0027785565922277301 -0.00059137817705986161 0.0083326095066668625 -0.00043757198689488709 0.0043758449504464622 -0.00030329800902307978 0.028206757060501443 -0.00051275918726578545 -0.0009438251182200129 0.0038365266791475327 -2.2737849395267469e-05 0.0018914058564792448 0.00036324408329944962 -6.9551124201160247e-05 -0.00058016757918949555 -0.00025002858513517481 0.0019201816389179342 4.9499573728105736e-05 -0.00083397910027096806 0.0028248603590833596 0.0017418684790557141 0.00016437772391827575 0.0010149360901879898 -0.00030364039650330825 0.0057003351676085902 -0.00095099754960619723 0.00021682362358132901 0.0068419321609778649 0.0018326711134232705 -0.0025339006031140756 0.00060644805937810106 0.001406161668263262 0.0016313887871804442 -0.0014919753427255537 -0.0004992314483967267 -0.00096045592901506803 0.0018258856497653528 8.2652908389569641e-05 -0.00032818651828015578 -0.00040299996246558701 0.0014146920687587237 -0.00011561273164503697 0.00018952615001822286 -0.00045461689780514671 0.0046962461667673181 -0.0010775442906418228 -0.0010858847083315855 -0.0011042331662279943 0.0041810503821619466 0.0012309703827252797 0.0026156627853482282 0.0009635009695523986 0.0003404785832727597 -0.00020045866506932647 -0.00091362188857234373 0.00070559236147038856
leaf_weight=234 75 41 71 1001 163 61 47 509 60 394 63 137 40 72 736 45 14758 58 240 66 2174 162 49 41 615 45 72 70 68 138 45 61 106 43 50 69 72 83 59 397 244 147 61 197 1257 4803 53 71 49 48 59 346 117 44 42 82 46 120 40 480 796 348
leaf_count=234 75 41 71 1001 163 61 47 509 60 394 63 137 40 72 736 45 14758 58 240 66 2174 162 49 41 615 45 72 70 68 138 45 61 106 43 50 69 72 83 59 397 244 147 61 197 1257 4803 53 71 49 48 59 346 117 44 42 82 46 120 40 480 796 348
internal_value=-0.000476468 -0.00158344 0.000735694 -0.002301 0.000634145 -0.000591217 -0.000419982 -0.000297834 0.00139435 0.000381619 0.0034879 0.000972972 0.00514451 0.00168141 -0.000358082 -0.000150853 -7.86961e-05 -0.000778559 -0.000608665 -0.00139407 -0.00170879 0.00139818 0.00461078 0.00824176 -8.21493e-05 -0.000172887 0.000182015 0.000664437 -0.00122263 0.00178744 0.00581896 0.000401667 0.00316667 0.00483253 2.98644e-05 0.00228836 -0.000493261 0.00194719 0.00912621 -0.00158612 1.21939e-05 -1.18693e-09 0.00126524 0.00254826 -0.00104887 -0.000806001 0.000650306 0.00366822 0.00815534 -0.000983399 -5.84186e-05 -0.00030976 0.00199128 0.00447004 0.00630058 0.00944 -0.000423589 -0.00115069 -0.000491073 -0.000944246 -0.000832779 0.000330934
internal_weight=32740 1571 366 1205 204 295 31169 23670 813 641 247 184 172 112 22857 15312 14803 7545 6809 2732 2492 318 156 90 4077 4019 3213 2392 821 206 115 2277 269 208 2008 377 1631 302 102 806 409 230 327 258 1329 7499 814 213 102 6685 1882 1823 333 216 172 124 601 364 111 555 1490 694
internal_count=32740 1571 366 1205 204 295 31169 23670 813 641 247 184 172 112 22857 15312 14803 7545 6809 2732 2492 318 156 90 4077 4019 3213 2392 821 206 115 2277 269 208 2008 377 1631 302 102 806 409 230 327 258 1329 7499 814 213 102 6685 1882 1823 333 216 172 124 601 364 111 555 1490 694
cat_boundaries=0 1 2 3 4
cat_threshold=128 24 10 516
is_linear=0
shrinkage=0.05


Tree=133
num_leaves=63
num_cat=9
split_feature=10 25 13 0 21 33 13 19 41 9 41 10 9 13 4 17 18 33 27 25 39 2 12 21 41 33 2 2 16 17 19 10 10 41 25 20 15 3 19 30 22 25 0 4 16 12 9 11 25 18 21 21 13 33 33 22 25 6 39 24 16 2
split_gain=0.718307 1.38346 1.21014 1.76649 1.56077 1.25114 1.14841 0.965502 0.80448 1.0517 0.76255 0.856377 0.756439 0.886448 0.815508 0.737232 1.01924 0.869238 0.795328 1.68182 1.60397 1.28519 1.19528 1.2393 1.12821 1.00087 0.917208 1.07074 0.865852 0.82972 1.0789 0.996887 2.05213 0.996303 1.01232 1.20246 0.989748 1.11184 1.64497 1.26306 1.48575 1.00888 0.913803 0.994249 0.911875 0.911789 0.858499 0.837303 0.823701 0.808673 0.938902 0.80662 0.832856 0.772191 0.772755 0.763495 0.76237 0.931947 0.743892 0.938989 0.739887 0.734716
threshold=0.10834251511497374 0 0.63661146881298392 -0.070768404221985368 1975.8350000000003 28.421428571428574 0.81081190650405721 0.087407681764948716 130.30056529112497 0.25528033990991811 292.94923237054394 0.19566393035367249 0.02546646264633946 0.51646960634302419 -0.24818213682811405 -1.7559653079089594 -1.8256025533177804 29.678571428571434 5.5000000000000009 1 2 -0.06221868505897498 35.500000000000007 2184.6600000000003 35.029582693292376 30.535714285714292 -0.0040088955051325028 0.087011376989629699 -0.43078291609245384 0.2171244432054911 0.13782958745791904 -0.038202406377103586 -0.11497311253603824 3.864346246973366 3 -0.034264168046360614 -0.71942200942108625 -0.22314355131420924 -0.0012455199100566028 30.450000000000006 -0.48994925980589915 4 0.19783355589095566 -0.085780725679486899 -0.30861627500197381 76.500000000000014 0.24941697641332231 54.500000000000007 5 -0.0094095759311723353 1200.5000000000002 5904.1650000000009 1.6002280821917811 29.078571428571436 28.63571428571429 -0.42109216111082687 6 7.9866414556247944 7 8 -0.33821966377681884 -0.22314355131420924
decision_type=2 1 2 2 10 2 2 2 2 10 2 2 8 2 2 2 10 2 2 1 1 2 2 8 2 2 2 2 2 2 2 2 2 2 1 10 2 2 2 2 10 1 2 2 2 2 10 2 1 10 10 10 2 2 2 10 1 2 1 1 2 2
left_child=12 2 -2 4 10 -6 -7 -5 -9 -10 11 -4 13 -1 -14 16 -16 -18 19 20 -17 22 -22 -24 25 -21 -23 49 48 30 36 32 -32 34 35 -31 41 38 39 56 -41 -30 51 -44 47 -45 -37 -35 58 -28 -51 52 60 54 -36 -54 57 -38 -20 -60 -39 -62
right_child=1 -3 3 7 5 6 -8 8 9 -11 -12 -13 14 -15 15 18 17 -19 28 24 21 26 23 -25 -26 -27 27 -29 29 33 31 -33 -34 44 53 46 37 42 -40 40 -42 -43 43 45 -46 -47 -48 -49 -50 50 -52 -53 55 -55 -56 -57 -58 -59 59 -61 61 -63
leaf_value=0.00046157227608990738 -0.0003366552034209616 -0.000472590574651032 0.0031775394791954421 6.3503476059553437e-05 0.0028413863098592845 0.0021574845036903042 0.00041422084342430232 -0.0011345466473555227 -0.00077420981630004415 0.00096877439067925538 -0.00069647887316820511 -0.0011814461966881545 -0.00016352323668168418 -0.00010562322965079334 4.4742471483933112e-05 -0.00038455354469410432 0.0026728616819789966 0.0034796148758680966 -0.00048118546081795478 0.00080742318172383621 0.0009038557805648228 -0.00019485696687466435 0.0031867311352171655 0.0019363657500750288 -0.00029404314010642751 -0.0006636295986061564 0.0037022768600133392 -0.00044141138698446098 0.0006859967352293413 0.002525070147527187 -7.3186290088741779e-05 0.00017898746651588742 0.0040939420934227363 0.0028169313726977112 6.8240494445948497e-05 2.888872220688323e-05 0.00035001901629171686 -0.00041948968939763695 -4.931456717907541e-05 0.0047079592142109271 0.0010790449519733839 -0.00070031019196654574 -0.00084168360075875933 0.0011646279853721878 -0.00019049058986065758 0.0031083192402873452 0.0028503074393794931 -0.00043961034191675934 -0.00072315014214083273 0.0028246313317974387 -9.7674152859459194e-05 -0.00045387612587268226 0.0045576431939294655 -0.00064832478140326895 0.0042833318533114602 0.00049662457250592611 -6.5358831954816067e-05 0.0026065837568289112 0.001835166601541373 3.6354737108973339e-08 -0.00077976140708983462 6.2523801116424118e-05
leaf_weight=42 2302 4082 69 2089 64 53 122 372 93 43 78 95 7091 360 225 110 44 49 458 379 42 64 41 79 766 123 46 71 151 42 49 176 68 58 199 161 67 292 333 40 45 347 64 102 4298 49 66 50 1117 41 48 602 44 258 59 72 113 44 111 612 229 3286
leaf_count=42 2302 4082 69 2089 64 53 122 372 93 43 78 95 7091 360 225 110 44 49 458 379 42 64 41 79 766 123 46 71 151 42 49 176 68 58 199 161 67 292 333 40 45 347 64 102 4298 49 66 50 1117 41 48 602 44 258 59 72 113 44 111 612 229 3286
internal_value=-0.000384018 -0.000751349 -0.000222594 0.000425462 0.00320539 0.0060625 0.00383523 -9.04554e-05 -0.00204322 0.00124087 0.000370369 0.00230303 -0.000234712 -0.00238214 -0.000196881 3.16517e-06 0.00238244 0.00675532 -4.58876e-05 0.000938707 0.00323689 0.00460496 0.00822086 0.0107438 -7.03687e-05 0.00176938 0.00258302 0.0042029 -0.00017639 2.63849e-06 0.000394395 0.00335034 0.00690678 -0.000463214 0.00117684 0.00358928 0.000246556 0.000443989 0.00239502 0.00501613 0.0101744 -0.00188377 0.000179286 0.00335648 -0.000755617 0.00555921 0.00225877 0.00376147 -0.00106133 0.00680147 0.00394444 2.7617e-05 0.000289244 -0.000151804 0.00177606 0.00444444 0.00302222 0.00569672 -0.000130035 0.000865121 0.000161501 0.000362627
internal_weight=32745 9462 5380 3078 481 239 175 2597 508 136 242 164 23283 402 22881 15790 318 93 15472 1810 542 432 162 120 1268 502 270 206 13662 11364 6173 293 117 5191 785 269 5880 5382 642 309 85 498 4740 215 4406 151 227 108 2298 135 89 4525 3923 516 258 116 224 111 1181 723 3807 3515
internal_count=32745 9462 5380 3078 481 239 175 2597 508 136 242 164 23283 402 22881 15790 318 93 15472 1810 542 432 162 120 1268 502 270 206 13662 11364 6173 293 117 5191 785 269 5880 5382 642 309 85 498 4740 215 4406 151 227 108 2298 135 89 4525 3923 516 258 116 224 111 1181 723 3807 3515
cat_boundaries=0 1 2 3 4 5 6 7 8 9
cat_threshold=2916 1076 4097 550 336 669 3082 5040 16
is_linear=0
shrinkage=0.05


Tree=134
num_leaves=63
num_cat=7
split_feature=8 10 15 24 25 12 1 9 39 16 25 0 8 6 19 9 2 25 18 8 3 8 1 0 20 3 33 20 37 7 6 12 6 42 15 23 2 15 33 2 1 9 0 20 20 10 17 2 12 9 24 12 26 33 19 25 4 9 8 7 15 9
split_gain=1.09819 0.856329 0.966496 0.906017 0.828288 0.704329 0.602476 1.09424 1.55243 1.20569 1.34999 1.32652 0.893256 1.25132 1.24926 1.53845 2.02286 0.969585 0.967847 0.921332 0.911091 0.89766 1.4207 1.77904 1.26836 1.06182 1.27921 1.62444 1.05574 0.864688 1.8671 1.66194 1.55263 1.63431 0.916928 2.02292 0.860614 2.49472 2.31022 1.23576 0.873063 1.13737 0.869197 1.4178 1.04356 0.867697 1.26363 1.45853 0.859846 0.835651 1.13992 2.04338 1.27163 1.08757 0.994194 0.983568 1.71812 0.836144 0.82792 0.801415 0.881366 1.69491
threshold=1.0000000180025095e-35 0.40522010576309292 -0.17177074670942843 0 1 23.500000000000004 0.033522710769933191 0.20295581475570548 2 -1.587340572934653 3 -0.054021785363873136 0.061259138764770536 7.9677674767130666 0.045303975909410987 0.11358753872610934 -0.064537952955430175 4 -1.0808198097495783 0.22897260659177462 0.11778321422784367 0.14758676952155445 -0.14517909599376108 -0.16251892949777466 -0.00089795902385690705 0.080043476903714175 32.550000000000018 -0.017224084477410282 14.500000000000002 7.4391791673434939 7.3335166231310787 39.500000000000007 7.3991107479025766 0.9842509920634922 1.0880943938967671 -0.056926878758246861 -0.10536051565782632 0.9808292530117263 29.721428571428579 -0.1119036027531015 -0.14517909599376108 0.11095851683511995 -0.090971778205726647 0.053693530592035986 0.018815086432547791 -0.030509777403572521 0.2171244432054911 -0.24512202325018692 70.500000000000014 0.17747394124503016 5 66.500000000000014 19.500000000000004 27.107142857142858 0.025769523395773004 6 -0.28622520336252583 0.29576389083322646 0.04345458405067195 8.180417432131895 0.14138539285598831 0.1434388497439002
decision_type=8 2 2 1 1 2 2 8 1 2 1 2 10 2 2 10 2 1 10 10 2 10 2 2 10 2 2 10 10 2 2 2 2 2 2 10 2 2 2 2 2 10 2 10 10 2 2 2 2 8 1 2 2 2 2 1 2 10 8 2 2 10
left_child=-1 6 -3 4 5 -4 7 8 9 10 11 -2 13 -11 15 17 -17 58 -14 21 -21 36 59 24 -24 28 27 -27 -25 30 -10 -32 33 -33 -31 48 37 39 -39 42 41 -38 -20 44 45 46 47 -44 -36 -8 51 55 54 -54 -53 56 -51 -57 -15 -23 61 -61
right_child=1 2 3 -5 -6 -7 49 -9 29 12 -12 -13 18 14 -16 16 -18 -19 19 20 -22 22 23 25 -26 26 -28 -29 -30 34 31 32 -34 -35 35 -37 40 38 -40 -41 -42 -43 43 -45 -46 -47 -48 -49 -50 50 -52 52 53 -55 -56 57 -58 -59 -60 60 -62 -63
leaf_value=-0.00014095589368060433 0.00010645275717982989 -0.0019416214410461 0.0022651580106233054 -0.0008458154393958747 -0.00089748713361612574 0.00022262401029456873 -0.00019596767858549386 -0.00017571076894688082 -6.6976049778487624e-05 -0.00092099194113505695 -0.00029306276273466619 0.0035447767479562576 -0.00034964084191560084 0.0015215274964777009 -0.0010475241392551621 -0.00011963159699015948 0.0024242060607941409 -0.00037343107361794792 -0.00026176377938323382 -0.00067188842501011059 0.00042768648654323001 -0.00038014529689362934 0.0049305164707534165 0.00012349455852855057 0.0018680759537397903 7.3299094224793187e-05 3.9059704447271925e-06 0.003265426582719084 0.0011477367715106953 -0.00034921790316446832 -0.00042522323064350778 0.00320041758035032 0.00026967103934462486 0.0011645097489247282 0.0016432776003434098 -0.00045827449354906858 0.0018063653149250512 0.0014205993923685049 0.0066716048177852608 0.0012501368870417586 -1.6079268482782139e-05 9.7265818367708856e-05 -7.3620473586116188e-06 0.0020999156986417802 -0.00070691397787382574 -0.00027127958014920979 -0.000104212526648158 0.0021017523758150064 0.00020169350257359531 0.0073657228781184667 -0.0001227643954246547 0.0049529941891179752 0.0045110474450621866 0.00038222245270627604 0.0067321773304289123 -4.9674846001721767e-06 1.1832799990785714e-05 -0.0017790092393460046 0.00016959396473094915 0.0028141474800437165 -0.00022548099846851348 -7.1919673757126764e-05
leaf_weight=761 48 618 62 407 251 315 6292 6673 2286 500 110 62 597 44 204 65 67 223 363 383 63 240 47 369 56 40 64 71 48 2436 147 67 120 63 41 92 81 43 42 40 1681 116 51 44 143 69 103 112 44 57 4443 73 40 236 50 294 234 177 62 43 102 51
leaf_count=761 48 618 62 407 251 315 6292 6673 2286 500 110 62 597 44 204 65 67 223 363 383 63 240 47 369 56 40 64 71 48 2436 147 67 120 63 41 92 81 43 42 40 1681 116 51 44 143 69 103 112 44 57 4443 73 40 236 50 294 234 177 62 43 102 51
internal_value=-0.000427171 -0.000382439 -0.00149033 -0.00055502 0.000641626 0.00210051 -0.000321975 -0.000142804 0.000147734 0.000668162 0.00429864 0.00785124 0.000540301 -0.000707548 0.000713212 0.00215368 0.00669173 0.000318181 0.000827571 0.00108038 -0.00107383 0.00131965 0.00251325 0.00391523 0.00995192 0.00284991 0.00610795 0.00933036 0.00147129 -0.000486152 0.000143441 0.00330402 0.00577689 0.00954198 -0.00113428 0.00233146 0.000851505 0.00202769 0.0101744 0.0012689 0.0002182 0.00335858 0.000874717 0.00217973 0.00137787 0.00290178 0.00419476 0.00692073 0.00784884 -0.000599312 -0.00015522 0.00123293 0.0041375 0.00223827 0.00834677 -0.000275231 0.0019702 -0.00167013 0.00401709 0.000274598 0.00263959 0.00610526
internal_weight=32726 31965 1653 1035 628 377 30312 18416 11743 6447 220 110 6227 1165 665 461 132 329 5062 4465 446 4019 1131 695 103 592 175 111 417 5296 2683 397 250 130 2613 177 2888 1010 85 925 1878 197 885 522 478 335 266 163 85 11896 5604 1161 399 276 123 762 291 471 106 436 196 94
internal_count=32726 31965 1653 1035 628 377 30312 18416 11743 6447 220 110 6227 1165 665 461 132 329 5062 4465 446 4019 1131 695 103 592 175 111 417 5296 2683 397 250 130 2613 177 2888 1010 85 925 1878 197 885 522 478 335 266 163 85 11896 5604 1161 399 276 123 762 291 471 106 436 196 94
cat_boundaries=0 1 2 3 4 5 6 7
cat_threshold=13 3424 4723 3211 1065 16 2584
is_linear=0
shrinkage=0.05


Tree=135
num_leaves=63
num_cat=5
split_feature=8 7 1 1 39 28 17 31 30 21 26 14 19 0 8 13 33 20 8 4 6 33 23 5 30 26 3 20 7 39 13 21 11 11 8 26 15 2 3 7 25 30 33 23 25 8 25 21 12 7 13 20 11 42 1 17 14 14 4 15 2 11
split_gain=0.844876 0.6148 0.890705 0.87381 0.900532 1.50753 1.37824 1.31731 1.21597 1.36166 2.43823 1.12489 1.16088 1.34125 1.05183 1.74985 1.01881 2.80955 1.00432 1.38054 0.969886 0.950771 2.34654 1.75598 1.41515 1.58046 1.46858 1.60333 1.30095 1.26402 1.16813 1.11451 1.01202 0.936465 1.44082 1.43635 1.14506 0.937026 0.934941 0.926478 1.45406 1.25883 0.903678 0.973008 0.88775 0.893301 1.27307 1.37609 1.68895 1.85632 1.17502 1.70077 1.0341 0.982273 1.59977 1.50425 2.3577 0.851556 0.847847 0.835635 0.818025 0.808238
threshold=1.0000000180025095e-35 7.8644572920487503 -0.61981900612238972 0.2876820724517804 0 1.0000000180025095e-35 -1.1280569483395193 366.15000000000015 60.650000000000013 7518.7500000000009 43.500000000000007 -1.2991060869057016 -0.3112406574993874 -0.050814394421914592 0.081764339669930616 0.69334788305498829 27.792857142857148 -0.004674971834650616 0.08784371839366821 0.41379947468761064 7.1587739141840769 29.035714285714292 0.027980913348228945 7.9788612224366569 1.0000000180025095e-35 41.500000000000007 -0.22314355131421013 -0.032195186504355357 7.6912087962762312 1 0.71875043945175177 2288.7500000000005 44.500000000000007 80.500000000000014 0.2737600715505733 14.500000000000002 -0.78572470735093558 0.33280761052322699 -0.015750075715674324 7.228466650397734 2 103.3 35.921428571428585 0.10857208928269337 3 0.1295677733978077 4 1500.8350000000003 70.500000000000014 7.0262191014631474 0.82391515822540373 0.026537650182394058 37.500000000000007 0.90180006428801041 -0.15415067982725847 0.098152758895497474 0.093211181429115678 0.10536051565782602 0.010334882583398654 -0.14842000511827289 -0.023669145285302392 15.500000000000002
decision_type=8 2 2 2 1 2 2 2 2 8 2 2 2 2 10 2 2 10 10 2 2 2 8 2 2 2 2 10 2 1 2 10 2 2 10 2 2 2 2 2 1 2 2 8 1 10 1 8 2 2 2 10 2 2 2 2 2 2 2 2 2 2
left_child=-1 2 -2 4 7 8 20 11 9 18 16 -4 13 -13 -9 -16 17 -11 19 -6 60 22 23 24 57 26 -26 -28 30 -24 -29 58 -30 36 -35 -36 -23 44 -22 -14 -41 -42 -37 -44 -38 46 52 48 49 -48 -49 -52 -46 54 -47 59 -57 -8 -31 -56 -7 -55
right_child=1 -3 3 -5 5 6 21 14 -10 10 -12 12 39 -15 15 -17 -18 -19 -20 -21 38 33 29 -25 25 -27 27 28 32 31 -32 -33 -34 34 35 42 37 -39 -40 40 41 -43 43 -45 45 53 47 50 -50 -51 51 -53 -54 61 55 56 -58 -59 -60 -61 -62 -63
leaf_value=-0.00012448211461450433 -0.00090264894176645099 -0.00011685239741910081 -0.00090147427309670626 -0.00044847093922596579 -0.00024387238509749007 0.0043345562802512378 0.0013430901516960179 -0.00010735933118394145 -0.0014348282191409486 -0.0018534663054816732 0.01285833518675971 -0.00022891085028096296 1.2879977736912077e-05 0.00078076758971637092 1.0493211140445713e-06 0.0023642114313349757 -0.001216897585256236 0.0051600766999583374 -0.00046350308772979135 0.0013936211152217359 0.00013041944233260853 -0.0019889890475573622 -0.00029368837767160575 0.0034762524568168387 -0.00035692515050422482 -0.00082991513660769811 -0.00015922582274880586 0.0016024544956159713 -0.0007385737192809206 0.0051538488402465762 0.0049331290802638568 -8.2995579477531471e-05 0.0018686216160858954 -0.00067933627883023592 -0.00127559132525968 0.0018092185104886826 -0.00060563564825792161 -0.00046824968958385872 0.0040828612620368385 -0.00053459368649949254 -6.3787679841124698e-05 0.0012936159564762573 -0.0014234434953072979 0.0037717758539830039 -0.0018012041993979867 -0.00055067115470545621 0.0016816446471212541 9.6816560087962987e-06 -0.0006214193929887815 0.0050547003992250259 0.0063457543408377646 6.4086980556971309e-05 0.0005218829017769799 0.0019780443188893004 0.00091350914110521026 0.049704922525541533 0.0014961659896096881 0.0041599909723708138 0.0011954617645027633 -0.00053997629917465527 -0.00078292801900183516 -0.0001729502108774796
leaf_weight=764 374 14311 434 1857 135 51 48 78 274 48 42 62 4267 94 48 54 170 53 1075 47 52 185 662 57 103 137 50 49 51 68 54 99 41 702 83 75 199 180 92 1415 1964 40 44 42 100 78 103 207 40 43 40 45 120 230 45 40 57 41 46 42 66 890
leaf_count=764 374 14311 434 1857 135 51 48 78 274 48 42 62 4267 94 48 54 170 53 1075 47 52 185 662 57 103 137 50 49 51 68 54 99 41 702 83 75 199 180 92 1415 1964 40 44 42 100 78 103 207 40 43 40 45 120 230 45 40 57 41 46 42 66 890
internal_value=-0.000409994 -0.000370964 -0.000175528 -0.000123895 -2.23647e-06 0.000408346 0.000833332 -0.000351956 -0.000823849 -0.000286443 0.00265923 -0.000444607 -0.000307282 0.00394904 0.0038674 0.00718446 0.000900734 0.00485294 -0.00102146 0.00240437 0.00437023 0.000651362 0.00170537 0.0040269 0.00318261 0.00210905 0.00389685 0.00599593 0.00803571 2.85376e-05 0.011875 0.00328125 0.00365591 0.000208854 -0.00114044 0.00216326 0.00069187 0.000977641 0.00710345 -0.000394173 -0.00100731 -0.000133996 0.00490741 0.00137931 0.00125219 0.00155428 0.0030186 0.00441718 0.00786096 0.0103401 0.00235495 0.00726744 -0.000216451 0.000824294 0.00357414 0.00610811 0.0103571 0.00894444 0.00678261 0.00130682 0.000974575 0.000178411
internal_weight=32963 32199 17888 17514 15657 7201 5357 8456 1844 1570 313 8276 7842 156 180 102 271 101 1257 182 261 5096 1506 631 574 485 348 245 195 875 103 213 92 3590 946 244 2644 2459 144 7686 3419 2004 161 86 2279 2080 698 478 186 146 292 85 220 1382 262 184 97 89 114 87 117 1120
internal_count=32963 32199 17888 17514 15657 7201 5357 8456 1844 1570 313 8276 7842 156 180 102 271 101 1257 182 261 5096 1506 631 574 485 348 245 195 875 103 213 92 3590 946 244 2644 2459 144 7686 3419 2004 161 86 2279 2080 698 478 186 146 292 85 220 1382 262 184 97 89 114 87 117 1120
cat_boundaries=0 1 2 3 4 5
cat_threshold=278 3200 341 1152 290
is_linear=0
shrinkage=0.05


Tree=136
num_leaves=63
num_cat=5
split_feature=17 16 14 27 39 10 2 12 10 21 18 39 33 13 12 39 21 15 18 27 31 26 18 33 24 42 27 10 14 3 16 20 27 18 15 3 21 39 42 26 41 20 1 16 18 40 23 0 10 4 26 7 14 0 5 2 17 21 13 17 41 13
split_gain=0.744955 1.16499 0.822562 0.913459 0.774939 0.927237 0.73025 1.21917 0.954794 0.848934 1.35622 0.802492 1.29791 1.12446 0.801199 1.12401 1.23521 0.887097 0.828099 0.925712 0.784145 0.775327 1.18203 1.22008 0.924109 0.993876 1.2403 0.992029 0.939928 0.75764 0.960507 1.09026 1.36217 0.858321 1.26058 1.03602 1.02548 0.945852 2.67521 0.864857 0.823058 0.796654 0.978384 0.745777 1.0854 0.731257 0.724212 0.690816 0.690436 0.953593 0.94022 2.55932 0.846034 0.894205 0.9387 1.28893 1.19928 0.801126 1.56973 0.785014 1.12065 0.980428
threshold=0.15492088647399563 -0.43078291609245384 1.3857206375916524 30.500000000000004 0 -0.7010456419452139 -0.22314355131420924 51.500000000000007 0.10834251511497374 15050.000000000002 -0.53956810081015461 1 27.364285714285721 0.91770621097601068 82.500000000000014 2 1328.7500000000002 -0.27090659052161165 0.28168246721205664 40.500000000000007 417.55000000000007 11.500000000000002 0.22537306787067599 35.564285714285724 3 0.96850198412698429 10.500000000000002 0.071648697637299655 -0.3742734349422891 0.17976993893130813 0.50314049029990715 -0.0038095424124082529 19.500000000000004 0.32191162757686204 -0.69314718055994495 -0.45675840249571426 700.83500000000015 4 0.93700396825396837 45.500000000000007 7.692309907834102 0.067047787730687411 -0.082238098236972132 -0.40546510810816427 -0.37335010602625812 4.5000000000000009 -2.0780634976288455 -0.060405335331508152 0.060122863532056321 0.13306833761901296 42.500000000000007 8.0313462703801211 0.075725040681089886 0.068926757072742109 8.5728456561441462 0.064386160708977971 0.67708658212778683 1831.2500000000002 0.50455755025653282 0.52457764150400454 3.500819672131148 0.74626995990392786
decision_type=2 2 2 2 1 2 2 2 2 10 10 1 2 2 2 1 10 2 8 2 2 2 8 2 1 2 2 2 2 2 2 10 2 8 2 2 8 1 2 2 2 10 2 2 10 2 8 2 2 2 2 2 2 2 2 2 2 8 2 2 2 2
left_child=1 2 -1 -4 5 -2 7 -3 9 20 -11 12 13 -10 15 16 18 47 19 -9 21 22 23 24 -8 27 -27 45 -28 33 31 -31 -33 35 -35 41 -36 38 -38 -40 -34 42 -23 44 -13 -26 -7 -16 52 -50 -51 -52 59 -54 57 56 -56 58 -55 -48 61 -61
right_child=4 6 3 -5 -6 46 8 14 11 10 -12 43 -14 -15 17 -17 -18 -19 -20 -21 -22 29 -24 -25 25 26 28 -29 -30 30 -32 32 40 34 36 -37 37 -39 39 -41 -42 -43 -44 -45 -46 -47 48 -49 49 50 51 -53 53 54 55 -57 -58 -59 -60 60 -62 -63
leaf_value=-0.00018226026583198021 0.010971377095771968 -0.00084891747075298708 -0.0006044650084184131 0.0018776900837356185 -0.00027432354184046527 0.0019074074054907224 -0.00044543261425195328 0.00034278442158666315 0.00055192073079271206 -0.00012621283187874715 0.002023359935409317 0.0036514252999480692 -4.3960865420736707e-05 0.0018154202242399169 -0.00059087186340539945 -0.0002220664438093685 -0.00074002201569831408 -0.0027290521210608949 0.0076168644459247304 0.0073529301913059413 0.0019623478427273837 0.0052919759384640261 -4.2549672491763951e-05 0.0021683030764109643 4.4031298967926546e-05 0.0049370860219206869 0.0022591185347902226 0.0021212420176814086 0.00023865730986139802 -0.00023224473920043572 0.0069393570210744123 0.0020535374078566185 -0.0018461941872138289 0.0029796115375142025 0.0010001404821205057 -0.00011440810287230504 0.0026041171322289452 -2.1663602845714048e-05 -0.0004450942851232631 0.003397353450859758 0.0009568373395961666 -0.00047386675646769586 0.0010235170104280851 -0.00036970718260843287 -0.00076554225281857567 0.0037402230355332283 0.00029687604482197231 0.0014848968615328246 -0.0016679559545062829 -0.00032461615519656503 0.0041650476058889109 -0.0015774029835975243 -0.00022011241575269603 -0.0006370488018797504 -0.00089005718227767058 0.0023070742787500431 0.0022155566963726462 -0.00069771062487535853 0.0017589115457877882 0.0044422903331900717 -0.00055678820799377781 -0.00010213168530682717
leaf_weight=6125 66 827 48 65 7609 66 180 57 303 62 70 42 1424 45 47 311 81 192 41 47 70 44 609 40 389 46 49 42 83 169 73 71 68 51 57 3560 47 1192 153 41 98 44 41 2071 48 45 1163 41 654 1098 67 92 1897 52 56 40 42 211 40 40 357 40
leaf_count=6125 66 827 48 65 7609 66 180 57 303 62 70 42 1424 45 47 311 81 192 41 47 70 44 609 40 389 46 49 42 83 169 73 71 68 51 57 3560 47 1192 153 41 98 44 41 2071 48 45 1163 41 654 1098 67 92 1897 52 56 40 42 211 40 40 357 40
internal_value=-0.000470885 -0.000270433 -0.000831865 0.00337719 -0.000754177 -0.00032627 -3.86638e-07 -0.000984804 0.000142566 0.000477348 0.00443609 -0.000486783 0.000302859 0.00303725 0.000385084 0.00151487 0.00409283 -0.00177936 0.00702055 0.00457143 0.00040479 0.00035312 0.00137129 0.00254857 0.00213174 0.00297744 0.00620112 0.0018239 0.00368421 8.84401e-05 0.00198958 0.00103194 0.00321428 -8.60268e-05 0.000904668 -0.000500001 0.000637155 0.000373081 0.00315476 0.000666665 0.000718562 0.00388461 0.00668605 -0.0011303 0.0032967 0.00110345 -0.000393003 0.00235955 -0.000452138 -0.0012317 -0.000425279 0.00315625 -7.36239e-05 -0.000679779 0.00134615 0.0047482 0.00161616 -0.000213817 0.00365591 0.000811991 -0.000993152 0.00432099
internal_weight=32799 19209 6238 113 13590 5981 12971 1644 11327 7394 132 3933 1772 348 817 537 226 280 145 104 7262 7192 1483 874 834 654 178 476 132 5709 479 406 237 5230 1541 3689 1490 1433 241 194 166 129 85 2161 90 434 5915 88 5849 1911 1257 159 3938 2338 441 138 98 303 92 1600 437 80
internal_count=32799 19209 6238 113 13590 5981 12971 1644 11327 7394 132 3933 1772 348 817 537 226 280 145 104 7262 7192 1483 874 834 654 178 476 132 5709 479 406 237 5230 1541 3689 1490 1433 241 194 166 129 85 2161 90 434 5915 88 5849 1911 1257 159 3938 2338 441 138 98 303 92 1600 437 80
cat_boundaries=0 1 2 3 4 5
cat_threshold=1085 4866 4528 2 552
is_linear=0
shrinkage=0.05


Tree=137
num_leaves=63
num_cat=7
split_feature=0 23 39 25 42 20 20 11 10 24 1 15 2 12 0 0 39 21 22 11 17 26 39 31 2 21 11 9 15 7 21 31 20 9 25 14 35 11 4 14 17 12 23 22 31 6 34 10 2 22 14 6 14 4 11 0 42 11 31 22 25 1
split_gain=0.647507 0.94126 0.674264 0.960829 0.754232 0.913856 0.751249 0.787936 1.41717 0.627574 0.663169 0.686732 0.625618 1.65337 0.61266 0.589195 0.682784 0.756164 0.577042 1.09195 0.967527 0.939845 0.887321 0.879536 0.846322 0.560948 1.0767 0.83843 1.49893 0.558135 1.29809 0.882073 1.2337 0.851399 0.994165 1.21379 0.890759 0.841624 1.53023 1.00402 1.22491 0.837189 0.785035 0.784976 1.188 1.04726 1.02327 0.749583 0.855231 0.699932 0.679789 0.850962 0.701999 0.714888 0.675098 1.18809 0.880437 0.863381 1.17955 0.825936 1.18373 0.951075
threshold=0.10333105045759795 0.62439886764964736 0 1 0.95275297619047628 -0.0099252170920755261 0.0088548501503879582 54.500000000000007 0.010116802552952999 2 0.06453953676202763 -0.18455246220558982 -1.0890349441154468 14.500000000000002 -0.18232809528285984 0.098845834636633004 3 4904.0000000000009 0.0065360407836763572 11.500000000000002 0.18255760201634577 27.500000000000004 4 1.8500000000000005 0.17435363714471477 14600.000000000002 85.500000000000014 0.1199638701581779 0.14735523918182072 7.2211992768229116 1229.2200000000003 334.55000000000001 0.013820339715246299 0.084256100400629613 5 0.3916717859758288 0.0049942212240173872 81.500000000000014 -0.11330350152260758 -0.1665844542318746 0.10273963990411096 87.500000000000014 1.5752584954973916 0.58772107418041142 220.05000000000004 7.2967664479915193 1.0000000180025095e-35 -0.27713685857981923 -0.15415067982725847 -0.1772039138917666 0.13060068379171522 6.8130765090705729 -0.2559333741372008 0.029051479580673781 50.500000000000007 0.087011376989629699 0.79843750000000013 58.500000000000007 6.7500000000000009 -0.18709308410857758 6 0.36607738863632427
decision_type=2 10 1 1 2 10 10 2 2 1 2 2 2 2 2 2 1 8 8 2 2 2 1 2 2 8 2 8 2 2 8 2 10 8 1 2 2 2 2 2 2 2 10 8 2 2 2 2 2 10 2 2 2 2 2 2 2 2 2 8 1 2
left_child=2 9 3 4 5 -1 -5 -8 14 18 -11 -12 13 -4 -9 29 -17 -18 19 21 22 -2 -21 -24 -25 -13 27 28 -27 31 -31 33 -33 34 35 37 43 38 -14 -40 -41 50 54 44 45 46 -35 48 -45 -38 52 -52 53 -36 59 56 57 58 -56 -32 61 -61
right_child=1 -3 12 6 -6 -7 7 8 -10 10 11 25 15 -15 -16 16 17 -19 -20 20 -22 -23 23 24 -26 26 -28 -29 -30 30 42 32 -34 36 41 -37 49 -39 39 40 -42 -43 -44 47 -46 -47 -48 -49 -50 -51 51 -53 -54 -55 55 -57 -58 -59 -60 60 -62 -63
leaf_value=0.0052938687056604782 0.0056506457233963256 -0.0014623586550481591 0.011885101892447771 -0.00020114888953878514 0.0030627536863233051 -0.00010602180643038281 -0.00073518417228588288 0.0025623227146553758 -0.0010723206501473651 -3.8393841366334151e-05 -0.0016376079956707521 -0.00030621233977822697 0.0025280589324599874 -0.0022960385567960041 0.0016102001642492086 -6.8963375874236396e-05 0.0025120368914359073 -1.7657160424020707e-05 -0.00012677439887219809 -0.00048885043138988614 -0.00098907398834805838 0.00014296247598821573 -0.0023362692650154113 0.0050047930963778011 7.6214552303993744e-05 0.001197139284856858 0.0023648766124213533 -0.00043661549597718598 -0.00087262177123020694 -0.0014461836659673043 2.2401152063411821e-05 -3.4911741172985716e-06 0.0044919881631352906 9.0295812015237973e-06 -0.00019778371365731693 -0.00033631683970788929 0.00086687699513445296 -7.7851428208577904e-06 -0.00015259745656946537 0.001720815772712801 0.00019752112318305415 0.00038925734743808205 -0.00072385222894143458 -0.00049465094395038185 -0.00042976251400793608 0.003662752770598408 0.0041878719269901237 -0.00060618415549214776 0.0098500540035456729 -0.0015242384398902892 0.0010892109609547938 -2.6934078266722093e-06 -0.00038434786384089351 0.00093959078059967108 -0.00077916525787552558 -0.0015501743763357289 5.9460302252809834e-05 -0.00053645533856437524 0.0019838587967998533 -5.6216622323941442e-05 -0.00035025846649961215 0.0021658073003785381
leaf_weight=44 49 772 44 536 58 196 301 41 62 1849 1176 1324 52 46 40 100 66 54 994 110 175 42 43 71 56 44 47 487 41 557 2829 60 43 2597 82 64 156 74 55 47 52 60 520 135 325 76 72 1137 49 52 46 146 251 64 45 200 5965 522 43 4064 3396 121
leaf_count=44 49 772 44 536 58 196 301 41 62 1849 1176 1324 52 46 40 100 66 54 994 110 175 42 43 71 56 44 47 487 41 557 2829 60 43 2597 82 64 156 74 55 47 52 60 520 135 325 76 72 1137 49 52 46 146 251 64 45 200 5965 522 43 4064 3396 121
internal_value=-0.000469903 -0.000885869 -0.000351328 -0.00146625 0.00100324 -0.00020747 -0.00221998 -0.000719102 0.00232639 -0.000689815 -0.000962042 -0.00140866 -0.000291829 0.00384615 0.00664634 -0.000307512 0.00226244 0.00458015 0.000193422 0.00149908 0.00049342 0.00646739 0.00231317 0.00441989 0.00675781 -0.000830763 0.000411289 -0.000191973 0.00436046 -0.000331206 -0.000465971 0.000100947 0.00466346 1.60904e-05 0.00134306 0.00346479 -0.000270653 0.00498221 0.00661836 0.00406451 0.00705 0.00015909 -0.000391112 -0.00042236 1.62801e-05 0.000355061 0.000189137 -0.001441 0.00151351 0.00291866 -0.000415255 0.00202072 -0.00159548 0.00115646 -0.000333121 5.53412e-05 0.000171075 -0.00163666 0.00292135 -0.00058592 -0.000857954 -0.000291946
internal_weight=32825 7280 25545 1278 298 240 980 444 143 6508 4968 3119 24267 90 81 24177 220 120 1540 546 455 91 280 170 127 1943 619 572 85 23957 18262 5695 103 5592 993 344 4599 280 206 154 99 649 17705 4391 3070 2745 2669 1321 184 208 589 192 397 146 17185 6775 6575 610 88 10410 7581 4185
internal_count=32825 7280 25545 1278 298 240 980 444 143 6508 4968 3119 24267 90 81 24177 220 120 1540 546 455 91 280 170 127 1943 619 572 85 23957 18262 5695 103 5592 993 344 4599 280 206 154 99 649 17705 4391 3070 2745 2669 1321 184 208 589 192 397 146 17185 6775 6575 610 88 10410 7581 4185
cat_boundaries=0 1 2 3 4 5 6 7
cat_threshold=128 67 1 4362 1160 198 1145
is_linear=0
shrinkage=0.05


end of trees

feature_importances:
commodity_id=395
month=389
spread_pct=368
price_vs_nbr=363
roll_std_30=340
price_vs_ma30=331
mandi_liquidity=328
lag_1=312
roll_std_7=301
lag_3=273
price_arrival_elasticity=265
tmax_7d_mean=260
arr_zscore_seasonal=255
nbr_arr_change=248
roll_mean_30=247
mandi_data_quality=245
lag_7=238
arr_vs_ma30=224
nbr_price_mean_k4=223
arr_momentum=221
rain_30d_sum=219
days_to_festival=218
days_since_max_90=211
days_since_min_90=204
arr_lag_7=199
lag_14=194
week_of_year=174
arr_lag_1=171
roll_mean_7=165
rain_7d_sum=165
roll_mean_14=157
lag_30=152
dow=141
arr_lag_3=130
days_since_shock=58
mandi_id=40
imputed_share_14d=35
shock_active_bearish=30
perishability_class=28
harvest_season_flag=15
shock_active_bullish=12
unseasonal_rain_flag=7
festival_demand_effect=5

parameters:
[boosting: gbdt]
[objective: quantile]
[metric: quantile]
[tree_learner: serial]
[device_type: cpu]
[data_sample_strategy: bagging]
[data: ]
[valid: ]
[num_iterations: 800]
[learning_rate: 0.05]
[num_leaves: 63]
[num_threads: 0]
[seed: 42]
[deterministic: 1]
[force_col_wise: 0]
[force_row_wise: 0]
[histogram_pool_size: -1]
[max_depth: -1]
[min_data_in_leaf: 40]
[min_sum_hessian_in_leaf: 0.001]
[bagging_fraction: 0.8]
[pos_bagging_fraction: 1]
[neg_bagging_fraction: 1]
[bagging_freq: 1]
[bagging_seed: 400]
[bagging_by_query: 0]
[feature_fraction: 0.8]
[feature_fraction_bynode: 1]
[feature_fraction_seed: 30056]
[extra_trees: 0]
[extra_seed: 12879]
[early_stopping_round: 0]
[early_stopping_min_delta: 0]
[first_metric_only: 0]
[max_delta_step: 0]
[lambda_l1: 0]
[lambda_l2: 1]
[linear_lambda: 0]
[min_gain_to_split: 0]
[drop_rate: 0.1]
[max_drop: 50]
[skip_drop: 0.5]
[xgboost_dart_mode: 0]
[uniform_drop: 0]
[drop_seed: 17869]
[top_rate: 0.2]
[other_rate: 0.1]
[min_data_per_group: 100]
[max_cat_threshold: 32]
[cat_l2: 10]
[cat_smooth: 10]
[max_cat_to_onehot: 4]
[top_k: 20]
[monotone_constraints: ]
[monotone_constraints_method: basic]
[monotone_penalty: 0]
[feature_contri: ]
[forcedsplits_filename: ]
[refit_decay_rate: 0.9]
[cegb_tradeoff: 1]
[cegb_penalty_split: 0]
[cegb_penalty_feature_lazy: ]
[cegb_penalty_feature_coupled: ]
[path_smooth: 0]
[interaction_constraints: ]
[verbosity: -1]
[saved_feature_importance_type: 0]
[use_quantized_grad: 0]
[num_grad_quant_bins: 4]
[quant_train_renew_leaf: 0]
[stochastic_rounding: 1]
[linear_tree: 0]
[max_bin: 255]
[max_bin_by_feature: ]
[min_data_in_bin: 3]
[bin_construct_sample_cnt: 200000]
[data_random_seed: 175]
[is_enable_sparse: 1]
[enable_bundle: 1]
[use_missing: 1]
[zero_as_missing: 0]
[feature_pre_filter: 1]
[pre_partition: 0]
[two_round: 0]
[header: 0]
[label_column: ]
[weight_column: ]
[group_column: ]
[ignore_column: ]
[categorical_feature: 24,25,38,39]
[forcedbins_filename: ]
[precise_float_parser: 0]
[parser_config_file: ]
[objective_seed: 16083]
[num_class: 1]
[is_unbalance: 0]
[scale_pos_weight: 1]
[sigmoid: 1]
[boost_from_average: 1]
[reg_sqrt: 0]
[alpha: 0.9]
[fair_c: 1]
[poisson_max_delta_step: 0.7]
[tweedie_variance_power: 1.5]
[lambdarank_truncation_level: 30]
[lambdarank_norm: 1]
[label_gain: ]
[lambdarank_position_bias_regularization: 0]
[eval_at: ]
[multi_error_top_k: 1]
[auc_mu_weights: ]
[num_machines: 1]
[local_listen_port: 12400]
[time_out: 120]
[machine_list_filename: ]
[machines: ]
[gpu_platform_id: -1]
[gpu_device_id: -1]
[gpu_device_id_list: ]
[gpu_use_dp: 0]
[num_gpu: 1]

end of parameters

pandas_categorical:[[0, 1, 2, 3, 4], [1, 2, 3, 4, 5, 6, 7, 8, 9, 10, 11, 12], [3, 6, 11, 14], [1, 2, 3, 4, 6, 7, 8, 9, 10, 11, 12, 13, 14]]
