tree
version=v4
num_class=1
num_tree_per_iteration=1
label_index=0
max_feature_idx=44
objective=quantile
feature_names=lag_1 lag_3 lag_7 lag_14 lag_30 roll_mean_7 roll_mean_14 roll_mean_30 roll_std_7 roll_std_30 price_vs_ma30 days_since_max_90 days_since_min_90 spread_pct arr_lag_1 arr_lag_3 arr_lag_7 arr_vs_ma30 arr_zscore_seasonal arr_momentum price_arrival_elasticity nbr_price_mean_k4 price_vs_nbr nbr_arr_change dow month week_of_year days_to_festival festival_demand_effect harvest_season_flag rain_7d_sum rain_30d_sum rain_forecast_7d tmax_7d_mean unseasonal_rain_flag shock_active_bearish shock_active_bullish days_since_shock mandi_id commodity_id perishability_class mandi_liquidity mandi_data_quality days_since_observation imputed_share_14d
feature_infos=[-2.8134107167600364:2.9957322735539913] [-2.5902671654458267:2.7080502011022105] [-2.8622008809294686:2.9957322735539913] [-3.1498829533812494:3.218875824868201] [-3.0910424533583156:3.218875824868201] [4.052246075469971:10.46310334047155] [4.1328936620566648:10.46310334047155] [4.4870250709645587:10.46310334047155] [0:2.6669669761961048] [0:1.4536170984055254] [-2.2878113378681944:2.3026109694785584] [0:89] [0:89] [0:16.37142857142857] [-8.6236171414272604:8.4657104053920698] [-8.7582395272519964:8.4980103719994649] [-8.6251682860815357:8.6259354824204717] [-7.5348100162628535:5.8247001161970875] [-7.4661934379622323:6.2980306798943877] [-1.7500262753021854:1.4186296650765369] [-0.6145602448000721:0.74229486839195358] [160:35000] [-4.6051701859880909:2.7785497473069753] [-7.7345588443547566:8.128880142125638] -1:3:4:2:1:0 -1:5:4:3:6:2:9:10:7:8:0:1:11 [1:52] [0:60] [0:1] [0:1] [0:430.90000000000003] [0:681.69999999999993] none [23.014285714285712:42.828571428571429] [0:1] [0:3.2752563032437774] [0:3.8204239710373695] [0:127] -1:1:2:3:0 -1:10:11:12:8:2:9:1:0:3:7:4:5:6 [1:5] [0.82222222222222208:20605.443333333336] [0.33333333333333337:1] [0:2] [0:0.69999999999999996]
tree_sizes=5547 5645 5734 5803 5706 5700 5787 5749 5811 5797 5806 5760 5870 5794 5839 5787 5830 5853 5835 5788 5813 5810 5759 5867 5775 5764 5784 5821 5771 5871 5824 5851 5832 5751 5815 5777 5775 5827 5844 5769 5755 5828 5785 5812 5768 5841 5795 5857 5784 5757 5820 5828 5814 5838 5819 5788 5763 5838 5739 5803 5787 5790 5755 5740 5828 5860 5774 5843 5811 5811 5778 5821 5759 5785 5742 5820 5769 5796 5760 5841 5805 5816 5770 5793 5793 5836 5818 5730 5759 5812 5761 5795 5754 5773 5726 5816 5806 5808 5789 5759 5755 5729 5743 5903 5813 5841 5860 5767 5791 5770 5853 5744 5774 5796 5770 5746 5801 5739 5778 5773 5771 5773 5823 5763 5832 5778 5834 5844 5766 5789 5776 5763 5795 5805 5739 5720 5770 5791 5807 5846 5726 5756 5776 5829 5767 5765 5866 5790 5795 5776 5840 5833 5821 5832 5780

Tree=0
num_leaves=63
num_cat=15
split_feature=0 2 2 39 25 0 8 1 1 25 25 2 7 6 25 39 6 1 5 39 39 11 1 1 39 2 33 31 19 0 33 33 19 1 3 31 6 13 1 7 39 12 39 5 25 30 31 21 0 1 1 3 39 25 39 1 29 4 6 5 6 0
split_gain=288.638 79.9916 46.2365 43.3926 43.6303 32.2438 21.3303 19.7433 18.0957 17.432 17.3285 17.1895 15.36 14.5025 14.4453 9.45438 12.7637 9.3431 8.93116 8.37743 7.92688 7.5324 7.49793 7.47927 6.96127 6.58733 6.53462 6.26198 6.00237 5.72288 5.77415 5.64585 5.24026 5.72875 5.20892 5.15176 5.1108 5.0706 5.05011 4.75765 4.7457 4.73625 4.71863 4.84646 5.58866 5.64222 6.04206 4.71602 4.80521 4.58892 4.58035 4.57062 4.51027 4.5057 5.6313 4.49362 4.43046 4.20707 4.2045 4.17568 4.1723 4.14619
threshold=-0.01980162729717971 -1.0000000180025095e-35 -1.0000000180025095e-35 0 1 -0.22314355131420924 0.024454401771162638 -0.13005312824819756 0.42006701972678423 2 3 0.20973137855736559 7.541536524627368 7.8055379158819003 4 5 8.1553821885017559 0.2876820724517804 7.0330423485125113 6 7 49.500000000000007 -0.0037037058877977809 0.0041984576232985136 8 0.37333038161461701 26.342857142857145 196.50000000000003 0.0047803283776526083 -0.43422703017725789 32.692857142857157 37.850000000000009 1.7058391097903263e-17 -0.034141875470397924 -0.10536051565782632 297.35000000000002 8.1376964128939182 1.3452339285714288 -0.17520408902509119 7.7960734901655782 9 54.500000000000007 10 8.6020397666989457 11 53.650000000000006 209.65000000000001 593.2750000000002 0.15415103696998858 -0.40647992905521763 0.10919933175281928 -1.0000000180025095e-35 12 13 14 0.25131471399527344 1.0000000180025095e-35 0.53639803979177192 6.7765128875245457 7.3132332177464852 6.8117598034528033 0.073317633917374905
decision_type=2 2 2 1 1 2 8 2 2 1 1 2 2 2 1 1 2 2 2 1 1 2 2 2 1 2 2 2 2 2 2 2 2 2 2 2 2 2 2 2 1 2 1 2 1 2 2 8 2 2 2 2 1 1 1 2 2 2 2 2 2 2
left_child=2 7 5 4 8 23 20 49 12 19 13 22 24 37 28 16 60 18 -6 39 -5 27 41 29 47 38 35 40 36 -1 -31 34 33 -17 -24 -20 -7 -9 -11 55 -12 -8 -14 44 -44 46 50 -3 -49 -2 -46 -19 -15 54 -51 -4 -28 -26 -42 -33 -16 -36
right_child=1 3 9 6 17 14 11 10 -10 25 21 -13 42 52 15 32 -18 51 26 -21 -22 -23 31 -25 57 -27 56 -29 -30 30 -32 59 -34 -35 61 -37 -38 -39 -40 -41 58 -43 43 -45 45 -47 -48 48 -50 53 -52 -53 -54 -55 -56 -57 -58 -59 -60 -61 -62 -63
leaf_value=0.015922686457633974 0.0096764389425516139 -0.0044551955536007879 0.0047450255602598194 0 -0.00085962004959583282 0.0052003666758537294 0.00047847256064414978 0.001802201196551323 -0.0076336503028869634 0.0019031363539397717 -0.001154598779976368 -0.0062741272151470191 -0.007036501914262772 0.00047847256064414978 0.0098874457180500031 0.0034496434032917026 -0.0038583630695939067 -0.0050168083980679512 -0.00226660892367363 0 0 0 0 0.0025020864792168144 0.0010659527964890004 -0.0050582561641931536 -0.0029061852023005486 0 0.0022225880995392802 0.006391668319702149 0.0091160781681537632 0.0018870163708925248 0.0010546132922172548 0.00061098521109670401 -0.00055550569668412215 0.0036371376365423205 0.003122227638959885 0.0057835783809423447 0 0.00083515967708081007 0.0030251037329435352 0 0.0032269261777400971 -0.0062003444880247118 0.00033272227738052608 0.0021279808133840561 -0.0049378158524632457 0.0068438388407230377 0.0016950774937868119 -0.002205243892967701 -0.0027403414249420168 -0.010785398632287981 -0.00024626142112538218 0.0035305436700582508 0.002760227769613266 -0.00027592601254582404 -0.0058891516178846363 -0.0018395606428384783 -0.0052680507302284244 0 0.0007981504313647747 -0.0028165079653263096
leaf_weight=794 264 42 914 114 649 576 347 835 445 434 935 1232 133 365 68 919 324 164 143 746 752 1659 235 218 678 197 1242 557 827 1005 410 66 1375 362 1429 87 280 76 1913 446 51 343 219 53 431 237 170 354 221 235 363 585 390 654 245 113 828 162 497 246 894 1048
leaf_count=794 264 42 914 114 649 576 347 835 445 434 935 1232 133 365 68 919 324 164 143 746 752 1659 235 218 678 197 1242 557 827 1005 410 66 1375 362 1429 87 280 76 1913 446 51 343 219 53 431 237 170 354 221 235 363 585 390 654 245 113 828 162 497 246 894 1048
internal_value=-0.00184066 -0.00562759 0.00400476 -0.0079192 -0.00529999 0.00631442 -0.0111369 -0.001216 -0.00129298 9.97061e-05 -0.00259504 -0.00988478 7.34334e-05 0.00163983 0.0042348 0.00255502 -0.000963763 -0.00908601 -0.00783898 0.0033296 -0.0183968 -0.00449461 -0.00818304 0.0111306 0.00378944 -0.00272016 -0.0093003 -0.00654091 0.00810213 0.0120023 0.0100812 -0.0092562 0.00425572 0.00657176 -0.00998894 -0.0012987 0.0110852 0.00589364 -0.00199106 0.00550876 -0.00823787 -0.00347323 -0.00329807 -0.00240903 -0.00186488 -0.00319719 -0.00492228 0.00776274 0.00907118 0.00407434 -0.00308176 -0.0141 -0.00347222 0.00268722 -0.00101833 0.00741732 -0.0101883 0.000763807 -0.0119857 -0.0028754 0.00192108 -0.0106638
internal_weight=32596 19781 12815 13018 7206 8052 5812 6763 3508 4763 5365 4946 3063 1666 5625 3942 1286 3698 2949 2219 866 3699 3714 2427 1457 2544 2300 2040 1683 2209 1415 3024 2656 1281 2712 230 856 911 2347 1473 1483 690 1606 1473 1420 1201 964 617 575 1398 794 749 755 1134 480 1027 2070 840 548 312 962 2477
internal_count=32596 19781 12815 13018 7206 8052 5812 6763 3508 4763 5365 4946 3063 1666 5625 3942 1286 3698 2949 2219 866 3699 3714 2427 1457 2544 2300 2040 1683 2209 1415 3024 2656 1281 2712 230 856 911 2347 1473 1483 690 1606 1473 1420 1201 964 617 575 1398 794 749 755 1134 480 1027 2070 840 548 312 962 2477
cat_boundaries=0 1 2 3 4 5 6 7 8 9 10 11 12 13 14 15
cat_threshold=7938 2864 2864 2352 816 5440 7938 33 7168 4751 2304 2048 4616 2187 7169
is_linear=0
shrinkage=0.05


Tree=1
num_leaves=63
num_cat=15
split_feature=1 2 1 22 25 25 25 39 6 7 25 2 19 7 2 42 1 1 39 6 10 22 1 16 7 39 10 1 39 39 7 30 22 21 39 22 10 39 41 15 39 19 39 2 1 25 7 39 19 29 12 31 22 10 22 22 13 1 18 28 6 13
split_gain=169.677 43.9265 31.0867 29.7916 20.5602 20.1263 19.3299 16.1686 13.309 12.4306 11.972 11.5776 10.1455 9.84562 9.03747 8.81299 7.86365 7.84054 7.64626 8.04869 7.16493 7.15448 6.73553 6.66625 6.48334 6.07516 10.4025 5.94824 5.91911 5.62794 5.54906 5.46159 5.41524 5.41242 5.39382 5.35869 5.02708 4.96495 4.95117 4.91659 4.8818 4.81294 4.79434 5.68659 7.80681 4.78076 7.04866 4.75722 4.70638 4.6773 5.64269 4.41802 4.40293 4.35892 4.34148 4.30456 4.25224 4.76278 4.17877 4.15679 4.12396 4.1089
threshold=-0.041964184421938271 -1.0000000180025095e-35 -0.31838557872968826 -0.045459522915588316 0 1 2 3 7.7432745251104222 7.8172857573495884 4 -1.0000000180025095e-35 -3.2251590956548215e-17 7.0151485499016424 -0.014720737854791997 0.6868872549019609 0.43837994655876017 0.27883089747602346 5 8.234337357979733 0.055851237868718158 0.039274173429554339 0.27883089747602346 0.032776392973807196 7.0074974690426606 6 -0.19516397892504053 0.51546716611454324 7 8 6.9236793037901823 100.80000000000003 -0.1053105131576596 1070.5000000000002 9 0.51442198529938754 0.10091723244457775 10 116.34904233870969 -0.015637989396660498 11 0.035570831372639646 12 1.0000000180025095e-35 0.029853257267242309 13 8.1708350671697865 14 0.061392379589276021 1.0000000180025095e-35 58.500000000000007 0.65000000000000024 -0.22881477068136713 -0.086037749608437228 -0.13975807762592288 0.10778766049620168 0.36363667355385992 0.026669313938506359 -0.45600476450064958 1.0000000180025095e-35 7.8983530968965825 0.42379714111922145
decision_type=2 2 2 8 1 1 1 1 2 2 1 2 2 2 2 2 2 2 1 2 2 10 2 2 2 1 2 2 1 1 2 2 8 10 1 8 2 1 2 2 1 2 1 2 2 1 2 1 2 2 2 2 10 2 8 10 2 2 10 2 2 2
left_child=2 4 14 9 23 8 7 59 21 10 29 12 32 35 25 61 31 -11 19 30 40 28 56 24 -2 45 -27 33 -4 48 -14 42 -7 -12 -22 -9 55 51 -28 58 -10 -6 -17 44 -44 -1 -47 -13 -3 50 -35 -34 -32 -39 -43 -26 57 -15 -23 -5 -54 -8
right_child=1 3 5 6 41 11 15 13 20 17 27 47 18 22 -16 16 -18 -19 -20 -21 34 39 -24 -25 36 26 38 -29 -30 -31 52 -33 37 49 -36 -37 -38 53 -40 -41 -42 54 43 -45 -46 46 -48 -49 -50 -51 -52 -53 60 -55 -56 -57 -58 -59 -60 -61 -62 -63
leaf_value=0.0097516080457717182 0.0056968867778778081 0.0056123235006816687 -2.6365332305431371e-05 0 0 0.0041987172141671183 -0.0014408595487475397 0.0021358869806863373 0.00026340253651142121 -0.00068253661971539269 0.0029521723464131355 0.0004857268650084734 0.003652924373745918 0 0.0040021352469921112 -0.0026755857421085238 -0.014465959481894969 -0.0063628632202744478 0.0016593552799895406 -0.0053035072144120938 0.0044089337252080441 0 -0.0061358276009559638 5.77299389988184e-05 0.0023137717042118313 0.01358796998858452 0.0060030823852866887 -0.011716853193938732 0.0050414735265076165 0.00061740791890770204 0.00076029540970921515 0 -0.0086324207251891501 -0.0020955364871770143 -0.001397578600444831 -0.00046844440978020428 -0.00079426608543144541 0.0030545576289296153 -0.0023792122676968576 -0.00011112940497696402 0.0027529947273433209 2.88649694994092e-05 0 -0.0041575315268710259 -0.0023121132119558753 0.0075695225968956947 -0.0007961343228816988 -0.00088759725913405423 -0.00016284716897644103 -0.0023324233293533325 0.0034143300401046871 0.00047717344714328649 -0.0033690923708491029 0.0002493013720959425 -0.001747620850801468 -9.0110059827566149e-05 0 -0.0020697691454552116 0.0055174030363559726 -0.00099150757072493452 0.00070283524692058572 0.00014306732919067144
leaf_weight=366 239 398 100 248 2434 691 81 432 539 1752 98 558 159 237 503 1847 357 257 874 156 152 52 619 1121 784 785 208 67 1395 760 441 226 65 211 340 527 208 497 77 259 1070 386 349 1400 84 297 151 1061 112 404 158 232 348 334 1005 176 2184 394 135 874 137 148
leaf_count=366 239 398 100 248 2434 691 81 432 539 1752 98 558 159 237 503 1847 357 257 874 156 152 52 619 1121 784 785 208 67 1395 760 441 226 65 211 340 527 208 497 77 259 1070 386 349 1400 84 297 151 1061 112 404 158 232 348 334 1005 176 2184 394 135 874 137 148
internal_value=-0.000548986 -0.00330329 0.00418092 -0.0048471 0.000153447 0.00291007 -0.00633243 -0.00432048 0.00558845 -0.00132172 0.00126754 0.000948059 0.00241423 -0.00293483 0.00928601 -0.00877193 -0.00930464 -0.00416667 5.90737e-05 -0.00245607 0.00284253 0.00858651 -0.00419214 0.00364317 0.00594815 0.0108753 0.0134135 -0.00300316 0.010244 0.00441062 -0.000943831 -0.00865114 0.0051511 -0.00192087 -0.00243408 0.00153646 0.00440547 0.00301151 0.00533217 0.00302013 0.00445652 -0.00215719 -0.00911437 -0.0109951 -0.0160714 0.00727273 0.00359477 -0.00260802 0.0084453 -0.00332687 0.000743243 -0.00251623 -0.00242718 0.00495843 -0.0045079 0.00593132 -0.00315163 -0.00676424 0.00917553 -0.00966461 -0.00570988 0.00076087
internal_weight=32559 20577 11982 14224 6353 9595 10007 5515 4042 4217 2208 5553 3934 4393 2387 4492 4263 2009 2115 1241 2101 1941 3434 2528 1407 1884 1070 938 1495 1270 1085 3906 1819 871 492 959 1168 1128 285 446 1609 3825 3680 1833 433 814 448 1619 510 773 369 297 926 831 1391 960 2815 631 187 1122 485 229
internal_count=32559 20577 11982 14224 6353 9595 10007 5515 4042 4217 2208 5553 3934 4393 2387 4492 4263 2009 2115 1241 2101 1941 3434 2528 1407 1884 1070 938 1495 1270 1085 3906 1819 871 492 959 1168 1128 285 446 1609 3825 3680 1833 433 814 448 1619 510 773 369 297 926 831 1391 960 2815 631 187 1122 485 229
cat_boundaries=0 1 2 3 4 5 6 7 8 9 10 11 12 13 14 15
cat_threshold=2356 824 2872 201 2928 7554 3696 161 3072 1536 1345 3648 2605 2590 678
is_linear=0
shrinkage=0.05


Tree=2
num_leaves=63
num_cat=12
split_feature=0 0 25 0 8 1 41 22 5 2 25 39 5 2 2 21 22 39 15 39 22 25 8 2 39 6 2 4 39 5 19 2 1 5 25 22 39 26 8 22 15 36 2 5 16 13 42 23 39 1 1 26 22 26 41 21 20 21 31 25 33 1
split_gain=168.304 47.5566 28.101 24.2059 22.272 21.6769 21.0087 17.6431 13.5226 14.3816 13.2341 16.1175 12.2509 11.4414 11.4408 10.6062 9.43561 8.8773 7.97536 7.87498 7.66182 7.58908 7.55876 7.36478 7.3214 6.8581 6.8381 6.62945 6.55947 7.88564 6.31878 6.00424 5.94886 5.8319 5.90374 5.81514 5.66767 5.55642 5.51201 5.30797 5.66101 5.27941 5.07094 5.04423 4.97497 4.79025 5.07194 4.74168 4.73423 4.66804 4.64039 4.48066 4.40793 4.34026 4.23432 4.19614 4.10643 4.09211 4.07149 3.96344 4.43577 3.90206
threshold=-0.050838832814851458 0.074589826003293794 0 -0.31568491043185171 0.024454401771162638 0.56617956982044071 10.623572184029614 0.0066432182136029767 7.96824118268884 0.0039610434056562846 1 2 7.2296554660158154 1.0000000180025095e-35 -0.075508007053393097 3600.8350000000005 0.30372100148876796 3 -0.63372376008914444 4 -0.1589462293670226 5 1.0000000180025095e-35 0.018020307450759891 6 8.305786054458915 -0.035717628056831423 0.20544540278419679 7 7.7814668958282782 0.015900017240029644 -0.080042323058004058 -0.38416593228539359 8.5476860017021625 8 -0.13340265693842412 9 14.500000000000002 1.0000000180025095e-35 -0.32841445894291682 0.093679861582846705 0.10938466095957998 -0.31542860566350978 7.7814668958282782 0.12516314295400635 0.5000004076089174 0.89915254237288156 -0.5108256237659905 10 0.2876820724517804 0.055919468900404119 20.500000000000004 -0.012668527599453501 47.500000000000007 1.2700320512820513 4086.1800000000007 -0.022464703944375854 3751.6650000000004 40.500000000000007 11 32.321428571428577 0.061390617348792371
decision_type=2 2 1 2 8 2 2 10 2 2 1 1 2 2 2 8 10 1 2 1 8 1 8 2 1 2 2 2 1 2 2 2 2 2 1 10 1 2 10 8 2 2 2 2 2 2 2 8 1 2 2 2 10 2 2 10 10 10 2 1 2 2
left_child=3 2 8 14 6 7 -4 15 9 16 39 50 31 19 -1 21 41 -11 61 32 54 -3 25 -17 47 -22 28 30 -14 -30 35 44 -6 34 -25 -26 37 -24 -8 -5 55 45 -23 59 -13 -2 -47 -15 -42 -19 -12 -43 57 -45 -10 -41 -49 -34 -58 60 -20 -9
right_child=1 5 4 10 13 -7 38 18 20 17 11 12 26 24 -16 23 -18 49 43 -21 22 42 36 33 27 -27 -28 -29 29 -31 -32 -33 52 -35 -36 -37 -38 -39 -40 40 48 51 -44 53 -46 46 -48 56 -50 -51 -52 -53 -54 -55 -56 -57 58 -59 -60 -61 -62 -63
leaf_value=0.010888063695980235 0.00085365856764838097 0.0015533950743847526 7.204297743737698e-05 0.0054139741891995078 0.0057756343004293741 -0.011478515727270861 0 -0.0027724514971487224 6.1902115819975739e-05 -0.00096106440137373294 0.0025676625983323906 0.0051073847720399497 0.0015511645711958409 -0.0037776754917576909 0.0043281510286033156 -0.00025949494750238957 -0.00095884742680937048 0.00085111998830689119 -0.0011769826380186716 0.00014338094543199989 0 0.0050160457956371831 0.0022732701897621157 -0.0054777061976492404 0.00035318583645857878 4.9575378536246726e-05 -0.001788872724864632 -0.0040350570895243435 0.00074798698071390393 -0.004762107156217099 -0.0025418064550030979 0.00020787657634355129 0 -0.0046664569007698452 -0.0015822789444355292 -0.0013393018976785244 -0.0021301674656569957 -5.4945221156231129e-05 -0.0015095280348323286 0.0040304296998074285 0.0022174444864504041 -0.0031510670525021853 -0.0017275359909981491 -0.0043966771879931912 0.001827260846621357 4.9575378536246726e-05 0.0022328997158911081 0.00044748564786277717 -0.00013764973636716605 -0.0030719223376363515 3.4126830985769634e-05 0.0019978438433827252 -0.0035896747844526549 0.0001451109815388918 0.00066289021400734783 3.4126830985769634e-05 0.00016155457193963232 -0.0050227564305532733 -0.0034584651779150585 -0.0025347189644235185 0.0018844648671802135 -0.0068107411592500285
leaf_weight=1344 621 744 108 720 67 520 298 134 49 552 1241 379 919 144 617 1315 182 1402 332 2037 93 74 57 466 396 49 935 556 391 249 509 525 720 637 1234 382 447 1298 141 1428 641 44 847 1028 252 271 980 199 433 186 201 40 367 87 673 193 346 91 166 904 80 454
leaf_count=1344 621 744 108 720 67 520 298 134 49 552 1241 379 919 144 617 1315 182 1402 332 2037 93 74 57 466 396 49 935 556 391 249 509 525 720 637 1234 382 447 1298 141 1428 641 44 847 1028 252 271 980 199 433 186 201 40 367 87 673 193 346 91 166 904 80 454
internal_value=0.00022335 -0.00222926 -0.00035815 0.0054542 -0.00271107 -0.00507508 -0.0123631 -0.00445604 0.00185478 0.00359897 0.0042989 0.0026651 0.000887736 -0.0018308 0.0104613 -0.00272189 0.00649836 0.000700607 -0.00750828 0.0001523 -0.000937383 0.000585234 -0.00257069 -0.0042294 -0.00424231 -0.0136364 -0.00108216 -0.00600054 0.000945513 -0.00291859 -0.00405668 0.00514261 -0.00296576 -0.00591317 -0.00437978 -0.00121951 -0.00169163 -5.49048e-05 -0.0172159 0.00670607 0.00570289 0.0075115 -0.00244099 -0.00623972 0.00842563 0.00806193 0.00984425 -0.000375289 0.00288372 0.00259537 0.00712319 -0.00470588 -0.00381679 -0.00871416 0.00345781 0.00756782 0.00129916 -0.00175493 -0.00107212 -0.00413819 0 -0.0127334
internal_weight=32795 22327 13471 10468 6527 8856 547 8336 6944 4278 8507 5092 3650 5980 1961 5317 2138 2140 3019 3282 2666 1665 1944 3652 2698 142 2494 1843 1559 640 1287 1156 1245 2337 1700 778 1802 1355 439 3415 2695 1956 921 2431 631 1872 1251 855 1074 1588 1442 84 1178 1115 722 1621 711 811 512 1316 412 588
internal_count=32795 22327 13471 10468 6527 8856 547 8336 6944 4278 8507 5092 3650 5980 1961 5317 2138 2140 3019 3282 2666 1665 1944 3652 2698 142 2494 1843 1559 640 1287 1156 1245 2337 1700 778 1802 1355 439 3415 2695 1956 921 2431 631 1872 1251 855 1074 1588 1442 84 1178 1115 722 1621 711 811 512 1316 412 588
cat_boundaries=0 1 2 3 4 5 6 7 8 9 10 11 12
cat_threshold=2872 2864 29 36 3394 880 753 4706 1161 1593 5782 2848
is_linear=0
shrinkage=0.05


Tree=3
num_leaves=63
num_cat=10
split_feature=1 1 25 7 2 8 41 39 22 25 7 29 5 10 1 22 25 30 27 2 22 16 25 22 39 26 26 39 2 39 25 17 33 7 39 10 2 26 7 10 27 22 2 22 7 18 3 8 1 26 20 20 33 7 8 6 7 2 22 7 22 6
split_gain=138.584 44.396 32.3749 26.6509 23.3088 21.0601 18.1739 17.6361 15.7521 15.3158 14.6569 15.9561 14.4772 14.0082 13.7083 12.3011 11.7369 10.9259 10.2294 9.52628 9.43095 8.92457 8.83954 8.63026 8.5334 8.14244 7.98351 7.39603 7.28199 7.23547 7.05966 6.98077 6.88502 6.44667 9.97936 6.42802 6.38315 6.21556 6.20332 6.18392 8.39531 5.9961 5.89055 5.60123 5.52449 5.52191 5.45645 5.4505 5.35188 5.35187 5.26072 6.00908 5.20799 4.97813 4.97217 4.97118 5.49475 4.8316 5.33922 4.62439 4.60816 4.83433
threshold=-0.08465315817661033 0.23405841674129937 0 7.1982017582533979 -0.28531455755670304 1.0000000180025095e-35 10.623572184029614 1 -0.21662000379414531 2 8.2730406286809401 1.0000000180025095e-35 7.696315287123336 -0.011939338877344328 0.059808841987522683 0.34734572140277087 3 87.800000000000011 36.500000000000007 -0.022030387960464633 -0.11574504440603484 -0.021448697601140761 4 -0.21662000379414531 5 51.500000000000007 13.500000000000002 6 0.11778347043918204 7 8 0.47342034066066546 36.578571428571436 7.9175413219842694 9 0.10755433847924857 -0.016806270859472058 2.5000000000000004 7.0550825612230783 -0.14390492720776835 27.500000000000004 -0.38991000235105394 0.0096863287254764802 0.36547393778177778 9.0302920362670847 -1.0229009835713148 -1.0000000180025095e-35 1.0000000180025095e-35 -0.0098520984232490765 38.500000000000007 0.041682119053309298 0.009452172454175593 33.578571428571443 6.7431416239996773 0.40461610412424065 7.8314278341205377 7.6366500848379486 -0.035717628056831423 -1.0000000180025095e-35 8.0264271790311792 -0.10053309141756879 7.7259589055859044
decision_type=2 2 1 2 2 8 2 1 8 1 2 2 2 2 2 10 1 2 2 2 10 2 1 8 1 2 2 1 2 1 1 2 2 2 1 2 2 2 2 2 2 8 2 10 2 10 2 8 2 2 10 10 2 2 10 2 2 2 8 2 10 2
left_child=4 2 3 18 20 6 -4 14 12 60 11 23 -5 -10 22 16 27 19 25 38 33 57 36 -9 -23 53 -12 41 -18 59 44 35 -8 -1 -35 50 -7 -21 -13 54 -41 -3 -16 -20 48 -43 -17 -32 -31 -45 51 55 -22 -2 -26 56 -25 58 -11 -15 61 -6
right_child=1 15 5 8 9 7 32 10 13 21 26 17 -14 29 42 46 28 -19 43 37 52 24 -24 31 39 -27 -28 -29 -30 30 47 -33 -34 34 -36 -37 -38 -39 -40 40 -42 45 -44 49 -46 -47 -48 -49 -50 -51 -52 -53 -54 -55 -56 -57 -58 -59 -60 -61 -62 -63
leaf_value=0.010321129284903875 0.0058191738831257682 0.0048970405453801508 4.9482755339704464e-05 0.0066776361529846326 0.0056796004102172455 0.0020339307320362422 0 0.0025577984882518647 0.00077608728275081371 0.0037491900974069726 -0.0025948396028601566 0.0012499192622082774 0.00030224976248573518 0.00065998832135373954 5.056089172721841e-05 -0.0041948448957613441 -0.0026729898613411934 0.00450120019838214 0.0010720189513944206 0.0098953682345221759 0.00045261476315790785 0.0013771703857026298 -7.1690472715999945e-06 0.00034730260085780174 -2.3711452502175233e-05 -0.0025518687991425396 -0.0073063171840214635 -0.0043961550206822724 -0.0069974344766582366 0.0013204604844853749 -6.2069607258308679e-05 -0.0027102881224243904 3.4462250769138389e-06 0.0013573413829144555 0.009814512121828739 -0.0019410533896065318 7.7443979878444238e-05 -0.0039995449425943661 -0.0026518386997922794 -0.003970640326582362 -0.00046848122775554666 -0.0069054384209375711 -0.0022260103346576215 -0.0033681024196921499 -0.0033844491681582442 0.000114277761586709 -0.010947608350502562 -0.0017703289611585207 -0.00021695797128195411 0.0014153198685176904 0.0022620645397488262 -0.0016107302305812484 0.0065481723982666164 0.0023929293961875379 0.0093761074201262097 0.0023907074418617414 -0.0038211515001195951 0.00013382349919993433 0.0014950204453081824 -0.001582438041633577 0.0017226842966818368 0.0033718637312755168
leaf_weight=1048 257 126 106 278 710 499 301 470 1372 582 392 238 1081 958 517 109 875 83 876 42 405 1298 1540 427 582 51 351 216 1257 169 85 468 42 372 458 671 733 1330 777 346 555 166 1096 84 78 760 526 1001 682 41 292 316 80 643 86 231 78 717 617 634 616 969
leaf_count=1048 257 126 106 278 710 499 301 470 1372 582 392 238 1081 958 517 109 875 83 876 42 405 1298 1540 427 582 51 351 216 1257 169 85 468 42 372 458 671 733 1330 777 346 555 166 1096 84 78 760 526 1001 682 41 292 316 80 643 86 231 78 717 617 634 616 969
internal_value=5.49333e-05 -0.00201385 -0.00101602 0.00134321 0.00516575 -0.00279266 -0.0133889 -0.00234316 -0.000228743 0.00372934 -0.00406346 -0.00316648 0.00454044 -0.00153112 8.53048e-05 -0.00678271 -0.00558659 -0.00613112 0.00645161 -0.00675251 0.00946489 0.00210159 0.00221781 -0.000685511 0.000339958 0.0101628 -0.0106519 -0.00172009 -0.00783948 -0.00316657 -0.00514561 -0.00186192 -0.018968 0.0110697 0.00776173 -0.000582837 0.00534996 -0.00946832 -0.00307579 -0.00213608 -0.00485033 4.70367e-05 -0.00357807 0.00291916 -0.0018883 -0.00134844 -0.0131682 -0.00788514 -0.000733568 -0.00694444 0.00141264 -0.000237417 0.00324074 0.0112653 0.00149477 0.00223881 -0.000543478 0.004747 0.0066875 -0.00062383 0.00707936 0.00846726
internal_weight=32766 23325 19290 8290 9441 11000 449 10551 6338 7078 6166 5423 1359 4979 4385 4035 3400 2470 1952 2387 2363 4783 2772 2953 2867 951 743 1268 2132 3607 2015 2483 343 1878 830 2015 1232 1372 1015 1569 901 1052 1613 1001 929 926 635 1086 851 125 1344 1052 485 900 668 736 505 1916 1199 1592 2295 1679
internal_count=32766 23325 19290 8290 9441 11000 449 10551 6338 7078 6166 5423 1359 4979 4385 4035 3400 2470 1952 2387 2363 4783 2772 2953 2867 951 743 1268 2132 3607 2015 2483 343 1878 830 2015 1232 1372 1015 1569 901 1052 1613 1001 929 926 635 1086 851 125 1344 1052 485 900 668 736 505 1916 1199 1592 2295 1679
cat_boundaries=0 1 2 3 4 5 6 7 8 9 10
cat_threshold=2864 253 816 2352 140 701 8072 5666 48 3664
is_linear=0
shrinkage=0.05


Tree=4
num_leaves=63
num_cat=13
split_feature=1 25 1 39 22 3 22 1 6 39 16 39 25 9 5 3 39 25 17 22 22 3 7 19 42 1 6 6 42 30 39 9 36 7 39 22 25 41 42 27 39 27 4 42 30 39 6 7 33 17 12 9 12 4 1 12 7 7 13 25 30 7
split_gain=137.494 36.9081 29.8796 20.2559 19.9918 15.708 14.7469 14.085 15.7458 13.2923 10.8983 10.8904 10.2068 10.085 8.88175 8.58004 12.7247 8.26079 7.44502 7.31672 7.29171 7.20628 6.46273 6.38658 6.33721 6.21166 6.16561 5.76583 5.74591 5.43488 7.04076 8.0802 7.13348 9.08134 5.92994 5.2829 5.27123 5.16046 6.27355 5.12014 5.51429 7.27608 6.06071 5.48886 6.48758 5.07565 4.91592 4.75736 4.73407 4.7051 5.40623 4.69213 4.51795 4.4639 4.42397 4.41737 4.97865 4.37681 4.33585 4.30894 5.03325 4.28712
threshold=-0.10536051565782543 0 0.23405841674129937 1 -0.11574504440603484 -0.0078126589515403726 -0.12279224449403481 0.51546716611454324 7.6064394289070592 2 -0.46149047303892016 3 4 1.0000000180025095e-35 7.1025314414941407 -0.405465108108165 5 6 -0.078565136196819804 0.54671591762331107 0.17518201702106698 0.019811675312931602 7.7440253999133821 0.037849751546526443 0.63733075435203113 0.53899650073268701 9.1974151961714998 7.1746982741899563 0.81509971509971524 42.250000000000007 7 0.11552828281838948 0.050422162123635254 8.3071297203521315 8 0.043340205522915419 9 1.2700320512820513 0.92247596153846168 55.500000000000007 10 6.5000000000000009 0.7869289994068015 0.9291979949874688 38.650000000000006 11 7.7259589055859044 8.3296084919266438 34.892857142857146 0.39769700658356139 55.500000000000007 0.18473739511371853 84.500000000000014 0.31845373111853542 -0.27193309048403197 23.500000000000004 6.703854655643009 8.3532359786587698 0.62257903286267657 12 63.050000000000011 9.0114180977665335
decision_type=2 1 2 1 10 2 8 2 2 1 2 1 1 8 2 2 1 1 2 10 10 2 2 2 2 2 2 2 2 2 1 10 2 2 1 8 1 2 2 2 1 2 2 2 2 1 2 2 2 2 2 10 2 2 2 2 2 2 2 1 2 2
left_child=4 3 6 7 10 -5 22 8 19 12 -1 -6 24 48 -15 16 57 46 -13 23 37 -14 49 35 -8 -4 59 -26 -16 34 32 -32 33 -31 -30 -2 -20 -7 -39 40 51 -42 -43 -41 -45 -19 -17 52 -11 -3 -51 -10 -36 54 -47 -37 -57 -12 -56 60 -24 -61
right_child=1 2 25 5 11 20 9 -9 39 13 15 18 21 14 28 17 -18 45 36 -21 -22 -23 26 -25 27 -27 -28 -29 29 30 31 -33 -34 -35 47 55 -38 38 -40 43 41 42 -44 44 -46 53 -48 -49 -50 50 -52 -53 -54 -55 58 56 -58 -59 -60 61 -62 -63
leaf_value=0.0066810530337860115 0.0041735947328173277 0.001500585275135527 -0.0046580559074180196 0.00025861816205281687 0.0027311672930352866 2.6299053204566014e-05 0.00051957559102345846 -0.0070815630370857979 0.0014261081733484026 0 0.005136901325140498 0.0018708975041503437 0.00030706099836475914 0 2.6650346898095451e-05 0.0069661293949643006 0.012157268125733246 0.0030069291794927997 -0.0036688184226257728 -0.0056293143325563877 -0.0025000832503660059 -0.0001189583838485851 -0.0035259247650732874 0.0015715004981988754 0.0001771792063207249 -0.010464176449688093 0.0011055164009569126 -0.002238692666579591 -0.00029628419355372899 0.0016705698388852761 0.0014589446693268838 -0.0043993200090937899 -0.0010843993866805977 -0.008427595013300598 -0.0028631276660686855 0.0048670324416596848 -0.00016107164871780692 -0.00057922481419998807 -5.8966126895393252e-05 -0.0031164214477258068 0.0033106460352998694 -0.0053858972031810117 0.0037818642486412133 -0.0014422328769072557 0.0031488436504554921 0.005288933731045109 0.003341046694544748 -0.0051551860094993032 0 -0.001767238613402078 0.0022814389130125347 -3.8804364137540687e-05 -0.00022027975042408798 -0.0038535004878425387 -0.0014798512293961539 0.0048431964317277023 0.00064003565675102439 -0.0013685978606823484 0.00078741357717080978 -5.0371904830826661e-05 0.0022941907749169329 -0.0030974372181043148
leaf_weight=1327 692 1083 1955 1108 570 80 47 308 985 136 385 547 853 1447 397 497 506 1284 334 99 327 958 459 737 181 508 148 723 1064 468 78 281 50 64 2352 359 878 849 855 179 75 160 40 244 140 391 752 337 40 208 126 688 307 164 246 107 530 109 376 1406 56 45
leaf_count=1327 692 1083 1955 1108 570 80 47 308 985 136 385 547 853 1447 397 497 506 1284 334 99 327 958 459 737 181 508 148 723 1064 468 78 281 50 64 2352 359 878 849 855 179 75 160 40 244 140 391 752 337 40 208 126 688 307 164 246 107 530 109 376 1406 56 45
internal_value=-3.74549e-05 -0.00193817 -0.00337123 0.000705704 0.00549181 -0.0024226 -0.0024371 0.00259152 0.00323173 -0.00343673 0.00700977 0.00155579 -0.000486837 -0.00458973 -0.00429083 0.00587986 0.00999001 0.0047696 -0.000409605 0.0060198 -0.00495975 0.00171515 0.000332673 0.0065643 -0.00465177 -0.00843141 -0.00141844 -0.00563536 -0.00522319 -0.00568273 -0.00225584 -0.00763514 0.00118044 0.00290807 -0.00647624 0.00825933 -0.00259687 -0.00369748 -0.00428152 0.000427946 0.00164187 -0.00480769 -0.00995025 -0.00376773 -0.00038961 0.00304409 0.0080754 -0.00761556 -0.0163842 0.00294429 -0.00223881 0.00271675 -0.00692669 0.000652357 0.00189842 0.00591775 0.00340909 0.0039604 -0.000722311 -0.00216065 -0.00603612 -0.000735294
internal_weight=32705 24339 15777 8562 8366 3219 13314 5343 5035 9783 6037 2329 2762 7021 6845 4710 1000 3710 1759 2524 2111 1811 3531 2425 951 2463 2114 904 5398 5001 941 359 582 532 4060 1688 1212 1784 1704 2511 1948 275 200 563 384 2461 1249 2996 176 1417 334 1673 2659 1177 1013 996 637 494 622 1966 515 1451
internal_count=32705 24339 15777 8562 8366 3219 13314 5343 5035 9783 6037 2329 2762 7021 6845 4710 1000 3710 1759 2524 2111 1811 3531 2425 951 2463 2114 904 5398 5001 941 359 582 532 4060 1688 1212 1784 1704 2511 1948 275 200 563 384 2461 1249 2996 176 1417 334 1673 2659 1177 1013 996 637 494 622 1966 515 1451
cat_boundaries=0 1 2 3 4 5 6 7 8 9 10 11 12 13
cat_threshold=2352 7954 101 180 1027 3666 816 5762 2072 1153 5648 2575 1152
is_linear=0
shrinkage=0.05


Tree=5
num_leaves=63
num_cat=17
split_feature=1 1 9 2 22 22 25 25 6 39 2 25 41 39 10 39 39 25 10 41 25 2 21 23 22 25 15 6 25 10 1 39 41 11 6 39 26 6 39 6 35 2 39 31 9 23 25 12 18 41 15 17 10 6 33 39 26 22 2 33 33 29
split_gain=118.071 39.4145 30.6654 29.145 20.8618 16.2237 13.7118 12.7945 12.3698 12.0759 11.639 10.4693 9.56271 9.52587 9.35641 9.77412 8.88922 8.39394 7.80699 6.99146 6.95371 6.80333 6.79845 6.46427 6.3803 6.28023 6.22217 6.35216 6.18385 6.1662 5.8661 5.62762 5.61669 6.38552 6.04534 5.34775 8.33185 7.95568 5.27422 5.21771 8.37421 5.06495 5.03331 4.98533 4.8146 4.75157 4.74407 4.71854 4.67843 4.56513 4.52158 4.48447 5.20684 4.36837 4.36449 4.80709 4.78028 4.35539 4.32295 4.15585 4.12408 4.03383
threshold=0.0064768870366465068 -0.38416593228539359 1.0000000180025095e-35 0.25245234062724992 -0.10053309141756879 -0.061858162041505162 0 1 7.8394386884520193 2 -0.046520015634893046 3 21.207341269841276 4 0.10550759937813094 5 6 7 -0.0022340140519752079 19.441020733652319 8 -0.066774957772854013 6683.7500000000009 -0.085846950296410082 0.47658476784466608 9 -0.81197321439432735 7.2038256684847921 10 0.41952984713070368 -0.087010922444381564 11 3185.607731694829 55.500000000000007 7.9751046914501362 12 15.500000000000002 7.6064394289070592 13 8.1278186157914334 7.9901246458415512e-09 -0.10915066590167564 14 0.65000000000000024 0.079175601582155614 0.35667494393873261 15 62.500000000000007 0.21710982678749102 1878.580649882904 -0.17714633567196444 -0.069110570875674945 0.25660313146025621 6.7581249608900089 25.892857142857149 16 32.500000000000007 0.41813014407233956 0.06453648988539841 25.821428571428577 26.87857142857143 1.0000000180025095e-35
decision_type=2 2 8 2 8 10 1 1 2 1 2 1 2 1 2 1 1 1 2 2 1 2 8 10 8 1 2 2 1 2 2 1 2 2 2 1 2 2 1 2 2 2 1 2 10 10 1 2 10 2 2 2 2 2 2 1 2 10 2 2 2 2
left_child=1 10 12 5 8 11 16 14 20 25 50 13 19 -2 15 53 24 43 28 -3 45 32 -15 39 -5 -10 58 57 -7 59 -19 46 34 -34 -9 -23 49 44 -36 40 48 -24 -22 -11 61 -4 -29 -43 -17 -37 -1 -13 -53 -6 -55 -56 -57 -28 -20 -8 -39 -38
right_child=3 2 4 6 7 18 29 21 9 17 -12 51 -14 22 -16 23 -18 30 26 -21 42 35 41 -25 -26 -27 27 31 -30 -31 -32 -33 33 -35 38 36 37 60 -40 -41 -42 47 -44 -45 -46 -47 -48 -49 -50 -51 -52 52 -54 54 55 56 -58 -59 -60 -61 -62 -63
leaf_value=0.011757919058553511 -0.0022059946761991888 0 0.002574084169625894 0.0029832694517473932 0 0.00066856026521844964 0.00094485927458386881 0.0032513462245544983 0.0015340721687487964 7.4708215121041589e-05 0.0030302761569344439 4.4132956230933528e-06 0 0.0021657495568918857 -0.0036909857638541144 0.0029060243509272149 -0.0038503725421885683 0.0017761644199695691 -0.0014942802823363199 4.6924298355588702e-05 0.0051413469012732424 0.00018643506708715998 0.0042117670790116244 -0.002400175958427848 -0.0035312526430457294 -0.0053830082060468409 0.00024098817868197509 0.00080447419538463144 -0.001762401124025928 -0.011860963776648956 -0.00057054207284548881 -0.0022273396704924164 -0.0039352360543256568 0.0043760323591526427 -0.00061260315653315328 -0.0015920273121463836 2.5598419475216309e-05 0.0033167159364273406 0.0020027690060649655 -0.00083536395595639628 -0.0014586155872486925 0.00023651036947324066 0.0030654039112470912 0.0032861351972691428 0.0025358342907275074 -0.00038582911285842423 -0.0028821049808511415 -0.0012302507088923231 0.00013593494415501672 -0.0035907573766986024 0.0077935501249997881 -0.0010659308751923635 -0.0044251531120471192 -6.8105949080199944e-06 0.00011140664065116288 0.00025385023240199009 0.00033551600904121738 -0.0023797035281963477 -0.0051937081466544698 -0.0055960799819446405 -0.00090090074161270977 -0.00013628469265427703
leaf_weight=550 343 69 760 308 67 614 76 1249 137 232 415 1657 144 963 573 417 863 686 194 59 1121 1542 203 842 179 292 567 291 773 458 555 1697 91 40 244 315 83 74 707 503 171 708 478 920 701 206 385 369 444 65 864 2622 263 103 550 414 215 118 259 1258 615 65
leaf_count=550 343 69 760 308 67 614 76 1249 137 232 415 1657 144 963 573 417 863 686 194 59 1121 1542 203 842 179 292 567 291 773 458 555 1697 91 40 244 315 83 74 707 503 171 708 478 920 701 206 385 369 444 65 864 2622 263 103 550 414 215 118 259 1258 615 65
internal_value=-2.1376e-05 0.00276751 0.00196032 -0.00325335 0.0022532 -0.0021327 -0.00754057 0.000911703 0.00476522 0.00247963 0.00971311 -0.000610184 -0.014652 0.0019253 -0.00115429 -0.000241481 -0.00363703 0.00385815 -0.00434783 -0.00465116 0.00727786 0.00244312 0.00311668 -0.00216709 0.00175703 -0.00517045 -0.00560222 -0.00478915 -0.00117075 -0.0103993 0.000978435 -0.00601306 0.00453473 -0.00549242 0.00513403 0.00104016 -0.000725765 0.000909682 0.0021271 -0.000244141 0.0017909 0.000741608 0.00930124 0.00692175 0.00414706 0.0037871 -0.00203785 -0.00062616 0.0037993 -0.00734908 0.0118728 -0.00205359 -0.00324844 0.00314338 0.00381917 0.0046822 0.00761719 -0.000546647 -0.0110683 -0.00872659 -0.00307971 -0.00402685
internal_weight=32746 17578 15749 15168 15477 12026 3142 10090 5387 2822 1829 7128 272 2586 4299 3726 1350 2393 4898 128 2565 5791 2243 2377 487 429 3511 3058 1387 1792 1241 2373 2331 131 2200 3460 1918 1538 951 1535 1032 1280 1599 1152 849 966 676 1077 861 380 1414 4542 2885 1349 1282 1179 629 685 453 1334 689 148
internal_count=32746 17578 15749 15168 15477 12026 3142 10090 5387 2822 1829 7128 272 2586 4299 3726 1350 2393 4898 128 2565 5791 2243 2377 487 429 3511 3058 1387 1792 1241 2373 2331 131 2200 3460 1918 1538 951 1535 1032 1280 1599 1152 849 966 676 1077 861 380 1414 4542 2885 1349 1282 1179 629 685 453 1334 689 148
cat_boundaries=0 1 2 3 4 5 6 7 8 9 10 11 12 13 14 15 16 17
cat_threshold=2352 1219 3136 2352 65 188 3072 2229 141 592 2868 3216 565 2752 7686 2416 4
is_linear=0
shrinkage=0.05


Tree=6
num_leaves=63
num_cat=16
split_feature=0 0 22 22 25 8 2 2 39 25 25 1 39 25 16 39 2 22 10 2 10 20 20 39 39 22 6 6 6 25 0 3 11 16 30 23 10 25 39 2 1 25 11 13 39 10 0 2 42 29 25 19 25 3 20 10 8 19 3 15 18 15
split_gain=143.34 32.1678 23.3756 19.7378 15.0525 13.4919 12.7433 12.0204 11.9353 10.8755 10.4717 10.2065 10.176 9.45782 8.99841 8.79027 8.13134 7.43066 7.39312 7.25668 7.03371 6.47038 6.54583 6.45948 5.97038 6.15635 5.7457 5.61585 5.49319 5.38923 5.37224 5.18858 7.02286 5.12974 5.06982 4.91093 4.73613 4.65688 4.49446 4.4916 4.45042 4.43241 4.3976 4.39042 4.3568 4.29978 4.28834 4.22111 4.10615 4.09779 4.08587 4.04568 4.04031 4.02011 4.89403 3.97965 3.96311 3.87299 3.8558 3.78228 3.75489 3.75424
threshold=-0.037739558752669204 0.057158413839948803 -0.2762427664360072 0.18191457106311407 0 0.029464010754302754 -1.0000000180025095e-35 0.0039610434056562846 1 2 3 -0.40088588027111344 4 5 0.058374985773246298 6 -0.048790164169431265 -0.058236298707245164 0.055851237868718158 0.39620466679419414 0.41952984713070368 -0.015278927780754147 0.059553466529703836 7 8 -0.18232130679401709 7.6246385588185914 6.6628664858834528 7.6399988834572214 9 -0.48453523171349383 -0.039740328649514371 24.500000000000004 0.052609028402593079 65.550000000000026 0.36586706053363144 -0.0052703822673563208 10 11 -0.15818534996939923 -0.38416593228539359 12 29.500000000000004 1.3452339285714288 13 0.32701778180634383 0.27300874442392736 0.435318071257846 0.94689849624060163 1.0000000180025095e-35 14 -0.12377628224284726 15 0.068993157201318503 -0.0013993578509519863 -0.020167100216845753 0.0968817816983297 0.025816295326766953 -0.12675143536894581 0.38136755652910387 0.8999881157107279 -1.0000000180025095e-35
decision_type=2 2 8 10 1 8 2 2 1 1 1 2 1 1 2 1 2 8 2 2 2 10 10 1 1 10 2 2 2 1 2 2 2 2 2 10 2 1 1 2 2 1 2 2 1 2 2 2 2 2 1 2 1 2 10 2 10 2 2 2 10 2
left_child=2 5 16 4 8 10 11 38 26 17 21 59 50 28 37 -15 30 23 -10 24 27 -2 55 48 39 49 36 -6 -8 -9 -1 -12 -33 42 35 60 -3 -14 -5 -11 -29 -16 -27 47 -42 -31 -38 57 -7 52 -13 -44 -26 54 -34 -23 -17 -19 -40 -4 -28 -52
right_child=1 3 6 7 20 9 13 29 18 19 31 12 14 15 41 56 -18 43 -20 -21 -22 22 -24 -25 25 33 34 40 -30 45 -32 32 53 -35 -36 -37 46 -39 58 -41 44 -43 51 -45 -46 -47 -48 -49 -50 -51 61 -53 -54 -55 -56 -57 -58 -59 -60 -61 -62 -63
leaf_value=0.016616135210501953 -2.2775105132158758e-05 0.0051931619599925819 0.0099691174702613503 -0.0023114049755298162 0.00048472066001556646 -0.00079680633708492437 0.0029449300182257452 -0.0036248229600969063 1.4270661600308325e-05 0.0028953240531209724 4.0406374449888352e-05 0.0031780033753293201 0.0039938571518534317 0.00083634543448764937 -0.0018332157617519649 0.00067989405999846356 0.0029689050686380909 0.00017586685370916635 -0.0029033308868105091 -0.006817275988260648 -0.0096548139432234836 -0.00010325666946516739 9.9657438928234672e-05 0.0026444948665568014 0.0013207159999900527 -0.0022320971584096033 -0.0027272804804717417 0.0047636020571270275 0.00011246148664973935 -0.0040931382372423582 0.0050258759996094169 7.1115481802880848e-05 -1.0654270699262773e-05 -0.0038055749534519276 0.0046840547293686367 0.0020781151793310151 0.0017114457330292103 0.0012570532020611453 0.0021710465479618177 -2.5796919749159295e-05 0.00031884178806758124 0.00050325356001119806 -0.0046275258634502422 0.0023256456936713221 -0.002610049258218543 -0.01332348103261545 -0.0018096170468072722 -0.0082520680496239781 0.001813720408147248 -0.00099358442721118748 0.0022080708906871429 0.00054161256814078064 -0.00017127207344916188 2.117698177595195e-05 -9.9198759950377306e-07 -6.9375035763394422e-05 -0.0018299642302521645 -0.0002631620959568211 -0.00041916208096493316 0.0053519233693618273 0.0014342547054393003 0.00048361926254158663
leaf_weight=366 124 257 377 416 313 273 716 479 599 416 151 855 532 397 462 203 1133 1636 892 226 225 80 47 965 275 270 506 64 723 758 1610 148 239 521 107 64 678 1157 71 2364 131 874 60 251 3553 335 241 135 164 717 343 389 381 88 179 282 1111 929 185 152 117 454
leaf_count=366 124 257 377 416 313 273 716 479 599 416 151 855 532 397 462 203 1133 1636 892 226 225 80 47 965 275 270 506 64 723 758 1610 148 239 521 107 64 678 1157 71 2364 131 874 60 251 3553 335 241 135 164 717 343 389 381 88 179 282 1111 929 185 152 117 454
internal_value=4.73037e-05 -0.00237888 0.00455477 -0.00444606 -0.00324923 -0.000552559 0.00317698 -0.00857461 -0.00078485 8.02166e-05 -0.00526512 0.0046956 0.00394934 0.000666455 0.00219862 -0.00184379 0.00825563 0.00195348 -0.00414447 -0.00137211 -0.00522458 -0.0106158 -0.0138415 0.00495367 -0.00100575 -0.00271532 0.00176678 -0.00475751 0.00363793 -0.0109663 0.0101922 -0.0015625 -0.00351145 -0.005278 -0.00150943 -0.00308866 0.0039932 0.00463018 -0.00297177 0.000609101 -0.00529475 -0.000860135 -0.00253472 0.000533537 -0.00552239 -0.0129303 0.00230978 -5.5535e-05 -0.000167411 -0.000418486 0.00709561 0.0005 0.00243531 -0.00631164 -0.00835322 -0.0161157 -0.00381132 0.000399454 0.00224719 0.0112736 -0.00444712 0.00436262
internal_weight=32766 21301 11465 9991 7747 11310 8356 2244 3461 9972 1338 5206 4677 3150 3025 1711 3109 4353 1491 5619 4286 533 409 1402 5393 2613 1970 4061 1439 1572 1976 805 654 1240 794 687 1176 1689 672 2780 3748 1336 719 2951 3684 1093 919 2700 437 1373 1652 449 656 506 418 362 1314 2565 256 529 623 797
internal_count=32766 21301 11465 9991 7747 11310 8356 2244 3461 9972 1338 5206 4677 3150 3025 1711 3109 4353 1491 5619 4286 533 409 1402 5393 2613 1970 4061 1439 1572 1976 805 654 1240 794 687 1176 1689 672 2780 3748 1336 719 2951 3684 1093 919 2700 437 1373 1652 449 656 506 418 362 1314 2565 256 529 623 797
cat_boundaries=0 1 2 3 4 5 6 7 8 9 10 11 12 13 14 15 16
cat_threshold=2864 7426 2360 3394 4252 2864 37 105 669 56 312 3341 3201 48 1148 1092
is_linear=0
shrinkage=0.05


Tree=7
num_leaves=63
num_cat=17
split_feature=0 0 25 39 22 7 39 22 22 39 14 3 3 22 25 3 3 39 7 11 0 39 7 22 15 16 15 11 8 25 16 21 30 25 9 39 31 41 4 42 16 4 39 7 30 39 39 27 3 25 31 16 41 41 7 39 26 39 42 25 11 9
split_gain=129.064 42.9733 25.2504 14.2562 13.5457 11.681 13.1397 11.4044 11.1584 9.95705 8.00077 7.7946 7.53293 7.14813 6.60426 7.97813 6.3683 6.63653 6.02585 7.58231 5.677 6.13386 10.6974 5.67507 5.65742 5.80959 5.64253 5.63402 5.14972 5.29006 4.99564 4.91562 4.72858 5.85356 5.22186 5.04609 10.9588 4.59601 4.5959 4.50133 4.20681 4.16359 4.11607 4.0674 3.97621 6.47983 4.41478 4.52818 3.95978 3.88787 4.4832 3.84552 3.83745 3.83199 3.79468 3.57082 3.87508 3.5535 3.54434 3.54421 3.46383 3.42933
threshold=0.0071692063337023279 -0.14400002957222299 0 1 -0.36879340956605816 7.8325434051533858 2 0.19644743604158629 -0.10918321110098317 3 -1.0987451260759042 0.16509942019560467 0.095310179804325226 0.020697217582458727 4 0.29891962397457844 -0.010323501915781462 5 8.1605826951034022 46.500000000000007 -0.43422703017725789 6 8.0052030237037446 0.3936998594030674 -1.3867658368738252 -0.10484331006241597 0.2876820724517809 85.500000000000014 0.0968817816983297 7 0.16739425117046561 6132.5000000000009 57.250000000000014 8 0.066062740273970896 9 3.9500000000000006 4.7145199063231855 0.219659759277155 0.9536672629695887 -0.11294610208482324 0.038161154276822991 10 7.0767651249256529 25.550000000000004 11 12 37.500000000000007 -0.419751794330192 13 0.35000000000000009 0.65874554606229607 1599.9025631017437 86.499218750000011 6.9695193441255663 14 13.500000000000002 15 0.87965517241379321 16 1.5000000000000002 0.087702735270623236
decision_type=2 2 1 1 8 2 1 10 8 1 2 2 2 8 1 2 2 1 2 2 2 1 2 10 2 2 2 2 8 1 2 10 2 1 10 1 2 2 2 2 2 2 1 2 2 1 1 2 2 1 2 2 2 2 2 1 2 1 2 1 2 10
left_child=1 4 3 8 16 9 32 18 61 14 -10 43 51 31 15 27 -1 58 24 55 -6 38 26 37 -4 41 48 40 -8 -30 54 49 33 34 -7 59 -37 -12 -22 -34 -3 42 -26 -9 45 -27 -46 -48 -23 -11 53 -5 -32 -51 -16 -20 -57 -13 -18 -35 -25 -2
right_child=2 5 7 12 20 6 28 11 10 13 23 57 -14 -15 30 -17 17 -19 19 -21 21 22 -24 60 25 44 -28 -29 29 -31 52 -33 39 35 -36 36 -38 -39 -40 -41 -42 -43 -44 -45 46 -47 47 -49 -50 50 -52 -53 -54 -55 -56 56 -58 -59 -60 -61 -62 -63
leaf_value=0.0087073064161346976 -0.002134164655414183 0.0019048400713446421 -0.0045052497656510836 -0.0006859507582076405 0.0083870186287809973 0.00013218904341237445 5.9011920148815935e-05 -6.5213009507694369e-05 -0.0038763306615754063 -0.00042541995382734037 -0.002330247674140082 -0.0038422329094910546 -0.0031122756415268441 0.00047915069190278221 0.0018233996629699303 -0.0026556799316302393 -0.00062538190836535 0.0080254053395580616 -0.0071316865583603258 -0.0013779591901970374 0.0033511771883920263 0.0085512271461733007 -0.0014839599241633227 -0.0080731081883927813 -0.0008968955621327558 -0.0034217017654918831 -0.00038644481291654712 1.0746318172155794e-05 0.00041565599379629527 -0.00031493567659683614 -4.7349115479272409e-05 -0.00060492369421394744 -0.00059402003884228682 -0.0024990393874968451 -0.0042793902666771483 -0.0048175832852661877 -0.00035384943298013503 0.00084449570477493287 -0.00014213967003138788 0.0038104498626519451 0.00021196343689687224 -0.001444488075415636 0.0010390937532691485 -0.0031079202569561405 -0.0032832452034205657 -0.00073003983475722605 0.0012698120412692696 -0.00066309329524764926 0.0034537234458699353 -0.00020972339725857286 0.0032532542785633223 0.00054978894725946591 -0.0018051661176725167 0.0022426756140771745 -2.6536134397224125e-05 -0.00110926929471354 -0.0034036610376298642 -0.0082389058775643818 0.0032104427035048282 0.00057359703097146272 -0.0019189521397934214 0.0031516843093734393
leaf_weight=1103 45 283 275 769 626 44 2140 221 178 120 289 219 630 2186 375 122 58 165 319 681 1192 164 462 58 243 1285 374 184 1224 1269 498 43 156 141 547 139 332 1793 188 155 490 921 595 868 242 947 251 329 771 205 1297 154 249 79 915 260 795 408 231 493 241 787
leaf_count=1103 45 283 275 769 626 44 2140 221 178 120 289 219 630 2186 375 122 58 165 319 681 1192 164 462 58 243 1285 374 184 1224 1269 498 43 156 141 547 139 332 1793 188 155 490 921 595 868 242 947 251 329 771 205 1297 154 249 79 915 260 795 408 231 493 241 787
internal_value=0.000204881 0.00287577 -0.00347544 -0.000605449 0.00668229 0.00139183 -0.000112935 -0.00507046 0.00121252 0.00280971 -0.000419922 -0.00873617 -0.00455563 0.00447856 0.00068756 0.00383028 0.0106065 0.0056044 -0.00419583 -0.00648103 0.0050622 0.00419575 0.00220258 0.000346348 -0.00327176 -0.00287183 0.0045229 0.00540188 0.00135121 -0.000190457 -0.00098877 0.00687679 -0.00348117 -0.00453742 -0.00851329 -0.00230735 -0.0061722 0.0012722 0.00668584 0.00216346 0.00352067 -0.000582386 0.00196663 -0.00616972 -0.00418985 -0.00528437 -0.00121507 0.00118443 0.00659722 0.00730024 0.00793028 -0.00170455 -0.00424465 0.0022807 0.000890782 -0.00861818 -0.00696529 -0.0131768 0.00075 0.000620155 -0.00608333 0.0062425
internal_weight=32823 19020 13803 4944 5334 13686 6640 8859 3391 7046 2559 1716 1553 3930 3116 1079 1557 454 7143 2055 3777 3151 1771 2381 5088 4813 1309 957 4633 2493 2037 1744 2007 1696 591 1105 471 2082 1380 311 773 1759 838 1089 3054 2232 822 580 935 1701 1581 923 747 284 1290 1374 1055 627 289 634 299 832
internal_count=32823 19020 13803 4944 5334 13686 6640 8859 3391 7046 2559 1716 1553 3930 3116 1079 1557 454 7143 2055 3777 3151 1771 2381 5088 4813 1309 957 4633 2493 2037 1744 2007 1696 591 1105 471 2082 1380 311 773 1759 838 1089 3054 2232 822 580 935 1701 1581 923 747 284 1290 1374 1055 627 289 634 299 832
cat_boundaries=0 1 2 3 4 5 6 7 8 9 10 11 12 13 14 15 16 17
cat_threshold=2352 7954 7364 418 210 1321 4159 2744 202 4160 2050 5378 2305 128 5120 2192 800
is_linear=0
shrinkage=0.05


Tree=8
num_leaves=63
num_cat=9
split_feature=0 1 2 0 22 0 17 22 30 22 6 39 6 5 2 39 18 22 26 19 2 26 6 1 41 5 39 6 1 21 39 21 2 39 39 36 39 30 2 18 31 31 27 21 0 30 13 9 22 12 26 14 27 39 30 39 19 19 22 11 17 36
split_gain=120.293 33.6701 23.3487 16.9074 12.4552 13.1663 11.8856 9.42826 9.0773 9.0208 9.26204 10.8852 8.81559 8.7822 8.68688 7.43644 6.31179 6.25977 5.92581 5.75006 5.30721 5.24333 5.07777 5.59641 5.04385 4.91171 4.90805 4.90035 4.63736 4.61188 4.60204 5.31754 4.55283 4.41475 4.30235 4.26445 4.2157 6.11032 4.20455 4.1961 4.09834 4.06379 7.57815 4.50327 3.96454 3.81409 3.77588 5.18175 3.78374 3.76388 3.74969 3.71465 3.71301 3.6901 3.65429 4.33735 4.93112 3.58243 3.54409 3.53389 3.43096 3.39471
threshold=-0.042835249097480592 0.11779747645719631 -0.087504313193861968 -0.30318656667995952 -0.10053309141756879 0.0071692063337023279 -1.0871758934004203 0.27291298879293052 100.80000000000003 -0.62087437273926838 7.6399988834572214 0 7.8055379158819003 7.6104274571751915 0.016167138872613233 1 0.383906801306866 -0.055058362090690302 46.500000000000007 0.01243023507478532 0.24783818937664751 9.5000000000000018 7.1894531133543973 0.021142378508049568 5706.0234451450206 6.8296662200178941 2 7.0076708988761949 -0.15702574921367549 1050.0950000000003 3 1026.2500000000002 0.44937552335991576 4 5 0.30489593657818942 6 39.150000000000013 0.20067069546215113 0.383906801306866 156.40000000000001 0.35000000000000009 40.500000000000007 1299.4100000000001 -0.14400002957222299 40.050000000000004 0.59812794130098301 0.15299289150073636 -0.12279224449403481 56.500000000000007 23.500000000000004 2.1165281361877795 48.500000000000007 7 0.8500000000000002 8 0.13781116203594618 -8.3417130608890148e-17 0.57982041832616715 78.500000000000014 0.033648140886706319 0.043507611061572866
decision_type=2 2 2 2 8 2 2 10 2 8 2 1 2 2 2 1 8 8 2 2 2 2 2 2 2 2 1 2 2 10 1 10 2 1 1 2 1 2 2 10 2 2 2 8 2 2 2 8 10 2 2 2 2 1 2 1 2 2 10 2 2 2
left_child=2 4 3 51 12 19 20 8 13 -5 15 -12 30 41 21 16 40 29 38 61 -3 34 39 33 27 -18 28 -16 -21 -4 -2 -32 -9 44 -7 59 37 60 -15 -19 -11 -8 43 -43 -24 -27 47 -33 -48 -28 52 -1 -44 -40 55 -31 -57 -46 -34 -23 -14 -6
right_child=1 6 17 9 5 14 7 32 -10 10 11 -13 36 18 24 -17 25 22 -20 26 -22 35 23 -25 -26 45 49 -29 -30 54 31 46 58 -35 -36 -37 -38 -39 53 -41 -42 42 50 -45 57 -47 48 -49 -50 -51 -52 -53 -54 -55 -56 56 -58 -59 -60 -61 -62 -63
leaf_value=0.009275672407813516 0.0028147650043457875 -0.0034522080150870891 0.0053630646734483464 0.0070874487602788933 5.725490507830413e-05 0.00042502677368434858 -0.0031712667391577427 -0.0038951047772978944 0.002377838097432943 0.0026739129386826577 -0.0029714721036514864 0.0019376491700735937 -0.00049172149967026684 -0.0022916847369143195 -0.00021315351303742699 0.0040424492442200132 0.0045016840849711722 0.0024248994636215161 9.1929213633372948e-05 0.0040660726962661702 -0.011400463950981196 -0.00023763505278349105 0.0009007853813755907 -0.00179176225484938 0.002833464434045023 -0.0018209106876051519 9.5059248652617308e-05 -0.002035255885790985 -0.00012206367950113033 0.0019491939478415204 0.006493758204669799 -0.0029968348411507344 -0.0068069259539538553 0.00055905164881241446 -0.0029631980458327983 -0.002927290468384431 7.0097140315760669e-05 0.0020853746018479101 -0.0025971633660639851 7.0865583862851872e-05 0.0077502595486279831 0.0032786565670321469 -0.0036206665894285028 0.00018421337676313997 -0.00014163823233404461 0.0043174233413887158 0.0014989803250390625 0.00070776025219583321 -0.0017535401896422481 -4.1968371154777162e-05 -0.0031726777116062171 4.2653697172767568e-05 0.00036638660602146826 -0.0062030142860426303 0.002159499018926645 7.7117024941509009e-05 -0.0054212506265020862 -0.0048868133633138272 -0.021363606321789071 0.0013148076068932404 -0.0053387873760269633 -0.00048006326534663429
leaf_weight=1326 684 317 119 391 2727 118 367 845 258 431 478 1497 178 1585 391 465 174 449 336 69 236 1860 124 741 87 266 700 2393 587 383 155 139 126 1365 423 41 1744 124 293 402 141 206 85 672 90 69 641 178 51 731 453 68 319 671 1345 530 80 111 107 353 227 86
leaf_count=1326 684 317 119 391 2727 118 367 845 258 431 478 1497 178 1585 391 465 174 449 336 69 236 1860 124 741 87 266 700 2393 587 383 155 139 126 1365 423 41 1744 124 293 402 141 206 85 672 90 69 641 178 51 731 453 68 319 671 1345 530 80 111 107 353 227 86
internal_value=3.67997e-05 -0.00213666 0.00427983 0.00667044 -0.000784654 -0.00169395 -0.00502399 -0.00440781 -0.00353126 0.00498339 0.00418086 0.00191043 0.00154658 -0.00400461 -0.0033351 0.00707822 0.00464744 0.00206882 -0.00579522 0.00020404 -0.0120487 -0.00135014 0.000639659 -0.00052426 -0.00526636 0.000637255 -0.001784 -0.00563734 -0.00532234 0.00397681 0.00411033 0.00212766 -0.00866543 0.00106446 -0.00576568 -0.000288248 -0.000538698 -0.00439815 -0.00661765 0.00396127 0.0082897 -0.00154541 -0.000532834 0.00273038 -0.00409226 -0.00290179 0.000816832 -0.00369497 0.002886 -0.000121359 -0.00387529 0.0113978 -0.00037037 -0.0092228 0.0034844 0.00118209 -0.00144928 -0.0085396 -0.0148504 1.12918e-05 -0.00745074 0.0016791
internal_weight=32608 21563 11045 5306 14687 10566 6876 6323 5245 3912 3521 1975 4121 4987 5666 1546 1081 5739 2885 4900 553 2795 3282 2431 2871 509 2087 2784 656 2457 1848 1164 1078 1690 541 2254 2273 529 2549 851 572 2102 1735 878 325 335 1009 317 692 1431 857 1394 404 964 2338 993 610 201 233 2213 405 2813
internal_count=32608 21563 11045 5306 14687 10566 6876 6323 5245 3912 3521 1975 4121 4987 5666 1546 1081 5739 2885 4900 553 2795 3282 2431 2871 509 2087 2784 656 2457 1848 1164 1078 1690 541 2254 2273 529 2549 851 572 2102 1735 878 325 335 1009 317 692 1431 857 1394 404 964 2338 993 610 201 233 2213 405 2813
cat_boundaries=0 1 2 3 4 5 6 7 8 9
cat_threshold=3392 2434 5138 5124 2306 2216 5184 2642 2565
is_linear=0
shrinkage=0.05


Tree=9
num_leaves=63
num_cat=13
split_feature=0 2 0 2 25 0 39 6 22 25 25 39 39 10 39 22 5 22 39 0 8 33 25 42 1 22 6 26 6 42 25 4 39 2 39 22 1 22 16 3 19 11 10 1 30 5 31 4 13 9 19 13 33 6 31 6 26 26 5 30 25 10
split_gain=97.8604 40.6211 20.3571 16.0208 13.2771 11.5927 10.9413 10.5138 10.092 9.09912 8.58569 8.47403 8.34436 8.12265 7.68705 7.56826 7.53382 7.50693 6.60568 6.49295 6.40516 9.36656 6.24115 6.6051 6.23791 5.60969 5.55936 5.61847 5.24656 5.77402 5.15664 5.77023 5.41604 5.08174 4.8701 4.76103 4.65786 4.58707 4.45339 4.44443 4.01779 4.00126 3.86214 3.83705 3.81844 5.52411 4.97037 4.01244 3.76852 3.76247 3.73877 3.97568 4.40538 3.73383 3.67776 5.81273 5.44592 4.59496 4.20181 3.71822 3.63744 3.58258
threshold=-0.092477453393916317 0.037067698043295134 0.12871756468506404 -0.018692133012153441 0 -0.25131049972235914 1 8.1376964128939182 -0.11876614438315466 2 3 4 5 0.32701778180634383 6 -0.11876614438315466 7.5456290303072331 -0.36206010293046398 7 0.018208729414014971 0.031023541818536476 29.307142857142864 8 0.98449519230769245 -0.27193309048403197 -0.045459522915588316 7.6325855458405893 11.500000000000002 6.9236582515130403 0.79843750000000013 9 0.55961720637715129 10 0.33428677361789877 11 0.33231570689619644 0.14648086945024466 -0.078781205722074268 0.11045878518309228 0.22314355131421018 0.12377628224284741 27.500000000000004 1.7710725402242392e-05 0.56617956982044071 16.950000000000006 7.82043345783456 121.55000000000003 0.22314355131421018 0.40000007058821879 0.17474134539464814 0.13389864704993767 0.65295880057037681 26.778571428571436 8.1376964128939182 0.8500000000000002 7.5967432928294309 22.500000000000004 19.500000000000004 9.5884009233558718 38.650000000000006 12 -0.086037749608437228
decision_type=2 2 2 2 1 2 1 2 8 1 1 1 1 2 1 10 2 10 1 2 8 2 1 2 2 10 2 2 2 2 1 2 1 2 1 10 2 8 2 2 2 2 2 2 2 2 2 2 2 10 2 2 2 2 2 2 2 2 2 2 1 2
left_child=3 4 11 5 8 17 19 15 26 14 -5 25 -7 48 37 24 38 39 35 -6 21 -20 23 -13 -8 30 27 -2 -24 -30 31 32 -3 -25 53 42 -34 -4 -14 -1 -32 -9 -10 -15 46 47 -17 -46 -11 -31 51 52 -26 60 -22 57 -57 -56 61 -59 -18 -58
right_child=1 2 9 10 6 12 7 41 18 13 -12 22 16 43 -16 44 34 -19 20 -21 54 -23 28 33 50 -27 -28 -29 29 49 40 -33 36 -35 -36 -37 -38 -39 -40 -41 -42 -43 -44 -45 45 -47 -48 -49 -50 -51 -52 -53 -54 -55 55 56 58 59 -60 -61 -62 -63
leaf_value=0.0092303025876004346 -0.0003950409891636036 0.001615941482703471 0.001780403863199219 0.002755952266255449 0.00012537860146338045 0.0032888691837613358 0.0068856912564824041 -0.0037814104025547649 0.0014453263945959243 -0.0050441184366106047 -0.00024120273202539141 -6.3960153537149334e-05 0.0043791824354822177 -0.0069838056298569401 -0.0042426216450176081 -0.001701931515967941 0.0009608744222403473 0.0036485215043009786 -7.0902341903077254e-05 -0.00047377494660200001 -0.0014262922317808233 -1.0032249990908616e-06 0.0011147163052820344 0.0014726232739350536 0.0023141074158945503 -0.0015555150154320596 0.00084934032421009385 0.0047599582962851925 0.00039726826570673737 -0.0012804705221147782 -0.0010222336271707517 -0.0038276508184632743 4.4595277928136386e-05 0.0078944275714998031 -0.0014048675761486461 -0.0010014970396735911 -0.0036515412155370855 -0.0018378391502653947 0.0014956954087848055 -0.001306037955271574 -0.0028453201575961173 -0.0002653745995681734 0.00010152990005909129 -0.018936768284281216 7.3655861623613534e-05 0.0042472021811314651 -0.0087558489605248143 -0.0045388458907426538 -0.0032602137718189955 -0.0051930463268170792 -0.0022581614567079391 0.0005549259054615721 -0.0012517321727624612 9.9373223720941985e-05 -0.00069817979991723851 0.0012063606532048904 4.0527971482773831e-05 0.0032577133067549753 0.00079583963343526323 2.1361416816731603e-05 0.0060778168302311874 -0.0020038663056497668
leaf_weight=1279 106 343 284 1229 1706 629 157 663 1275 293 1440 1424 606 502 367 880 251 659 169 898 285 236 317 421 93 1340 1149 572 153 643 1167 108 608 80 507 248 135 859 410 55 162 537 1081 158 194 78 82 47 1483 538 234 997 442 520 124 141 155 312 79 131 201 335
leaf_count=1279 106 343 284 1229 1706 629 157 663 1275 293 1440 1424 606 502 367 880 251 659 169 898 285 236 317 421 93 1340 1149 572 153 643 1167 108 608 80 507 248 135 859 410 55 162 537 1081 158 194 78 82 47 1483 538 234 997 442 520 124 141 155 312 79 131 201 335
internal_value=-1.61152e-05 -0.00155191 -0.00374802 0.00487351 0.000313269 0.00651133 -0.00118963 -0.00270668 0.00195818 -0.00665062 0.00173221 -0.00220766 0.004608 -0.00854107 -0.00351742 -0.00121685 0.00326217 0.00949097 0.000705381 0.00137667 -0.00147877 -0.00708128 -0.000446055 0.00148502 0.000766632 -0.00382679 0.0051012 0.00868925 -0.00269254 -0.0040824 -0.00244651 -4.14938e-05 0.00105796 0.0064243 0.000996622 0.00235182 -0.00135942 -0.00145147 0.006588 0.0116479 -0.0045709 -0.00670275 0.00305473 -0.0133132 -0.00419267 0.000546875 -0.00576324 -0.00320248 -0.00680923 -0.0052665 -8.48896e-05 0.000815395 -0.00265858 0.00305188 -3.19898e-05 0.00111502 -0.00189873 0.00488556 -0.00407895 0.00726351 0.00640177 -0.00580448
internal_weight=32577 24791 11385 7786 13406 5117 7008 4404 6398 3946 2669 7439 3124 2436 1510 3204 2495 1993 4571 2604 1967 405 3576 1925 1923 3863 1827 678 1651 1334 2523 1194 1086 501 1479 2604 743 1143 1016 1334 1329 1200 2356 660 1281 319 962 241 1776 1181 1766 1532 535 972 1562 1277 710 567 569 443 452 490
internal_count=32577 24791 11385 7786 13406 5117 7008 4404 6398 3946 2669 7439 3124 2436 1510 3204 2495 1993 4571 2604 1967 405 3576 1925 1923 3863 1827 678 1651 1334 2523 1194 1086 501 1479 2604 743 1143 1016 1334 1329 1200 2356 660 1281 319 962 241 1776 1181 1766 1532 535 972 1562 1277 710 567 569 443 452 490
cat_boundaries=0 1 2 3 4 5 6 7 8 9 10 11 12 13
cat_threshold=2868 173 2352 2864 4111 60 8066 5932 2417 2736 2 4609 1000
is_linear=0
shrinkage=0.05


Tree=10
num_leaves=63
num_cat=12
split_feature=1 2 2 25 2 22 17 39 25 17 39 17 25 25 1 5 41 25 22 42 39 6 22 19 14 39 9 5 12 39 5 11 8 33 1 7 13 22 42 5 39 9 7 29 7 31 9 9 39 5 37 17 30 22 27 10 31 19 20 33 1 41
split_gain=82.2218 29.6415 18.0851 17.6808 12.3988 12.2323 11.5985 10.7815 10.2772 9.23947 8.70571 8.66777 8.55254 8.44387 7.95126 6.74481 8.90532 6.97168 6.61268 6.58942 6.00201 5.92626 5.75084 5.62952 5.60212 5.59511 7.37696 5.56813 6.44974 5.31937 5.0547 4.97776 4.96991 8.98536 5.9211 6.62687 5.29215 4.85615 4.80816 4.60566 4.54077 7.35423 8.56624 6.45195 5.74671 5.63261 4.52365 4.47692 4.64578 4.46002 4.3359 4.30442 4.18122 4.16881 4.13031 4.05239 5.50017 3.86808 3.82719 3.88504 3.81182 3.7864
threshold=-0.08465315817661033 0.24783818937664751 -0.11178480759489771 0 -1.0000000180025095e-35 -0.075646292133442233 -1.0436906801161621 1 2 0.47342034066066546 3 -0.26567095420388381 4 5 0.059808841987522683 7.952072817932609 1999.8800204918036 6 0.20763900420257839 0.81083279115159412 7 6.9796302050716079 -0.13975807762592288 0.0011419211836169927 -0.71416419123278529 8 0.16936782884867854 8.4712516918577343 36.500000000000007 9 7.9294957580820045 36.500000000000007 0.016376077632875127 29.76428571428572 1.0000000180025095e-35 7.6899272846229403 1.2727274276861267 -0.64857120981557481 0.83205128205128209 7.4846844647537685 10 1.0000000180025095e-35 8.2730406286809401 1.0000000180025095e-35 7.0767651249256529 37.600000000000016 0.080062704195361323 0.28545398146675954 11 8.1498615157715424 56.500000000000007 -0.34779244490154965 3.4500000000000006 0.028894807505429339 32.500000000000007 -0.030493502116850642 163.05000000000004 0.0056620752731410869 0.06256889292721228 26.835714285714285 0.076961241136169103 2.756753246753247
decision_type=2 2 2 1 2 10 2 1 1 2 1 2 1 1 2 2 2 1 10 2 1 2 8 2 2 1 10 2 2 1 2 2 8 2 2 2 2 8 2 2 1 10 2 2 2 2 10 10 1 2 10 2 2 10 2 2 2 2 10 2 2 2
left_child=2 3 5 9 15 11 -3 -7 10 14 27 -1 -4 47 40 16 18 54 -5 -16 38 -22 30 51 60 26 -24 28 -8 -15 -10 -19 33 -26 -34 36 -36 -11 -14 -9 41 -2 43 45 -42 -43 -39 48 49 -13 -21 -23 -30 -46 -18 -17 -57 -55 59 -47 -6 -28
right_child=1 6 12 4 24 7 8 39 22 37 -12 13 20 29 19 55 17 31 -20 50 21 23 25 -25 32 -27 61 -29 52 -31 -32 -33 34 -35 35 -37 -38 46 -40 -41 44 42 -44 -45 53 58 -48 -49 -50 -51 -52 -53 -54 57 -56 56 -58 -59 -60 -61 -62 -63
leaf_value=0.00721927808515544 -7.2721550722598842e-06 -0.0095992392549314742 0.0022116906691252874 0.0017969826709542738 -2.5964978495766899e-05 0.0032915141638762361 0.0041483867505218465 0.000588038908750756 0.00040247196486426705 0.0045091723281453213 -0.0051280542941755797 -0.00041391985141486722 -0.00031451390871147249 0.0021540200301508909 0.00042839055932162613 0.00089234856158004056 -0.0031448210651498793 -0.00058221061280329986 -0.00034068944698049507 -0.0023944795619031053 0.0028162989149103676 0.0016016886554467329 0.0012868347295932631 -0.0028903237201413738 -6.7357224807923388e-05 -0.0056046828219802839 0.0010473819802892721 -0.0084118408022231684 0.0049517534120110578 0.0051050624128506795 -0.0045633969641458837 0.0043235669805756017 0.00029013022203417733 3.6107746109835996e-07 3.1268460264400323e-05 -0.0011814414630938635 0.0028019035853643877 1.6954031480987529e-05 0.0012422830306154562 -0.0039849401038369869 0.0013393887766575475 0.002529058345985285 -0.0047890995452972603 -0.001553853869028907 1.9890069734194111e-05 0.0027057944026711179 -0.0030183105852187213 0.0053631390913123833 0.001874021875603504 -0.0052819061958930165 0.0057518757665582544 -0.0014566283818985997 -0.0023372371911767535 -8.3588511746214957e-05 -0.00027353961144768128 -4.7317840591376116e-06 -0.0024012983792268084 -0.0023276710762663052 0.0068033617788091118 -0.0021290952148279424 -0.0032887061533860978 -0.0058793986321265994
leaf_weight=1113 41 360 1530 2104 402 495 384 373 341 48 246 259 249 369 244 719 122 90 399 2390 352 190 126 534 172 1290 42 40 78 1400 200 113 1621 266 1975 2205 226 143 1087 300 286 219 254 495 1434 80 1260 222 425 92 52 422 266 297 86 690 251 183 59 219 387 308
leaf_count=1113 41 360 1530 2104 402 495 384 373 341 48 246 259 249 369 244 719 122 90 399 2390 352 190 126 534 172 1290 42 40 78 1400 200 113 1621 266 1975 2205 226 143 1087 300 286 219 254 495 1434 80 1260 222 425 92 52 422 266 297 86 690 251 183 59 219 387 308
internal_value=-3.75467e-05 -0.00163587 0.00390418 -0.000860083 0.00035476 0.00594177 -0.00575095 0.00145423 -0.0048239 -0.00272197 -0.000585366 0.00729194 0.00154639 0.00578938 -0.00189079 0.00239344 0.0038422 -0.0029733 0.00496206 -0.00394492 -8.78735e-05 -0.00225315 -0.00665444 -0.00401046 -0.000930393 -0.00806452 -0.00318275 0.00205392 0.00308642 0.00785112 -0.0021679 0.0036215 -0.000444633 -0.00558087 -7.05043e-05 -0.0010211 0.000919619 -0.00631887 0.00233853 -0.00266813 -0.00034333 -0.00259434 -0.00195931 0 0.00106287 0.00358997 -0.00685541 0.00203171 0.0002574 -0.00393646 -0.00472779 -0.000734095 -0.00188406 7.8329e-05 -0.00913242 -0.000150512 -0.00230892 -0.0039501 -0.000278552 -0.00258333 -0.00490506 -0.00698006
internal_weight=32625 23213 9412 19532 11828 5048 3681 1168 3321 7704 1014 3880 4364 2767 6253 4574 2914 411 2503 2686 2834 1498 2307 1146 7254 1766 476 768 728 1769 541 203 6465 438 6027 4406 2201 1451 1336 673 3567 1367 1326 1072 2200 577 1403 998 776 351 2442 612 344 1914 208 1660 941 480 358 299 789 350
internal_count=32625 23213 9412 19532 11828 5048 3681 1168 3321 7704 1014 3880 4364 2767 6253 4574 2914 411 2503 2686 2834 1498 2307 1146 7254 1766 476 768 728 1769 541 203 6465 438 6027 4406 2201 1451 1336 673 3567 1367 1326 1072 2200 577 1403 998 776 351 2442 612 344 1914 208 1660 941 480 358 299 789 350
cat_boundaries=0 1 2 3 4 5 6 7 8 9 10 11 12
cat_threshold=1219 4796 2336 7938 816 1155 12 701 2288 736 6016 3360
is_linear=0
shrinkage=0.05


Tree=11
num_leaves=63
num_cat=15
split_feature=1 1 2 25 22 5 39 16 22 25 26 17 10 15 39 2 39 7 39 9 16 25 5 25 2 39 25 9 10 27 25 42 10 26 8 7 39 39 31 1 7 22 7 26 7 2 27 7 21 27 37 33 35 37 39 8 7 22 25 9 5 27
split_gain=73.9994 28.064 15.5777 13.7808 12.0163 10.2413 11.8773 9.72998 9.35147 8.62601 8.528 8.43126 7.94248 6.84933 6.48483 6.44152 6.325 8.99777 6.17676 6.30192 6.11836 6.09276 6.59879 5.89236 5.85333 5.7368 6.80239 5.61085 5.35993 5.30033 5.60067 5.25346 5.2319 5.13944 5.228 4.95322 6.68111 4.88493 4.85417 4.82973 4.79514 9.52462 5.12601 5.39825 4.77421 4.57174 4.3504 6.21137 4.54829 4.31085 6.02041 5.30406 4.26152 4.15242 4.05012 4.03773 4.03554 4.01687 4.00699 3.91967 3.87885 4.21803
threshold=-0.10536051565782543 0.23405841674129937 -0.048790164169431265 0 -0.76186219708003511 7.7889527486476817 1 -0.46149047303892016 0.28038210854358653 2 19.500000000000004 0.46601695994697767 -0.0038147605282938808 -0.98082925301172574 3 -1.0000000180025095e-35 4 8.3296084919266438 5 0.29393863447122065 0.08912916962838581 6 8.402747906361995 7 0.13745942487448295 8 9 0.13129207963692871 0.28403327164458153 20.500000000000004 10 0.71767001114827222 -0.081290425958100862 24.500000000000004 0.021341350041206315 7.1291216332933187 11 12 107.10000000000001 0.055919468900404119 8.0264271790311792 -0.1053105131576596 7.1084186111980285 5.5000000000000009 6.9584697224626408 -0.098957940115522267 51.500000000000007 7.7960734901655782 1300.6250000000002 32.500000000000007 57.500000000000007 35.564285714285724 0.027384330422263091 42.500000000000007 13 0.27694415583507725 7.0606795566178935 -0.021977819761071989 14 0.035256407133271994 6.6420024002935572 44.500000000000007
decision_type=2 2 2 1 8 2 1 2 10 1 2 2 2 2 1 2 1 2 1 10 2 1 2 1 2 1 1 10 2 2 1 2 2 2 8 2 1 1 2 2 2 8 2 2 2 2 2 2 8 2 8 2 2 10 1 8 2 10 1 10 2 2
left_child=2 3 4 5 38 6 15 57 13 18 -8 12 16 -3 39 -2 23 29 19 -9 44 22 -15 27 -23 -13 52 45 58 30 -18 -25 -20 56 -35 -11 55 -22 -1 59 41 53 -43 -44 -4 -5 -31 48 -48 51 -51 -12 -27 -16 -46 -37 -17 -6 -10 -14 -52 -62
right_child=1 8 20 11 7 -7 10 9 28 35 49 25 14 21 40 33 17 -19 32 -21 37 24 -24 31 -26 26 -28 -29 -30 46 -32 -33 -34 34 -36 36 -38 -39 -40 -41 -42 42 43 -45 54 -47 47 -49 -50 50 60 -53 -54 -55 -56 -57 -58 -59 -60 -61 61 -63
leaf_value=0.0069360465576382901 0.00079654182364927498 -0.0060116395726746794 0.0063683043764242945 0.00066942978324820645 0.0060146210353723807 -0.00010324169792421336 -0.0005344782583553573 -0.0022798384886545914 0.0008726273687796681 0.0058480188803401072 0.0026423051751684424 -7.6201693863284589e-05 9.9296370185126828e-06 0.0015749780767972555 0.00050036151014365719 0.00028923719993747838 0.0036688227934059433 -0.0032479940443954827 0.0028615174771094536 0.0045138342992569217 0.0015506569070405569 -0.00097843271735051601 -0.0053273351178976039 -0.00010930514607885445 -0.0041104965255000445 -0.0015249628952520469 -0.0035429865204926305 0.00093865141063201633 -0.011887668212283152 0.0014835438893674108 -0.001615560387268262 0.0011164744202581292 -0.00067824308636920804 -0.00012062466643189742 -0.00076028825460232286 -0.0010926899077140738 0.0029865750220735769 -0.00096545152025992323 0.014042390762689228 -0.00094922126293798972 -0.0026097779462634623 -2.7036657890749073e-06 -0.0030086764128149255 -0.00080889185643890108 -0.00076581604881090519 -0.0013421781210627417 -0.0026755515784506862 -0.0029384732264663869 0.001551738657076209 -0.0012851537760814249 0.00788189288937142 0.0061492614555231587 0.0026180072407425664 0.005960736548841915 0.0014184268792909282 0.0061654518310226211 -4.5319333558843948e-05 0.0020767343804631694 -0.0064534246443099675 0.00013573277639677218 -0.0014058179674744323 0.0021063753786061436
leaf_weight=377 325 338 238 129 843 2666 331 498 101 510 722 1187 91 426 688 82 106 339 701 81 160 1061 76 123 1341 510 859 307 419 812 737 1384 207 72 210 372 1555 913 166 1216 1094 731 173 1714 265 346 99 271 289 65 89 235 100 56 1114 139 302 200 235 1149 103 511
leaf_count=377 325 338 238 129 843 2666 331 498 101 510 722 1187 91 426 688 82 106 339 701 81 160 1061 76 123 1341 510 859 307 419 812 737 1384 207 72 210 372 1555 913 166 1216 1094 731 173 1714 265 346 99 271 289 65 89 235 100 56 1114 139 302 200 235 1149 103 511
internal_value=1.76597e-05 -0.00138103 0.00407974 -0.000624258 0.0055708 0.0014544 0.00343668 0.00481692 -0.00520885 0.0037094 0.00558781 -0.00144274 -0.000873049 -0.00403947 -0.00196731 -0.00107285 0.000657495 -0.00100413 0.000650868 -0.00334746 0.000947603 -0.00325301 0.00175439 0.00257609 -0.00428927 -0.00398946 -0.00606419 -0.000945776 -0.0102183 0.000107991 -0.00305095 0.00439723 0.00321001 -0.00389805 -0.0090106 0.00545033 0.00437833 -0.00197858 0.0126379 0.000101338 -0.00310051 -0.00217068 -0.00358916 -0.00496557 0.00288937 -0.00435924 0.00191916 -0.00109848 0.0029563 0.00702491 0.00422627 0.00926409 -0.00193237 0.00281879 0.00175725 -0.000622605 -0.00012987 0.00912356 -0.00548961 0.00229654 0.00557528 0.00414634
internal_weight=32559 24220 8339 20223 5649 5713 3047 5106 3997 4063 2056 14510 11854 3242 6912 991 4942 2653 1487 579 2690 2904 502 2289 2402 2656 1469 782 755 2314 843 1507 908 666 282 2576 2066 1073 543 2456 4456 3362 2618 1887 1617 475 1471 659 388 1725 768 957 610 744 1379 511 384 1043 336 1240 703 614
internal_count=32559 24220 8339 20223 5649 5713 3047 5106 3997 4063 2056 14510 11854 3242 6912 991 4942 2653 1487 579 2690 2904 502 2289 2402 2656 1469 782 755 2314 843 1507 908 666 282 2576 2066 1073 543 2456 4456 3362 2618 1887 1617 475 1471 659 388 1725 768 957 610 744 1379 511 384 1043 336 1240 703 614
cat_boundaries=0 1 2 3 4 5 6 7 8 9 10 11 12 13 14 15
cat_threshold=304 133 1155 2609 445 3073 2304 3073 4821 3592 576 2370 5 464 2322
is_linear=0
shrinkage=0.05


Tree=12
num_leaves=63
num_cat=4
split_feature=1 2 2 25 42 25 27 2 16 3 25 16 7 10 8 40 16 40 10 26 22 7 13 22 33 26 42 21 30 41 8 22 7 41 22 41 29 11 22 22 25 11 1 19 36 7 9 11 8 26 42 42 42 27 26 7 2 9 8 11 21 10
split_gain=71.8916 26.6484 19.2898 13.9862 9.99704 9.59792 10.6061 8.30746 7.62589 7.49316 6.89203 6.52924 6.19526 6.02438 5.89552 5.85394 5.57673 5.39885 6.10113 5.37107 5.32674 5.30634 5.27079 5.0718 4.87359 6.21198 4.75347 5.68347 4.72826 4.87708 4.89644 4.62995 4.43524 6.55666 4.41565 4.38418 5.44824 3.96459 3.91103 3.91085 5.62107 4.11679 3.90927 3.86834 3.78062 3.77996 3.85875 3.73113 3.60557 9.96276 8.08511 6.59631 5.74287 5.57145 3.90104 3.85017 3.57476 3.56135 3.51374 4.12715 3.51296 3.48325
threshold=0.0064768870366465068 -0.27443684570176025 0.26381364764980125 0 0.99230769230769245 1 6.5000000000000009 -0.0065718770394416195 -0.20267040032076752 -0.14107754562721905 2 -3.213729430125484 7.1146858005522686 0.30425301623029327 0.14420990280824772 1.5000000000000002 0.010000333353334947 1.5000000000000002 0.11202070772637464 8.5000000000000018 0.039274173429554339 7.7836148127829139 1.294119723171179 -0.10053309141756879 32.321428571428577 20.500000000000004 0.75192307692307703 3993.7500000000005 88.65000000000002 27.644614543466378 0.075262270748732429 -0.11574504440603484 7.3647036598012763 150.01309523809527 0.57982041832616715 3447.8888888888891 1.0000000180025095e-35 84.500000000000014 0.11529751088440517 0.51442198529938754 3 13.500000000000002 -0.11181410057951478 0.037849751546526443 0.04872802805749047 7.8823337570392544 0.079175601582155614 28.500000000000004 0.031023541818536476 23.500000000000004 0.86023255813953503 0.90521114106019784 0.7835585585585586 20.500000000000004 16.500000000000004 7.8095203664864785 0.10661602882272982 0.28545398146675954 0.2359079312894963 44.500000000000007 985.50000000000011 -0.065019572386702848
decision_type=2 2 2 1 2 1 2 2 2 2 1 2 2 2 8 2 2 2 2 2 8 2 2 10 2 2 2 8 2 2 10 10 2 2 10 2 2 2 10 8 1 2 2 2 2 2 10 2 10 2 2 2 2 2 2 2 2 10 10 2 8 2
left_child=1 8 3 9 11 7 37 35 -1 -2 -6 -4 44 23 -12 20 34 28 19 61 -11 22 39 26 -17 -26 -14 -28 29 30 -18 32 -10 58 60 -3 47 -7 48 40 41 -13 -21 -33 56 -22 -47 -37 49 50 53 -52 -51 -9 -50 -56 -5 -31 59 -34 -8 -19
right_child=2 5 4 12 10 6 16 38 31 15 14 21 13 -15 -16 24 17 18 -20 42 45 -23 -24 -25 25 -27 27 -29 -30 57 -32 43 33 -35 -36 36 -38 -39 -40 -41 -42 -43 -44 -45 -46 46 -48 -49 54 52 51 -53 -54 -55 55 -57 -58 -59 -60 -61 -62 -63
leaf_value=0.0089402726713190533 0.0023885369453491242 0.0017291611728314374 -0.014969326960209271 0.00056003253036612745 -0.0061391259130026514 0.0007634577488732961 0.0027338307703805805 -4.5353564391856761e-05 0.0060816406465535582 0.0020919826088738186 0.0045762945634513696 0.0028554884769321307 0.00044768072957279486 -0.0044368721898122012 -0.00033222335888679033 -0.0011865715601930343 0.00014717261995255692 -0.0018404226764508766 -0.0028089037937903891 0.0035588975145865948 0.0006351315551515887 -0.0053749687181423571 0.0026013664821018753 -0.0017692458256037911 -0.00097409810514098919 0.00076465756061681325 0.00049375273369766434 -0.0013794462313507687 0.0029838870483382758 -0.0035952198275479674 -0.0014728685018076905 0.0021107373632490247 -9.7078563660014776e-05 -0.0023354639541218101 -0.0034626249159594434 -0.00035663666255342387 -0.0018107616638036172 0.0051969432099106131 -0.00046157297179629539 -0.0069313327953050997 -0.004161327726070958 -0.0023782423709143878 3.3471780676052129e-05 -0.0015325680121583613 -0.0030472835540182653 0.0037133543614173135 -0.0029068011865452342 0.0047057309947800595 -4.5013779806716112e-05 0.00016206810221387958 8.3100388682069834e-05 -3.0044148267335261e-06 -7.3370326537474737e-05 7.5274935726427128e-06 0.0019953420352445453 0.00014114849115108132 -0.0013738279409562784 -3.420827209084307e-05 0.0081448106263240817 0.0052299471436552262 2.318899139674579e-05 1.5463046143352188e-05
leaf_weight=947 538 3585 92 1009 128 855 153 57 423 831 146 111 208 408 241 1091 116 214 142 249 724 988 142 2751 312 391 733 2282 67 588 582 203 304 142 69 41 138 109 603 497 429 215 534 209 70 40 315 40 708 45 62 48 135 130 1032 813 453 128 364 237 3196 179
leaf_count=947 538 3585 92 1009 128 855 153 57 423 831 146 111 208 408 241 1091 116 214 142 249 724 988 142 2751 312 391 733 2282 67 588 582 203 304 142 69 41 138 109 603 497 429 215 534 209 70 40 315 40 708 45 62 48 135 130 1032 813 453 128 364 237 3196 179
internal_value=2.30111e-05 0.00221086 -0.00249736 -0.00161224 -0.00609532 0.00135098 4.51891e-05 0.00260808 0.00665194 0.000705384 0.000242248 -0.00741414 -0.00285174 -0.00354065 0.0035804 -9.44669e-05 -0.000711644 -0.00236607 -3.79075e-05 0.00114698 0.0018315 -0.00690306 -0.00491039 -0.00313808 -0.00214485 0.00110085 -0.00179125 -0.00229609 -0.00443657 -0.005053 -0.00207439 0.00480616 0.00611829 0.00436546 0.000643463 0.00424442 -0.00261364 0.00492228 0.000901211 -0.00594573 -0.00367063 0.00133531 0.00353954 0.000121065 0 -0.000486111 -0.00470506 0.00762195 0.00163312 -0.00235356 0.00327181 0.013964 -0.0116022 -0.00305851 0.00237862 0.00358884 0.000546822 -0.00794979 0.00593267 0.00336716 0.000902985 -0.00361675
internal_weight=32592 17447 15145 12156 2989 14618 7181 7437 2829 4242 515 2474 7914 6382 387 3704 6217 2799 1318 1176 1910 2382 1394 5974 1794 703 3223 3015 1481 1414 698 1882 1470 1047 3418 3804 219 964 3633 1252 755 326 783 412 1532 1079 355 81 3030 477 297 110 180 187 2553 1845 1462 716 905 541 3349 393
internal_count=32592 17447 15145 12156 2989 14618 7181 7437 2829 4242 515 2474 7914 6382 387 3704 6217 2799 1318 1176 1910 2382 1394 5974 1794 703 3223 3015 1481 1414 698 1882 1470 1047 3418 3804 219 964 3633 1252 755 326 783 412 1532 1079 355 81 3030 477 297 110 180 187 2553 1845 1462 716 905 541 3349 393
cat_boundaries=0 1 2 3 4
cat_threshold=2352 2364 1164 2097
is_linear=0
shrinkage=0.05


Tree=13
num_leaves=63
num_cat=14
split_feature=0 0 22 14 2 2 21 17 3 7 2 7 39 22 39 7 41 39 33 39 25 25 35 0 10 5 7 30 7 31 25 39 31 28 7 25 31 20 17 25 12 39 2 2 12 15 12 2 39 26 8 21 6 30 8 0 7 22 39 20 21 25
split_gain=92.4856 27.6969 17.0045 11.9185 11.6097 11.1508 10.8697 9.87366 9.17933 8.02241 7.79247 7.59583 10.6173 7.49181 6.66055 6.70831 5.88653 6.5251 6.29817 5.79333 5.75231 5.43552 5.05691 5.94264 4.98019 4.92447 4.70107 4.49034 8.94438 6.43725 4.43671 5.47037 5.52684 4.62514 4.50407 4.40844 4.33124 4.20405 4.16038 4.12598 4.1058 4.71044 4.04751 3.97556 4.16067 3.97343 3.93027 3.73519 3.70224 4.0552 3.61807 3.59552 4.15897 3.58465 3.58089 3.57741 3.56862 3.56388 3.49198 3.44693 3.43224 3.4073
threshold=0.0071692063337023279 -0.2097191796288915 -0.078781205722074268 -1.0981394753941058 -0.077848149023914001 0.31722051724789996 3993.7500000000005 -0.093863235502080741 -1.0000000180025095e-35 7.0767651249256529 0.18232192043045095 7.8325434051533858 0 -0.36206010293046398 1 7.0317417800292299 3.1870789865871845 2 33.635714285714293 3 4 5 3.5901944302834707e-09 0.068993726079154008 0.013080319794556596 5.9308605174151721 7.4560885217417772 27.950000000000006 8.1708350671697865 209.65000000000001 6 7 4.5500000000000016 1.0000000180025095e-35 7.1844346054782617 8 1.0000000180025095e-35 -0.057215995730029945 -0.044302598652266038 9 8.5000000000000018 10 -0.12194755011196844 -0.028809751441390304 74.500000000000014 0.30538164955118213 13.500000000000002 0.14092062658397178 11 49.500000000000007 0.083367634294561968 1977.7450000000001 7.1746982741899563 24.750000000000004 0.21684638599709891 -0.080657903017454111 6.703854655643009 0.032363446810613268 12 -0.015849085182292874 5752.5000000000009 13
decision_type=2 2 10 2 2 2 8 2 2 2 2 2 1 10 1 2 2 1 2 1 1 1 2 2 2 2 2 2 2 2 1 1 2 2 2 1 2 8 2 1 2 1 2 2 2 2 2 2 1 2 8 10 2 2 10 2 2 8 1 10 8 1
left_child=1 4 6 54 13 7 20 8 -3 22 21 14 59 46 42 43 -11 27 -19 -15 -2 -8 23 -5 -12 -22 -21 29 47 -18 33 32 -32 -17 -34 40 -33 50 -23 -25 -14 -42 -9 44 -16 -35 -1 -29 -40 56 -37 52 -38 -6 -4 -45 -50 -10 -7 -13 -26 -59
right_child=2 5 3 9 53 58 10 11 57 16 24 12 35 19 15 30 17 18 -20 26 25 38 -24 39 60 -27 -28 28 -30 -31 31 36 34 45 -36 37 51 -39 48 -41 41 -43 -44 55 -46 -47 -48 -49 49 -51 -52 -53 -54 -55 -56 -57 -58 61 -60 -61 -62 -63
leaf_value=0.0099372878763811998 0.0018965948991300282 0.0019893007734049259 -0.0023285458629069083 0.00089812791237010164 0.00039062201759070811 -0.00029559874842764841 0.00022968477630911234 0.0031061187642357421 0.0013998352375712312 -0.005128774996467713 0.0023433969858083184 -0.00044689133374416641 0.0020047613668037383 0.0062539198365729578 0.0036171794180758013 -0.00019980251915437434 -0.0012414738255187539 -0.0023022768545801256 -0.00021185129944935538 0.0049648860929165199 -0.0083689717053850206 -0.00012041996461931888 -0.0029028120128444823 -0.0028237250253023787 4.798760428740668e-05 0.00013061936954866237 -0.00082589333529667634 0.0032406790138148414 -0.0028898966245487125 -0.0057264400466546204 0.00015049122003938574 -0.003371997183093731 -0.00011458639128887805 0.0037350876381946536 7.3094333725348085e-05 -0.00021266429700220752 0.00033308094454253623 5.8630028222708559e-05 -0.00056222596951919438 0.00014959288988977625 2.5887483053609746e-06 -0.0011942480670936555 0.00061905010712356241 0.0029419040279981888 -0.00044138224687180261 -2.3017952693361263e-05 0.006763172927038482 0.00037566770002789263 0.0011044249071202163 0.0020173844842636761 0.0041797892835575452 0.0010302945480373238 -0.0026229184339641555 0.0044677000681759725 -0.0090166905059693436 -0.00010298839339293143 -0.0035131038508537829 0.00017770672080413323 -0.0043974275534711177 -0.0043579490568920257 -0.0038047270123853535 -3.4090926101370254e-05
leaf_weight=400 722 2467 318 319 884 379 1448 453 894 518 129 200 181 228 490 114 1407 1551 403 255 58 1021 75 231 158 1385 310 177 161 98 101 169 63 196 76 85 259 2346 813 452 625 554 1701 200 105 93 1099 143 43 40 177 147 509 334 220 428 732 642 434 462 1188 900
leaf_count=400 722 2467 318 319 884 379 1448 453 894 518 129 200 181 228 490 114 1407 1551 403 255 58 1021 75 231 158 1385 310 177 161 98 101 169 63 196 76 85 259 2346 813 452 625 554 1701 200 105 93 1099 143 43 40 177 147 509 334 220 428 732 642 434 462 1188 900
internal_value=0.000132739 0.00239966 -0.00297951 -0.00495966 0.00640843 0.00148858 -0.00142479 0.00180523 0.00363479 -0.00426752 -0.00259286 0.00088341 -0.000583027 0.00850414 0.00221352 0.000658561 -0.00520296 -0.00454199 -0.00659033 0.00456549 0.00158126 -0.00147023 -0.000394249 0.000548355 -0.00570799 -0.000257909 0.00169271 -0.00247872 0.00171162 -0.00383466 -0.00134549 -0.00273408 0.00398406 0.00320048 -0.00232143 0.000402111 -0.00424658 0.00160367 -0.00281015 -0.00208333 -0.00189643 -0.00298729 0.00431871 0.00349265 0.00641779 0.00663793 0.0105833 0.00654206 -0.0043892 -0.00674939 0.00760456 -0.00292031 -0.00429129 0.00246103 -0.0120594 0.000715421 -0.00763531 0.00145671 -0.00420762 -0.0063893 -0.00660728 0
internal_weight=32770 18960 13810 6073 3510 15450 7737 14637 4903 5535 5572 9734 4630 2292 5104 2950 4458 3940 1954 793 2165 4097 1077 1002 1475 1443 565 1986 481 1505 1727 1324 240 403 139 3968 1084 2608 2649 683 1360 1179 2154 1223 595 289 1499 320 1628 815 262 915 768 1218 538 628 775 2436 813 662 1346 1542
internal_count=32770 18960 13810 6073 3510 15450 7737 14637 4903 5535 5572 9734 4630 2292 5104 2950 4458 3940 1954 793 2165 4097 1077 1002 1475 1443 565 1986 481 1505 1727 1324 240 403 139 3968 1084 2608 2649 683 1360 1179 2154 1223 595 289 1499 320 1628 815 262 915 768 1218 538 628 775 2436 813 662 1346 1542
cat_boundaries=0 1 2 3 4 5 6 7 8 9 10 11 12 13 14
cat_threshold=3136 5653 5809 189 1328 308 176 128 840 1159 173 187 3649 666
is_linear=0
shrinkage=0.05


Tree=14
num_leaves=63
num_cat=8
split_feature=1 1 7 22 2 22 10 2 1 2 19 25 41 38 25 16 7 10 12 41 11 41 25 25 37 31 21 29 25 11 25 23 2 44 2 19 18 36 29 7 13 2 41 12 33 18 29 25 20 7 21 31 13 21 23 7 13 20 13 9 41 30
split_gain=61.974 24.8234 18.1964 16.2262 15.5473 11.848 10.5191 9.39755 8.82512 7.46419 6.15244 6.07528 8.84315 11.0775 5.97875 5.59284 6.34125 5.38282 5.33798 5.33304 5.32565 6.20302 5.36599 5.27035 5.02171 5.65358 4.94223 4.88801 5.74932 6.42294 4.84964 4.7392 4.73051 4.66575 4.63302 4.42867 4.41506 4.28629 7.0053 4.24189 4.13487 4.07458 4.05849 4.05156 4.01472 3.99947 3.9553 4.03395 4.98458 4.7489 3.99545 3.85042 3.84207 3.78246 3.7772 3.77228 3.69974 3.66507 3.53545 3.53296 3.50298 3.45873
threshold=-0.1069113143221183 0.35667494393873295 7.824817992913192 -0.087800135049670491 -1.0000000180025095e-35 -0.11574504440603484 0.029787033107820719 -0.040448267003368336 0.12405453546599167 -0.53181882349073939 0.099051960439593009 0 27.644614543466378 1 2 -1.608077719872997 7.8325434051533858 0.077113820258384994 48.500000000000007 3.9372983870967748 32.500000000000007 9.5264460253634429 3 4 37.500000000000007 146.85000000000005 1085.0400000000002 1.0000000180025095e-35 5 50.500000000000007 6 -0.55952308411990237 0.24187655595729399 0.18333333333333338 0.1872436389177228 0.11387514502277828 -0.18757187844975273 0.0017416621958448719 1.0000000180025095e-35 6.4968276677842605 1.146778184534625 0.24187655595729399 21.869967793880843 72.500000000000014 31.850000000000009 0.91187625545516016 1.0000000180025095e-35 7 0.06256889292721228 8.0264271790311792 13025.000000000002 0.55000000000000016 0.89632579301872106 3457.9150000000004 -0.18232155679395476 6.7217636430196466 1.294119723171179 -0.064287324347574851 0.94766101590321539 0.27838676028620185 4010.1277678571432 55.350000000000009
decision_type=2 2 2 8 2 10 2 2 2 2 2 1 2 1 1 2 2 2 2 2 2 2 1 1 10 2 10 2 1 2 1 8 2 2 2 2 10 2 2 2 2 2 2 2 2 10 2 1 10 2 10 2 2 10 10 2 2 10 2 10 2 2
left_child=4 2 3 10 5 9 -3 14 20 -1 23 18 13 -13 52 -8 40 43 19 -9 22 46 35 -2 26 -26 -25 -11 51 59 45 -7 -28 55 -23 -4 -24 39 58 -21 53 57 -15 -14 -20 -6 47 48 49 -22 -51 -29 -5 -17 -31 -16 -46 -10 -39 -30 -38 -59
right_child=1 6 8 7 30 31 15 11 41 27 -12 12 17 42 33 16 -18 -19 44 37 21 34 36 24 25 -27 32 28 29 54 -32 -33 -34 -35 -36 -37 60 38 -40 -41 -42 -43 -44 -45 56 -47 -48 -49 -50 50 -52 -53 -54 -55 -56 -57 -58 61 -60 -61 -62 -63
leaf_value=0.011219226381199952 0.0023539876878938808 0.0006167978895203971 9.7344951208749376e-05 -0.0015391848360291752 0.002497312968440218 0.0029443080388108188 -0.010353721473319829 -0.0050531873777934569 0.0004098321246814106 0.0033855646971433125 -0.00043293181767077409 -0.0022724436041328916 -0.0012150740462141759 0.00020041743950845043 0.0038033585605199527 -0.0047503327147430533 -0.0063148619592674525 -0.0027817220476223838 -0.00024596003965995743 0.0053302569971199216 0.0013791767035236391 0.00012355578045202339 -0.00018956645131387956 0.0056417384998792789 -0.00030111155042703388 0.011381238131425067 0.00031777326613207778 0.00018905659344123127 -0.0018263071545228321 0.0057184268203773828 -0.00055000086742399551 0.00011367144845289856 -0.0030018727861986887 0.0026349109217045363 -0.0022766164336686322 0.0032916653454860365 -0.001751066281811059 0.0035722711757443393 -0.0036990453779026699 0.00039356643652444217 0.0020898770791960559 -0.0048908519839707858 3.8339304868562104e-05 0.00018432516953749108 -7.4413630691836952e-05 -0.00052035531602071178 -0.0020501211175102132 0.00012485518659596085 0.0019686489578936727 -0.0033367128860759148 0.00036179705300309125 0.0051499370147274348 0.0012868700789163843 0.0033447240689505249 4.9157369751899431e-05 0.00038466397273601889 0.0030052514979177769 -0.0024462973858991204 -0.0013474261247648136 0.0027917069064098154 0.0024845362477535372 0.00030649140103043617
leaf_weight=641 1379 366 338 294 793 230 178 124 237 2112 532 248 857 379 186 734 595 765 963 86 91 2320 1257 134 44 62 975 207 379 190 1205 1412 148 222 196 55 1855 48 60 1518 178 555 102 324 826 185 634 647 67 307 49 618 116 66 174 1506 62 1527 45 117 52 254
leaf_count=641 1379 366 338 294 793 230 178 124 237 2112 532 248 857 379 186 734 595 765 963 86 91 2320 1257 134 44 62 975 207 379 190 1205 1412 148 222 196 55 1855 48 60 1518 178 555 102 324 826 185 634 647 67 307 49 618 116 66 174 1506 62 1527 45 117 52 254
internal_value=-4.56941e-05 -0.00130577 -0.000817481 0.000510162 0.00369978 0.00499918 -0.00648017 -0.000615552 -0.0023439 0.00634152 0.00351145 -0.00160346 -0.00341586 0.00126712 0.00210753 -0.00809075 -0.00713151 -0.00518747 -0.000293882 0.00158077 -0.00151226 -0.000330473 -0.00294407 0.00446591 0.0022016 0.0126168 0.00133148 0.00549631 0.00348458 0.000574053 8.01282e-05 0.00136945 0.000244662 0.00327273 0.00127135 0.00253713 -0.00362205 0.00228953 -0.00568182 0.00305296 -0.0046476 -0.00488539 0.00564024 -0.00306684 -0.00220032 0.00267947 -0.00257517 -0.000839071 -0.00409524 -0.00608259 -0.00868347 0.00642943 -0.00332542 -0.00617978 0.00561644 0.0023922 0.000224972 -0.00383853 0.00292553 -0.00311871 -0.00514937 -0.0046156
internal_weight=32826 24563 22446 12005 8263 6080 2117 8731 10441 4438 3274 6407 2675 729 2324 1751 1573 1946 3732 1881 7868 4311 3557 2742 1363 106 1257 3797 1685 860 2183 1642 1123 1914 2516 393 3164 1757 153 1604 978 2573 481 1181 1851 978 1795 1161 514 447 356 825 410 800 364 1692 888 2018 93 496 1907 1781
internal_count=32826 24563 22446 12005 8263 6080 2117 8731 10441 4438 3274 6407 2675 729 2324 1751 1573 1946 3732 1881 7868 4311 3557 2742 1363 106 1257 3797 1685 860 2183 1642 1123 1914 2516 393 3164 1757 153 1604 978 2573 481 1181 1851 978 1795 1161 514 447 356 825 410 800 364 1692 888 2018 93 496 1907 1781
cat_boundaries=0 1 2 3 4 5 6 7 8
cat_threshold=2872 8 1025 20 2417 1812 880 1353
is_linear=0
shrinkage=0.05


Tree=15
num_leaves=63
num_cat=14
split_feature=0 1 22 17 1 15 7 0 25 39 22 30 8 21 3 39 25 35 25 3 16 5 5 27 7 39 14 19 41 25 22 21 25 39 29 36 5 22 16 3 3 41 30 25 5 39 6 29 1 27 22 7 7 39 31 3 25 22 14 17 25 36
split_gain=71.3199 24.4423 14.5557 10.1545 10.0044 9.42323 9.0266 8.21917 8.77184 6.75069 6.58425 6.21034 5.72111 5.48554 5.45051 8.09021 5.40886 5.11858 8.91476 4.87549 4.85281 4.81005 5.00503 4.6396 6.22946 4.61036 4.61205 4.58134 4.37933 4.73221 4.15471 4.14796 4.04263 4.00692 4.92327 3.84514 3.71923 3.58129 3.55517 3.54046 3.48372 3.43259 4.51307 3.62767 3.8672 3.40811 5.51312 4.84135 3.92777 3.40804 3.37685 4.28801 3.75786 4.08262 4.75641 3.35082 3.22549 3.20633 3.19414 3.99076 3.18566 3.2238
threshold=-0.037739558752669204 0.18752362001688774 -0.39626239132937219 0.30713539354803104 -0.35647490392806208 -1.1343916212631944 7.2869090385872752 0.027039539034409369 0 1 0.35667514393869243 100.80000000000003 0.14190934042830614 4476.2250000000013 -0.0047471116802197946 2 3 5.9192299231574866e-09 4 -1.0000000180025095e-35 -1.995671658614377 6.6083176282128608 6.6201444904382294 28.500000000000004 7.5514529295572146 5 0.52298427759134414 0.01243023507478532 4.0341622672964723 6 -0.5109684605045709 2921.7350000000001 7 8 1.0000000180025095e-35 0.002519090763070447 7.7133582223879733 -0.16251202171185578 -0.20267040032076752 -0.405465108108165 0.10179762109975334 4.8717741935483883 42.250000000000007 9 8.714671439610667 10 8.3401860744386891 1.0000000180025095e-35 -0.096874436654092108 6.5000000000000009 -0.015716695317309019 8.3682550977448837 8.8772717265396359 11 165.85000000000002 -0.39039736377956608 12 -0.42109216111082687 -0.52835544864164052 0.33541539865812969 13 0.05301735888609637
decision_type=2 2 8 2 2 2 2 2 1 1 10 2 10 8 2 1 1 2 1 2 2 2 2 2 2 1 2 2 2 1 8 8 1 1 2 2 2 10 2 2 2 2 2 1 2 1 2 2 2 2 8 2 2 1 2 2 1 10 2 2 1 2
left_child=2 4 25 6 38 -3 55 17 14 31 11 13 -12 28 36 -16 49 21 37 20 -8 40 -23 24 -17 32 39 -24 57 -30 -10 -5 -1 -32 50 -25 -9 -19 -2 -27 -6 -21 43 44 -43 46 47 48 -22 -11 52 58 53 54 -35 -4 -33 -7 -52 -60 -36 -62
right_child=1 5 3 9 7 10 19 8 30 16 12 -13 -14 -15 15 23 -18 18 -20 41 45 22 27 35 -26 26 -28 -29 29 -31 33 56 -34 34 60 -37 -38 -39 -40 -41 -42 42 -44 -45 -46 -47 -48 -49 -50 -51 51 -53 -54 -55 -56 -57 -58 -59 59 -61 61 -63
leaf_value=0.0037843593282271739 0.0089798310903786514 -0.0063974731092982205 0.0083150396244866531 0.0012282485455718363 0.0044381976889659681 0.0030354556878750385 0.0057103578202341784 0.0018113817347436643 0.00061810625879460054 0.0025648659242112383 0.00097342770699665601 0.0026195108261196434 -0.007420284053045934 -0.0033372251075098878 -0.0014250497218668856 0.0041174776731329448 0.00026721547449949645 0.0018850714264355543 -0.0012631973696037727 -0.00057301865305962624 0.0035431398150600965 -0.0001760120465915104 7.3901591370446234e-05 -0.00021532810591987927 9.1204291689250298e-05 0.012087626562776482 0.0016404596202900406 -5.1279638735032159e-05 -0.00438708445356933 0.00042830878952905516 0.00062319458293739387 0.0013831797526671697 0.00035007955599668743 -6.592015586266329e-05 -0.0035904041997678877 -0.0017290174888763806 1.5958285941070655e-05 -0.00081890827387804234 0.0028579005078360068 0.0052011052166746601 -0.00085733357714366733 0.0014834697674366369 0.0022152991467214245 -0.00087921409720766164 -0.0016185168729811927 0.0017959449925564128 -0.0021327056907207613 -0.00077063168861255752 0.00024016043103641875 -0.0026973243261440606 -0.002238619862500311 -0.0034615288762324201 0.0015236755553713721 0.0008172921067729419 -0.0036267627124351269 0.002122932554391878 -0.00054273179203896682 -0.0038341149513519824 7.6384283903879863e-06 -0.0017798522321649764 -0.0015288887641186867 -0.0038518440045330147
leaf_weight=505 162 440 181 432 173 41 103 478 287 93 94 160 481 1809 910 247 1011 178 364 425 348 84 3982 551 414 273 196 2904 164 992 275 345 466 255 674 54 485 72 326 813 48 487 326 508 108 1316 212 394 241 631 231 323 64 399 155 1732 397 313 916 361 1365 57
leaf_count=505 162 440 181 432 173 41 103 478 287 93 94 160 481 1809 910 247 1011 178 364 425 348 84 3982 551 414 273 196 2904 164 992 275 345 466 255 674 54 485 72 326 813 48 487 326 508 108 1316 212 394 241 631 231 323 64 399 155 1732 397 313 916 361 1365 57
internal_value=2.96966e-05 -0.00168632 0.0031943 0.00231945 -0.000809765 -0.00496107 0.00343544 -0.00102103 -0.00209657 -0.000128866 -0.00420469 -0.00338362 -0.00915799 -0.00384789 7.93651e-06 -0.00137804 -0.00210481 0.000150525 -0.00422764 0.00220407 0.00359465 0.000524889 0.000294075 0.00121378 0.00411631 0.00679902 0.00877804 0.000442863 -0.00162144 -0.000129646 -0.00332217 0.00278481 0.00404786 -0.00365938 -0.00399085 -0.00193894 0.00313797 0.00306513 0.00623722 0.0101196 0.00777027 0.000242588 0.00141608 -0.000113225 0.0025165 0.00315486 0.00118159 0.00276931 0.00563559 -0.00537415 -0.0025878 -0.00380731 -2.86041e-05 -0.00095679 -0.0043943 0.00630878 0.000538358 -0.00647887 -0.0026839 -0.00170188 -0.00581784 -0.00436148
internal_weight=32831 21288 11543 9290 16794 4494 6381 16306 8501 2909 4054 3479 575 3319 3139 2176 1735 7805 614 4468 2614 7191 6970 1266 661 2253 1282 6886 1510 1156 5362 1174 971 5075 4800 605 963 250 488 1086 221 1854 1429 1103 595 2511 1195 983 589 724 2704 1831 873 809 410 1913 742 354 1508 1277 2096 1422
internal_count=32831 21288 11543 9290 16794 4494 6381 16306 8501 2909 4054 3479 575 3319 3139 2176 1735 7805 614 4468 2614 7191 6970 1266 661 2253 1282 6886 1510 1156 5362 1174 971 5075 4800 605 963 250 488 1086 221 1854 1429 1103 595 2511 1195 983 589 724 2704 1831 873 809 410 1913 742 354 1508 1277 2096 1422
cat_boundaries=0 1 2 3 4 5 6 7 8 9 10 11 12 13 14
cat_threshold=816 4317 349 1221 2738 1249 130 374 48 3350 3906 2697 3172 131
is_linear=0
shrinkage=0.05


Tree=16
num_leaves=63
num_cat=10
split_feature=0 0 0 14 7 39 25 2 25 18 7 39 25 5 2 30 1 13 5 17 9 17 18 14 39 9 39 6 0 15 1 6 39 22 14 37 27 23 2 1 1 17 15 22 18 39 13 22 2 22 8 4 0 7 0 7 8 25 4 2 11 20
split_gain=72.1001 22.8701 17.5184 11.2462 10.1434 10.5455 10.1346 8.57826 8.44589 7.72759 7.3565 8.02819 11.8862 7.21176 7.05811 6.62655 6.46011 6.24733 5.93489 5.66622 5.11698 4.98254 5.11434 4.58854 4.57237 4.48846 4.39284 6.55734 4.48718 4.27515 4.53997 4.26198 4.37969 4.51403 4.17232 3.77787 4.25707 3.74503 3.6693 3.63157 3.59702 3.59327 3.58824 3.56743 3.4672 3.59411 3.80653 3.33195 3.32121 3.28604 3.21389 3.21115 3.189 3.18349 3.18227 3.15884 3.33374 3.14784 3.33873 3.13759 3.11665 3.71889
threshold=-0.039220713153281121 0.090973952114044479 -0.31568491043185171 -1.6715667903536968 7.9582416450496725 0 1 -0.18923492899134106 2 -0.21570224502706251 7.1146858005522686 3 4 8.5742839991180286 0.22314355131421018 21.750000000000004 0.11778303565638339 0.39215784313725494 7.8976903015464552 0.59498252938119733 0.0257826060014603 0.24011944687803685 0.6515914030715052 -0.25650469876072685 5 0.051067671585053459 6 8.120258119755432 0.071458963982145032 0.39204208777602406 -0.55164801828608512 7.9842483430528217 7 -0.2762427664360072 0.69314718055994562 12.500000000000002 44.500000000000007 0.43078291609245423 0.57091774660673 -0.039209971034698025 -0.13005312824819756 -0.074001896971283218 -0.23778263213955061 0.36547393778177778 -0.83300078327053229 8 0.35058616110271562 -0.38296952446683391 -0.28531455755670304 0.40546367953877666 0.14526634145221887 0.077033209113415171 0.55961578793542299 7.2045535468847621 0.33647223662121345 7.7758238322760027 0.091993044212863417 9 -0.18232155679395443 0.068993317915722066 7.5000000000000009 0.040833364066278896
decision_type=2 2 2 2 2 1 1 2 1 10 2 1 1 2 2 2 2 2 2 2 10 2 10 2 1 10 1 2 2 2 2 2 1 8 2 8 2 10 2 2 2 2 2 10 10 1 2 10 2 10 10 2 2 2 2 2 10 1 2 2 2 10
left_child=2 10 7 52 8 15 13 34 18 49 20 12 25 17 -8 -6 23 -5 19 -4 -2 22 29 37 -9 -12 28 -28 40 30 -13 32 -11 -34 47 36 -14 -7 41 42 -23 44 -37 -19 45 51 -47 -1 -22 -10 -46 -32 -3 -41 -16 -42 57 -57 -59 -15 -50 -62
right_child=1 3 4 6 5 16 14 24 9 31 11 21 35 59 54 -17 -18 43 -20 -21 48 26 -24 -25 -26 -27 27 -29 -30 -31 38 -33 33 -35 -36 39 -38 -39 -40 53 55 -43 -44 -45 50 46 -48 -49 60 -51 -52 -53 -54 -55 -56 56 -58 58 -60 -61 61 -63
leaf_value=0.011438976513278201 -0.00012066728345499746 -0.0037711227685020641 0.0032638646637272424 -0.0019005169516026295 -0.0059471554397150022 0.0021757089307828468 -0.0017251664851762876 -0.0012522656389073455 0.0020618578228192076 0.00098481961238757756 0.0050480091268030039 0.022417624453117169 0.0019653987143986615 -0.00067981562445993489 -0.0031236400051173831 0.00096563654471057349 -0.0015664378886728972 0.00039608328148059278 -0.00046926764860348184 0.00057766058667738443 0.0063184375111744462 0.0025044688513818501 0.00042400912136001669 0.0002729656872197825 0.0042552434913325594 -0.00017308028295913108 -0.00036791821181583078 -0.0058675938609116067 -0.0029765602943674797 0.0006487085313342817 -0.00027358724630741115 0.0059592304223818615 0.0020862082198536635 -0.00079427673919357615 0.0023027167892921778 0.0022826568425318799 -0.0027879735994737545 -0.00075978026842125489 -0.011059212308879194 -0.0012829707671018799 0.0037293341184206881 -0.00020170561951212383 -0.0027640774352116985 -0.0022218564988724858 0.00016627688411786085 -0.0020564797633069671 0.00028476757821456722 0.0051987309931010688 0.0016929414880095179 -0.0023117704073179301 -0.00032882848614343511 5.5749199408390825e-05 -0.017182155925981542 -0.0027845601338411553 -0.010196297656819659 -6.7362637588564109e-05 -0.0015068821449266516 0.0038306607042771531 8.7732240122522417e-05 -0.0043458041659208612 3.8333613503865251e-05 0.0021506713387224978
leaf_weight=678 42 317 1508 368 317 716 3152 106 980 837 65 43 68 197 692 179 318 2154 236 255 149 240 895 2141 748 540 1210 169 128 524 230 60 330 1411 140 53 43 133 81 94 57 1806 167 330 1167 145 890 270 230 41 478 127 79 408 332 269 657 40 282 301 1891 320
leaf_count=678 42 317 1508 368 317 716 3152 106 980 837 65 43 68 197 692 179 318 2154 236 255 149 240 895 2141 748 540 1210 169 128 524 230 60 330 1411 140 53 43 133 81 94 57 1806 167 330 1167 145 890 270 230 41 478 127 79 408 332 269 657 40 282 301 1891 320
internal_value=8.07066e-05 -0.00162848 0.00329242 -0.0037612 0.0024041 0.000407359 -0.00332802 0.00761709 0.00374624 0.00229564 -0.000377526 -0.000951549 -0.00441684 -0.0012645 -0.00496776 -0.00631164 0.00143115 -0.000297932 0.00635572 0.00738379 0.00199392 -0.000418034 0.000375763 0.00215647 0.00385965 0.000933442 -0.00207992 -0.00415468 -0.000341449 -0.000195739 -0.000649155 0.000871542 0.000562233 -0.000870434 0.0105601 -0.00826422 0.000223214 0.00526471 -0.000791878 -0.00968188 0.000404269 -0.000614162 -0.00429864 0.000603622 0.000436142 -0.00139986 0.000119503 0.0117492 0.00227711 0.00599315 0.00198967 -0.00563859 -0.0119647 -0.0120278 -0.00858537 -0.0006317 -0.00116093 0.0015625 0.0048048 -0.00681363 0.00183251 0.00125452
internal_weight=32834 21430 11404 7922 9462 3804 7526 1942 5658 3659 13508 10876 1438 3350 4176 496 3308 2852 1999 1763 2632 9438 6386 2990 854 605 3052 1379 1673 5491 4967 2638 2578 1741 1088 833 111 849 4924 722 1545 4843 220 2484 3037 1392 1035 948 2590 1021 1645 357 396 502 1024 1305 1248 591 322 498 2441 2211
internal_count=32834 21430 11404 7922 9462 3804 7526 1942 5658 3659 13508 10876 1438 3350 4176 496 3308 2852 1999 1763 2632 9438 6386 2990 854 605 3052 1379 1673 5491 4967 2638 2578 1741 1088 833 111 849 4924 722 1545 4843 220 2484 3037 1392 1035 948 2590 1021 1645 357 396 502 1024 1305 1248 591 322 498 2441 2211
cat_boundaries=0 1 2 3 4 5 6 7 8 9 10
cat_threshold=3072 2864 816 258 914 130 633 1029 212 3650
is_linear=0
shrinkage=0.05


Tree=17
num_leaves=63
num_cat=6
split_feature=0 2 0 22 11 22 13 39 39 7 26 17 7 39 7 8 2 5 8 14 26 39 13 19 22 5 26 3 39 22 30 31 10 19 26 26 27 26 3 12 12 22 21 20 7 26 35 7 5 33 0 3 7 2 3 26 4 39 19 13 35 2
split_gain=62.9998 27.1807 15.8553 12.2446 9.01047 8.61316 7.65307 9.18641 6.80364 13.0346 6.72259 6.38796 6.22833 7.15881 7.49265 7.36505 6.00189 5.80994 5.3331 5.23176 4.72329 4.67502 4.6436 4.60354 4.72899 4.48199 4.48031 4.4712 4.35728 4.29994 4.66339 4.2214 4.19723 4.19688 4.19265 5.46308 4.87108 6.17513 4.63632 4.43563 4.41746 4.28306 4.15826 4.13735 4.07428 3.97825 4.55677 3.94502 3.91892 3.71646 3.71106 3.70535 3.8191 3.68923 3.65542 3.65057 3.63518 3.62734 3.62217 3.61855 3.61803 3.91589
threshold=-0.090304930883622778 1.0000000180025095e-35 0.090973952114044479 -0.49036490446032044 51.500000000000007 -0.084945521858976872 1.2850531914893619 0 1 8.2618339007559722 20.500000000000004 0.35896334603818675 7.1146858005522686 2 7.699476493787575 0.074459492585081943 -0.18259572790739351 7.5260958950865016 0.031023541818536476 -1.1361762186953432 27.500000000000004 3 1.294119723171179 0.070525716731177399 0.025053292913942593 6.8629262393696928 26.500000000000004 0.22314355131420929 4 -0.18922229481675593 12.650000000000002 0.25000000000000006 -0.093031299193794478 0.034623121010611789 47.500000000000007 16.500000000000004 39.500000000000007 23.500000000000004 -0.12675143536894581 53.500000000000007 76.500000000000014 0.31808203472047142 1285.5000000000002 0.10656952640702098 8.1951643506347285 11.500000000000002 7.1710565607072791e-05 9.6569273354777092 7.0831598128973443 26.578571428571433 0.28274465560020628 0.091031090484288604 6.7217636430196466 -1.0000000180025095e-35 -0.13353139262452227 45.500000000000007 -0.11778303565638336 5 0.076025365046642687 1.1142994373541926 1.1124498484394951 0.25245234062724992
decision_type=2 2 2 8 2 8 2 1 1 2 2 2 2 1 2 10 2 2 10 2 2 1 2 2 10 2 2 2 1 10 2 2 2 2 2 2 2 2 2 2 2 10 10 10 2 2 2 2 2 2 2 2 2 2 2 2 2 1 2 2 2 2
left_child=3 4 12 16 8 10 7 45 34 18 42 17 22 60 31 47 54 49 -10 -7 33 25 59 24 50 -13 57 28 53 -20 -31 -15 -23 -12 35 40 41 -38 -36 -39 -2 43 -4 48 -30 -6 -47 -16 -37 -5 -9 52 -25 -19 -1 -51 -24 -11 -21 -3 61 -14
right_child=1 2 5 11 6 19 -8 23 9 26 20 21 13 14 15 -17 -18 27 29 58 -22 32 56 51 -26 -27 -28 -29 44 30 -32 -33 -34 -35 38 36 37 39 -40 -41 -42 -43 -44 -45 -46 46 -48 -49 -50 55 -52 -53 -54 -55 -56 -57 -58 -59 -60 -61 -62 -63
leaf_value=0.0084610719083464177 -0.0010014532832041737 0.00017611599965065605 0.0024661593986071424 0.0057450327209845348 -0.00020412377988074815 -0.0058942650143332526 0.0031256950404965609 0.00073922645510196908 -8.1214883402844446e-05 4.8858672624115997e-05 0.0030314238438475614 0.0031944007533911811 -0.00055293238780598189 -0.0022542426361520439 0.00045778178261684323 -0.0011645380916880498 0.0029859537245158644 0.0037834323258742462 0.0011976218637790776 -0.0020085944805946681 -0.00047137615914345549 0.0042013784247742223 -0.0038860623961884076 0.0051663666476203778 9.4730576444718262e-06 -0.0006904195043970383 -0.0061886452214034854 -0.0008470187089727123 0.0020614840463949627 -0.0020071514850485031 0.0010820956143530404 0.0021020765279788863 8.2431240732128443e-05 -0.0012555631772616707 0.00050158980971652428 0.0040487082282083314 0.0013209574968270289 0.0010890036484982762 -0.0019852430151348194 -0.00076018576013535399 0.00023811445733699246 -0.0027987435515712459 -0.003518517192803907 0.0060626820298132853 -8.3538139011197625e-05 -3.9537983043070087e-05 0.0026651530462605999 -0.0030356029340808713 0.00046386959688106221 0.0028650528215533374 -0.0035262001779474599 -0.0024133119202520079 -6.7919695447588678e-06 0.00057479757685858384 0.0029833479303852353 -0.00081156859264013828 0.0039217050240182355 -0.0038921260253424561 -0.0037077607991112351 -0.0015246606737293726 -0.0035380299947749745 -0.0033048989688914164
leaf_weight=540 632 1291 78 143 279 383 583 2083 117 186 174 213 2108 94 578 2153 714 316 945 2844 705 273 41 75 750 1051 256 411 1242 626 384 741 284 75 121 97 229 265 201 685 223 69 426 84 757 510 44 49 1088 1435 101 165 619 144 147 176 146 264 715 151 45 339
leaf_count=540 632 1291 78 143 279 383 583 2083 117 186 174 213 2108 94 578 2153 714 316 945 2844 705 273 41 75 750 1051 256 411 1242 626 384 741 284 75 121 97 229 265 201 685 223 69 426 84 757 510 44 49 1088 1435 101 165 619 144 147 176 146 264 715 151 45 339
internal_value=0.000115571 -0.00111915 -0.00267945 0.00402064 0.000635593 -0.00475838 0.0021833 0.00150205 -0.000610227 -0.00247401 -0.00147361 0.00309882 -0.00122787 -0.00196054 -0.000530888 -0.00177994 0.00825606 0.00408649 -0.000482393 -0.00597261 0.000994764 0.000590011 0.0015184 0.00254338 0.00349233 -0.00109804 -0.00834512 0.00269941 0.0035061 0.000140593 -0.00212661 0.00361842 0.00435739 0.0069 0.000796221 0.0013193 0.00249206 0.000148305 -0.00464396 -0.00162986 -0.00213201 0.00455564 -0.00613861 0.00521654 0.00245025 -0.00322867 -0.000810811 0.00298567 0.00444772 0.00635328 0.00466819 -0.000668605 0.000935252 0.00785563 0.0115916 0.00566067 0.00890957 -0.00532151 -0.00537219 0.000554401 -0.00401518 -0.00376838
internal_weight=32663 24817 13136 7846 11681 5400 5209 4626 6472 2778 1458 6445 7736 6107 3615 2780 1401 4624 2072 3942 954 1821 1629 3793 2934 1264 706 2870 2459 1955 1010 835 557 249 3694 3372 2517 1179 322 950 855 1338 504 1269 1999 833 554 627 1185 1754 2184 859 694 460 687 1611 187 450 3559 1442 2492 2447
internal_count=32663 24817 13136 7846 11681 5400 5209 4626 6472 2778 1458 6445 7736 6107 3615 2780 1401 4624 2072 3942 954 1821 1629 3793 2934 1264 706 2870 2459 1955 1010 835 557 249 3694 3372 2517 1179 322 950 855 1338 504 1269 1999 833 554 627 1185 1754 2184 859 694 460 687 1611 187 450 3559 1442 2492 2447
cat_boundaries=0 1 2 3 4 5 6
cat_threshold=82 319 302 3875 60 512
is_linear=0
shrinkage=0.05


Tree=18
num_leaves=63
num_cat=7
split_feature=0 2 0 0 17 8 22 25 25 25 7 41 7 25 10 13 33 2 2 22 40 6 22 14 27 20 27 10 13 41 13 22 25 3 25 22 11 27 41 40 3 27 4 37 9 18 9 33 27 35 10 29 8 25 19 33 20 10 26 33 37 11
split_gain=54.1521 21.855 12.167 12.1233 8.24866 8.12085 8.36183 8.03092 7.77474 7.77293 7.57764 6.47549 8.85004 6.99329 6.28761 6.07867 5.91699 5.78989 5.66775 5.61183 5.53776 5.53164 6.29016 5.30515 5.26233 5.16499 5.0854 4.7008 4.4977 4.48799 4.46222 4.42097 4.4143 4.38021 4.33499 4.4872 4.27167 4.55184 4.10678 4.09348 4.06341 3.98999 4.99593 3.96036 3.93618 3.907 3.89605 3.89547 3.87517 3.85202 4.4345 3.82788 4.06831 3.80451 3.7142 3.5995 3.43417 3.42499 3.42425 6.7707 4.33479 3.8964
threshold=-0.090304930883622778 0.25245234062724992 -0.43422703017725789 0.0333364202675921 0.35896334603818675 0.029464010754302754 0.013842587007638619 0 1 2 7.9582416450496725 1691.834966013595 8.2618339007559722 3 0.4057890324173084 1.3714324898183092 38.750000000000007 -0.24940442992921016 -0.28531455755670304 0.41813014407233956 1.5000000000000002 8.4988412636614843 0.53073315717158775 -0.94161896704563619 9.5000000000000018 -0.022464703944375854 11.500000000000002 0.46574443354476275 1.1992507387220812 5.5295496323529418 0.44000011199995531 0.3936998594030674 4 0.0084879179024430779 5 0.1401641433557044 78.500000000000014 6.5000000000000009 3.726017979904813 1.5000000000000002 -0.40546316471382798 6.5000000000000009 0.018503423760211749 54.500000000000007 0.12400854655361314 -1.8968112771360894 0.31973432132619389 37.635714285714293 39.500000000000007 3.5901944302834707e-09 -0.3240633389081306 1.0000000180025095e-35 0.45848387515512423 6 0.085507099016376362 32.321428571428577 0.004299672513031305 -0.041969452849460513 19.500000000000004 32.692857142857157 27.500000000000004 43.500000000000007
decision_type=2 2 2 2 2 8 10 1 1 1 2 2 2 1 2 2 2 2 2 10 2 2 10 2 2 10 2 2 2 2 2 10 1 2 1 10 2 2 2 2 2 2 2 10 10 10 10 2 2 2 2 2 8 1 2 2 10 2 2 2 8 2
left_child=2 3 18 5 10 7 11 26 36 21 19 12 32 -13 44 41 46 47 -1 40 24 22 30 -19 -14 -9 33 -24 29 -16 -3 45 38 -2 -6 -36 43 -38 -7 -30 -4 -15 -43 54 -11 -25 49 -10 -48 50 -8 -32 -53 -26 -5 56 -12 -22 60 61 -47 -60
right_child=1 9 4 8 34 6 16 25 17 14 55 13 20 15 28 -17 -18 23 -20 -21 57 -23 27 31 53 -27 -28 -29 39 -31 51 -33 -34 -35 35 -37 37 -39 -40 -41 -42 42 -44 -45 -46 58 48 -49 -50 -51 -52 52 -54 -55 -56 -57 -58 -59 59 -61 -62 -63
leaf_value=0.01068336745629658 -6.3666761115917223e-05 -0.0046223916070136277 0.0064772693899443935 -0.0013353290314066276 0.0013144594870938065 -0.00079857606850650446 -0.009168569005836234 4.1891214695627991e-05 0.0021198534850830979 0.00014005942942181931 0.0010487144397321427 -0.0021656213280967797 0.0013142641162119 0.0030693110996993056 -0.0054906875657171547 0.003385248013073429 0.0021948955303425438 -0.0020108305859653655 0.0039367049087616441 -0.0015033752539070444 0.0015928173441370577 -0.0042049163217844736 -0.00059144270979233696 -0.0038056937970414187 -0.0012791969856261868 -7.6401820460756263e-05 3.2401666177780851e-05 -0.013008561632185023 0.0037816201820048399 -0.012070822957333294 -0.00066483696143143818 -0.0019145923614644037 0.0014480292813788182 0.00016028163900889269 -0.00031810632943245708 -0.0032885590126435823 0.0051907645733070915 -0.00076475597182596279 0.00058993366999486976 -0.0082027869632011214 0.0021824533797025728 0.0010708710197193606 -0.00096208928327417035 0.0019721424986619807 -0.0036141832435197907 -0.0027858690766513921 0.0028161294284933624 0.0046230276252790387 -0.00050816533893219176 -0.002752728838164362 -0.00035527451350428232 0.00325078661056169 -0.0056660407609901795 -0.0048792887497532923 -0.003113430398847975 0.002102046293760909 -0.00075792730824932692 -0.00018643492751641325 -0.00090427844644180942 0.00119471236820628 -0.00037251414941332503 0.00044742506795027729
leaf_weight=555 157 168 360 2537 769 255 78 106 291 202 639 361 110 79 127 79 197 443 548 113 635 195 51 88 209 549 471 64 61 291 520 417 2607 46 937 162 68 471 1659 51 2431 194 292 62 1365 55 146 52 124 76 2331 383 40 163 580 631 755 1016 1139 638 1510 1018
leaf_count=555 157 168 360 2537 769 255 78 106 291 202 639 361 110 79 127 79 197 443 548 113 635 195 51 88 209 549 471 64 61 291 520 417 2607 46 937 162 68 471 1659 51 2431 194 292 62 1365 55 146 52 124 76 2331 383 40 163 580 631 755 1016 1139 638 1510 1018
internal_value=-0.0001184 -0.00126571 0.0034869 -0.000662834 0.00269565 0.000393602 0.000855164 -0.00328947 -0.00200907 -0.00491617 0.00376775 0.0017265 0.00229151 -0.00201292 -0.00684298 0.00114504 -0.00140535 -0.000834511 0.00835598 0.00540448 -0.000363168 -0.00200768 -0.000774246 -0.00124317 -0.00507246 -0.00716967 0.000583942 -0.0118534 -0.0115819 -0.0139618 0.000382194 -0.000765516 0.00354379 -0.0060049 -0.000133761 -0.00213964 -0.00378117 0.000324074 0.00168831 -0.00265487 0.00584706 -0.000662544 -0.0023614 -0.00448899 -0.00527742 -0.000303439 -0.00200472 0.00545058 0.00369004 -0.0026247 -0.00227178 0.0017214 0.00524764 -0.00790885 -0.00473861 0.00141905 0 0.00101392 -9.17221e-05 0.000956724 -0.0019636 -0.000382298
internal_weight=32727 24827 7900 21309 6797 11940 10611 1329 9369 3518 4929 7659 6654 1005 2097 644 2952 5651 1103 2904 2133 1421 1226 5308 482 655 674 115 530 418 1111 4865 4521 203 1868 1099 3718 539 1914 112 2791 565 486 3179 1567 4448 2755 343 270 2485 2409 943 423 372 3117 2025 1394 1651 4360 2795 1565 2157
internal_count=32727 24827 7900 21309 6797 11940 10611 1329 9369 3518 4929 7659 6654 1005 2097 644 2952 5651 1103 2904 2133 1421 1226 5308 482 655 674 115 530 418 1111 4865 4521 203 1868 1099 3718 539 1914 112 2791 565 486 3179 1567 4448 2755 343 270 2485 2409 943 423 372 3117 2025 1394 1651 4360 2795 1565 2157
cat_boundaries=0 1 2 3 4 5 6 7
cat_threshold=669 1219 2352 2061 1225 2864 2103
is_linear=0
shrinkage=0.05


Tree=19
num_leaves=63
num_cat=13
split_feature=2 0 0 25 25 39 39 39 39 17 6 3 22 22 12 26 6 39 33 29 31 33 6 39 39 3 6 26 4 25 26 21 2 33 39 27 31 37 8 25 4 8 35 42 22 17 5 22 12 25 13 2 6 30 30 26 42 6 31 23 8 22
split_gain=48.2624 25.0196 17.4191 12.5968 10.3476 9.19526 8.86751 8.62212 8.5212 8.39501 8.38256 7.27355 7.08308 7.08156 7.01722 6.73193 8.78345 7.42081 6.24523 7.14771 6.39386 6.1046 5.96346 5.74513 5.61105 6.27097 5.35115 6.25286 5.509 5.27448 5.16872 8.01076 5.16816 5.26064 5.89824 5.10342 5.03462 5.10529 5.22687 4.82553 5.04643 4.80958 4.76383 4.64355 4.60923 4.58277 4.52358 6.17016 4.51921 4.49133 4.34428 4.31866 4.25795 4.2511 4.24415 4.15745 4.49833 4.0956 4.04729 4.03161 4.00835 3.91167
threshold=-0.010856564140719003 -0.25593369671774274 0.22314355131421018 0 1 2 3 4 5 0.45946497920204915 8.1376964128939182 0.12516314295400613 -0.69296029960093908 0.51442198529938754 45.500000000000007 20.500000000000004 7.6169107076189952 6 34.092857142857156 1.0000000180025095e-35 18.550000000000001 26.700000000000006 6.9367815010532956 7 8 0.77318950361794914 7.1831037548411301 19.500000000000004 -0.47000362924573608 9 11.500000000000002 10262.500000000002 -0.31542860566350978 26.835714285714285 10 51.500000000000007 153.25000000000003 70.500000000000014 0.053410585350685859 11 0.12866294854351382 0.027709138822932237 1.1124498484394951 0.95275297619047628 0.44427887859366533 -0.94923348951680719 7.7814668958282782 0.060626820822044535 80.500000000000014 12 0.5714272495319993 0.30010509245058886 6.6184920549402504 118.00000000000001 33.250000000000007 24.500000000000004 0.96850198412698429 8.3180409615116719 341.60000000000008 1.0000000180025095e-35 0.44888288455268904 -0.63546394125161243
decision_type=2 2 2 1 1 1 1 1 1 2 2 2 8 10 2 2 2 1 2 2 2 2 2 1 1 2 2 2 2 1 2 8 2 2 1 2 2 10 10 1 2 8 2 2 10 2 2 10 2 1 2 2 2 2 2 2 2 2 2 8 10 10
left_child=1 49 4 8 5 41 30 36 26 11 32 21 -10 45 15 17 18 -7 19 -17 -21 57 -23 35 -16 42 27 -3 -29 -25 44 -32 -9 34 -34 59 37 38 -5 40 -28 -2 48 51 -6 -4 47 -14 -26 -1 -35 -19 -47 -18 -31 56 -48 -8 -13 -12 -40 -33
right_child=2 3 13 7 6 14 9 10 12 -11 23 58 46 -15 24 16 53 43 -20 20 -22 22 -24 29 25 -27 39 28 -30 54 31 61 33 50 -36 -37 -38 -39 60 -41 -42 -43 -44 -45 -46 52 55 -49 -50 -51 -52 -53 -54 -55 -56 -57 -58 -59 -60 -61 -62 -63
leaf_value=0.0070802781888904326 -7.8264131073844983e-05 -0.00036676074864173719 -0.0072966628715313928 -0.0005641370861888302 0.00019363775978152418 0.001045409218210186 0.0012146040620485182 0.0035155705047687467 0.0077077402427051496 -0.0028083888582448135 0.00016294927461378312 -0.0023016498458742923 0.0023720802665266557 -0.010344954769209604 -0.00078690727141103004 1.5837543152319445e-06 5.5186337560900886e-05 0.0019052381971726203 0.0059677233369841657 -0.00057558098652683647 0.0067306809977309943 0.0022076210104547108 -0.00095273401622207306 -7.1601148575396907e-06 -6.175927605328244e-07 -0.0091994518535424424 0.001376403069074307 -0.00072470146099915759 0.0044276970364757837 -0.0056909684291032618 -0.001954911177059314 -4.4128255879637635e-06 -0.00059276750927176193 -0.0021573318400458417 0.0054010100008888623 0.0011001625261697586 0.001739071947398591 -0.003700651753127629 0.00084848313890490692 -0.001091483639257344 -0.0017591716027245971 -0.00030820203979806083 -0.0038175112280981749 -0.001722323315117945 -0.0027042999268324036 0.0033855454130958767 0.0027707556556265606 0.0001892285767382193 0.00097544650855817402 0.0038860168843673965 -0.00013180524685631783 -0.0052584043892957982 -0.0025371066372542905 0.0062281797860920876 -0.002030928901467317 -1.1712782333544179e-06 -5.7085883702980705e-05 -0.0019102228059755602 0.0014836219753736326 -0.002324173893260055 -0.0013935370425096846 0.0014729292334553579
leaf_weight=863 276 319 244 287 962 332 301 604 226 808 259 1196 1310 318 1241 366 1343 211 203 89 431 256 1879 170 1543 64 441 87 278 355 684 570 163 614 106 282 564 55 1251 658 200 1321 48 506 101 134 478 491 674 1065 1385 44 1844 49 146 1007 287 51 78 389 95 165
leaf_count=863 276 319 244 287 962 332 301 604 226 808 259 1196 1310 318 1241 366 1343 211 203 89 431 256 1879 170 1543 64 441 87 278 355 684 570 163 614 106 282 564 55 1251 658 200 1321 48 506 101 134 478 491 674 1065 1385 44 1844 49 146 1007 287 51 78 389 95 165
internal_value=-2.36511e-05 0.00213875 -0.0017264 0.00132115 -0.00110809 4.28473e-05 -0.00253115 -0.000152167 0.00302952 -0.00383734 -0.00142172 -0.00285088 0.00441601 -0.00556867 0.000810622 0.00237762 0.00381749 -0.000891225 0.0071789 0.00535513 0.00911708 -0.00127613 -0.0022823 -0.00432272 -0.000756091 0.000694444 0.000363591 0.00394161 0.00840164 -0.00780792 -0.000120337 -0.00209507 0.000191438 -0.000903482 0.00564815 -0.00170032 0.00236412 0.00100651 0.00151469 -0.00151923 0.00157209 -0.00337376 0.00113636 -0.00359456 0.0025141 -0.0045659 0.0038822 0.0056465 0.00147656 0.00743909 -0.0017875 0.00185547 -0.00376453 0.00118449 -0.0104004 0.00208686 0.00486292 0.00481586 -0.00592157 -0.00416025 0.00282108 0.00152853
internal_weight=32767 14435 18332 12507 15792 8741 7051 6725 5782 4569 4473 3761 3799 2540 7144 3574 2481 1093 1089 886 520 2487 2135 1601 3570 2329 1983 684 365 671 2482 1419 2872 2268 269 930 2252 1688 1633 1299 641 1597 2265 761 1063 2222 3573 1801 2217 1928 1999 255 1978 1392 501 1772 765 352 1274 648 1346 735
internal_count=32767 14435 18332 12507 15792 8741 7051 6725 5782 4569 4473 3761 3799 2540 7144 3574 2481 1093 1089 886 520 2487 2135 1601 3570 2329 1983 684 365 671 2482 1419 2872 2268 269 930 2252 1688 1633 1299 641 1597 2265 761 1063 2222 3573 1801 2217 1928 1999 255 1978 1392 501 1772 765 352 1274 648 1346 735
cat_boundaries=0 1 2 3 4 5 6 7 8 9 10 11 12 13
cat_threshold=2868 2872 196 753 174 2147 281 4177 2057 10 2305 2576 316
is_linear=0
shrinkage=0.05


Tree=20
num_leaves=63
num_cat=9
split_feature=0 1 17 22 7 0 10 39 3 22 1 15 7 42 41 39 30 5 37 21 39 5 39 30 39 30 7 10 4 10 15 6 8 39 23 41 8 33 12 33 39 31 8 7 30 12 39 22 15 1 12 7 23 12 33 12 0 7 41 39 8 18
split_gain=47.6461 19.7622 16.5218 12.5496 9.10078 9.01645 8.03345 7.79609 7.42497 7.04148 6.42252 6.29593 5.61562 6.6216 6.26568 7.62257 6.70977 5.46074 5.34443 5.3119 5.18782 5.09569 6.12383 5.96827 4.9775 4.86017 5.61788 4.8324 4.75209 4.72864 5.28881 4.67924 4.62382 4.56876 4.55809 4.50888 4.50758 7.4215 7.47763 5.34615 4.40292 4.36221 4.28574 4.15979 4.70337 4.11788 4.43134 4.07049 5.30466 3.85402 3.81597 3.7672 5.28768 3.74895 3.9395 3.71655 3.71649 3.68937 5.45662 3.73869 4.58094 3.66133
threshold=-0.01980162729717971 0.43837994655876017 -0.03545998504147984 -0.078781205722074268 7.8325434051533858 -0.32817687797553002 -0.0038147605282938808 0 0.038349022223864722 0.16919791381865604 -0.08465315817661033 -1.3867658368738252 7.0233780866731097 0.68801229508196726 5706.0234451450206 1 6.6500000000000012 9.4250847755449225 37.500000000000007 789.37500000000011 2 7.6601936588677964 3 22.650000000000006 4 27.550000000000008 8.1708350671697865 -0.49765555784308896 0.26236426446749 0.4057890324173084 0.46592353414444193 7.5804883392839253 0.042262168545926716 5 0.12838055898188896 4.4064004096262162 0.029464010754302754 28.864285714285717 26.500000000000004 37.078571428571436 6 0.15000000000000005 0.016376077632875127 6.4968276677842605 38.650000000000006 41.500000000000007 7 -0.43626549806913939 0.69314718055994529 0.063674827710474183 9.5000000000000018 7.9582416450496725 0.20763936477824452 53.500000000000007 28.335714285714285 14.500000000000002 0.076961041136128575 8.2618339007559722 9.5264460253634429 8 0.089296856480179945 -0.66908879429415935
decision_type=2 2 2 8 2 2 2 1 2 10 2 2 2 2 2 1 2 2 8 8 1 2 1 2 1 2 2 2 2 2 2 2 8 1 10 2 8 2 2 2 1 2 10 2 2 2 1 10 2 2 2 2 8 2 2 2 2 2 2 1 10 8
left_child=2 3 8 4 33 47 7 34 10 21 24 -8 41 51 15 16 -15 20 -16 -9 49 32 23 -23 27 53 50 -1 -22 30 -3 -18 -7 -2 -5 -17 37 -37 -39 -40 -10 -13 -43 -35 56 55 -47 48 -4 -6 -27 -14 -53 -21 -55 -11 -45 -38 -59 -60 -61 -34
right_child=1 29 5 6 17 9 11 19 40 45 -12 12 13 14 18 35 31 -19 -20 25 28 22 -24 -25 -26 26 -28 -29 -30 -31 -32 -33 61 43 -36 36 57 38 39 -41 -42 42 -44 44 -46 46 -48 -49 -50 -51 -52 52 -54 54 -56 -57 -58 58 59 60 -62 -63
leaf_value=0.020882052366857223 1.8049654096280655e-05 -0.0041924717914538813 0.0084315830272629344 -0.00038235430077198897 0.0005908624617571354 -0.0012590076109590762 -0.0024350904568359406 0.0036997393102158969 0.0019011204761183891 -0.0007665600849334341 0.00095698293552013726 -0.0038809931548171709 0.0013971829550295575 -0.0049833241627845982 -0.00048244318182106579 -0.0026629133568726515 -0.00056980050629441316 0.0027197313470738414 0.0058293724770569211 0.00027590423219813886 -0.0013783833880913051 -0.0040441197884181724 0.0002163250401752481 0.0005673379692229197 0.0023512281459453252 0.0091140973133754365 -0.00015066158738985644 0.0045729626186837092 0.0002569193891655915 -0.0098948305159408893 0.00089318779523280944 -0.0047007576934790839 0.0063979077745472098 0.010851935547125486 -0.0045195584596848864 -7.0424548947316547e-05 -0.00015195413219638656 0.00012442349614402468 -3.1535300482072203e-05 4.488230047046117e-05 -0.00018902672580781046 -0.00014632582357127817 0.0004555258025763355 0.0021469158046841055 0.0035719674644489868 -0.0037930880520259391 -6.6656526983518028e-05 0.00085879575747805281 -0.00060892357153218978 -0.0012716033620881575 0.0012441903090206236 0.0012343244430190808 -0.00095607847758236793 -0.00062839898141025933 -8.0506168685453197e-05 0.0013134907371174336 -5.7996427516003594e-05 -0.0045086928162919341 0.00035477334887115946 0.00038501466177612883 -0.0027849278161424561 0.00085678123635454936
leaf_weight=139 950 477 432 1052 893 115 495 138 754 199 1328 150 85 344 94 991 331 80 72 1122 893 380 2654 217 1129 81 287 833 289 537 218 92 49 94 199 206 2912 42 251 75 862 44 1050 647 394 356 238 362 129 577 395 68 157 253 809 198 621 284 397 215 518 2526
leaf_count=139 950 477 432 1052 893 115 495 138 754 199 1328 150 85 344 94 991 331 80 72 1122 893 380 2654 217 1129 81 287 833 289 537 218 92 49 94 199 206 2912 42 251 75 862 44 1050 647 394 356 238 362 129 577 395 68 157 253 809 198 621 284 397 215 518 2526
internal_value=8.313e-05 -0.00145246 0.00244942 -0.00104703 0.000974444 0.00101515 -0.00187926 -0.000115287 0.00468193 0.000396654 0.00599854 -0.00274115 -0.00241676 -0.00295725 -0.00328205 -0.00352155 -0.00819409 -0.00106111 0.00628743 0.00123547 -0.00145119 0.00104763 -0.00028444 -0.00481086 0.00771884 0.00078867 0.0042212 0.0103764 -0.00389774 -0.00758313 -0.00484914 -0.0040684 0.002657 0.00302918 -0.0034271 -0.00289309 -0.00227505 -0.00643478 -0.00216802 -0.00474006 0.00188621 0.000682731 0.00178082 0.00452745 0.00396873 -0.00350302 -0.00613445 0.00565476 0.00831851 0.000540176 0.00754717 0.00418006 0.000774336 -0.000411899 -0.00253998 0.000439698 0.00248227 -0.00172175 -0.00381625 -0.00225464 -0.00433468 0.00309589
internal_weight=32779 19879 12900 18647 5438 7855 13209 4336 5045 6932 3429 8873 8378 7134 6824 6658 767 2732 166 3085 2652 5941 3251 597 2101 2947 763 972 1182 1232 695 423 2690 2706 1251 5891 4900 574 368 326 1616 1244 1094 1756 1662 991 594 923 561 1470 476 310 225 2184 1062 397 1268 4326 1414 1130 733 2575
internal_count=32779 19879 12900 18647 5438 7855 13209 4336 5045 6932 3429 8873 8378 7134 6824 6658 767 2732 166 3085 2652 5941 3251 597 2101 2947 763 972 1182 1232 695 423 2690 2706 1251 5891 4900 574 368 326 1616 1244 1094 1756 1662 991 594 923 561 1470 476 310 225 2184 1062 397 1268 4326 1414 1130 733 2575
cat_boundaries=0 1 2 3 4 5 6 7 8 9
cat_threshold=2051 258 4616 3328 4920 691 3620 3848 545
is_linear=0
shrinkage=0.05


Tree=21
num_leaves=63
num_cat=13
split_feature=0 2 22 25 25 10 39 0 39 7 39 3 10 21 0 25 39 2 7 13 20 1 22 23 22 6 27 16 16 37 37 39 16 23 10 11 30 29 21 1 2 30 15 14 29 41 13 35 3 39 25 30 39 16 11 39 7 2 6 25 7 30
split_gain=47.6108 17.5538 13.333 9.03005 8.47628 10.2849 8.13054 7.76522 7.26911 6.66451 8.50273 8.34694 7.52055 6.50097 6.3211 6.07047 5.47214 5.25759 5.24139 7.273 5.70395 6.31541 5.17789 4.73244 4.68461 4.55878 4.39413 5.07878 4.33015 6.28658 4.19354 4.1327 3.95756 3.87745 3.84812 3.76854 3.8758 3.76551 4.48375 3.6679 3.65576 3.85064 3.64838 3.63285 3.62908 7.01079 6.08076 5.57713 4.24591 3.5664 3.45591 3.43647 4.00247 3.43118 3.39595 4.49996 3.30043 3.29462 3.25077 3.22786 3.67953 3.18004
threshold=-0.057156502077167375 0.23767594444111098 -0.2762427664360072 0 1 -0.14069640294278682 2 0.013842355170278433 3 7.2329320444191358 4 -0.39039736377956608 -0.086037749608437228 1500.8350000000003 0.40567836129921148 5 6 -0.26731396317638406 7.5189540067277889 0.46153867037958346 -0.11023504108139354 0.022827208937651559 -0.25777028923262418 0.020451979187120498 -0.1053105131576596 7.3990542305589555 39.500000000000007 0.079063966913253583 0.22314355131420979 78.500000000000014 49.500000000000007 7 1.0000000180025095e-35 0.73810653110817903 0.57076451452902399 37.500000000000007 21.550000000000008 1.0000000180025095e-35 3751.6650000000004 -0.28768207245178118 -0.042818773380564938 3.2500000000000004 -0.37469344944141075 -1.0981394753941058 1.0000000180025095e-35 1776.807091346154 1.0000037500093755 0.38479452526065455 0.58778666490212006 8 9 1.3500000000000003 10 -0.13353139262452215 54.500000000000007 11 7.0484005966910557 -0.12987870123911535 7.3433172086805891 12 7.8622803617946486 57.250000000000014
decision_type=2 2 8 1 1 2 1 2 1 2 1 2 2 8 2 1 1 2 2 2 10 2 8 10 10 2 2 2 2 8 10 1 2 10 2 2 2 2 10 2 2 2 2 2 2 2 2 2 2 1 1 2 1 2 2 1 2 2 2 1 2 2
left_child=2 4 17 6 5 16 22 28 13 11 12 -4 -11 -7 30 -14 -2 31 19 40 -20 32 -3 35 53 44 -15 -28 39 -30 61 -1 57 -13 -8 36 50 38 58 -6 -10 -42 -31 -26 48 46 -46 -47 56 -38 -12 52 -19 -9 55 -23 -21 -22 -17 -18 -61 -5
right_child=1 3 9 14 7 8 34 24 18 10 23 33 15 26 -16 37 59 51 20 25 21 54 -24 -25 43 -27 27 -29 29 42 -32 -33 -34 -35 -36 -37 49 -39 -40 -41 41 -43 -44 -45 45 47 -48 -49 -50 -51 -52 -53 -54 -55 -56 -57 -58 -59 -60 60 -62 -63
leaf_value=0.0022686849432932673 0.0062205643979802872 0.0062842219525235266 0.0085151347427844335 -0.0033673950979394365 0.0062680435146736813 0.00040392734968483068 -0.0012640255930680263 0.00029928951965867866 0.00073480000099283415 0.0026765003215641794 -0.0038088673462000622 0.0015228172313721702 0.0014634628157421999 -0.00017841200717815919 -0.011342382417875227 -0.00095091688863431414 4.1255736664827172e-05 0.0029422986159358491 -0.0018519552348773627 0.0017986489919212855 -0.00038620238357150788 -0.0030486786992064401 0.00080754369784972818 -0.001148192160984156 -0.0038032069519331989 0.0029634383982794919 -0.00012769533696742075 4.4274741929534096e-05 -0.0025826664356603233 0.00074331868128415949 0.001521540697071712 0.0072376699652507009 -0.00012690862138515642 -0.00089128408000837189 -0.010621386589443421 0.0014477843817131278 -0.0030473158305380473 -0.0011180951300125209 -0.002296352377730983 2.2066718464010624e-05 0.00019188531966218337 -0.0011848755390868452 -0.00014942281301187234 -0.0013327988340181261 -0.00011103417065615028 -0.0019746009737517823 0.006388239821591403 0.00062674098816763624 -0.0073786941552146657 0.0014307250339312318 -0.00055807379570529036 0.0033810933598819684 -0.00027674801163814726 -0.00097870340074876884 5.9806027669861739e-05 -0.00076422177641473539 0.00044088510768897538 0.00053512060354373716 0.0014702641588807824 0.0082418846795934801 0.00014521883126079039 -0.00023839707311131399
leaf_weight=178 276 95 206 1514 162 155 868 1074 144 925 164 1653 335 209 342 44 433 392 190 583 139 320 407 846 203 368 85 62 100 141 48 667 786 135 131 991 162 367 114 3171 240 347 1171 2552 329 190 134 59 48 371 660 1100 576 1930 941 881 497 940 256 119 117 232
leaf_count=178 276 95 206 1514 162 155 868 1074 144 925 164 1653 335 209 342 44 433 392 190 583 139 320 407 846 203 368 85 62 100 141 48 667 786 135 131 991 162 367 114 3171 240 347 1171 2552 329 190 134 59 48 371 660 1100 576 1930 941 881 497 940 256 119 117 232
internal_value=0.000104179 -0.00116675 0.00295278 -0.00434992 -0.000560297 0.00060444 -0.00133929 -0.00151213 -3.26883e-06 0.00180152 0.000864209 0.00426065 0.00337476 -0.00569923 -0.00642757 0.000626679 0.00552326 0.00580817 0.000412761 0.00203231 -0.000720581 -0.000318114 0.00380117 -0.00074883 -0.0027474 0.00346311 -0.00952381 -0.00287162 -1.58028e-05 -0.00233546 -0.00526462 0.00913121 0.00180868 0.00315819 -0.00393564 0.000404427 -0.00130707 -0.00179924 0.00144578 0.000967307 -0.00228825 -0.00403912 -0.00140899 -0.00423621 0.00244432 -0.000350631 0.00328664 -0.0071 0.00420726 0.00201311 -0.00345455 0.00444659 0.00227038 -0.00138103 -0.00216986 -0.00393095 0.00485661 0.00377315 0.00465116 0.00290441 0.00748988 -0.00566686
internal_weight=32875 22733 10142 3637 19096 8592 1501 10504 7647 7229 5235 1994 2041 511 2136 1116 945 2913 7136 2939 4197 4007 502 3194 5759 2208 356 147 4745 1412 1794 845 1865 1788 999 2348 1357 781 414 3333 731 587 1312 2755 1840 712 463 249 1128 533 824 2068 968 3004 2142 1201 1080 1079 300 669 236 1746
internal_count=32875 22733 10142 3637 19096 8592 1501 10504 7647 7229 5235 1994 2041 511 2136 1116 945 2913 7136 2939 4197 4007 502 3194 5759 2208 356 147 4745 1412 1794 845 1865 1788 999 2348 1357 781 414 3333 731 587 1312 2755 1840 712 463 249 1128 533 824 2068 968 3004 2142 1201 1080 1079 300 669 236 1746
cat_boundaries=0 1 2 3 4 5 6 7 8 9 10 11 12 13
cat_threshold=2352 824 3072 192 4156 1072 1292 1152 2560 385 2693 2818 296
is_linear=0
shrinkage=0.05


Tree=22
num_leaves=63
num_cat=18
split_feature=0 1 25 2 25 39 0 10 39 19 33 26 33 2 25 42 39 39 25 6 6 42 22 1 39 10 25 10 30 41 41 6 25 0 39 23 42 21 29 7 30 21 7 3 39 22 30 10 10 12 14 25 39 39 22 41 20 22 25 35 5 39
split_gain=38.6861 16.6054 12.4367 10.0176 9.3264 9.05904 7.40054 7.20503 6.5076 6.45112 6.57903 6.19112 8.23621 6.07776 5.71551 7.10838 5.65885 5.35734 7.9732 6.18874 5.16942 5.10579 5.05457 5.01877 4.59895 5.15963 4.52048 4.50289 4.30399 4.19214 4.0878 4.85664 4.98821 3.92147 3.83678 4.73198 4.13998 4.77194 3.98374 5.62522 4.93501 3.79293 3.78965 3.78663 3.70989 3.90895 3.70923 3.68974 4.08302 3.68323 4.02508 3.67601 3.60406 3.55799 3.81467 3.55732 3.54379 3.4916 4.94901 6.46099 3.77973 3.5324
threshold=-0.082887659805767275 0.061390617348792371 0 -0.11178480759489771 1 2 -0.43422703017725789 0.4057890324173084 3 0.0011419211836169927 38.421428571428585 20.500000000000004 35.135714285714286 -0.0039836800457955226 4 0.82200460829493094 5 6 7 7.1233671493048636 7.8983530968965825 0.65933268858800786 -0.26758526722856424 0.43837994655876017 8 0.029787033107820719 9 0.54000608367570913 34.550000000000004 8.6992063492063512 28.295789473684213 7.1583667191456639 10 0.23511913995164904 11 0.15204717376195601 0.76579122340425543 9002.5000000000018 1.0000000180025095e-35 8.2843670723383909 75.550000000000011 7518.7500000000009 7.8754088830229749 0.20773625461480452 12 -0.16776198856517652 40.050000000000004 -0.14069640294278682 0.065224753689568274 51.500000000000007 -0.64662716492505201 13 14 15 -0.32398680725996859 4.6239754098360661 0.029874899585063199 -0.025277179948706971 16 0.075386024738374205 8.510115646094901 17
decision_type=2 2 1 2 1 1 2 2 1 2 2 2 2 2 1 2 1 1 1 2 2 2 10 2 1 2 1 2 2 2 2 2 1 2 1 10 2 8 2 2 2 8 2 2 1 10 2 2 2 2 2 1 1 1 8 2 10 10 1 2 2 1
left_child=3 9 5 6 24 11 -1 33 -8 13 17 43 20 14 15 -2 29 18 -11 26 23 -15 42 49 -5 -26 -19 51 30 -6 31 -21 -33 34 35 36 37 -4 39 47 -40 -41 -10 -3 45 -17 -46 -36 -49 50 -13 -7 -51 54 -44 -20 -53 58 59 -32 -59 -60
right_child=1 2 7 4 16 27 8 -9 22 10 -12 12 -14 21 -16 44 -18 19 55 28 -22 -23 -24 -25 25 -27 -28 -29 -30 -31 57 32 -34 -35 38 -37 -38 -39 40 41 -42 -43 53 -45 46 -47 -48 48 -50 52 -52 56 -54 -55 -56 -57 -58 60 61 -61 -62 -63
leaf_value=0.0074411331145189637 -0.0015901555194112406 -0.00017864233847749756 -0.0019903106755104795 0.0027441759535787409 -0.00066603475045105332 -0.00050029019420588794 0.0033251408844565816 -0.0070487637742863291 0.0034567917806937725 0.001358859410898851 0.001173754703043414 -0.00071480255554624416 0.0036417645252220842 0.00032326503698510605 0.00030416414975749948 0.0037181003818122019 -0.00070946185594936064 0.0021824559871229964 -0.002926684485972747 -0.0017606749256352868 -0.0010514856306085482 -1.7797231956523392e-05 -0.00013454240379525453 -0.0021421304690138767 0.0014357045212080586 -0.0018261487153350426 -4.047020854455637e-05 -0.020252654693893372 3.8997749824125368e-06 0.0015776276551441532 -0.00060518691680831347 -0.0015925776017253171 0.00013672043647786048 -0.0030061134326215128 -0.0038595362277173786 -0.0013420180838325702 -0.00015093257705570893 0.0033651786418403707 -0.0022669477805847284 -0.004595494870762125 0.0054635794438913391 -0.0015079246038580789 -0.0049075179635855457 -0.0053467230192453894 0.0019477210745824543 0.0014715068668761449 -0.0006559965674454481 0.00069478684536110639 -0.00097122343177534682 -0.0040756220897301045 0.0031647394961940665 -0.0030344196775028312 0.00090428572060210219 0.0019565883840159336 0.0010538480124362589 1.6163465160593045e-05 -0.00041917100380526391 -0.0026324377639116584 -0.00049107010700600846 0.0045638424294142891 0.00047159658994884397 -0.0024194562633721019
leaf_weight=759 90 294 67 1181 194 910 921 464 838 301 479 120 340 110 2458 270 1755 252 69 41 774 3535 905 270 513 273 972 46 980 442 467 620 798 1013 99 364 752 100 1124 149 40 139 84 181 360 246 144 477 834 105 743 287 436 438 123 499 143 585 285 62 77 359
leaf_count=759 90 294 67 1181 194 910 921 464 838 301 479 120 340 110 2458 270 1755 252 69 41 774 3535 905 270 513 273 972 46 980 442 467 620 798 1013 99 364 752 100 1124 149 40 139 84 181 360 246 144 477 834 105 743 287 436 438 123 499 143 585 285 62 77 359
internal_value=8.85307e-05 -0.000922691 -0.00245084 0.00300819 0.00134205 -0.000531116 0.00479233 -0.00402982 0.00376888 0.000193812 -0.000905506 0.000908674 0.00181068 0.00123718 0.00270384 0.00566459 -0.000759784 -0.00133087 0.00230114 -0.00190597 0.000796243 -0.000198848 0.00235515 0.00235821 0.00388018 0.000878294 0.00122449 -0.00390122 -0.00280702 0.00324575 -0.00367223 -0.00169521 -0.00119803 -0.00349874 -0.00281597 -0.000521638 0.00138587 0.00848214 -0.00382875 -0.00229547 -0.00609442 -0.00865052 0.00416105 -0.00435924 0.006905 0.00986717 0.00359223 -0.000992204 -0.000285823 0.00355872 0.00558449 -0.00339299 0.000322878 0.00127709 -0.00401376 -0.00120898 -0.00714286 -0.00524237 -0.00359881 4.62963e-05 -0.0081448 -0.00648855
internal_weight=32756 24330 10271 8426 4358 4649 4068 5622 3309 14059 6846 3263 2788 7213 3568 1110 2391 6367 869 5498 2448 3645 2388 1674 1967 786 1224 1386 4274 636 3294 1459 1418 5158 4145 1283 919 167 2862 1698 1164 288 1483 475 1020 516 504 1410 1311 1404 863 1340 541 645 207 568 430 1835 1173 529 662 644
internal_count=32756 24330 10271 8426 4358 4649 4068 5622 3309 14059 6846 3263 2788 7213 3568 1110 2391 6367 869 5498 2448 3645 2388 1674 1967 786 1224 1386 4274 636 3294 1459 1418 5158 4145 1283 919 167 2862 1698 1164 288 1483 475 1020 516 504 1410 1311 1404 863 1340 541 645 207 568 430 1835 1173 529 662 644
cat_boundaries=0 1 2 3 4 5 6 7 8 9 10 11 12 13 14 15 16 17 18
cat_threshold=2864 2864 7970 4124 816 13 528 2086 7730 48 206 1265 7684 560 2048 3072 1704 3077
is_linear=0
shrinkage=0.05


Tree=23
num_leaves=63
num_cat=4
split_feature=0 0 14 25 16 2 7 22 2 10 17 0 25 3 18 9 42 7 22 41 10 30 26 36 15 30 27 26 19 3 9 25 40 25 2 36 7 9 17 41 29 30 22 31 16 26 31 8 30 26 22 21 17 31 5 41 27 26 22 13 18 8
split_gain=40.3714 16.5102 11.8815 9.28573 8.27432 9.85773 8.85427 7.31789 6.84607 6.56094 6.00989 5.76088 5.00433 5.66224 5.75314 4.94088 4.87 4.85518 4.90227 6.16547 5.99273 4.82062 4.73225 6.00673 5.15551 4.82388 5.0787 4.61722 4.05702 3.94038 4.10449 4.13767 3.87185 4.64446 3.72966 3.66764 3.65149 4.45852 4.33668 4.02059 3.60368 7.56304 5.31622 3.58269 3.50616 3.48543 3.21387 3.20039 3.80773 3.08577 4.60353 3.86367 3.78301 3.00089 3.81707 3.27381 2.99417 2.99091 2.96084 2.93407 3.17519 2.92532
threshold=0.0055707657199244318 -0.24348417064473968 -1.1361762186953432 0 0.058374985773246298 -1.0000000180025095e-35 7.9319133193735905 -0.039891272868526111 -0.10915066590167564 0.30425301623029327 0.46601695994697767 0.3505328869866276 1 -0.28768207245178029 -1.6164146514529425 0.28545398146675954 0.99230769230769245 7.0767651249256529 -0.075646292133442233 7.0433035714285719 0.050640500382637128 56.800000000000004 20.500000000000004 0.0014743044007983713 1.1529203287269063 82.300000000000026 36.500000000000007 34.500000000000007 0.099051960439593009 0.28768207245178129 0.18688466398103162 2 3.5000000000000004 3 -0.53181882349073939 0.78021892330467801 7.1222334855091374 0.048256036326574998 0.87708329462884194 85.100808189655183 1.0000000180025095e-35 77.750000000000014 -0.11876614438315466 1.0000000180025095e-35 -0.28768207245178051 23.500000000000004 186.45000000000002 0.14872544022268727 29.400000000000009 27.500000000000004 -0.13975807762592288 4165.5000000000009 -0.58503674990599241 1.0000000180025095e-35 7.2472530147843317 116.34904233870969 23.500000000000004 6.5000000000000009 -0.17149310944028504 0.33333309523809529 0.34619248429004307 0.090172367977799997
decision_type=2 2 2 1 2 2 2 10 2 2 2 2 1 2 8 10 2 2 8 2 2 2 2 2 2 2 2 2 2 2 10 1 2 1 2 2 2 10 2 2 2 2 10 2 2 2 2 10 2 2 8 10 2 2 2 2 2 2 8 2 10 10
left_child=1 7 11 8 5 6 34 12 -4 10 40 21 -1 14 -14 -16 29 22 28 20 -20 -2 23 -10 25 26 45 -28 -19 -7 31 -31 33 -8 -3 36 37 -6 39 -39 49 42 44 -34 -42 -24 -18 -21 -49 50 -5 -52 -51 54 61 -56 -11 -15 -58 -35 -61 -36
right_child=2 4 3 9 35 16 32 -9 17 56 -12 -13 13 57 15 -17 46 18 19 47 -22 -23 24 -25 -26 -27 27 -29 -30 30 -32 -33 43 59 53 -37 -38 38 -40 -41 41 -43 -44 -45 -46 -47 -48 48 -50 52 51 -53 -54 -55 55 -57 58 -59 -60 60 -62 -63
leaf_value=0.0057593185884519428 -0.0026051680687613613 0.011885435878769982 0.0013489689779319582 0.0027054251847841611 -0.00012976513578902158 6.3281052832876772e-06 -0.0013437854548820939 -0.00019714024069499426 4.0367442965590127e-05 -0.0022686656613143843 -0.0021616844558684065 -0.010602670334066977 0.010060413623570946 -0.0020305945829889663 0.0015779265769439736 0.0096147783633719827 0.00085428513885164512 0.0004694864697785614 0.00037969761658531944 -5.6529916911100825e-05 -0.0039566297905590658 0.00063777917792715044 0.0079054344159627567 -0.0023919105779802012 -0.0034260542831305502 -0.0037577859961050696 -0.0010229963893140859 0.0034633559866930025 -0.0017838828789975233 -0.0018998504375011714 -0.0040257329678344694 0.0025132943700793362 -0.0014637573118862269 0.0039796938457011769 0.0026041593207122371 -0.0026137619263229155 -0.00010327523952624102 0.0018496910456843917 -0.00088180617500768104 0.00019537827523966853 0.0011375677516524607 0.0038576420255272874 -0.0026689584265699412 0.001607194278447026 -0.0017633873675068812 0.0034380645973026386 0.0031429484049748054 -0.0019922596132020162 0.00058644551978559868 0.0011725010978596907 0.00034211161359525699 -0.0027099202609284258 -0.00084955880129430688 0.0016790819003360668 1.2805361107570776e-05 -0.0025920221270235421 -0.00048343833820293749 0.0017133452083708659 -0.006696325585572014 -0.00028387945703604037 0.0011716260456610245 0.00033899208797803055
leaf_weight=1041 671 112 883 210 52 3240 519 488 523 231 1183 187 55 120 329 257 492 1267 211 1457 593 99 115 69 59 42 138 115 200 106 438 104 62 81 64 64 5241 479 216 596 269 82 844 789 647 237 147 663 274 82 714 94 1287 2315 100 53 80 598 324 440 221 101
leaf_count=1041 671 112 883 210 52 3240 519 488 523 231 1183 187 55 120 329 257 492 1267 211 1457 593 99 115 69 59 42 138 115 200 106 438 104 62 81 64 64 5241 479 216 596 269 82 844 789 647 237 147 663 274 82 714 94 1287 2315 100 53 80 598 324 440 221 101
internal_value=-1.37317e-05 0.00148776 -0.00206483 -0.0016655 0.000860725 0.00181673 0.00338102 0.00496712 -0.00040105 -0.00309095 -0.00253094 -0.00743737 0.00610162 0.00399635 0.00743769 0.00596252 0.00013803 -0.00101023 -0.00176275 -0.00286027 -0.00664596 -0.00551232 0.00169361 -0.00160202 0.00445545 0.00574846 0.00688944 0.00147638 0.000630109 -0.000527128 -0.0040832 0.00165877 0.000946522 -0.000812203 0.0052531 -0.000488795 -0.000372058 0.00195312 0.00253483 0.00383364 -0.00164894 -0.00330982 -0.00400341 0.00355047 -0.00136314 0.0107649 0.00417969 -0.00158664 -0.00386461 -0.000366415 0.00171737 0 -0.00191606 0.00486902 0.00031348 -0.00535714 -0.00790094 0.000973574 -0.0104938 0.00172643 0.000641994 0.00557229
internal_weight=32770 18920 13850 12893 16032 9384 4857 2888 6846 6047 5412 957 2400 1359 641 586 4527 5963 4665 3198 804 770 1298 592 706 647 605 253 1467 3888 648 210 2112 1261 2745 6648 6584 1343 1291 1075 4229 1842 1760 851 916 352 639 2394 937 2387 1018 808 1369 2633 318 153 635 718 404 742 661 165
internal_count=32770 18920 13850 12893 16032 9384 4857 2888 6846 6047 5412 957 2400 1359 641 586 4527 5963 4665 3198 804 770 1298 592 706 647 605 253 1467 3888 648 210 2112 1261 2745 6648 6584 1343 1291 1075 4229 1842 1760 851 916 352 639 2394 937 2387 1018 808 1369 2633 318 153 635 718 404 742 661 165
cat_boundaries=0 1 2 3 4
cat_threshold=2872 372 1613 1224
is_linear=0
shrinkage=0.05


Tree=24
num_leaves=63
num_cat=14
split_feature=1 1 22 22 7 1 25 36 33 40 31 16 39 30 25 39 31 25 39 21 1 39 25 25 7 6 25 5 10 39 13 27 9 21 33 10 39 22 12 31 8 10 22 25 5 10 18 15 18 13 27 37 42 21 10 42 33 15 6 21 39 18
split_gain=34.524 16.4757 10.532 10.4923 8.11617 7.62683 7.45115 7.32703 7.57416 7.26076 9.48608 7.05484 7.4624 7.76707 8.56074 6.78939 9.55698 6.682 6.39011 6.17113 6.05955 6.05665 5.00262 4.76346 4.50067 4.39217 4.08606 5.74985 4.05005 5.20812 5.76045 5.18336 4.92973 4.56902 4.19306 4.00329 3.99633 3.95447 3.91062 4.30132 3.81654 3.79659 3.66814 3.59409 4.6293 3.73617 5.7794 3.99933 3.5624 3.56191 3.55181 4.97868 5.20358 7.96863 5.75657 4.04804 3.84593 3.53911 3.52628 3.50139 3.48957 3.4452
threshold=0.059808841987522683 -0.31838557872968826 0.28038210854358653 -0.21309715905770898 7.699476493787575 0.2876820724517804 0 1.7361759986195575 38.678571428571438 2.5000000000000004 3.850000000000001 0.047628048989254219 1 22.250000000000004 2 3 20.250000000000004 4 5 1200.5000000000002 0.42006701972678423 6 7 8 8.2952298520568828 6.6628664858834528 9 6.6201444904382294 0.065224753689568274 10 1.2333341666666671 11.500000000000002 0.069768416886702669 3701.1400000000008 26.464285714285719 -0.081290425958100862 11 -0.16776198856517652 73.500000000000014 67.750000000000014 0.14302383032848118 -0.12465492157928802 0.074405328376167729 12 8.8564262802559544 -0.01367447559415602 -0.54904179363459116 1.2793791087924729 0.61798035919982763 0.56417041208791208 39.500000000000007 21.500000000000004 0.98399897593445995 1977.7450000000001 -0.071876213941956632 0.70087719298245621 36.650000000000006 -1.9891728241796092 7.6560336283832342 3751.6650000000004 13 -0.5185610837028406
decision_type=2 2 10 8 2 2 1 2 2 2 2 2 1 2 1 1 2 1 1 8 2 1 1 1 2 2 1 2 2 1 2 2 10 8 2 2 1 8 2 2 8 2 8 1 2 2 10 2 10 2 2 8 2 8 2 2 2 2 2 10 1 8
left_child=1 21 6 4 18 17 9 8 11 10 -2 50 25 14 -14 16 -6 40 -3 -8 -12 41 24 -20 -23 -13 38 -28 -21 30 32 -32 -30 -33 -31 -11 -10 -34 39 -16 -4 -1 -40 44 -27 46 -45 -48 -39 -7 60 -52 54 58 -53 -56 -57 -36 -54 -15 -5 -17
right_child=2 3 5 7 15 49 19 -9 36 35 20 12 13 59 26 61 -18 -19 23 28 -22 22 -24 -25 -26 43 27 -29 29 34 31 33 37 -35 57 -37 -38 48 42 -41 -42 -43 -44 45 -46 -47 47 -49 -50 -51 51 52 53 -55 55 56 -58 -59 -60 -61 -62 -63
leaf_value=0.0063738154055626751 -0.0020268758254430312 -0.0010504796362792565 -0.00086034647653306063 1.5844144047119843e-05 -0.0073785064649657716 -0.0089075573867862523 0.00079742009867196813 -0.0039431279349419037 0.00022086941464972672 0.0030762113878618825 0.0024682055976914105 -0.00016276096592963553 -0.007413332258119844 0.00061584041077579173 0.00094770918037593264 0.0021006848783390246 0.0002147686231540641 -0.00019932277848445907 0.0045570867757444055 -0.00042948606661671234 -0.0016863102631272595 0.001147053357746363 0.0051678743285824037 0.0018960738066130787 -0.0044830487995504873 0.00046149317354585834 0.0029451771968742051 -0.0022535305052759679 0.00114693183524253 0.00062746621315690773 0.0086649495240921411 0.002912529150829559 -9.2605686412385737e-05 -0.0019634262282195647 -0.009523119210902915 -0.0010004087654719872 0.0022109552924592843 -0.0027134264703766431 0.0017339700123185115 -0.0043560700173094274 -0.0055147967072167589 0.0014577106990083116 -0.0034753637159281384 0.0033724305944894126 -0.0025797117394617763 -0.00010476863907789261 -0.00011219740072119086 0.0024243715992135128 -0.00042413164784659983 -0.0052011176165834274 -0.0021751497652297809 0.00051927553025457531 -8.2885671365283235e-05 0.0020074716806612928 0.0016432269509426877 -0.00040460523872976853 0.00015496043400527767 -0.002456669418947103 -0.0051715882749526054 -0.0036903287455740288 0.00064792398802202542 0.00031558780504776758
leaf_weight=641 348 200 162 2224 138 188 622 57 349 45 1156 46 179 775 377 797 236 775 620 2465 227 613 925 746 92 807 98 1147 112 143 64 87 603 119 70 826 382 1124 51 42 175 188 117 95 146 1136 763 99 415 450 62 723 363 517 66 1359 142 1475 52 40 2098 1642
leaf_count=641 348 200 162 2224 138 188 622 57 349 45 1156 46 179 775 377 797 236 775 620 2465 227 613 925 746 92 807 98 1147 112 143 64 87 603 119 70 826 382 1124 51 42 175 188 117 95 146 1136 763 99 415 450 62 723 363 517 66 1359 142 1475 52 40 2098 1642
internal_value=2.0578e-05 0.00122453 -0.00216486 0.000718222 0.00285959 -0.00573958 -0.00153252 6.28799e-05 0.000135031 0.000765404 0.00264145 -0.000133087 -0.00142761 -0.00327811 -0.00495775 0.00125267 -0.00493506 -0.0032345 0.00574346 -0.00234952 0.00449783 0.00507114 0.00322974 0.00693537 3.49162e-05 0.000273928 -0.00385241 -0.00547373 -0.0027965 -0.00373843 -0.00226824 0.00461255 -0.00310421 0.000724638 -0.00588582 -0.00295298 0.0050888 -0.00363976 -0.000376254 0.00220238 -0.00897989 0.00854167 -0.00680473 0.000508697 0.00303423 -0.000653517 0.00164405 0.000347625 -0.00498377 -0.0100939 0.000874195 -0.000365297 -9.3081e-05 0.00305466 -0.00137495 -0.00307717 -0.00361185 -0.00667853 -0.00210337 0.000827206 0.00181587 0.00221429
internal_weight=32801 21150 11651 18691 4379 1750 9901 14312 14255 2602 1731 13524 5918 2826 2011 2813 374 1112 1566 7299 1383 2459 1630 1366 705 3092 1832 1245 6677 4212 2524 270 2254 206 1688 871 731 2142 587 419 337 829 168 3046 953 2093 957 862 1539 638 7606 3284 3222 932 2290 1567 1501 1545 415 815 4322 2439
internal_count=32801 21150 11651 18691 4379 1750 9901 14312 14255 2602 1731 13524 5918 2826 2011 2813 374 1112 1566 7299 1383 2459 1630 1366 705 3092 1832 1245 6677 4212 2524 270 2254 206 1688 871 731 2142 587 419 337 829 168 3046 953 2093 957 862 1539 638 7606 3284 3222 932 2290 1567 1501 1545 415 815 4322 2439
cat_boundaries=0 1 2 3 4 5 6 7 8 9 10 11 12 13 14
cat_threshold=2320 701 192 1024 645 160 4621 1187 880 3088 3715 5635 142 7321
is_linear=0
shrinkage=0.05


Tree=25
num_leaves=63
num_cat=18
split_feature=1 0 0 17 15 12 13 1 25 35 25 39 7 37 25 39 39 10 35 39 39 25 30 39 25 22 27 5 31 15 7 21 25 30 1 4 22 12 39 11 30 31 39 10 39 27 22 22 0 10 27 25 1 25 11 27 19 35 7 39 14 23
split_gain=35.4079 15.5777 11.4384 9.19868 8.97186 7.93034 7.72288 7.34807 7.08494 7.06082 6.4476 6.6154 5.70094 5.04261 5.09101 8.02944 5.90637 5.038 4.90994 4.90915 4.85168 6.34424 4.88176 4.8373 5.64278 4.67143 4.56453 5.31947 4.65204 4.66168 4.56239 7.12058 6.34104 4.67271 4.41821 4.37616 4.26886 4.21713 4.11098 4.07538 3.98484 4.28713 3.89314 4.14972 3.80887 3.84051 3.73577 3.71288 3.64441 3.447 3.40219 3.40058 3.34972 3.2984 3.47859 3.29186 3.28308 4.29065 3.40703 4.44783 3.48863 3.91997
threshold=-0.1069113143221183 0.074589826003293794 -0.32817687797553002 0.39769700658356139 0.23722898979755772 43.500000000000007 0.36363667355385992 0.6440514655662507 0 0.47885357402433776 1 2 7.0550825612230783 48.500000000000007 3 4 5 -0.17908582293942607 1.4573697186751711e-08 6 7 8 64.050000000000026 9 10 -0.42109216111082687 6.5000000000000009 7.1825601225896207 175.25000000000003 0.52190158644300955 8.2730406286809401 7681.2500000000009 11 80.050000000000026 0.091171769499713409 0.29213820851863576 0.40551511060833112 21.500000000000004 12 56.500000000000007 23.750000000000004 209.65000000000001 13 -0.076221232655846002 14 52.500000000000007 0.27291298879293052 -0.048789914169494505 -0.17299305787918803 -0.10293116702983295 53.500000000000007 15 -0.0081467183612051724 16 49.500000000000007 36.500000000000007 0.05877798190701549 0.011597479105874706 6.5599237058110091 17 -1.1361762186953432 -0.054067221270275682
decision_type=2 2 2 2 2 2 2 2 1 2 1 1 2 10 1 1 1 2 2 1 1 1 2 1 1 10 2 2 2 2 2 8 1 2 2 2 8 2 1 2 2 2 1 2 1 2 10 8 2 2 2 1 2 1 2 2 2 2 2 1 2 8
left_child=2 3 25 5 10 9 -3 8 -8 12 19 -12 18 14 15 17 30 -7 36 -4 21 22 35 24 -5 49 34 53 29 44 32 -32 -16 -34 -18 -14 -2 -22 -39 -21 41 -6 50 -44 -29 -46 56 55 -13 -1 -30 -38 -40 54 -28 -17 57 58 -10 -60 -61 -62
right_child=1 6 4 23 40 13 7 -9 46 -11 11 48 20 -15 16 47 26 -19 -20 39 37 -23 -24 -25 -26 -27 27 28 42 -31 31 -33 33 -35 -36 -37 51 38 52 -41 -42 -43 43 -45 45 -47 -48 -49 -50 -51 -52 -53 -54 -55 -56 -57 -58 -59 59 60 61 -63
leaf_value=0.0078525096204610824 0.0029487157630319091 -0.0023376748103357803 -0.0014480672298865234 -0.0032338365733706707 -0.00043047068159342148 0.0061930183893277946 0.0001364089850585233 -0.0065978484335186592 0.0035983084916456371 -0.0032685074570041554 -0.00075643142520130386 0.0042298094743350679 0.0032524878642846071 0.0030218580538351292 0.0012825503765843136 0.00059028868852005424 0.00159014529778004 0.00027186637926830714 -0.00091584328304815041 0.0015264264447639357 -0.00039910112793290538 7.2784254243396558e-05 -0.0022791727464131968 -4.3060272996377983e-05 -0.00051629247097495447 0.0018021937034421124 0.0035646969378201193 -0.0031270796240971499 -0.0026224207531065067 0.0003778777495211018 -0.0024584760977338321 7.5516164621964186e-05 -0.00083013157609649897 0.003835139435734704 -0.0033448452754071497 0.00033161419823288327 -0.0003994522815663983 -0.0031983235524685547 0.0019938236697857234 0.004094043477464949 0.0017864858561829657 -0.0062357215948644689 0.0053828289626080749 -0.00017261576915425411 -0.00095565196244409107 0.00045843761488579795 -0.0027003717562231848 -0.00017382235497968054 0.00078080642677844656 0.00079026874078103309 3.8043873375456525e-05 0.0022205689831751615 3.7053754354264491e-05 -0.00088149685245162183 -0.00014022337611386168 -0.00084731150292920447 -0.0021981636384005572 0.0029441182299168841 0.00048548920856599848 -0.0041997864029905017 0.00031864821602762395 -0.0018077589467869329
leaf_weight=836 589 1046 112 653 1560 95 2361 340 138 41 771 355 449 118 576 306 210 2022 136 1372 1349 920 48 2054 1000 502 106 620 200 132 252 469 296 72 58 193 178 134 353 767 560 92 46 399 225 134 736 692 1123 118 103 244 670 195 125 164 958 87 483 137 546 1226
leaf_count=836 589 1046 112 653 1560 95 2361 340 138 41 771 355 449 118 576 306 210 2022 136 1372 1349 920 48 2054 1000 502 106 620 200 132 252 469 296 72 58 193 178 134 353 767 560 92 46 399 225 134 736 692 1123 118 103 244 670 195 125 164 958 87 483 137 546 1226
internal_value=-7.45746e-05 -0.00101884 0.0027788 -0.000144344 0.00190675 0.000485681 -0.00282293 -0.00222444 -0.00185823 0.00196984 0.00318818 0.00127212 0.00213241 -0.000548188 -0.000710189 0.000767477 -0.00185623 0.00259633 0.00524826 0.00507294 0.00126306 0.00339297 0.00699001 -0.00233954 -0.00434195 0.00679478 -0.00336388 -0.00410105 -0.00525538 -0.00730665 0.000462411 -0.0025277 0.00275132 -0.00237467 0.0027881 0.00824261 0.00644763 -0.00011919 0.00209413 0.00561628 -0.000700407 -0.00193587 -0.00220294 0.000822368 -0.0084949 -0.00398649 -0.00305993 -0.00255754 0.00322364 0.00884817 -0.00644904 0.00260047 0.00316731 0.000936768 0.00485537 0.000849257 -0.00239793 -0.00148014 -0.00185697 -0.00229837 -0.0033724 -0.00279188
internal_weight=32852 24684 8168 16626 6712 12919 8058 7012 6672 5304 4500 2249 5263 7615 7497 3279 4218 2117 1147 2251 4116 1610 690 3707 1653 1456 2553 2285 1859 1111 1665 721 944 368 268 642 1011 2506 1157 2139 2212 1652 748 445 979 359 4311 1162 1478 954 303 422 1023 426 231 470 3575 2617 2530 2392 1909 1772
internal_count=32852 24684 8168 16626 6712 12919 8058 7012 6672 5304 4500 2249 5263 7615 7497 3279 4218 2117 1147 2251 4116 1610 690 3707 1653 1456 2553 2285 1859 1111 1665 721 944 368 268 642 1011 2506 1157 2139 2212 1652 748 445 979 359 4311 1162 1478 954 303 422 1023 426 231 470 3575 2617 2530 2392 1909 1772
cat_boundaries=0 1 2 3 4 5 6 7 8 9 10 11 12 13 14 15 16 17 18
cat_threshold=2352 888 3074 316 3358 4769 192 1704 2643 7426 199 3075 320 2322 1292 1193 643 181
is_linear=0
shrinkage=0.05


Tree=26
num_leaves=63
num_cat=12
split_feature=0 0 2 25 39 39 12 29 25 39 30 39 37 39 22 31 7 7 39 14 19 26 29 22 3 12 22 18 3 27 39 10 33 30 37 25 10 7 39 7 10 41 7 12 2 21 2 25 30 8 8 7 37 35 41 3 19 2 19 7 7 10
split_gain=35.7502 12.2046 11.098 9.41964 7.31209 7.26052 7.03948 8.11794 7.34963 7.01129 7.64524 6.51522 6.49349 6.47992 6.47004 6.18219 6.12692 5.6727 7.33567 5.43958 5.24682 5.21621 5.15298 5.13947 5.0979 5.0228 4.67092 4.66791 4.6564 4.61732 4.60257 4.92388 4.57966 4.45671 4.38989 4.37325 4.25929 4.24334 4.33783 4.18816 4.11714 4.05669 5.13339 3.98306 4.63986 3.92022 3.89575 3.96987 3.86709 3.80684 3.77229 4.00625 3.74111 6.25797 5.04189 4.11003 3.73456 3.7206 3.73684 3.8573 3.62108 3.5752
threshold=-0.037739558752669204 0.23511913995164904 -0.26731396317638406 0 1 2 39.500000000000007 1.0000000180025095e-35 3 4 42.250000000000007 5 29.500000000000004 6 0.16919791381865604 174.25000000000003 8.0598000152013931 7.824817992913192 7 0.071983280437092581 0.0039087939809804122 51.500000000000007 1.0000000180025095e-35 -0.018855242574965816 -0.089612158689686514 8.5000000000000018 0.3741536350756331 -0.73325227162905005 0.37949656685471528 32.500000000000007 8 0.22657657695410019 28.450000000000006 50.45000000000001 17.500000000000004 9 0.036427496036560932 9.392716996637434 10 6.936224538603958 -0.016728336041816668 241.03746300780202 8.1353796056180272 29.500000000000004 0.026056341103579243 8025.0000000000009 -0.1416859818287963 11 19.950000000000006 0.086886694828884614 0.75842160834245542 6.6273847815223936 23.500000000000004 0.013086017227454628 842.11813423645333 -0.057247524082288496 1.7058391097903263e-17 0.082978249269814355 0.0047803283776526083 6.9236793037901823 7.0233780866731097 -0.13365618640710417
decision_type=2 2 2 1 1 1 2 2 1 1 2 1 8 1 10 2 2 2 1 2 2 2 2 8 2 2 10 8 2 2 1 2 2 2 10 1 2 2 1 2 2 2 2 2 2 10 2 1 2 10 10 2 8 2 2 2 2 2 2 2 2 2
left_child=2 6 5 17 48 16 8 23 13 39 11 46 -10 21 19 22 -1 18 -4 36 -20 28 34 35 -7 -18 -22 -16 29 -2 31 -14 -24 57 -15 -8 -3 38 -37 -9 -17 42 -12 44 45 -32 -11 49 -5 -48 51 -38 -41 54 55 -54 -13 58 -6 -60 -25 -34
right_child=1 14 3 4 33 24 7 9 12 10 41 56 30 15 27 40 25 -19 20 -21 26 -23 32 60 -26 -27 -28 -29 -30 -31 43 -33 61 -35 -36 37 50 -39 -40 52 -42 -43 -44 -45 -46 -47 47 -49 -50 -51 -52 -53 53 -55 -56 -57 -58 -59 59 -61 -62 -63
leaf_value=0.0025238837002187634 0.0050523461950024891 0.00051793144530184381 0.0056863247031884038 0.0011163651114732716 0.0003398108766078846 0.0054961564182984292 0.0012776635597325373 -0.00022351227751205217 -0.0022288418075771519 0.0017569426535649962 0.0031641975946985232 -0.003435689931670051 0.00058573833912663772 0.00092386215568006033 -0.0091346155010876649 0.0016043161605039267 0.0089484151054237369 0.00040015773106563679 0.0018269565519930084 5.0424479126222506e-05 0.00059094006170311254 -0.0038517624602784784 0.0041248498698876991 0.00020154503988826199 0.0012688591369388403 -0.0042838665941520226 -0.0027200481251751655 -0.0035774584516810532 0.0074990124497297641 -0.00025329351831154503 2.5263283354447739e-05 -0.002368915421736539 0.0015341316099587673 0.002687703899785559 0.0047198612079192735 0.00067577300573900797 0.001497717350505664 0.0035734932556012386 -0.00033116778393251401 -0.001023166297454841 -0.00071761257113501934 -0.0041488256679940161 -0.004097619118712789 0.00051876083487306733 -0.0019607044077018547 -0.0046650874486642646 0.0044214271200766929 -0.0016624671164054733 -0.00080961985742943163 -0.00063277210831509288 -0.025323864372866892 -0.0040515948477462026 0.0024541530516356924 0.0038169404145815852 -0.0045317880137054753 1.3486445670879812e-06 -0.0044586439920343791 -0.002018670798437957 0.0013115894554699974 -0.0011167394588082876 -0.00019671208857363265 -0.001009219805586187
leaf_weight=641 284 286 433 841 1404 1097 471 71 169 171 240 558 1099 1035 193 208 43 2146 1209 965 887 49 50 541 274 215 74 689 260 242 1065 217 68 136 72 743 76 66 1120 123 564 55 61 419 880 51 40 793 98 152 42 833 93 149 84 505 620 718 182 1101 4488 259
leaf_count=641 284 286 433 841 1404 1097 471 71 169 171 240 558 1099 1035 193 208 43 2146 1209 965 887 49 50 541 274 215 74 689 260 242 1065 217 68 136 72 743 76 66 1120 123 564 55 61 419 880 51 40 793 98 152 42 833 93 149 84 505 620 718 182 1101 4488 259
internal_value=3.97323e-05 -0.00117696 0.00228478 0.00151408 -0.000133601 0.00541612 -0.000682345 -0.00146254 0.000561356 -0.00337056 -0.00470196 -0.00576017 -0.000882127 0.0023775 -0.00408428 0.000970446 0.00184066 0.00306197 0.0046371 -0.00263277 0.00339294 0.00611702 0.00286195 -0.000508075 0.00768813 -0.0046332 0.000649688 -0.00770102 0.00717916 0.0044592 -0.000448821 0.00192163 -0.00218254 -0.00117539 0.00458032 0.00139525 -0.00482633 0.000322165 -0.000120708 0.000168919 -0.00265201 0.00210084 0.00438742 -0.00174155 -0.00267902 -0.000537153 -0.00299914 -0.00423428 0.00376316 0.00221675 -0.00643382 -0.00574176 0.00104712 0.00225361 0.000219619 0.00183639 -0.00836838 -0.00153406 -0.000678943 -0.0026285 -0.0014165 -0.00434451
internal_weight=32718 21219 11499 9229 4480 2270 18135 11144 6991 3715 2690 2334 3900 3091 3084 2256 899 4749 2603 2202 2170 835 1484 7429 1371 258 961 882 786 526 3731 1316 377 3541 1107 2400 1237 1929 1863 1025 772 356 301 2415 1996 1116 1156 985 939 192 951 909 954 831 682 598 1178 3405 2687 1283 5029 327
internal_count=32718 21219 11499 9229 4480 2270 18135 11144 6991 3715 2690 2334 3900 3091 3084 2256 899 4749 2603 2202 2170 835 1484 7429 1371 258 961 882 786 526 3731 1316 377 3541 1107 2400 1237 1929 1863 1025 772 356 301 2415 1996 1116 1156 985 939 192 951 909 954 831 682 598 1178 3405 2687 1283 5029 327
cat_boundaries=0 1 2 3 4 5 6 7 8 9 10 11 12
cat_threshold=2928 28 3154 2864 146 2061 3328 1536 1400 2061 1286 1040
is_linear=0
shrinkage=0.05


Tree=27
num_leaves=63
num_cat=11
split_feature=0 22 22 25 10 39 10 29 39 39 25 7 17 7 7 35 25 33 39 33 10 10 10 10 36 13 39 7 25 23 10 22 13 13 33 41 37 10 6 12 33 17 4 12 7 25 9 14 42 33 6 31 39 22 9 5 5 33 9 20 7 17
split_gain=30.059 11.1479 9.08302 8.70692 8.86235 8.53975 7.48838 7.36903 8.97369 7.59621 7.2793 7.10308 6.95189 7.53042 6.89574 6.74768 6.49977 6.46583 5.83817 5.72936 5.20118 5.11035 5.04604 4.96525 4.95889 4.87105 4.86822 6.21346 5.80881 4.82788 4.79523 4.68795 4.59772 4.2643 4.1438 4.57892 4.13388 5.27045 4.10039 5.3996 4.65442 4.52538 4.39196 4.37317 6.30393 4.06117 4.01787 4.01211 4.04445 5.43954 3.93808 3.92864 4.0617 3.86375 3.97136 3.76589 6.25142 4.64735 3.63024 4.3189 3.52905 3.64034
threshold=-0.057156502077167375 0.30372100148876796 -0.49036490446032044 0 -0.01367447559415602 1 0.54000608367570913 1.0000000180025095e-35 2 3 4 8.2952298520568828 0.42464597933330289 7.2869090385872752 9.3340562387506676 0.08835075010139877 5 27.657142857142862 6 33.635714285714293 0.12442773480974668 -0.39122887042163595 0.039932020566266331 -0.086037749608437228 0.78021892330467801 1.1764706920416448 7 7.2975123859173738 8 0.18789692788311643 0.059673043240466413 0.51442198529938754 0.94766101590321539 0.91125175808720116 26.87857142857143 1.0884033613445381 58.500000000000007 -1.0000000180025095e-35 8.3287851283926173 70.500000000000014 28.700000000000006 0.41715505941810332 -0.26539100540296617 39.500000000000007 9.1856984769641077 9 0.069768416886702669 -1.2991060869057016 0.98449519230769245 39.021428571428579 7.2038256684847921 7.1500000000000012 10 -0.5109684605045709 0.060691000881640686 8.2066851735870312 9.0158098132921953 30.37857142857143 0.15402751622641148 0.039162524636687637 7.1613492535117773 0.19107128390499242
decision_type=2 10 8 1 2 1 2 2 1 1 1 2 2 2 2 2 1 2 1 2 2 2 2 2 2 2 1 2 1 10 2 10 2 2 2 2 10 2 2 2 2 2 2 2 2 1 10 2 2 2 2 2 1 10 8 2 2 2 10 8 2 2
left_child=2 3 21 4 24 11 26 9 14 16 36 17 13 -4 53 19 -5 -6 50 34 55 -1 60 -20 32 47 30 28 -28 -18 33 -8 -2 -3 46 -36 37 -11 39 42 -41 -42 -37 -40 -45 -15 -12 -19 49 51 -14 52 -49 -9 -55 -7 57 -57 59 -22 -10 -62
right_child=1 6 12 7 5 20 31 8 22 10 15 -13 18 45 -16 -17 29 25 23 -21 58 -23 -24 -25 -26 -27 27 -29 -30 -31 -32 -33 -34 -35 35 38 -38 -39 43 40 41 -43 -44 44 -46 -47 -48 48 -50 -51 -52 -53 -54 54 -56 56 -58 -59 -60 -61 61 -63
leaf_value=0.0077342109637722964 0.00041908741515049119 0.00010304299102252849 0.0020866365298796985 -3.2877037440659592e-05 0.0017571846392846484 -9.8778593559712931e-05 -0.0022931837555885039 8.4560055385988375e-05 0.0016409124878921711 0.0013470724535148033 -0.00092281133862370844 -0.0038009477213102102 0.00013718826345504448 0.0029374904703539061 -0.0073286414773826762 -0.0050619997328776251 -0.00075587871450671907 -0.0020863323106940237 0.0029148697109200334 0.0011473972118150888 -0.0016753799249267364 0.0022727384914840269 -0.0036211485120635186 -0.00017257659788197843 -0.002977072969873608 0.0020892822467762596 0.001249258864433883 -0.0037686726325084855 -0.0012097946540600814 -0.0064142013983297871 -0.0011711223730572638 -0.016099405072122746 0.00272401362904196 0.0031058173084773273 0.0014268463929402711 0.0017446030084167308 0.002926263575529167 -3.9964828903531341e-06 0.00018818201406606077 -0.00033164409416703726 0.0015403252482770833 -0.0017732471183617299 -0.0011381595385942026 -0.0035616613816143818 0.00047444625576332296 0.00034085855189579521 0.00082728914323363593 5.1644379889617214e-06 0.0010925266817903574 0.0012165125698588514 -0.0021559872950554378 -7.8749488196252576e-05 -0.0030184537032400087 0.0023741397938757732 -0.00079060921441886792 -0.00080424596911614918 -0.0010405444006500659 0.0014885922948804015 -0.0041392756834452791 0.0014673214644694969 -0.00090349533932679174 -0.0032985605626269215
leaf_weight=464 1846 333 1859 738 662 400 82 824 195 690 94 187 497 350 50 73 285 160 358 506 156 1145 913 416 68 481 266 712 485 138 554 113 731 87 55 149 135 1077 190 307 449 86 1167 514 131 4309 592 232 661 248 716 1117 364 42 955 198 252 253 446 42 705 522
leaf_count=464 1846 333 1859 738 662 400 82 824 195 690 94 187 497 350 50 73 285 160 358 506 156 1145 913 416 68 481 266 712 485 138 554 113 731 87 55 149 135 1077 190 307 449 86 1167 514 131 4309 592 232 661 248 716 1117 364 42 955 198 252 253 446 42 705 522
internal_value=8.07115e-05 -0.000928738 0.002348 -0.000527704 0.000687023 -0.000396758 -0.00398785 -0.00141896 -0.00309009 -0.00046767 0.000228879 0.000848896 0.00169586 0.00248504 -0.000491498 -0.000907724 -0.00415956 0.0013054 -0.000892857 -0.000648432 -0.00331342 0.00579193 -0.00514706 0.00248408 0.00308957 0.000390625 -0.00323011 -0.00503731 -0.00189495 -0.00904378 -0.000456853 -0.0133929 0.00344259 0.00356295 -0.0013253 -0.00211545 0.00279665 0.00216346 -0.00237976 -0.00122742 0.00189798 0.00471082 -0.00322703 -0.00535287 -0.00731424 0.00141094 0.00218341 -0.000413223 5.71864e-05 -0.00108308 -0.0030433 -0.00208576 -0.00536013 1.37212e-05 -0.00207916 -0.00124547 0.000958807 0.00448009 -0.00689922 -0.00125628 -0.00330288 -0.0042956
internal_weight=32832 22718 10114 20086 8504 5859 2632 11582 4206 7376 6215 4112 8505 6518 1871 4313 1161 3925 1987 4240 1747 1609 2335 774 2645 3263 2437 1463 751 423 974 195 2577 420 3734 3048 1902 1767 2993 2158 842 535 1316 835 645 4659 686 2782 2622 1961 1213 1713 596 1821 997 1103 703 451 644 198 1422 1227
internal_count=32832 22718 10114 20086 8504 5859 2632 11582 4206 7376 6215 4112 8505 6518 1871 4313 1161 3925 1987 4240 1747 1609 2335 774 2645 3263 2437 1463 751 423 974 195 2577 420 3734 3048 1902 1767 2993 2158 842 535 1316 835 645 4659 686 2782 2622 1961 1213 1713 596 1821 997 1103 703 451 644 198 1422 1227
cat_boundaries=0 1 2 3 4 5 6 7 8 9 10 11
cat_threshold=2840 7942 2205 2192 134 97 3874 4784 2570 16 516
is_linear=0
shrinkage=0.05


Tree=28
num_leaves=63
num_cat=12
split_feature=2 1 0 25 14 17 2 39 26 7 7 25 39 7 39 37 39 11 21 35 25 30 10 21 35 33 25 39 6 30 30 5 8 17 19 17 7 12 26 33 12 12 42 41 39 33 31 26 19 33 7 15 9 3 18 25 12 33 9 20 25 10
split_gain=31.9692 14.1237 11.5681 8.23423 8.22003 6.8351 6.37412 5.87278 6.24484 6.0309 5.85615 5.50005 11.5578 5.67447 5.623 5.49307 5.25426 7.26937 5.06329 4.98841 4.76173 4.56099 4.49443 4.3315 4.32196 4.09884 4.77484 4.47155 4.27332 4.21051 4.16556 4.075 4.41765 4.05482 3.8902 3.65412 3.64046 3.63964 3.62924 4.73725 5.34878 3.59799 5.27203 3.47974 3.45868 3.61762 3.63463 4.37727 3.60842 3.45482 3.80349 3.45052 3.44452 3.41106 3.35167 3.97127 3.34185 3.33142 3.31431 6.16748 4.40824 3.7724
threshold=-0.018692133012153441 -0.15415067982725847 0.11519646371135696 0 -0.62599506754761547 0.39769700658356139 -0.63174707572922484 1 15.500000000000002 9.2342534746616369 8.31786639424889 2 3 7.541536524627368 4 48.500000000000007 5 49.500000000000007 13025.000000000002 1.3310413940197931e-12 6 96.250000000000014 -0.065019572386702848 4086.1800000000007 0.61023414391008635 26.835714285714285 7 8 6.8311881550629456 11.850000000000003 17.650000000000002 8.1605328238870616 0.29028167355832835 0.85952255972315361 0.028964339587984573 -0.32986581809905552 7.0151485499016424 18.500000000000004 20.500000000000004 32.321428571428577 32.500000000000007 44.500000000000007 0.99230769230769245 3.7869910100475943 9 39.492857142857154 0.8500000000000002 10.500000000000002 0.03015527919733298 37.507142857142867 8.3532359786587698 0.9762597792214941 0.10236737684124711 0.28672142825212094 2.5881836183785447 10 73.500000000000014 27.035714285714292 0.17591727591853348 0.044357072429742517 11 0.13186297537162875
decision_type=2 2 2 1 2 2 2 1 2 2 2 1 1 2 1 8 1 2 10 2 1 2 2 8 2 2 1 1 2 2 2 2 10 2 2 2 2 2 2 2 2 2 2 2 1 2 2 2 2 2 2 2 10 2 8 1 2 2 8 10 1 2
left_child=1 6 5 44 57 11 -1 8 9 24 25 12 13 38 -15 -13 17 20 22 58 49 -16 37 56 33 30 29 -28 -29 -27 -9 -12 -33 -5 41 -22 -14 -10 -2 40 -40 42 -6 -36 -3 46 -46 -48 -49 50 -8 -25 -21 -38 55 -18 -24 -4 59 60 -17 -60
right_child=2 3 4 7 34 -7 16 10 18 -11 31 15 36 14 21 19 54 -19 -20 52 35 -23 23 51 -26 26 27 28 -30 -31 -32 32 -34 -35 43 -37 53 -39 39 -41 -42 -43 -44 -45 45 -47 47 48 -50 -51 -52 -53 -54 -55 -56 -57 -58 -59 61 -61 -62 -63
leaf_value=0.0098800158272832964 0.00065275665094578956 0.0010773387924855489 0.0002331739522897317 0.00033393281768462525 -0.00041252056754173885 -0.00049143287417420197 -0.001458675113766192 -0.0016850332325778845 -0.00044349717334179594 -0.0058952442704740234 -0.0069476070805317537 -0.0013953472285925664 0.0011993312750550726 -0.0017742787641452824 0.0006474544045483641 -0.00030710459153174301 0.0038612809600380264 0.0033496592346957915 0.0032881063367318666 0.0030021802265923804 0.0059825210902966245 0.0063617220654260016 9.1422758429406009e-05 -0.00046037527647429881 -0.0025619423642618388 -0.0075024034083086798 0.00056970984053556113 0.0036680524023809365 -0.0020490157434251786 -0.0017557630339988797 0.00335006267010763 -0.0016411198983923043 0.0023930134945044338 -0.0017434573509096899 -0.0046249186861062738 0.00022343799638748776 -5.8744230921232621e-05 0.0021979515087474019 0.0047138971383992303 0.0054915971978051689 0.00032663222144185187 -0.0012808824213446806 0.0021704149063461265 -0.0013739258670655227 -0.00093059715738538394 0.0025884294761324058 0.0049321342783587453 0.0010819667559908862 -0.00043032874588655565 0.0054433373637086538 -0.0083607658695771577 0.0032571343773765728 -0.00050247562814367634 -0.0034016306711247379 -0.0021591773769763967 0.001572209290817312 0.00095813685147865207 -0.0039410314768425414 -0.00026443721523065385 0.0016572105816136083 1.8538243302915888e-05 -0.002815616538156979
leaf_weight=457 287 1591 84 648 969 2998 484 66 112 75 51 201 364 230 1455 746 599 863 74 73 129 77 206 541 53 121 1117 83 686 487 208 510 44 79 287 519 1965 374 276 221 300 1432 263 1205 500 63 46 1003 548 43 93 42 45 260 51 1298 158 833 1209 368 1885 641
leaf_count=457 287 1591 84 648 969 2998 484 66 112 75 51 201 364 230 1455 746 599 863 74 73 129 77 206 541 53 121 1117 83 686 487 208 510 44 79 287 519 1965 374 276 221 300 1432 263 1205 500 63 46 1003 548 43 93 42 45 260 51 1298 158 833 1209 368 1885 641
internal_value=-3.2113e-05 0.00177209 -0.00138688 0.000674607 -0.00342432 -0.000626746 0.00406656 -0.000517751 0.00139064 -0.00201519 -0.00185431 -3.06488e-05 0.00107877 0.00327266 0.00153148 -0.00119714 0.0034375 0.00169234 0.00333223 -0.000870572 -0.00070922 0.00262476 0.00266736 0.000659283 -0.000704225 -0.000884796 -0.00152305 -0.000263574 -0.00317308 -0.00533118 0.00490909 -0.00631188 -0.00504505 0.000309066 -0.00247775 0.00227618 -0.00133654 0.00657084 0.00612903 0.00786341 0.00545927 -0.00133208 0.000648824 -0.0045211 0.00249203 0.00117457 0.000822212 0.00198686 0.00153028 -0.00380349 -0.00488754 -0.00201199 0.0092437 -0.00210018 0.00530883 0.00567703 0.00493151 -0.00770697 -0.00111856 -9.16667e-05 -0.00094035 -0.00278228
internal_weight=32696 14022 18674 9486 5073 13601 4536 5735 2362 855 3373 10603 5435 2846 1762 5168 4079 2131 1507 4967 1268 1532 1433 947 780 2768 2494 1886 769 608 274 605 554 727 4156 648 2589 486 1084 797 576 2664 1232 1492 3751 2160 2097 1597 1551 620 577 583 118 2225 1948 1897 364 917 4849 2999 2631 1850
internal_count=32696 14022 18674 9486 5073 13601 4536 5735 2362 855 3373 10603 5435 2846 1762 5168 4079 2131 1507 4967 1268 1532 1433 947 780 2768 2494 1886 769 608 274 605 554 727 4156 648 2589 486 1084 797 576 2664 1232 1492 3751 2160 2097 1597 1551 620 577 583 118 2225 1948 1897 364 917 4849 2999 2631 1850
cat_boundaries=0 1 2 3 4 5 6 7 8 9 10 11 12
cat_threshold=2356 47 2866 7714 2050 3904 1163 192 6784 796 1136 129
is_linear=0
shrinkage=0.05


Tree=29
num_leaves=63
num_cat=5
split_feature=1 0 17 10 12 35 25 41 7 10 25 29 9 25 25 33 13 1 7 21 25 13 27 26 7 23 13 31 42 13 5 9 33 8 21 15 0 16 19 33 12 41 41 33 26 41 23 6 40 9 41 18 12 10 7 19 12 35 35 13 0 10
split_gain=25.2092 11.8928 8.92997 7.32029 6.31075 6.5892 5.91646 6.77227 5.98344 5.86064 5.39072 5.20829 5.14037 4.93623 4.86944 5.16325 4.78858 4.38638 4.34378 8.19268 6.41373 4.61836 4.54377 5.16165 4.349 4.54868 4.33832 4.25891 4.19474 3.85861 3.7961 3.75118 3.71062 3.53217 4.1083 3.86558 3.52176 4.353 3.75251 3.5193 3.50834 3.44956 4.86816 4.24124 3.44479 3.48097 3.4056 3.35398 3.35234 3.46877 3.34284 3.27296 3.18689 3.49225 3.16819 3.15358 3.14404 3.13871 3.29674 3.12306 3.13749 3.10673
threshold=-0.10536051565782543 0.18805223150293895 0.39769700658356139 -0.21867292318199502 45.500000000000007 0.60531846381492826 0 1999.8800204918036 8.4398466973486794 0.13186297537162875 1 1.0000000180025095e-35 0.38263898409284164 2 3 26.050000000000004 0.53333364444402975 0.86206008520611788 8.2730406286809401 9456.2500000000018 4 0.48583960155829403 25.500000000000004 24.500000000000004 9.1856984769641077 -0.054067221270275682 0.75546191683403385 327.60000000000008 0.96899038461538478 0.48257255872630939 6.5834293167733948 0.056271469400063188 36.76428571428572 0.44054331623321369 5705.0000000000009 0.5780313023414797 -0.066812697038790322 -0.81093021621632844 0.097523466089768016 27.478571428571435 74.500000000000014 8.2269383135257517 6.0836021505376356 37.635714285714293 11.500000000000002 2.0025862068965519 -0.10536051565782627 7.1972791337733719 1.5000000000000002 0.26789989027417777 3.1053588516746413 1.1126994521253584 20.500000000000004 0.071310325441065206 9.077505566663854 0.035570831372639646 15.500000000000002 0.061138910738959953 5.9192299231574866e-09 0.98077017381838172 0.12136214732851293 -0.02856357020343658
decision_type=2 2 2 2 2 2 1 2 2 2 1 2 8 1 1 2 2 2 2 10 1 2 2 2 2 10 2 2 2 2 2 10 2 10 8 2 2 2 2 2 2 2 2 2 2 2 10 2 2 8 2 8 2 2 2 2 2 2 2 2 2 2
left_child=3 2 4 14 5 6 8 41 29 12 40 18 50 -13 46 -16 -11 -18 21 20 26 22 23 -6 25 -22 -20 30 -25 -2 -15 -4 -33 35 -35 -17 37 -12 -38 -10 51 42 44 61 -8 -46 -1 -47 -39 -50 -3 -5 -41 -54 -49 57 -45 58 -31 60 -32 -43
right_child=1 9 31 10 11 -7 7 -9 39 16 36 13 -14 27 15 33 17 -19 19 -21 24 -23 -24 28 -26 -27 -28 -29 -30 55 59 32 -34 34 -36 -37 38 48 -40 52 -42 43 -44 56 45 47 -48 54 49 -51 -52 -53 53 -55 -56 -57 -58 -59 -60 -61 -62 -63
leaf_value=0.005732049697705131 9.402762271634702e-05 -0.0037577896228026837 4.6053130613778901e-05 0.0026292322549698374 0.0012561447476870024 -0.0034089423220277793 0.0024332759774412451 -0.0016371889017282285 -0.0043298896243789044 -0.0041816054303638493 0.0031347931199021462 4.2692876993501898e-05 0.0023321644368001515 0.0023357139533069331 0.0061637529368266109 0.00071605967286351979 -0.0016441045721725467 -0.014849781907738058 -0.0031042516138776594 0.00035227846375605984 0.00078991857986605699 0.00025802166231609313 -0.00037339861514402138 0.00045420584430590547 -0.0021507520055754083 -0.002195140502392094 -0.00036806707123466945 0.0017710047921223632 -0.0017072485431957455 0.0018529974273993465 -0.0010469129504131311 -0.00090983244209829435 0.00024135520251433913 0.0028720792122105456 0.017270873916268015 -0.0016790660076218295 -8.426152274481396e-05 -0.00036395540880811985 -0.0014222137698996879 -0.0024671615938787967 -0.0002753012954973211 0.00061931479871011588 -0.0032520060159700395 3.8111797146803924e-05 0.00072584755382438572 0.0032673379046834479 0.0028884893029317614 -0.0033922766214192802 0.0016741521857694308 -0.0018114939043063416 -0.00048165392189587834 -9.0637936111615666e-05 0.0034137009179964783 -0.00050071638217098443 0.0022471246479519188 0.00014828115145043821 0.0032613309029572812 0.0040357327469628798 -0.00038517114412271427 -0.00025823898437395202 -0.005076489911565606 -4.4418942487007662e-05
leaf_weight=750 733 164 242 886 275 44 177 322 78 642 250 830 209 51 109 1168 1549 90 417 444 433 2680 999 252 66 211 221 91 133 1591 1309 3769 584 184 69 223 1438 1131 303 168 308 721 157 116 131 53 607 284 606 121 951 175 95 126 54 520 204 69 123 485 171 1150
leaf_count=750 733 164 242 886 275 44 177 322 78 642 250 830 209 51 109 1168 1549 90 417 444 433 2680 999 252 66 211 221 91 133 1591 1309 3769 584 184 69 223 1438 1131 303 168 308 721 157 116 131 53 607 284 606 121 951 175 95 126 54 520 204 69 123 485 171 1150
internal_value=-4.92111e-05 -0.000866239 -0.000402089 0.00232321 0.000156397 0.00129391 0.00141859 -8.13609e-05 0.00285287 -0.00351498 0.00117839 -0.000711214 -0.000867925 -0.00244214 0.00424301 0.00245181 -0.00505039 -0.0036128 0.000118232 -0.00195204 -0.00389177 0.000973502 -0.0010994 0.002118 -0.000554785 0.000697674 -0.00747304 -0.00371813 -0.00161917 0.00367139 -0.00421418 -0.00234443 -0.00268144 0.00176292 0.00718504 0.00077227 0.000213731 0.00158843 -0.00144948 -0.00240385 0.0038587 0.000647966 -0.00204201 0.00169936 -0.00025 -0.00229446 0.00648757 -0.00465561 0.000753093 0.00339973 -0.00221774 0.00524953 -0.000448718 0.00349099 -0.00648968 0.00467665 0.00700935 0.00567545 0.00524781 -0.00456511 -0.0057056 0.000787927
internal_weight=32512 24184 20579 8328 15984 6916 6872 3369 3503 3605 5218 9068 1324 2937 3110 1753 2281 1639 6131 1792 1348 4339 1659 660 710 644 638 2107 385 3036 2016 4595 4353 1644 253 1391 3849 2108 1741 467 1369 3047 856 2191 699 522 1357 391 1858 727 1115 1061 389 221 338 2303 320 1783 1714 1965 1480 1871
internal_count=32512 24184 20579 8328 15984 6916 6872 3369 3503 3605 5218 9068 1324 2937 3110 1753 2281 1639 6131 1792 1348 4339 1659 660 710 644 638 2107 385 3036 2016 4595 4353 1644 253 1391 3849 2108 1741 467 1369 3047 856 2191 699 522 1357 391 1858 727 1115 1061 389 221 338 2303 320 1783 1714 1965 1480 1871
cat_boundaries=0 1 2 3 4 5
cat_threshold=2866 304 2068 888 1129
is_linear=0
shrinkage=0.05


Tree=30
num_leaves=63
num_cat=6
split_feature=0 2 14 0 17 8 6 33 26 36 39 21 39 6 5 39 39 10 42 31 26 11 31 6 2 27 26 12 30 16 9 26 39 10 33 9 12 41 23 20 33 26 5 39 27 10 42 33 11 9 10 11 31 31 21 5 6 33 6 12 26 12
split_gain=25.5338 14.325 7.9099 7.08164 5.48226 5.14985 4.71639 4.65928 9.53418 10.5854 7.65773 6.53857 7.01467 11.1358 9.20226 7.23512 6.40034 5.85764 8.24807 5.71854 5.57425 5.68992 6.64036 6.03372 5.45487 5.36004 6.72656 6.43426 5.91356 4.97228 4.66365 4.55708 4.51564 4.32491 4.26917 5.59525 4.26638 4.22095 4.15926 4.11893 4.09378 4.0919 4.06323 4.10908 3.9894 3.91317 3.80708 3.78156 4.03731 4.59227 3.7494 5.66555 4.10492 3.74618 4.54605 3.55182 3.32218 3.27156 3.25567 3.29676 4.27604 3.24523
threshold=-0.057156502077167375 0.32487563298087802 0.067127119750190048 -0.59051534872101852 -1.0436906801161621 0.15381736292781192 6.8661347114009796 32.778571428571439 20.500000000000004 0.0049098479036692082 0 14600.000000000002 1 8.1706003947761712 7.1573395630985814 2 3 0.0031360396130444283 0.9652147610405325 8.5500000000000025 36.500000000000007 42.500000000000007 11.350000000000003 6.8311881550629456 0.068993317915722066 57.500000000000007 32.500000000000007 61.500000000000007 58.000000000000007 -0.60948863896768557 0.24620649502707376 48.500000000000007 4 -0.016728336041816668 28.950000000000006 0.067410426067411974 60.500000000000007 63.829930069930072 0.51082562376599072 0.28491262822305613 25.735714285714291 18.500000000000004 7.4310208446527186 5 4.5000000000000009 0.11441301968846541 0.68237250554323736 25.821428571428577 64.500000000000014 0.084389904237274119 -0.016728336041816668 87.500000000000014 2.0500000000000003 0.35000000000000009 864.58500000000015 8.9935830885333363 6.9705099009269835 26.278571428571436 8.7061490255127314 85.500000000000014 12.500000000000002 41.500000000000007
decision_type=2 2 2 2 2 10 2 2 2 2 1 10 1 2 2 1 1 2 2 2 2 2 2 2 2 2 2 2 2 2 10 2 1 2 2 8 2 2 10 10 2 2 2 1 2 2 2 2 2 8 2 2 2 2 10 2 2 2 2 2 2 2
left_child=2 7 3 39 -3 61 53 11 9 10 41 12 14 20 44 45 -10 18 -12 -16 25 22 36 -23 37 26 27 32 -28 -26 50 -32 -14 -24 -34 -36 -22 -21 58 -1 -31 -9 -5 -44 56 47 -8 -15 49 -49 -25 52 -52 -7 -55 -18 -2 -27 59 -19 -61 -6
right_child=1 4 -4 42 5 6 46 8 16 -11 17 -13 13 15 19 -17 55 38 -20 24 21 23 33 30 29 57 28 -29 -30 40 31 -33 34 -35 35 -37 -38 -39 -40 -41 -42 -43 43 -45 -46 -47 -48 48 -50 -51 51 -53 -54 54 -56 -57 -58 -59 -60 60 -62 -63
leaf_value=0.013002318322074952 0.0092846542595394956 -0.0071558417546883583 0.0001587270769810651 0.002256376076380301 0.0022465846541243717 -0.0096200110354667332 0.0017873592392331273 0.00059298105295567003 4.2338581293598461e-05 -0.0018001862909806877 0.00041639472380657484 0.00068790226058720665 0.0022927631102084007 -0.0035680053676604936 -0.0025150473303054699 -0.0019019626031772409 0.0028898911460490048 -0.0013322744218196665 -0.00094404910206849924 0.00017598120121956908 0.00040482385378503097 -0.00025259584375122366 0.0039303038414090262 0.0055141826029187387 -0.0041748122289148515 0.00088166926888297173 -0.0015393183052614266 0.00056552958125702802 0.0007333542468495089 -0.0031108228755199422 -0.002925904101026661 0.0045202267674096588 -0.00083533615606465415 9.1361428390144408e-06 0.0053389841878357224 -0.00024953000776961956 -0.0031405459014554639 -0.00072111527212175008 0.00054014666188572388 0.00039843968183271767 -0.0010119785904343774 -0.00040302618687590859 0.0014032993378167995 0.00013574382086588567 5.6364817983942892e-06 -0.001585562305684584 -0.0041150445117589252 -0.0019253713746516694 0.002913635315081241 0.00044297729345014661 -3.6678855689095532e-05 -0.00020296157149058661 0.0017873986400636849 -0.0016655244029989968 0.0076496212560507072 -0.00015988784136517962 4.7743793668139029e-05 -0.0010111882958508676 -0.0036151290783106487 0.0025257805640948867 -0.00057092866453231465 -0.0016538735921455131
leaf_weight=304 62 254 3939 1933 226 52 59 1262 547 248 1002 268 255 46 831 1691 688 1114 690 927 76 79 207 274 153 86 307 888 104 44 138 43 240 519 48 391 153 1076 282 82 713 224 1780 2001 1489 412 1314 84 226 553 90 97 509 111 83 67 48 761 204 42 54 256
leaf_count=304 62 254 3939 1933 226 52 59 1262 547 248 1002 268 255 46 831 1691 688 1114 690 927 76 79 207 274 153 86 307 888 104 44 138 43 240 519 48 391 153 1076 282 82 713 224 1780 2001 1489 412 1314 84 226 553 90 97 509 111 83 67 48 761 204 42 54 256
internal_value=0.000174275 -0.00075547 0.00227341 0.00340108 -0.0044461 -0.00360371 -0.0049537 -0.000327377 0.000785992 -0.000185438 0.000328205 -0.000842393 -0.000994787 -8.14431e-05 -0.00240474 -0.00250581 0.00460476 -0.000985584 0.00109273 -0.00376502 0.00130555 0.00323651 0.000339958 0.00548335 -0.00271963 -6.4914e-05 0.00121979 0.00252331 -0.00455097 -0.00592755 0.00640191 -0.000961538 -0.000374332 0.00268226 -0.0025 0.000397727 -0.00706522 -0.00125998 -0.00306423 0.00994832 -0.00425462 0.00330661 0.00295713 0.00200291 0.000765625 0.000281532 -0.00609534 0.00211538 0.00286458 0.000822884 0.00777549 0.00581062 0.007625 0.001417 0.00461538 0.00753916 0.00990991 -0.00344929 -0.00416961 -0.00317919 0.0056701 0.000931677
internal_weight=32706 22667 10039 6100 2355 2101 1619 20312 6424 5122 4874 13888 13620 8277 5343 3012 1302 3388 1692 3744 5265 2185 955 1230 2913 3080 2233 1822 411 910 1151 181 934 726 679 439 229 2003 1696 386 757 1486 5714 3781 1599 1321 1373 909 863 637 970 696 599 246 194 755 110 847 1414 1210 96 482
internal_count=32706 22667 10039 6100 2355 2101 1619 20312 6424 5122 4874 13888 13620 8277 5343 3012 1302 3388 1692 3744 5265 2185 955 1230 2913 3080 2233 1822 411 910 1151 181 934 726 679 439 229 2003 1696 386 757 1486 5714 3781 1599 1321 1373 909 863 637 970 696 599 246 194 755 110 847 1414 1210 96 482
cat_boundaries=0 1 2 3 4 5 6
cat_threshold=308 2373 40 5316 4608 557
is_linear=0
shrinkage=0.05


Tree=31
num_leaves=63
num_cat=6
split_feature=10 0 0 22 7 25 25 14 25 37 11 37 40 21 21 33 25 6 33 22 27 17 35 19 37 22 3 25 31 11 33 22 42 30 20 42 21 9 25 42 10 35 42 41 3 29 11 20 7 7 10 30 23 33 41 10 30 42 40 4 41 21
split_gain=20.6894 11.4006 11.3458 7.80405 7.75809 7.72234 7.60017 6.91512 6.30752 6.05851 6.28527 5.62878 6.04676 9.15955 5.57214 5.57175 5.54678 7.71761 5.48794 5.26808 5.10221 5.04623 5.00195 4.9626 5.64273 4.7047 5.7675 4.64099 4.44571 4.4277 5.16527 4.40567 4.32086 5.88874 4.23976 4.71597 4.23822 4.00338 3.97325 4.77347 4.43068 3.95792 3.88555 3.82716 3.79368 3.7521 3.7123 3.61966 3.95688 3.61516 3.54959 3.9191 3.47346 4.29749 3.43633 3.42676 3.42528 5.35898 5.98799 4.02259 3.83189 3.79605
threshold=-0.0085928405328625761 -0.26345614864496308 0.28768207245178129 -0.33840338039978812 7.1146858005522686 0 1 0.22164695543417604 2 72.500000000000014 54.500000000000007 22.500000000000004 2.5000000000000004 3993.7500000000005 1050.0950000000003 33.792857142857152 3 7.130921027046802 26.278571428571436 0.40551511060833112 54.500000000000007 -0.12624225149411059 0.66033599379996555 -0.049510512897138863 17.500000000000004 -0.50912641991298446 -0.11778303565638336 4 0.35000000000000009 40.500000000000007 36.164285714285718 -0.36206010293046398 0.95698427382053664 34.850000000000001 0.1536775145266038 0.93861852433281012 1050.0950000000003 0.093651057034347548 5 0.81083279115159412 -0.20889221610142703 0.2192585152657108 0.94494949494949509 159.67400553441718 0.091031090484288604 1.0000000180025095e-35 80.500000000000014 -0.095952346944597769 9.2847827722529939 7.3750990932950549 -0.77284778160610734 26.550000000000004 0.23640471711330815 28.192857142857147 2134.2459077380959 0.25660313146025621 64.500000000000014 0.864635822262941 1.5000000000000002 0.032789822822990818 3.032492668621702 13025.000000000002
decision_type=2 2 2 8 2 1 1 2 1 10 2 8 2 10 8 2 1 2 2 10 2 2 2 2 8 10 2 1 2 2 2 10 2 2 10 2 10 10 1 2 2 2 2 2 2 2 2 10 2 2 2 2 8 2 2 2 2 2 2 2 2 10
left_child=1 31 3 5 8 -2 23 28 29 10 11 41 13 16 -14 19 18 -18 -13 56 -10 43 25 -3 -25 26 -12 -15 -4 30 52 50 -26 49 35 -7 -27 46 42 -40 -41 -8 -16 -19 -20 -38 -22 -17 -49 -34 -1 -52 53 -5 -51 -54 61 -58 60 -60 -59 -6
right_child=2 6 7 4 15 34 9 -9 20 -11 22 12 14 27 38 47 17 21 44 -21 37 -23 -24 24 32 36 -28 -29 -30 -31 -32 -33 33 -35 -36 -37 45 -39 39 40 -42 -43 -44 -45 -46 -47 -48 48 -50 54 51 -53 55 -55 -56 -57 57 58 59 -61 -62 -63
leaf_value=0.020187455215441213 -0.00025424785894426243 0.001711513601774407 -0.009335539751562932 0.0073742175202985124 -0.00052170289795350341 0.00057403256693112914 -0.0047197790888673999 -0.00084941250450842193 0.0014959494319625646 -0.0038906091384843552 0.0031324465895518406 0.0051063268485343188 -0.0015157401350194206 -0.00146324130036888 0.0003894285658313118 -0.0012038339980514538 0.0046591550635342255 0.0029209469237805891 -0.0020264683625436006 -0.0024497772421859334 0.00045163902948996531 -0.00074860461390468917 -0.0036325262113697091 -0.0026689641492903498 0.0010991550951407361 0.001617773530945723 0.00012463293088604829 -0.0057064397679345708 -0.0035452684269293901 -0.00033722158543783007 0.0034780442564588242 0.001342326606166894 0.00034181051872941566 0.0016832900274678598 -0.0034633386890261623 0.0033769854011989073 0.00039455066867229404 -0.00060403683296887103 -0.00086897821288644053 0.0075511061151769159 0.0006358998643798085 -0.00023600464215537895 -0.0014683440165656264 -0.0027753402777410158 0.0046494043824542534 -0.00085257590396030066 0.00077976560782786321 0.00012664526220770075 -0.0040643758727055539 -0.0011246464744787304 0.0032240201850290669 0.0071403518457615472 -1.6985779274174494e-05 -5.7679056899089325e-06 -0.009045043727234553 -0.0041534945694097058 -0.001201171862042048 -0.002713143035613859 -0.0021235259316595956 2.2775512290537185e-05 0.0026438133714174112 0.00035506242092210003
leaf_weight=129 697 1147 179 60 6502 461 57 709 932 63 765 66 65 233 303 167 254 251 1080 648 85 1047 50 61 1644 467 620 210 995 1013 108 662 368 312 61 597 833 410 81 119 917 47 205 61 57 803 41 2425 53 416 954 307 213 116 47 51 157 45 122 452 475 278
leaf_count=129 697 1147 179 60 6502 461 57 709 932 63 765 66 65 233 303 167 254 251 1080 648 85 1047 50 61 1644 467 620 210 995 1013 108 662 368 312 61 597 833 410 81 119 917 47 205 61 57 803 41 2425 53 416 954 307 213 116 47 51 157 45 122 452 475 278
internal_value=9.54082e-05 0.00148789 -0.00103861 -0.000610699 -0.00100146 0.00247661 0.000926877 -0.00471072 0.00124587 9.23254e-05 0.000206588 -0.00092501 -0.000681818 -0.00194018 0.00174453 -0.00160265 -0.000887469 0.0010314 -0.00343904 -0.00221486 0.0035835 -0.000459559 0.00182255 0.00272716 0.0016146 0.0020493 0.00431097 -0.00861486 -0.00706383 -0.000970102 0.00264117 0.00494398 0.00194584 -0.00041521 0.00502212 0.00580737 0.00055846 -0.00027933 0.00232165 0.0039672 0.00491803 -0.012381 -0.00134875 0.00511182 -0.00428383 -0.000641417 0.00748031 0.000406274 0.000887455 -0.00261418 0.00654206 0.00572504 0.000226757 0.00564972 -0.00554957 -0.00339623 -0.00186442 0.000539137 0.00178082 -0.00173913 0.00566219 -0.00230792
internal_weight=32753 14701 18052 16169 14353 1816 12649 1883 3029 8654 8591 5053 4949 3259 1690 11324 2816 1613 1203 8679 1468 1359 3538 3995 2848 3488 1385 443 1174 1561 548 2052 2787 1143 1119 1058 2103 536 1625 1117 1036 104 508 312 1137 1636 126 2645 2478 831 1390 1261 440 176 463 264 8031 1251 1094 574 520 6780
internal_count=32753 14701 18052 16169 14353 1816 12649 1883 3029 8654 8591 5053 4949 3259 1690 11324 2816 1613 1203 8679 1468 1359 3538 3995 2848 3488 1385 443 1174 1561 548 2052 2787 1143 1119 1058 2103 536 1625 1117 1036 104 508 312 1137 1636 126 2645 2478 831 1390 1261 440 176 463 264 8031 1251 1094 574 520 6780
cat_boundaries=0 1 2 3 4 5 6
cat_threshold=1180 788 469 1160 43 2051
is_linear=0
shrinkage=0.05


Tree=32
num_leaves=63
num_cat=9
split_feature=1 1 19 0 30 11 14 39 6 36 39 42 33 13 15 39 19 26 22 21 31 22 39 22 27 0 17 39 22 0 17 30 39 11 31 22 22 31 23 14 27 42 19 15 41 4 21 31 23 18 20 20 26 24 39 31 0 6 26 20 22 39
split_gain=21.1259 13.6017 8.33099 7.61818 6.70736 6.36651 6.20808 5.32128 5.16365 5.11867 4.94143 6.40059 4.87225 4.78566 5.09349 4.73646 4.67873 4.17055 4.07807 4.16748 4.06862 6.25966 3.9112 4.6469 5.65037 3.90579 4.45961 3.90442 3.73541 3.94368 3.50964 3.4532 3.77806 3.39511 3.53395 3.39237 4.00615 3.29539 3.25928 3.24935 3.25445 3.87377 3.17549 3.03386 2.97931 2.96157 2.94968 2.93462 2.93049 2.872 2.84709 2.76913 3.64398 2.76695 2.7184 3.21433 2.69315 2.66772 4.14176 2.96774 2.63398 2.61506
threshold=0.12136085700426726 -0.31838557872968826 0.0030733308872152223 0.4473386277268086 100.80000000000003 53.500000000000007 0.62381997271817602 0 7.4089672635647448 1.7361759986195575 1 0.8442887931034484 38.750000000000007 1.2727274276861267 -2.1377985859135751 2 -0.00099184400383556053 30.500000000000004 0.51442198529938754 3993.7500000000005 1.0000000180025095e-35 -0.31921093653369997 3 -0.38296952446683391 32.500000000000007 -0.11778364541285356 1.2032970027564225 4 -0.83921699195796584 -0.63932534042946088 -0.39841174422099956 0.15000000000000005 5 30.500000000000004 293.55000000000001 0.91717249359571107 0.30372100148876796 218.95000000000002 1.4800561065603051 -0.3265465357032728 58.500000000000007 0.91820006691201084 -0.019635451225059459 1.0000000180025095e-35 9.8211263881544166 0.25131514256713056 1050.0950000000003 2.350000000000001 -0.53062825106217038 -0.055370526908610058 0.17901714434406044 -0.068113474504967006 9.5000000000000018 6 7 2.0500000000000003 -0.21582225322982215 7.673331494934982 36.500000000000007 -0.017330742412320101 -0.11574504440603484 8
decision_type=2 2 2 2 2 2 2 1 2 2 1 2 2 2 2 1 2 2 10 8 2 10 1 10 2 2 2 1 10 2 2 2 1 2 2 10 10 2 8 2 2 2 2 2 2 2 10 2 8 10 10 10 2 1 1 2 2 2 2 10 8 1
left_child=1 15 5 4 8 18 -5 -6 13 12 20 16 25 14 -2 37 -12 -9 19 38 -7 50 43 51 30 26 48 57 29 -17 -25 32 -14 46 -35 36 61 -1 53 60 41 49 -39 -21 -34 -32 -16 -23 -4 -41 -22 -24 -53 -3 -45 -56 -54 58 59 -10 -13 -27
right_child=3 2 9 6 7 10 -8 17 27 -11 11 39 31 -15 33 28 -18 -19 -20 22 21 47 23 24 -26 35 -28 -29 -30 -31 45 -33 44 34 -36 -37 -38 42 -40 40 -42 -43 -44 54 -46 -47 -48 -49 -50 -51 -52 52 56 -55 55 -57 -58 -59 -60 -61 -62 -63
leaf_value=0.0014416385544255353 -0.0042738538163586111 0.0010730121912921995 0.0028072094455416858 -0.0066161462855271504 0.0058972940108253033 -0.00024571511360614308 0.00037849580437304551 -0.0033841697432449333 -0.0063191446976620649 -0.0053211755789911571 -0.00026920429016836573 0.0014221999366993837 -0.00017246496336660035 0.0029996543563211731 -0.00048924260273957253 0.021193612228754488 0.0019038300498617506 0.0017129894961950118 -0.001289616471991337 0.00026342303480171445 0.0032467464234673367 0.0021438712838908864 -0.0030675095298160681 -0.0033634104057651093 -0.0053725153815127567 -0.0011865868051321154 -0.0026863462299236331 -0.0019281220781293532 0.0024809945902933349 0.0051494518052981149 0.0033016772709580501 0.0027168912173167119 -0.0010219361331056294 -0.00067788444233906383 0.0043108252522677205 0.0015410041967669301 -0.001261939489237412 0.00663971355041066 -0.0024635021358028141 0.001287367016240234 -3.3456491999380912e-05 0.0010528794571714026 -0.0043279310729525261 0.00053161062803543297 0.0027908075871244109 -0.0020157386460672791 0.0021933887086806308 0.00024319307139501861 0.00053729256049345577 -0.00029490221943444554 -0.0034255194688372599 0.0030820306616970751 0.0039572174002947208 0.00021150752378941846 -0.003638611716465812 -0.00035628160990866043 -0.00015491298019724561 -0.0011622335538831383 0.0048557136675979242 0.00046399610056247349 -0.00022525126380063204 -3.6127402928573354e-05
leaf_weight=671 100 1100 168 513 126 289 187 108 53 43 358 166 257 250 293 127 71 113 276 1779 936 243 197 40 158 2000 134 1967 908 594 54 159 50 1383 51 74 724 45 95 101 398 914 72 118 126 48 357 781 1481 164 40 80 53 1663 141 498 488 2124 105 189 495 5325
leaf_count=671 100 1100 168 513 126 289 187 108 53 43 358 166 257 250 293 127 71 113 276 1779 936 243 197 40 158 2000 134 1967 908 594 54 159 50 1383 51 74 724 45 95 101 398 914 72 118 126 48 357 781 1481 164 40 80 53 1663 141 498 488 2124 105 189 495 5325
internal_value=9.11961e-05 0.000811642 0.000425155 -0.00215593 -0.00167244 0.001341 -0.00713267 0.00510057 -0.00201513 -0.000595238 0.00270325 0.00122293 -0.000523859 -0.000164271 -0.000915332 0.00437345 -0.00436047 0.000107759 0.000346148 0.000598802 0.00440217 0.00522239 -0.000519836 -0.00296723 -0.00830565 -0.000787322 0.00133128 -0.00302996 0.00589939 0.00862188 -0.00104895 0.00387858 0.0015553 -0.000383693 -0.00174216 -0.00125246 -0.00135093 0.00112641 0.00202868 0.00230013 0.00353295 0.00485169 -0.0065678 0.000569297 0.00695187 0.0038835 0.00261137 0.0024878 0.00204545 -0.000469925 0.00808598 -0.00103785 0.000602894 0.00234262 -0.00207784 -0.00334615 -0.000876384 -0.00168211 0.00237069 -0.00123457 -0.000641994 -0.000999863
internal_weight=32621 24702 22285 7919 7219 11744 700 347 6872 10541 4956 2667 10498 2434 2184 2417 429 221 6788 6512 2289 2000 3654 1118 300 9906 1783 4438 1629 721 142 592 433 2084 1434 8123 8049 788 2858 2238 1577 1179 117 2536 176 102 650 1024 1649 265 976 818 621 2763 757 639 541 2471 347 242 661 7325
internal_count=32621 24702 22285 7919 7219 11744 700 347 6872 10541 4956 2667 10498 2434 2184 2417 429 221 6788 6512 2289 2000 3654 1118 300 9906 1783 4438 1629 721 142 592 433 2084 1434 8123 8049 788 2858 2238 1577 1179 117 2536 176 102 650 1024 1649 265 976 818 621 2763 757 639 541 2471 347 242 661 7325
cat_boundaries=0 1 2 3 4 5 6 7 8 9
cat_threshold=5120 7720 2736 3103 1649 5255 20 20 5440
is_linear=0
shrinkage=0.05


Tree=33
num_leaves=63
num_cat=15
split_feature=2 1 22 1 25 38 17 17 39 7 25 21 37 25 39 25 41 10 39 10 13 39 25 22 2 22 40 13 17 11 26 6 17 7 42 9 22 26 4 39 14 22 26 7 30 39 1 25 25 4 6 39 13 10 41 13 44 6 11 20 18 0
split_gain=25.0734 13.5744 9.57248 9.02773 7.31996 7.21034 5.63912 5.30936 6.94408 5.57084 5.39751 5.14636 4.99661 4.78904 4.70556 9.81396 5.06188 4.70349 4.60868 4.46376 4.27941 4.21396 4.03536 5.12502 4.03397 3.94483 3.9979 3.82542 3.89973 4.25981 3.7941 4.43392 3.78988 3.70681 4.08765 3.90267 3.55047 3.65009 3.54665 3.90716 3.47965 3.47661 3.45366 3.42623 3.41669 8.80842 4.3714 3.98814 3.38635 3.57895 3.32834 3.87075 3.29409 3.22232 4.20678 3.18764 3.18295 3.18062 3.15257 4.70949 3.35268 3.13642
threshold=-0.075508007053393097 0.43837994655876017 -0.039891272868526111 -0.24946150898181149 0 1 0.97621166414477234 0.27597133515443201 2 7.8689779826927007 3 1000.6250000000001 58.500000000000007 4 5 6 3.49837387625595 0.54000608367570913 7 0.12701112794457939 0.64952944752841668 8 9 0.19237064264589354 -0.28531455755670304 0.57982041832616715 1.5000000000000002 0.99999812500234386 0.52365031561031039 66.500000000000014 25.500000000000004 6.9480054561456335 -0.25764066036614974 8.5381607102038668 0.96899038461538478 0.17591727591853348 -0.53137151115634285 38.500000000000007 -0.62860865942237376 10 0.68213102644299106 -0.83921699195796584 21.500000000000004 9.392716996637434 75.000000000000014 11 0.19212841201258393 12 13 0.014331294759023729 6.6184920549402504 14 1.0511039638050559 0.11202070772637464 60.507812500000007 0.41835034013605449 1.0000000180025095e-35 7.8917792736907311 6.5000000000000009 0.059553466529703836 -0.76550523479677457 -0.10140317019790233
decision_type=2 2 8 2 1 1 2 2 1 2 1 8 10 1 1 1 2 2 1 2 2 1 1 10 2 10 2 2 2 2 2 2 2 2 2 10 10 2 2 1 2 8 2 2 2 1 2 1 1 2 2 1 2 2 2 2 2 2 2 10 10 2
left_child=3 2 6 4 24 27 12 9 11 22 18 -9 13 43 48 50 -17 -3 19 -11 -13 33 -5 -24 40 26 52 44 29 -29 32 -32 -18 34 35 -15 -37 -38 -12 -40 -1 -6 -31 -2 46 -46 -4 -48 49 -7 -16 61 -19 54 -23 -51 -44 -22 59 60 -55 -52
right_child=1 17 5 7 41 14 -8 8 -10 10 38 20 -14 21 15 16 30 25 -20 -21 57 53 23 -25 -26 -27 -28 28 -30 42 31 -33 -34 -35 -36 36 37 -39 39 -41 -42 -43 56 -45 45 -47 47 -49 -50 55 51 -53 -54 58 -56 -57 -58 -59 -60 -61 -62 -63
leaf_value=0.0036329102471802199 -0.00028397743028987858 -0.0027277749881763273 -4.9987673546186179e-05 0.0026992744547382746 0.0098258927866211737 0.00062667222506959262 -0.0017854315471987729 0.0022047255778552756 0.0003305677121226758 0.0022650808996676304 -0.0071401892222877558 -0.0030308332674681801 0.0031628376662728511 0.0027039251932120031 0.0031327257513396435 -0.0052747204128902525 -0.0036330678267559122 -0.0057580647770395961 -2.548165339552556e-05 -0.0043927369868145645 -0.00020543149350322966 0.0011812098422253295 0.0012205319280352324 -0.0010280072978083084 -0.00081267663513477086 -0.020286462138214514 -0.022734632918650306 0.00027569489495805362 -0.0010223912678278301 0.00080374997348229931 0.0017422988637594056 -0.0032522724431564608 -0.00031142125988962294 -0.0035889871109651156 0.0032416278828840228 0.0042102324171908265 -0.0022003407599611876 0.0016877460015509507 0.0012588387003360586 -0.00086051724675508814 -0.0024376655869481189 0.0040428087416486402 0.0059349118600390029 0.0037698299942542563 -0.00023635232140161539 0.0026717812456906352 -0.00060778634449165615 -0.0033033946248410546 -0.00048231561540753188 -0.00029770391091006013 0.0050396056621259122 -0.0017228623963935149 0.0034016931059753668 -0.0016523310262870003 -1.9795557670989651e-05 0.00092780975234314257 0.0012432851331840064 -0.004492072219826 -0.0014564831675319061 -0.0045493745190606184 0.0017837695348931601 0.00014580030519845342
leaf_weight=598 2509 929 6192 448 183 241 324 228 1611 497 81 317 125 290 81 317 237 138 661 48 494 852 1934 302 437 87 61 756 283 204 67 803 663 51 674 111 276 134 276 978 101 1190 135 48 268 297 449 470 746 311 63 556 61 45 1032 132 87 179 542 59 205 337
leaf_count=598 2509 929 6192 448 183 241 324 228 1611 497 81 317 125 290 81 317 237 138 661 48 494 852 1934 302 437 87 61 756 283 204 67 803 663 51 674 111 276 134 276 978 101 1190 135 48 268 297 449 470 746 311 63 556 61 45 1032 132 87 179 542 59 205 337
internal_value=-7.23821e-05 -0.00102477 -0.000719973 0.00193345 0.00455179 -0.00149861 0.000745397 0.00111732 -0.000627208 0.00206181 0.000383556 -0.0034581 0.00104616 0.000863963 -0.00312158 -0.00421053 -0.00618446 -0.00602976 0.00279376 0.00616007 -0.00504541 0.0018858 0.00364991 0.00273698 0.00152572 -0.0109914 -0.00785441 -0.000685642 0.00165416 0.00291631 -0.00516657 -0.00752009 -0.00288568 0.00397544 0.00445828 0.00206281 -0.00052682 -0.0026764 -0.00180163 -0.00115538 0.00389286 0.00699061 0.00690867 -0.000846963 -0.00113326 0.00260601 -0.00143068 -0.00464674 -0.000728661 0.00179856 -0.000214695 -0.00104493 -0.004375 0.00070102 0.00185676 -0.000844595 0.0112108 -0.0027819 -0.00184859 0.00217742 0.00517928 0.0026764
internal_weight=32811 22248 20972 10563 2509 13695 7277 8054 2829 5225 2541 1218 6953 6828 4554 3124 2087 1276 1206 545 990 4271 2684 2236 1136 347 260 9141 1465 1182 1770 870 900 1536 1485 811 521 410 1335 1254 699 1373 426 2557 7676 565 7111 919 1430 684 1037 956 199 2735 1884 443 222 673 851 309 250 400
internal_count=32811 22248 20972 10563 2509 13695 7277 8054 2829 5225 2541 1218 6953 6828 4554 3124 2087 1276 1206 545 990 4271 2684 2236 1136 347 260 9141 1465 1182 1770 870 900 1536 1485 811 521 410 1335 1254 699 1373 426 2557 7676 565 7111 919 1430 684 1037 956 199 2735 1884 443 222 673 851 309 250 400
cat_boundaries=0 1 2 3 4 5 6 7 8 9 10 11 12 13 14 15
cat_threshold=1163 3 3488 3349 1165 181 2321 4122 3584 48 35 2261 3155 1738 1792
is_linear=0
shrinkage=0.05


Tree=34
num_leaves=63
num_cat=11
split_feature=0 22 31 22 30 39 25 39 35 9 2 22 10 39 5 7 0 35 25 5 19 39 7 10 25 30 2 37 39 42 35 7 41 39 13 25 10 1 22 9 12 37 31 18 31 30 20 27 1 2 15 19 35 27 12 20 9 18 18 7 31 39
split_gain=22.1642 13.3677 8.891 6.62851 6.15302 10.7568 5.98521 7.21932 8.26696 10.3921 6.93613 5.97998 5.76187 5.52052 6.13733 5.33015 7.33902 5.54019 5.90672 5.09692 4.88953 5.38994 4.86714 4.81724 4.64848 4.53318 4.5056 4.50167 4.35439 4.30523 4.16756 4.02747 3.92989 3.78394 3.76338 3.71256 3.65789 3.67915 3.56996 4.93493 3.82915 3.55817 3.55657 4.22977 3.86916 4.12132 3.51502 3.45986 3.53596 3.43248 3.35827 3.28302 3.27707 4.00017 3.91119 3.27235 3.21042 4.32749 3.19152 3.18649 3.16158 3.1247
threshold=0.031748698314580277 -0.42871697973730688 0.65000000000000024 0.31132436416093162 47.850000000000009 0 1 2 0.0016659109336621639 0.11023407165475919 -0.035717628056831423 0.020697217582458727 0.57076451452902399 3 7.8976903015464552 6.7817245069548102 0.70541757802971594 0.011597479105874706 4 8.6146459317517738 1.0000000180025095e-35 5 8.2272248585775483 -0.011939338877344328 6 30.450000000000006 -0.18923492899134106 30.500000000000004 7 0.65545505935556825 3.5901944302834707e-09 7.0928204903868446 3.5561111111111114 8 0.44000011199995531 9 -0.19516397892504053 -0.20429937655502692 -0.18922229481675593 0.17787736895330711 67.500000000000014 58.500000000000007 1.0000000180025095e-35 -0.61060820010355077 134.84999999999999 1.8500000000000003 0.05401587325362376 6.5000000000000009 -1.0000000180025095e-35 0.50214333918197573 0.087622683188370867 0.18010493939196012 0.40897895918007493 6.5000000000000009 37.500000000000007 0.083638336569361524 0.19190306469275212 -0.50377112883578257 0.55490731512137736 7.5514529295572146 253.95000000000002 10
decision_type=2 8 2 10 2 1 1 1 2 8 2 10 2 1 2 2 2 2 1 2 2 1 2 2 1 2 2 10 1 2 2 2 2 1 2 1 2 2 8 10 2 8 2 10 2 2 10 2 2 2 2 2 2 2 2 10 10 8 8 2 2 1
left_child=1 2 26 4 15 32 20 11 9 42 36 19 33 22 -15 16 30 18 41 -8 23 -22 24 28 -4 47 -1 -19 55 -25 -2 -13 -6 60 -33 -12 -11 -38 59 -40 -41 -17 43 -9 45 46 -44 48 50 -31 -23 -37 53 -10 -55 -3 57 -24 -39 -20 -5 -61
right_child=3 6 13 12 5 -7 7 8 52 10 35 31 -14 14 -16 17 -18 27 38 -21 21 25 56 29 -26 -27 -28 -29 -30 49 -32 34 -34 -35 -36 51 37 58 39 40 -42 -43 44 -45 -46 -47 -48 -49 -50 -51 -52 -53 -54 54 -56 -57 -58 -59 -60 61 -62 -63
leaf_value=0.0029227827520594621 0.0020019478630384949 -0.00020568077501371173 -0.0023664571998200956 0.00030152026130549487 -6.7042746171043952e-05 -0.00036575580475286433 0.0012808510646269936 8.7073630590606734e-05 0.0078937763146374323 0.0030101717162892404 0.0004479522000231783 0.0010783946785647184 -0.010054675270914602 0.0064219022120023429 0.0016905384167359096 -0.0021287598283249126 -0.032110126681038208 -1.5636602069919399e-05 0.0020498908190070973 1.6537092321140163e-07 5.004672526555369e-05 -0.00072189496039082443 0.0050221028189625129 0.002228321183207249 0.0022290405475072004 -0.0001246353132521964 -0.0013869643640157022 0.0040676478313434973 0.0011452291012494975 -0.00011621526418345548 -0.0016729910470717553 -0.00062510158387214473 0.0038306252604058174 -0.0018120864218071128 0.00028157345570365631 -0.00029632261761419336 -0.001325933142749142 0.0019258551916342304 -0.00090557316513653347 -0.002101418452850363 -0.0053408900404193676 -0.00017147962566168781 -0.00015852623641975897 -0.0016925403239926495 -0.00066851845501188483 0.00014833899973675513 0.0021626585053602537 -0.0017283449178378916 -0.001972756256890485 -0.007082568149092321 0.0028952687821452282 -0.0037831338246887784 -0.00019906264838176542 0.0036456396050668829 8.7531827485327207e-05 0.0063450403218489925 0.004618127727354324 -0.00029752929054760479 -0.00013294887528998147 -0.0053482074282967147 -0.0050002291990528559 -0.00020418507993418304
leaf_weight=218 784 815 216 470 168 1148 2321 43 56 786 859 131 150 891 732 42 44 197 219 597 1124 65 61 61 166 972 330 109 1169 1559 64 381 490 994 464 1371 277 662 1660 944 479 3115 769 270 223 417 40 1365 82 72 78 111 84 121 114 68 106 93 448 151 40 609
leaf_count=218 784 815 216 470 168 1148 2321 43 56 786 859 131 150 891 732 42 44 197 219 597 1124 65 61 61 166 972 330 109 1169 1559 64 381 490 994 464 1371 277 662 1660 944 479 3115 769 270 223 417 40 1365 82 72 78 111 84 121 114 68 106 93 448 151 40 609
internal_value=6.6583e-05 0.00105104 0.00425551 -0.00165642 -0.00118104 0.00146652 0.000549344 0.00131442 0.000311468 -0.000119484 0.00115172 0.00302177 -0.00459215 0.00563769 0.00717564 -0.00174923 0.0019037 -0.00218243 -0.00246191 0.00416238 -0.000537562 -0.00183076 0.00160796 0.000734312 -0.00195822 -0.00308978 -0.00145719 0.00439739 0.0023624 -0.0012404 0.00294464 -0.00035824 0.00650224 -0.00365449 -0.0016253 -0.00073655 0.00318537 0.00163905 -0.00371962 -0.00456388 -0.00672402 -0.000828598 -0.00337493 -0.00820064 -0.00232759 -0.00122249 -0.00330247 -0.00474544 0.000995575 -0.001731 0.00572917 -0.0022438 0.0075133 0.0100171 0.00709746 -0.000307606 0.00689655 0.00225806 0.00292529 -0.00109694 -9.59693e-05 -0.00262812
internal_weight=32665 20788 2813 11877 10223 1806 17975 10545 6651 6276 4514 3894 1654 2265 1623 8417 892 7525 7219 2918 7430 3686 642 3744 382 2562 548 306 2052 1692 848 976 658 1504 845 2341 2173 1387 4062 3083 1423 3157 1762 313 1449 1226 809 1590 225 1631 143 1482 375 291 235 883 260 154 1110 979 510 760
internal_count=32665 20788 2813 11877 10223 1806 17975 10545 6651 6276 4514 3894 1654 2265 1623 8417 892 7525 7219 2918 7430 3686 642 3744 382 2562 548 306 2052 1692 848 976 658 1504 845 2341 2173 1387 4062 3083 1423 3157 1762 313 1449 1226 809 1590 225 1631 143 1482 375 291 235 883 260 154 1110 979 510 760
cat_boundaries=0 1 2 3 4 5 6 7 8 9 10 11
cat_threshold=5376 1473 1541 225 2356 4344 3016 3665 4273 48 1024
is_linear=0
shrinkage=0.05


Tree=35
num_leaves=63
num_cat=13
split_feature=2 1 1 16 39 7 0 25 2 39 39 25 33 23 37 4 7 30 37 27 30 2 27 39 20 25 23 16 14 25 39 2 13 37 5 17 13 39 30 30 26 16 4 11 9 39 41 9 20 23 12 6 17 39 1 17 5 1 9 13 25 13
split_gain=20.4495 10.4981 7.68855 6.43275 9.17822 6.49207 6.39224 5.69737 5.5558 5.35672 4.99452 5.75101 5.62458 4.88228 4.92209 4.67798 4.14535 4.38004 3.96642 3.7544 4.36266 3.74145 4.06729 3.65906 3.99212 3.64651 3.56095 3.50822 3.4694 3.4334 3.42889 3.35143 3.32458 3.30414 3.14386 3.34333 5.14037 4.34177 3.48593 3.22431 3.12566 3.10715 3.05927 2.99317 5.45041 4.38213 4.25173 3.7533 3.96215 3.55387 3.12061 2.9898 2.97862 2.9445 3.79702 2.93959 2.93732 2.88514 3.88292 3.45841 3.27801 2.85472
threshold=-0.020493096842133515 0.43837994655876017 -0.49643688631389121 0.058374985773246298 0 7.9667600759180521 0.018208729414014971 1 0.90629178862065063 2 3 4 36.692857142857157 -0.315352725374135 57.500000000000007 -0.21703286147068954 8.1605826951034022 1.0000000180025095e-35 54.500000000000007 7.5000000000000009 0.45000000000000007 -0.28768207245178118 43.500000000000007 5 -0.061143846711045446 6 -0.28768207245178079 -0.62626937802033622 -0.73642341430766189 7 8 -0.56029585150048511 1.1992507387220812 31.500000000000004 8.6293685974028751 -0.0018087350552138668 0.39741924741924745 9 0.65000000000000024 45.850000000000016 24.500000000000004 0.23483959107740096 0.47445900000432056 79.500000000000014 0.1800547677889594 10 85.100808189655183 0.18688466398103162 0.05182266920163895 -0.11778303565638361 84.500000000000014 7.8394386884520193 -0.0018087350552138668 11 0.024692612590371702 -0.1968682856359448 6.6420024002935572 0.19212841201258393 0.21761184556784716 1.3593844696969699 12 0.56417041208791208
decision_type=2 2 2 2 1 2 2 1 2 1 1 1 2 10 10 2 2 2 10 2 2 2 2 1 10 1 8 2 2 1 1 2 2 8 2 2 2 1 2 2 2 2 2 2 10 1 2 10 10 8 2 2 2 1 2 2 2 2 10 2 1 2
left_child=2 6 30 5 13 10 41 18 27 25 11 15 19 42 16 -4 17 56 23 -12 26 -11 -23 24 -8 -7 -21 -3 -9 53 52 -32 55 -14 35 36 51 38 -37 -38 -18 -2 57 44 45 -31 -46 49 -49 -45 -47 -30 -1 -6 -55 -27 -15 58 60 -60 -5 -22
right_child=1 8 3 4 29 9 7 28 -10 21 12 -13 33 14 -16 -17 40 -19 -20 20 61 22 -24 -25 -26 32 -28 -29 34 43 31 -33 -34 -35 -36 37 39 -39 -40 -41 -42 -43 -44 47 46 50 -48 48 -50 -51 -52 -53 -54 54 -56 -57 -58 -59 59 -61 -62 -63
leaf_value=0.004626870458819517 6.3981643327680498e-05 -0.0063986662200684503 0.0033259392699225552 -0.0016349295448378665 -0.00073868431750410187 -0.0038467559575701112 0.0025289541465845508 -0.0014161620036960113 -0.020415110488199575 0.0032881032533373686 0.0018602099368886073 0.0032187459198176438 -0.00051644533394140657 9.3737836642240459e-05 0.0028604561351801153 -0.0012481978469066719 -0.0014296604458863737 -0.00081202920961075836 0.0019147581884333945 0.00078924968816670581 -7.5815420738919878e-05 0.00052604345361898148 -0.00055290387129501854 -0.0019033119698108184 -0.0013155240171333973 0.00056085631438210594 -0.000957949039863671 -0.0014584202053863193 -7.8520161203151848e-05 -0.0022077293925058866 0.014529917587493408 0.0036330938146313693 0.0048078833031167129 0.0027691905774956081 -0.0010836600755909664 -0.0004463666041782026 0.00045087104969315328 -0.00062633081490576648 0.0015534448424588774 0.0032335928830701717 -0.0093220489535352329 -9.1413753959498499e-05 -0.0032419475980285787 -0.00050347660295815095 0.0016514682115875163 -0.00028211883543759094 -0.0017089935000959477 -0.0023763981137221099 0.0025859058057486348 0.0036025571240710466 0.0010117628877671142 -0.0052110645936066617 -0.0039003909822434533 0.0019732978558601511 -4.4155432475438834e-06 -0.0029394215791990149 -0.0032884514002405104 -0.0041486967380423628 0.0025736514299874872 0.0082684195144140001 0.00046269734007540792 0.0015621630676337294
leaf_weight=65 6359 244 153 265 208 273 58 743 123 418 519 949 48 58 46 240 51 792 71 183 439 1287 734 1125 490 165 735 828 223 439 304 401 42 322 873 373 1286 2329 385 323 81 2823 94 85 558 591 98 85 63 208 107 135 108 465 167 180 375 94 336 47 314 822
leaf_count=65 6359 244 153 265 208 273 58 743 123 418 519 949 48 58 46 240 51 792 71 183 439 1287 734 1125 490 165 735 828 223 439 304 401 42 322 873 373 1286 2329 385 323 81 2823 94 85 558 591 98 85 63 208 107 135 108 465 167 180 375 94 336 47 314 822
internal_value=0.000113546 -0.000964506 0.00155904 0.00125599 -2.22104e-05 0.00221372 -0.000656362 -0.00165181 -0.00549749 0.000459677 0.00344593 0.0059867 0.00230594 -0.00223284 -0.00422009 0.000804455 -0.00476804 -0.003854 -0.00418803 0.00151908 0.000607798 0.00154082 0.000655292 -0.0047043 -0.00125224 -0.00350224 -0.00201306 -0.00433364 -0.000980392 0.00181524 0.00608646 0.00757682 -0.00031407 0.00808625 -0.000577767 -9.8912e-05 0.00151169 -0.00112532 0.00214564 0.00271739 -0.0131579 0.000255908 0.000173762 0.00077951 -0.000125418 -0.0022188 0.00350076 0.00446833 -0.00201342 0.0077381 0.000282087 -0.00389972 -0.000407609 0.00452409 0.00622084 -0.00195087 -0.00789171 0.000946074 0.00176532 0.00566406 -0.000818966 0.00251585
internal_weight=32805 18791 14014 13136 5627 7509 17596 8414 1195 3099 4410 1342 3068 2553 1403 393 1357 1225 1744 2698 2179 2439 2021 1673 548 660 918 1072 6670 3074 878 705 387 370 5927 5054 1967 3087 758 1609 132 9182 1150 2234 1793 1137 656 441 148 293 698 358 173 840 632 345 433 1056 962 383 579 1261
internal_count=32805 18791 14014 13136 5627 7509 17596 8414 1195 3099 4410 1342 3068 2553 1403 393 1357 1225 1744 2698 2179 2439 2021 1673 548 660 918 1072 6670 3074 878 705 387 370 5927 5054 1967 3087 758 1609 132 9182 1150 2234 1793 1137 656 441 148 293 698 358 173 840 632 345 433 1056 962 383 579 1261
cat_boundaries=0 1 2 3 4 5 6 7 8 9 10 11 12 13
cat_threshold=3394 1153 3152 5760 648 2073 1922 1044 2098 1201 4225 544 2183
is_linear=0
shrinkage=0.05


Tree=36
num_leaves=63
num_cat=14
split_feature=1 22 21 39 3 39 39 22 30 22 42 39 25 31 30 1 25 15 7 19 14 16 0 16 25 39 26 7 26 39 25 6 42 17 2 6 35 7 25 8 31 44 3 19 31 42 7 42 39 22 8 25 8 23 25 3 4 23 21 6 42 30
split_gain=18.0806 10.0186 8.54598 7.31933 7.24066 6.75469 6.47666 8.36821 8.17707 6.4097 5.42065 5.19452 7.89047 7.60884 5.02868 4.95956 4.82968 4.77381 4.64466 4.20167 4.91012 4.04383 3.98949 3.89563 3.85965 6.11815 5.58521 4.94608 4.77643 4.5209 4.49669 4.43447 3.91953 3.67999 3.62604 3.59303 3.49472 5.05745 3.40745 3.56479 3.44175 3.3509 3.30566 3.29624 3.27815 3.27406 3.27228 3.20075 4.29634 4.03892 3.55338 3.20029 3.19603 3.32279 3.42023 3.15605 4.27497 3.48063 3.15525 3.10413 3.07243 3.0211
threshold=-0.11434536426495699 0.40551511060833112 3993.7500000000005 0 -0.69314718055994484 1 2 -0.0055238131221378032 30.450000000000006 -0.17688639959420357 0.96638418079096056 3 4 0.45000000000000007 1.4500000000000004 0.22314355131421018 5 -2.8574161554213924 7.1291216332933187 0.01243023507478532 -0.52835544864164052 -0.40546510810816427 0.10330278776528658 1.0000000180025095e-35 6 7 1.5000000000000002 8.3938428221030126 4.5000000000000009 8 9 6.9705099009269835 0.65039682539682553 0.12667972823737819 -0.027378219417396373 8.1796416641508873 1.0869510184226532e-11 7.1982017582533979 10 0.040831973278556095 134.84999999999999 0.29285714285714287 -0.087011376989629671 0.049510512897138932 0.15000000000000005 0.94782214156079869 7.699476493787575 0.92084377610693413 11 0.19644743604158629 0.044479221615436777 12 0.57451047271504441 0.69314718055994562 13 0.050471435954498663 0.29213820851863576 -1.0000000180025095e-35 2951.3150000000005 7.4682905009729401 0.77315608919382517 6.3500000000000014
decision_type=2 10 8 1 2 1 1 10 2 10 2 1 1 2 2 2 1 2 2 2 2 2 2 2 1 1 2 2 2 1 1 2 2 2 2 2 2 2 1 8 2 2 2 2 2 2 2 2 1 10 8 1 10 10 1 2 2 10 10 2 2 2
left_child=4 2 9 34 5 14 17 8 21 11 -10 12 -2 46 -1 24 -17 -6 44 20 22 -8 -11 -20 25 27 -27 45 -29 30 35 33 -28 -32 -3 -26 37 -21 -22 40 -40 55 -19 -37 -9 -4 -13 48 -34 -49 -50 -23 53 -31 61 56 57 -39 59 -38 -18 -55
right_child=1 3 15 -5 6 -7 7 18 10 19 -12 13 -14 -15 -16 16 60 42 23 36 38 51 -24 -25 29 26 32 28 -30 52 31 -33 47 -35 -36 43 58 41 39 -41 -42 -43 -44 -45 -46 -47 -48 49 50 -51 -52 -53 -54 54 -56 -57 -58 -59 -60 -61 -62 -63
leaf_value=0.0086576311445379205 0.0019854677231584792 0.0009594027040585693 -0.0019916261530392135 -0.0024806649390616965 0.0071378622980384351 0.010624562057537441 0.0017453913642840821 -0.0030914953738195887 0.0014759647526386057 3.0873546948590525e-05 0.0062770994838091711 -7.7828842566168027e-05 -0.0028109482159922191 0.0022713164618864685 -0.0030893231920707167 -0.00063084948896873015 0.00076994301149919953 0.0018083511312248321 -0.001432339824672128 0.00054946743887432977 -0.00012475184067860367 -0.0019502743772478134 -0.0022726520790069551 -0.0043705317410923259 0.00083801652380682302 -0.0023691662106337806 0.0030150555765842491 -0.00050216471693943082 -0.0075378250507796953 3.7090871556261026e-05 0.0057718598889376057 -0.0046397488963140455 -0.0010184194256755762 -0.0012502888524308299 -0.00058328106558993014 -0.003713584572184488 -0.0011272933776078884 0.00056313908106616543 1.8803279222711226e-06 0.00077242064269316931 -0.0029471501847000061 0.0014987124144556772 0.00041991140020117697 9.2823869870762026e-05 0.0013245335178188645 -0.00045113996253960307 -0.0030876284337940825 0.00013814487991382031 -5.0103729034129416e-05 -0.0031109317588105937 0.00093716949096035002 3.5210551951015075e-05 0.0034402161699761918 0.0017181317710795797 -0.0019856041001224214 -0.0016522252594905159 -0.0029536439874867245 -0.00058258921131967454 0.001920419590540546 -0.0035557200807519855 -0.0036906737526039208 -0.001762776644751253
leaf_weight=76 395 216 335 1092 49 327 481 40 358 572 245 248 490 1342 148 1189 100 2106 260 875 950 423 319 238 571 84 69 45 98 5934 53 400 357 66 593 144 227 531 109 2605 46 93 1625 40 229 556 40 843 49 51 137 1186 66 87 281 830 84 681 43 53 797 57
leaf_count=76 395 216 335 1092 49 327 481 40 358 572 245 248 490 1342 148 1189 100 2106 260 875 950 423 319 238 571 84 69 45 98 5934 53 400 357 66 593 144 227 531 109 2605 46 93 1625 40 229 556 40 843 49 51 137 1186 66 87 281 830 84 681 43 53 797 57
internal_value=3.2174e-05 -0.000626912 -0.000337794 -0.00411409 0.0021336 0.00765399 0.00171247 0.000144051 0.00145694 0.000709607 0.00658113 0.00291137 -0.000195313 0.00457038 0.000638298 -0.00122683 -0.00344993 0.00313901 -0.00445964 1.87056e-05 0.001005 -2.3912e-05 -0.00232623 -0.00731463 -0.000777315 -0.00242884 -0.000468457 -0.0054067 -0.0140625 -0.000210765 -0.00291829 -0.00646226 0.00023225 0.001875 -0.000457317 -0.000424282 -0.00130925 -0.000791599 0.00180544 0.00268856 -0.00464744 -0.00206081 0.00294078 -0.00648649 0.000833333 -0.0040639 -0.00276817 -0.00033032 -0.00335478 0.00150838 0.00279188 -0.00122671 0.000330174 0.000216195 -0.0040493 -0.00246827 -0.000925212 -0.00016488 -0.00625 -0.00818505 -0.00619493 0.00225806
internal_weight=32634 24843 22942 1901 7791 551 7240 3460 2693 10533 603 2515 885 1630 224 12409 2086 3780 767 8018 4601 2090 891 498 10323 2624 1590 1034 143 7699 1274 519 1506 119 809 755 3417 3094 3710 2760 155 2219 3731 184 269 891 288 1437 543 894 186 1609 6425 6359 425 2126 1296 1212 323 280 897 144
internal_count=32634 24843 22942 1901 7791 551 7240 3460 2693 10533 603 2515 885 1630 224 12409 2086 3780 767 8018 4601 2090 891 498 10323 2624 1590 1034 143 7699 1274 519 1506 119 809 755 3417 3094 3710 2760 155 2219 3731 184 269 891 288 1437 543 894 186 1609 6425 6359 425 2126 1296 1212 323 280 897 144
cat_boundaries=0 1 2 3 4 5 6 7 8 9 10 11 12 13 14
cat_threshold=753 2800 4765 928 2102 2424 1089 1798 6464 2356 138 2185 2178 2088
is_linear=0
shrinkage=0.05


Tree=37
num_leaves=63
num_cat=7
split_feature=0 2 39 17 7 39 30 3 7 1 22 12 39 33 3 22 7 33 14 16 37 7 22 41 42 30 21 1 13 39 30 9 41 10 42 12 39 12 23 0 39 7 27 33 13 3 39 27 7 5 18 33 18 19 13 21 27 35 33 35 5 36
split_gain=16.1703 11.7746 8.10872 6.27358 6.12557 7.56513 5.75148 5.86914 5.38977 6.34137 6.03219 5.30226 5.05767 4.99716 4.83998 4.5123 5.51611 4.57829 4.27075 4.24664 4.03299 3.99747 3.76162 3.68706 4.25211 3.55408 4.8829 3.53097 3.50386 3.41979 7.72471 3.38644 3.37146 3.6328 3.63844 3.35584 3.68597 4.44448 3.64759 3.63996 3.34696 4.73283 4.01443 4.82654 4.56839 3.548 3.4024 5.73515 3.33103 3.85946 3.45478 3.31075 3.50497 3.52742 3.62229 3.21002 3.18097 3.16189 4.7011 4.19756 3.15961 3.15362
threshold=0.074589826003293794 -0.34291792354734868 0 0.44477269264668934 7.0074974690426606 1 34.850000000000001 -0.31949810748260349 7.7836148127829139 1.0573520735808823 -0.10053309141756879 60.500000000000007 2 27.350000000000005 -0.10425483059426098 -0.30270259443007547 7.5612081224540164 30.292857142857141 1.2042500757999892 -0.20267040032076752 49.500000000000007 8.3938428221030126 0.40551511060833112 1691.834966013595 0.96850198412698429 44.550000000000004 931.25000000000011 -0.08465315817661033 0.24260091960063065 3 30.050000000000004 0.057703251655845375 42.093333333333341 -0.42084554211936126 0.98319209039548039 37.500000000000007 4 30.500000000000004 -0.054067221270275682 -0.011692257441370922 5 8.2730406286809401 38.500000000000007 35.178571428571438 0.8530244759475013 -0.024097551579060458 6 53.500000000000007 7.1359416715339501 8.6853915326411499 0.86831013667906654 37.564285714285724 -1.143694076666393 0.050864055806034876 1.2227074722068825 16050.000000000002 15.500000000000002 0.0022604238517606361 30.37857142857143 1.8612464012118081e-08 7.6699747054381939 0.0082299180934838224
decision_type=2 2 1 2 2 1 2 2 2 2 8 2 1 2 2 8 2 2 2 2 10 2 10 2 2 2 8 2 2 1 2 10 2 2 2 2 1 2 10 2 1 2 2 2 2 2 1 2 2 2 8 2 10 2 2 10 2 2 2 2 2 2
left_child=1 2 14 4 -3 6 7 -6 9 10 12 32 -2 22 19 16 17 -7 28 -1 23 27 -12 35 57 26 -14 -13 -10 30 -18 -5 33 -4 -35 36 -17 -38 39 -37 45 46 43 -43 -44 -40 -42 -48 -41 -50 -51 52 -15 54 -54 -33 -56 59 -59 -25 -53 -22
right_child=8 3 11 31 5 15 -8 -9 18 -11 13 21 25 51 -16 20 29 -19 -20 -21 61 -23 -24 24 -26 -27 -28 -29 -30 -31 -32 55 -34 34 -36 38 37 -39 40 48 41 42 44 -45 -46 -47 47 -49 49 50 -52 60 53 -55 56 -57 -58 58 -60 -61 -62 -63
leaf_value=0.0092132481890272126 -0.0014096236530606304 0.0010277469613605551 0.0094468678136732428 0.00010073320565963384 0.0025323873036352724 0.0078818789845195841 0.0010198352198033524 -0.0036580932715948619 -0.0030280955623357003 -0.034085139620643301 0.0014641318473788017 0.0011386970323365192 0.007429043843588827 -0.0029823590841284234 0.0010342832911275743 0.0012951113734576891 -0.0036072049316572086 0.0011547885899548618 0.00070845986773259849 0.0037426407117224928 -2.367648546851833e-05 -0.0091735750508009917 -0.0036930493868303168 0.00073193190934204796 -0.00117878900052669 0.0055242098124506324 0.0009293835740763998 -0.0047058507121747742 -0.001325143067780529 0.00083019842880074609 0.0068674034075185426 -0.00049968312248304606 -0.00037992017226503813 -0.0004140516188679137 0.0072483864024884374 0.00050890377628937079 -4.2383595688365385e-05 0.00049549787323514133 0.00043708213614537599 -0.00014867325140246676 -0.0018632029263065033 -0.0018836418303819664 -0.0043607678227142359 0.0019117390142042072 -0.00018671741073715461 -0.00014590811433775193 0.0016204972489940698 -0.0027130259154029505 5.4838891170504008e-05 -0.00092361137826392394 0.00088781743900756484 0.00049170644243451867 -0.00060487419790177009 -0.0019437413044109072 0.0029686450956828456 0.0026171372060545383 0.00014980769797521044 -0.0002916344433303731 0.0026784477524973817 -0.0027075131030292765 -0.0021370616032762935 0.0030422917001708977
leaf_weight=360 225 2312 119 217 88 159 244 518 228 55 470 223 50 353 255 1284 279 233 307 632 82 64 66 60 449 182 765 73 3612 1737 83 4114 258 142 40 2033 1943 375 425 243 498 222 146 62 55 801 350 156 1528 484 54 424 1262 673 55 69 122 144 127 72 44 109
leaf_count=360 225 2312 119 217 88 159 244 518 228 55 470 223 50 353 255 1284 279 233 307 632 82 64 66 60 449 182 765 73 3612 1737 83 4114 258 142 40 2033 1943 375 425 243 498 222 146 62 55 801 350 156 1528 484 54 424 1262 673 55 69 122 144 127 72 44 109
internal_value=-1.52369e-05 0.000661525 0.00417628 0.000311408 0.000738938 0.00037058 -0.00418118 -0.0068369 -0.00183551 -0.000684643 -0.000484868 0.000564516 0.00253475 -0.00154899 0.00677663 0.000645945 0.00257825 0.00801527 -0.00315212 0.00840886 0.000234982 -0.00415512 0.00288641 0.000115097 -0.00304807 0.00404266 0.00266544 -0.0016835 -0.00360583 0.00155952 -0.00281501 -0.00137469 0.00361607 0.00720199 0.00273224 0.000368199 0.00160977 0.0004079 -0.000265656 0.000633203 -0.00170287 -0.00328333 -0.00735597 -0.00350877 -0.0127475 0.000242522 -0.00134328 0.00154739 -0.000725108 -7.25689e-05 -0.00371058 -0.00236026 -0.00309205 -0.00231898 -0.000920139 -0.00169097 0.00575843 0.000680693 0.00376838 -0.0056391 0.00149254 0.00742188
internal_weight=32814 23921 2166 21755 17355 15043 850 606 8893 4746 4691 919 1222 3469 1247 14193 2491 392 4147 992 11702 360 536 11511 852 997 815 296 3840 2099 362 4400 559 301 182 10659 3602 2318 7057 4342 2715 1489 485 284 201 1226 1004 506 2309 2066 538 2933 2465 2112 1439 4183 177 403 271 132 468 191
internal_count=32814 23921 2166 21755 17355 15043 850 606 8893 4746 4691 919 1222 3469 1247 14193 2491 392 4147 992 11702 360 536 11511 852 997 815 296 3840 2099 362 4400 559 301 182 10659 3602 2318 7057 4342 2715 1489 485 284 201 1226 1004 506 2309 2066 538 2933 2465 2112 1439 4183 177 403 271 132 468 191
cat_boundaries=0 1 2 3 4 5 6 7
cat_threshold=5005 256 676 1152 1576 183 3072
is_linear=0
shrinkage=0.05


Tree=38
num_leaves=63
num_cat=6
split_feature=2 16 25 1 2 2 6 30 25 21 23 30 17 17 9 11 9 25 36 42 10 31 22 12 6 1 30 21 40 17 22 37 2 3 31 22 0 25 22 6 4 41 41 38 17 14 40 21 10 22 27 37 25 18 42 42 6 10 22 3 0 31
split_gain=17.7454 9.43515 8.86255 8.50357 6.17863 5.89245 5.76455 5.41694 6 5.19928 4.95031 4.84508 4.64346 4.73757 4.48943 4.34834 4.29014 5.54304 4.16702 3.73565 3.61675 3.47928 5.28805 3.85778 4.13813 3.68865 3.4389 3.41751 3.76338 3.41135 3.38428 3.35618 3.31682 3.25551 3.23022 3.86034 3.44526 3.15843 3.14401 3.1439 3.2513 3.10636 4.15163 3.08537 3.02801 5.46581 3.21493 4.56217 2.96873 2.95049 2.82777 2.82323 3.84873 3.12902 2.8179 2.7843 2.76407 2.73799 2.71772 2.71561 3.00378 2.71411
threshold=-0.10915066590167564 0.058374985773246298 0 0.041385216162854295 -0.44761165780137485 0.90629178862065063 7.5209719542383331 38.650000000000006 1 3056.2500000000005 -0.65795635758647386 77.200000000000003 -1.1326138218576081 0.47342034066066546 0.22353851346697032 48.500000000000007 0.11462643596406115 2 1.6683535161047203 0.7835585585585586 0.055851237868718158 1.0500000000000003 0.13488893862333326 86.500000000000014 7.673331494934982 -0.13557840171127286 1.3500000000000003 1930.6450000000002 2.5000000000000004 -0.62015149898198862 -0.028575802481467395 59.500000000000007 0.098440105140860559 -0.64633845725034644 1.0000000180025095e-35 -0.27182026516805524 0.084741478455027788 3 -0.38991000235105394 6.5381678535954739 -0.20574863098936499 13.683771929824564 1691.834966013595 4 -0.34779244490154965 -0.88179429613067917 3.5000000000000004 4115.8350000000009 -0.45594866139225626 -0.73450587959729707 13.500000000000002 54.500000000000007 5 -0.66908879429415935 0.85053191489361712 0.80735492577597856 8.0679989005695294 -0.36707833347631208 0.54671591762331107 -0.15662258547887384 0.068993726079154008 13.950000000000003
decision_type=2 2 1 2 2 2 2 2 1 10 8 2 2 2 8 2 10 1 2 2 2 2 8 2 2 2 2 8 2 2 8 10 2 2 2 8 2 1 10 2 2 2 2 1 2 2 2 10 2 8 2 8 1 10 2 2 2 2 10 2 2 2
left_child=1 2 4 18 29 6 9 8 10 12 -3 16 -5 37 41 26 -8 34 30 -17 55 22 25 24 -23 -6 -4 -13 43 -1 31 -2 -15 -9 -18 36 -36 -14 -35 40 -39 -12 57 56 45 -28 47 -46 -10 -16 -37 52 -32 -54 -50 -19 -29 -43 -7 60 -53 -26
right_child=3 7 15 5 21 58 11 33 48 -11 14 27 13 32 49 19 17 20 -20 -21 -22 23 -24 -25 61 -27 44 28 -30 -31 51 -33 -34 38 35 50 -38 39 -40 -41 -42 42 -44 -45 46 -47 -48 -49 54 -51 -52 59 53 -55 -56 -57 -58 -59 -60 -61 -62 -63
leaf_value=0.016470853993819281 0.00029114869864460812 0.0024349706380750059 -0.00089597478409187521 -0.0019613919506861859 -0.0001077994141482297 -0.0097813624885374813 -6.8454390327387822e-05 0.0092980482953729775 0.0068454196625048081 0.0048388769401154176 -0.00062995402098239655 -0.0037767304139373643 -0.00058223970036454654 2.113434972555329e-05 0.0065165292638116245 -0.0031266233347722939 -0.0021301009780149011 0.0030020407023051495 -0.0029997028219795907 0.0020927357707391367 -0.0025005217092566264 0.0037894647579526822 -0.0015637238943059122 -0.00089719720691582624 0.0031068361009383271 0.0031472115863495236 -0.00062935084756081004 0.0019525520785034743 -0.00032471378508021906 0.0074212869098628275 -0.0015354474123278337 0.0037078948120640304 -0.0024247977282194689 0.0036606245443113975 0.0035208850937270201 0.0020863148005579547 -0.00031603327254910163 -0.00054202095564263864 -7.7873438684722152e-05 0.00027950732168107692 0.0045139058591753961 -0.0092048493384066978 0.0011993987447279839 0.0041985989550281421 0.00016833966750749911 0.0067036012052626706 0.0025522127924966628 -0.0056468372891709997 0.0024975248751347222 -0.00048131154574388455 -0.00074291672927396255 0.00080329318006080801 0.0014351945301453667 -0.00037116068612130446 -8.7125958028684219e-05 -0.0014097409751766821 -0.0044929316468074526 -0.0017930409519566499 -0.028942241932308734 -2.8056446277717072e-05 -0.0011168503038411031 0.00092340483653459047
leaf_weight=123 4745 106 769 342 131 141 1444 62 149 101 304 52 923 363 51 66 153 67 59 949 2311 571 205 60 247 158 73 102 227 256 131 76 479 263 114 60 98 63 310 2119 156 89 66 195 426 133 130 75 200 553 1085 913 47 157 1159 765 44 432 40 6365 177 563
leaf_count=123 4745 106 769 342 131 141 1444 62 149 101 304 52 923 363 51 66 153 67 59 949 2311 571 205 60 247 158 73 102 227 256 131 76 479 263 114 60 98 63 310 2119 156 89 66 195 426 133 130 75 200 553 1085 913 47 157 1159 765 44 432 40 6365 177 563
internal_value=3.43051e-05 0.00197293 0.00340863 -0.000663487 0.00565591 -0.00165138 -0.00150701 8.01068e-05 -0.000779743 -0.000131955 -0.00290012 -0.00243748 -0.000387989 7.9191e-05 -0.00365976 0.00139628 -0.00286569 -0.00360443 0.000228869 0.00396161 -0.0047955 0.00453254 0.000909091 0.00577323 0.00631331 0.00525862 -0.000217797 0.00177134 0.00289982 0.0115132 0.000291389 0.00133243 -0.00326216 0.00428459 -0.00108481 -0.00031296 0.00586854 0.000942673 0.00309233 0.00191571 0.00761364 -0.00591368 -0.00803571 0.00621345 0.00199881 0.00724638 0.000276899 -0.00154382 0.00148124 -0.000330579 -0.00146161 -0.000352971 -0.00483631 -0.000232558 0.000753676 -0.00198079 0.000318471 -0.00953065 -0.0105769 -0.000150885 0.00215399 0.0040074
internal_weight=32793 8679 4935 24114 2314 11444 11263 3744 3109 4546 1601 6717 4445 4103 1495 2621 6097 4653 12670 1015 3143 1935 494 1441 1381 289 1606 620 568 379 12611 4821 842 635 1510 1357 212 3261 573 2338 219 891 587 341 837 206 631 501 1508 604 1145 7790 335 204 1359 832 146 521 181 7455 1090 810
internal_count=32793 8679 4935 24114 2314 11444 11263 3744 3109 4546 1601 6717 4445 4103 1495 2621 6097 4653 12670 1015 3143 1935 494 1441 1381 289 1606 620 568 379 12611 4821 842 635 1510 1357 212 3261 573 2338 219 891 587 341 837 206 631 501 1508 604 1145 7790 335 204 1359 832 146 521 181 7455 1090 810
cat_boundaries=0 1 2 3 4 5 6
cat_threshold=821 1443 2130 1157 12 1105
is_linear=0
shrinkage=0.05


Tree=39
num_leaves=63
num_cat=12
split_feature=2 22 22 10 39 25 39 7 7 39 10 2 8 41 3 7 25 39 3 27 27 22 13 25 22 39 25 35 35 27 21 25 8 31 27 37 20 26 12 8 6 25 12 21 17 20 8 27 10 3 22 18 8 39 7 31 27 19 21 20 22 23
split_gain=14.4263 8.57203 8.17383 8.80783 7.97854 7.00114 8.10479 8.00817 6.3165 10.3986 5.73393 5.70534 5.61613 5.44995 6.4619 5.3276 6.30037 5.08989 5.04881 4.98668 4.86139 4.40632 4.34691 5.10442 4.08784 3.96635 4.74529 4.2327 5.90553 4.71001 4.35842 4.23396 4.91879 3.94271 3.93339 4.2067 4.02052 3.90556 4.61021 3.86443 5.08434 3.94817 3.74303 3.71378 3.69077 3.63149 3.59062 3.5397 3.52329 3.52095 3.55163 3.47589 4.10651 3.47569 3.92901 4.16729 4.09341 3.56447 3.46726 3.41643 3.32848 3.2559
threshold=0.030025742869267184 -0.58297270436834825 0.57982041832616715 0.54000608367570913 0 1 2 7.7074881479855089 7.2106004436290023 3 0.38038659925277779 -0.375547673262774 0.1304148853864649 4427.8818070818079 -0.015504186535964413 7.9582416450496725 4 5 -0.419751794330192 23.500000000000004 22.500000000000004 0.21278178709322387 0.52631603878090105 6 0.13158442823436525 7 8 0.014421267812719728 5.9192299231574866e-09 9.5000000000000018 1269.1650000000002 9 0.016376077632875127 6.2500000000000009 8.5000000000000018 17.500000000000004 -0.0018265686887568484 19.500000000000004 38.500000000000007 0.57451047271504441 7.673331494934982 10 3.5000000000000004 1300.6250000000002 0.95081753144107184 -0.035466379193855459 0.3976575794183822 57.500000000000007 -0.015289473398857554 -0.21706450523782858 -0.66609198338540654 0.26596148317738305 0.17850570259815454 11 8.2952298520568828 3.2500000000000004 17.500000000000004 0.14827573119639634 2498.3350000000005 0.0031985166585378742 -0.21662000379414531 0.69314718055994562
decision_type=2 8 10 2 1 1 1 2 2 1 2 2 10 2 2 2 1 1 2 2 2 10 2 1 10 1 1 2 2 2 10 1 8 2 2 8 10 2 2 8 2 1 2 8 2 10 8 2 2 2 10 8 10 1 2 2 2 2 8 10 10 10
left_child=1 4 5 51 39 6 7 10 18 15 33 53 17 14 -8 16 -10 47 -3 58 -17 -18 23 43 -9 26 48 28 31 -30 -29 32 -27 -2 -15 -36 -37 38 -34 40 41 -1 -31 -13 -33 -23 -12 -7 -20 -6 -51 52 -4 54 56 -56 -11 -55 -16 -47 -35 -19
right_child=2 8 3 -5 49 12 13 24 9 11 46 22 -14 34 19 20 21 61 25 -21 -22 45 -24 -25 -26 27 -28 30 29 42 -32 44 37 60 35 36 -38 -39 -40 -41 -42 -43 -44 -45 -46 59 -48 -49 -50 50 -52 -53 -54 57 55 -57 -58 -59 -60 -61 -62 -63
leaf_value=0.0096328934746700359 -0.0016123921376575618 0.0058783856219908146 -0.00015124958434888777 -0.01455083002751289 0.0075979900356173387 0.001425451073569583 0.00074765606168190933 0.00031725888905916391 0.0050752102084738572 -0.0011109967896780909 0.0056221218486146446 -0.0013517478959947972 -0.0014060680858710263 0.0087153396825595288 -0.00018896459531423662 -0.018100164680419931 -0.00094258867436069647 -0.00022099106843097494 0.00060669005752097367 -0.00018375571956091277 -0.00037978072550894884 -0.0065080762920933684 7.693598565044983e-05 -0.00042596729796352454 -0.0026829332006794242 -8.2384832045943215e-05 0.0011530039577770206 0.0057318547241300821 0.0031427756287954745 2.7132413205527046e-05 0.00010280092873817884 5.0901841056543078e-06 -0.0011743582462669707 0.0057904459033352382 -0.0015042307701659727 0.0032582257132940441 -0.00087895292186423622 0.0025165512072809039 0.0013652795566690516 -0.0037327158314377652 -0.00048992265071310249 0.0017967441503522351 -0.0021156319205977922 0.00023354798136192287 -0.0021158504439379145 0.00013388354870952482 -0.0014859113314001711 -0.0020978521703155411 -0.00057601401423774815 0.004076784546399456 -0.0019860461304025854 -0.00019748958025928958 -0.0084358129951886615 0.005045015222462099 0.0017282636507962885 -0.0036198956181242303 0.0040968409912148359 -0.0020726475015432982 -0.0020922696099668447 -0.004755801102968877 0.0004617706014657403 -0.0029498715350593195
leaf_weight=111 164 351 94 109 426 501 709 821 122 110 344 66 3948 61 405 104 887 2113 190 1724 78 67 7101 2163 131 107 463 84 44 86 93 1288 143 298 51 45 42 740 135 81 439 244 183 1328 139 89 52 102 108 245 112 283 142 368 55 102 231 46 975 141 301 185
leaf_count=111 164 351 94 109 426 501 709 821 122 110 344 66 3948 61 405 104 887 2113 190 1724 78 67 7101 2163 131 107 463 84 44 86 93 1288 143 298 51 45 42 740 135 81 439 244 183 1328 139 89 52 102 108 245 112 283 142 368 55 102 231 46 975 141 301 185
internal_value=-0.000107788 0.000786922 -0.00134917 -0.00691574 0.00421941 -0.00107916 0.000150799 0.0026508 0.000456051 -8.42331e-05 0.00545259 0.000423107 -0.00217566 -0.00116828 -0.00159282 -0.00400267 -0.00290742 -0.00050827 0.00215403 -0.00257649 -0.0120219 -0.00401674 9.85083e-05 -0.00132799 -0.000734523 0.00162329 0.00482513 0.000802489 0.000340195 -0.00613057 0.00828652 0.00113592 0.00341109 0.0029123 0.006875 0.00215827 0.00880682 0.00451423 -0.000537634 0.000874718 0.00194969 0.00639045 -0.00861111 0.00103203 -0.000678025 -0.00931208 0.0103275 0.00354235 -0.000161812 0.00784005 0.00425978 -0.00418269 -0.00864979 0.00421687 0.00127701 -0.00522152 0.00431287 0.00752941 -0.00481535 -0.00627706 0.00479167 -0.00158077
internal_weight=32470 18870 13600 628 1658 12972 6123 2111 17212 13058 1159 11570 6849 4012 3813 1488 1306 2901 4154 3104 182 1184 10658 3557 952 3803 761 3042 2865 313 177 2552 1125 763 199 138 87 1018 278 875 794 355 269 1394 1427 297 396 603 298 783 357 519 236 912 498 157 341 414 1380 230 599 2298
internal_count=32470 18870 13600 628 1658 12972 6123 2111 17212 13058 1159 11570 6849 4012 3813 1488 1306 2901 4154 3104 182 1184 10658 3557 952 3803 761 3042 2865 313 177 2552 1125 763 199 138 87 1018 278 875 794 355 269 1394 1427 297 396 603 298 783 357 519 236 912 498 157 341 414 1380 230 599 2298
cat_boundaries=0 1 2 3 4 5 6 7 8 9 10 11 12
cat_threshold=1249 2864 3584 2304 144 784 2612 4 2465 370 3184 1618
is_linear=0
shrinkage=0.05


Tree=40
num_leaves=63
num_cat=13
split_feature=1 1 25 39 33 33 42 25 37 12 26 4 10 25 9 21 25 39 3 12 31 39 25 41 9 9 41 21 36 31 9 26 9 25 1 19 15 1 4 39 30 21 13 21 27 20 41 27 31 26 39 12 27 36 9 13 30 39 39 11 37 3
split_gain=12.4002 8.35686 6.00947 6.68536 14.8172 6.94723 4.99606 5.07991 4.80733 4.77876 5.85747 4.37183 5.76282 6.37658 4.61109 4.48571 4.31604 5.04039 4.84268 4.1762 4.12126 4.06724 3.92695 5.04739 6.35163 5.81436 4.77058 3.76997 4.49573 3.74287 3.6925 3.60876 3.57172 3.53318 3.98689 3.75476 3.44384 3.43457 3.3644 3.35249 4.87379 3.33575 4.95012 3.30772 3.30749 6.17053 4.824 4.18929 3.27823 7.15008 7.28907 6.48869 6.34134 4.50619 4.50578 4.47969 4.45218 9.53208 6.87144 5.65665 4.8948 4.82914
threshold=0.18752362001688774 -0.32922611711427935 0 1 37.507142857142867 27.250000000000007 0.90081967213114766 2 31.500000000000004 34.500000000000007 2.5000000000000004 -1.0265389581819597 -0.21867292318199502 3 0.19825592937248657 8418.7500000000018 4 5 -0.27267660551931699 88.500000000000014 3.0500000000000007 6 7 288.32536057692317 0.2022690347401577 0.11638485377313439 17.208013312852028 1299.4100000000001 7.5281663287786823e-07 136.65000000000006 0.31704282560256508 11.500000000000002 0.5260458209065435 8 0.69314718055994595 -0.054610421048279907 -0.25131442828090583 -0.037041271680349201 -0.25217726909948851 9 12.450000000000003 4806.2500000000009 1.5047944010582353 1368.0100000000002 22.500000000000004 0.088064020545943769 215.02542372881359 32.500000000000007 134.84999999999999 19.500000000000004 10 48.500000000000007 37.500000000000007 0.13391404452277947 0.068783870610502354 0.35058616110271562 16.950000000000006 11 12 51.500000000000007 63.500000000000007 0.11170435321649831
decision_type=2 2 1 1 2 2 2 1 8 2 2 2 2 1 10 8 1 1 2 2 2 1 1 2 10 10 2 8 2 2 10 2 10 1 2 2 2 2 2 1 2 10 2 8 2 10 2 2 2 2 1 2 2 2 10 2 2 1 1 2 8 2
left_child=1 16 11 4 5 30 33 36 27 10 -7 -3 13 -13 15 -15 18 -18 39 48 -6 29 23 25 -25 -11 -27 -5 -29 -9 43 -17 -19 34 35 -2 -8 -30 -35 40 -1 42 -23 -4 46 47 -12 -46 49 50 -14 55 -52 56 -53 -51 57 60 59 -58 -50 -60
right_child=6 2 3 8 20 9 7 21 -10 22 44 12 19 14 -16 31 17 32 -20 -21 -22 41 -24 24 -26 26 -28 28 37 -31 -32 -33 -34 38 -36 -37 -38 -39 -40 -41 -42 -43 -44 -45 45 -47 -48 -49 53 51 52 54 -54 -55 -56 -57 58 -59 61 -61 -62 -63
leaf_value=0.0073245681914233226 0.0023261578259918332 -0.0012565548363811622 0.0013692085130872702 -0.0027091095786138386 0.0016330075187263949 0.0085701235770833228 -0.0013686908557937233 -0.0011986301914133546 3.15715543565634e-05 -0.0053431970598142734 -0.0047153638844376518 0.0057946716820077484 -0.0011156403339536221 0.00073952749509078935 0.0040612441944258343 -0.0054421616752796118 -0.0017607797158996235 0.0018863673570484363 0.00092636838964155481 -0.00014109306122322667 0.0048897996658149373 -0.0024577393703508251 -0.0034708546869069118 0.0042557693258709244 -0.0031384982682600773 -0.0055477784545067323 -8.5169091889827518e-06 -0.0040352482354431883 0.0011588366317928133 0.0019694701043077253 0.0082662164672156063 -0.00044080642423255259 0.010185674054067012 0.0013319742218826577 -0.017243575816282542 -0.0020879603409320845 0.00079930516176946679 -0.00039753441751568951 -0.0043299140101933668 0.0072649433752732173 -0.0061730784966491344 -0.004413961197023703 0.0073318361682267177 -0.00085549923440982306 0.0020674224096869339 0.0043006242711225605 0.0010246547065266701 -0.002513412446012621 0.0091730869979078974 -0.00032500745883058387 0.00053096854863702323 -0.00012538231053556886 -0.00061386031255575811 -0.001638636825156619 0.00039143639428244848 0.002017256218989693 0.00020774855834383 -0.0036936669034171132 -3.6593471915058524e-05 0.002229950537771472 0.00010891270268025298 -0.0018224889318724789
leaf_weight=61 175 95 162 97 272 81 544 596 9762 123 164 433 523 112 188 55 323 814 510 314 112 1033 908 129 109 266 377 55 119 214 92 68 75 59 73 409 1334 211 605 458 76 170 49 527 132 79 71 376 42 143 1438 360 682 163 1619 1437 944 389 738 737 303 193
leaf_count=61 175 95 162 97 272 81 544 596 9762 123 164 433 523 112 188 55 323 814 510 314 112 1033 908 129 109 266 377 55 119 214 92 68 75 59 73 409 1334 211 605 458 76 170 49 527 132 79 71 376 42 143 1438 360 682 163 1619 1437 944 389 738 737 303 193
internal_value=-5.18625e-05 0.000373392 0.000109123 -0.00056902 -0.00230519 -0.00330831 -0.00227575 -0.0013829 0.000107265 -0.00446555 -0.00146571 0.000987531 0.00108206 0.0050175 0.000518433 -0.00413136 0.00324633 0.00114473 0.00548835 0.000745562 0.00701299 -0.00308731 -0.00588082 -0.00359606 0.00271967 -0.00560626 -0.00368789 -0.0047619 -0.00252591 -0.000304507 0.000863171 -0.0106855 0.00308333 -0.0049357 -0.00220808 -0.000854701 0.000502912 -0.000302115 -0.00748148 0.00859899 0.00118243 -0.00486936 -0.00387812 -0.000398551 -0.0027339 -0.000722789 -0.00773305 -0.00275049 0.000929263 0.00162018 -0.000349849 0.00308287 0.00096199 -0.000292023 0.00117424 0.00547122 0.000104571 -0.00333333 0.00107157 0.00296986 0.00273876 -0.002362
internal_weight=32778 27517 25200 14224 3980 3596 5261 3940 10244 2815 903 10976 10881 856 423 235 2317 1212 1105 10025 384 2062 1912 1004 238 766 643 482 385 810 781 123 889 1321 657 584 1878 330 664 595 137 1252 1082 689 822 587 235 508 9711 6202 2643 3559 2120 3509 1979 1580 3346 734 2612 1681 345 931
internal_count=32778 27517 25200 14224 3980 3596 5261 3940 10244 2815 903 10976 10881 856 423 235 2317 1212 1105 10025 384 2062 1912 1004 238 766 643 482 385 810 781 123 889 1321 657 584 1878 330 664 595 137 1252 1082 689 822 587 235 508 9711 6202 2643 3559 2120 3509 1979 1580 3346 734 2612 1681 345 931
cat_boundaries=0 1 2 3 4 5 6 7 8 9 10 11 12 13
cat_threshold=820 3392 2416 304 2900 2274 787 1089 2203 2576 2050 2215 7946
is_linear=0
shrinkage=0.05


Tree=41
num_leaves=63
num_cat=7
split_feature=10 42 0 2 12 22 25 6 36 25 25 27 7 22 1 33 25 30 21 17 36 9 10 33 18 17 7 21 7 22 21 9 9 9 35 31 36 11 9 3 25 1 9 42 12 6 3 42 6 25 16 17 27 9 6 42 6 21 17 25 33 30
split_gain=13.8133 7.48714 7.38511 6.77049 6.07707 6.06858 6.03364 5.30011 4.87793 4.81295 4.75823 7.4059 5.15791 4.67274 4.66177 4.65562 4.58985 4.53214 5.81915 4.69174 4.50815 4.3108 4.68868 3.89913 4.37127 5.14196 4.30015 3.85128 3.79714 3.62897 3.59805 3.58166 4.76631 3.55673 3.46342 4.24519 3.42147 3.44103 3.96009 3.44007 3.49765 3.41478 3.35776 3.25834 3.65435 3.63487 3.21765 3.13085 3.2882 3.08288 3.04365 3.01943 3.00629 3.0031 2.97219 2.97048 3.28946 2.96 3.09898 3.07796 3.0369 3.28049
threshold=0.0082884924229578178 0.98449519230769245 -0.1481210417723999 0.21387020864661424 42.500000000000007 -0.31361778204392649 0 7.8780262332233155 1.9518084010001513 1 2 24.500000000000004 8.9696978636503086 -0.26758526722856424 1.0573520735808823 36.96428571428573 3 30.450000000000006 3953.7500000000005 -0.12010768381967928 0.24677607814616678 0.48820045946088475 -0.00051829785914403448 26.778571428571436 0.29156083304242519 0.60538232824724225 7.333583174047841 4581.2500000000009 8.6204382475137198 -0.087800135049670491 700.83500000000015 0.086905454946781702 0.20501403077415165 0.093651057034347548 0.0013715023426967836 165.85000000000002 0.0015888970962071695 33.500000000000007 0.21459532589739591 -0.11122563511022364 4 0.068993115388736218 0.10061315430861759 0.84344362745098056 11.500000000000002 7.571184353305493 -0.72901791152133277 0.9536672629695887 8.0834520673652381 5 -0.69314718055994495 -0.27261398250116725 21.500000000000004 0.29089621154696838 7.2444286694236428 0.92247596153846168 7.957998562225562 10262.500000000002 -0.058691617415211998 6 36.76428571428572 3.0500000000000003
decision_type=2 2 2 2 2 10 1 2 2 1 1 2 2 8 2 2 1 2 10 2 2 8 2 2 8 2 2 10 2 10 8 10 10 10 2 2 2 2 10 2 1 2 10 2 2 2 2 2 2 1 2 2 2 10 2 2 2 10 2 1 2 2
left_child=2 3 5 10 6 46 54 9 15 51 11 -2 -13 -6 23 17 31 19 21 -4 34 22 30 28 -25 26 -26 -20 -5 33 -19 -15 -33 -9 57 42 37 38 39 41 -41 -21 -36 45 -45 -32 53 48 -17 55 -51 -8 -35 -1 -3 -48 -57 58 59 -12 -60 -62
right_child=1 4 8 14 13 -7 7 29 -10 -11 20 12 -14 16 -16 47 -18 18 27 36 -22 -23 -24 24 25 -27 -28 -29 -30 -31 43 32 -34 52 35 -37 -38 -39 -40 40 -42 -43 -44 44 -46 -47 49 -49 -50 50 -52 -53 -54 -55 -56 56 -58 -59 60 -61 61 -63
leaf_value=0.0012490095451979787 0.0011733310244593769 -0.0049022310094516833 0.00013453334842255697 0.0013064397424799549 0.0018649697881728449 0.00015677827532868742 -0.0013641614259727085 0.0063416686905255707 -0.0033251896819673932 0.0024597391492313064 -0.00082242320291768035 -6.6041881756320411e-05 -0.0032470181877059137 -0.0024000335626661747 -0.039109364848137977 0.0015303706532188064 -0.00079968004863753832 -0.0017047330664898672 -0.0030117909401334965 -0.0019265604494021198 -0.0026631723591244382 0.0086078515386768199 -5.7834391134025757e-05 -0.0025602036289302196 0.0021134274718854307 -0.00327897558400692 -0.00094546501368192228 -8.4575571974230236e-05 -0.0048598263771609546 -0.0013371185721671539 0.0035779362037030196 0.0031348533601026161 -0.0026538029612681508 -0.0054686004046181486 0.00087817386624536244 0.001325742873367793 -0.0013562078366104473 -6.2698845602517617e-06 0.00036042566541832758 -0.00092881095295735275 0.00024929286954299292 -0.006344426129148914 -0.0021550442080526758 0.0032136588284060255 0.00066263587704429143 -0.00082947914855699368 0.0013428574945795893 0.00014198210813886128 0.00019518927454277926 0.0037417300468609947 0.0010029319216919282 0.0014453001685339072 0.0032858241200504458 0.017487429662855762 5.4829117984100083e-06 0.005631921826648607 0.0013578229091625233 0.00030946242710448821 -0.00095434096887004162 8.1386074193693801e-05 -7.5309699542908592e-05 0.0046287401319270024
leaf_weight=108 1006 64 2357 322 314 1521 72 46 45 618 617 1768 95 47 66 519 1297 70 125 570 67 42 214 1809 353 374 573 402 48 141 61 220 46 69 69 144 185 3412 523 283 286 86 81 376 1496 136 331 625 317 303 1294 201 91 153 96 282 181 382 3075 1651 412 53
leaf_count=108 1006 64 2357 322 314 1521 72 46 45 618 617 1768 95 47 66 519 1297 70 125 570 67 42 214 1809 353 374 573 402 48 141 61 220 46 69 69 144 185 3412 523 283 286 86 81 376 1496 136 331 625 317 303 1294 201 91 153 96 282 181 382 3075 1651 412 53
internal_value=8.59133e-05 -0.000943946 0.00111476 -0.00148658 0.00117364 0.00292885 0.0036812 0.00484388 0.000490479 0.00692265 -0.000785479 0.000911458 -0.000952253 -0.000649351 -0.00334884 0.000552292 -0.00173805 0.000188235 0.00186452 -0.000447877 -0.00152774 0.0029111 0.00262319 -0.00309626 -0.00367363 -0.00146042 0.000539374 -0.00288826 0.00175202 -0.000359195 0.00332944 0.00362654 0.00599251 0.00386473 -0.00139553 0.00389831 -0.0012673 -0.00102693 -0.00283019 -0.00438418 -0.00153509 -0.00684932 -0.00198675 0.00370773 0.00435131 -0.00239899 0.00437241 0.00319767 0.00519713 0.0037939 0.00247201 0.00114437 0.000310559 0.0096374 -0.00526316 0.0063354 0.00899784 -0.00164755 -0.00192804 -0.000484795 -0.0028523 0.000912017
internal_weight=32590 16287 16303 12965 3322 4173 1398 1238 12130 891 9420 2869 1863 1924 3545 12085 1610 10624 2922 7702 6551 2395 2353 3479 3109 1300 926 527 370 347 2139 313 266 206 6484 294 5345 5160 1748 1225 569 656 150 2069 1872 197 2652 1461 836 2391 1597 273 160 261 160 794 463 6190 5808 2268 3540 465
internal_count=32590 16287 16303 12965 3322 4173 1398 1238 12130 891 9420 2869 1863 1924 3545 12085 1610 10624 2922 7702 6551 2395 2353 3479 3109 1300 926 527 370 347 2139 313 266 206 6484 294 5345 5160 1748 1225 569 656 150 2069 1872 197 2652 1461 836 2391 1597 273 160 261 160 794 463 6190 5808 2268 3540 465
cat_boundaries=0 1 2 3 4 5 6 7
cat_threshold=132 2072 50 2308 2290 368 1408
is_linear=0
shrinkage=0.05


Tree=42
num_leaves=63
num_cat=12
split_feature=1 0 2 9 25 22 12 36 13 25 19 1 22 9 25 7 40 25 42 10 19 4 30 4 13 42 30 25 7 41 7 22 13 4 12 30 38 9 16 15 25 1 9 25 7 2 4 7 2 38 13 21 25 44 25 25 41 41 7 15 42 23
split_gain=11.5643 7.92686 6.07969 8.02763 5.18864 4.689 4.19822 4.14781 3.93456 8.06402 6.60506 3.80169 3.72534 3.71133 3.62519 3.4984 6.57887 5.49423 4.00467 4.02778 3.67962 4.84548 5.25287 4.13158 3.90556 3.56712 3.47138 3.4595 4.9833 3.39008 3.33341 4.14763 3.33146 3.32353 5.07477 4.13844 3.23133 4.96929 3.33787 3.26518 3.09487 3.06404 3.13788 3.50731 3.29063 4.57274 3.03438 3.03021 2.98576 2.89015 4.38915 4.3807 3.87698 3.92923 3.74035 3.4843 2.86147 2.85189 2.8476 2.84741 2.80822 2.75875
threshold=0.0064768870366465068 -0.26345614864496308 0.31722051724789996 0.17591727591853348 0 0.15951880586747758 40.500000000000007 1.7361759986195575 0.55950309817018307 1 0.05877798190701549 -0.51621647240086765 -0.26225999861005594 0.066062740273970896 2 8.2048991865678484 1.5000000000000002 3 0.8442887931034484 0.10755433847924857 0.0011419211836169927 -0.02380588611425782 0.45000000000000007 0.087011376989630587 1.262863740295485 0.72804314329738073 88.65000000000002 4 8.3682550977448837 9.5264460253634429 7.2869090385872752 0.20763900420257839 1.2227074722068825 -0.10978286498316291 68.500000000000014 1.6500000000000004 5 0.13775723597625347 0.10015952153727727 1.548292578825601 6 -0.0081467183612051724 0.26789989027417777 7 9.1294883493214325 -0.041494179756750953 0.10536051565782635 8.4960574143845395 -0.63174707572922484 8 1.2333341666666671 3545.0000000000005 9 1.0000000180025095e-35 10 11 670.50388888888904 22.474068554396428 8.380645428512997 0.87859225051048606 0.9533066860465117 0.027980913348228945
decision_type=2 2 2 10 1 10 2 2 2 1 2 2 10 10 1 2 2 1 2 2 2 2 2 2 2 2 2 1 2 2 2 10 2 2 2 2 1 8 2 2 1 2 10 1 2 2 2 2 2 1 2 10 1 2 1 1 2 2 2 2 2 8
left_child=1 12 8 6 30 7 -4 11 9 -2 13 -3 40 -10 29 20 17 47 -18 27 21 22 59 -23 -24 -22 49 28 -20 -12 -5 -32 46 35 -35 -19 39 -38 -39 -7 48 42 43 44 45 -29 -6 -17 -1 52 -51 55 53 -15 -53 57 -11 -52 -28 -13 -14 -8
right_child=2 5 3 4 32 36 61 -9 10 56 14 15 60 26 -16 16 18 33 19 -21 25 23 24 -25 -26 -27 58 41 -30 -31 31 -33 -34 34 -36 -37 37 38 -40 -41 -42 -43 -44 -45 -46 -47 -48 -49 -50 50 51 54 -54 -55 -56 -57 -58 -59 -60 -61 -62 -63
leaf_value=0.010094828738057728 -0.0011994514307767995 0.0047635506358382979 0.0028489811392695009 0.0016186137747640388 -0.0026646188826545884 -0.00012952267740740583 0.00071192235409634624 -0.0028495248386471864 0.00093770909587051606 1.8630338329886279e-05 -0.0020417401685012323 0.00050062414149665421 0.0026437701579185048 -0.0007054666537746158 -0.0016798402995338265 -0.0027423669692109333 -0.00023778499010953906 -0.0030476385215891496 -0.0014464996157148109 -0.0015476591218959266 0.00034268184960143788 -5.1373172778901562e-05 0.0016367168536625403 0.0005337125282512472 0.0047393315343698941 6.3925386125701562e-07 0.0032061449539143474 0.0021857978627616357 0.0016170499518747162 0.00023603068004816858 -0.00067795078163136377 -0.0077189351935451475 -0.00064056595366534727 -0.00098482515171582235 0.0013471903993073156 0.0016172577823660287 0.00025410920703130316 -0.0016864816483627887 -0.0052999457581599692 0.0026167087118467098 0.003984455475028301 -0.00039759017359042688 -0.0017518271690158647 0.0015055473865308875 -0.0053606873359316708 -0.0012138561372178986 -0.0060469340531902191 -0.006906629736858922 -0.00021407252273540484 -0.00055785229268649446 0.004014366001718994 -0.0046047028691684061 0.0010900382528784833 0.0025379919992619144 0.00029844703175384708 0.0028942411477458963 -0.0013585218400251093 -0.0013288569320653474 -0.0015452827762671814 -0.0015892370440275319 -0.000851605533682498 -0.0025771858882790845
leaf_weight=81 1516 323 225 276 263 1583 137 57 326 2994 328 945 350 521 1045 188 723 204 74 233 161 908 1201 1340 127 4361 318 44 633 797 304 113 204 266 217 63 161 208 175 58 1130 176 146 520 50 40 602 94 379 2678 60 120 984 169 233 394 210 164 71 86 235 167
leaf_count=81 1516 323 225 276 263 1583 137 57 326 2994 328 945 350 521 1045 188 723 204 74 233 161 908 1201 1340 127 4361 318 44 633 797 304 113 204 266 217 63 161 208 175 58 1130 176 146 520 50 40 602 94 379 2678 60 120 984 169 233 394 210 164 71 86 235 167
internal_value=1.14469e-05 0.000886494 -0.000997043 -0.00337042 -0.00499149 0.000486464 0.0020283 0.000842121 -0.000576224 -0.00172633 8.52723e-05 0.000901021 0.00371094 0.000935585 -0.00228006 0.000765565 -0.000537854 -0.00392062 0.000785985 0.00198226 0.0012897 0.00228407 0.00386653 0.000622499 0.00594432 0.000276365 0.000638894 0.00283551 0.00546657 -0.000286092 -0.00152699 -0.00436603 -0.00715278 -0.00157687 0.000878099 -0.00606343 -0.00165828 -0.00495495 -0.00813802 -0.000529661 0.00496543 0.000861196 0.00218477 0.00366412 -0.00344828 0.00235294 -0.0085739 -0.00972696 0.00138004 0.000305222 -0.000484973 0.00239198 0.0020178 -0.00085592 -0.00204802 0.0049273 -0.00029549 -0.000212766 0.00519231 0.00118702 0.000298635 -0.00180328
internal_weight=32759 17540 15219 2291 1762 15365 529 13180 12928 4720 8208 13123 2175 6038 2170 12800 3671 1032 2639 1916 9129 4607 2359 2248 1328 4522 5712 1683 707 1125 693 417 1069 750 483 267 2185 544 383 1641 1590 976 800 654 134 84 865 282 460 5323 3649 971 1674 690 353 618 3204 224 389 1031 585 304
internal_count=32759 17540 15219 2291 1762 15365 529 13180 12928 4720 8208 13123 2175 6038 2170 12800 3671 1032 2639 1916 9129 4607 2359 2248 1328 4522 5712 1683 707 1125 693 417 1069 750 483 267 2185 544 383 1641 1590 976 800 654 134 84 865 282 460 5323 3649 971 1674 690 353 618 3204 224 389 1031 585 304
cat_boundaries=0 1 2 3 4 5 6 7 8 9 10 11 12
cat_threshold=2152 1289 2460 1216 2264 6 2179 6 2 661 643 2126
is_linear=0
shrinkage=0.05


Tree=43
num_leaves=63
num_cat=5
split_feature=2 0 39 3 31 27 7 39 27 27 36 44 21 7 18 33 22 7 39 31 39 31 12 5 30 33 31 11 23 2 23 12 30 31 5 8 42 33 27 19 30 9 37 23 11 35 23 27 39 12 15 6 7 27 23 42 6 33 10 21 2 8
split_gain=14.0318 7.05592 5.02323 5.70131 4.97514 5.56483 4.59548 5.42737 7.81066 6.75648 6.97515 5.58036 4.79248 4.5559 4.44132 6.84013 4.51256 4.35852 7.28835 9.73273 5.54803 7.00831 4.98459 4.92525 4.75166 4.22549 4.19924 4.18844 4.17874 4.01073 4.00799 3.90946 3.86477 4.55459 3.85739 4.19323 3.78471 3.75913 3.65606 3.6441 3.5325 3.48731 3.44184 3.43194 3.40193 3.61382 3.37254 3.32493 3.27022 3.23314 3.23286 5.09727 3.21404 3.26287 3.14283 3.45058 3.11304 3.64445 3.0785 3.04423 3.21633 3.12945
threshold=-0.27443684570176025 0.090973952114044479 0 -0.69314718055994484 35.750000000000007 44.500000000000007 7.1146858005522686 1 6.5000000000000009 19.500000000000004 0.3976605048396617 1.0000000180025095e-35 1785.5000000000002 7.541536524627368 -0.7195421735217632 27.87857142857143 -0.20479395810076526 7.824817992913192 2 5.6500000000000012 3 0.35000000000000009 71.500000000000014 7.7889527486476817 67.000000000000014 37.964285714285722 272.10000000000002 7.5000000000000009 -0.82367434837344888 -0.060624621816435013 -0.65795635758647386 6.5000000000000009 33.250000000000007 209.65000000000001 7.5456290303072331 0.077002150983937173 0.87965517241379321 28.335714285714285 47.500000000000007 0.19202529751176728 1.0000000180025095e-35 0.26367423969673942 23.500000000000004 -0.91491898890127954 77.500000000000014 1.193063900055533e-08 0.20763936477824452 5.5000000000000009 4 36.500000000000007 0.41100498938761915 8.3180409615116719 6.6399108446429524 12.500000000000002 0.28092990466691786 0.78516483516483526 6.8493034300137632 27.035714285714292 -0.47730733735677772 2600.8350000000005 0.28376836614561501 0.1524954589799036
decision_type=2 2 1 2 2 2 2 1 2 2 2 2 8 2 10 2 10 2 1 2 1 2 2 2 2 2 2 2 8 2 10 2 2 2 2 10 2 2 2 2 2 10 10 8 2 2 8 2 1 2 2 2 2 2 8 2 2 2 2 8 2 8
left_child=2 6 4 41 5 42 27 8 11 10 26 31 34 -6 15 -3 -17 20 19 49 29 -22 23 43 47 48 -10 38 -14 -9 -5 -8 33 -25 35 -11 54 -13 -2 44 -40 -4 -1 -23 45 52 -16 -21 -18 -19 -30 -52 -38 -54 -29 -56 -46 -58 -43 61 -61 -45
right_child=1 14 3 30 13 -7 7 17 9 12 -12 37 28 -15 46 16 25 18 -20 24 21 22 -24 32 -26 -27 -28 36 50 -31 -32 -33 -34 -35 -36 -37 39 -39 40 -41 -42 58 -44 59 56 -47 -48 -49 -50 -51 51 -53 53 -55 55 -57 57 -59 -60 60 -62 -63
leaf_value=0.00046527780193908463 0.0034733990600925935 0.00048986619398931348 0.002321690613349 0.0032994654363022163 0.00096197913081108935 0.0049191022384886453 -0.0020555162105364982 0.00065944692483081615 -0.003005225216854486 -0.0025250646189402628 0.0021914518863346446 0.0021881470078586175 0.0035523317197074865 -0.0042701597569197508 2.3853065577324543e-05 -0.0010662230243670416 -0.00066595175605838053 -0.0006535246472348723 3.7166248506348871e-07 0.002354187716474599 -0.0011937379117905951 -0.0023098425662878967 0.0042944812153138433 -0.00063323050132987402 0.0049603461196531268 0.00038426936965791638 0.0024873729612731837 0.00080327094214374033 -0.00040868602644969433 -6.1816856582200792e-05 0.0011554378808922691 0.0023416315239271892 0.0040064996685766239 -0.007320568003672534 -0.0056296749556474677 -0.00028459032859206993 0.0031604914153904474 -0.0024841928408664274 0.0039021462679527715 -0.0013814062355067486 -0.0004369600006795774 0.020414880599612419 -0.0029556360930049191 0.0018267812692087601 0.00044033336758604656 -0.0011848696017383205 -0.00088022590051866278 -0.0034135089203048865 -0.0056373489455795872 -0.0098258397480311451 0.00020782506775051244 0.0026777119154443307 -0.0010372856790124133 0.000344975523623793 0.00014323637747532195 -0.00061510217201888673 -0.00010820228477011148 0.0016180537940404462 0.0046924485645778698 0.0037425643224787558 -0.0025243074534760097 -0.00014856542156775241
leaf_weight=295 255 396 119 802 171 150 49 567 626 124 60 42 72 253 2988 616 151 41 8565 76 296 56 357 307 103 101 45 202 1083 1877 1358 340 93 43 146 434 352 90 44 268 154 172 41 275 511 165 2772 447 474 163 259 49 264 1130 85 273 95 538 59 444 67 253
leaf_count=295 255 396 119 802 171 150 49 567 626 124 60 42 72 253 2988 616 151 41 8565 76 296 56 357 307 103 101 45 202 1083 1877 1358 340 93 43 146 434 352 90 44 268 154 172 41 275 511 165 2772 447 474 163 259 49 264 1130 85 273 95 538 59 444 67 253
internal_value=9.93762e-06 -0.000344045 0.00304005 0.00418485 -0.000162866 0.00328542 0.00011131 -0.000250716 -0.00203353 -0.00305278 -0.00720628 0.00359195 -0.00164899 -0.00411765 -0.00166689 -0.00388154 -0.00558451 0.000185172 -0.000433695 -0.00487515 0.00143982 0.0032584 0.00439082 0.0031514 -0.00183413 -0.00825309 -0.00866815 0.0015679 -1.70765e-05 -0.000203666 0.00323924 0.00660256 -0.00129505 -0.0037037 -0.00503546 -0.00313059 0.0010363 -0.00526316 0.00611233 0.0016772 0.00100503 0.010114 -0.000296736 0.00494982 0.00216787 0.000876046 -0.000998091 -0.00376908 -0.00978435 -0.0143902 -0.000628592 0.0038835 0.00154551 0.00046595 -0.00276292 -0.00557103 0.00432314 0.00666404 0.0136853 0.00560096 0.00834961 0.00293006
internal_weight=32703 29283 3420 2510 910 486 21785 17449 3419 2898 731 521 2167 424 7498 1738 1342 14030 9395 830 4635 2191 1895 1538 626 726 671 4336 1463 2444 2160 389 443 350 704 558 3883 132 453 3323 198 350 336 1095 3055 1911 5760 523 625 204 1391 308 1746 1394 560 358 1144 633 231 1039 511 528
internal_count=32703 29283 3420 2510 910 486 21785 17449 3419 2898 731 521 2167 424 7498 1738 1342 14030 9395 830 4635 2191 1895 1538 626 726 671 4336 1463 2444 2160 389 443 350 704 558 3883 132 453 3323 198 350 336 1095 3055 1911 5760 523 625 204 1391 308 1746 1394 560 358 1144 633 231 1039 511 528
cat_boundaries=0 1 2 3 4 5
cat_threshold=2162 2370 1024 132 135
is_linear=0
shrinkage=0.05


Tree=44
num_leaves=63
num_cat=10
split_feature=1 27 1 25 39 7 39 3 3 39 7 15 17 33 39 7 10 4 19 13 39 30 25 26 31 10 9 12 19 10 27 42 26 37 27 11 6 25 4 6 6 4 1 0 15 17 9 6 16 11 3 30 30 31 39 39 13 33 0 10 4 30
split_gain=12.0049 7.05534 7.02991 6.76388 8.13287 6.00045 5.93344 5.47874 4.74278 4.36058 4.32482 4.32362 4.24781 4.4371 5.01856 4.41425 4.23003 4.04887 4.04602 4.06373 4.58995 10.9641 6.0067 6.92107 6.37871 4.3308 4.71519 3.96979 3.57075 4.20645 3.55346 3.61105 3.54538 3.48968 5.07408 4.08701 5.62097 3.39511 4.21986 3.88305 3.4201 3.37 3.26572 3.26502 3.27457 3.90286 3.56481 3.24809 3.127 3.1025 3.69149 3.08099 5.00794 3.79733 3.53695 3.48118 4.43136 3.68091 3.47205 3.0888 3.06966 3.1212
threshold=-0.024691377834292535 6.5000000000000009 0.43837994655876017 0 1 8.3532359786587698 2 -0.69314718055994484 -0.23987896933445182 3 6.4683555916310196 -0.65012481738067784 0.45946497920204915 25.478571428571431 4 7.2685103033197418 -0.26007024270189433 -1.0265389581819597 0.043442690154446219 0.55950309817018307 5 67.000000000000014 6 51.500000000000007 23.550000000000004 0.15489497040132563 0.17787736895330711 84.500000000000014 -0.10916918143201597 0.15838079515130279 20.500000000000004 0.932768361581921 44.500000000000007 48.500000000000007 42.500000000000007 50.500000000000007 6.9796302050716079 7 -0.40546485810822736 7.9937701144832589 9.0236948344377783 0.60005614773746363 -0.22314355131420924 0.30618940541574263 2.8224876370560676 0.95081753144107184 0.079175601582155614 8.234337357979733 0.46846036342811864 67.500000000000014 -0.43387519203182062 81.200000000000031 39.150000000000013 101.90000000000002 8 9 0.27014863648527021 27.607142857142858 0.057158413839948803 0.1617719172441934 0.090973408637851097 77.200000000000003
decision_type=2 2 2 1 1 2 1 2 2 1 2 2 2 2 1 2 2 2 2 2 1 2 1 2 2 2 10 2 2 2 2 2 2 10 2 2 2 1 2 2 2 2 2 2 2 2 10 2 2 2 2 2 2 2 1 1 2 2 2 2 2 2
left_child=1 6 10 8 60 7 37 42 9 17 41 -4 13 -9 15 -15 -17 -3 19 27 21 22 23 24 28 -24 -27 -12 -21 -30 49 -32 -8 35 -35 -22 -37 39 -39 -1 -40 -2 -6 44 45 -20 -47 -23 -11 50 -16 52 53 55 -54 56 -10 -57 59 -58 61 -5
right_child=2 3 11 4 5 -7 32 12 51 48 18 -13 -14 14 30 16 -18 -19 43 20 33 47 25 -25 -26 26 -28 -29 29 -31 31 -33 -34 34 -36 36 -38 38 40 -41 -42 -43 -44 -45 -46 46 -48 -49 -50 -51 -52 -53 54 -55 -56 57 58 -59 -60 -61 -62 -63
leaf_value=-0.0042275995947766778 0.0019712829080550062 -0.011978934214126158 -0.0070649844173083292 0.00060302513848162524 0.006085458539803322 -0.002750104154951848 0.0015878155901836344 0.0045771555950183734 -0.0013721375277936276 0.004622712977918211 -0.0003890401501250921 -0.0019155342842580624 -0.0019374364449439138 -0.0001255769072378156 -0.006225710807271064 -0.00055111709104780672 -0.0068071519125510868 0.00094935685832715506 -0.00035053759532357385 0.0050984887283098664 -0.00034406724226323951 0.0052839069556828676 0.00034573832446577277 -0.004714839948900363 0.0063346684645394146 0.00065425773538058812 -0.0038153872412394667 0.00021350492547224419 0.0014577424901679526 -0.0039163602457308148 -0.00079754892667183554 0.00079010891959246379 0.0080196124141400336 0.0027587282199145395 -0.00078760178921989839 -0.00050813102798130227 8.379999435016788e-05 0.0050173869444259233 0.00027511552433048364 0.00085056034408080095 -0.0035243708148957721 0.011446477789462369 -0.0016382985258526596 0.0010332379076607478 0.002195339698639233 0.00034952858838862536 -0.0025758986537307107 -0.00014561505674268353 0.00059942827242925054 0.00079231354512188015 -0.0013298646408700235 -0.0014813843741359205 0.005023030497242573 -0.0013741679316739619 0.00052141589282177236 0.0037135035111995774 0.0012156322952975055 -0.00021511843204166217 -0.00092008922956124362 0.0052025381689499283 -0.00023269985820638351 0.0017224445441035548
leaf_weight=93 337 41 300 2107 164 417 1179 50 88 491 3989 1147 703 270 46 65 151 452 4344 52 2393 342 1216 45 175 245 412 737 128 62 309 1001 43 179 43 458 1707 122 343 71 52 43 42 330 90 43 525 45 147 149 306 191 207 298 276 76 854 1491 106 66 621 183
leaf_count=93 337 41 300 2107 164 417 1179 50 88 491 3989 1147 703 270 46 65 151 452 4344 52 2393 342 1216 45 175 245 412 737 128 62 309 1001 43 179 43 458 1707 122 343 71 52 43 42 330 90 43 525 45 147 149 306 191 207 298 276 76 854 1491 106 66 621 183
internal_value=-0.000154628 0.00100399 -0.000947751 0.000532149 -0.000507961 -0.00206976 0.0038209 -0.00135094 0.00196038 0.0047924 -0.00067722 -0.00429903 -0.00188463 -0.000862436 -0.00118581 -0.0056338 -0.0110599 0.00114087 -0.000791527 -0.000290294 0.00043316 0.00206733 0.00078125 0.00581395 0.00795455 -0.000490977 -0.0037614 -0.00143854 0.0026749 -0.00052356 4.11636e-05 0.00141114 0.00587997 -0.000500939 0.00560538 -0.000800614 0.000773315 3.61272e-05 0.00203598 -0.006 -0.000441919 0.00459318 0.00652174 -0.00194075 -0.00225864 -0.00243232 -0.00632689 0.00985825 0.00747304 -0.00353586 -0.00609065 0.00108785 0.0014294 0.000662752 0.00614669 0.00125839 0.00337778 -0.000269328 0.00433301 0.0053203 0.00146304 0.0023134
internal_weight=32658 13271 19387 11368 6584 3673 1903 3256 4784 1131 17940 1447 3050 2347 2297 486 216 493 17560 12228 7502 2722 2335 462 417 1873 657 4726 242 190 1811 1310 1222 4780 222 4558 2165 681 517 164 395 380 206 5332 5002 4912 568 387 638 501 352 3653 3462 2979 483 2681 1114 1567 1026 920 2911 2290
internal_count=32658 13271 19387 11368 6584 3673 1903 3256 4784 1131 17940 1447 3050 2347 2297 486 216 493 17560 12228 7502 2722 2335 462 417 1873 657 4726 242 190 1811 1310 1222 4780 222 4558 2165 681 517 164 395 380 206 5332 5002 4912 568 387 638 501 352 3653 3462 2979 483 2681 1114 1567 1026 920 2911 2290
cat_boundaries=0 1 2 3 4 5 6 7 8 9 10
cat_threshold=2360 4317 5320 2789 256 5408 2064 132 5512 2565
is_linear=0
shrinkage=0.05


Tree=45
num_leaves=63
num_cat=7
split_feature=2 0 19 5 30 23 22 21 31 39 39 7 2 8 17 30 37 11 12 12 2 31 42 42 7 21 39 33 5 26 8 20 3 2 31 39 39 8 1 13 0 2 41 23 39 33 10 30 2 39 33 33 29 26 30 37 36 23 33 33 10 26
split_gain=9.52316 6.17999 6.08904 5.66343 5.35597 5.46576 4.87734 4.85967 4.7215 4.99895 4.45695 4.98522 4.08135 4.08158 3.67233 3.66007 5.53364 4.98269 3.41823 6.8583 5.65632 4.98671 4.09163 4.04586 5.26875 4.00171 3.99622 4.45677 3.56434 4.50237 3.49351 4.56658 3.40056 3.39769 3.39488 4.49789 3.67781 3.93762 3.82635 3.43455 3.38704 3.31649 3.29906 4.96346 3.85168 4.04052 3.54646 3.82883 3.41568 3.28846 3.21848 3.19521 3.1879 3.17605 4.08751 2.99043 3.1876 3.07985 2.98559 4.57756 2.97006 3.45836
threshold=-0.048790164169431265 1.0857429026690679 0.0047803283776526083 6.6083176282128608 32.250000000000007 -0.40618698097770162 -0.064696078039866226 1050.0950000000003 0.65000000000000024 0 1 7.6899272846229403 -0.84474031005381833 0.029464010754302754 0.61683674636976937 21.200000000000006 10.500000000000002 36.500000000000007 39.500000000000007 15.500000000000002 0.31722051724789996 19.900000000000006 0.7835585585585586 0.98449519230769245 8.1708350671697865 4806.2500000000009 2 39.271428571428579 7.2143309805011571 27.500000000000004 0.41067274679472049 -0.0099826497270700549 -0.024097551579060458 -0.025345709032588367 220.34999999999999 3 4 0.072796022536532889 0.010787157094859447 1.7173113125561883 -0.34101691304797738 0.25245234062724992 3.1053588516746413 0.014893112022579038 5 39.407142857142865 -0.0038147605282938808 35.45000000000001 -0.36504798334554772 6 30.335714285714285 27.221428571428579 1.0000000180025095e-35 20.500000000000004 1.0000000180025095e-35 58.500000000000007 4.2829107556804052e-05 -0.30022253088702139 27.921428571428574 31.107142857142865 -0.45594866139225626 27.500000000000004
decision_type=2 2 2 2 2 8 8 10 2 1 1 2 2 10 2 2 10 2 2 2 2 2 2 2 2 10 1 2 2 2 10 10 2 2 2 1 1 8 2 2 2 2 2 10 1 2 2 2 2 1 2 2 2 2 2 10 2 10 2 2 2 2
left_child=2 6 12 32 5 -5 7 53 9 -9 52 15 -1 -14 -11 -12 17 -17 19 21 -20 22 -8 26 33 -23 27 28 29 -21 31 -28 -4 -25 36 -36 39 -38 -39 -7 -13 -32 43 -15 45 46 47 -44 -45 -6 -19 -33 -10 54 -2 56 57 -42 -22 -60 -51 -62
right_child=1 -3 3 4 49 34 18 8 10 14 11 40 13 42 -16 16 -18 50 20 23 58 25 -24 24 -26 -27 30 -29 -30 -31 41 51 -34 -35 35 -37 37 38 -40 -41 55 -43 44 48 -46 -47 -48 -49 -50 60 -52 -53 -54 -55 -56 -57 -58 -59 59 -61 61 -63
leaf_value=0.013253460148118158 0.0033806151203267911 -0.019748947770666936 0.0047099650801170822 0.00087335622291761616 -0.00069897108119985766 -0.00085214981581750206 0.0019726538907825267 0.00020292284072609293 -8.6388989493446476e-05 -0.0014099207751178064 0.0018965831876636937 0.0064261085300647896 -0.00091963169416619151 0.00059658451142755172 -0.0042787895221413795 0.0030472527913913035 -0.0017398263296469338 0.00094288740918087592 -9.6016082322337895e-05 -0.00015204123216686627 -0.00048837823729264574 0.00029979788859382512 -0.0013263457895841017 -0.0010149578308097987 -0.0021027669634932594 -0.0034509413255378236 -8.3378260172395252e-05 0.0030992709039579223 -0.00064534516512768255 0.0021917452829733745 0.0024661296621363944 -6.4560952683946941e-05 -0.00077850276829650187 0.0018653885772435767 -0.0071820061317239454 -0.00017668412756120818 -0.00088368339032619955 0.00071371476214313284 -0.0008646922380632163 0.004528232705654482 -0.00060025940212548386 -0.011691549267300009 0.0011384863855004781 0.0043214824908931514 0.00024887449478373655 0.0065534254535768877 0.00011195336934457321 0.0031617729134440263 -0.0027485071352559773 0.0099354913865936124 -0.0022305454056279999 0.0018069391257060662 -0.0037811665938697215 0.0072640890613726479 -0.0015890820920494307 0.0034482462847283922 -0.0015694658015976859 0.00024815418993343497 -0.0048492104383067031 -0.0024043694614370873 0.0022144028684769512 0.00072775883198763396
leaf_weight=132 94 78 265 552 325 2178 123 465 302 478 864 92 109 561 92 195 102 280 7601 249 285 996 1251 40 42 43 330 54 893 143 41 111 81 503 104 133 214 798 302 46 893 40 1789 45 2173 64 702 567 214 54 71 542 200 105 68 48 117 2009 406 413 227 587
leaf_count=132 94 78 265 552 325 2178 123 465 302 478 864 92 109 561 92 195 102 280 7601 249 285 996 1251 40 42 43 330 54 893 143 41 111 81 503 104 133 214 798 302 46 893 40 1789 45 2173 64 702 567 214 54 71 542 200 105 68 48 117 2009 406 413 227 587
internal_value=5.55015e-05 -0.000598984 0.00116174 0 -0.000389422 -0.00120726 -0.000545379 0.000590642 0.000306007 -0.0027751 0.000922884 0.00140431 0.00223376 0.00204819 -0.00585198 0.00376735 0.000924499 0.00292505 -0.00106685 -7.86746e-05 -0.00167988 -0.00206089 -0.00403636 0.00152225 0.00524744 0.000552885 0.000613561 -0.0012037 -0.00180793 0.00216285 0.00288372 0.00373476 0.00619597 0.00657169 -0.00188692 -0.00766807 -0.0014976 0.000603774 0.00181653 -0.00272931 0.000276899 -0.0070122 0.00221959 -0.000730816 0.00267655 0.00379828 0.00354691 0.00447603 -0.00644231 0.00257538 -0.000639205 0.00615443 -0.00350877 0.00718284 0.00276074 -8.14863e-06 -0.000206954 0.000120565 -0.00502262 -0.00655488 0.00415245 0.00343558
internal_weight=32881 20659 12222 5866 5520 4327 20581 6475 6208 1035 5173 4671 6356 6224 570 1512 648 546 14106 5401 8705 2413 1374 2988 585 1039 2403 1339 1285 392 1064 983 346 543 3775 237 3538 1314 1100 2224 3159 81 6115 820 5295 3122 3058 2356 259 1193 351 653 502 267 162 3067 3019 2902 1104 819 868 814
internal_count=32881 20659 12222 5866 5520 4327 20581 6475 6208 1035 5173 4671 6356 6224 570 1512 648 546 14106 5401 8705 2413 1374 2988 585 1039 2403 1339 1285 392 1064 983 346 543 3775 237 3538 1314 1100 2224 3159 81 6115 820 5295 3122 3058 2356 259 1193 351 653 502 267 162 3067 3019 2902 1104 819 868 814
cat_boundaries=0 1 2 3 4 5 6 7
cat_threshold=6790 448 4998 5648 3463 5405 2576
is_linear=0
shrinkage=0.05


Tree=46
num_leaves=63
num_cat=11
split_feature=22 0 21 33 39 39 41 16 10 11 23 14 2 31 41 37 6 41 37 2 13 39 21 11 5 30 39 39 14 18 4 39 21 5 37 20 8 39 30 26 41 29 6 27 22 26 39 8 30 39 26 5 16 13 39 31 12 2 20 39 31 26
split_gain=9.37102 7.56352 7.54703 6.46315 9.36973 6.33197 6.03331 5.91903 5.72184 5.64156 5.47407 4.53948 4.51885 4.43395 4.36039 4.3139 4.07133 5.16231 4.02347 4.0153 3.97599 3.9728 6.148 4.49297 3.96358 3.9583 6.81973 3.89056 3.8484 3.79635 3.68727 3.61951 3.84941 3.6346 3.58022 4.96343 3.9913 3.91999 5.89549 5.38803 4.81242 4.69136 4.56811 3.90959 3.80078 4.90956 3.75623 3.49159 3.48848 4.25138 3.54412 3.48366 3.45383 3.43706 3.41498 3.34619 3.6944 3.28239 3.28145 3.45404 3.28833 3.27623
threshold=-0.045459522915588316 -0.26345614864496308 3993.7500000000005 38.164285714285725 0 1 4.4064004096262162 0.10015952153727727 0.085071601547281897 55.500000000000007 -0.14037655891911147 -0.21511137961694557 0.053895556201633894 5.1500000000000012 1.0884033613445381 57.500000000000007 7.6488446694692991 2.1721443965517246 70.500000000000014 -0.040448267003368336 0.24260091960063065 2 2161.2500000000005 40.500000000000007 6.6420024002935572 50.95000000000001 3 4 -0.71416419123278529 0.063920331717957149 -0.5778007202450256 5 1249.7850000000001 7.5260958950865016 31.500000000000004 0.010750397763327486 0.20969701554588507 6 87.800000000000011 17.500000000000004 77.407886904761924 1.0000000180025095e-35 9.105006990094358 5.5000000000000009 -0.33535042091125183 2.5000000000000004 7 0.060014910003289242 53.650000000000006 8 49.500000000000007 6.3736366817472234 -1.2987834539471719 0.81578708449382209 9 209.65000000000001 81.500000000000014 -0.29686970592156919 0.1985901074876921 10 1.0000000180025095e-35 4.5000000000000009
decision_type=10 2 8 2 1 1 2 2 2 2 8 2 2 2 2 10 2 2 10 2 2 1 10 2 2 2 1 1 2 8 2 1 10 2 10 10 10 1 2 2 2 2 2 2 10 2 1 10 2 1 2 2 2 2 1 2 2 2 10 1 2 2
left_child=1 13 7 5 -5 10 8 16 21 14 -2 -8 -6 51 47 58 31 -18 19 24 -21 -7 -23 -24 -11 55 -27 -15 -12 30 -26 -3 -33 -34 36 -36 37 39 41 42 -40 -39 43 -16 45 -45 -47 -4 49 50 -38 -1 -29 -32 -50 -13 -57 -53 59 -9 -61 -10
right_child=3 2 9 4 12 6 11 15 61 18 28 25 -14 27 34 -17 17 -19 -20 20 -22 22 23 -25 29 26 -28 52 -30 -31 53 32 33 -35 35 -37 48 38 40 -41 -42 -43 -44 44 -46 46 -48 -49 54 -51 -52 57 -54 -55 -56 56 -58 -59 -60 60 -62 -63
leaf_value=0.0091437489515390682 -0.00022347567967754937 0.0022624279361034413 -0.00019157127578284665 0.0019710432693192362 0.00072727789282350721 -0.0021167097712254299 -0.00040729304240938891 0.00031884788541662395 0.00047379405170097882 0.0053456448182213658 -0.0039026716482703904 0.0001597597537557893 -0.0030265837505322681 0.0047070984465449849 0.0036873045968601826 0.0036469411999924626 -0.002581551375604826 0.00037413417830069315 -0.0029239627831354415 -0.001727684781386086 2.108361837039579e-05 0.0036171987025430982 0.00044353311663976433 -0.0026122111795151828 -0.0019477896008085454 0.00015244030909970319 0.0032151401466787837 0.0090467633123886542 -0.00125772081603701 2.7983860892997185e-05 0.00075753383801611691 0.0024621049063342643 -2.3407029029674848e-05 0.003447237267085972 0.0026168810219791565 -0.00062870894604963627 -0.0013507764232517162 -0.00035238260408065918 0.0084850356765050552 -0.00026873902995231747 -0.00020803203135985805 -0.0025331672053076123 -0.0026185700870397532 -0.0039586604740612704 -0.0013131567390589399 2.2357245590089185e-05 0.0035516801916269563 0.0039427512905317865 0.00346363243437116 0.00094794228419230707 0.0025865791824940441 0.003048244338983075 -0.00018038956314184973 0.0033579465487507706 -0.00077931994475327496 -0.0010390325531466299 0.00046592705368623605 -0.001358467967512761 0.0055198991673604189 -0.0026916678377373621 -0.00044874847010445244 -0.0037040902336956494
leaf_weight=46 1374 925 44 561 271 143 1494 900 75 124 254 2548 212 866 103 57 118 1022 40 142 3503 195 155 184 69 381 220 44 2117 908 368 619 898 112 154 71 1160 917 61 2411 86 1206 61 41 190 273 252 67 253 736 68 333 385 352 118 222 89 427 56 193 1156 482
leaf_count=46 1374 925 44 561 271 143 1494 900 75 124 254 2548 212 866 103 57 118 1022 40 142 3503 195 155 184 69 381 220 44 2117 908 368 619 898 112 154 71 1160 917 61 2411 86 1206 61 41 190 273 252 67 253 736 68 333 385 352 118 222 89 427 56 193 1156 482
internal_value=8.35536e-05 0.000680388 0.000378119 -0.00110904 0.00263158 -0.00150242 -0.000516212 0.0018491 -0.00364372 -0.000268525 -0.00312167 0.000262361 -0.00247976 0.00353235 -0.00109392 -0.000105798 0.00309878 0.000613497 0.000971491 0.00108835 0.00013028 -0.000553097 0.00146789 -0.00257353 0.00300494 0.00125686 0.00494186 0.00534336 -0.00458474 0.00237044 0.00490506 0.00420744 0.00272866 0.000840752 -0.00122825 0.00497788 -0.00140481 -0.0021287 -0.00372644 -0.00102484 0.00591216 -0.00441384 0.00222584 0.0031686 0.00191546 0.00396825 0.00527567 0.00870536 0.000331764 -0.000508906 -0.00230024 0.000619579 0.00130682 0.00596394 0.00477151 0.000480769 -0.00440705 -0.000197109 -0.000444493 -0.000744444 -0.00233456 -0.00739247
internal_weight=32912 21935 19834 10977 1044 9933 6188 6056 1234 13778 3745 4954 483 2101 8272 2362 3694 1140 5506 5466 3645 677 534 339 1821 3460 601 1295 2371 1697 789 2554 1629 1010 8161 225 7936 5601 2270 3331 147 2123 920 859 756 566 525 111 2335 1964 1228 806 429 720 371 2859 311 760 2305 2249 1349 557
internal_count=32912 21935 19834 10977 1044 9933 6188 6056 1234 13778 3745 4954 483 2101 8272 2362 3694 1140 5506 5466 3645 677 534 339 1821 3460 601 1295 2371 1697 789 2554 1629 1010 8161 225 7936 5601 2270 3331 147 2123 920 859 756 566 525 111 2335 1964 1228 806 429 720 371 2859 311 760 2305 2249 1349 557
cat_boundaries=0 1 2 3 4 5 6 7 8 9 10 11
cat_threshold=2325 2378 1536 660 5385 5140 701 53 5418 7432 6149
is_linear=0
shrinkage=0.05


Tree=47
num_leaves=63
num_cat=4
split_feature=0 17 1 17 7 17 10 25 40 36 41 3 22 0 25 41 25 11 12 31 1 15 13 11 0 42 31 16 33 8 30 41 27 16 8 15 9 17 9 21 41 4 9 41 19 11 27 15 17 30 20 25 8 23 4 21 21 44 40 18 22 4
split_gain=13.1302 5.92358 4.62831 5.12585 4.0991 5.24149 3.84144 4.41871 4.55316 3.71095 4.40056 3.55875 4.31521 3.50667 3.485 3.42908 3.39155 4.99508 4.86987 4.75597 4.50926 4.34798 4.32449 3.89908 3.27203 3.24345 3.42593 3.22019 3.1628 3.41825 4.9848 3.14368 3.12844 3.04206 3.02083 5.61076 2.98678 2.97877 3.37045 4.06872 3.006 2.95523 3.24444 2.94022 2.92622 2.87468 3.44922 2.79815 4.08873 3.48373 3.27569 3.32678 3.01614 2.96407 2.76472 2.90757 2.74676 2.73415 2.77835 2.70882 2.94364 4.17609
threshold=-0.050838832814851458 -0.03545998504147984 0.56617956982044071 -1.5278588521808756 7.1982017582533979 1.2691970635006595 -0.02856357020343658 0 4.5000000000000009 0.031484534452332513 166.67439516129033 -0.024097551579060458 0.47658476784466608 0.42757790941917723 1 5706.0234451450206 2 64.500000000000014 86.500000000000014 0.25000000000000006 0.22314355131421018 0.039608226768524275 0.49992061751018746 75.500000000000014 -0.59051534872101852 0.92247596153846168 6.450000000000002 -0.015250283657864737 39.642857142857153 0.20107029885622948 114.30000000000003 7.0433035714285719 9.5000000000000018 2.8698252467678222 0.19314052608366095 1.9518273778788151 0.32241404449239797 0.14058832010810687 0.21616910403328379 7137.5000000000009 1.5368112014453479 -0.23361432486599251 0.38263898409284164 2.5086232530478743 0.061392379589276021 77.500000000000014 26.500000000000004 -0.32697075710220908 -0.0110380294898742 29.750000000000007 -0.059516470690675304 3 0.18669622232405675 0.11778303565638341 0.36242654452042317 1449.1650000000002 7412.5000000000009 0.29285714285714287 4.5000000000000009 -0.37153838119521992 -0.031726573931293876 0.60005614773746363
decision_type=2 2 2 2 2 2 2 1 2 2 2 2 8 2 1 2 1 2 2 2 2 2 2 2 2 2 2 2 2 10 2 2 2 2 10 2 10 2 8 8 2 2 10 2 2 2 2 2 2 2 10 1 10 10 2 8 10 2 2 10 10 2
left_child=1 14 4 -4 5 9 34 27 31 10 11 36 -13 -5 24 33 17 41 19 -19 28 43 45 25 -1 26 -23 -8 29 37 -31 -9 -11 -12 -3 -36 -2 38 39 59 -39 42 57 -22 -7 -21 -47 49 -49 52 -50 53 -24 -52 55 -34 -40 58 -6 -18 61 -61
right_child=2 6 3 13 16 44 7 8 -10 32 15 12 -14 -15 -16 -17 20 18 -20 22 21 23 47 -25 -26 -27 -28 -29 -30 30 -32 -33 54 -35 35 -37 -38 40 56 -41 -42 -43 -44 -45 -46 46 -48 48 50 -51 51 -53 -54 -55 -56 -57 -58 -59 -60 60 -62 -63
leaf_value=0.014568522168924507 0.00023452806769791272 3.6670045288408203e-05 -0.01495542360214171 0.0001317806101757026 -0.0021493677666581212 0.0018999664760117514 0.0014761554913936764 -0.0034990076208606872 0.0023674686173412447 0.0023116335812546004 0.00049701560688345436 0.00024339273359236572 -0.00017713529595996186 -0.0077451944438570565 0.00074381967309145036 0.0058297045145267491 -5.9374317500193736e-06 -0.0012568278988388339 0.00014450287833485604 0.00035675520003293688 -0.0044679732054676699 0.0029821329587704538 0.00051609713218505671 -0.0032287159920478641 0.0015078402968554895 0.002774350682184424 -0.0030797573697460951 -0.00011488807607568183 0.0014624895342736581 0.00051375173873372849 0.0078677510952657407 -0.00078068166375001933 -0.0015823394650725806 0.0033906066451333365 0.002094816275966581 -0.0031516485409433838 0.0075719077019222453 0.0013130214274872343 -0.0020270299582331327 -5.5459237256875474e-05 -0.00030227616940334436 -0.00042200193229260317 0.0027734094707760979 -0.0018182534634926476 -0.0045618537057910379 0.0026169876066945543 -0.0027055939403745001 0.0014711306442806967 0.0047198063969152507 -0.0029071576718286657 0.0033809730222259409 -0.00030164056854531965 -0.0037133768203231805 -0.0016622144629099738 -0.0018850615940136002 0.00023337727536456784 0.0011376727958866066 0.00065097367961778414 -0.0044127869304309937 0.0019245850203096207 0.00028157570560323648 -0.0012130121895719114
leaf_weight=99 622 2289 86 334 869 57 291 235 95 47 2148 1005 747 257 2759 47 673 289 75 191 118 51 161 121 1266 220 106 919 237 1760 55 790 139 56 1581 126 158 69 364 1403 2355 3968 85 686 139 47 170 187 46 74 137 336 63 46 53 105 48 59 43 443 679 50
leaf_count=99 622 2289 86 334 869 57 291 235 95 47 2148 1005 747 257 2759 47 673 289 75 191 118 51 161 121 1266 220 106 919 237 1760 55 790 139 56 1581 126 158 69 364 1403 2355 3968 85 686 139 47 170 187 46 74 137 336 63 46 53 105 48 59 43 443 679 50
internal_value=-3.05483e-06 0.00145919 -0.000688804 -0.00475664 -0.000561135 0.000643313 0.000497866 -0.0011154 -0.00335986 0.000950663 0.00131166 -0.000118437 -0.00136908 -0.00308277 0.00293333 0.00291963 -0.000954866 -0.00180108 0.000438837 -0.000100114 -0.00033866 -0.00306984 0.00106237 0.000601202 0.00499637 0.00310847 -0.00237342 0.000982801 9.83163e-05 -7.27848e-05 0.00183095 -0.0043616 -0.00405797 0.00263039 0.00143858 0.00302986 0.00268886 -0.00064092 0.000259492 0.000800246 -0.002 -0.00261692 -0.00496689 -0.00534161 -0.00736041 -0.00330073 -0.00722477 0.00275928 0.00438247 -0.00133779 0.00225265 0.00110577 0.00177778 0.00631443 -0.00595638 -0.00367347 -0.00399516 -0.00578704 -0.00646221 0.0023429 0.00379369 0.00673077
internal_weight=32734 10450 22284 677 21607 5323 6326 2330 1120 5127 4783 2532 1752 591 4124 2251 16284 6846 1822 1747 9438 1302 1458 498 1365 377 157 1210 8136 7899 1815 1025 344 2204 3996 1707 780 6084 3660 3248 2424 5024 1056 804 196 408 217 1050 752 298 565 519 224 183 297 244 412 971 912 1845 1172 493
internal_count=32734 10450 22284 677 21607 5323 6326 2330 1120 5127 4783 2532 1752 591 4124 2251 16284 6846 1822 1747 9438 1302 1458 498 1365 377 157 1210 8136 7899 1815 1025 344 2204 3996 1707 780 6084 3660 3248 2424 5024 1056 804 196 408 217 1050 752 298 565 519 224 183 297 244 412 971 912 1845 1172 493
cat_boundaries=0 1 2 3 4
cat_threshold=3378 848 1219 130
is_linear=0
shrinkage=0.05


Tree=48
num_leaves=63
num_cat=13
split_feature=2 25 2 39 17 13 38 27 25 10 39 36 25 39 39 39 26 7 16 35 41 25 42 9 8 35 9 22 22 13 21 7 9 26 39 9 27 8 9 8 7 18 27 39 27 41 26 44 10 19 8 26 19 39 23 2 27 22 35 1 13 26
split_gain=10.6613 8.05936 6.06857 5.98242 5.70904 5.37596 4.86445 4.79852 7.53088 7.34442 7.13739 6.97815 6.1923 9.11595 6.11756 5.7872 5.67889 5.46926 5.36324 5.52962 6.2256 4.72148 5.41482 7.41834 6.43981 5.50853 4.77715 5.49718 4.31786 4.17319 4.15271 4.15095 4.14354 6.09804 4.02595 4.00381 3.90689 3.90605 3.72569 3.87521 3.9133 3.71451 3.68487 5.93 4.83914 4.58621 5.19522 3.79479 4.26734 3.66845 3.92794 6.27514 3.65558 3.63137 3.59372 3.56694 4.47909 3.51335 3.50781 3.4909 3.47134 3.45096
threshold=0.12676163805641097 0 -0.53181882349073939 1 -0.078565136196819804 2.1123002974067195 2 39.500000000000007 3 0.091733694474747565 4 0.0028937400973313827 5 6 7 8 14.500000000000002 8.605444404291644 1.0000000180025095e-35 0.0013715023426967836 2964.9232142857149 9 0.92247596153846168 0.14053112277372853 0.31648591350419741 0.49517430197064211 0.12014120100871957 0.18191457106311407 -0.078781205722074268 0.73333410852713188 3495.8350000000005 8.3938428221030126 0.18937299000010946 29.500000000000004 10 0.069768416886702669 25.500000000000004 0.28021300520211478 0.046226761001741876 0.18260704518200555 7.1222334855091374 -0.27076240629834253 38.500000000000007 11 45.500000000000007 4.3017370470200662 51.500000000000007 0.15476190476190479 0.26121636266499643 0.10877842902260658 0.047045505403703877 22.500000000000004 -0.027832416151994579 12 1.1009153788755588 -0.31542860566350978 1.5000000000000002 -0.38991000235105394 0.77488135826110816 0.45516475404233653 0.58123122796666571 19.500000000000004
decision_type=2 1 2 1 2 2 1 2 1 2 1 2 1 1 1 1 2 2 2 2 2 1 2 10 10 2 10 10 10 2 10 2 8 2 1 8 2 10 8 10 2 10 2 1 2 2 2 2 2 2 8 2 2 1 10 2 2 10 2 2 2 2
left_child=2 3 4 42 -1 35 53 12 11 10 31 15 13 28 16 -9 30 54 19 20 -16 22 23 -12 -25 26 29 52 -4 -24 -14 -10 -23 -34 -6 -5 -36 57 -20 40 -40 -30 45 61 -45 -2 47 -47 -49 50 51 -15 -28 -3 -18 -42 -57 -35 -21 -55 -46 -44
right_child=1 6 7 5 34 -7 -8 8 9 -11 21 -13 14 49 18 -17 17 -19 38 58 -22 32 25 24 -26 -27 27 -29 41 -31 -32 -33 33 37 36 -37 -38 -39 39 -41 55 -43 43 44 60 46 -48 48 -50 -51 -52 -53 -54 59 -56 56 -58 -59 -60 -61 -62 -63
leaf_value=0.0070021356740282833 -0.00089636502440392342 0.00040070399600789734 0.0028869977620086442 0.00056508151326099159 0.0048188202888716824 0.0045458104973747819 -0.0017774721933740039 0.00088228515332005708 -0.00053700347258179226 -0.0019255624656621629 -0.00037520598808907354 -0.0023601025699164662 0.00033682468133768012 -0.00042189259248432494 0.00014144240084694362 1.8485960937955001e-05 8.9737025933781623e-05 -0.0024741400603006379 0.00012430719231315562 0.0029744238721528832 -0.0027759459004254093 -0.00021304600254873631 0.0023502961181187695 0.0022814264968191549 -0.0024425995199273062 -0.0045194893684949678 0.00039700256861674687 -0.0017715486802912129 -0.001445475944864777 0.00071927947822200688 0.0028270065495630569 -0.0052141472782863399 0.0019499392967597404 0.0055763493444404783 -0.0041673644701141028 -0.0013211672548501621 0.0010209092092824633 -0.0078973938251183998 0.00012086897125437244 9.44087532649564e-05 0.001335054033333363 0.0015623371913746006 -0.0037554531107425724 -0.0068311972638364837 -0.0033060352957203346 0.0032892017398235898 -0.0028151513203503293 0.005294908091828688 -0.0066607437341329456 -0.00056388563489109323 0.00070954783778831012 2.0781125199885794e-05 0.0035169494349459977 -0.00064934861937721369 0.0052887182602431651 0.0019698567463792421 -0.0016219257916215747 -0.0029865859981416001 0.00010315818003109393 -0.0056899239674782377 0.00037846544128657806 0.0023354232691959772
leaf_weight=386 252 395 760 87 353 63 2430 1479 1966 1221 217 111 875 86 3835 2249 1408 126 81 180 166 1149 189 188 46 45 183 108 88 96 357 168 380 43 114 873 114 57 429 1310 119 266 60 96 104 907 96 51 65 211 1364 142 262 1875 52 83 1477 42 101 201 259 285
leaf_count=386 252 395 760 87 353 63 2430 1479 1966 1221 217 111 875 86 3835 2249 1408 126 81 180 166 1149 189 188 46 45 183 108 88 96 357 168 380 43 114 873 114 57 429 1310 119 266 60 96 104 907 96 51 65 211 1364 142 262 1875 52 83 1477 42 101 201 259 285
internal_value=7.09231e-05 -0.00150309 0.000587449 0.000451854 0.00446798 -0.00268375 -0.00277382 0.000429035 -0.000389706 -0.00144404 -0.000617704 0.00135714 0.00104683 0.00308231 0.000483035 0.00172969 0.00247437 0.000504096 -0.000240631 0.000945599 0.000468516 0.000953249 0.00315985 -0.00127212 0.00489362 0.00545814 0.00637664 0.00365523 0.00662222 0.0116259 0.00502839 -0.00282051 -0.000817479 0.00286807 0.00133162 -0.00364204 -0.00376569 -0.00594406 -0.00169286 -0.00194501 -0.00327169 0.00211268 0.00193275 -0.000745342 -0.00441489 0.00351676 0.00488839 0.00593262 -0.0025641 0.000868247 0.00169492 -0.00436681 0.00610987 -0.00119863 0.00136893 -0.00436012 -0.0049968 0.000872093 0.00771277 -0.00203642 -0.0018544 0.00414326
internal_weight=32781 8099 24682 3198 967 1023 4901 23715 10199 6360 5139 3839 13516 2917 10599 3728 2818 1586 7781 4282 4001 3005 1334 451 234 883 838 553 1114 285 1232 2134 1671 522 581 960 228 142 3499 3418 2108 354 2175 804 459 1371 1119 1023 116 1803 1592 228 445 2471 1460 1679 1560 85 281 2076 363 345
internal_count=32781 8099 24682 3198 967 1023 4901 23715 10199 6360 5139 3839 13516 2917 10599 3728 2818 1586 7781 4282 4001 3005 1334 451 234 883 838 553 1114 285 1232 2134 1671 522 581 960 228 142 3499 3418 2108 354 2175 804 459 1371 1119 1023 116 1803 1592 228 445 2471 1460 1679 1560 85 281 2076 363 345
cat_boundaries=0 1 2 3 4 5 6 7 8 9 10 11 12 13
cat_threshold=2352 7968 3 798 1796 1136 6186 596 1350 1025 5385 5120 114
is_linear=0
shrinkage=0.05


Tree=49
num_leaves=63
num_cat=7
split_feature=0 2 25 7 14 22 9 29 21 37 25 40 21 9 12 41 30 13 38 18 38 9 12 1 7 22 0 3 6 25 5 41 14 20 30 41 9 33 42 22 33 1 12 41 16 42 38 2 5 3 1 37 7 25 7 20 21 41 0 20 9 5
split_gain=9.71067 5.914 7.0902 5.6408 4.75293 4.03093 3.77695 3.72341 4.14398 3.51083 5.52951 4.62845 3.64438 3.45625 3.75077 3.3425 3.27743 3.24428 3.92687 3.19969 3.14662 3.11703 3.06079 3.05621 4.35609 2.97731 3.29367 2.8523 2.89898 2.82443 3.93425 3.73996 2.8406 2.82629 2.76343 3.73412 4.10102 3.953 2.75777 2.7486 2.71592 3.06536 3.02939 3.0727 2.69423 3.2052 4.31498 2.69278 3.23763 2.86435 2.78755 2.64223 2.75698 4.27823 4.63845 4.00965 4.85238 3.74913 4.41765 4.30578 4.55191 4.55744
threshold=-0.090304930883622778 0.32487563298087802 0 7.6718963802104119 0.093211181429115678 0.0066432182136029767 0.2829375865653363 1.0000000180025095e-35 2136.2500000000005 59.500000000000007 1 3.5000000000000004 1026.2500000000002 0.17591727591853348 68.500000000000014 3817.1821084529506 63.050000000000011 0.74170902713768871 2 -3.1514693917031988 3 0.20735012319025453 3.5000000000000004 1.0573520735808823 7.0845005196796453 -0.83921699195796584 -0.63932534042946088 0.017223390768923878 8.6359431390608368 4 7.1396252906401232 59.236707470182061 0.14605592679632864 0.069404482912147292 68.050000000000026 260.69556451612908 0.16602099298807912 28.678571428571434 0.68801229508196726 -0.94541969146083771 38.678571428571438 0.2876853590842981 40.500000000000007 4.4064004096262162 0.11045878518309228 0.96850198412698429 5 0.095310179804325226 6.9550755583261159 0.1917001059710173 0.084585962520523431 74.500000000000014 7.2106004436290023 6 7.1768299565712796 -0.043695226435781144 985.50000000000011 122.31730769230771 0.14637938515217599 0.014470147990428684 0.054665860930200365 7.3530478702285045
decision_type=2 2 1 2 2 8 8 2 10 10 1 2 10 10 2 2 2 2 1 8 1 8 2 2 2 8 2 2 2 1 2 2 2 10 2 2 10 2 2 10 2 2 2 2 2 2 1 2 2 2 2 10 2 1 2 10 10 2 2 10 10 2
left_child=4 5 3 7 19 9 51 8 -3 10 11 34 15 -4 23 -12 44 18 -8 -1 -19 -18 -22 24 -15 26 -21 -13 -29 31 32 -20 -31 -32 35 36 -2 -38 -26 -23 41 42 43 -27 -6 46 -46 49 -49 50 -45 52 53 55 -55 -7 -57 -54 59 60 61 -59
right_child=1 2 13 -5 16 6 17 -9 -10 -11 12 27 -14 14 -16 -17 21 20 29 25 22 39 -24 -25 38 40 -28 28 -30 30 33 -33 -34 -35 -36 -37 37 -39 -40 -41 -42 -43 -44 47 45 -47 -48 48 -50 -51 -52 -53 57 54 -56 56 -58 58 -60 -61 -62 -63
leaf_value=0.0049628434971312127 -0.0060302575341572798 -0.0017869467839613706 -4.4477417259861707e-05 -0.0012230707635290479 0.00051024180889173781 -0.0015587562307564978 0.0022147797541597395 0.0039975796616150373 0.006325408461016967 0.0028331091447083541 0.0041634714737368806 0.0013649013209151169 0.00016675473945053072 0.00092689101180305387 -0.0074324843210536486 -0.0022397932784596003 2.9180816549283171e-05 -0.0014980776405475581 0.0021444628868176256 0.014295634331310132 0.005960087541997245 0.011614395252385751 0.0011376519276555875 -0.042473150196806544 0.0023138277602430903 -0.00012988180841178718 0.0026439920062979664 -0.0024874777624010014 0.0015183457483359528 -0.00090900223886552069 -0.0016266027556152253 -0.0058395062644331147 0.0050619376243575352 -0.0053978136269146968 0.00053857421300264037 0.00046631423505324456 0.0035223795082496485 -0.0054037621265279733 -0.00443796661231146 0.0026153981760515419 0.0039838850875120405 -0.0036291230678116059 0.00028339426661779351 0.001448694295384222 0.0018848343839952349 -0.0012038046545190528 -0.00045469255462933782 -0.00039542447059231665 0.0060148125506275492 -0.0014198953045966205 0.005596718085666765 -0.0029896335739455996 -5.9758395436378879e-05 -7.4218430797325967e-05 0.00057453039540168846 0.0016716270131767624 -0.0018637302480964827 -0.00059693689571961345 -0.0031954753820978721 -0.0009811290365529452 -0.00061256606634647881 0.0014106922811183724
leaf_weight=69 119 242 314 476 1131 41 120 239 64 128 291 143 7477 261 275 40 154 226 167 91 58 43 935 46 42 359 284 61 43 88 257 52 45 79 71 61 49 99 512 88 230 143 2454 888 172 554 852 49 176 85 51 57 6622 2482 234 270 40 70 182 682 985 185
leaf_count=69 119 242 314 476 1131 41 120 239 64 128 291 143 7477 261 275 40 154 226 167 91 58 43 935 46 42 359 284 61 43 88 257 52 45 79 71 61 49 99 512 88 230 143 2454 888 172 554 852 49 176 85 51 57 6622 2482 234 270 40 70 182 682 985 185
internal_value=0.000104408 -0.000379046 -0.00270024 0.000508721 0.00163513 -0.000123553 -0.00065031 0.00398352 0.000325733 0.000728184 0.000603193 -0.00380518 0.000971991 -0.00492813 -0.0062445 0.0060994 6.6778e-05 0.00134369 -0.00111248 0.00259734 0.00297131 0.00515734 0.00415837 -0.00461137 -0.00389093 0.00244232 0.00671543 0.0015121 -0.0047619 -0.00257511 -0.00473958 0.00206522 0.00242537 -0.00771513 -0.0071875 -0.00911854 -0.0116604 -0.00604027 -0.0063964 0.0107955 0.00207958 0.00178911 0.00204283 0.00372902 -0.00047048 -0.00180494 -0.000146341 0.0049 0.00984513 0.00380488 0.00460106 -0.000991478 -0.000939037 0.000350391 -0.000330033 0.0054558 0.00755627 -0.00139223 -0.0032304 -0.0025221 -0.000765512 0.00517578
internal_weight=32803 24930 2471 1021 7873 22459 13877 545 306 8582 8454 646 7808 1450 1136 331 2994 2027 808 4879 1219 285 993 861 815 4810 375 247 104 688 469 219 133 336 399 328 267 148 554 131 4435 4205 4062 1608 2709 1578 1024 1249 225 1024 939 11850 11793 3067 2716 351 310 8726 2104 1922 1240 255
internal_count=32803 24930 2471 1021 7873 22459 13877 545 306 8582 8454 646 7808 1450 1136 331 2994 2027 808 4879 1219 285 993 861 815 4810 375 247 104 688 469 219 133 336 399 328 267 148 554 131 4435 4205 4062 1608 2709 1578 1024 1249 225 1024 939 11850 11793 3067 2716 351 310 8726 2104 1922 1240 255
cat_boundaries=0 1 2 3 4 5 6 7
cat_threshold=2400 128 2 8 2181 2 514
is_linear=0
shrinkage=0.05


Tree=50
num_leaves=63
num_cat=8
split_feature=2 16 1 10 30 39 10 5 39 41 22 6 29 41 44 26 17 10 11 5 26 40 11 39 26 30 18 39 6 39 12 4 30 26 1 26 42 41 13 27 30 4 26 2 4 26 39 30 27 27 38 3 10 2 12 26 29 9 39 8 18 26
split_gain=8.24197 6.7202 4.70361 5.089 4.33441 5.64348 5.92515 4.54856 5.36619 4.28385 4.1817 5.07107 5.69347 4.60362 7.02757 4.53054 4.11102 3.90607 3.87712 3.79644 4.13866 4.01876 3.71271 3.69448 7.01071 6.18884 5.68183 4.73253 4.08093 3.62713 3.62292 3.5838 3.53975 3.52548 3.47417 3.44124 3.43589 3.98171 3.69608 3.46282 3.43275 3.33784 4.8383 3.33001 3.40623 3.28442 4.23722 3.18959 3.10322 5.99357 3.09194 3.15282 3.0585 3.0549 3.7202 6.04985 6.66019 4.10275 3.4165 3.7199 3.54765 3.50972
threshold=-0.077848149023914001 -0.25131442828090583 0.77139833465241259 0.54000608367570913 38.650000000000006 0 -0.2349896685091801 6.6823519422668705 1 2.756753246753247 -0.14585466718334952 7.8394386884520193 1.0000000180025095e-35 4.4064004096262162 0.10555555555555557 11.500000000000002 1.1530055810939681 -0.27357467573100619 56.500000000000007 8.0696119958875716 18.500000000000004 4.5000000000000009 16.500000000000004 2 45.500000000000007 71.15000000000002 0.1561217356389337 3 7.1583667191456639 4 43.500000000000007 1.2080266387495773 0.25000000000000006 40.500000000000007 -0.065934146810423741 49.500000000000007 0.81302966101694929 29.785109289617491 1.0000037500093755 2.5000000000000004 0.55000000000000016 -0.7184648992576198 27.500000000000004 -0.84474031005381833 -0.46154030195565582 36.500000000000007 5 60.500000000000007 20.500000000000004 39.500000000000007 6 0.094105307474797076 0.073279557331623849 0.12444536794861262 48.500000000000007 20.500000000000004 1.0000000180025095e-35 0.20879345650729464 7 0.021341350041206315 1.3004847607214574 15.500000000000002
decision_type=2 2 2 2 2 1 2 2 1 2 8 2 2 2 2 2 2 2 2 2 2 2 2 1 2 2 10 1 2 1 2 2 2 2 2 2 2 2 2 2 2 2 2 2 2 2 1 2 2 2 1 2 2 2 2 2 2 10 1 8 8 2
left_child=1 9 10 -4 7 6 -6 29 35 17 11 16 15 14 33 -13 22 40 -8 21 -21 32 -2 25 31 26 34 -27 48 -3 -14 41 -17 -12 -15 -9 -36 38 39 -38 -1 42 -25 -11 -45 -24 -47 -7 -26 -50 51 -32 -16 58 55 -55 -57 -58 59 -43 61 -60
right_child=2 4 3 -5 5 47 18 8 -10 43 13 12 30 23 52 19 -18 -19 -20 20 -22 -23 45 24 28 27 -28 -29 -30 -31 50 -33 -34 -35 36 -37 37 -39 -40 -41 -42 53 -44 44 -46 46 -48 -49 49 -51 -52 -53 -54 54 -56 56 57 -59 60 -61 -62 -63
leaf_value=-0.0032242533403159662 0.002393402077876635 -0.0016557280889050287 -0.0021154000068831927 -0.015156258915252678 0.00658857136992517 0.00091719579318461021 0.00010433012478509134 -0.00079190618768318691 0.00023123260412442572 0.024848888655360453 -0.0022624127565620713 0.0023338982894103672 -2.9141961479172559e-05 0.00074932529600545052 0.0005964906623857531 0.0030228266771332758 -0.0025225149021473529 -0.0009817436069584518 0.0033305468547915927 -0.0032133199864686351 0.00060963755584561466 -0.0034001183325771313 7.7070383360109898e-05 0.00010643017084992001 -0.0023157808225763182 0.0047106976036424084 9.0822218694108035e-05 3.2056625019897836e-05 -0.0019837734923249073 0.0030993973658557019 0.0010360255738637188 0.0037535163432385861 -0.0013725460109177898 -0.00015744887408381954 4.3019470608797214e-05 0.0049034744470265474 -0.0051490657998490511 5.2381949066840664e-06 0.0012011875200075553 -0.00050111158770744775 0.0070642394934976403 -0.00060685973358290521 -0.010578859284219711 0.00012015683234212049 0.0017097281633793864 -0.0019084537857785419 0.003778787178608212 -0.0011364269745468552 0.0042946726537447339 -0.0044339164664365166 -0.0032693844485384448 -0.0025981330915262552 -0.0010989312008583014 -0.0011060850214124833 -0.0014278709362977617 -0.00010107428044765222 0.0079996128132739548 0.0021597651739927027 -0.00084725544484828559 0.0001992278568782712 -0.0025044043584717501 7.8602938302040317e-05
leaf_weight=43 510 108 147 122 254 259 471 2862 2358 81 1145 207 397 340 356 50 101 219 148 77 1189 115 1446 66 42 202 2820 250 659 400 134 152 171 368 304 100 80 460 139 802 48 103 64 640 1941 140 500 378 113 67 367 77 380 627 1288 415 119 104 786 2353 209 1705
leaf_count=43 510 108 147 122 254 259 471 2862 2358 81 1145 207 397 340 356 50 101 219 148 77 1189 115 1446 66 42 202 2820 250 659 400 134 152 171 368 304 100 80 460 139 802 48 103 64 640 1941 140 500 378 113 67 367 77 380 627 1288 415 119 104 786 2353 209 1705
internal_value=-2.91599e-05 0.00113956 -0.0005703 -0.00712963 0.00032702 0.00271343 0.00528846 -0.000291645 -0.000723548 0.00314497 -0.000489773 0.000706859 -0.000789946 -0.000886858 -0.00298889 0.000870166 0.00225167 -0.00241158 0.00270161 -3.11915e-05 0.00122336 -0.00474777 0.00263766 -0.000555361 -0.00118203 0.000476146 -3.53821e-05 0.00607064 -0.00541383 0.00422397 -0.00386783 -0.000716341 -0.000788288 -0.00493725 -0.0019873 -0.00213589 -0.00286954 -0.00386302 -0.00560176 -0.00679502 0.00625 -0.000864158 -0.00877863 0.00379271 0.00347599 0.00170101 0.00468019 -0.000887346 0.00044843 0.00331492 -0.00639033 -0.00123874 0.00101764 -0.000729572 -0.0021437 -0.00021722 0.00320814 0.0101563 -2.90867e-05 0.00131739 -0.00125415 -0.000732343
internal_weight=32578 10310 22268 269 7338 1510 873 5828 5320 2972 21999 5481 2784 16518 2249 1809 2697 310 619 1602 1266 336 2596 14269 8872 5397 4945 452 881 508 975 7991 221 1513 2125 2962 1785 1481 1021 882 91 7839 130 2662 2581 2086 640 637 222 180 578 211 736 7709 2553 1265 638 223 5156 2456 2700 2491
internal_count=32578 10310 22268 269 7338 1510 873 5828 5320 2972 21999 5481 2784 16518 2249 1809 2697 310 619 1602 1266 336 2596 14269 8872 5397 4945 452 881 508 975 7991 221 1513 2125 2962 1785 1481 1021 882 91 7839 130 2662 2581 2086 640 637 222 180 578 211 736 7709 2553 1265 638 223 5156 2456 2700 2491
cat_boundaries=0 1 2 3 4 5 6 7 8
cat_threshold=5390 3970 5777 5120 160 384 2 12
is_linear=0
shrinkage=0.05


Tree=51
num_leaves=63
num_cat=7
split_feature=25 39 2 39 7 29 26 2 20 4 6 13 40 31 33 6 39 25 7 31 3 33 21 33 26 37 20 6 37 37 23 1 8 21 26 19 12 4 8 17 1 19 9 23 7 26 39 26 41 21 36 12 12 33 19 41 15 17 2 26 10 25
split_gain=9.0423 8.1497 7.45249 7.0033 7.83214 9.80767 8.38864 8.58691 7.37389 8.01822 7.63322 6.9579 6.73079 6.80897 6.51675 6.3683 6.47031 7.34824 6.77154 8.4044 6.31916 5.94087 5.55706 5.34849 4.97873 4.91017 4.83935 4.71155 4.84055 5.88484 5.04479 4.68609 4.64253 4.52764 4.48031 4.45148 4.43893 4.4349 4.54155 4.42151 4.39201 4.26573 4.22108 5.85658 4.14133 3.98158 3.97837 6.35953 3.95466 5.00855 3.81048 4.6561 4.63179 4.46005 4.20793 3.77383 3.72192 3.68805 3.60747 3.5885 3.58583 3.5852
threshold=0 1 0.46445919437097866 2 8.31786639424889 1.0000000180025095e-35 2.5000000000000004 -0.31542860566350978 0.042490801591754425 0.3498132511473338 7.7979213323893086 0.58639371727748701 1.5000000000000002 6.450000000000002 38.26428571428572 7.6325855458405893 3 4 8.2618339007559722 5.6500000000000012 0.12516314295400613 26.63571428571429 7681.2500000000009 26.407142857142862 43.500000000000007 20.500000000000004 0.083638336569361524 6.6628664858834528 70.500000000000014 56.500000000000007 -0.048790164169432097 0.43837994655876017 0.03282727936187009 2252.5000000000005 50.500000000000007 0.16426006723742689 32.500000000000007 0.91629073187415544 0.24578534410524369 -0.63832040737265128 0.14648086945024466 -0.37076262152859885 0.11023407165475919 -3.1640070362015824 7.5855095107271184 20.500000000000004 5 11.500000000000002 301.62152777777777 1831.2500000000002 0.3976605048396617 45.500000000000007 84.500000000000014 37.150000000000013 -0.054610421048279907 1.5368112014453479 0.39204208777602406 0.24011944687803685 0.082978249269814355 43.500000000000007 -0.29721993208892167 6
decision_type=1 1 2 1 2 2 2 2 10 2 2 2 2 2 2 2 1 1 2 2 2 2 10 2 2 10 10 2 10 10 10 2 8 10 2 2 2 2 8 2 2 2 10 10 2 2 1 2 2 10 2 2 2 2 2 2 2 2 2 2 2 1
left_child=1 15 3 32 5 8 36 44 10 -10 14 48 13 46 27 21 17 18 19 34 26 -1 -15 -13 40 37 -3 -5 29 30 41 33 -2 42 -17 -12 -7 38 -18 -33 45 -29 43 -23 -8 -19 47 -6 61 -50 51 54 53 58 -25 -22 -44 -47 59 -53 -43 -9
right_child=2 20 -4 4 12 6 7 11 9 -11 35 23 -14 22 -16 16 25 24 -20 -21 55 31 -24 50 -26 -27 -28 28 -30 -31 -32 39 -34 -35 -36 -37 -38 -39 -40 -41 -42 60 56 -45 -46 57 -48 -49 49 -51 -52 52 -54 -55 -56 -57 -58 -59 -60 -61 -62 -63
leaf_value=0.0048696124770332529 -4.0357690408710135e-05 -2.0724538679444035e-05 -0.0038934581460671278 0.0020665983591285409 0.0022617453250716167 0.0085841925571474419 -0.00022190375881225508 -0.0014719433583160206 0.0020059813752889067 -0.0022586766946394855 0.0004547945026501259 0.0024429030854755543 0.00019733026099683299 -0.0058458828456942544 0.0027928449705834435 -0.0025199738676652734 -0.0035108315676070862 -0.0012611471591881343 -0.0018975224038920348 0.0053930975288468477 0.00092938403520107654 0.00061514018178641147 0.0018384918071536458 -0.00093939705957537048 -0.003991864733682478 0.0010856831095275067 0.0012942458137593139 0.0035737039210860799 -0.0030917147128084349 0.0042466732653244589 -0.0021739920213796958 -0.0098733913208701868 0.00023564076241398211 0.0033008882330261601 0.0039473985631162875 0.0035873090119331579 -0.00028253700603882506 0.0018017354283651249 0.0011822806772086678 0.00019256451180842045 -0.0012062260615628467 0.0017173924009854531 0.0021905016664085916 -0.0012414918668715456 0.0036212548837351224 0.001648010906284049 -0.0030229373543712817 -0.002181370168061077 -0.0010742119874234577 0.0034935400272389314 -0.0022542886975611752 -0.0027806566610634516 0.00045958816980559209 0.00078935856511806778 0.00048397680588398303 -0.0013773357988544491 3.2215107341759114e-05 -0.00027588179752107773 -0.004388076724144179 -4.2732178012908596e-05 -0.00079768644034363474 -0.0036439475363897415
leaf_weight=312 642 3525 656 235 182 88 267 284 1083 277 1201 89 364 403 176 98 432 333 122 342 69 254 42 356 70 111 475 50 73 91 813 75 6047 485 56 111 73 122 94 266 686 168 2002 339 285 1321 304 178 186 43 99 518 274 151 949 1128 613 552 283 257 1031 637
leaf_count=312 642 3525 656 235 182 88 267 284 1083 277 1201 89 364 403 176 98 432 333 122 342 69 254 42 356 70 111 475 50 73 91 813 75 6047 485 56 111 73 122 94 266 686 168 2002 339 285 1321 304 178 186 43 99 518 274 151 949 1128 613 552 283 257 1031 637
internal_value=6.08847e-06 0.000975311 -0.000703483 -0.000516083 -0.00125731 -0.000763622 -0.00239153 -0.00277837 0.000720339 0.0038942 -0.000373418 -0.00356191 -0.00466418 -0.0065991 -0.00192381 0.0019118 0.000558756 0.00144806 0.0063593 0.00905433 -0.000590438 0.00326662 -0.0113789 -0.00228418 0.000403633 -0.0036039 0.000362409 -0.00258936 -0.0033004 -0.00286676 -0.00341735 0.00275093 0.000772388 0.00326881 -0.000645161 0.00274181 0.0087963 -0.00531587 -0.0073055 -0.00285088 0.00072589 -0.00142 0.00258648 -0.00122054 0.00307414 0.00181242 -0.00338346 0.000269542 -0.0068636 -0.000978261 -0.00265755 -0.00231266 -0.00422844 -0.00555785 -0.000133997 -0.00377713 0.00344992 0.00270811 -0.00670444 -0.00492912 -0.00202083 -0.0083243
internal_weight=32848 13882 18966 18310 11621 10148 4839 4678 5309 1360 3949 4126 1473 1109 2637 8685 4339 3580 618 496 5197 4346 445 2976 2962 759 4000 2461 2226 2153 2062 4034 6689 3693 154 1312 161 648 526 341 2892 1249 3208 593 552 2206 664 360 1150 229 2887 2788 1483 1209 1305 1197 2615 1873 1058 775 1199 921
internal_count=32848 13882 18966 18310 11621 10148 4839 4678 5309 1360 3949 4126 1473 1109 2637 8685 4339 3580 618 496 5197 4346 445 2976 2962 759 4000 2461 2226 2153 2062 4034 6689 3693 154 1312 161 648 526 341 2892 1249 3208 593 552 2206 664 360 1150 229 2887 2788 1483 1209 1305 1197 2615 1873 1058 775 1199 921
cat_boundaries=0 1 2 3 4 5 6 7
cat_threshold=2864 7970 221 5664 2048 512 68
is_linear=0
shrinkage=0.05


Tree=52
num_leaves=63
num_cat=9
split_feature=2 31 22 25 8 26 0 6 2 37 26 4 25 15 33 21 21 25 27 37 25 12 33 35 26 35 25 7 25 31 37 12 6 26 33 25 1 22 8 25 44 3 37 7 34 38 33 3 12 37 37 26 5 12 31 20 42 37 2 7 1 20
split_gain=7.95273 6.46393 7.14578 7.73062 6.08451 6.26687 4.99354 4.66565 4.74538 4.29887 4.24894 4.12437 3.88492 4.68535 3.85615 3.69338 6.78221 5.13997 4.15855 5.9037 5.25374 4.7693 4.54268 4.23872 5.11332 4.61928 7.55629 5.76981 6.8991 4.19172 4.11808 4.15318 4.14079 4.08477 3.82354 4.22872 4.27119 3.77645 3.65845 3.61156 7.10171 4.51919 3.60854 3.60278 3.59443 3.58283 3.5056 3.49937 3.49128 4.73701 3.64559 3.35434 3.3215 3.31315 3.67785 3.24221 4.02731 3.52792 3.57201 3.25697 3.22329 3.62937
threshold=-0.34291792354734868 0.55000000000000016 -0.23631421219600401 0 0.093685136230685612 44.500000000000007 -0.81093021621632866 9.3048588514174586 0.31722051724789996 31.500000000000004 51.500000000000007 -1.4388113718587412 1 2.3683511091530129 29.614285714285717 14600.000000000002 4005.0000000000005 2 6.5000000000000009 19.500000000000004 3 44.500000000000007 26.87857142857143 0.014421267812719728 16.500000000000004 3.5901944302834707e-09 4 7.1438884834555028 5 1.6500000000000004 66.500000000000014 45.500000000000007 7.9438443986970144 46.500000000000007 29.807142857142864 6 0.084585962520523431 0.15951880586747758 0.24815254731687447 7 0.29285714285714287 0.040821994520255263 34.500000000000007 6.7217636430196466 1.0000000180025095e-35 8 41.078571428571429 -0.72901791152133277 21.500000000000004 20.500000000000004 36.500000000000007 49.500000000000007 7.3802916033060546 3.5000000000000004 5.1500000000000012 -0.046191814056790244 0.83063885267275106 54.500000000000007 -0.035717628056831423 6.9788604923732018 0.040051353749622105 -0.034261826939257257
decision_type=2 2 8 1 10 2 2 2 2 10 2 2 1 2 2 10 10 1 2 8 1 2 2 2 2 2 1 2 1 2 8 2 2 2 2 1 2 10 8 1 2 2 10 2 2 1 2 2 2 10 10 2 2 2 2 10 2 10 2 2 2 10
left_child=6 4 3 9 48 7 -1 8 46 14 15 -8 53 47 -3 16 18 37 20 -20 21 29 55 25 -25 27 -27 28 33 -4 -22 32 -32 38 35 36 -33 51 43 40 41 -29 45 -24 -28 -5 -6 -14 50 -50 -2 -18 -43 54 -13 59 -57 58 -58 -21 61 -34
right_child=1 2 10 42 5 -7 11 -9 -10 -11 -12 12 13 -15 -16 -17 17 -19 19 22 30 -23 23 24 -26 26 44 39 -30 -31 31 34 60 -35 -36 -37 -38 -39 -40 -41 -42 52 -44 -45 -46 -47 -48 -49 49 -51 -52 -53 -54 -55 -56 56 57 -59 -60 -61 -62 -63
leaf_value=0.020144376778531925 -0.00073852123234026726 -0.0017543916020936027 -0.0045204179327621276 0.0016556905242797737 -0.00050136992678003823 -0.0044990676178908286 -0.004519867756540728 -0.0084851717640199442 -0.0041730800573136209 0.0059903958057649156 -0.0015939146033180345 -0.00083013980561765237 0.010485569271204854 -0.0032325146097290261 6.4011748414684319e-05 0.00082689803840124872 0.00031093166971612465 -0.0016005382911780637 -0.0012693527419020676 0.011359820931330387 0.0018753921190175393 0.0027605930078948094 -0.0010016789364994496 -0.0019075932988926283 0.0012074470505930761 0.00092501067294342156 -0.002321056627697775 -0.00024401175267207691 0.0004332459928270336 0.0021656722207175844 0.0012985195089020556 0.0022572231315304268 -0.0070455869216638368 -0.0082269221154485424 -0.0016858887024380617 -0.0010766194601656838 -0.0026099074252967712 -0.0019828051103511 -0.0035098693209876229 -8.7649099642416023e-05 0.00084644398318267167 0.00018910340770809716 0.0048378936697852778 0.00047834544504153349 6.9323815090544674e-05 0.00022624535704879735 0.0049233256873886782 0.0022713711762207137 0.00022027724653434031 -0.0018659005092585498 0.0028652887101096661 0.0049373269600000306 -0.0025977367545476026 -0.00048350421545071158 0.0069685855057218032 -0.0013361991654997866 0.001521210567040748 0.0041601286183484479 -2.4776772024531466e-05 0.0010703663556483002 -0.0033297291251348214 0.00030819166533700411
leaf_weight=130 380 547 41 2327 2920 293 60 80 367 50 408 79 143 47 754 286 354 1459 327 61 212 201 96 79 208 110 173 798 2316 104 572 186 43 44 306 254 82 86 192 7420 136 83 67 296 40 1390 42 1065 1136 79 40 43 363 801 134 160 522 41 1079 344 128 161
leaf_count=130 380 547 41 2327 2920 293 60 80 367 50 408 79 143 47 754 286 354 1459 327 61 212 201 96 79 208 110 173 798 2316 104 572 186 43 44 306 254 82 86 192 7420 136 83 67 296 40 1390 42 1065 1136 79 40 43 363 801 134 160 522 41 1079 344 128 161
internal_value=-2.06132e-05 -0.000242678 9.51904e-05 0.0017572 -0.00182184 -0.00294356 0.00271341 -0.00233871 -0.00204955 -0.00148678 -0.000335604 0.00217811 0.00252203 0.00436414 -0.00205453 -0.000229299 -0.000313791 -0.00311374 2.91053e-06 -0.000302237 0.00198603 0.00756303 -0.000152795 -0.000526103 0.00546875 -0.000669125 -0.00655864 -0.000506599 0.00140917 0.000856164 0.000946292 0.000144259 0.00248619 -0.00320814 -0.00241255 0.000191205 0.00448029 0.0013664 -0.00213675 -0.0011476 -0.0034867 -0.0046988 0.00291173 0.000636132 -0.0117188 0.00270979 -0.00138373 0.00500414 0.000718215 0.00207648 -0.00320665 0.00345477 -0.00872483 0.000195122 0.0057243 0.00193614 0.00102607 0.00176506 0.00138889 0.00597291 -0.00195195 0.00195122
internal_weight=32745 30286 24949 5135 5337 3702 2459 3409 3329 1351 19814 2329 2269 1255 1301 19406 19120 1942 17178 14888 2290 346 14561 12354 287 12067 323 11744 2944 145 1944 1732 904 628 828 522 268 483 584 8800 1380 1244 3784 392 213 3717 2962 1208 1635 1215 420 397 446 1014 213 2207 1802 1642 1601 405 332 204
internal_count=32745 30286 24949 5135 5337 3702 2459 3409 3329 1351 19814 2329 2269 1255 1301 19406 19120 1942 17178 14888 2290 346 14561 12354 287 12067 323 11744 2944 145 1944 1732 904 628 828 522 268 483 584 8800 1380 1244 3784 392 213 3717 2962 1208 1635 1215 420 397 446 1014 213 2207 1802 1642 1601 405 332 204
cat_boundaries=0 1 2 3 4 5 6 7 8 9
cat_threshold=1160 3266 3096 1092 2188 1409 545 136 10
is_linear=0
shrinkage=0.05


Tree=53
num_leaves=63
num_cat=6
split_feature=0 2 14 39 10 12 41 41 25 39 7 31 17 14 33 0 39 3 5 10 42 37 37 31 7 39 25 23 4 5 21 7 16 4 21 13 21 15 41 10 18 31 6 11 23 12 18 3 18 33 14 21 37 3 19 34 17 23 19 3 8 12
split_gain=8.71253 5.62776 4.57649 4.36932 4.61261 4.2694 4.16923 3.91818 3.64289 6.42924 4.37414 4.27709 3.54527 4.53681 4.068 3.46702 3.3726 4.33156 4.03247 4.6372 3.30982 3.27732 3.92408 3.66088 3.20385 4.7857 4.58049 4.01269 4.49248 3.9087 3.11299 3.02723 3.01798 3.00829 2.94295 3.37846 4.22585 3.56961 3.312 2.97565 3.57111 2.91881 2.8834 2.87886 3.41991 2.96937 3.17788 3.15769 2.80398 3.12501 3.05146 3.02536 2.7994 2.84915 2.78255 3.2153 2.7752 3.64003 3.30026 3.2009 3.02442 2.79906
threshold=0.027039539034409369 -0.375547673262774 -1.1994848170202668 0 -0.55697470511462555 65.500000000000014 2.6608258928571433 1.0884033613445381 1 2 8.4555417248955198 378.80000000000013 -0.0064016604277394853 0.2876820724517809 39.064285714285724 0.65516689092742209 3 -0.33647223662121245 8.9701635160650479 -0.11569118276404299 0.88975694444444453 55.500000000000007 39.500000000000007 183.75000000000003 7.5092255377436086 4 5 -0.17428676717720257 0.28519746109512495 7.4236122092535455 2750.7800000000002 9.392716996637434 -1.0972803630876358 -0.39304258810960707 12025.000000000002 0.54968721198626513 3600.8350000000005 0.48779363043436069 2.756753246753247 0.050640500382637128 0.77378527853503187 210.85000000000005 8.0594641265890079 83.500000000000014 0.65397937466029765 54.500000000000007 -0.12508698609155969 0.39787843194406808 0.47490506670963972 27.835714285714289 -0.44171146665079147 3199.3900000000008 32.500000000000007 -0.28768334680161795 0.013273827504826573 1.0000000180025095e-35 0.24011944687803685 0.067139302837628714 0.062782231358156138 0.31108464681707476 0.088519073173782242 44.500000000000007
decision_type=2 2 2 1 2 2 2 2 1 1 2 2 2 2 2 2 1 2 2 2 2 10 10 2 2 1 1 8 2 2 8 2 2 2 10 2 8 2 2 2 8 2 2 2 10 2 10 2 10 2 2 10 10 2 2 2 2 8 2 2 10 2
left_child=1 3 -2 4 -1 41 7 -4 9 10 11 21 48 15 -15 -14 24 -18 43 -20 -12 22 56 -23 29 -26 27 28 -27 -10 -13 54 -9 -6 35 36 -11 -38 -36 -37 -41 -5 -7 45 -45 46 47 -19 49 51 -51 -8 53 -47 55 -28 58 60 -3 -59 -58 -60
right_child=2 8 6 5 33 42 12 32 16 34 20 30 13 14 -16 -17 17 18 19 -21 -22 23 -24 -25 25 26 31 -29 -30 -31 -32 -33 -34 -35 38 39 37 -39 -40 40 -42 -43 -44 44 -46 52 -48 -49 -50 50 -52 -53 -54 -55 -56 -57 57 59 61 -61 -62 -63
leaf_value=0.012418399025788035 -0.001783348860740551 -0.00046667454127847304 0.0013763376487297533 0.0026395537302887993 -0.00012216938797528915 -0.00031461176089736255 0.0012907424244597396 0.0018555816819271196 0.001446398857112458 0.00017682094392951903 0.00056058907961992319 -0.00051939666370141857 -0.0006576096722424662 1.7185353047625974e-05 0.002666634470441312 -0.011613271655444266 0.0026300266369803718 0.0010268764069281927 0.00055268556811501957 -0.0023662345006016088 -0.0051988504509495222 -0.00032392565932836542 -0.001812213633947997 0.0038166796614187053 -0.0026912537625060264 0.0004692206494977297 0.00028086426748277088 0.0013455836790648744 -0.0038852006496076126 0.0049314340891203762 0.004554511155055189 -0.0011459536863685624 -0.0018411956318645799 0.0036313265031022407 0.00014617187700106856 0.00016637890828125231 -0.00084714583370934656 0.00030390721175624 0.0039658991362340815 -0.00090825896509441097 0.00082170545714685894 -0.002432457807534883 -0.0083961840151088908 0.000171529916678446 -0.0041073627062292069 0.0036727657436820731 -8.9739264209321931e-05 -0.0015517939883596241 0.0013021788308856498 -0.00093847925025579329 0.00021134063098214329 -0.00066601993145394144 0.0030640036202692917 -0.00030880965624164783 -0.00016279436542199682 0.0035102384812185057 0.00054421245740077131 -5.6178042925270241e-05 0.0033881115498345851 -0.0045297253133031292 -0.003825073377636462 4.4271585993278624e-05
leaf_weight=191 848 1703 63 583 245 213 598 55 978 839 40 51 3765 2463 117 89 380 727 66 240 159 79 119 52 175 159 1348 730 64 287 66 157 898 382 128 1808 612 105 113 402 147 80 104 928 41 40 1385 73 468 851 1894 179 80 1971 956 44 62 612 123 47 329 170
leaf_count=191 848 1703 63 583 245 213 598 55 978 839 40 51 3765 2463 117 89 380 727 66 240 159 79 119 52 175 159 1348 730 64 287 66 157 898 382 128 1808 612 105 113 402 147 80 104 928 41 40 1385 73 468 851 1894 179 80 1971 956 44 62 612 123 47 329 170
internal_value=5.89009e-05 0.000692606 -0.000992758 0.00336298 0.00603136 0.00105954 -0.000729831 -0.00378564 0.000434233 -0.000392182 -0.0019321 -0.00151582 -0.000431655 -0.00115773 0.000464936 -0.00224384 0.00102629 0.000222989 -0.000130584 -0.00570033 -0.009125 -0.00185017 -0.00217151 0.00587121 0.00199633 0.00124518 0.00165754 0.00459025 -0.00122768 0.00416667 0.00783898 0.00052663 -0.00458595 0.0040207 0.000948379 0.000619571 -0.00118818 -0.00400418 0.00630165 0.00181298 -0.00140909 0.0033509 -0.00369497 0.000195387 0.00265464 -0.000362404 0.000926349 0.00343321 0.000739163 0.000255464 -0.000537145 0.0030527 -0.00170889 -0.00207505 0.00097914 0.00240488 -0.00182146 -0.00390105 -0.000726089 -0.00162879 -0.00771684 0.00416667
internal_weight=32681 20393 12288 1798 818 980 11440 1016 18595 7766 3612 3413 10424 6434 2580 3854 10829 5931 5551 306 199 3296 3165 131 4898 3633 3458 953 223 1265 117 2505 953 627 4154 3913 1556 717 241 2357 549 663 317 5245 969 4276 2185 800 3990 3522 2745 777 2091 2011 2348 1392 3046 1050 1996 659 391 293
internal_count=32681 20393 12288 1798 818 980 11440 1016 18595 7766 3612 3413 10424 6434 2580 3854 10829 5931 5551 306 199 3296 3165 131 4898 3633 3458 953 223 1265 117 2505 953 627 4154 3913 1556 717 241 2357 549 663 317 5245 969 4276 2185 800 3990 3522 2745 777 2091 2011 2348 1392 3046 1050 1996 659 391 293
cat_boundaries=0 1 2 3 4 5 6
cat_threshold=4365 1221 3842 3633 2048 2560
is_linear=0
shrinkage=0.05


Tree=54
num_leaves=63
num_cat=6
split_feature=2 0 39 2 8 12 41 20 22 18 22 41 26 35 33 22 39 7 8 30 21 35 30 19 3 7 21 14 4 14 38 5 0 13 37 5 30 22 41 18 20 7 4 26 21 20 31 39 16 6 39 33 5 41 12 39 6 33 20 23 41 26
split_gain=10.0203 6.6728 5.81977 4.54841 4.49384 4.39487 4.06708 5.34853 3.92975 3.88249 3.74081 3.36556 3.86028 3.94222 3.58634 4.89402 5.00086 5.05857 5.56806 5.36404 4.47316 3.38096 3.31886 3.30353 3.27808 3.84685 3.21127 3.20983 3.16446 3.14333 3.10066 3.06815 3.0444 3.56766 3.04256 3.32844 2.97466 2.88768 2.88696 2.87547 2.88826 2.86922 3.63353 2.86747 3.29574 2.86117 2.77824 6.91013 3.80788 3.79817 5.77508 4.21565 3.64762 3.24049 2.88729 2.84371 3.30863 3.20928 2.76671 3.02 2.95622 3.24861
threshold=-0.28531455755670304 0.031748698314580277 0 1.1254143692523486 0.029464010754302754 56.500000000000007 3.5561111111111114 -0.049988432201817985 -0.27182026516805524 -1.9622323674709068 -0.71556746849096398 1691.834966013595 4.5000000000000009 0.0015891787190513145 38.678571428571438 0.074405328376167729 1 7.1522174505434117 0.12198381495371703 30.949999999999999 931.25000000000011 0.08115950847818805 16.150000000000002 -0.10916918143201597 -0.35990107962748347 8.4699705816440574 14600.000000000002 0.11780556680570121 -0.10234293175806107 0.71556975736324102 2 7.3710125642213979 -0.19957977777244326 1.2227074722068825 31.500000000000004 7.493605156984974 1.3500000000000003 0.071583241990996235 5706.0234451450206 -1.6164146514529425 -0.062681053892124819 8.011399760394907 -0.39304258810960707 10.500000000000002 750.83500000000015 0.0061844262661626057 0.8500000000000002 3 0.11514708250906615 7.8617925224676819 4 28.800000000000001 7.6031122975882903 3.4338797814207651 34.500000000000007 5 8.3287851283926173 26.464285714285719 -0.0062204572302140887 -0.40546510810816444 13.076951535331116 7.5000000000000009
decision_type=2 2 1 2 10 2 2 10 8 10 10 2 2 2 2 10 1 2 10 2 8 2 2 2 2 2 10 2 2 2 1 2 2 2 8 2 2 10 2 8 10 2 2 2 10 10 2 1 2 2 1 2 2 2 2 1 2 2 10 8 2 2
left_child=2 4 10 6 41 22 7 36 23 -8 -1 14 21 34 15 37 17 28 19 -19 -16 31 29 -9 25 -7 -10 -21 -17 -4 -15 -13 -22 -34 -14 -36 -3 46 -11 -18 -41 42 -2 -30 -45 -26 47 58 49 50 51 -48 -53 -54 -52 56 57 -50 60 -60 -6 -62
right_child=1 3 5 -5 11 24 9 8 26 38 -12 12 13 30 20 16 39 18 -20 27 32 -23 -24 -25 45 -27 -28 -29 43 -31 -32 -33 33 -35 35 -37 -38 -39 -40 40 -42 -43 -44 44 -46 -47 48 -49 55 -51 54 52 53 -55 -56 -57 -58 -59 59 -61 61 -63
leaf_value=0.0044932129463108664 -0.00049715832679217702 -0.0021167799804231151 0.0031002402383084526 -0.019937728750647608 -0.00015223727755739325 -0.0015249242239696648 -0.0016505176600304752 0.0026728534769205939 -0.0023078280538706801 -0.00020095128989553558 0.0012861996598245093 -0.0032660899324338413 -0.0017092228090717428 0.0012665490597017109 0.0056621458138371109 -0.0008793852184253878 -0.0039151994270251542 -0.00070436982875811145 -0.0027792655001212161 0.00036138765485997025 -0.0016561372249552526 -0.0053454740838708853 -0.0006048030715325093 -0.00068413707924957633 -0.0014235015840804535 -0.010569334657416857 0.0006492987762644417 0.0018360570835272616 0.0018355855629441657 -0.0014516003695930848 -0.00010522503029172212 0.0013942102880788879 0.00067142795863678784 0.0041590659646022999 6.6622714910409206e-05 -0.0026984304952860578 0.0020095490692561232 0.0025693191748979677 0.001513096509561382 0.002459514593157019 0.00020527123704391608 -8.5641228574676319e-05 7.2087295953216074e-07 -0.00093808148819751963 0.00075732324524812862 0.0020354235281799696 0.0059499171723028932 -0.00070487990844892432 0.003689211474620964 0.00023210961041852542 0.0014540129009378861 0.0046386978506075373 -0.0029932883576192729 0.0017933772232512496 0.00017451942595600057 0.0001570552490135522 -0.0031654236768411965 -0.00092748873333487196 0.0034828566525807766 -0.00018645211261622942 0.00028691013066775676 0.0032700348965906904
leaf_weight=727 47 71 609 69 73 289 463 47 936 9191 882 43 169 201 75 227 51 500 643 132 152 51 267 325 164 70 56 50 101 87 324 46 557 103 539 146 144 45 116 77 1093 499 819 140 232 202 251 1380 74 2940 744 179 50 177 1312 2303 94 831 71 298 70 124
leaf_count=727 47 71 609 69 73 289 463 47 936 9191 882 43 169 201 75 227 51 500 643 132 152 51 267 325 164 70 56 50 101 87 324 46 557 103 539 146 144 45 116 77 1093 499 819 140 232 202 251 1380 74 2940 744 179 50 177 1312 2303 94 831 71 298 70 124
internal_value=1.67944e-05 -0.000275873 0.00263038 -0.00122165 0.000323001 0.000559152 -0.00114317 -0.00349684 -0.00465201 -0.00076246 0.00476852 0.000548923 -0.00169408 -0.000887681 0.000773927 0.000581925 -0.00112411 -0.00263998 -0.00446833 -0.00131772 0.00385698 -0.00957447 0.0027749 -0.000268097 -0.00237603 -0.00576389 -0.00629406 0.00601093 0.000784593 0.0045911 0.00251901 -0.00361111 0.00276753 0.00423601 -0.00298246 -0.00149417 0.00381944 0.00108469 -0.000539858 0.00140016 0.00192143 -0.00243411 -0.000692042 0.00311181 0.00107239 0.000953678 0.00103217 -0.000644522 0.00140967 0.00219756 0.00354643 0.00759731 0.00454545 0.000328947 0.00220126 6.0551e-05 -0.00215347 -0.00124172 0.00363215 0.000878378 0.00755597 0.0107692
internal_weight=32748 29451 3297 11418 18033 1688 11349 1579 1364 9770 1609 16668 1519 1379 15149 14262 3246 2025 1325 682 887 140 963 372 725 359 992 182 700 696 525 89 812 660 854 685 215 11016 9307 1221 1170 1365 866 473 372 366 10971 2016 8955 5653 2713 657 406 227 2056 3302 999 905 636 369 267 194
internal_count=32748 29451 3297 11418 18033 1688 11349 1579 1364 9770 1609 16668 1519 1379 15149 14262 3246 2025 1325 682 887 140 963 372 725 359 992 182 700 696 525 89 812 660 854 685 215 11016 9307 1221 1170 1365 866 473 372 366 10971 2016 8955 5653 2713 657 406 227 2056 3302 999 905 636 369 267 194
cat_boundaries=0 1 2 3 4 5 6
cat_threshold=4367 3908 5 660 5120 5376
is_linear=0
shrinkage=0.05


Tree=55
num_leaves=63
num_cat=12
split_feature=0 3 39 36 8 17 41 20 33 18 21 7 39 25 22 4 30 7 13 3 6 39 41 25 25 3 41 41 30 19 12 1 13 42 33 29 39 30 9 41 26 7 26 39 25 33 31 39 25 42 26 30 39 11 41 9 18 12 42 7 33 30
split_gain=8.05321 4.77416 5.44814 4.31371 3.93894 3.96108 3.73537 5.1459 4.29117 4.1082 3.84977 3.72981 6.96591 5.94196 4.83124 4.45573 4.29778 5.79276 4.13525 4.0416 4.03767 3.86745 3.78499 7.1182 5.84612 4.11314 3.69055 3.5896 3.42246 3.41547 3.65242 3.93642 3.60378 3.69259 3.22876 3.22039 4.15599 4.18139 3.75669 3.14962 3.13459 3.1629 3.11859 3.03671 3.77967 3.90255 3.00431 4.97345 7.85516 7.07523 4.02379 4.00761 4.23615 3.27032 3.19147 4.40787 2.96966 2.96221 3.2528 5.35117 3.2865 2.94359
threshold=0.03872860913040866 -0.69314718055994484 0 1.7361759986195575 0.029464010754302754 0.45946497920204915 2.6608258928571433 -0.051156271462718277 37.635714285714293 -1.9622323674709068 2498.3350000000005 7.8689779826927007 1 2 0.032363446810613268 0.58763478526036173 30.949999999999999 7.1011418502458374 1.3714324898183092 -0.30465023476007319 6.8117598034528033 3 9.8211263881544166 4 5 0.42241676524109512 5.6401639344262309 1.2700320512820513 3.2500000000000004 -0.013246440478167401 43.500000000000007 0.77139833465241259 0.32441682880394995 0.76705426356589157 27.292857142857148 1.0000000180025095e-35 6 43.45000000000001 0.288158491036896 301.62152777777777 43.500000000000007 7.8562141432311643 37.500000000000007 7 8 38.678571428571438 0.35000000000000009 9 10 0.96850198412698429 45.500000000000007 0.15000000000000005 11 64.500000000000014 122.31730769230771 0.17173759705741154 0.35406482061329508 24.500000000000004 0.96850198412698429 7.7339263383195904 30.292857142857141 45.250000000000007
decision_type=2 2 1 2 10 2 2 10 2 10 8 2 1 1 10 2 2 2 2 2 2 1 2 1 1 2 2 2 2 2 2 2 2 2 2 2 1 2 10 2 2 2 2 1 1 2 2 1 1 2 2 2 1 2 2 10 10 2 2 2 2 2
left_child=1 2 28 4 40 11 7 -2 9 26 -10 13 15 14 18 61 17 20 19 -6 -16 34 23 27 25 -24 -8 -14 -1 32 31 -31 -11 -34 -21 -32 37 38 -37 42 -3 -42 -18 -7 -45 -46 51 50 49 -49 -48 52 53 -15 -52 -56 -12 -36 59 -59 -60 -13
right_child=6 3 -4 -5 5 43 8 -9 10 29 56 12 22 46 16 -17 39 -19 -20 21 -22 -23 24 -25 -26 -27 -28 -29 -30 30 35 -33 33 -35 57 36 -38 -39 -40 -41 41 -43 -44 44 45 -47 47 48 -50 -51 54 -53 -54 -55 55 -57 -58 58 60 -61 -62 -63
leaf_value=0.0045408751450235095 0.0013659633215627857 -1.3752884240892699e-05 0.0068952271222821248 -0.0023125224401743748 0.00393262077250106 0.00017066762176526893 0.0014161406503358333 -0.0019153656666393002 0.0013243038179234798 -0.0010663524172449101 -0.0010042505297447005 -0.0044342546577410902 0.00075790499142816797 0.0021457130282024309 -0.0010423857821822704 0.001490303047587363 0.0021938287723513683 -0.0010744405584962699 0.0029010355772153915 0.0046010967550370483 0.0019660978929555407 0.00020235094761786757 2.3753126716049703e-05 0.00032799922843222186 0.0010347484665075145 -0.0041134883377844421 -0.0027116158985123818 -0.0010325753271887351 -0.0039393863236117091 5.9277231425317957e-05 -0.00046820318222249181 -0.012798769279530102 0.0042005061533040098 0.00014272408139763115 0.0026528523218317828 -0.0054063003248020101 -0.00066525744542662651 0.00013653137609285064 -0.0023240416332544595 -0.00043995763897566463 -1.9409956692891262e-05 -0.00026994347775757805 -0.0006121459985267587 0.00014932767682893241 -0.0014280558574648774 0.0011114740954964821 0.0002981871903158868 0.0016219598851280187 0.0044249257283967879 -0.0030063389204822177 -0.0015583226852390322 -0.0036580474574675567 -0.00090176232515758311 -0.00062265520558712052 -0.00061594116132906887 0.0031714482345682293 0.00083261371740757481 0.0016546125992615898 0.0045368616339761898 -0.0035057872284262044 0.0010466940297637665 -6.0911800800868278e-05
leaf_weight=101 150 1172 395 82 335 1290 68 859 566 331 326 596 78 210 84 160 208 453 276 157 158 1602 1288 1507 1824 49 397 1116 153 2210 1899 42 68 3188 257 283 491 92 114 115 101 126 53 1021 1453 93 1809 194 416 140 347 73 492 173 204 96 246 220 152 95 171 251
leaf_count=101 150 1172 395 82 335 1290 68 859 566 331 326 596 78 210 84 160 208 453 276 157 158 1602 1288 1507 1824 49 397 1116 153 2210 1899 42 68 3188 257 283 491 92 114 115 101 126 53 1021 1453 93 1809 194 416 140 347 73 492 173 204 96 246 220 152 95 171 251
internal_value=9.33378e-05 0.000665199 0.00488462 0.00053266 0.000578434 0.000764948 -0.000984026 -0.00388614 -0.000699961 -0.00105891 0.00219491 0.00112467 0.00025837 0.00182546 0.00311709 -0.0035609 0.000209888 -0.00211925 0.00407991 0.00353679 0.00411523 0.00288136 0.000919462 -0.000453368 0.00209519 -0.000426558 -0.00563305 -0.0033195 -0.000943396 -0.000814314 -0.00164166 -0.000133156 0.000369287 0.000875038 0.00522107 -0.00282118 -0.00514781 -0.00835 -0.0107412 0.00450928 -0.00198214 -0.00734649 0.00753817 -0.000667444 -0.00165826 -0.0032113 0.000468187 0.0012005 0.00473062 -0.00101449 0.000101338 -0.00200211 -0.00105594 0.00285533 -0.00327932 0.000498339 -0.00069808 0.00410156 0.00226917 -0.00134494 0.00578704 -0.00504127
internal_weight=32676 21346 649 20697 20615 19216 11330 1009 10321 9183 1138 15359 6869 8490 4336 1007 1071 695 3265 2989 242 2654 5862 2701 3161 1337 465 1194 254 8718 5131 2252 3587 3256 1052 2879 980 489 397 376 1399 227 261 3857 2567 1546 4154 3206 750 334 2456 948 875 383 647 300 572 895 638 315 323 847
internal_count=32676 21346 649 20697 20615 19216 11330 1009 10321 9183 1138 15359 6869 8490 4336 1007 1071 695 3265 2989 242 2654 5862 2701 3161 1337 465 1194 254 8718 5131 2252 3587 3256 1052 2879 980 489 397 376 1399 227 261 3857 2567 1546 4154 3206 750 334 2456 948 875 383 647 300 572 895 638 315 323 847
cat_boundaries=0 1 2 3 4 5 6 7 8 9 10 11 12
cat_threshold=2163 3136 882 7680 1356 3872 5376 29 3346 2470 136 405
is_linear=0
shrinkage=0.05


Tree=56
num_leaves=63
num_cat=8
split_feature=0 7 39 27 27 31 2 12 7 33 7 33 2 27 3 23 34 39 16 11 22 30 7 8 41 13 23 5 25 39 29 30 31 8 5 40 39 33 25 26 26 33 12 38 27 12 6 26 3 27 8 33 26 26 7 27 39 26 23 11 33 5
split_gain=7.49081 6.31264 7.68462 8.56121 7.25204 7.09169 6.52178 6.31455 5.69401 7.08541 5.43062 5.12048 4.97711 4.52689 4.26553 4.12695 4.02361 5.45962 3.95913 3.95258 4.00685 3.85362 3.756 4.60317 3.67402 3.649 3.60778 3.79156 3.4641 5.80596 5.78701 4.81322 5.7898 5.15975 3.7208 7.18184 6.19398 7.17037 6.88238 6.21802 7.93781 4.15449 4.14895 4.03204 4.02772 3.80458 3.64842 3.59967 4.13326 3.47377 3.45302 3.42144 3.88644 3.36991 6.84436 6.60965 4.90258 4.06812 3.77571 3.36404 3.48423 3.7781
threshold=0.10938603271890025 7.2106004436290023 0 6.5000000000000009 19.500000000000004 235.40000000000003 -0.34291792354734868 9.5000000000000018 7.6625061483629082 27.350000000000005 7.4483757670077191 28.335714285714285 1.1254143692523486 35.500000000000007 -0.31193346309323106 0.13976194237515907 1.0000000180025095e-35 1 0.41008494103230803 7.5000000000000009 0.57982041832616715 64.050000000000026 7.699476493787575 0.55389793250751052 74.814263322884031 0.64952944752841668 -0.55952308411990237 7.5651282365119412 2 3 1.0000000180025095e-35 49.050000000000004 209.65000000000001 0.16970341200836528 8.3882784462851987 1.5000000000000002 4 26.700000000000006 5 2.5000000000000004 36.500000000000007 33.107142857142868 69.500000000000014 6 14.500000000000002 60.500000000000007 7.9842483430528217 10.500000000000002 0.26236426446749089 8.5000000000000018 0.075262270748732429 38.95000000000001 10.500000000000002 13.500000000000002 8.2730406286809401 10.500000000000002 7 43.500000000000007 -1.1004206089032036 20.500000000000004 29.307142857142864 9.0158098132921953
decision_type=2 2 1 2 2 2 2 2 2 2 2 2 2 2 2 8 2 1 2 2 8 2 2 10 2 2 8 2 1 1 2 2 2 10 2 2 1 2 1 2 2 2 2 1 2 2 2 2 2 2 10 2 2 2 2 2 1 2 10 2 2 2
left_child=1 14 3 7 5 10 22 15 26 13 24 -7 25 -10 -1 -3 28 -18 -9 20 -16 -19 -4 -24 -5 -2 -6 -28 29 -8 53 32 -32 -34 36 44 38 42 50 -39 41 45 -38 51 47 -41 -42 -36 -49 -45 -30 52 -43 -31 56 -56 -55 -58 -59 -37 -61 -62
right_child=12 2 6 4 8 11 16 18 9 -11 -12 -13 -14 -15 19 -17 17 21 -20 -21 -22 -23 23 -25 -26 -27 27 -29 34 30 31 -33 33 -35 35 59 37 39 -40 40 46 43 -44 49 -46 -47 -48 48 -50 -51 -52 -53 -54 54 55 -57 57 58 -60 60 61 -63
leaf_value=0.0037343666698038385 -0.00092394016297874806 0.00067693861453682234 0.0065770350503805714 -0.0083403463834231337 0.00099158151799825091 0.0042043710262459474 7.953723916674688e-05 0.0021491763635584026 0.0023479993434616544 0.00079687361059477171 -0.0045074708262295487 -0.0010906651271188107 -0.021186323719546971 -0.0014607547924648584 0.0018808308810477623 -0.0040067894412847624 0.004622643246832577 0.00036888717561486432 -0.0013881697390862328 0.00011384738189348897 -0.00036523914099001443 -0.00062550678713500915 0.00075152291781675209 0.0084770063655050642 0.00017019994927912411 -6.7288686517587987e-05 -0.00095374345911998937 -0.0023508307013695704 0.00018323741208360383 0.0012753973775306248 -0.00093251100112162538 0.0019184316785547482 -0.0069304244897412191 -0.0030354039690895121 -0.0017872480904769644 0.00050603268038684702 0.0019337651564485662 0.0046131208448950351 -0.0003641436883096463 -0.0012355170524597841 0.0040449986201677003 0.0016542246816579082 0.0060053858272561354 -0.00010827922488894401 -0.0023618682092432621 0.00019493426276011064 1.9866243213243245e-05 0.0031822305661015821 -0.0011870912411674364 0.0013684832574043548 -8.405506247765385e-05 0.0024108035016109741 -0.0035300493053103833 0.0035826067438409965 0.0017782725305548364 -0.0040906302546906406 0.000110294170365919 -0.002835301469645321 -0.0010345057561381332 -0.00070266504429561958 0.00081437334450490818 -0.00052897747182700013
leaf_weight=778 2892 46 201 47 114 55 2091 379 55 632 428 80 63 185 472 53 250 439 77 4930 218 184 923 86 166 3964 930 301 384 263 1166 114 112 80 99 889 263 199 966 728 419 43 125 176 444 619 219 76 41 681 389 90 181 184 48 181 811 73 238 624 539 236
leaf_count=778 2892 46 201 47 114 55 2091 379 55 632 428 80 63 185 472 53 250 439 77 4930 218 184 923 86 166 3964 930 301 384 263 1166 114 112 80 99 889 263 199 966 728 419 43 125 176 444 619 219 76 41 681 389 90 181 184 48 181 811 73 238 624 539 236
internal_value=0.000106139 0.000497657 4.89111e-05 -0.00205114 -0.00311456 -0.00727156 0.000519358 0.00364209 -0.0016569 0.00148912 -0.00946262 0.003125 -0.00135477 -0.00580913 0.00185967 -0.00775 0.000228435 0.00351831 0.00612691 0.00137876 0.00492041 0.00090694 0.00404624 0.00279703 -0.00292056 -0.00122503 -0.00369614 -0.00448458 1.99391e-05 -0.000972636 -0.00228589 -0.00461643 -0.00544518 -0.0134715 0.000651582 -0.000779925 0.00142258 0.00256393 -0.00104286 0.00182509 0.00128286 1.98491e-05 0.00899743 0.0021971 -0.00537065 -0.00187315 0.00625978 0.000230415 0.00614407 0.00394585 0.00245536 -0.00261538 -0.006 -0.000389105 -0.00128581 -0.00923913 0.000114767 -0.0011474 -0.00600962 0.00054609 -0.000982143 0.00125644
internal_weight=32739 25820 19422 3548 2993 776 15874 555 2217 872 641 135 6919 240 6398 99 14664 873 456 5620 690 623 1210 1009 213 6856 1345 1231 13791 5361 3270 1472 1358 192 8430 2948 5482 3743 1739 3355 3156 2518 388 1171 660 1347 638 216 117 857 773 314 224 1798 1535 229 1306 1122 311 2288 1399 775
internal_count=32739 25820 19422 3548 2993 776 15874 555 2217 872 641 135 6919 240 6398 99 14664 873 456 5620 690 623 1210 1009 213 6856 1345 1231 13791 5361 3270 1472 1358 192 8430 2948 5482 3743 1739 3355 3156 2518 388 1171 660 1347 638 216 117 857 773 314 224 1798 1535 229 1306 1122 311 2288 1399 775
cat_boundaries=0 1 2 3 4 5 6 7 8
cat_threshold=2370 5120 1674 57 133 100 4 4096
is_linear=0
shrinkage=0.05


Tree=57
num_leaves=63
num_cat=7
split_feature=10 42 36 39 7 3 26 27 27 42 26 5 7 8 12 39 4 37 20 26 13 30 39 4 20 27 19 27 2 39 8 7 11 9 26 20 13 42 39 36 27 12 39 26 22 26 41 10 42 15 30 7 40 36 18 11 2 26 29 11 6 39
split_gain=7.22195 6.52965 6.42902 6.64394 9.64268 5.42908 5.19586 9.53204 6.49067 4.78847 4.67099 4.40405 6.62361 4.65411 4.18531 5.70368 5.03028 5.27593 4.71572 4.04039 3.9392 3.91629 7.4159 4.42354 3.8982 3.88408 3.85364 3.75077 5.17515 4.03472 6.36794 4.30762 4.21884 3.91803 4.73285 3.8061 3.75005 3.71579 3.6455 3.90156 4.15532 3.87095 3.63175 3.50762 3.76082 4.12363 3.52402 3.49145 3.48959 3.53969 3.45445 3.44212 3.52984 3.43604 3.39697 3.38546 3.4558 3.84231 3.29353 3.29006 3.25092 3.24313
threshold=0.0031360396130444283 0.98373876255949244 1.7361759986195575 0 7.9498198604023225 -0.69314718055994484 27.500000000000004 6.5000000000000009 18.500000000000004 0.97752525252525257 45.500000000000007 5.9308605174151721 6.3634065535336513 0.28706573813412911 47.500000000000007 1 0.91629073187415544 37.500000000000007 0.0057348209617178762 14.500000000000002 0.28571410204086883 30.450000000000006 2 -1.0000000180025095e-35 0.11417955411554981 31.500000000000004 0.0030733308872152223 39.500000000000007 0.053895556201633894 3 0.080408694361735103 7.2255132810602314 33.500000000000007 0.091042152062763199 32.500000000000007 -0.0042400980427672484 0.34384930321744817 0.96850198412698429 4 0.46582092129805036 29.500000000000004 51.500000000000007 5 24.500000000000004 0.1653699715658499 31.500000000000004 31.83537176724138 0.091733694474747565 0.94058823529411772 -0.49643688631389088 41.050000000000011 8.3682550977448837 1.5000000000000002 0.0017416621958448719 -0.95381514893366937 13.500000000000002 -0.040448267003368336 9.5000000000000018 1.0000000180025095e-35 77.500000000000014 7.8617925224676819 6
decision_type=2 2 2 1 2 2 2 2 2 2 2 2 2 10 2 1 2 10 10 2 2 2 1 2 10 2 2 2 2 1 10 2 2 10 2 10 2 2 1 2 2 2 1 2 8 2 2 2 2 2 2 2 2 2 10 2 2 2 2 2 2 1
left_child=2 9 3 4 6 50 8 -8 -1 11 -9 -2 13 -13 15 19 17 -16 53 -3 24 26 23 51 -14 -19 -7 28 33 -29 -31 32 35 55 -35 -32 -24 -12 41 40 -40 59 -42 -38 -45 -46 60 -34 -28 -50 61 -23 -53 -17 -44 -22 -57 -58 -11 -30 -47 -5
right_child=1 14 -4 5 -6 21 7 10 -10 58 37 12 20 -15 16 18 -18 25 -20 -21 27 22 36 -25 -26 -27 48 29 38 30 31 -33 47 34 -36 -37 43 -39 39 -41 42 -43 54 44 45 46 -48 -49 49 -51 -52 52 -54 -55 -56 56 57 -59 -60 -61 -62 -63
leaf_value=-0.0008699675711521421 -0.011739035275358807 -0.00027603226071352824 -0.0028370122325629024 -0.0001681828369631648 -0.013609205036657995 0.0002167685621824303 0.010406583212894324 -0.0041648420170250387 0.0020529194307741662 -0.0025611517595145791 -0.0044224231864096117 0.012053078637402107 -0.00069096130629340321 -0.0021860918273292605 -0.00044522514370857585 0.0010145429285357106 0.0041927806258004532 0.0079825623647211061 -0.0010218623465882448 0.0015945741068247169 0.00059892715176669575 0.0005975936380035571 0.0063709057650958223 -0.00044712486039149017 -0.0068146934047398208 -0.00047550996873092798 8.9343256784421934e-05 4.5891439494398353e-06 0.0022212441895264122 0.00016005775911361703 0.0028652582464851126 -0.00269323893241753 0.00025295002564472218 0.0012147336339314977 -6.2994725770361765e-05 -0.0011252040544568354 0.0063352075300668366 0.0014933227954508452 -0.00091719650187614742 0.0018995683761903585 0.002407145339396532 -0.0008583788240338529 -0.0032241799435881861 0.00069281857843345282 0.00012005106090448017 0.0052482296080126924 0.0052926453520653442 -0.0024836852643720271 0.0010840945932693237 -0.0005569112031765949 0.010917408140405453 -0.0045118034317234252 4.7448947530800177e-05 -0.0024892154989776673 0.00044772357393774794 0.0009565925076523978 0.00034750180040475566 -0.00094769730553956289 -0.0063766956083917683 -0.0013876972543232953 -0.00019095918546420678 0.0071772392983860027
leaf_weight=285 65 255 62 230 146 5290 86 386 541 110 78 78 1053 41 2401 266 130 81 319 1250 109 795 93 443 53 52 2371 1582 282 621 157 1466 184 1291 722 115 103 158 2359 76 106 282 82 824 354 104 128 266 271 2385 107 63 312 57 369 53 49 198 49 126 77 231
leaf_count=285 65 255 62 230 146 5290 86 386 541 110 78 78 1053 41 2401 266 130 81 319 1250 109 795 93 443 53 52 2371 1582 282 621 157 1466 184 1291 722 115 103 158 2359 76 106 282 82 824 354 104 128 266 271 2385 107 63 312 57 369 53 49 198 49 126 77 231
internal_value=9.94522e-05 -0.000625149 0.000861907 0.000925167 -0.00204021 0.00127713 -0.000879479 -0.00401975 0.00181378 -0.00125157 -0.00617978 -0.00113482 -0.0010622 0.010625 0.000929967 0.00257216 -0.000393996 -0.000887574 -0.00137825 0.00423813 -0.00118299 0.00107793 0.0025781 0.000138547 -0.00401987 0.00876866 0.000598469 -0.00088367 -8.19001e-05 -0.00199795 -0.00312943 -0.00440841 -0.00124481 0.00171275 0.00261917 0.003663 0.00488489 -0.000632911 -0.00126256 -0.00201465 -0.00231402 0.00199715 0.0015681 0.0043369 0.00371304 0.00651355 0.0107258 -0.00421286 -0.0003928 -0.00163718 0.00606327 0.00175064 -0.00219415 0.00285494 -0.000487013 -0.0027439 -0.00548173 -0.00796371 -0.00984375 0.00513447 0.00618132 0.00416667
internal_weight=32678 16755 15923 15861 1680 14181 1534 708 826 11944 622 11785 11720 119 4811 2147 2664 2534 642 1505 11601 13613 3296 1613 1106 133 10317 10495 6104 4391 2809 2188 722 2422 2013 272 1683 236 3682 2992 2916 690 557 1590 1487 663 309 450 5027 2656 568 1170 375 323 451 409 300 247 159 408 181 461
internal_count=32678 16755 15923 15861 1680 14181 1534 708 826 11944 622 11785 11720 119 4811 2147 2664 2534 642 1505 11601 13613 3296 1613 1106 133 10317 10495 6104 4391 2809 2188 722 2422 2013 272 1683 236 3682 2992 2916 690 557 1590 1487 663 309 450 5027 2656 568 1170 375 323 451 409 300 247 159 408 181 461
cat_boundaries=0 1 2 3 4 5 6 7
cat_threshold=2048 3852 599 1201 2560 4098 5346
is_linear=0
shrinkage=0.05


Tree=58
num_leaves=63
num_cat=15
split_feature=2 2 27 25 22 39 9 11 33 21 21 39 4 39 39 33 9 7 4 27 33 18 33 31 25 30 33 21 22 39 17 15 8 39 25 26 41 11 30 39 25 11 23 8 6 39 25 12 22 2 18 6 39 18 25 26 8 6 21 19 42 21
split_gain=7.50752 5.70188 4.79644 6.02331 4.85365 5.30585 5.75367 4.37124 4.28342 4.48369 7.03397 5.21434 4.26036 4.67231 4.08327 3.82812 3.82556 3.71151 3.67635 3.59899 3.46547 3.32452 3.31364 3.66359 3.577 5.29229 3.29149 8.73532 3.60452 4.07399 3.57884 6.08152 5.88016 4.0125 5.25908 5.0272 4.30544 3.40391 3.36979 5.0595 3.4707 3.64426 5.05867 4.53186 4.02256 3.50926 3.32312 4.0572 3.27014 3.83923 4.1918 3.26388 3.25083 3.39137 3.20659 3.1384 3.13035 3.22543 3.12909 3.05987 3.0514 3.04134
threshold=-0.080042323058004058 1.1254143692523486 5.5000000000000009 0 -0.45934297130005491 1 0.18333402945071861 25.500000000000004 33.45000000000001 13025.000000000002 3502.5000000000005 2 -0.79850769621777073 3 4 31.907142857142862 0.080062704195361323 8.2730406286809401 0.66474707455444648 27.500000000000004 35.564285714285724 -1.0000000180025095e-35 26.521428571428576 0.8500000000000002 5 46.150000000000013 38.192857142857157 2161.2500000000005 0.41813014407233956 6 -0.0110380294898742 -0.69314718055994529 0.024454401771162638 7 8 10.500000000000002 842.11813423645333 66.500000000000014 75.000000000000014 9 10 60.500000000000007 0.39321448105143869 0.1682608989285557 6.7372778166699705 11 12 71.500000000000014 0.2232382090202297 0.10337205023816944 0.10162771657398177 7.7432745251104222 13 0.64456988831643114 14 10.500000000000002 0.3368273604607796 7.1233671493048636 5012.5000000000009 0.011376789356360781 0.76705426356589157 16050.000000000002
decision_type=2 2 2 1 10 1 10 2 2 10 10 1 2 1 1 2 8 2 2 2 2 8 2 2 1 2 2 8 10 1 2 2 8 1 1 2 2 2 2 1 1 2 10 10 2 1 1 2 8 2 10 2 1 8 1 2 8 2 10 2 2 10
left_child=2 26 3 -1 5 -4 7 16 9 10 11 15 -10 20 -5 -6 -7 55 58 52 -14 -21 -13 -24 -25 -26 28 -28 30 -30 31 -2 60 46 35 36 -35 -37 40 -40 -34 42 44 45 -42 -43 47 -32 49 -45 -51 -3 -8 -54 59 -16 57 -49 -12 -9 -33 -48
right_child=1 51 4 14 8 6 19 54 12 -11 18 22 13 -15 17 -17 -18 -19 -20 21 -22 -23 23 24 25 -27 27 -29 29 -31 33 32 38 34 -36 37 -38 -39 39 -41 41 43 -44 48 -46 -47 61 56 -50 50 -52 -53 53 -55 -56 -57 -58 -59 -60 -61 -62 -63
leaf_value=0.0042307083204616213 -0.00029249431490883276 -0.040020338659123869 -0.00095537831406297528 0.0019651558877553789 -0.00026469099755407059 0.00098693120111229232 0.0028692849057687197 0.0028037578137173782 -0.0042866290448191494 0.0019338516212574295 -0.0026682874471591952 0.004138843663045115 0.00083862026459028186 0.0015913818372693721 0.0046912831807625639 -0.0026685042698538068 -0.0021308042094807154 -0.0046729281154755031 0.0020886852216298302 0.0040373486832013866 -0.001118487825918962 0.002150232141756575 0.00212276599995373 0.0017418774317951046 -0.0016528461983255284 0.0050862020534883021 0.0013917468258776138 -0.00018539347316604812 4.5738965090057263e-05 -0.0018749868902713429 -0.00011776953106547983 7.2228847577891729e-05 -0.00032653451679953081 0.0022448083217587018 -0.00024423743237143337 -0.0012886548430947537 -0.0021968275655296289 -0.0026727126871141042 -0.00085791555842200688 0.0026865362381132312 0.0041047274069193661 0.0032113670453956496 0.0015985492045936926 0.0010678437626037093 -0.00012285406999885777 0.00031027726549103397 3.1370520063517234e-05 0.0002249636341399606 0.00198442531629598 -0.0049091306822254648 0.0013165302135428594 -0.0023494715772926032 -0.0023695859893936885 0.0016940619472925378 1.8179319807214605e-05 -0.0004024255317730983 0.0020055555739494817 -0.0010661517068717608 -0.0010269224823724469 7.4649686113609229e-05 -0.00010487827918018741 0.0012190290882580282
leaf_weight=229 2594 63 319 435 1634 58 520 176 51 89 391 43 137 825 106 213 368 49 49 647 336 813 140 312 211 63 807 1186 558 909 1145 55 947 114 3611 1203 40 315 112 315 89 380 310 164 2063 427 3692 55 229 113 50 53 232 122 790 438 44 373 367 139 237 131
leaf_count=229 2594 63 319 435 1634 58 520 176 51 89 391 43 137 825 106 213 368 49 49 647 336 813 140 312 211 63 807 1186 558 909 1145 55 947 114 3611 1203 40 315 112 315 89 380 310 164 2063 427 3692 55 229 113 50 53 232 122 790 438 44 373 367 139 237 131
internal_value=-1.52966e-05 -0.000529372 0.00110162 0.00399444 0.000699204 0.00194743 0.00245743 8.15927e-05 -0.00037536 -0.00129519 -0.0015844 -0.000324799 0.00201852 0.00257891 0.00226179 -0.00176265 -0.00421546 -0.000455298 -0.00566213 0.0040257 -0.00139463 0.00554415 0.00310897 0.00233838 0.000596252 -0.00350877 -0.000471507 0.0014669 -0.000662113 -0.00304837 -0.000475836 0.000318452 0.00126092 -0.00107469 -0.00205421 -0.0043672 0.00419355 -0.00526662 0.00164904 0.00589953 0.00126755 0.00193561 0.000791717 0.00401393 -6.96702e-05 0.0064047 -0.000119244 -0.00201167 0.0005386 -0.00266768 -0.00807927 -0.0115385 0.00148571 -0.00219178 0.00174051 0.000733945 -0.00591966 -0.00722611 -0.00652174 0.00590491 -0.0056314 0.000684664
internal_weight=32686 22384 10302 1257 9045 4184 3865 1531 4861 3512 3423 2616 1349 1298 1028 1847 426 593 807 2334 473 1460 769 726 586 274 22268 1993 20275 1467 18808 8085 5491 10723 5283 1672 154 1518 5199 427 4772 3825 2462 1363 2152 807 5440 1617 556 327 163 116 874 354 1105 544 472 428 758 315 292 3823
internal_count=32686 22384 10302 1257 9045 4184 3865 1531 4861 3512 3423 2616 1349 1298 1028 1847 426 593 807 2334 473 1460 769 726 586 274 22268 1993 20275 1467 18808 8085 5491 10723 5283 1672 154 1518 5199 427 4772 3825 2462 1363 2152 807 5440 1617 556 327 163 116 874 354 1105 544 472 428 758 315 292 3823
cat_boundaries=0 1 2 3 4 5 6 7 8 9 10 11 12 13 14 15
cat_threshold=1136 160 3524 4610 573 3680 240 1213 1100 2058 138 7936 275 4873 1800
is_linear=0
shrinkage=0.05


Tree=59
num_leaves=63
num_cat=11
split_feature=2 39 12 10 36 25 39 7 8 12 27 7 31 12 36 7 39 39 31 31 12 41 35 6 1 2 30 44 35 35 12 2 25 41 4 33 4 31 33 27 25 10 27 39 5 6 44 38 8 21 18 41 27 6 27 39 14 16 1 7 25 7
split_gain=6.63496 5.97215 7.79592 6.71844 4.78737 4.42203 7.81103 6.7697 6.31769 5.94357 5.76396 7.21843 6.24242 6.11048 5.23016 4.68886 6.60587 6.59432 6.95603 5.75619 6.9117 4.46788 4.43613 4.39028 4.28525 4.28399 4.25169 4.22073 4.07046 4.8349 4.5746 3.99581 3.98919 4.62228 3.88515 3.84871 3.78638 3.7753 5.37694 4.18192 3.90118 3.96136 3.70376 3.58146 4.96114 4.51525 3.95705 3.76998 3.52594 3.75956 3.50564 3.74592 5.14565 3.83811 3.40292 8.13136 3.93717 3.42385 3.36647 3.34515 3.65537 3.58247
threshold=0.31722051724789996 0 45.500000000000007 0.57076451452902399 1.7361759986195575 1 2 8.0914341105833358 0.25831625079767873 56.500000000000007 39.500000000000007 6.6273847815223936 227.20000000000007 84.500000000000014 0.0085911961743241477 7.5781884763109923 3 4 278.15000000000009 49.250000000000007 67.500000000000014 26.270513855259619 1.0000000180025095e-35 8.0025275906572748 -0.030941659642020888 -0.022030387960464633 1.0000000180025095e-35 0.15476190476190479 0.013086017227454628 3.5901944302834707e-09 3.5000000000000004 -0.35630364172395618 5 50.992187500000007 1.2080266387495773 30.021428571428572 -0.080927825994671285 23.550000000000004 31.707142857142859 34.500000000000007 6 0.053955811208172839 17.500000000000004 7 8.2689966786365598 7.8314278341205377 1.0000000180025095e-35 8 0.13338056528991513 1423.5100000000002 0.93605671797657497 28.918548387096777 15.500000000000002 6.7372778166699705 55.500000000000007 9 -0.019000060193280262 0.73822387443305149 0.53899650073268701 8.5110270320721089 10 8.011399760394907
decision_type=2 1 2 2 2 1 1 2 10 2 2 2 2 2 2 2 1 1 2 2 2 2 2 2 2 2 2 2 2 2 2 2 1 2 2 2 2 2 2 2 1 2 2 1 2 2 2 1 8 8 8 2 2 2 2 1 2 2 2 2 1 2
left_child=4 3 32 -2 5 6 7 10 15 -9 11 -1 13 31 22 16 28 18 24 20 42 27 -8 -24 -17 48 -16 -13 29 50 -31 -12 -3 -34 58 -33 -27 38 39 -10 -39 -42 -19 45 -45 -21 -46 -47 49 -23 51 52 53 -7 59 -56 -57 -58 -4 60 61 -26
right_child=1 2 34 -5 -6 8 14 9 37 -11 12 21 -14 -15 26 17 -18 19 -20 43 -22 25 23 -25 54 36 -28 -29 -30 30 -32 35 33 -35 -36 -37 -38 40 -40 -41 41 -43 -44 44 46 47 -48 -49 -50 -51 -52 -53 -54 -55 55 56 57 -59 -60 -61 -62 -63
leaf_value=0.010841427474765001 -0.0015873594243964715 -0.0004227308995487905 -0.002046435847724206 -0.013839278465422038 -0.0017728352095192725 -0.0034145701930007044 0.00012749929515953391 -0.00040454248469392088 -9.9034273696256089e-05 -0.0046101834327245475 0.0030507659381211905 0.00089248622428034989 -0.0054382700467535683 0.0023965860927601039 -8.5391884432402081e-05 0.00057207094373227347 0.0017365991741734319 -0.0024102697903869864 -0.0013157120188195385 0.0021840994646941808 -0.0052926096024236572 0.0026484571135855818 -0.0017505948539944709 0.0013981667724471223 -0.00065698068046198064 -0.0032550292870965935 0.0044148361971009884 0.0037305126902088212 0.00082841589727308991 0.00075377921610400925 -0.0012490133548291107 -0.001494047542493826 0.00037164263856369345 0.0043799731527581365 0.0033777293357471778 -8.0845708119351583e-05 -0.00038796397922973328 0.0054673256151427548 0.0009261714959252059 -0.0044432086198070708 0.0025625174082722769 0.00021589261448893903 -0.00044850323287168716 -0.0032742354017431794 0.0027548642588730368 0.00030775105098665765 -0.00063652740047127334 -0.0022891226921445957 -0.00050536504147520968 0.00079172487866381439 -0.00019584641377409217 0.00030377280142898904 8.9858230566565761e-06 -6.0014126870164214e-05 0.00083896274816929654 -0.00012796949565890958 -0.0025518270264013702 0.0002901076457419933 -0.0078550182286385838 -0.00015794776493125232 0.00048880992868142006 0.0001394506410736059
leaf_weight=67 831 495 699 103 106 59 2786 433 307 534 162 245 86 154 70 2972 778 195 688 240 190 72 253 59 313 137 119 77 469 104 322 840 277 232 49 383 276 201 1918 154 1215 895 392 335 50 338 80 222 244 159 1058 3841 719 114 272 271 423 50 133 1337 1456 564
leaf_count=67 831 495 699 103 106 59 2786 433 307 534 162 245 86 154 70 2972 778 195 688 240 190 72 253 59 313 137 119 77 469 104 322 840 277 232 49 383 276 201 1918 154 1215 895 392 335 50 338 80 222 244 159 1058 3841 719 114 272 271 423 50 133 1337 1456 564
internal_value=5.7473e-05 -0.00226064 -0.000619726 -0.00550265 0.000276799 0.000314825 -0.000767406 -0.00228737 0.000658449 -0.00591426 -0.00108508 0.00142801 -0.00305966 -0.00232143 0.00102335 0.000229653 0.00118553 -0.000457214 0.000167524 -0.00299562 -0.0063946 0.000536746 0.00053243 -0.00511182 0.000600601 -0.00129359 0.00907895 0.00557276 0.000671943 0.000333709 -0.00480094 -0.00337302 0.00238806 0.00543269 -0.00405329 -0.00435049 -0.00501208 0.00229162 0.000892857 -0.00395022 0.00373054 0.00304102 -0.00369898 -0.00092812 -0.00435924 0.00110974 0.00381679 -0.0013369 0.00194328 0.00635776 0.000712189 0.00129383 -0.00162374 -0.00933908 -0.00034137 -0.00290069 -0.00556291 -0.00838608 -0.00486194 0.000367747 0.00151028 -0.00104167
internal_weight=32623 2819 1885 934 29804 29698 7156 3869 22542 967 2902 1277 1625 1539 3287 17852 7464 10388 8346 2042 777 1210 3098 312 7658 888 189 322 6686 6217 426 1385 1004 509 881 1223 413 4690 2379 461 2311 2110 587 1265 465 800 130 560 475 231 5791 4733 892 173 4686 1016 744 473 832 3670 2333 877
internal_count=32623 2819 1885 934 29804 29698 7156 3869 22542 967 2902 1277 1625 1539 3287 17852 7464 10388 8346 2042 777 1210 3098 312 7658 888 189 322 6686 6217 426 1385 1004 509 881 1223 413 4690 2379 461 2311 2110 587 1265 465 800 130 560 475 231 5791 4733 892 173 4686 1016 744 473 832 3670 2333 877
cat_boundaries=0 1 2 3 4 5 6 7 8 9 10 11
cat_threshold=4265 1153 3876 2470 4669 1310 2048 1154 3 44 524
is_linear=0
shrinkage=0.05


Tree=60
num_leaves=63
num_cat=12
split_feature=0 14 0 17 22 3 39 8 1 39 1 9 25 25 6 22 8 13 13 33 17 39 30 25 3 25 39 39 14 21 25 23 18 9 13 33 30 29 33 41 18 41 4 23 17 17 23 26 15 4 39 5 9 3 3 9 2 30 25 6 33 19
split_gain=7.49436 4.45424 4.82511 4.3431 4.03466 3.91938 3.77117 3.73001 3.60223 3.41041 3.37346 3.47093 3.55365 3.371 5.10366 3.83798 3.61329 3.10932 3.37157 3.09366 2.96847 5.64159 6.68796 6.16334 4.08664 3.67903 4.2931 3.97289 3.66743 3.53933 3.34073 3.76903 3.33416 3.19243 3.12678 4.76918 4.01195 3.14552 3.08204 4.043 3.06349 2.96123 3.39943 2.92628 2.90766 2.88578 2.86578 2.92045 3.3212 2.80444 3.66556 2.78699 2.74103 2.72851 3.91406 2.70455 2.63935 4.07071 2.6008 3.66982 2.59796 2.58297
threshold=-0.037739558752669204 -0.66772162556521797 0.87546873735389907 0.45207684853558844 0.40546367953877666 -0.86291777228445488 0 0.53649740122001222 -0.34174903056409262 1 0.033601691985810429 0.22529673791557275 2 3 7.7432745251104222 -0.42871697973730688 0.06417491786538411 0.14285790816189872 0.15797402006038194 34.264285714285727 -0.0064016604277394853 4 79.65000000000002 5 0.56909660172728949 6 7 8 0.2876820724517809 721.20000000000016 9 0.34692478749452432 1.5445350263777764 0.26188633161553648 1.110531674208145 37.721428571428575 13.850000000000003 1.0000000180025095e-35 27.035714285714292 241.03746300780202 0.34619248429004307 301.62152777777777 -0.16080804541977886 -0.78424107379863928 -0.10335290733649215 0.29130203248716507 -0.51933462635053795 11.500000000000002 0.12089741011288081 -0.10536051565782632 10 8.9418659630885902 0.084389904237274119 -0.017987491349690018 0.51076618170523125 0.38984335264894471 0.11778347043918204 110.50000000000001 11 7.2128963293295483 38.492857142857154 0.0047803283776526083
decision_type=2 2 2 2 10 2 1 8 2 1 2 10 1 1 2 10 8 2 2 2 2 1 2 1 2 1 1 1 2 8 1 8 8 10 2 2 2 2 2 2 10 2 2 8 2 2 10 2 2 2 1 2 10 2 2 10 2 2 1 2 2 2
left_child=3 2 7 4 5 -1 10 55 44 -6 11 12 -5 14 49 61 -17 -10 -19 45 21 22 24 -23 29 26 28 -27 32 -20 31 -31 56 -26 40 36 -36 -38 39 -32 -29 -25 -43 -42 -3 -18 -46 -48 -49 -7 -51 -14 -33 -45 -55 -2 57 -22 -8 -60 -21 -16
right_child=1 8 -4 6 9 13 58 -9 17 -11 -12 -13 51 -15 15 16 19 18 20 60 25 23 -24 41 33 27 -28 34 -30 30 38 52 -34 -35 35 -37 37 -39 -40 -41 43 42 -44 53 46 -47 47 48 -50 50 -52 -53 -54 54 -56 -57 -58 -59 59 -61 -62 -63
leaf_value=0.010225306254162955 -0.00032942134663980203 0.0068826206797415529 -0.035422080716608094 -0.00065894331359123886 0.0012204318075924561 0.0031001198663927147 1.3136080849701638e-05 0.0032722386700816384 -0.00099213254362422111 -0.0014647975996852766 -0.001327609017587131 0.0026307525533005973 0.00092277565260862667 0.00019657438332158165 0.0017751438939383206 0.0019552616713404388 -0.00068839168887462369 0.0013326945655236649 0.0039843157476262036 0.0026507785994434232 -0.00054193265612670458 -0.00050541136583495856 0.0035656107678727722 1.2703891818053207e-05 -0.0073769746058996071 0.00013674362219840192 -3.505364603980663e-05 -0.00098783471595569983 -0.00020736636109651535 0.00025549983481606004 0.00021298013741833014 0.0040944013311608853 -0.0052569995262106185 0.00011346615552301574 -0.0052628961341073368 0.004058695682196598 -0.0010892107852924402 0.0052305751595018704 -0.00013927584426990172 0.0055955397963068833 0.0017856725445782821 -0.0018192348169289519 0.0017857059866629656 0.00026738249054831972 0.0024100962141432058 -0.0043484193641635588 -0.0051555995896697075 -0.0018835576789190318 0.0047197144910465522 0.00026251681324720636 0.003878292116995162 -0.0010042548679987564 0.0019679553605627012 -0.0006749427905566993 0.0018012252533229226 -0.0038660721684170155 -0.0032463573201418207 -0.0039984032736256085 -0.00013373725777767796 -0.0030373788174873064 -0.0010217759466799915 -6.2593780289089271e-05
leaf_weight=173 2369 139 43 275 133 677 567 113 275 314 195 250 311 4823 655 88 611 73 67 100 897 1182 171 2355 61 3643 2484 796 811 383 122 48 53 77 107 110 80 93 1097 59 114 48 299 702 158 86 42 62 87 740 274 64 313 1065 118 150 387 66 374 407 44 341
leaf_count=173 2369 139 43 275 133 677 567 113 275 314 195 250 311 4823 655 88 611 73 67 100 897 1182 171 2355 61 3643 2484 796 811 383 122 48 53 77 107 110 80 93 1097 59 114 48 299 702 158 86 42 62 87 740 274 64 313 1065 118 150 387 66 374 407 44 341
internal_value=0.000136341 -0.000418621 -0.00232623 0.00116491 0.00166943 0.0019099 -0.00070581 -0.00205089 -0.000144811 -0.00295759 0.00146926 0.00277469 0.000844854 0.00175652 0.00290874 0.00115524 -0.00115591 -0.000258853 -0.000177553 -0.00216746 -0.000221798 0.000652555 0.00255293 -0.000526316 0.00182899 -0.00069836 -0.0017732 4.38661e-05 -0.00337079 0.00238038 0.00200198 0.00463576 -0.00493234 -0.00647482 -0.00124374 0.00294118 -0.000533808 0.00416667 0.000426687 0.00645604 -0.00183298 0.000792481 0.00510057 -0.0007875 0.00408998 -0.00354585 0.00164286 -0.00247396 0.000833333 0.00492021 0.00325123 0.00395078 0.00835635 -0.00125928 -0.00272382 -0.0024504 -0.00444115 -0.00303423 -0.00246505 -0.00432449 0.00448276 0.00330993
internal_weight=32821 21319 2675 11502 9059 8612 2443 2632 18644 447 1095 900 650 8439 3616 1925 929 18156 17881 841 17808 6282 2398 3884 2227 11526 4698 6828 2214 2089 2022 744 1403 138 3185 390 280 173 1278 181 2795 2702 347 1999 488 697 349 191 149 1691 1014 375 361 1885 1183 2519 1350 963 1348 781 144 996
internal_count=32821 21319 2675 11502 9059 8612 2443 2632 18644 447 1095 900 650 8439 3616 1925 929 18156 17881 841 17808 6282 2398 3884 2227 11526 4698 6828 2214 2089 2022 744 1403 138 3185 390 280 173 1278 181 2795 2702 347 1999 488 697 349 191 149 1691 1014 375 361 1885 1183 2519 1350 963 1348 781 144 996
cat_boundaries=0 1 2 3 4 5 6 7 8 9 10 11 12
cat_threshold=4701 672 234 880 4866 2210 1605 4874 939 3120 1286 3608
is_linear=0
shrinkage=0.05


Tree=61
num_leaves=63
num_cat=11
split_feature=2 30 16 25 7 41 2 33 39 30 37 39 25 7 7 25 2 26 23 27 39 30 4 19 9 30 33 20 39 10 37 6 10 33 33 6 7 23 7 25 21 35 41 2 22 19 33 39 25 3 10 30 27 7 41 44 20 0 33 39 4 37
split_gain=5.91463 5.36517 4.7219 4.30858 3.92207 3.74034 4.05549 3.90036 5.78642 4.98044 4.90775 4.86873 7.591 6.8345 4.92788 5.79496 4.84213 4.64151 4.60944 5.02491 4.38717 4.36342 3.88383 4.60957 3.80067 3.78756 3.70825 3.89787 3.6147 3.89635 3.47743 3.89007 3.46771 3.44932 6.63084 7.26743 7.06268 5.07529 4.73535 4.08518 5.33769 3.35926 3.52042 3.33965 4.43726 4.92242 3.60258 3.52854 4.01336 3.69092 3.27888 3.23325 3.19381 3.16946 3.67383 3.42588 3.09902 3.07681 3.36539 3.06327 3.04932 3.01601
threshold=-0.10915066590167564 114.30000000000003 0.058374985773246298 0 8.1353796056180272 4.4064004096262162 0.80188677027751398 37.721428571428575 1 1.5500000000000003 31.500000000000004 2 3 8.2048991865678484 6.936224538603958 4 0.10942027172033032 45.500000000000007 -0.057158413839948456 45.500000000000007 5 108.65000000000002 -0.084081504304713825 0.087614344496754079 0.064660259239277387 1.1500000000000004 34.092857142857156 0.10289774693437455 6 0.12943256883701795 49.500000000000007 7.322846839368597 -0.55697470511462555 34.414285714285718 31.56428571428572 8.3537304209355252 9.1294883493214325 -1.3856658255248648 6.8665393220360054 7 3993.7500000000005 3.6449225985521224e-11 332.57457904973609 0.087011376989629699 -0.20064543653098282 0.0095379566160373411 27.478571428571435 8 9 -0.0078126589515403726 0.35258144273284536 28.250000000000004 8.5000000000000018 7.3552331121617209 1599.9025631017437 0.38750000000000007 0.0023038372253118482 -0.11466384290045271 29.592857142857149 10 0.20544540278419679 48.500000000000007
decision_type=2 2 2 1 2 2 2 2 1 2 10 1 1 2 2 1 2 2 8 2 1 2 2 2 10 2 2 10 1 2 10 2 2 2 2 2 2 8 2 1 10 2 2 2 10 2 2 1 1 2 2 2 2 2 2 2 10 2 2 1 2 10
left_child=1 2 3 53 -3 24 7 11 -9 10 18 12 13 26 15 51 41 61 19 -10 -18 33 -19 30 25 -2 -7 -28 29 -5 31 -24 -30 34 35 37 -37 -14 -39 56 -41 42 -17 47 45 -45 -47 -26 -49 -50 -15 -13 -38 -1 55 -55 57 -40 -59 60 -53 -16
right_child=5 4 -4 28 -6 6 -8 8 9 -11 -12 14 21 50 17 16 20 22 -20 -21 -22 -23 23 -25 43 -27 27 -29 32 -31 -32 -33 -34 -35 -36 36 52 38 39 40 -42 -43 -44 44 -46 46 -48 48 49 -51 -52 59 -54 54 -56 -57 -58 58 -60 -61 -62 -63
leaf_value=0.0032494427760876676 -4.0202551872089794e-05 0.005426605013150107 -9.4684417622434034e-05 -0.00078428795357680372 -4.2866753555958951e-05 0.0016015986885933677 -0.004821764964816018 0.0011362119847029861 0.0013816049292265757 0.0010271289752741368 0.0020275147336031593 0.0023626886378809255 -0.0048435533086640973 8.6943207412491571e-05 -0.00014777879937628147 0.00013905443574979657 0.0012024544674511348 -7.8928487905732825e-05 -0.0014873466322127245 -0.0042103486855802992 -0.0028200544579937478 0.0021720382721034776 -0.00046093534290246032 1.9355710355199932e-05 0.00087764299348221629 0.0013399470941779337 0.0003276446584023129 -0.0026558754414053439 0.0081912423441988114 0.0049299384159033101 0.0010442030354606059 -0.0026458215050129395 0.00039422681270344931 0.00046087802322975911 -0.0018036851182510799 -0.0032582144083875097 -0.001394018593906301 -0.00036983337914877007 0.0013390650953884885 9.9060254215810502e-05 -0.0021973832672075215 -0.00083817061417249851 0.0023071412005839045 0.00062381459193561108 -0.0024186437199605411 0.0011764843611534062 -0.0023911888081937253 0.00016281412089091073 -7.5918885564978513e-05 -0.0011327638477597586 -0.006647281369143102 0.005783394059849456 0.0027978148640358871 0.0013904519718441939 -0.0026978580050313903 -0.0021648695026106088 0.0024063314651706805 0.00011755631944403237 -0.00037450613249778004 -0.0025600430295979492 -0.0006734275681008179 0.0009175095417741537
leaf_weight=622 83 187 3644 864 104 1154 246 1056 218 185 48 600 69 706 7670 357 161 399 557 80 304 166 172 126 420 87 215 66 111 47 40 441 1779 659 468 420 56 121 72 882 159 120 190 556 929 84 360 666 515 532 53 50 104 1092 73 63 493 293 192 118 55 291
leaf_count=622 83 187 3644 864 104 1154 246 1056 218 185 48 600 69 706 7670 357 161 399 557 80 304 166 172 126 420 87 215 66 111 47 40 441 1779 659 468 420 56 121 72 882 159 120 190 556 929 84 360 666 515 532 53 50 104 1092 73 63 493 293 192 118 55 291
internal_value=3.06269e-06 0.00112961 0.00089501 0.00195077 0.0077911 -0.00039892 -0.000110926 -3.06326e-05 0.00198135 -0.000591447 -0.00212942 -0.000278049 0.000825602 0.00319728 -0.0009095 0.00136759 -0.00096238 -0.0013977 -0.00300818 0.00200669 -0.00488197 -0.000432173 -0.0043257 -0.00637821 -0.00174817 0.00555556 0.00524025 8.86525e-05 0.000702347 -0.00187093 -0.00806575 -0.00899837 0.00194634 -0.000764603 -0.00141892 -0.000515374 -0.00550775 0.000755916 0.00117488 0.00173279 -0.000499049 0.00175898 0.00342153 -0.00205513 -0.00356218 -0.00124875 -0.00516854 -0.00069119 -0.00169664 -0.00361531 -0.000625 0.00452638 0.00341615 0.00381515 0.00235964 0.00304931 0.0039114 0.00138889 -5.14403e-05 -0.000558036 0.00538793 -0.000963954
internal_weight=32650 8586 8295 4651 291 24064 19832 19586 2144 1088 903 17442 6348 2194 11094 1955 1132 9139 855 298 465 4154 1178 779 4232 170 1435 281 2801 911 653 613 1890 3988 3329 2861 580 2281 2212 2091 1041 667 547 4062 1929 1000 444 2133 1713 1047 759 823 160 1850 1228 1155 1050 557 485 223 105 7961
internal_count=32650 8586 8295 4651 291 24064 19832 19586 2144 1088 903 17442 6348 2194 11094 1955 1132 9139 855 298 465 4154 1178 779 4232 170 1435 281 2801 911 653 613 1890 3988 3329 2861 580 2281 2212 2091 1041 667 547 4062 1929 1000 444 2133 1713 1047 759 823 160 1850 1228 1155 1050 557 485 223 105 7961
cat_boundaries=0 1 2 3 4 5 6 7 8 9 10 11
cat_threshold=309 2357 5825 2118 3874 256 3216 561 808 3620 258
is_linear=0
shrinkage=0.05


Tree=62
num_leaves=63
num_cat=16
split_feature=2 33 39 25 39 9 29 30 25 39 39 5 25 26 37 35 39 8 39 21 21 12 35 37 39 26 30 25 39 10 25 2 11 10 5 11 19 38 26 9 1 33 2 6 9 18 39 22 9 5 21 5 9 35 22 21 24 8 12 35 35 26
split_gain=6.18143 6.02497 7.63261 6.01039 5.41821 4.64323 4.07981 7.07205 9.89573 9.1332 5.62016 6.32512 5.61924 5.43305 5.18071 5.12978 4.63163 4.67059 4.3813 5.64908 6.81856 5.41168 7.54925 6.43879 6.36383 5.55078 5.04949 10.1054 5.90035 4.6156 3.97303 4.3745 3.91728 3.7964 3.95053 3.7478 4.60045 3.73521 3.67172 4.31011 3.62215 4.19521 3.59082 3.59436 3.5839 3.75004 3.56647 4.87812 3.79493 3.51462 3.51091 6.0573 3.49567 3.49077 4.46906 3.44924 3.40219 3.42169 3.39153 3.34792 3.29151 3.24265
threshold=0.14092062658397178 38.192857142857157 0 1 2 0.068783870610502354 1.0000000180025095e-35 45.850000000000016 3 4 5 6.9431622937592996 6 29.500000000000004 81.500000000000014 0.70376176146192615 7 0.25069387311555386 8 8418.7500000000018 1570.5000000000002 36.500000000000007 0.013086017227454628 23.500000000000004 9 2.5000000000000004 0.55000000000000016 10 11 -0.12172675767801254 12 -0.12726106532776391 52.500000000000007 -0.13365618640710417 7.6189832950791905 33.500000000000007 -0.045516630887938905 13 42.500000000000007 0.10410324687568666 0.22314355131421018 27.035714285714292 -0.33647180804981497 7.4599467799493313 0.20086477725206883 1.5445350263777764 14 0.028894807505429339 0.23172947910563091 7.9294957580820045 14062.500000000002 8.0610503039685586 0.059274768506904225 2.6470227127570633e-05 0.14463848879466898 1050.0950000000003 15 0.12103591548947099 85.500000000000014 0.90930700883348381 5.9627855477649158e-08 28.500000000000004
decision_type=2 2 1 1 1 10 2 2 1 1 1 2 1 2 10 2 1 10 1 10 10 2 2 10 1 2 2 1 1 2 1 2 2 2 2 2 2 1 2 10 2 2 2 2 10 10 1 10 10 2 10 2 10 2 10 8 1 8 2 2 2 2
left_child=1 6 42 4 40 -6 10 8 33 38 13 14 37 -1 60 16 35 32 19 20 30 24 26 59 25 -20 28 -28 -23 -30 31 -10 50 34 -8 36 -14 -13 39 -9 41 -2 -3 -44 -5 -46 -34 48 -48 -11 51 -18 -26 54 -4 -41 -43 -58 -17 -24 -12 -38
right_child=3 2 53 44 5 -7 7 9 18 49 11 12 15 -15 -16 58 17 -19 21 -21 -22 22 23 -25 52 -27 27 -29 29 -31 -32 -33 46 -35 -36 -37 61 -39 -40 55 -42 56 43 -45 45 -47 47 -49 -50 -51 -52 -53 -54 -55 -56 -57 57 -59 -60 -61 -62 -63
leaf_value=1.7793233186658649e-05 0.0039318972968202508 0.01138862071377196 -0.00080357526341569708 -0.00024499450698252519 0.0016483448866606424 -0.0011435068055085187 0.0020863742295268955 -0.0005293414974253712 0.0041190040927725248 0.0041166737728787059 0.0015894230576438591 -0.00010481960260831465 -0.0014105743031264271 -0.0020119047763946145 -0.0030706356665604097 -0.0034649733833543774 -6.5809366777595633e-05 0.00098680987881209423 0.010692565695734943 -0.0040597612580976859 0.0014765451788487463 -0.0040562871395911958 -0.0018043126264593258 0.0037284871360484849 0.0014098003943329106 0.001017525341695201 0.00078358828122199176 -0.0036035390822051999 0.00032707353053824283 -0.0016768404743592537 -8.8807899436331639e-05 3.6443019072025843e-06 -5.3428476126182044e-05 -0.0080455632387685608 -0.0057203452969748492 0.0025895758738816951 -0.00018159346386275866 0.00095044959372336194 -0.0052441125887379113 -0.0039280105312658803 -0.00029915477274964909 0.0014633792469161328 0.0023603766796870883 0.0004752757152799937 -0.0021666661949587955 0.0022522294194731122 0.00080657019265652913 -0.00039371716360812214 -0.0011328400129993136 0.00089373344140121795 0.0004087813045894326 -0.0012612447646817605 -0.00054237004282924517 0.00090124599266546779 0.0022207791422272742 0.0026524879171815649 0.0016924768217930224 -0.0010183787666422099 0.00021484375780897219 0.0013174721841217722 0.0072448867212139782 0.0027558961098655905
leaf_weight=861 217 107 643 2112 57 600 43 52 181 340 865 471 180 543 43 91 2571 1505 54 79 755 601 79 106 68 735 521 304 401 774 1031 463 744 173 81 519 235 1553 42 42 907 714 602 536 2200 139 1289 439 181 255 251 1361 1778 84 124 145 146 341 40 48 55 220
leaf_count=861 217 107 643 2112 57 600 43 52 181 340 865 471 180 543 43 91 2571 1505 54 79 755 601 79 106 68 735 521 304 401 774 1031 463 744 173 81 519 235 1553 42 42 907 714 602 536 2200 139 1289 439 181 255 251 1361 1778 84 124 145 146 341 40 48 55 220
internal_value=-5.42847e-05 0.000318623 0.00288507 -0.00132163 0.000417641 -0.00355539 8.63222e-05 -0.000734812 -0.00118717 0.00353478 0.000622414 0.000956511 0.000635139 -0.00236749 0.00484959 0.000129708 0.000265901 -0.000146671 -0.000844912 0.000882937 0.00131633 -0.00163777 -0.00315697 0.00544872 -9.48407e-06 0.00371875 -0.00392967 -0.000696126 -0.0054305 -0.00326728 -0.000462411 0.00259542 -0.000702062 -0.00998377 -0.0036 0.00321888 0.000668239 0.00302211 -0.00385274 -0.0015625 0.0015518 0.00313601 0.0053543 0.00456541 -0.00248207 -0.00383547 0.000800678 0.0019401 0.00333107 0.00697195 -0.00165511 -0.00202136 -0.00161551 -0.000783063 -0.00185547 0.00199468 0.00197587 -0.00125502 -0.00965909 -0.00214844 0.00564604 0.0033443
internal_weight=32697 25264 2096 7433 2982 657 23168 9151 8275 876 14017 12613 11650 1404 963 9626 9495 8341 7978 2509 2430 5469 2834 233 2635 789 2601 825 1776 1175 1675 644 6836 297 124 1154 635 2024 281 239 2325 1418 1245 1138 4451 2339 2653 1909 1470 595 4183 3932 1846 851 767 187 1201 487 131 127 920 455
internal_count=32697 25264 2096 7433 2982 657 23168 9151 8275 876 14017 12613 11650 1404 963 9626 9495 8341 7978 2509 2430 5469 2834 233 2635 789 2601 825 1776 1175 1675 644 6836 297 124 1154 635 2024 281 239 2325 1418 1245 1138 4451 2339 2653 1909 1470 595 4183 3932 1846 851 767 187 1201 487 131 127 920 455
cat_boundaries=0 1 2 3 4 5 6 7 8 9 10 11 12 13 14 15 16
cat_threshold=3469 2352 7976 128 2242 2064 134 4128 2193 1032 3604 1090 54 4 193 28
is_linear=0
shrinkage=0.05


Tree=63
num_leaves=63
num_cat=13
split_feature=31 39 33 1 35 39 19 13 21 39 27 39 7 25 7 39 42 35 4 25 21 30 3 3 25 21 5 26 14 3 2 26 11 25 31 39 1 26 33 25 11 8 39 33 11 11 8 6 4 11 7 9 9 36 41 8 35 13 5 26 39 31
split_gain=7.68358 11.2232 8.64483 6.38473 6.09659 4.53353 4.21517 7.46372 5.77519 4.1729 3.973 4.6651 5.85967 5.9998 4.7435 6.18286 5.17607 4.85916 6.14 4.61851 4.90485 4.82636 3.64098 3.62292 3.62103 3.75804 6.70577 4.76406 4.00716 3.61721 3.56325 3.73306 3.72022 3.40223 3.63855 3.24901 4.51651 3.48488 3.16699 3.16524 5.20162 3.27276 3.79971 4.61247 3.10996 3.04741 4.45493 3.57349 3.01352 4.65551 4.55925 2.96118 2.94716 2.93787 3.24855 3.29554 2.92663 2.90079 2.89998 2.89045 3.85328 4.91423
threshold=0.75000000000000011 0 37.635714285714293 -0.057157384428811124 0.23900491537874677 1 0.011376789356360781 1.2133346666666669 7262.5000000000009 2 3.5000000000000004 3 7.2685103033197418 4 7.824817992913192 5 0.6868872549019609 0.66033599379996555 -0.17435288714452743 6 2498.3350000000005 56.150000000000013 0.14081005576610031 0.27871340246902016 7 8987.5000000000018 8.1165360390935142 42.500000000000007 -0.16633946062622715 -0.43387519203182062 0.22019052574289824 10.500000000000002 12.500000000000002 8 1.0500000000000003 9 -0.026317308317373552 36.500000000000007 38.678571428571438 10 4.5000000000000009 0.078750240657144713 11 35.50714285714286 2.5000000000000004 12.500000000000002 0.24578534410524369 6.5917788034538383 -0.22314355131420924 48.500000000000007 8.31786639424889 0.22219589940794029 0.091042152062763199 0.05904890189201769 3.5561111111111114 0.034480654868740017 0.37621857951353438 0.25037537537537541 7.1111602819264519 51.500000000000007 12 23.550000000000004
decision_type=2 1 2 2 2 1 2 2 10 1 2 1 2 1 2 1 2 2 2 1 10 2 2 2 1 10 2 2 2 2 2 2 2 1 2 1 2 2 2 1 2 8 1 2 2 2 10 2 2 2 2 10 10 2 2 8 2 2 2 2 1 2
left_child=1 30 4 10 22 23 7 9 53 -5 -2 14 13 -13 17 19 -17 18 -12 21 -21 -16 -3 -4 59 26 28 39 -26 -7 48 32 -32 34 -18 36 -30 -38 -8 40 -28 -41 43 -43 -14 46 -37 -47 49 50 -1 -27 -35 54 -9 -56 -6 -46 -31 60 61 -11
right_child=3 2 5 6 56 29 38 8 -10 24 11 12 44 -15 15 16 33 -19 -20 20 -22 -23 -24 -25 25 51 27 -29 35 58 31 -33 -34 52 -36 45 37 -39 -40 41 -42 42 -44 -45 57 47 -48 -49 -50 -51 -52 -53 -54 -55 55 -57 -58 -59 -60 -61 -62 -63
leaf_value=0.0040916020380440876 0.0016732296331861839 -0.0011025262723140792 0.001788614008702355 -0.00016833017763083448 0.0067450427707275084 0.0050733998495850769 -0.00021809589663289894 -0.0027913463377197086 -0.00095666210761888998 0.00080020560488622793 0.0030969054398170431 -0.00079871326624656217 0.0030274848159610418 0.0016986284600804362 -0.0053493412709259489 -0.002274047265079454 -0.0015956118979425617 -0.0032349749672892212 0.00093342934128438362 0.0016092743162949286 -0.0016505348101165428 0.0018675665648931223 -0.0030749535787499417 -0.0011951078389251142 -0.00031400083214305801 0.00030553905301355152 -0.0036266586565409115 -0.0018285195579430529 -0.00095827855611807825 -0.0020871923667456042 -0.0011105302034593639 -0.005083342805769886 0.0036061825642334597 0.0030504910359692356 0.00053243926329073113 0.00081917633965398681 0.00040765015390082217 0.0031288340662318226 0.0010917144838001346 2.1591744673136438e-05 0.00035477432266814283 -0.00361610120015784 -0.00030623185849262585 0.0016263497345317638 0.00088016849422950624 0.0062204852173864469 -0.0021295208191752174 -0.00026479987888120211 0.000305820984354562 -0.0013428630521127587 -0.0032694511238078971 0.0021794791062721406 0.0013231954788250093 -0.00091013209369020937 -0.00065930792325393428 0.0023835660490962342 -0.00010021176590868983 -0.0011066839467504495 -0.0004631003603860831 -0.00069956007551578959 0.00013822336304086761 0.0054933653122447501
leaf_weight=86 709 2735 486 636 41 49 6956 43 245 204 599 448 47 1215 198 78 53 50 834 365 452 53 741 127 1652 286 88 219 124 159 40 95 47 99 1193 338 803 327 319 234 535 278 299 57 107 80 120 1411 1387 130 48 89 906 69 52 971 44 1389 389 158 581 183
leaf_count=86 709 2735 486 636 41 49 6956 43 245 204 599 448 47 1215 198 78 53 50 834 365 452 53 741 127 1652 286 88 219 124 159 40 95 47 99 1193 338 803 327 319 234 535 278 299 57 107 80 120 1411 1387 130 48 89 906 69 52 971 44 1389 389 158 581 183
internal_value=-0.000103795 -0.00162755 -0.00290151 0.000281039 -0.00414795 0.000743187 -0.000275089 0.00038679 0.00380159 -0.000155119 0.00137847 0.00106344 -0.000419646 0.00163762 0.00203435 0.00100795 0.00244658 0.0043969 0.00493375 -0.0021316 -0.000271739 -0.00791985 -0.00447225 0.00372596 0.00015476 -0.000273342 -0.000552087 -0.00324372 0.000396417 -0.00234375 0.00169469 -0.00491803 0.00255682 0.00289742 0.00111376 0.0014279 0.00339921 0.00442087 -0.00119228 -0.00222855 0.000512618 -0.00415245 -0.00606299 -0.00960983 -0.00263925 0.000140306 0.0037037 -0.000955094 0.00243644 -0.00245283 0.00407407 0.00458777 0.00504429 0.0053037 0.00595127 0.00651855 0.00901163 -0.00303941 -0.00355191 0.00277045 0.00381837 0.0076005
internal_weight=32756 6604 4771 26152 3561 1210 17357 10082 1380 8702 8795 8086 3206 1663 4880 3397 2329 1483 1433 1068 817 251 3476 613 8066 6940 6565 1710 4855 597 1833 182 87 2251 1246 3203 1254 1130 7275 1491 623 868 634 335 1543 1949 458 1491 1651 264 134 375 1005 1135 1066 1023 85 1496 548 1126 968 387
internal_count=32756 6604 4771 26152 3561 1210 17357 10082 1380 8702 8795 8086 3206 1663 4880 3397 2329 1483 1433 1068 817 251 3476 613 8066 6940 6565 1710 4855 597 1833 182 87 2251 1246 3203 1254 1130 7275 1491 623 868 634 335 1543 1949 458 1491 1651 264 134 375 1005 1135 1066 1023 85 1496 548 1126 968 387
cat_boundaries=0 1 2 3 4 5 6 7 8 9 10 11 12 13
cat_threshold=660 2313 136 5659 2688 5120 386 2054 857 5138 657 4609 5472
is_linear=0
shrinkage=0.05


Tree=64
num_leaves=63
num_cat=7
split_feature=22 39 13 7 6 10 1 22 33 39 38 7 13 39 13 20 7 21 20 30 5 23 3 14 5 22 8 44 5 6 20 33 39 7 26 30 30 22 7 33 39 15 7 44 30 4 33 41 21 2 20 19 8 19 8 3 13 10 8 42 30 39
split_gain=5.13624 7.88133 6.09656 5.37534 4.2935 4.09049 3.9768 5.11888 4.52143 3.63112 3.60779 4.00026 3.83008 3.61842 4.46868 4.83211 4.37974 4.26874 3.97423 3.75396 4.03077 3.74263 3.44527 3.2327 4.47702 3.23173 3.10571 3.83874 3.36573 3.72607 3.85464 3.34376 3.24696 3.66123 3.61331 4.56332 5.66963 4.31439 4.01522 3.57598 3.0353 3.00671 4.50023 4.44995 3.25629 3.00626 2.98214 3.2208 2.97041 3.57299 3.04819 2.9509 3.25513 2.91456 2.88967 2.88293 2.84929 2.83254 3.22584 2.81911 2.81523 12.4323
threshold=-0.42871697973730688 0 0.25037537537537541 7.7074881479855089 8.5139094738011831 0.24628421233 0.23405841674129937 0.56056736390320283 39.785714285714299 1 2 9.766165133163156 0.5714272495319993 3 1.2227074722068825 0.071078811481381704 7.2176425759561669 7262.5000000000009 0.042490801591754425 6.6500000000000012 6.6083176282128608 0.04800921918636037 -1.0000000180025095e-35 0.69314718055994562 7.2374425641167077 0.65429583457440998 0.029464010754302754 1.0000000180025095e-35 7.1396252906401232 7.3433172086805891 0.031278376293954128 28.592857142857149 4 6.848007761498403 36.500000000000007 4.8500000000000005 49.050000000000004 0.039274173429554339 8.3532359786587698 35.921428571428585 5 0.039608226768524275 7.6718963802104119 0.15476190476190479 67.450000000000031 -0.010363385768512588 27.50714285714286 2.1092329545454551 10262.500000000002 -0.12194755011196844 -0.05248386533281716 0.0084575181812690716 0.36085929023134972 0.13389864704993767 0.076106573779932421 0.33969350189888609 0.87515821656505166 0.46574443354476275 0.61603974764997138 0.82785560344827591 50.45000000000001 6
decision_type=8 1 2 2 2 2 2 10 2 1 1 2 2 1 2 10 2 10 10 2 2 8 2 2 2 10 8 2 2 2 10 2 1 2 2 2 2 10 2 2 1 2 2 2 2 2 2 2 8 2 10 2 10 2 8 2 2 2 8 2 2 1
left_child=1 2 -1 -3 5 9 8 41 10 -5 11 12 26 18 16 17 19 21 23 20 22 -16 -15 48 -25 -18 31 32 -29 30 -30 -2 33 -28 35 39 53 38 -36 45 -10 42 43 51 -44 -34 -11 -48 50 -50 -12 -8 -53 -37 -6 -20 -22 58 -9 -56 -14 -62
right_child=6 3 -4 4 54 -7 7 57 40 46 13 -13 60 14 15 -17 25 -19 55 -21 56 -23 -24 24 -26 -27 27 28 29 -31 -32 -33 34 -35 37 36 -38 -39 -40 -41 -42 -43 44 -45 -46 -47 47 -49 49 -51 -52 52 -54 -55 59 -57 -58 -59 -60 -61 61 -63
leaf_value=0.0035469507146158232 -0.00051983501485955332 0.003250668533696318 -0.0039466567480557855 -0.00032244314508875286 -0.00019919643898108939 -0.0036074160895716127 0.0015755470276388366 -0.0049007080873650416 -0.00055917769223339387 0.0048880586074198998 0.00035219061901982081 -0.0013375997563936919 6.6947476872464973e-05 0.0027953689844595086 0.0012932136306663582 0.0021821783863267248 -0.0011407270341821617 -0.0016514206976015258 0.00096709351762010306 0.00076303575409688781 -0.0025425659927839281 -0.00027846118892568795 -0.00053924395520110063 0.0015513644486713533 0.00011322699860682926 -0.010376113995706216 0.00064723019421974656 0.0016336537847964048 -0.0022939858692858561 0.00039761565361066432 0.00079627165202931041 -2.6800459782402649e-05 -4.3112114690223562e-05 -0.0017406390618314666 0.0011544560086519766 -0.0013919467904724716 0.00013776580318014333 -0.00051490231160458211 -0.001643949469324113 -0.00050531849116129061 0.0018035273778601827 0.00015057131996647419 -0.0028554858690110437 -0.0057409660231718994 0.00058349969592430724 0.0011586108742149398 -0.0034854707568172496 0.0014807691884483 0.0033929312288563801 7.0780487185712057e-05 -0.00039129498344317557 0.00011421332838740857 -0.0083714743357798747 0.00043510416087891995 0.0067023606032092682 0.0044477147916908034 -6.9996110686112225e-05 -0.0095630932211825184 0.0046864451844409244 0.0016824058489833438 0.0038556770396635078 6.7516047438778707e-06
leaf_weight=83 132 1247 345 1075 60 100 563 169 115 71 392 237 7669 157 585 320 2824 305 428 615 393 884 80 98 358 79 117 158 107 1198 43 237 329 518 379 596 427 292 61 371 295 1413 781 131 117 355 42 360 94 308 1787 157 66 48 43 51 339 121 42 366 460 1013
leaf_count=83 132 1247 345 1075 60 100 563 169 115 71 392 237 7669 157 585 320 2824 305 428 615 393 884 80 98 358 79 117 158 107 1198 43 237 329 518 379 596 427 292 61 371 295 1413 781 131 117 355 42 360 94 308 1787 157 66 48 43 51 339 121 42 366 460 1013
internal_value=3.68019e-05 0.00176641 -0.00455581 0.00257778 0.00105052 -0.000151607 -0.000190873 -0.00175512 2.96971e-05 0.000484183 -5.63494e-05 0.000442133 0.00054786 -0.000784032 -0.00147527 0.000429594 -0.00236742 -0.000591549 0.000510349 -0.000252366 -0.00219072 0.000527211 0.00346639 -0.000156353 0.00371991 -0.00352101 -0.0005122 -0.000185 0.00192435 0.00111193 -0.00629139 -0.00493243 -0.00109473 -0.00429567 -0.000365981 -0.00141044 -0.00370802 0.0026603 0.00578231 0.000923295 0.00523114 -0.00114587 -0.00249174 -2.72331e-05 -0.00500556 0.00306569 0.00408058 0.00248139 -0.00084237 0.00310174 -0.0015711 0.00139771 -0.00345982 -0.00666667 0.00526596 0.00473958 -0.00402456 -0.00765766 -0.00412736 0.00676829 0.00117029 0.00317164
internal_weight=32606 3792 428 3364 2117 1648 28814 3560 25254 1548 24844 14747 14510 10097 6581 2094 4487 1774 3516 1584 969 1469 237 3037 456 2903 5368 4999 1506 1348 150 369 3493 635 2858 2126 1071 732 440 1055 410 3228 1815 917 898 684 473 402 2581 402 2179 786 223 644 469 479 732 332 211 409 9142 1473
internal_count=32606 3792 428 3364 2117 1648 28814 3560 25254 1548 24844 14747 14510 10097 6581 2094 4487 1774 3516 1584 969 1469 237 3037 456 2903 5368 4999 1506 1348 150 369 3493 635 2858 2126 1071 732 440 1055 410 3228 1815 917 898 684 473 402 2581 402 2179 786 223 644 469 479 732 332 211 409 9142 1473
cat_boundaries=0 1 2 3 4 5 6 7
cat_threshold=224 1033 3 533 266 514 5376
is_linear=0
shrinkage=0.05


Tree=65
num_leaves=63
num_cat=3
split_feature=1 2 39 6 1 4 41 31 44 41 22 9 41 6 4 18 19 21 15 4 22 39 18 30 3 30 6 8 41 21 5 22 26 31 42 33 11 39 21 10 33 41 33 26 30 14 22 10 21 18 8 2 6 1 21 17 6 3 31 22 21 8
split_gain=7.83276 6.22559 4.2988 7.39097 5.54801 4.51798 4.03358 3.38198 3.30255 4.52102 3.67351 3.68993 3.21941 3.32658 3.74335 3.60797 3.21116 3.20962 3.3188 3.20947 3.16281 3.03235 4.20455 5.65313 5.44467 3.34807 3.20753 3.10805 3.24072 3.88029 5.57162 4.77647 3.97294 3.30487 4.79928 3.7306 3.51876 3.27864 4.44018 4.00468 4.01879 3.21261 3.12031 2.97407 3.3422 2.95376 2.89596 2.88607 3.35821 3.24914 2.94966 3.90908 2.83589 2.81896 2.8174 2.912 2.81617 2.80412 3.78819 3.12635 2.75473 2.75178
threshold=0.0064768870366465068 1.1254143692523486 0 6.6628664858834528 -0.51621647240086765 0.62867365514923945 4.4064004096262162 405.94999999999999 0.18333333333333338 3.2754310344827591 0.020697217582458727 0.29670281010251653 5706.0234451450206 6.5917788034538383 0.61547247011501283 -1.4934581390118511 0.056088869251844732 7412.5000000000009 0.12625968972304039 1.5410939703049495 0.020697217582458727 1 1.0704077899671549 30.949999999999999 -0.35223750795551728 0.35000000000000009 7.0620225680266815 0.029464010754302754 4.4064004096262162 9002.5000000000018 7.8976903015464552 -0.42871697973730688 16.500000000000004 100.95000000000003 0.92084377610693413 29.114285714285717 33.500000000000007 2 2951.3150000000005 0.10755433847924857 37.078571428571436 3.5561111111111114 28.735714285714291 22.500000000000004 3.1500000000000008 -0.22432293345846152 -0.38296952446683391 0.077113820258384994 2377.5000000000005 0.98490625904713991 0.30140064591039889 -0.28768207245178118 8.365570501499997 -0.01994363952198341 3993.7500000000005 0.060468039828049054 7.8055379158819003 0.18733237526386495 3.2500000000000004 -0.38296952446683391 10006.250000000002 0.10738532228553174
decision_type=2 2 1 2 2 2 2 2 2 2 10 10 2 2 2 10 2 10 2 2 10 1 10 2 2 2 2 10 2 10 2 8 2 2 2 2 2 1 8 2 2 2 2 2 2 2 8 2 8 10 10 2 2 2 10 2 2 2 2 10 10 8
left_child=2 6 3 -1 -5 8 16 12 10 -10 54 -12 13 14 57 17 46 18 20 -17 -15 22 23 24 25 -6 -25 42 29 30 31 41 -31 -32 35 -35 -37 39 -39 40 60 -29 53 44 -26 -22 52 48 -11 50 51 -50 56 -23 -4 -56 -2 -8 59 -59 -30 -48
right_child=1 -3 5 4 21 -7 7 -9 9 47 11 -13 -14 15 -16 19 -18 -19 -20 -21 45 27 -24 26 43 -27 -28 28 37 32 33 -33 -34 34 -36 36 -38 38 -40 -41 -42 -43 -44 -45 -46 -47 61 -49 49 -51 -52 -53 -54 -55 55 -57 -58 58 -60 -61 -62 -63
leaf_value=0.0070017441809323358 0.0027523866514250483 -0.021701105866300967 3.6171655698975032e-06 0.0051684784053426499 -0.00019386017211753988 0.0015705398213535266 0.0017383453859035726 0.0021933243552818733 0.0036363710103781048 0.0024400024436149271 -0.0019144387919481057 0.00035035318125796954 0.00065772552304023076 0.00017407611807318128 0.0094786104645959851 -0.00010615896741362251 -0.0021110293858382988 -0.0031038947328736314 -0.0068213081899438123 0.0069651558011214745 -0.0012447674881184195 -0.0020590142358025607 -0.0030090965635789948 0.0074145585123072599 -0.0010439655085014254 0.0095000407967036019 0.0013959828397215096 0.0017899942183328113 0.00022090096501808758 -0.002551880096378399 -0.00022264971415447699 -1.4280850788824884e-05 0.0015609604363746186 0.00069856886644719372 -0.0041408769255780655 -0.0061146147240813643 8.7947551928007207e-06 0.0022681002113195121 0.00054378966865537047 -0.0021088156670249587 0.0014882970720407765 0.0069331223408365316 3.7533766677007331e-06 -0.0039447114913059777 0.0035750472209179827 -0.004957433667736078 0.00030995013053371987 -0.0013090452848148791 -0.0047088483337476882 0.00020262500681294911 0.0033092070264232874 -4.1479443378003996e-05 0.0028053410344085392 -2.5183166501652454e-05 8.5174929775420387e-05 -0.003771878677766214 -0.0021907843164066017 -0.0044566726092263882 0.0020238021788412451 2.1782813938411166e-05 -0.0037475238027650983 -0.0012145250089506015
leaf_weight=192 169 93 3984 505 81 422 403 114 141 208 805 285 253 488 54 10330 759 81 42 43 273 53 237 72 268 76 225 169 2244 58 801 464 210 152 176 50 45 469 2627 201 266 51 411 312 48 44 367 145 56 96 80 309 77 133 162 189 97 59 108 43 106 1214
leaf_count=192 169 93 3984 505 81 422 403 114 141 208 805 285 253 488 54 10330 759 81 42 43 273 53 237 72 268 76 225 169 2244 58 801 464 210 152 176 50 45 469 2627 201 266 51 411 312 48 44 367 145 56 96 80 309 77 133 162 189 97 59 108 43 106 1214
internal_value=9.86359e-05 -0.00073617 0.000816036 0.00144217 0.00126534 -0.000159582 -0.000655836 -0.000273589 -0.000487541 0.00209942 -0.000981386 -0.0035747 -0.00035387 -0.000472053 0.00295659 -0.000674659 -0.00241244 -0.00365985 -0.00274175 -0.000407268 -0.00201613 0.0010069 -0.0012218 9.23361e-05 -0.00213104 0.00617089 0.00595638 0.00134529 0.00160383 -4.59348e-05 -0.000838135 0.00277372 0.00557621 -0.00285714 -0.00642689 -0.00191532 -0.00963542 0.00221086 0.00333119 0.000963579 0.00149026 0.00882353 -0.00213211 -0.00421304 -0.000788644 -0.00589623 -0.00132468 0.000782123 0.00203333 -4.61255e-05 -0.00184978 -0.00375683 0.0028343 -0.00748663 -0.000328644 -0.00461648 0.000374532 0.00183225 -0.0028436 -0.00970874 0.000829434 -0.00222819
internal_weight=32695 15111 17584 10702 10510 6882 15018 12335 6460 1035 5425 1090 12221 11968 667 11301 2683 928 847 10373 805 10005 1319 1082 785 157 297 8686 8089 2176 1908 684 268 1224 423 247 95 5913 3096 2817 2616 220 597 628 316 317 1924 894 749 541 445 365 343 186 4335 351 266 613 210 102 2350 1581
internal_count=32695 15111 17584 10702 10510 6882 15018 12335 6460 1035 5425 1090 12221 11968 667 11301 2683 928 847 10373 805 10005 1319 1082 785 157 297 8686 8089 2176 1908 684 268 1224 423 247 95 5913 3096 2817 2616 220 597 628 316 317 1924 894 749 541 445 365 343 186 4335 351 266 613 210 102 2350 1581
cat_boundaries=0 1 2 3
cat_threshold=4893 256 12
is_linear=0
shrinkage=0.05


Tree=66
num_leaves=63
num_cat=16
split_feature=1 15 39 25 25 5 39 7 25 42 20 1 12 33 10 13 7 3 39 38 39 25 39 19 8 10 25 19 22 44 5 44 22 11 36 33 10 7 39 40 25 25 23 17 25 12 6 10 8 25 16 18 15 6 22 19 10 33 10 12 10 21
split_gain=4.53263 5.18051 4.65107 6.42623 4.06934 3.94277 3.76446 7.11805 5.62959 4.95633 5.25719 4.72807 3.75664 4.78768 3.73952 3.64324 3.61175 3.4751 5.86091 4.13929 4.1133 4.44421 3.4273 3.92439 3.84535 3.64779 3.38169 4.57046 3.34798 3.32791 3.32625 3.27151 3.28778 3.26483 3.23754 3.07816 3.07415 3.03909 4.52983 3.68882 4.80429 3.74549 3.35107 3.28016 3.27205 4.43266 3.22096 3.09517 3.01269 3.09335 3.34078 2.99553 2.95749 3.24429 2.87102 2.80068 3.03387 2.73195 3.45275 2.7955 2.72912 2.72545
threshold=0.016000502636789985 1.0000000180025095e-35 0 1 2 7.5260958950865016 3 8.2730406286809401 4 0.96039215686274526 -0.080208926022964727 0.56617956982044071 83.500000000000014 29.37857142857143 0.54000608367570913 0.94766101590321539 6.6399108446429524 -0.26156989752132226 5 6 7 8 9 -8.3417130608890148e-17 0.052350600632176128 -0.11853143967685707 10 0.0030733308872152223 0.47658476784466608 0.38750000000000007 7.5548919134988326 0.18333333333333338 -0.087800135049670491 27.500000000000004 0.027505270583714735 27.407142857142862 0.0031360396130444283 8.1799915326880459 11 1.5000000000000002 12 13 0.24116205681688843 0.3465669846015334 14 77.500000000000014 8.3401860744386891 0.13715736169357132 0.35033141402669138 15 -1.0000000180025095e-35 -0.41405964279487278 1.4674347640751451 8.3537304209355252 0.11529751088440517 -0.15122083282349127 0.4057890324173084 34.892857142857146 0.0049406129112941075 17.500000000000004 0.17132206014687681 800.30000000000007
decision_type=2 2 1 1 1 2 1 2 1 2 10 2 2 2 2 2 2 2 1 1 1 1 1 2 8 2 1 2 10 2 2 2 10 2 2 2 2 2 1 2 1 1 8 2 1 2 2 2 8 1 2 8 2 2 10 2 2 2 2 2 2 8
left_child=1 17 3 54 6 -5 7 8 11 10 -10 12 28 -14 26 -11 -4 18 -1 -20 21 -19 23 25 -24 30 34 -28 -2 -21 -6 32 -27 -12 61 -35 -26 38 44 41 43 -39 -43 -41 45 -18 -44 -42 -22 50 -50 -34 53 -25 -3 -23 -57 59 -59 -37 -33 -8
right_child=4 2 16 5 22 -7 14 -9 9 15 33 -13 13 -15 -16 -17 37 20 19 29 48 55 24 52 36 31 27 -29 -30 -31 -32 60 51 35 -36 57 -38 39 -40 40 47 42 46 -45 -46 -47 -48 -49 49 -51 -52 -53 -54 -55 -56 56 -58 58 -60 -61 -62 -63
leaf_value=0.003051465327883677 0.00015406331709883725 0.0031417439509912725 -0.00059709148928382039 -0.0011425756513178092 0.0011177146282872576 -0.0048704513116712769 0.003499255937362237 -0.0032869965291469497 0.0056674849461425232 -0.0038924295224570305 -0.0041828882929906509 -0.0092963325653918835 0.0075923573716983024 0.00094107617740757865 -0.0087250736876884286 0.00028200533067636264 0.00063169408307821621 -0.00039005511006321976 0.0012906777456507951 1.6927523093227675e-05 4.2013426571296172e-06 0.0017330919131116913 -0.0011699861143285566 -3.544622726545377e-05 0.0004404155257408546 0.0016882715582325219 0.0002052938660547385 -0.0015212887448709815 -0.0055587945845783056 -0.0038618201186639495 -0.0044845707729211769 0.0006458838930424529 -0.0011293944587174448 0.0024748198140944534 -0.0020077924644651035 0.00016399673935614078 -0.00042648796278334591 -2.3753238003346904e-05 -3.565216688571592e-06 7.9140346018677366e-06 -4.0307602754539971e-05 -0.0037328222124171067 0.0021542006659120761 0.0030073738640796219 0.0007489600484896549 -0.0028209376885449115 -0.0056757793597343679 -0.0032945650707469024 0.0061339689761342343 -0.0016243154838873578 -0.0029804343702116163 0.00092231280216030324 0.0016145809875691569 -0.0020490907881903666 -0.0015163144340416244 0.00033243838616609585 0.0062567869463714485 0.0020187217373703334 -0.00080806179362860684 -0.0060848275946065317 -0.0048439635580572425 0.00027719395020710317
leaf_weight=906 1020 305 215 982 121 256 74 329 42 378 96 64 60 115 85 86 353 682 309 968 3160 409 388 2048 816 1250 878 763 71 59 103 135 279 49 40 41 2680 300 2348 166 1020 146 83 209 1061 74 116 109 61 322 66 514 109 283 115 3303 57 60 172 80 118 1265
leaf_count=906 1020 305 215 982 121 256 74 329 42 378 96 64 60 115 85 86 353 682 309 968 3160 409 388 2048 816 1250 878 763 71 59 103 135 279 49 40 41 2680 300 2348 166 1020 146 83 209 1061 74 116 109 61 322 66 514 109 283 115 3303 57 60 172 80 118 1265
internal_value=2.5936e-05 0.000553384 -0.000413539 -0.00275614 -0.000629576 -0.00456365 -0.00166119 -0.00303852 -0.00207709 -0.00487685 -0.00166359 7.45712e-05 0.000749803 0.00752841 -0.000473363 -0.00870968 0.000217356 0.00129089 0.00303165 0.000890869 0.000806352 0.00182093 4.51722e-05 0.000915309 -0.00106547 0.00230067 -0.000182059 -0.00171005 -0.000343407 -0.000650289 -0.00377778 0.00289508 0.0035592 -0.00310621 0.00163669 -0.00111663 -0.000543323 0.000446876 0.00129007 -0.00105814 0.000299003 -0.00421827 -0.00765449 0.00511658 0.00343562 -0.000285388 -0.003625 -0.00133772 -0.000448895 -0.00427778 0.00235507 0.00103904 -0.000512085 -0.000889794 0.0025522 0.00249339 0.00202321 -0.00275424 0.000429185 -0.00881148 -0.00246063 0.0020709
internal_weight=32772 18160 7858 1658 14612 1238 5768 2663 2334 1004 540 1330 1266 175 3105 464 6200 10302 2242 1336 8060 4451 8844 4960 3884 2520 3020 1641 1091 1027 224 2296 2043 498 1379 402 3496 5985 3836 2149 1504 645 345 375 1488 427 199 1129 3609 449 127 793 2440 2331 420 3769 3360 353 232 121 253 1339
internal_count=32772 18160 7858 1658 14612 1238 5768 2663 2334 1004 540 1330 1266 175 3105 464 6200 10302 2242 1336 8060 4451 8844 4960 3884 2520 3020 1641 1091 1027 224 2296 2043 498 1379 402 3496 5985 3836 2149 1504 645 345 375 1488 427 199 1129 3609 449 127 793 2440 2331 420 3769 3360 353 232 121 253 1339
cat_boundaries=0 1 2 3 4 5 6 7 8 9 10 11 12 13 14 15 16
cat_threshold=2304 280 1165 7808 1029 4488 2 3597 3072 7714 136 4745 1156 27 392 2336
is_linear=0
shrinkage=0.05


Tree=67
num_leaves=63
num_cat=4
split_feature=10 22 31 6 6 26 25 17 3 9 27 25 21 25 26 21 7 2 15 30 10 26 13 37 17 31 31 3 9 3 10 27 7 9 26 3 7 12 20 13 42 23 20 31 9 30 7 10 29 25 10 20 21 42 7 42 6 2 3 18 9 36
split_gain=4.74931 5.05254 5.30198 3.72069 4.82294 4.8126 4.42091 4.16658 3.80552 3.68925 3.54027 7.7583 8.02269 7.34722 6.9334 6.73909 5.37501 6.01905 4.31393 4.05735 4.20761 4.10653 3.9876 4.07379 3.97796 3.90072 4.99537 4.12494 3.71457 4.84741 3.77043 3.52441 3.51025 4.28231 3.50553 3.37866 3.35917 4.23716 3.32207 3.14721 3.36967 3.07687 3.06354 3.49759 3.76138 3.08832 3.06271 4.6085 3.6681 3.49129 3.84129 3.18037 3.51859 3.32564 3.63125 3.26587 3.04567 3.02727 3.01546 2.99284 2.95436 2.9322
threshold=0.85614897613842278 -0.42871697973730688 0.65000000000000024 7.8394386884520193 8.0025275906572748 2.5000000000000004 0 0.37718455769048914 -0.72901791152133277 0.288158491036896 39.500000000000007 1 1026.2500000000002 2 51.500000000000007 11062.500000000002 6.4968276677842605 0.15415103696998858 -0.027960912172375615 45.250000000000007 0.46574443354476275 42.500000000000007 0.27777888888888896 31.500000000000004 -2.0073440144685746 163.05000000000004 196.50000000000003 0.21772374824034516 0.17692017328746149 0.51531675065147209 0.16792369424177347 43.500000000000007 7.1222334855091374 0.11274223285230565 7.5000000000000009 -0.10105507167229753 7.5612081224540164 65.500000000000014 0.055028322639201231 0.74999953125058616 0.84680573663624525 0.28092990466691786 0.047231512434543092 176.60000000000005 0.18563786816474306 28.250000000000004 6.7971779464679516 -0.16727559595018301 1.0000000180025095e-35 3 0.083211960102887353 -0.056136402026918976 5752.5000000000009 0.96693989071038267 7.4398563622014349 0.79674258474576287 7.0544458110270183 1.0000000180025095e-35 -0.1643026941485459 -0.48776445820306452 0.096188284622427941 0.65513689816026421
decision_type=2 8 2 2 2 2 1 2 2 10 2 1 10 1 2 10 2 2 2 2 2 2 2 8 2 2 2 2 10 2 2 2 2 10 2 2 2 2 10 2 2 10 10 2 10 2 2 2 2 1 2 10 10 2 2 2 2 2 2 8 10 2
left_child=1 2 -1 5 -5 -4 60 8 -7 -2 13 12 -12 14 18 31 34 24 25 21 -21 -19 -14 -24 -18 32 -27 -28 30 -30 38 36 33 -3 -15 -34 37 58 -25 -20 -41 57 43 -8 -45 -44 47 -33 49 -49 -51 53 -53 55 -55 -48 -35 -16 -13 -38 -6 -26
right_child=9 10 3 4 6 7 42 -9 -10 -11 11 15 22 16 41 -17 17 19 39 20 -22 -23 23 28 61 26 27 -29 29 -31 -32 46 35 56 -36 -37 59 -39 -40 40 -42 -43 45 44 -46 -47 51 48 -50 50 -52 52 -54 54 -56 -57 -58 -59 -60 -61 -62 -63
leaf_value=-0.00076522812159175344 0.00080425038715765365 -0.00019379824084774625 0.015539520950455139 -0.0013693895375280652 -0.00089863022720855403 0.014885588764018723 0.0042979197226976594 -0.00036168010465698411 0.002714087699895082 -0.019799484351731088 0.00070302373601105255 0.00018700146475722466 -0.0016821376034516792 0.0082792392969537297 -0.00028909773505444265 0.0020163216443636572 0.0019561871211867233 -0.0012441677535480825 0.0003972372622526888 0.0014982944605548001 -0.0096480076458420969 -0.0065685563426984761 -0.0029602096223763016 -0.00011386587052820557 -6.8118530420240545e-06 -0.0034784866047655621 0.00041400019392284564 -0.0044551533348216764 -0.00069111424022365558 -0.0065193565684816077 0.0014268513981117344 0.0018745412813648014 0.0015134771767501038 0.0030813287039501559 0.0020569550930915081 -0.00015476498630986351 0.00090912274729447429 -0.00033126191208456213 0.0027349389883429189 -0.00064835684064935405 0.0019597201205157786 0.0017405874458030206 -0.0018741388667603692 -0.001326455308275693 0.0039637889872793904 0.0036528501126043516 0.0025050955178826813 -0.0011703243872324407 -0.0029288756137471764 0.003588266133901204 -0.0015201699167000601 -0.00018444491718886403 -0.0019329858669553447 -9.4286646225099933e-05 0.0021880784215450207 -0.00091545042093079678 0.0097887572942816428 -0.0034106546498384447 -0.0034552628265241154 -0.00084660374522421949 0.00052426947243148874 -0.00098036386927149478
leaf_weight=734 42 103 42 370 79 51 227 373 1003 83 1537 40 102 55 218 202 181 1684 1564 362 43 81 52 657 8681 69 228 64 556 57 191 97 313 243 142 963 188 148 60 108 1057 41 103 59 57 44 61 117 200 61 86 5879 410 144 227 557 63 208 193 423 688 89
leaf_count=734 42 103 42 370 79 51 227 373 1003 83 1537 40 102 55 218 202 181 1684 1564 362 43 81 52 657 8681 69 228 64 556 57 191 97 313 243 142 963 188 148 60 108 1057 41 103 59 57 44 61 117 200 61 86 5879 410 144 227 557 63 208 193 423 688 89
internal_value=-3.35765e-05 3.83013e-06 0.00170974 0.00261543 0.000967445 0.00443878 0.00244436 0.00393908 0.00554502 -0.00972222 -0.000223044 -0.00086763 0.00124108 0.000253608 0.00179897 -0.00161709 -0.000463412 -0.000609153 0.00237123 -0.00297098 0.00153941 -0.00400623 -0.00114857 -0.000524142 -3.63047e-05 0.000635076 -0.00407459 -0.00119454 -4.92773e-05 -0.00305375 0.0019802 -0.00182575 0.00164591 0.00567073 0.00770202 0.000352388 -0.00463243 -0.00831152 0.00031337 0.00367216 0.00563894 -0.00400641 0.00608782 0.0087936 0.0017094 0.000168919 -0.00147003 -0.00502669 -0.00709677 -0.00320755 0.00205696 -0.00119522 -0.0016097 0.00143939 0.00517473 -0.000807754 0.00863192 -0.00526932 -0.0125 -0.00232843 3.21337e-05 -0.00018812
internal_weight=32760 32635 3830 3096 1627 1469 1257 1427 1054 125 28805 12245 3212 16560 5242 9033 11318 11121 4775 2170 405 1765 1675 1573 8951 2046 361 292 1521 613 908 8831 1685 409 197 1276 992 381 717 2729 1165 467 490 343 116 147 7839 561 464 264 147 7278 6289 989 371 618 306 426 233 611 767 8770
internal_count=32760 32635 3830 3096 1627 1469 1257 1427 1054 125 28805 12245 3212 16560 5242 9033 11318 11121 4775 2170 405 1765 1675 1573 8951 2046 361 292 1521 613 908 8831 1685 409 197 1276 992 381 717 2729 1165 467 490 343 116 147 7839 561 464 264 147 7278 6289 989 371 618 306 426 233 611 767 8770
cat_boundaries=0 1 2 3 4
cat_threshold=3736 782 3184 193
is_linear=0
shrinkage=0.05


Tree=68
num_leaves=63
num_cat=6
split_feature=22 2 16 42 39 10 8 31 30 39 33 9 8 12 1 13 35 6 9 31 17 13 21 26 23 1 39 26 31 26 7 39 6 27 10 22 7 13 26 10 19 42 21 39 30 6 31 7 17 27 33 12 26 7 42 26 8 30 20 26 7 39
split_gain=4.92439 4.30506 6.02743 3.89285 3.51256 4.26184 3.66805 5.31289 3.63276 3.41576 4.09453 3.67565 3.41077 3.41753 3.17011 3.13706 3.11154 2.95857 2.88049 2.96912 2.8566 3.0672 4.85363 3.64282 3.33075 2.7967 2.67734 3.9565 8.39033 4.89136 5.55432 4.79017 4.96434 5.03976 7.11454 4.37574 4.36585 4.15211 4.00923 3.68738 3.52624 3.2049 3.156 3.00406 11.937 8.1095 5.85574 4.75509 4.46692 4.38398 5.1157 3.81494 3.75572 9.05164 4.3801 3.74685 4.44993 3.73505 3.64741 3.60862 7.29152 3.98268
threshold=0.3936998594030674 -0.10915066590167564 -0.080042707673536412 0.864635822262941 0 0.48662621115039034 0.16067457189863682 134.84999999999999 30.050000000000004 1 36.164285714285718 0.18937299000010946 0.25069387311555386 79.500000000000014 -0.065934146810423741 0.67796723930059466 0.60531846381492826 8.4193451621079536 0.5260458209065435 260.90000000000003 1.2032970027564225 1.3452339285714288 8787.5000000000018 12.500000000000002 0.18232155679395481 -0.13557840171127286 2 36.500000000000007 6.2500000000000009 30.500000000000004 9.2847827722529939 3 7.8551021417464275 24.500000000000004 0.028266200946848844 0.11143602868861884 9.5518438034995228 0.53333364444402975 48.500000000000007 0.51227776901457223 0.068743570925725445 0.96261355695317974 1900.8350000000003 4 84.850000000000023 8.3180409615116719 34.150000000000013 7.699476493787575 0.13141189318420368 34.500000000000007 30.092857142857149 86.500000000000014 20.500000000000004 7.0484005966910557 0.94957627118644072 25.500000000000004 0.052350600632176128 44.95000000000001 0.0026512268795652817 11.500000000000002 7.5781884763109923 5
decision_type=10 2 2 2 1 2 8 2 2 1 2 10 10 2 2 2 2 2 10 2 2 2 10 2 10 2 1 2 2 2 2 1 2 2 2 10 2 2 2 2 2 2 8 1 2 2 2 2 2 2 2 2 2 2 2 2 10 2 10 2 2 1
left_child=1 2 3 9 5 -2 14 8 -8 10 -1 -11 -4 -14 -6 25 18 -13 19 -5 21 26 23 24 -23 -15 27 29 41 36 -31 32 35 34 -34 40 43 -36 -35 -28 -30 -29 -41 44 45 47 52 49 55 50 -3 57 59 -54 -55 56 -48 -49 -52 60 -45 -61
right_child=4 20 12 16 6 -7 7 -9 -10 11 -12 17 13 15 -16 -17 -18 -19 -20 -21 -22 22 -24 -25 -26 -27 39 28 31 30 -32 -33 33 38 37 -37 -38 -39 -40 42 -42 -43 -44 46 -46 -47 48 51 -50 -51 58 -53 53 54 -56 -57 -58 -59 -60 61 -62 -63
leaf_value=0.0026049794261935053 0.00026686371911004001 0.0095831591684567997 -0.00014371368371708036 0.0011776689731867616 -0.0016451085936077274 -0.0095717286000010018 -0.0027139695684733171 -0.0071437112383786168 0.0046001259680220844 -0.0038262274291387538 -0.0020210630015436363 -0.0042955943456695067 0.0016724341556706912 0.0041670156640075664 5.574749287600232e-05 -0.0035464258465384316 -0.0019764701687403231 0.0049640219217295346 0.0097900241946357359 0.0034268520259556155 -0.001316372454493919 0.00035629893393110336 -0.0016905919304175754 0.00096375305217062809 -0.0031310960682354085 -0.002176036205422473 -4.5501008861244838e-05 -0.0025084958066612741 0.0047022037247596068 -0.0009908633437676125 0.0010378570293366664 0.00012221793827182255 0.0036577021456813659 0.00048878687783131193 0.00045929630577319083 -0.00012925647312281974 -0.0017264154988949091 -0.0037536205019813168 0.005419431621396395 0.00075413220100294879 0.00057283268502730724 5.8618765047710553e-05 -0.0095969738578507297 -1.7751151245568032e-06 0.0041042415798888772 -0.0042706467890348109 0.0004906852432859356 -0.0017314016523411247 -0.00094914129170051121 0.0016284109033360167 -0.0033440698247835937 0.0028660317311833272 0.012428231169943743 -0.00021112718988092888 0.001976426461370185 0.00026168070111151197 -0.0011644159614460207 0.00098250693199921041 -0.00066576799825114955 -0.0021074006091191823 0.002008061778663639 0.00022274900411608045
leaf_weight=216 904 60 3491 2292 130 42 516 213 51 101 51 58 1206 60 560 205 45 42 90 226 569 210 251 1717 93 55 6102 307 547 1183 124 1633 56 244 103 128 186 172 110 40 122 234 124 833 162 226 55 1091 624 467 74 87 62 217 211 656 305 168 291 359 709 1272
leaf_count=216 904 60 3491 2292 130 42 516 213 51 101 51 58 1206 60 560 205 45 42 90 226 569 210 251 1717 93 55 6102 307 547 1183 124 1633 56 244 103 128 186 172 110 40 122 234 124 833 162 226 55 1091 624 467 74 87 62 217 211 656 305 168 291 359 709 1272
internal_value=4.12352e-05 0.000214359 0.00119794 0.00292281 -0.00213074 0.000261233 -0.00364619 -0.00601793 -0.00347711 -0.00127932 0.00242806 -0.00601415 0.000124552 0.00209561 -0.00101302 -0.00249221 0.00366428 0.00049505 0.00389038 0.00357285 -0.000146495 -5.43579e-05 0.00168354 0.00249876 -0.00254934 0.00409483 -0.000258465 0.00014898 0.00154498 -0.000392656 -0.00323012 0.00254332 0.00458808 0.00149417 -0.00293675 0.0072995 6.4687e-05 -0.00625 0.0056338 -0.00110722 0.00891791 -0.00419742 -0.00848485 0.000242749 -0.00113766 -0.00200811 0.000926797 -0.00109424 -0.00155393 0.00173572 -0.00193662 -0.00296956 0.00204012 0.00610998 0.0034965 0.000491642 -0.00360111 -0.00367063 -0.00416667 0.00140989 0.00314323 -0.000229779
internal_weight=32738 30322 8138 3121 2416 946 1470 780 567 468 267 201 5017 1526 690 320 2653 100 2608 2518 22184 21615 2271 2020 303 115 19344 13078 3656 9422 1307 3115 1482 685 331 797 8115 275 354 6266 669 541 164 7929 2626 2464 5303 2238 1640 892 425 1346 3663 490 428 1016 360 1259 365 3173 1542 1631
internal_count=32738 30322 8138 3121 2416 946 1470 780 567 468 267 201 5017 1526 690 320 2653 100 2608 2518 22184 21615 2271 2020 303 115 19344 13078 3656 9422 1307 3115 1482 685 331 797 8115 275 354 6266 669 541 164 7929 2626 2464 5303 2238 1640 892 425 1346 3663 490 428 1016 360 1259 365 3173 1542 1631
cat_boundaries=0 1 2 3 4 5 6
cat_threshold=1200 5020 7749 7168 5120 512
is_linear=0
shrinkage=0.05


Tree=69
num_leaves=63
num_cat=10
split_feature=1 3 33 39 31 39 35 12 39 39 25 31 25 3 37 20 11 4 1 7 2 9 37 34 11 25 35 3 20 5 7 33 31 26 25 27 21 12 8 9 33 23 7 39 26 33 37 8 26 2 15 20 39 3 33 9 15 26 23 7 8 11
split_gain=4.51018 4.55224 3.88448 8.83106 5.77272 11.494 4.65004 4.47738 6.47336 5.38243 8.93309 5.64842 5.76878 6.07617 5.75702 5.56447 4.813 4.74528 4.68627 4.48486 4.44582 4.69962 4.24444 4.16745 3.93594 3.92947 3.86825 3.85873 4.5584 3.81664 3.80255 4.45995 3.79445 3.71833 3.6913 3.88921 5.34709 3.64506 3.54154 3.52867 3.35287 3.3186 3.29739 4.23256 6.48713 5.1564 4.06349 3.95058 4.0551 3.46467 3.27934 3.26369 5.56542 4.54694 3.97712 4.02391 3.52021 3.31416 3.24254 3.22813 3.81953 3.17729
threshold=-0.74037805588429639 -0.51082562376598994 38.192857142857157 0 0.75000000000000011 1 0.23900491537874677 45.500000000000007 2 3 4 3.350000000000001 5 -1.0000000180025095e-35 48.500000000000007 -0.076011805910459487 37.500000000000007 0.26731444704680568 0.084585962520523431 7.9408490882998253 0.22314355131421018 0.15888592018731731 31.500000000000004 1.0000000180025095e-35 71.500000000000014 6 0.67474105889484193 -0.061875339888431739 -0.095952346944597769 9.0350340613542457 8.2730406286809401 29.864285714285721 10.950000000000001 27.500000000000004 7 20.500000000000004 3138.7500000000005 39.500000000000007 0.92565136585932606 0.18473739511371853 28.700000000000006 -1.1570709635483944 9.5518438034995228 8 7.5000000000000009 27.350000000000005 56.500000000000007 0.093685136230685612 6.5000000000000009 0.1331051135956183 1.9518273778788151 0.027916982905780676 9 0.11170435321649831 27.50714285714286 0.17591727591853348 0.18931536182778766 38.500000000000007 0.73810653110817903 7.6816738456677935 0.12861137609900161 7.5000000000000009
decision_type=2 2 2 1 2 1 2 2 1 1 1 2 1 2 10 10 2 2 2 2 2 8 10 2 2 1 2 2 10 2 2 2 2 2 1 2 10 2 8 10 2 10 2 1 2 2 10 10 2 2 2 10 1 2 2 10 2 2 10 2 10 2
left_child=1 -1 4 -4 5 -2 42 8 25 11 51 19 14 18 15 -13 -12 -16 32 -9 21 22 -5 -18 -8 33 27 28 -10 38 -21 -32 -14 -6 35 36 40 -37 -27 -33 -29 -36 43 45 47 -7 49 -45 -49 -46 -17 56 54 -54 55 -53 57 -11 -23 60 -56 -22
right_child=2 -3 3 20 7 6 24 9 26 10 16 12 13 -15 17 50 23 -19 -20 30 61 58 -24 -25 -26 29 -28 34 -30 -31 31 39 -34 -35 41 37 -38 -39 -40 -41 -42 -43 -44 44 46 -47 -48 48 -50 -51 -52 52 53 -55 59 -57 -58 -59 -60 -61 -62 -63
leaf_value=0.013429120094581769 0.00011663440551069227 -0.0007261476548787361 0.0028198220170868541 -0.00021214453449977663 0.0012301205305703241 -0.0040619083248692178 -0.00029283682353470325 -0.0023733073675819274 -0.0024560447179162886 1.181539860586594e-05 -0.0014047854288620236 0.0022159588552020499 0.00095229325696013145 0.00015856137021401026 0.0031734251935302709 -0.00025006783584638628 -0.00022374747275099501 -0.00030626053852054227 -0.0013283268663455122 0.0016310625518267262 0.00048559976108016219 0.0010725235378481063 0.0021105205051800192 0.00089284576077287348 0.0036524600923121698 0.00095991783357921273 -0.0054677794441084131 2.9686744154819731e-07 0.00048637736847388581 -0.002232379514727996 -0.0024530203807306807 0.0021703397722903652 0.0029526708141004855 -0.00031769007397652144 0.00011990475469379342 6.6166818829505559e-05 -0.0039455370696588931 -0.0010321780139375201 -0.0039663632522793316 -0.00053367953943471956 -0.0018533233359723186 -0.00050702176155271539 -0.003895914365188951 0.0035205894553191502 -0.0020258421483348534 -7.9674948274536392e-05 0.0016821066573474424 -0.0022633937074830932 0.0027342143135777861 -0.0061556327267859607 0.0022482016911341694 0.001150258058478797 0.00037261847010943431 -0.0022910056163439039 0.0058381879761012553 0.0087895044164158116 -0.00037606255120679649 0.0024492306417698501 0.0031563139259957167 -2.4353793813382437e-05 0.0018773101984041224 -0.0032092467438024929
leaf_weight=202 1517 164 588 1011 107 44 40 187 92 2246 2490 171 180 1129 116 2116 1574 57 104 177 72 774 48 149 62 4742 46 188 1368 139 145 72 409 1344 575 515 134 86 87 56 85 892 106 90 1103 1382 45 381 102 296 51 54 483 304 75 110 945 72 85 316 224 171
leaf_count=202 1517 164 588 1011 107 44 40 187 92 2246 2490 171 180 1129 116 2116 1574 57 104 177 72 774 48 149 62 4742 46 188 1368 139 145 72 409 1344 575 515 134 86 87 56 85 892 106 90 1103 1382 45 381 102 296 51 54 483 304 75 110 945 72 85 316 224 171
internal_value=7.41681e-05 0.00558583 1.15991e-05 0.00180909 -0.000155505 -0.00167344 -0.00318815 0.000165895 0.000951832 -0.000417469 -0.00114327 0.000903433 0.00155168 0.00368249 -9.91277e-06 -0.000662676 -0.00282315 0.00876437 0.00738473 -0.00348746 0.000310773 0.00112038 -0.00110849 -0.000797564 0.00728155 0.00193235 -0.000632515 -0.000463669 0.00157426 0.00260092 -0.000776053 -0.0044708 0.00911017 -0.000359097 -0.00166599 -0.00397448 -0.00778186 -0.00145349 0.00284161 0.00232558 -0.00374088 -5.07442e-05 -0.0035 -0.00323026 -0.00469675 -0.00111343 -0.00650519 -0.00021777 -0.00201446 -0.00698214 -0.00134917 0.000325413 0.00220166 -0.000783208 0.00515823 0.0121212 -0.000574449 0.000474342 0.00386628 0.00336851 0.00708333 -0.00604508
internal_weight=32695 366 32329 2749 29580 5168 3651 24412 10400 14012 9042 4970 4333 1822 2511 2338 4213 173 693 637 2161 1918 1059 1723 102 6419 3981 3935 1460 4968 450 273 589 1451 2475 1008 407 601 4829 128 273 1467 3549 3443 2017 1426 1444 573 483 1399 2167 4829 1566 787 779 164 3263 2318 859 615 299 243
internal_count=32695 366 32329 2749 29580 5168 3651 24412 10400 14012 9042 4970 4333 1822 2511 2338 4213 173 693 637 2161 1918 1059 1723 102 6419 3981 3935 1460 4968 450 273 589 1451 2475 1008 407 601 4829 128 273 1467 3549 3443 2017 1426 1444 573 483 1399 2167 4829 1566 787 779 164 3263 2318 859 615 299 243
cat_boundaries=0 1 2 3 4 5 6 7 8 9 10
cat_threshold=2304 660 3884 4147 374 488 1216 2504 4201 3584
is_linear=0
shrinkage=0.05


Tree=70
num_leaves=63
num_cat=11
split_feature=1 27 39 26 35 7 13 39 25 25 10 11 33 6 6 30 9 20 8 2 22 33 3 39 5 27 3 37 25 39 7 3 8 27 23 42 35 35 27 3 25 7 33 2 13 10 33 20 9 30 25 1 11 10 39 7 33 11 30 10 38 23
split_gain=4.57743 3.90364 5.7827 5.64294 4.51261 3.8036 3.38586 5.80843 6.5462 3.9859 3.53235 3.26115 4.15835 3.0659 5.72348 3.1013 3.07451 3.03746 3.86872 3.18573 3.02564 2.98551 2.94786 3.7871 7.50555 5.99136 5.3821 4.88992 5.47711 6.00908 7.04512 4.50037 4.47642 4.33476 4.56936 3.90739 4.07303 8.97372 5.70273 5.42123 3.82146 3.68846 3.66796 3.179 3.1565 3.11901 3.09783 3.08677 3.04538 3.03715 2.92618 2.89452 3.01128 3.15029 2.88911 2.87797 2.87071 2.85901 3.31609 3.15296 2.79923 2.79554
threshold=0.061390617348792371 6.5000000000000009 0 44.500000000000007 0.67474105889484193 7.3750990932950549 1.2227074722068825 1 2 3 0.37015412341336923 81.500000000000014 35.635714285714293 6.95882721036378 7.0620225680266815 0.55000000000000016 0.086148876981541264 0.096775997024097712 0.32393779025764163 -1.0000000180025095e-35 0.084946328309939409 38.26428571428572 0.51076618170523125 4 6.6420024002935572 19.500000000000004 -0.78592891401091103 56.500000000000007 5 6 7.4313057010427697 -0.40546316471382798 0.029464010754302754 13.500000000000002 0.10847651169843654 0.74239631336405543 0.0016659109336621639 2.4306651502559569e-09 33.500000000000007 0.094105307474797076 7 7.9752771010515549 34.507142857142874 0.021621312199875401 0.36009508995726075 -0.015289473398857554 25.821428571428577 -0.030794805230570068 0.080974249026183498 3.6500000000000008 8 0.56617956982044071 83.500000000000014 0.075106785789786482 9 7.5303005023508343 25.478571428571431 56.500000000000007 33.250000000000007 -0.55697470511462555 10 1.0000000180025095e-35
decision_type=2 2 1 2 2 2 2 1 1 1 2 2 2 2 2 2 10 10 10 2 8 2 2 1 2 2 2 10 1 1 2 2 10 2 10 2 2 2 2 2 1 2 2 2 2 2 2 10 8 2 1 2 2 2 1 2 2 2 2 2 1 8
left_child=1 2 3 11 22 -6 -2 8 -8 10 -9 12 13 -1 -15 16 -16 19 -19 20 -4 -14 23 24 -3 27 -26 28 33 30 -30 -31 50 -25 -35 47 37 41 -38 -40 45 43 56 -37 -44 49 -43 -27 -48 -34 -28 52 53 -10 -24 -18 -42 58 59 -50 -33 -62
right_child=6 4 17 -5 5 -7 7 9 51 -11 -12 -13 21 14 15 -17 55 18 -20 -21 -22 -23 54 25 26 35 32 -29 29 31 -32 60 40 34 -36 36 38 -39 39 -41 42 46 44 -45 -46 -47 48 -49 57 -51 -52 -53 -54 -55 -56 -57 -58 -59 -60 -61 61 -63
leaf_value=0.0058724486335557579 -0.00029192221797743386 0.0065676402569950377 0.0016499792077517277 0.0063670688743625858 0.00016552777770873964 -0.0039898741246277803 -0.0036011731648618235 0.0012257652811079964 0.00092566605783969225 -0.00084065454283863302 -0.004488827151608722 0.0026535384526995298 -0.0022253101274204989 -0.0016056000200160574 0.0046176574002921248 0.00045744439303540348 -0.00048572888791720563 -0.0039893506239632439 0.00025798450684015925 -7.0854051604660862e-05 -0.00020357868759567668 0.0019081234773067439 0.0048545886066992967 -0.0007161253434307326 0.0095044377785205667 -0.00021748927250940715 5.8447414554397738e-05 0.0019203302429515773 -0.00096452643826937983 0.0037965124892860719 -0.0068528899836269603 -0.0043349440182100596 0.0004353155908146391 0.00010328427550400452 0.0045096343898608669 0.00014321914957093445 0.0030852308577075539 -0.0014970157093344546 0.00049968153217289177 -0.0012524797581725886 0.0019419624585988297 -0.010444922890276633 -0.00076191990166999454 -0.00033164058693937689 0.0010873635689479068 6.1255668247298922e-05 -0.0019197255647993893 0.0029985140752086842 0.0023792696050302714 0.001493911410976656 -0.00014682448366736933 -0.0019177606632160057 0.0072838428113465763 0.004429802853113108 0.00024909461730486911 0.0044585738799611833 -0.00013756532861035816 0.00060533911458954042 0.00074579622440251465 -0.0030279446360103918 0.0015311662384225691 -0.00017138409763041846
leaf_weight=113 9917 193 423 46 56 76 107 461 112 536 69 262 141 54 48 712 65 133 139 489 279 61 116 176 137 69 153 71 372 79 245 105 1037 143 71 2217 97 310 249 78 120 41 168 926 1009 1431 48 93 53 873 472 41 66 215 334 73 5372 192 191 403 119 317
leaf_count=113 9917 193 423 46 56 76 107 461 112 536 69 262 141 54 48 712 65 133 139 489 279 61 116 176 137 69 153 71 372 79 245 105 1037 143 71 2217 97 310 249 78 120 41 168 926 1009 1431 48 93 53 873 472 41 66 215 334 73 5372 192 191 403 119 317
internal_value=-4.57666e-06 0.000430568 0.0020895 0.00417718 0.000153736 -0.00902256 -0.000806941 0.00132152 0.00548007 -0.000835655 0.00221811 0.00367647 0.00262224 0.00386961 0.00293809 0.00389321 0.00962567 -0.000186567 -0.00494505 0.000901846 0.00305832 -0.00394089 0.000221227 0.000119108 0.000690142 -0.000820102 0.000515177 -0.00338434 -0.00394656 -0.00554888 -0.00903662 -0.00198098 0.000387834 0.00124688 0.00604651 5.53543e-05 -0.000202871 -0.000656093 0.00447059 0.00129573 0.000644291 -3.06974e-05 -4.86527e-05 0.000787214 0.00248302 0.00202118 -0.00279871 0.00766871 -0.00216779 0.00334903 -0.00371406 0.00820225 0.00970812 0.00769817 0.00421286 0.0057554 -0.000591662 -0.00145833 -0.00304784 -0.00536105 -0.00364391 -0.00167785
internal_weight=32774 21250 3038 1575 18212 132 11524 1607 541 1066 530 1529 1267 1065 952 898 186 1463 272 1191 702 202 18080 17630 10965 6665 10772 1698 1627 1237 617 620 10635 390 214 4967 4805 4381 424 327 10010 4071 6669 3143 1177 3341 928 162 887 1910 625 434 393 327 450 138 5492 839 647 456 541 436
internal_count=32774 21250 3038 1575 18212 132 11524 1607 541 1066 530 1529 1267 1065 952 898 186 1463 272 1191 702 202 18080 17630 10965 6665 10772 1698 1627 1237 617 620 10635 390 214 4967 4805 4381 424 327 10010 4071 6669 3143 1177 3341 928 162 887 1910 625 434 393 327 450 138 5492 839 647 456 541 436
cat_boundaries=0 1 2 3 4 5 6 7 8 9 10 11
cat_threshold=2854 3328 162 1427 4893 530 2114 2196 265 2560 4
is_linear=0
shrinkage=0.05


Tree=71
num_leaves=63
num_cat=4
split_feature=22 20 17 9 12 2 12 31 30 33 13 35 41 20 5 10 12 1 13 13 31 9 33 33 25 33 30 22 41 19 23 41 13 31 25 25 13 11 13 38 7 26 20 31 23 7 19 11 11 10 1 3 20 11 30 16 20 13 22 41 12 9
split_gain=5.10717 5.80896 3.956 5.56827 4.13783 6.41767 5.93722 6.26114 6.39042 5.00105 5.14699 4.88734 4.29884 4.57238 4.30256 4.14605 4.09998 4.09654 4.217 3.94461 3.93763 3.93314 3.91257 3.81783 5.19277 3.57269 3.4839 3.47119 3.27473 3.89142 3.2603 3.03258 4.46606 3.02583 3.02183 2.90091 2.88056 5.07825 2.87031 4.11941 5.99815 3.98624 3.12052 3.93455 2.94453 2.86785 2.86277 2.83531 3.11327 3.25475 2.79198 4.00249 2.79168 3.07029 2.85251 3.8321 3.09625 2.76061 2.75891 3.29431 2.73679 2.70206
threshold=-0.50912641991298446 -0.15587054638908515 0.85952255972315361 0.085334965268319227 45.500000000000007 0.31722051724789996 15.500000000000002 210.85000000000005 13.850000000000003 29.550000000000008 0.68508371692090686 0.0044159507460419878 2964.9232142857149 -0.1065682261347556 6.6083176282128608 -0.43752922320163806 40.500000000000007 0.063674827710474183 0.870020253164557 1.3333416666666669 3.2500000000000004 0.5260458209065435 38.092857142857149 28.492857142857151 0 34.507142857142874 3.1500000000000008 0.3936998594030674 145.3630849753695 -0.057479925444075042 -3.1640070362015824 50.192012288786493 1.1400005700005702 0.65000000000000024 1 2 0.99999812500234386 65.500000000000014 1.5558046836073745 3 7.5612081224540164 36.500000000000007 0.11417955411554981 153.25000000000003 1.6494592662708689 7.4120443871700532 0.10877842902260658 26.500000000000004 62.500000000000007 0.14887010361135114 0.076961241136169103 -1.0000000180025095e-35 0.035667201286290827 76.500000000000014 34.850000000000001 -0.085477864873287221 -0.057215995730029945 0.88640833676536868 0.68992052030133333 747.92777777777781 11.500000000000002 0.30486388452970298
decision_type=8 10 2 10 2 2 2 2 2 2 2 2 2 10 2 2 2 2 2 2 2 8 2 2 1 2 2 8 2 2 10 2 2 2 1 1 2 2 2 1 2 2 10 2 10 2 2 2 2 2 2 2 10 2 2 2 10 2 10 2 2 10
left_child=1 -1 4 -4 6 -6 15 11 45 10 35 12 13 26 -15 23 38 61 -19 -14 25 34 -5 -2 -25 27 -8 28 29 -17 36 52 58 -30 -3 -10 -22 60 39 40 47 -40 43 -42 -41 -9 -36 -16 -49 -50 51 -37 54 -54 56 -56 -32 -31 59 -33 -38 -18
right_child=2 21 3 22 5 -7 7 8 9 -11 -12 -13 19 14 16 20 17 18 -20 -21 30 -23 -24 24 -26 -27 -28 -29 33 57 31 32 -34 -35 46 50 37 -39 41 44 42 -43 -44 -45 -46 -47 -48 48 49 -51 -52 -53 53 -55 55 -57 -58 -59 -60 -61 -62 -63
leaf_value=-0.0019471800428862167 0.0060260267366233859 0.0017702973695761758 0.00047469745556424724 -0.001181767552744678 -2.7613571856036687e-05 -0.0018837136667063062 -0.0032561319677210073 -0.00062613138615424111 -0.0016746895560024275 -0.003325801769710967 0.001355521970785592 0.0018750069562128843 -0.0016126152742073137 0.005070238542327455 0.0032152262245907465 -0.0013478033027470371 0.00048084285346690125 -0.0024912317155041507 0.0019107826018302226 0.0012944196655286866 6.6777490843205695e-05 0.0064873202795504492 0.0011296694806416097 0.0066514232368565076 -0.001526947759351295 -0.00010126576695176291 0.0019187504122142381 -0.0023667774340087968 -0.00011860708097429403 0.0015204074875519908 0.00056333159916039852 0.00089083090759143203 -0.0015824894757197469 -0.0030890169530323466 0.00063023686700614196 0.0013240103263445051 0.00086208508902068314 0.0040276897271493486 0.003581694483440292 0.00064925375314591697 -0.0035660254292132626 -1.4393105067952647e-05 0.00059182929342440314 0.00099177920131496679 0.0034366519232941041 -0.0064584936872400722 -0.0014583303703972533 -0.0016935237070035401 0.002934766682363634 -0.00084905210052131023 0.0016744328801058925 -0.00055280849153407691 0.0010102936460042039 -0.0015994510546008091 -0.0019466057511757782 0.002457488736176999 -0.0041934072308116733 -0.0026054957119149066 -0.0025430979957240135 -0.00056969408200020452 -0.0028935158216891691 -0.0025495510251390741
leaf_weight=161 137 936 161 1821 14380 1195 184 53 237 131 403 171 178 223 80 132 496 263 104 82 701 110 175 102 149 905 89 419 105 212 60 774 182 96 1508 56 130 120 121 2864 156 71 75 46 86 108 251 64 97 82 68 78 235 116 80 75 312 60 42 192 58 59
leaf_count=161 137 936 161 1821 14380 1195 184 53 237 131 403 171 178 223 80 132 496 263 104 82 701 110 175 102 149 905 89 419 105 212 60 774 182 96 1508 56 130 120 121 2864 156 71 75 46 86 108 251 64 97 82 68 78 235 116 80 75 312 60 42 192 58 59
internal_value=-2.36151e-05 0.00195484 -0.000220253 -0.00228221 -5.95775e-05 -0.000598677 0.000633251 0.00162429 -0.00176211 -0.000231006 0.00118624 0.00231134 0.00204759 0.00236388 0.00271583 -0.00060241 0.00239014 -0.000595883 -0.0046875 -0.00421456 -0.000988616 0.00248574 -0.00300451 0.00437018 0.000694444 -0.00275907 -0.00392336 -0.00478049 -0.00235149 0.000246914 0.000121832 -0.00101498 0.000629723 -0.0075495 0.00210497 -0.00255682 0.0024505 0.00647249 0.00312583 0.00280203 -0.000981997 0.00906736 -0.00638489 -0.00960591 0.00356299 -0.0109568 0.000861582 0.00362654 0.000922131 0.00430556 0.00187793 -0.00222222 -0.00324232 0.000213068 -0.00553977 0.000160256 -0.00790885 0.003663 0.00193261 0.0024819 0.00132275 0.00211331
internal_weight=32817 2966 29851 2157 27694 15575 12119 6725 1134 973 842 5591 5420 5160 4887 5394 4664 922 367 260 5006 2805 1996 388 251 1929 273 1024 605 404 3077 2068 1190 201 2695 439 1009 308 3742 3550 600 192 277 202 2950 161 1759 323 243 179 202 134 878 351 527 155 372 272 1008 966 188 555
internal_count=32817 2966 29851 2157 27694 15575 12119 6725 1134 973 842 5591 5420 5160 4887 5394 4664 922 367 260 5006 2805 1996 388 251 1929 273 1024 605 404 3077 2068 1190 201 2695 439 1009 308 3742 3550 600 192 277 202 2950 161 1759 323 243 179 202 134 878 351 527 155 372 272 1008 966 188 555
cat_boundaries=0 1 2 3 4
cat_threshold=1561 355 320 4
is_linear=0
shrinkage=0.05


Tree=72
num_leaves=63
num_cat=14
split_feature=2 39 10 2 30 5 20 21 25 39 3 7 33 25 7 41 5 30 12 31 30 31 41 31 33 10 18 39 7 39 25 31 39 31 27 39 5 25 25 30 31 4 21 20 9 10 27 33 22 2 25 25 30 36 36 9 10 27 36 39 33 27
split_gain=5.10314 4.61826 5.55364 4.04444 3.85415 4.73186 3.45875 3.38108 3.51057 7.08085 3.95315 3.68209 3.30298 3.30275 4.10976 4.5252 3.38573 3.31437 4.13243 3.28441 3.40749 3.22722 3.03184 4.07713 3.62289 4.37552 3.48473 3.44607 3.83969 4.54847 7.4872 5.38341 3.87588 9.84243 4.42093 5.81496 4.18268 3.97562 3.7419 4.96347 4.98287 4.94969 3.71217 3.42077 3.4099 3.40128 3.66349 3.42835 3.42028 3.33442 3.31415 3.29978 4.32703 3.8347 4.09712 3.43247 3.6361 3.39697 4.44938 3.85803 5.35219 3.8566
threshold=-0.10915066590167564 0 -0.77284778160610734 1.1254143692523486 32.250000000000007 7.5260958950865016 -0.025731334840680058 12025.000000000002 1 2 0.040821994520255263 9.2847827722529939 31.992857142857147 3 7.4720608901196615 3.6715476190476193 7.3802916033060546 68.700000000000017 65.500000000000014 275.2000000000001 1.0500000000000003 98.65000000000002 4.4064004096262162 0.25000000000000006 37.721428571428575 0.35258144273284536 -1.0690051483933971 4 7.7074881479855089 5 6 2.5500000000000012 7 7.5500000000000007 58.500000000000007 8 8.3271401042289561 9 10 53.000000000000007 253.95000000000002 0.18805237928642396 3502.5000000000005 -0.057215995730029945 0.071045009948207269 0.089721301758114005 40.500000000000007 27.50714285714286 -0.52291211785016889 0.06453648988539841 11 12 81.200000000000031 0.24677607814616678 0.11220075814666347 0.039551689749991022 0.034749730266181451 52.500000000000007 0.0049098479036692082 13 29.964285714285719 35.500000000000007
decision_type=2 1 2 2 2 2 10 10 1 1 2 2 2 1 2 2 2 2 2 2 2 2 2 2 2 2 8 1 2 1 1 2 1 2 2 1 2 1 1 2 2 2 8 10 10 2 2 2 8 2 1 1 2 2 2 8 2 2 2 1 2 2
left_child=1 13 -3 22 7 -6 -7 8 9 10 -4 -10 -5 19 -15 -16 -17 18 -18 20 -1 -8 23 26 27 -26 -2 28 29 31 -31 -24 33 -30 38 -36 -35 -37 41 40 -40 -34 -41 -25 49 46 47 -46 -48 -45 -47 55 53 54 57 56 -29 58 61 60 -59 -53
right_child=3 2 4 12 5 6 21 -9 11 -11 -12 -13 -14 14 15 16 17 -19 -20 -21 -22 -23 24 43 25 -27 -28 51 32 30 -32 -33 34 36 35 37 -38 -39 39 42 -42 -43 -44 44 45 50 48 -49 -50 -51 -52 52 -54 -55 -56 -57 -58 59 -60 -61 -62 -63
leaf_value=0.00031781831175578225 0.00093535826255046689 0.011309366883632693 0.0028965869641052362 -0.0016932922065696098 0.0035402725583145648 -0.0007740066996326728 0.0030874979488003823 0.0023246796808775866 0.00039814977495196137 -0.0035308886431876362 -0.0015400395453069506 -0.0036484351477820715 -0.043665543665931505 0.001170090896862299 0.0028437201983857068 -0.0054302480419667612 -0.00076316118140246992 -0.0084171102855363222 0.0018711247576879211 0.0016025719845622244 -0.0049207016146181467 0.00070060653003710123 0.00011757548273686123 0.00098154938666686602 0.00022629026060153059 0.0030380872639072841 -0.0024551233544308788 -8.4719184566681843e-05 -0.0058760149867023992 0.0047938974755943019 0.00080920096835273994 -3.4467491690789802e-05 7.7658453657371632e-05 0.00034733675600623213 -0.0019701129927607963 0.00062652189859717725 -0.0048455416084332813 -0.00054940638521761009 -1.6790349457925478e-05 0.0029757002869355378 -0.0029092508811184841 0.002018228625277231 0.00019833114615776094 2.1820559049041331e-06 0.0027350798389405837 -0.0030947976856530082 0.0031913386915228153 2.3953092803603045e-05 -0.001485152938295208 0.0016886080837743207 -0.00063855569736575169 -0.00019713017206750839 -0.0029876979996995463 -0.0011365974213873888 0.0037169553323411655 -1.0343906560979742e-05 0.0013615423783488437 -0.0072183981739742525 -0.0027689646866216654 0.00041723127087600137 0.00037776680672310181 -0.0012510676671519932
leaf_weight=82 99 114 200 62 488 332 63 95 4357 333 59 97 45 835 146 66 281 62 118 56 194 707 245 437 1972 210 413 73 266 247 538 770 1117 725 250 215 171 335 1290 81 96 612 167 106 160 328 92 790 609 63 1101 2524 103 153 63 4983 74 106 104 1211 169 944
leaf_count=82 99 114 200 62 488 332 63 95 4357 333 59 97 45 835 146 66 281 62 118 56 194 707 245 437 1972 210 413 73 266 247 538 770 1117 725 250 215 171 335 1290 81 96 612 167 106 160 328 92 790 609 63 1101 2524 103 153 63 4983 74 106 104 1211 169 944
internal_value=7.46837e-05 0.00111386 0.00171018 -0.000299544 0.00152629 0.00367693 0.00185857 0.00086056 0.000683574 -0.00290216 0.00324074 0.00116461 -0.0099537 -0.00110751 -9.87492e-05 -0.00300445 -0.00516098 -0.00362554 -0.0019375 -0.00553936 -0.00794224 0.0036965 -0.000256111 -0.00147654 2.52334e-06 0.00192396 -0.00565302 -0.000235354 0.000613089 0.00260966 0.00543342 0.000365497 -6.10214e-05 -0.00260017 0.000652851 -0.00268414 -0.000111483 0.00026738 0.00144917 -0.000273556 -0.00144196 0.00306034 0.0062249 -0.000895037 -0.00145385 -0.00183382 -0.00028753 0.00173502 -0.00302707 0.00544118 -0.00361888 -0.000810515 -0.00167502 -0.00147867 -0.00124463 9.72573e-05 0.00760135 -0.00140344 -0.00223901 0.000605245 -0.00463287 -0.00193139
internal_weight=32804 8685 6845 24119 6731 1590 1102 5141 5046 592 259 4454 107 1840 1508 673 527 461 399 332 276 770 24012 4198 19814 2182 512 17632 7125 1800 785 1015 5325 1162 4163 800 896 550 3363 1634 1386 1729 248 3686 3249 3080 1651 950 701 169 1429 10507 5377 5274 5121 5130 147 5058 3572 1486 275 3468
internal_count=32804 8685 6845 24119 6731 1590 1102 5141 5046 592 259 4454 107 1840 1508 673 527 461 399 332 276 770 24012 4198 19814 2182 512 17632 7125 1800 785 1015 5325 1162 4163 800 896 550 3363 1634 1386 1729 248 3686 3249 3080 1651 950 701 169 1429 10507 5377 5274 5121 5130 147 5058 3572 1486 275 3468
cat_boundaries=0 1 2 3 4 5 6 7 8 9 10 11 12 13 14
cat_threshold=2272 448 271 2176 5777 640 3392 1152 512 1033 3186 328 482 256
is_linear=0
shrinkage=0.05


Tree=73
num_leaves=63
num_cat=13
split_feature=1 39 18 30 7 25 39 4 12 39 41 26 37 7 12 41 37 25 39 30 31 21 16 6 27 22 21 23 33 39 5 12 21 3 33 33 25 1 16 39 5 39 9 3 38 2 12 25 39 31 2 12 33 15 26 3 27 33 2 7 27 18
split_gain=4.70207 4.09925 5.09443 4.73041 6.78735 6.27976 5.9424 6.12353 5.61336 4.79565 5.91528 5.05415 6.1971 4.77321 5.61423 4.85129 4.51305 4.47002 5.29504 6.14078 12.2261 7.12332 4.30363 4.20678 4.15196 5.31397 3.96407 4.34634 4.35716 3.79466 5.33525 4.5663 3.73043 3.69059 3.51471 3.47861 3.42857 5.18122 4.33086 4.14084 3.51253 3.49469 4.15849 4.12723 3.41727 5.71949 5.2201 4.12712 3.88577 4.31252 4.00287 3.80566 3.78193 3.54886 4.41629 3.27433 3.44918 3.22571 3.43319 3.17062 3.2387 3.90842
threshold=0.12136085700426726 0 1.3959534417666728 19.650000000000002 7.1910109134318239 1 2 -0.44183257370757895 75.500000000000014 3 12.405458089668619 11.500000000000002 17.500000000000004 7.9408490882998253 54.500000000000007 24.879904162923037 15.500000000000002 4 5 23.950000000000006 215.85000000000005 3457.9150000000004 -0.14340655283003542 9.0460757767044075 24.500000000000004 -0.40546528667962484 9912.5000000000018 0.44925260018140306 27.87857142857143 6 8.3374473167787269 85.500000000000014 1100.7450000000001 -0.72901791152133277 34.778571428571432 27.035714285714292 7 -0.08465315817661033 -0.20267040032076752 8 6.4196313136845884 9 0.077331028415718581 0.44192967607829697 10 0.90629178862065063 45.500000000000007 11 12 0.25000000000000006 0.065037562461801382 14.500000000000002 27.350000000000005 0.081770950546220314 10.500000000000002 -0.28768207245178029 9.5000000000000018 33.507142857142874 0.033537176222206096 6.6399108446429524 20.500000000000004 -2.1175397017233171
decision_type=2 1 10 2 2 1 1 2 2 1 2 2 10 2 2 2 10 1 1 2 2 8 2 2 2 10 10 10 2 1 2 2 8 2 2 2 1 2 2 1 2 1 10 2 1 2 2 1 1 2 2 2 2 2 2 2 2 2 2 2 2 10
left_child=1 2 17 4 33 8 7 -7 9 11 -11 -6 22 32 -15 -16 -10 23 -19 20 -20 -21 -13 -1 -23 -26 27 29 -29 30 31 35 -8 -3 -31 -5 37 38 -35 -39 -38 43 -43 57 45 48 51 52 49 -2 -50 -46 -48 54 -52 56 -44 -42 -59 -51 -61 -62
right_child=44 3 -4 26 5 6 13 -9 16 10 -12 12 -14 14 15 -17 -18 18 19 21 -22 24 -24 -25 25 -27 -28 28 -30 34 -32 -33 -34 36 -36 -37 40 39 -40 -41 41 42 55 -45 46 -47 47 -49 50 59 53 -53 -54 -55 -56 -57 -58 58 -60 60 61 -63
leaf_value=0.0004760384661819635 -0.0019067952467633914 0.0087915798603912833 0.001180076735719412 0.0051810324266147569 -0.0052157865093850038 -0.0025897426359994579 -0.0026343446829770328 4.0012389668303649e-05 0.00026418035715981044 -0.00043684915897029608 0.00078850562789963626 0.00071983360217157174 0.0022809206515183723 -0.00074178200179335178 -0.0040575806681715804 -0.0098940070986560762 0.0068832351708624125 0.00050408955635174418 -0.00012837846750114675 0.0018561810597709527 -0.0060381376256154577 0.00039092950018177408 -0.0032600124192424698 -0.0017390640305591364 -3.3834799331241681e-05 -0.0036899772401204761 0.0014042215540116844 0.00064463405856085869 -0.0012003176982965174 1.6000728966617744e-05 -0.0059647298829242044 -0.0010868583652106523 -0.00051211416225465398 0.0027015624524851694 0.0024446955664842573 0.0016312918583439888 0.0039387632726903005 0.0029073461417228018 -0.0042531105600324371 -0.00013223898957939631 0.00071357766980862519 0.00035459550257010476 0.0085100706749217988 0.0056105420868779307 -0.0010801563884510351 -0.02461272227047831 0.0011406942262552307 -0.0025111341207967189 0.00026702716192216483 0.0043659506427184526 0.0017770080019473763 0.00055814922682063028 -0.0016953227288245831 3.3639157495276519e-05 -0.0028220358024671367 -0.00051880362249501471 0.00029484321685818769 0.00062448239119487704 -0.00082824583086437082 -0.00016712241908370569 -0.0035636970878905926 0.0010910679501650931
leaf_weight=3591 282 100 621 260 83 279 212 1719 273 521 615 90 42 237 259 185 46 1342 1451 353 179 313 106 182 244 165 206 163 379 3110 67 177 2164 42 76 793 221 112 126 153 631 275 43 74 808 78 300 858 599 157 107 1086 792 472 597 1325 178 552 331 622 55 1088
leaf_count=3591 282 100 621 260 83 279 212 1719 273 521 615 90 42 237 259 185 46 1342 1451 353 179 313 106 182 244 165 206 163 379 3110 67 177 2164 42 76 793 221 112 126 153 631 275 43 74 808 78 300 858 599 157 107 1086 792 472 597 1325 178 552 331 622 55 1088
internal_value=7.75301e-05 0.000417562 0.00131034 -4.77334e-05 -0.000636653 -0.00160641 -0.00250197 -0.00037332 0.000951315 -0.000360082 0.00117698 -0.00564759 -0.00209205 -0.0038869 -0.00758798 -0.0108989 0.00695313 0.00096535 -0.000190981 -0.00146355 -0.00340282 0.00146375 -0.00583756 0.00220005 -0.00138313 -0.00469512 0.00118979 0.000910267 -0.00331492 0.00142172 0.00368884 0.00446791 -0.00283971 0.000954611 0.00048483 0.00571632 0.000719734 -0.00343468 -0.010355 0.000845865 0.00122219 0.000828446 -0.000668668 0.00253283 -0.000983928 3.07276e-05 -0.00204929 -0.00386981 0.000295226 0.001693 -0.00144177 -0.000184697 -0.00176791 -0.00314359 -0.00539007 -0.00168067 0.00394144 0.0019802 2.82805e-05 0.0025481 0.00193941 0.00351836
internal_weight=32567 24666 8441 16225 10994 6831 5055 1998 1776 1457 1136 321 238 3057 681 444 319 7820 4047 2705 1630 1075 196 3773 722 409 5231 5025 542 4483 1297 1230 2376 4163 3186 1053 4063 433 168 265 3630 3409 1821 1588 7901 4057 3844 1950 3979 2204 1775 1894 1092 1176 704 1546 221 1514 883 1922 1765 1143
internal_count=32567 24666 8441 16225 10994 6831 5055 1998 1776 1457 1136 321 238 3057 681 444 319 7820 4047 2705 1630 1075 196 3773 722 409 5231 5025 542 4483 1297 1230 2376 4163 3186 1053 4063 433 168 265 3630 3409 1821 1588 7901 4057 3844 1950 3979 2204 1775 1894 1092 1176 704 1546 221 1514 883 1922 1765 1143
cat_boundaries=0 1 2 3 4 5 6 7 8 9 10 11 12 13
cat_threshold=4664 524 131 2306 3123 40 1280 2176 258 3076 6 497 7489
is_linear=0
shrinkage=0.05


Tree=74
num_leaves=63
num_cat=11
split_feature=2 30 16 39 3 33 41 30 23 36 25 8 18 22 23 42 33 41 41 33 17 25 42 22 25 15 5 39 26 39 10 7 10 23 41 24 25 39 41 13 26 22 13 35 25 22 8 30 29 8 27 8 42 8 27 23 41 5 23 16 8 25
split_gain=3.66826 4.41835 4.72335 4.47996 4.80357 4.12049 3.73171 3.44932 3.64968 3.3197 3.16889 3.75118 3.45402 3.22644 3.2142 3.14691 4.29029 3.5035 3.46342 3.43137 3.3408 3.19991 3.20758 3.19629 3.0607 4.15139 3.18814 3.13742 3.04276 4.89143 3.03362 3.01777 3.01458 2.97689 3.85582 3.81087 2.97859 2.95805 2.93761 2.84138 3.16948 2.79762 2.79586 3.5293 3.17265 3.70332 4.12208 3.26803 3.18525 3.0891 2.93597 2.78635 2.75104 3.51982 3.41418 2.90888 2.84904 2.73583 2.79719 2.71671 2.67678 2.61631
threshold=-0.10915066590167564 34.550000000000004 0.058374985773246298 0 -0.52712315915807506 26.778571428571436 4.4064004096262162 68.700000000000017 0.69314718055994562 1.6683535161047203 1 0.55389793250751052 -2.1175397017233171 0.77675295448818049 0.25973435996100563 0.932768361581921 27.657142857142862 1.7360681114551086 2.2503968253968254 38.892857142857153 0.87708329462884194 2 0.65933268858800786 -0.30270259443007547 3 0.83034830207343047 7.3132332177464852 4 51.500000000000007 5 -0.044052067763391094 8.6204382475137198 0.10550759937813094 1.0000000180025095e-35 5.2436092513694472 6 7 8 374.31250000000006 0.36009508995726075 25.500000000000004 -0.11260153755205103 1.6867942853659001 0.59723573994984713 9 0.19237064264589354 0.13443561074267027 22.050000000000004 1.0000000180025095e-35 0.43264624183285089 35.500000000000007 0.70519766509369242 0.95275297619047628 0.40461610412424065 48.500000000000007 0.21389408634595333 1.4573849878934626 8.2689966786365598 -0.63973658793606114 -0.85012692034221116 0.2430317533792706 10
decision_type=2 2 2 1 2 2 2 2 8 2 1 8 8 10 8 2 2 2 2 2 2 1 2 8 1 2 2 1 2 1 2 2 2 8 2 1 1 1 2 2 2 8 2 2 1 8 8 2 2 10 2 8 2 8 2 10 2 2 10 2 10 1
left_child=1 2 42 4 -3 -6 10 31 -9 28 30 12 -12 15 51 16 -14 -17 21 20 -20 22 -18 -19 27 60 -27 -4 33 -30 -2 57 -29 34 61 59 37 -37 -39 -7 -41 -24 43 44 45 47 48 -1 -47 -46 -51 -13 53 56 55 -54 -32 58 -5 -36 -26 -8
right_child=6 3 24 7 5 39 9 8 -10 -11 11 14 13 -15 -16 17 18 23 19 -21 -22 -23 41 -25 25 26 -28 32 29 -31 52 -33 -34 -35 35 36 -38 38 -40 40 -42 -43 -44 -45 49 46 -48 -49 -50 50 -52 -53 54 -55 -56 -57 -58 -59 -60 -61 -62 -63
leaf_value=0.0022367664274231653 0.0015658902540408338 0.0073760872265185105 -0.0024161281050812979 -0.00061682862899406813 0.0031089151370763202 0.0033253831647699879 0.0038059300138959099 -0.0039352832384728772 0.00013038759285089859 -0.0015539367679496933 0.0031124491508076851 0.0023575324547934224 0.00079190218713968269 -0.011813140523179472 0.003799330161779876 0.00084685810767770673 0.00073054493243229594 -0.00019756540756098374 5.4090224108195865e-06 0.0028568907691423149 -0.0029487963095858835 -0.0019024689436661982 1.5949707194535099e-05 -0.0025101237743211241 -0.00053795871887167416 -0.00025342236669623745 0.002362823891724845 -1.7857741924626019e-05 0.00033421239880720798 -0.0023458127465871906 0.0009689654623549059 -0.0031633092816103167 -0.0073251429425421318 -1.9298364568569835e-05 -0.0010499900197871921 0.001573091221198366 -8.2232530991198122e-05 -0.00022618794004537169 0.00078200541314988085 0.0040036615983845307 -0.0001247969483521516 -0.0029378322400854043 0.0023666910870245093 -0.0024602555041994853 -0.00020813666620797812 3.7803839861152118e-05 0.0012261914362718769 -0.0031637591740110052 -0.0015101272713124779 0.0060187622521523923 -0.00019365736208168437 -0.005101366825242093 -0.0012334675132714046 -0.0046891254991526582 0.0040819809490050818 0.0022619186044780864 -0.00047714413271409198 0.0034040739850439527 0.0025948535496625471 0.00084892519250208583 0.00072799569866235448 0.00090602445550197583
leaf_weight=773 274 161 246 123 242 60 124 175 142 83 66 57 273 47 78 66 67 286 460 49 49 272 154 707 1289 134 270 428 120 209 137 70 45 12084 171 529 4286 628 179 99 581 116 235 45 1699 116 420 70 102 103 90 41 185 85 114 67 597 50 172 1240 611 130
leaf_count=773 274 161 246 123 242 60 124 175 142 83 66 57 273 47 78 66 67 286 460 49 49 272 154 707 1289 134 270 428 120 209 137 70 45 12084 171 529 4286 628 179 99 581 116 235 45 1699 116 420 70 102 103 90 41 185 85 114 67 597 50 172 1240 611 130
internal_value=0.000125069 0.00101438 0.000411862 0.00315832 0.00509099 0.00381485 -0.000191419 6.72948e-05 -0.0038522 9.73008e-05 -0.00153602 -0.00251876 -0.00300421 -0.003298 0.00451977 -0.00305 -0.00152672 -0.00511792 -0.00284675 0 -0.00122549 -0.00545082 -0.00193966 -0.00586016 -0.00104993 -0.000151188 0.00444444 -0.00386986 0.000139587 -0.00462121 0.000357143 0.0030649 -0.00139463 0.000220679 0.0010188 0.000799687 0.00021303 0.00226429 0.000336186 0.00195682 0.0010279 -0.00442804 0.00162151 0.00125768 0.00144487 0.00316689 0.000312989 0.00536137 -0.00525114 7.88229e-05 0.0060567 -0.00151515 -0.000737774 -0.00234756 0.00286104 -0.000395257 -0.00122449 0.00498555 0.003125 0.00311181 -0.00113098 0.00705882
internal_weight=32581 8551 6676 1875 1143 982 24030 732 317 19783 4247 2788 2612 2546 176 2499 1440 1059 1167 558 509 609 337 993 3023 2304 404 719 19700 329 1459 415 473 19371 7287 7033 5622 1336 807 740 680 270 3653 3418 3373 1481 638 843 218 1892 193 98 1185 819 366 252 734 345 295 1411 1900 254
internal_count=32581 8551 6676 1875 1143 982 24030 732 317 19783 4247 2788 2612 2546 176 2499 1440 1059 1167 558 509 609 337 993 3023 2304 404 719 19700 329 1459 415 473 19371 7287 7033 5622 1336 807 740 680 270 3653 3418 3373 1481 638 843 218 1892 193 98 1185 819 366 252 734 345 295 1411 1900 254
cat_boundaries=0 1 2 3 4 5 6 7 8 9 10 11
cat_threshold=5389 3616 141 385 2182 4760 4 2082 5650 565 881
is_linear=0
shrinkage=0.05


Tree=75
num_leaves=63
num_cat=9
split_feature=2 42 25 25 39 33 31 3 33 3 17 31 39 23 3 11 37 18 17 18 39 25 25 3 31 4 33 28 5 31 42 25 37 42 2 4 18 37 26 6 41 27 33 4 12 37 12 8 37 36 3 6 4 26 39 31 44 33 27 17 11 26
split_gain=3.82655 3.33917 6.75179 4.19698 4.33805 4.77569 5.73331 3.74379 3.50653 3.45443 3.38756 3.15632 4.85057 3.75629 5.03841 3.5863 3.98541 4.16367 3.7642 3.58935 3.40775 8.8315 5.96804 5.70789 5.38684 5.22067 5.85326 3.2214 3.18578 4.14125 3.11463 4.90654 3.06466 3.03747 3.26913 3.00583 2.97671 2.95408 2.95139 3.98571 2.96047 2.94909 2.90287 3.50298 2.86005 4.16436 3.97405 3.59233 3.51473 4.07601 3.23488 4.48604 3.93079 3.04529 4.00806 4.68535 2.89038 3.27311 3.86117 4.04294 3.44162 3.19755
threshold=-0.0039836800457955226 0.70087719298245621 0 1 2 29.37857142857143 91.800000000000011 -0.028543693423535906 38.021428571428579 -0.419751794330192 0.6775560789216083 0.75000000000000011 3 0.21980307603068197 -0.69314718055994484 77.500000000000014 45.500000000000007 -1.9622323674709068 -0.21720513091310864 0.19189536251015238 4 5 6 0.10919929196499246 272.10000000000002 -0.56211891815354142 32.842857142857149 1.0000000180025095e-35 8.1795077632785009 2.350000000000001 0.88975694444444453 7 21.500000000000004 0.96396103896103902 0.071528977975274813 -0.97146327829421242 -0.76550523479677457 62.500000000000007 3.5000000000000004 7.9516779029205491 5.5295496323529418 18.500000000000004 32.550000000000018 -0.17435288714452743 39.500000000000007 27.500000000000004 14.500000000000002 0.024454401771162638 38.500000000000007 0.028549470629229558 0.77318950361794914 6.4373021797487011 1.0565826160053355 49.500000000000007 8 76.250000000000014 0.10555555555555557 38.95000000000001 54.500000000000007 0.135862684472037 81.500000000000014 51.500000000000007
decision_type=2 2 1 1 1 2 2 2 2 2 2 2 1 8 2 2 8 10 2 10 1 1 1 2 2 2 2 2 2 2 2 1 10 2 2 2 10 10 2 2 2 2 2 2 2 10 2 8 10 2 2 2 2 2 1 2 2 2 2 2 2 2
left_child=11 2 -2 4 5 38 -7 -6 10 36 -4 12 42 27 -15 18 -17 -18 19 30 21 24 25 28 -20 -22 32 -14 29 -23 -13 -32 -27 -9 -35 -24 -5 44 39 40 -3 -39 43 -1 45 46 -11 -48 50 -50 51 -46 53 -53 -55 -56 61 58 59 60 -58 -49
right_child=1 3 8 9 7 6 -8 33 -10 37 -12 15 13 14 -16 16 17 -19 20 -21 22 23 35 -25 -26 26 -28 -29 -30 -31 31 -33 -34 34 -36 -37 -38 41 -40 -41 -42 -43 -44 -45 48 -47 47 56 49 -51 -52 52 -54 54 55 -57 57 -59 -60 -61 -62 -63
leaf_value=0.0013797259542540714 -0.00045854245203374544 0.0056678125851937645 0.0014656033488834059 -0.0038292229517607815 0.00073518461387335292 -0.00070969132576651297 0.0028606792562617007 -0.0003030687683679606 -0.00030549834277868561 -0.00016786853000076392 -0.0015185456326605813 -0.00063003222302316936 -0.0029362886327939891 0.0068780103844635586 -0.0010858304322828999 -0.001865338352077137 -0.0020317875317442577 0.0011713867425568771 -0.0038068661436952544 0.0034932572167019806 0.0067838067495972695 0.0027481684552212353 0.0064125549241070834 0.0023821909523814985 0.0010022998373667533 8.9695736864193334e-05 0.0024568468593852062 0.00020867384143972122 -0.0010599290277785989 -0.00014164952554235471 0.002527554827568747 0.00020417521010989947 0.0022683894161935033 0.0015823185800753797 -0.00061087258666618681 -0.00021162119510499401 0.0036081580274936647 -0.00043747614350005544 -0.0040706065667290101 -0.0067315959955932458 -0.0018512251804485376 0.0034975207795791292 0.0016875051083099911 -0.0014897487864812299 0.0051034398148651072 -0.0024365652832029419 -0.00015266471246655854 0.0008697662552364972 0.0059053755418032256 -0.00034810341577449025 -0.0031005393064579322 -0.00020002025603995841 0.0022998831565221021 0.0031095217373001403 0.00010137122615926455 -0.0020420469566566277 6.9273809075919135e-05 0.0031915489896364004 -0.0053511202998842867 -0.0020686567370957662 0.0046309046514279679 -0.0027260288147993288
leaf_weight=83 248 44 304 58 576 945 66 1084 60 2012 45 428 61 66 1249 71 107 1861 445 182 176 160 51 284 123 1612 186 1129 420 1084 548 1224 83 221 444 2451 190 51 283 57 121 83 471 137 53 115 113 2329 71 40 223 7131 159 144 182 52 153 42 59 139 45 93
leaf_count=83 248 44 304 58 576 945 66 1084 60 2012 45 428 61 66 1249 71 107 1861 445 182 176 160 51 284 123 1612 186 1129 420 1084 548 1224 83 221 444 2451 190 51 283 57 121 83 471 137 53 115 113 2329 71 40 223 7131 159 144 182 52 153 42 59 139 45 93
internal_value=-6.87485e-06 -0.000494844 0.00300152 -0.000627194 -0.00208333 -0.00415848 -0.00219862 -0.000717038 0.00684524 -0.000212208 0.00892857 0.000592119 -0.000797623 -0.00181836 -0.00366641 0.000978516 0.0028799 0.00330117 0.000568302 0.00228703 -1.05992e-05 -0.00148397 0.000804158 0.000127616 -0.00690846 0.00279255 0.00203241 0.000209908 -0.000990991 0.000281124 0.00172649 0.00265087 0.00110554 -0.00187143 0.000788288 -0.000835655 0.00562249 -0.00032167 -0.00815217 -0.00381166 0.000150602 0.00703704 0.00288462 -0.00180995 -0.000397157 0.000529308 0.000747092 0.0019082 -0.000983739 0.0078125 -0.00110761 -0.000935638 -0.00103664 -0.00120173 0.00316623 -0.00102041 0.00225446 -0.00148064 -0.00289673 -0.000813609 0.00376884 0.00293025
internal_weight=32727 18035 657 17378 3841 1516 1011 2325 409 13537 349 14692 3196 2505 1315 11496 2039 1968 9457 2382 7075 2516 4559 1948 568 2057 1881 1190 1664 1244 2200 1772 1695 1749 665 2502 248 13289 505 222 165 134 691 220 13155 5100 4985 2973 8055 111 7944 7721 7668 7509 378 234 2860 438 396 337 198 2422
internal_count=32727 18035 657 17378 3841 1516 1011 2325 409 13537 349 14692 3196 2505 1315 11496 2039 1968 9457 2382 7075 2516 4559 1948 568 2057 1881 1190 1664 1244 2200 1772 1695 1749 665 2502 248 13289 505 222 165 134 691 220 13155 5100 4985 2973 8055 111 7944 7721 7668 7509 378 234 2860 438 396 337 198 2422
cat_boundaries=0 1 2 3 4 5 6 7 8 9
cat_threshold=962 1029 1411 664 6848 640 1444 85 4608
is_linear=0
shrinkage=0.05


Tree=76
num_leaves=63
num_cat=17
split_feature=10 39 22 10 25 27 39 29 25 25 7 7 22 39 5 12 9 33 18 39 25 24 25 27 39 37 42 30 1 25 27 20 33 10 8 9 18 9 6 38 9 15 15 10 0 6 1 14 14 20 13 12 27 7 25 25 39 25 5 13 30 37
split_gain=5.13722 5.88389 7.09631 5.94866 5.68493 5.87913 5.46897 7.12706 5.97267 5.73105 5.42507 5.07503 4.88591 5.19126 5.65038 4.34668 4.3347 5.04607 4.33557 4.23799 3.90894 4.47463 3.88812 4.2286 4.44472 4.62915 4.22334 5.30077 5.52561 3.8823 4.34072 4.51746 4.13931 3.75568 3.79176 3.73586 3.64253 3.61348 3.52148 3.49794 3.47154 3.39059 3.38828 3.29645 3.27 3.62546 3.26534 3.17711 3.41802 3.16552 3.55042 3.19781 3.32477 4.91287 5.49359 4.69405 4.06383 5.02669 4.67387 3.96078 3.41163 4.68279
threshold=0.0031360396130444283 0 0.020697217582458727 -0.77284778160610734 1 18.500000000000004 2 1.0000000180025095e-35 3 4 6.0238568586517021 6.6399108446429524 -0.21662000379414531 5 8.402747906361995 38.500000000000007 0.18207484013891354 27.13571428571429 -1.143694076666393 6 7 8 9 6.5000000000000009 10 70.500000000000014 0.95698427382053664 1.0000000180025095e-35 -0.26236426446749078 11 31.500000000000004 0.017699485559232758 33.635714285714293 -0.026796255674465638 0.92565136585932606 0.035256407133271994 0.43693692962458336 0.080062704195361323 8.1553821885017559 12 0.081886355795737401 -0.91629073187415477 -3.2613813453855376 -0.032498178009932481 0.028170876966697293 8.234337357979733 0.47283470688615475 -0.88179429613067917 1.4595239090575103 0.072872525957385234 1.3333416666666669 11.500000000000002 35.500000000000007 7.1146858005522686 13 14 15 16 6.8469637952197386 0.53333364444402975 26.550000000000004 14.500000000000002
decision_type=2 1 8 2 1 2 1 2 1 1 2 2 8 1 2 2 10 2 8 1 1 1 1 2 1 10 2 2 2 1 2 10 2 2 8 10 10 10 2 1 10 2 2 2 2 2 2 2 2 10 2 2 2 2 1 1 1 1 2 2 2 8
left_child=1 2 20 -3 -4 -6 12 8 -8 -9 -10 -12 13 14 -2 37 17 -13 -18 -17 -1 -22 23 38 25 -25 33 28 -28 32 31 -31 -19 34 41 -14 -30 -11 -5 -39 -32 42 -24 -38 -26 -46 -21 -15 -49 51 -51 -37 53 54 60 -54 57 58 -57 -59 61 -53
right_child=6 3 4 22 5 -7 7 9 10 15 11 16 35 47 -16 19 18 29 -20 46 21 -23 26 24 44 -27 27 -29 36 30 40 -33 -34 -35 -36 49 43 39 -40 -41 -42 -43 -44 -45 45 -47 -48 48 -50 50 -52 52 55 -55 -56 56 -58 59 -60 -61 -62 -63
leaf_value=-0.0009740542254695506 -0.0015031493107203323 0.011234452460832463 -0.0037279180842254805 0.0021295888817550227 -0.0013861129141158734 0.0011237024989233073 -0.0017059257868991145 -0.0070030128306603871 -0.010360631920405318 0.0013141345838483262 0.0042303658006799874 0.0022222904256232914 0.00031417460046797392 -0.0014058388606812745 0.00050267705446373353 -0.00080773488503638094 -0.0034134523220187177 -0.0015296463938765956 -9.9512114397823207e-06 -0.0075032241017886263 -2.6782064191974156e-06 0.0037221240859589156 0.0062469870452383849 0.0001585505498114287 -0.00017294662663398989 -0.0024438204760610597 0.0027846669943021106 0.00028708802497918426 -0.00022140417997271457 -0.0015137119844749734 0.0034393374156598648 0.0019625701570434185 0.0001873223608508789 -1.0538957579481203e-06 -0.0016132103885754688 -0.0012552936346060558 -0.0029059825524118356 -0.0037232338302940851 -0.00013726143382149702 -4.3863513164595773e-06 0.0012858140665144239 0.0011727624519838106 -0.00030197113841525934 0.00029182725933060358 -0.0010143684035722124 -0.0033575353529756036 -0.00061208683648083552 0.0021438993726576074 -0.0021624708928286119 0.00043573590452196528 0.0043955324050116195 -0.00043473867027327422 0.0004153616397579164 -4.7082510608633399e-05 -4.9063206915394081e-05 -0.0058380089775001871 -0.0011643563789419992 -0.00010159594809370059 0.00011038184824594504 -0.0027402259602567437 -0.00037396696479983436 0.0043151449492250136
leaf_weight=275 277 182 549 289 199 328 790 127 46 51 88 216 102 103 327 972 163 325 1336 235 159 163 40 1787 2143 72 129 2561 447 125 41 63 214 1119 102 545 301 211 159 938 245 3793 480 83 536 122 58 1151 66 662 103 52 742 3024 337 79 1000 225 1131 229 89 259
leaf_count=275 277 182 549 289 199 328 790 127 46 51 88 216 102 103 327 972 163 325 1336 235 159 163 40 1787 2143 72 129 2561 447 125 41 63 214 1119 102 545 301 211 159 938 245 3793 480 83 536 122 58 1151 66 662 103 52 742 3024 337 79 1000 225 1131 229 89 259
internal_value=0.00018388 0.000824021 -0.00197447 0.00115109 -0.0044104 -0.000604089 -0.000428409 -0.00159872 -0.000177936 -0.00360586 0.000887574 0.00117146 0.000268689 0.00254545 -0.00130081 -0.00301898 0.000787834 0.0029878 -0.00101667 -0.00507504 0.00238294 0.00600601 0.00103608 -6.83727e-05 -0.000514911 0.00137701 0.00165729 0.000305224 -0.0028616 0.00150394 0.00474227 -0.0010582 -0.00140909 0.00252033 0.00317595 -0.000241841 -0.00435697 -0.000874271 0.0045657 -0.00145652 0.0087108 0.00340172 -0.000383877 -0.00792208 -0.0017692 -0.00485584 -0.0102796 0.00428249 0.00502874 -0.000356806 0.00270888 -0.000661221 -0.000380162 0.000644604 0.00430217 -0.00151159 -0.00248598 -0.000955224 0.000737101 -0.00537634 0.00815085 0.0108173
internal_weight=32765 16018 1673 14345 1076 527 16747 6244 3652 2592 2862 2816 10503 1924 604 2465 2728 1229 1499 1265 597 322 14163 5108 4660 1859 9055 3521 960 1013 474 188 539 5534 4415 8579 831 1200 448 1149 286 4313 520 384 2801 658 293 1320 1217 8477 765 7712 7167 3761 737 3406 2664 1664 1210 454 400 311
internal_count=32765 16018 1673 14345 1076 527 16747 6244 3652 2592 2862 2816 10503 1924 604 2465 2728 1229 1499 1265 597 322 14163 5108 4660 1859 9055 3521 960 1013 474 188 539 5534 4415 8579 831 1200 448 1149 286 4313 520 384 2801 658 293 1320 1217 8477 765 7712 7167 3761 737 3406 2664 1664 1210 454 400 311
cat_boundaries=0 1 2 3 4 5 6 7 8 9 10 11 12 13 14 15 16 17
cat_threshold=2048 4032 3607 582 160 17 4232 2244 10 1091 4314 176 4 1586 776 2069 1109
is_linear=0
shrinkage=0.05


Tree=77
num_leaves=63
num_cat=14
split_feature=22 3 42 3 25 16 31 9 38 31 9 4 26 25 41 14 17 42 25 12 5 39 39 7 25 25 26 39 31 41 33 12 30 31 39 27 39 25 18 4 39 30 33 12 35 22 7 23 31 41 22 6 22 30 3 3 9 27 22 25 18 9
split_gain=4.33292 3.86765 4.34598 3.21639 4.67244 3.96287 3.36372 3.50741 5.13443 3.17941 3.12651 3.34731 2.89943 2.76264 3.32439 2.58129 4.46275 4.45244 3.81452 3.75824 3.57466 4.92787 3.49415 8.44784 5.86893 3.55894 3.50093 6.8103 5.18064 4.41583 3.83681 3.82053 3.52394 4.98825 11.9639 5.11208 4.32074 5.83872 4.55513 4.30152 4.13279 6.9755 5.47962 4.4621 3.6088 3.59906 3.48472 4.86808 4.00497 3.93876 3.78752 3.78817 3.48316 3.42511 3.4177 3.33752 3.25798 3.23531 3.20011 3.17434 3.85856 3.17119
threshold=0.3936998594030674 0.61350217182287958 0.9536672629695887 -0.86291777228445488 0 -0.041610849656720232 385.85000000000008 0.063162595168263211 1 297.35000000000002 1.0045027619289641 1.3233110511895163 37.500000000000007 2 19.441020733652319 -0.75942355885731316 -0.058691617415211998 0.84680573663624525 3 26.500000000000004 7.8519935688661606 4 5 8.3532359786587698 6 7 49.500000000000007 8 23.550000000000004 2.6608258928571433 37.721428571428575 83.500000000000014 15.450000000000003 208.75000000000003 9 59.500000000000007 10 11 0.1124355782581386 0.41379947468761064 12 70.65000000000002 27.992857142857151 30.500000000000004 0.0022604238517606361 0.095338776172049278 7.7440253999133821 -0.82367434837344888 5.6500000000000012 77.407886904761924 -0.1589462293670226 7.2627030785278412 -0.26758526722856424 0.15000000000000005 0.074164764717102663 -0.17086840395094513 0.36018694969163523 59.500000000000007 -0.21662000379414531 13 -1.4934581390118511 0.21168941598352775
decision_type=10 2 2 2 1 2 2 10 1 2 10 2 2 1 2 2 2 2 1 2 2 1 1 2 1 1 2 1 2 2 2 2 2 2 1 2 1 1 10 2 1 2 2 2 2 10 2 10 2 2 8 2 8 2 2 2 10 2 10 1 10 10
left_child=3 2 13 4 5 -1 10 -8 -9 -4 11 15 -13 14 -2 -5 17 19 20 -17 21 -19 25 26 -25 -18 29 28 53 31 32 55 33 36 -35 58 37 38 -31 46 43 44 -43 45 52 -34 50 -48 -49 -50 51 -38 57 -28 56 -24 -20 -42 -36 60 -21 -39
right_child=1 -3 9 6 -6 -7 7 8 -10 -11 -12 12 -14 -15 -16 16 22 18 54 59 -22 -23 23 24 -26 -27 27 -29 -30 30 -32 -33 40 34 35 -37 39 61 -40 -41 41 42 -44 -45 -46 -47 47 48 49 -51 -52 -53 -54 -55 -56 -57 -58 -59 -60 -61 -62 -63
leaf_value=0.0051938318015003152 6.201241493171764e-07 -0.0035013937238039376 -0.00093550061912175899 -0.00024951435795660896 0.0075397949220509745 -0.0058569448307878753 -0.00091381670263293688 -5.3179492500565578e-05 0.0035891250212026593 -0.0033781727276714565 -0.0053768203512144066 0.0048375564814676919 -0.00068119597670740083 0.0003847161119671568 -0.0040589720361429802 -0.0025078164288271972 -9.516428344095182e-05 0.00022144637372032463 0.00015202737599865105 0.0012888546631001565 0.00016606866207471659 0.0031135264204703609 -7.2361400348982041e-05 -0.0046396938311777953 -0.00070243739536342926 0.00031620282932473336 0.0032596332320798138 -0.00042270606700790727 0.0071640466018593075 -0.0015395766810773145 0.00041234530988787117 0.0023671489545654665 0.00094531578454708361 -0.0067034981928768807 0.0040481996718857239 -0.0023100884700670609 -6.3545114116946594e-05 -0.00013437615963203463 0.00046112792276979529 -0.0029342811368146164 0.0040675403608676107 -0.00014243193277145225 -0.0029969606850595489 9.3630247777368525e-05 0.0011351686695363903 0.0031546064448740039 0.00029843850336674959 -0.0054135628429473233 -0.0025647170172517011 0.00075522030180784686 -0.00031323078497819541 0.0019338098226421416 -0.00015568101587764787 -0.0018688362989728144 -0.00025031290875240713 -0.0029063662613664615 0.0039127181128301011 -0.00066867893991369865 -0.00034037199083829451 0.00013645846464253593 -0.0012515669833144663 -0.0033913724052127242
leaf_weight=59 233 190 839 3099 225 80 47 149 171 74 92 113 57 952 124 290 1530 1024 2006 42 1862 964 152 247 667 2374 64 238 142 266 1352 93 404 133 66 76 334 459 1495 333 144 273 212 1905 193 107 152 156 115 66 2085 208 1028 79 1289 340 170 119 71 569 239 160
leaf_count=59 233 190 839 3099 225 80 47 149 171 74 92 113 57 952 124 290 1530 1024 2006 42 1862 964 152 247 667 2374 64 238 142 266 1352 93 404 133 66 76 334 459 1495 333 144 273 212 1905 193 107 152 156 115 66 2085 208 1028 79 1289 340 170 119 71 569 239 160
internal_value=-3.27764e-05 -0.00207211 -0.00148448 0.000129171 0.00479452 -0.0025 7.24469e-05 0.00482337 0.00669782 -0.0041302 1.34885e-05 4.22826e-05 0.00701754 0.000362595 -0.0033288 1.70109e-06 0.000162585 0.00110868 0.00156165 -0.00179667 0.0026418 0.00412267 -0.00028589 -0.000656149 -0.00530055 0.00103448 -0.000330236 0.00367366 0.00869932 -0.00049808 -0.0002896 -0.00473549 -0.000610738 -0.00138034 -0.00720461 0.000558036 -0.00103345 0.000606441 0.00207393 -0.0021604 0.000473096 -0.00122475 -0.00643004 0.00185414 0.00047138 0.00600586 -0.00158807 -0.00545918 -0.00880178 -0.00370879 -0.000865677 0.00285451 -0.000483746 0.00225694 0.000352417 -0.00649087 0.00156178 0.00464015 0.00634058 -0.000117509 -0.00436644 -0.00353175
internal_weight=32797 2412 2222 30385 364 139 30021 367 320 913 29654 29562 170 1309 357 29392 26293 8455 7315 1140 3850 1988 17838 13934 914 3904 13020 523 285 12497 11912 585 10560 6175 346 213 5829 2380 1761 3449 4385 1969 485 2416 1484 511 3116 489 337 181 2627 542 1291 143 3465 492 2176 263 137 850 281 619
internal_count=32797 2412 2222 30385 364 139 30021 367 320 913 29654 29562 170 1309 357 29392 26293 8455 7315 1140 3850 1988 17838 13934 914 3904 13020 523 285 12497 11912 585 10560 6175 346 213 5829 2380 1761 3449 4385 1969 485 2416 1484 511 3116 489 337 181 2627 542 1291 143 3465 492 2176 263 137 850 281 619
cat_boundaries=0 1 2 3 4 5 6 7 8 9 10 11 12 13 14
cat_threshold=424 4 1793 3920 391 57 1216 2822 5888 5632 6784 1079 5380 848
is_linear=0
shrinkage=0.05


Tree=78
num_leaves=63
num_cat=12
split_feature=13 21 25 38 6 10 39 25 13 13 33 25 39 27 4 42 20 23 3 12 25 39 13 25 17 24 10 10 27 17 4 25 42 30 7 21 20 31 33 27 33 12 4 33 38 19 18 15 18 5 2 20 12 31 30 12 17 6 23 27 27 10
split_gain=4.32967 4.46787 4.84654 4.27587 5.68165 5.5182 5.01603 4.98011 4.67252 4.11433 4.03176 3.76609 3.72484 4.5821 4.93282 3.65902 5.16198 3.97173 3.74629 3.62661 3.62155 3.65024 5.41969 3.4852 3.43125 4.11164 3.41083 3.35075 3.65305 3.35032 3.28685 3.75147 3.57017 3.61834 3.20167 3.53611 3.46712 3.1961 3.41393 3.19347 3.09545 3.07769 3.07442 3.02632 3.01833 3.90909 3.01641 2.91718 3.24574 2.90053 2.85346 3.17176 2.83316 2.82994 4.61087 3.46231 3.57115 3.42962 3.00709 3.17783 4.25452 2.79458
threshold=1.3452339285714288 7262.5000000000009 0 1 8.0754579637432347 -0.55697470511462555 2 3 1.0141851106639841 0.5714272495319993 26.835714285714285 4 5 55.500000000000007 -0.59242881105261691 0.94058823529411772 0.11814678202919077 -0.14510389094737761 -0.10821215607084465 1.5000000000000002 6 7 0.40743909007382068 8 0.46601695994697767 9 -0.25356142991378489 0.075106785789786482 21.500000000000004 -0.40743667111664633 1.2080266387495773 10 0.93798076923076934 41.750000000000007 7.824817992913192 3306.2500000000005 -0.11496384989540831 128.85000000000002 33.707142857142863 5.5000000000000009 37.507142857142867 28.500000000000004 0.10848103824329904 34.264285714285727 11 -0.015271678231105276 1.4216845946342433 0.87859225051048606 -0.45600476450064958 8.077448315600277 -0.077848149023914001 -0.15587054638908515 62.500000000000007 0.35000000000000009 1.7500000000000002 58.500000000000007 0.2966472830643892 7.3132287442782333 0.19261633166479111 24.500000000000004 40.500000000000007 0.20975722824882628
decision_type=2 10 1 1 2 2 1 1 2 2 2 1 1 2 2 2 10 8 2 2 1 1 2 1 2 1 2 2 2 2 2 1 2 2 2 8 10 2 2 2 2 2 2 2 1 2 10 2 10 2 2 10 2 2 2 2 2 2 8 2 2 2
left_child=3 24 -3 9 5 8 11 53 43 15 -6 34 19 14 -14 16 27 -17 -18 -12 -19 -22 -23 -15 25 44 -4 -1 -29 -28 31 32 41 -34 35 37 -36 38 -7 -26 -41 -21 -39 -5 -2 -46 -13 48 -38 -50 51 -33 -52 -8 55 58 57 -57 -55 -60 -61 -54
right_child=1 2 26 4 10 6 7 -9 -10 -11 12 46 13 23 -16 17 18 20 -20 30 21 22 -24 -25 39 -27 29 28 -30 -31 -32 50 33 -35 36 -37 47 42 -40 40 -42 -43 -44 -45 45 -47 -48 -49 49 -51 52 -53 61 54 -56 56 -58 -59 59 60 -62 -63
leaf_value=0.00081248392202837912 -0.00056564707035620075 -0.0023868291524237108 0.0075881915442553198 0.0065849760182451096 0.00035355619585580519 -0.00066640737442715502 -0.0012897113943635191 -2.1602155162651676e-05 -0.0012562066027570189 0.00034292767798695697 0.0037387045724828491 -0.00013161563195744074 -0.0042433106613899169 0.00031540646576091167 5.1391519996688358e-05 0.00018436541330626557 0.0042376260492740878 -5.1886103914457698e-05 -0.0038757665773431955 -0.0047085226925382695 -0.0020240718349017056 -0.00097283092876532479 0.00043952544240244109 -0.0021562010230114664 0.0036605746356778487 0.0017068739538039163 -0.0031923975329129829 0.0012924741485347635 -0.0013206788731460403 0.00062238626909760135 0.0011986569660993665 0.0097136571055077628 -0.0074901508684429704 -0.0023363633710422184 -0.0039628408435369057 0.0021958354756873573 0.000805735022111305 0.0013955562664208776 0.00051199302573070389 -0.00060540226435844182 0.0023001087870959018 -0.00013867181322413328 -1.5964830603950709e-05 -0.00088665361888157213 0.0046042302533796263 -0.00092011160765590827 0.00083869688433393865 0.002373864476942043 -0.00096193296340749265 0.0033694581921007594 -0.00041032842422559953 -0.0005253977318441192 -0.00022507177171841855 0.0016543603771603113 -0.00063986292539981726 0.00099145664696313382 0.0051143525531510787 -0.00032884951572622836 -0.003721279987023882 0.0028017716660061315 -0.0028342828222152078 -0.0064650230990260377
leaf_weight=482 377 290 47 230 619 351 432 4953 126 5212 59 3663 85 149 2051 1120 42 1070 77 112 404 269 353 480 92 1437 75 102 194 384 71 40 184 80 64 739 222 261 490 635 91 264 149 55 101 94 288 71 431 47 398 350 262 186 1184 63 78 97 170 81 46 86
leaf_count=482 377 290 47 230 619 351 432 4953 126 5212 59 3663 85 149 2051 1120 42 1070 77 112 404 269 353 480 92 1437 75 102 194 384 71 40 184 80 64 739 222 261 490 635 91 264 149 55 101 94 288 71 431 47 398 350 262 186 1184 63 78 97 170 81 46 86
internal_value=4.66133e-05 0.00167632 -0.00163112 -0.000156395 -0.000572606 -6.04365e-05 -0.000227483 -0.00113683 0.0056432 0.000725686 -0.00197505 0.000751437 -0.00247753 -0.00128782 -0.000187178 -0.000455761 0.00236637 -0.00124339 -0.00729167 -0.00417319 -0.00252742 -0.00462874 -0.0021327 -0.00503968 0.00260785 0.00371891 0.00135397 0.00385109 -0.0003367 5.43478e-05 -0.00458604 -0.00500844 -0.00806452 -0.0126415 0.0021421 0.00323958 -0.000448565 0.00161741 -0.000148456 -0.0001221 -0.00123796 -0.00503979 0.00523114 0.00917832 8.57633e-05 0.00497573 -0.000246088 0.000485751 -0.000499287 -0.00281837 -0.00318221 0.000255754 -0.00502008 -0.0030345 -0.00221668 0.000934903 0.00585774 0.0015528 -0.00149793 -0.00461409 0.00136719 -0.00830946
internal_weight=32715 3623 796 29092 19767 14477 14066 7290 411 9325 5290 6776 4671 2765 2136 4113 897 3216 119 1906 2096 1026 622 629 2827 2009 506 778 296 459 1847 1776 640 264 2825 1990 835 1251 841 818 726 376 410 285 572 195 3951 771 700 478 1136 390 746 2337 1905 721 238 160 483 297 127 348
internal_count=32715 3623 796 29092 19767 14477 14066 7290 411 9325 5290 6776 4671 2765 2136 4113 897 3216 119 1906 2096 1026 622 629 2827 2009 506 778 296 459 1847 1776 640 264 2825 1990 835 1251 841 818 726 376 410 285 572 195 3951 771 700 478 1136 390 746 2337 1905 721 238 160 483 297 127 348
cat_boundaries=0 1 2 3 4 5 6 7 8 9 10 11 12
cat_threshold=2567 2 5700 2628 2636 7256 1621 7170 641 2 488 4
is_linear=0
shrinkage=0.05


Tree=79
num_leaves=63
num_cat=9
split_feature=22 10 39 4 31 42 10 17 9 14 17 44 25 9 35 41 33 39 18 10 12 39 9 27 25 12 42 17 21 4 33 30 21 39 41 30 40 10 11 22 33 14 20 17 31 39 27 18 21 22 39 20 20 39 2 33 17 22 26 4 20 26
split_gain=3.83704 3.87836 4.03386 3.62156 3.16518 3.40635 3.15481 3.07511 5.43359 3.38848 4.16564 3.79572 5.20345 3.77998 3.69188 6.51192 3.97212 3.79213 5.8264 5.20263 4.29874 5.48577 4.12704 3.92153 3.72489 3.57609 3.54903 4.418 3.50506 3.43839 3.6141 3.43315 4.47291 3.88625 3.90701 3.36612 4.23235 3.35339 3.34122 3.30278 3.29045 3.46105 3.34413 3.18439 3.14329 4.40798 3.41222 3.08014 4.69824 3.15445 3.39194 2.99577 2.95903 3.00101 2.89417 2.8647 2.85569 2.90108 2.83895 4.56435 2.83815 2.8324
threshold=0.65429583457440998 0.57076451452902399 0 -0.18023002158306498 385.85000000000008 0.89209979209979218 0.16468661873663717 0.9004817385958428 0.072201556073746467 -0.75942355885731316 -0.0064016604277394853 0.10555555555555557 1 0.38263898409284164 0.0014768500578342468 3185.607731694829 32.221428571428582 2 0.1561217356389337 0.61111051610733658 32.500000000000007 3 0.18473739511371853 1.5000000000000002 4 69.500000000000014 0.99230769230769245 0.45946497920204915 2798.2450000000003 -0.3205758913013374 38.26428571428572 22.650000000000006 850.83500000000015 5 13.357816711590297 104.90000000000002 1.5000000000000002 0.27241064691434552 78.500000000000014 0.16919791381865604 38.550000000000011 -0.066499094607890261 0.041682119053309298 -0.31212115082932651 40.500000000000007 6 6.5000000000000009 0.27420281208796782 6683.7500000000009 -0.31361778204392649 7 -0.10344842382566435 0.28491262822305613 8 -0.077848149023914001 27.657142857142862 0.28704640847142243 -0.12675148041396941 20.500000000000004 0.032789822822990818 0.030415344404222989 10.500000000000002
decision_type=10 2 1 2 2 2 2 2 10 2 2 2 1 10 2 2 2 1 10 2 2 1 10 2 1 2 2 2 8 2 2 2 10 1 2 2 2 2 2 8 2 2 10 2 2 1 2 10 8 8 1 10 10 1 2 2 2 8 2 2 10 2
left_child=4 2 6 -4 7 -6 -2 9 -9 52 11 35 25 14 15 17 28 22 -19 20 31 23 -12 -22 55 -13 27 40 -16 -15 38 32 51 56 -35 47 -37 44 -31 -10 41 42 -23 54 45 -34 -47 49 -49 -11 -51 -20 53 -1 -27 -24 -33 -58 59 -18 -29 -25
right_child=1 -3 3 -5 5 -7 -8 8 39 10 13 12 -14 29 16 -17 58 18 19 -21 21 26 24 61 -26 43 -28 60 -30 30 -32 33 37 34 -36 36 -38 -39 -40 -41 -42 -43 -44 -45 -46 46 -48 48 -50 50 -52 -53 -54 -55 -56 -57 57 -59 -60 -61 -62 -63
leaf_value=-0.00074134681129294638 -0.0079111213609094535 -0.010069058262050026 0.0013546786828440409 -0.00060353507689931145 -0.00030033180955605211 0.0019438630203937617 0.00043190709332284439 0.00063160047991231991 -0.0001659658341455656 0.0013664504663530481 -6.6553950842411098e-06 -0.0011977185287365911 0.00012651679620776833 0.0049557589413256982 -0.00057130096262085917 -0.0012353175535537921 0.0019369728174763554 -0.00081014114667844229 -0.0038299809438326962 0.0036378134462201118 -0.0015311478036452804 -0.00034002735396082356 0.0038043764415597254 0.00064646037648677802 0.0021542460924119408 0.002110184598613609 -0.001589135446280053 -0.003751623457153035 0.00045445577719151615 0.00052723441032877954 0.0061105523836116026 0.0042616763501050993 -0.0032859824073840599 -0.0028197735235215332 0.00064405072359342635 0.0043123610097358994 -0.00010306764736696534 0.0020903194896018901 -0.0028826602674062668 -0.0012698457147901844 0.0033606350790527512 0.00015191671663635983 -0.0080832835320609215 0.0015970132047286709 -0.0021201512688555032 -0.0026940903401142728 0.00041470603951526165 0.0014142465456508876 -6.6797661989488797e-05 -0.00016584587812691631 0.00018053802903679613 0.0011841105422033952 -0.0022440078515998684 4.1695929389214141e-05 -0.0015582437852380035 -1.971159203111271e-05 -0.0018176219418803376 0.0035039222154810653 0.0040256899004605861 -0.00094966443593812438 -0.00084982463008067383 -1.8494923959892757e-05
leaf_weight=1428 106 74 104 593 138 266 41 77 1110 1214 2474 502 1259 275 142 435 62 1886 76 75 95 141 54 564 572 41 618 290 341 744 96 161 176 110 149 189 117 97 100 904 86 898 67 112 231 69 660 978 481 868 4405 640 86 1843 90 632 73 105 62 56 174 2240
leaf_count=1428 106 74 104 593 138 266 41 77 1110 1214 2474 502 1259 275 142 435 62 1886 76 75 95 141 54 564 572 41 618 290 341 744 96 161 176 110 149 189 117 97 100 904 86 898 67 112 231 69 660 978 481 868 4405 640 86 1843 90 632 73 105 62 56 174 2240
internal_value=8.39618e-05 -0.0031012 -0.00213018 -0.00045904 0.000175907 0.0045679 -0.00933544 0.000119309 -0.00173279 0.000251363 0.000444521 0.00122843 -0.000723192 -6.67642e-05 -0.000291138 -0.000465738 0.0033509 -0.00027024 -0.00079189 -0.0001892 -0.000317316 -0.00114515 0.00108202 0.000300687 0.00341541 -0.00400132 -0.00297593 -0.00178033 0.000981405 0.00261102 0.00116897 0.00136381 0.000346154 0.00467446 -9.25926e-05 0.00170241 0.00684039 -0.00147893 0.000118343 -0.00223325 -0.000167645 -0.000903342 -0.00669856 0.000922131 -0.00224274 -0.000910596 0.000844595 0.00150371 0.00357877 0.00103653 0.000507205 0.00348675 -0.0012433 -0.00100092 -0.00435606 0.000860832 0.00807143 0.00391061 0.00966851 0.00504202 -0.00591398 0.000641711
internal_weight=32752 918 844 697 31834 404 147 31430 2091 29339 25982 10256 2004 15726 14511 13848 663 13413 9681 7795 7720 5173 3732 2899 1258 745 2274 1656 483 1215 940 2547 1949 598 259 8252 306 1233 844 2014 1192 1106 208 243 1136 905 729 7946 1459 6487 5273 716 3357 3271 131 686 339 178 180 118 464 2804
internal_count=32752 918 844 697 31834 404 147 31430 2091 29339 25982 10256 2004 15726 14511 13848 663 13413 9681 7795 7720 5173 3732 2899 1258 745 2274 1656 483 1215 940 2547 1949 598 259 8252 306 1233 844 2014 1192 1106 208 243 1136 905 729 7946 1459 6487 5273 716 3357 3271 131 686 339 178 180 118 464 2804
cat_boundaries=0 1 2 3 4 5 6 7 8 9
cat_threshold=2048 3330 235 4628 1848 7424 2304 1232 1067
is_linear=0
shrinkage=0.05


Tree=80
num_leaves=63
num_cat=4
split_feature=0 8 22 21 13 24 14 11 8 13 39 11 10 30 8 10 13 4 7 4 7 17 39 31 4 31 30 16 14 1 41 10 13 15 27 33 31 31 11 7 5 23 13 33 17 21 8 41 39 41 0 4 31 16 11 6 17 12 22 14 6 14
split_gain=2.74564 3.96959 3.65124 3.51758 4.44893 3.3149 3.30346 3.11361 4.89509 3.85495 4.5096 4.47335 3.80021 3.67943 3.32401 3.12866 3.02188 3.05989 2.98549 2.91473 2.85765 2.79745 3.98539 5.107 6.68569 4.2439 3.56643 3.53772 2.71469 2.59001 2.58482 2.55527 2.52312 2.43641 2.66993 2.39428 2.39403 3.61895 2.44618 2.39694 2.77347 2.37146 2.72938 2.71835 2.41248 2.75758 2.35514 2.36765 2.21126 3.25417 2.18847 3.10782 2.48457 2.40113 2.2128 2.18579 2.14019 2.2957 2.12818 2.16814 2.12428 2.99634
threshold=-0.055245423491467875 0.016376077632875127 0.15415111938750475 3993.7500000000005 1.3452339285714288 0 -0.55961578793542244 46.500000000000007 0.25069387311555386 2.1728735632183915 1 1.5000000000000002 0.053955811208172839 0.65000000000000024 0.11758193343151795 -0.058253748613998006 0.29551770250931858 0.10536051565782635 7.7440253999133821 1.5410939703049495 7.9103460060708661 -0.044302598652266038 2 0.55000000000000016 0.28519746109512495 233.05000000000004 112.70000000000002 -0.11294610208482324 -0.78292737823625902 0.017822423001602864 107.92622950819673 0.1617719172441934 0.20052910052910056 -0.053634726326983399 18.500000000000004 38.750000000000007 35.750000000000007 3.4500000000000006 74.500000000000014 8.1530367428793671 8.4299186117885601 -0.20195280710789063 0.88888911111111113 37.150000000000013 -0.16001364660032716 2498.3350000000005 0.297170337253643 173.0601774042951 3 5.3984375000000009 0.42757790941917723 0.48486153785316471 87.600000000000009 -0.16093036681263703 12.500000000000002 5.9444662270324233 0.52365031561031039 38.500000000000007 0.31132436416093162 -0.36464311358790918 8.4731990704206961 0.020619287202735984
decision_type=2 10 10 10 2 1 2 2 10 2 1 2 2 2 10 2 2 2 2 2 2 2 1 2 2 2 2 2 2 2 2 2 2 2 2 2 2 2 2 2 2 8 2 2 2 10 10 2 1 2 2 2 2 2 2 2 2 2 10 2 2 2
left_child=1 -1 32 4 6 -6 50 8 9 10 18 -12 -11 20 16 -16 17 -13 -5 21 -10 22 23 31 26 -26 -25 41 -20 -9 -7 -8 -3 34 -29 48 37 38 -31 -39 -41 42 43 -24 -43 -46 -15 60 58 -50 51 -2 54 -52 -53 -34 57 -32 -4 -60 -48 -62
right_child=3 2 35 7 5 30 19 29 13 12 11 14 -14 46 15 -17 -18 -19 28 -21 -22 -23 27 24 25 -27 -28 33 -30 36 56 -33 55 -35 -36 -37 -38 39 -40 40 -42 44 -44 -45 45 -47 47 -49 49 -51 53 52 -54 -55 -56 -57 -58 -59 59 -61 61 -63
leaf_value=-0.0046025734670690826 -0.0002688742919712453 0.0015983395868030036 -0.0005329659890427168 0.0022428884256654766 0.002713885925574346 0.0016126082592699054 -0.00010278799864304738 0.00043757685489001751 0.0029522655788215653 0.0050958889074488745 0.0011653480013800212 1.6821460320959343e-05 -0.0022775666669340422 0.0041262024464970804 -0.0043712477994633419 -0.0013076950378457374 0.00011724882617702543 -0.00096558149817651997 -0.0030490691222957948 0.0069039121350012158 -0.0029502407958327797 -3.5226636296031324e-05 0.0017201775198798003 0.0018636211086213391 0.00040269385607949112 -0.0044548923894255589 0.0070964168603725357 -0.0006786932519325721 -0.0019360289054841237 0.00017197036695114077 0.002020118175215792 -0.0040420532108939857 -0.0026391211634356582 0.00071756925602587014 0.00021178657085894949 0.003630040738223156 -0.0013036697528995139 0.0027484225964564575 -0.0023740194630463562 -0.0034305287984061185 0.0017544395307791583 -8.0165108613289995e-05 -0.001705147667996854 -0.001001884105673296 -0.00087836315729235585 0.0017443777455179721 -0.00044745922672517134 -0.0042391538716520186 -0.0044601608632796599 -0.00051837919600340927 -0.0086099073972543804 0.0026643923774909706 -0.0011496185522498626 0.0016043417993534968 0.00056800570804206173 0.00029472984337105054 -0.0014976560055418569 -0.00039689745273297671 -0.0005364684260576847 0.0013874858949297808 0.00023395119043352933 0.0043092018975692155
leaf_weight=69 2033 203 114 46 213 467 273 808 42 62 206 53 48 107 94 346 385 54 67 51 206 9749 227 989 397 80 45 167 742 145 135 56 81 462 340 82 493 74 121 48 128 1059 66 40 238 41 97 46 100 806 124 87 81 43 85 8476 144 208 47 152 98 79
leaf_count=69 2033 203 114 46 213 467 273 808 42 62 206 53 48 107 94 346 385 54 67 51 206 9749 227 989 397 80 45 167 742 145 135 56 81 462 340 82 493 74 121 48 128 1059 66 40 238 41 97 46 100 806 124 87 81 43 85 8476 144 208 47 152 98 79
internal_value=0.000111108 0.000794591 0.000877062 -0.000196702 0.000120105 0.0031036 -8.81439e-05 -0.00143059 -0.00248291 -0.00367158 -0.00417503 -0.00204526 0.00540541 0.00122041 -0.00353698 -0.00668934 -0.000709939 -0.00810185 -0.00689954 0.000203067 -0.00361446 0.000159874 0.00119393 0.00297137 0.00421627 -0.000679916 0.00647343 -5.65824e-05 -0.00768519 0.000178768 0.00176166 -0.00265152 0.00124415 0.00234536 -4.92126e-05 -0.0015937 -0.0015099 0.000870406 -0.00318352 0.00517928 0.0019774 -0.00145036 0.00232036 0.0045709 -0.00238984 -0.00651786 0.00403037 0.00186916 -0.00215164 -0.00338059 -0.0017828 -0.00137735 0.00383858 -0.00729167 0.00722543 0.00111299 -0.000768443 0.00138081 0.00146605 0.004625 0.00363636 0.00688202
internal_weight=32625 10130 10061 22495 17900 1167 16733 4595 2778 2103 1993 1138 110 675 932 440 492 107 855 14280 248 14229 4480 1840 1511 477 1034 2640 809 1817 954 329 8760 969 507 1301 1009 516 266 250 176 1671 333 267 1338 279 427 320 1219 906 2453 2286 253 167 172 8557 487 343 313 199 274 177
internal_count=32625 10130 10061 22495 17900 1167 16733 4595 2778 2103 1993 1138 110 675 932 440 492 107 855 14280 248 14229 4480 1840 1511 477 1034 2640 809 1817 954 329 8760 969 507 1301 1009 516 266 250 176 1671 333 267 1338 279 427 320 1219 906 2453 2286 253 167 172 8557 487 343 313 199 274 177
cat_boundaries=0 1 2 3 4
cat_threshold=1 5192 4866 657
is_linear=0
shrinkage=0.05


Tree=81
num_leaves=63
num_cat=7
split_feature=10 39 3 20 39 6 42 30 30 6 5 11 15 4 39 6 31 3 17 33 30 6 42 31 13 40 7 17 18 8 29 14 38 8 11 6 23 23 24 20 9 39 6 6 31 7 9 31 5 3 9 3 2 5 8 38 42 13 8 6 10 11
split_gain=5.66968 6.49384 5.43003 5.28056 4.20703 4.10444 3.57263 4.21578 3.52681 3.50238 3.87944 3.61385 3.30707 3.29078 5.09593 6.40355 4.59055 3.26998 3.22844 3.20426 3.43959 3.66906 3.05114 3.52584 4.21289 3.93827 3.90505 3.42032 4.42988 3.24332 6.36512 3.11647 3.05294 3.54834 3.913 3.03475 2.97219 2.9597 2.95081 2.88681 2.87128 2.85578 2.85022 2.83176 3.10929 2.76896 3.80468 2.87401 2.87196 2.7626 2.74532 3.98054 2.74355 2.69136 2.66593 2.64216 2.64199 2.63005 2.98859 2.62776 2.62249 2.60701
threshold=-0.048070862040311184 0 -0.35223750795551728 -0.13804703027790957 1 9.2447168281078103 0.99230769230769245 1.0000000180025095e-35 194.45000000000002 6.6459721635737674 6.7186725854648151 63.500000000000007 0.21125388123254887 -0.35667494393873284 2 7.4682905009729401 0.65000000000000024 0.55267940380379044 -1.0871758934004203 33.028571428571439 29.050000000000008 7.8477763057357706 0.99230769230769245 209.65000000000001 1.5750028125100448 3.5000000000000004 6.7971779464679516 -0.01627375871561609 -2.5942086875037851 0.18380043510588562 1.0000000180025095e-35 -0.14310084364067308 3 0.20107029885622948 55.500000000000007 10.030719563352998 -2.6491586832740173 -2.6491586832740173 4 -0.05248386533281716 0.13581423052615452 5 9.4086332446902556 7.1661038254241536 64.850000000000009 9.0501918886875057 0.16187198098622993 1.0000000180025095e-35 8.3271401042289561 0.019811675312931602 0.097115027894571951 0.057392282470678964 0.100907171673863 7.8440441219656982 0.078750240657144713 6 0.90754985754985762 1.5047944010582353 0.21501941478956108 8.8463715418659827 0.021465933695467235 83.500000000000014
decision_type=2 1 2 10 1 2 2 2 2 2 2 2 2 2 1 2 2 2 2 2 2 2 2 2 2 2 2 2 10 10 2 2 1 10 2 2 10 10 1 10 10 1 2 2 2 2 10 2 2 2 10 2 2 2 10 1 2 2 8 2 2 2
left_child=1 2 38 18 5 9 19 -8 22 11 -11 -5 -13 14 15 36 37 61 -2 20 21 -4 23 24 35 -26 -25 28 -24 50 -31 49 42 34 41 -6 -3 -17 -1 -36 -23 -34 -28 44 -20 47 -47 -16 -49 -29 54 52 -52 -18 -30 -55 -19 58 -42 60 -45 -12
right_child=3 13 6 4 8 -7 7 -9 -10 10 17 12 -14 -15 45 16 53 56 43 -21 -22 40 27 26 25 -27 32 31 29 30 -32 -33 33 -35 39 -37 -38 -39 -40 -41 57 -43 -44 59 -46 46 -48 48 -50 -51 51 -53 -54 55 -56 -57 -58 -59 -60 -61 -62 -63
leaf_value=2.2658480637639118e-06 -0.015765673712296552 0.010349648438074045 -0.00054364853870806403 0.003423058016822507 -8.0868658713272783e-06 -0.008407361238191113 -0.0020388423908952007 0.00014979677781038205 0.002757524705540072 -0.002698124526543064 -0.00026188557521545427 0.00026974166129552007 -0.0024774016751008361 0.00018695009762385438 0.00035036006637195283 -3.6083538540476387e-05 0.0013381338613888197 -0.00011914993432847518 -0.0024622183427380063 0.001270142715016285 0.0014502786793829667 0.0016904368578330312 -0.0026209683114121296 -0.0051218104676012633 0.006753668667817206 -0.00015855628888637496 -0.00010349308432104736 -0.0017144903744635638 0.00048339408271524877 0.00072182836488755289 0.005679200149338582 0.00011784333212858327 -5.2119092929886958e-05 5.7286481617583461e-05 1.5189049984554767e-05 -0.00093308850077904876 0.0027742279517036315 -0.004560521821893925 0.0037895958888108598 -0.0031967450934123746 -0.00012979302686931763 -0.0028473014921231569 0.0021073319703092896 3.9270167699603053e-05 0.0078096950716019468 -0.0046722345023300091 0.0019635443482841717 -0.0010900964067610257 0.0013334879806895699 -0.00034168863736357586 0.0016924312308883487 -0.00060060314437876741 -0.0013878403082786775 -0.0036492130950770414 0.0016317302033323575 0.00011476197736867065 -0.0051444830053023281 -0.0015008017146825902 0.0023995790246245188 6.6712689175858113e-05 -0.0036735226416740757 4.5023290519006786e-05
leaf_weight=232 52 48 796 163 9548 74 215 465 40 93 3138 106 54 4008 216 81 379 150 82 899 704 187 51 44 118 98 1243 103 176 167 157 1571 378 368 54 87 193 112 942 220 187 159 74 64 41 77 41 1332 95 200 171 420 47 104 145 306 257 128 135 102 250 587
leaf_count=232 52 48 796 163 9548 74 215 465 40 93 3138 106 54 4008 216 81 379 150 82 899 704 187 51 44 118 98 1243 103 176 167 157 1571 378 368 54 87 193 112 942 220 187 159 74 64 41 77 41 1332 95 200 171 420 47 104 145 306 257 128 135 102 250 587
internal_value=-4.27677e-05 0.000828915 0.00222404 -0.000539491 -0.000403465 -0.00172674 0.00129136 -0.00198238 -1.11821e-05 -0.0015388 -0.00192262 0.00347222 -0.00186335 -0.000149936 -0.00140704 0.00107374 -0.000712106 -0.00169368 -0.00519426 0.00202502 0.000970533 -0.000435844 -4.96795e-05 -0.000405504 2.2838e-05 0.00691244 -0.00206612 0.0013244 0.00325843 0.00383567 0.00815385 -5.33333e-05 -0.00180216 -0.00363445 -0.00551108 -0.000132316 0.00836777 -0.00760309 0.00519149 -0.0103636 0.00239028 -0.00302045 -0.000131777 -0.00402778 0.00262097 -0.00311795 -0.0105042 -0.00260036 -0.00341387 -0.0046875 0.00236979 0.000469484 0.00593607 0.000981013 0.00613354 -0.00182482 -0.00594363 0.000221729 0.00263158 -0.0059952 -0.00825397 -0.00122786
internal_weight=32734 11882 4890 20852 20261 4622 3716 680 15639 4548 4225 323 160 6992 2984 1223 982 4132 591 3036 2137 1433 15599 12391 9851 216 2540 3208 1334 1283 324 1874 2496 1179 811 9635 241 193 1174 274 637 537 1317 539 123 1761 118 1643 1427 303 959 638 218 789 321 410 407 450 322 416 314 3725
internal_count=32734 11882 4890 20852 20261 4622 3716 680 15639 4548 4225 323 160 6992 2984 1223 982 4132 591 3036 2137 1433 15599 12391 9851 216 2540 3208 1334 1283 324 1874 2496 1179 811 9635 241 193 1174 274 637 537 1317 539 123 1761 118 1643 1427 303 959 638 218 789 321 410 407 450 322 416 314 3725
cat_boundaries=0 1 2 3 4 5 6 7
cat_threshold=4380 392 1600 10 2 1031 8
is_linear=0
shrinkage=0.05


Tree=82
num_leaves=63
num_cat=12
split_feature=35 35 27 37 36 37 36 10 27 3 39 25 7 2 39 41 39 30 12 16 30 10 25 21 25 7 21 19 18 26 3 2 36 22 1 16 8 1 25 26 39 3 21 27 26 30 39 2 39 27 18 3 41 21 26 6 16 2 2 30 39 25
split_gain=3.57196 7.41909 5.80966 4.84885 4.84765 3.74698 6.14365 3.71993 4.6647 3.66583 7.33621 7.56986 4.64813 4.55201 4.36182 4.29032 4.4136 6.08305 4.6075 3.95482 4.2865 3.77314 7.41223 3.69401 3.68794 5.83539 4.25778 4.17277 3.95087 3.77139 3.88458 3.63577 3.51797 3.51051 3.4675 3.724 3.42565 3.39457 3.32172 4.08371 4.01135 3.23331 3.36907 3.22366 4.99996 3.19274 3.19213 3.67318 3.17586 5.99039 3.13447 3.03761 3.02688 2.95238 2.84739 3.2769 2.9949 2.92969 2.81383 2.79021 4.58884 3.68665
threshold=0.61023414391008635 0.014421267812719728 4.5000000000000009 48.500000000000007 0.0085911961743241477 32.500000000000007 0.48946375658529101 0.19344148417277299 36.500000000000007 -0.0078126589515403726 0 1 7.9898542512088486 -0.48558135060057056 2 5.9145236703682071 3 49.050000000000004 44.500000000000007 0.31994293467000229 41.050000000000011 0.13186297537162875 4 3406.2500000000005 5 7.8095203664864785 536.25000000000011 -0.18814285606365361 0.28373913970054965 6.5000000000000009 0.11170435321649831 0.12921173148000656 1.6683535161047203 0.40551511060833112 0.0041984576232985136 -0.69314718055994495 0.11847632369629973 -0.12493721985586335 6 9.5000000000000018 7 0.51531675065147209 3204.0000000000005 26.500000000000004 49.500000000000007 30.450000000000006 8 0.018020307450759891 9 52.500000000000007 0.047286473653722086 -0.52712315915807506 2648.1093750000005 1249.7850000000001 7.5000000000000009 7.130921027046802 -0.3566749439387325 -0.068992871486951199 0.1467278802731036 38.350000000000001 10 11
decision_type=2 2 2 8 2 10 2 2 2 2 1 1 2 2 1 2 1 2 2 2 2 2 1 8 1 2 8 2 10 2 2 2 2 10 2 2 10 2 1 2 1 2 10 2 2 2 1 2 1 2 8 2 2 8 2 2 2 2 2 2 1 1
left_child=1 3 -3 54 9 6 31 8 -6 10 11 52 33 19 24 -14 17 18 -17 51 -21 -16 41 -19 27 26 -26 -11 -29 48 -31 -4 -8 58 35 -32 -30 -20 39 -15 -41 42 -23 -24 -45 -40 47 -47 49 53 -37 -12 -5 -28 -1 56 -56 -57 -13 60 -27 -62
right_child=-2 2 5 4 7 -7 32 -9 -10 14 13 12 15 38 21 16 -18 23 37 20 -22 22 43 -25 25 59 29 28 36 30 34 -33 -34 -35 -36 50 -38 -39 45 40 -42 -43 -44 44 -46 46 -48 -49 -50 -51 -52 -53 -54 -55 55 57 -58 -59 -60 -61 61 -63
leaf_value=0.0019220165415979006 -0.00074260807271091993 0.0061067887984661492 -0.00015824490906485024 0.00086755469753607359 0.004214326404974704 0.0022902494376949695 0.0024777171734981871 -0.00048569115297962247 4.3997377436591644e-05 0.0015343559635729806 0.011443116330390175 0.00017006597727575631 -0.0026758714740371457 -0.0027473779602927638 -3.7035373428644263e-05 0.001304454930376857 1.5791859563097158e-05 -0.0028396307870073921 -0.0044666065283663651 -0.0023612400457658257 0.0060407985169734614 -0.0012432968460961364 -0.00088845001891786352 0.0045357891344213856 -0.0031603201552350274 -0.002976481793472205 -0.00044650121388677523 -0.00063922895640100065 0.00044041280088107294 4.2619129321216577e-05 -0.00066648917644255765 -0.0020710359037065021 -0.00040589986610337038 -0.0031544092145421479 0.0014465840670203436 0.007202750627461502 -0.00047842861476063967 -0.0080704536731950206 -9.0227864133746345e-05 0.0012004220325847971 2.3913939937845347e-05 -0.0056369543557724788 -0.0039078036047576108 8.4790445490992572e-06 0.0058274535748575581 -0.00035182296222969849 0.0010120597898392572 0.001444041838466174 0.0021059269678425515 0.0042967445000716229 0.0030315053669177539 0.0023351247814387801 -0.0062277227224419376 -0.0070253684500853845 -0.0016051774714251803 0.00012385960251899456 -5.7705759911914878e-05 -0.0016524468882698623 -0.0017969773588693194 -0.00050376432729026691 0.00090524549667043725 1.2807318963841876e-06
leaf_weight=41 292 89 253 1294 115 191 114 52 76 238 222 1610 364 76 5277 69 656 76 188 146 41 807 909 81 60 477 50 1354 461 383 48 52 40 118 941 103 927 209 3517 2350 1145 190 189 1107 66 581 563 201 106 41 220 193 59 104 73 40 254 119 205 959 725 1227
leaf_count=41 292 89 253 1294 115 191 114 52 76 238 222 1610 364 76 5277 69 656 76 188 146 41 807 909 81 60 477 50 1354 461 383 48 52 40 118 941 103 927 209 3517 2350 1145 190 189 1107 66 581 563 201 106 41 220 193 59 104 73 40 254 119 205 959 725 1227
internal_value=3.51306e-05 8.4764e-05 0.00503378 -3.07532e-05 4.97161e-05 0.00337942 0.000923913 0.00706967 0.0102865 -5.65721e-06 0.000594343 -0.000956478 -0.00216058 0.00143986 -0.000499411 -0.00412105 -0.00275391 -0.00571767 -0.00867238 0.00563847 -0.000398936 -0.00129441 -0.00263077 0.00268987 0.000308239 0.00108158 0.00318425 -0.00110331 -0.00165877 0.00358037 0.00449587 -0.00318627 0.00903226 -0.000504137 0.00578827 0.00987903 0.000215983 -0.0107412 0.00114121 0.0022962 0.00255292 -0.00576441 -0.00466399 -0.000812231 0.000915673 0.000287297 0.00235884 0.000252207 -0.00157285 -0.00521845 0.0118056 0.00835337 0.00221774 -0.01 -0.0047822 -0.00585216 -0.00297256 -0.0117188 4.12996e-05 -0.000191797 0.000709877 0.00178299
internal_weight=32734 32442 739 31703 31176 650 459 243 191 30933 13964 4929 3576 9035 16969 1643 1279 623 466 602 187 8545 3268 157 8424 5444 2056 2980 2742 1996 1695 305 154 1933 1312 371 1388 397 8433 3571 3495 1186 996 2082 1173 4862 1345 782 301 195 323 415 1353 154 527 486 327 159 1815 3388 2429 1952
internal_count=32734 32442 739 31703 31176 650 459 243 191 30933 13964 4929 3576 9035 16969 1643 1279 623 466 602 187 8545 3268 157 8424 5444 2056 2980 2742 1996 1695 305 154 1933 1312 371 1388 397 8433 3571 3495 1186 996 2082 1173 4862 1345 782 301 195 323 415 1353 154 527 486 327 159 1815 3388 2429 1952
cat_boundaries=0 1 2 3 4 5 6 7 8 9 10 11 12
cat_threshold=3648 2580 3697 3072 1684 156 1204 4377 283 2080 1088 98
is_linear=0
shrinkage=0.05


Tree=83
num_leaves=63
num_cat=7
split_feature=12 2 39 25 11 27 26 27 7 25 7 7 36 35 4 27 41 30 12 16 19 44 2 36 4 41 30 35 19 41 26 25 9 18 14 19 4 12 38 3 44 41 20 2 19 4 27 39 30 6 20 21 1 12 1 41 25 30 20 0 4 20
split_gain=4.34839 5.4047 4.61328 6.67584 4.14969 4.13258 6.95182 10.1672 5.75661 4.0801 4.09022 4.03794 3.98891 4.23239 3.73566 3.73555 4.6126 5.86705 3.57233 3.57105 3.54588 3.52793 3.47987 3.89756 3.42695 3.80304 3.38291 3.33187 4.35887 3.29139 3.2212 3.16513 3.11297 3.0861 3.03492 3.02247 2.93503 2.91351 2.89361 3.12636 3.12693 2.86424 2.91146 2.85628 2.85016 3.98525 4.78121 4.30201 4.73693 3.94808 2.92951 2.84531 2.80975 2.77989 2.76078 2.75546 2.74964 2.73619 2.8742 2.73466 2.68182 2.6265
threshold=45.500000000000007 0.3829922522561065 0 1 21.500000000000004 35.500000000000007 24.500000000000004 23.500000000000004 6.936224538603958 2 9.5518438034995228 6.703854655643009 1.7361759986195575 0.0026632652206117794 -0.010363385768512588 45.500000000000007 16.403193894855857 1.3500000000000003 3.5000000000000004 -1.0032901441358022 0.045684917634652829 1.0000000180025095e-35 0.14092062658397178 0.0017416621958448719 -0.60613625811556371 688.93334173387109 1.0000000180025095e-35 0.36887795989554123 0.037849751546526443 60.507812500000007 17.500000000000004 3 0.21459532589739591 -0.055370526908610058 -0.036367644170874895 -0.13320128133416101 -1.221935703174448 14.500000000000002 4 0.14081005576610031 1.0000000180025095e-35 38.098466505246172 -0.057215995730029945 -0.087010922444381564 -0.025791658370585304 -0.035914212659486015 6.5000000000000009 5 8.2500000000000018 7.7681431868652053 0.0066183797972351648 8418.7500000000018 -0.11858273856620148 22.500000000000004 0.51546716611454324 29.785109289617491 6 1.0000000180025095e-35 0.0070666080562934381 0.40567836129921148 0.29849374591933625 0.046310433379891179
decision_type=2 2 1 1 2 2 2 2 2 1 2 2 2 2 2 2 2 2 2 2 2 2 2 2 2 2 2 2 2 2 2 1 10 8 2 2 2 2 1 2 2 2 10 2 2 2 2 1 2 2 10 10 2 2 2 2 1 2 10 2 2 10
left_child=2 36 3 5 18 6 8 19 30 10 14 21 13 22 -6 16 32 -18 -4 -8 -9 31 38 35 -13 29 -10 28 -15 41 -1 -5 -7 -16 55 53 -2 -28 39 40 -11 -26 -43 -42 -21 46 49 -47 -49 -46 -48 -40 -34 -24 -36 -17 -20 58 -31 -3 -61 -58
right_child=1 59 4 11 9 15 7 20 26 12 -12 24 -14 27 33 34 17 -19 56 44 -22 -23 23 -25 25 -27 37 -29 -30 57 -32 -33 52 -35 54 -37 -38 -39 51 -41 43 42 -44 -45 45 47 50 48 -50 -51 -52 -53 -54 -55 -56 -57 61 -59 -60 60 -62 -63
leaf_value=0.0065326099487868425 -0.0043557453768121339 -0.0015855796592317035 0.0040159877210097367 0.0059521827903556718 -0.00012155621468475081 0.0013210771268341226 -0.0018165981975205065 0.006141701100576733 0.0033338586920415472 -0.0014128325613668885 -0.0042559386074218098 0.0017392209714157893 -0.0027195605585874278 0.0049494848570092367 -0.0030725813158605526 7.3606310019637416e-05 -0.0041277861525865194 0.0022340768291277398 -0.0002836110132938212 0.0011315529168955862 0.001497909646680408 -0.0011745158289966152 -0.0009346211375762559 -0.0027323443535163931 -0.00033093023846433411 -0.0073715793901316037 -0.0012977850931567719 -0.0014142853216558664 -0.00017881789204278846 -0.0020418682113168248 0.011511912723180862 0.00072875891385441871 0.0038644460513947163 -0.00056213522500257946 0.00043376474218570602 -0.001001238902015628 -4.9978132823144676e-05 0.0016214084106432203 0.00018013149042563401 -0.0037028618223586629 -0.00049838431589976646 -0.0054238220321146851 -0.0015222233060399482 0.0015893079204701171 0.0074665880929665647 0.0034715511078286434 -0.0043452928014225912 -0.0033275131248736711 0.00080910109873774487 -0.0018442681643445502 -0.0010786752942475988 -0.0014957868662231408 -0.0038042422876890234 0.0030232030429243844 -0.0068861410450632571 0.0032480125698360861 0.00059858080617487233 0.00053581017525713938 0.00064124451669300697 0.00017474609967243205 -0.0074722947533459611 -0.0002440842790698946
leaf_weight=83 70 757 118 112 1362 69 177 198 159 214 72 428 42 97 197 198 228 84 285 489 81 94 60 50 1308 93 107 40 40 231 103 119 41 397 676 536 16951 346 2239 91 121 64 136 109 76 179 133 114 222 71 71 124 55 45 58 287 574 594 147 55 166 229
leaf_count=83 70 757 118 112 1362 69 177 198 159 214 72 428 42 97 197 198 228 84 285 489 81 94 60 50 1308 93 107 40 40 231 103 119 41 397 676 536 16951 346 2239 91 121 64 136 109 76 179 133 114 222 71 71 124 55 45 58 287 574 594 147 55 166 229
internal_value=-0.000105592 -0.000626389 0.000533256 0.0013838 -0.000389905 0.00268188 0.00393678 0.0022213 0.00782228 -0.000942265 -0.00274644 -0.00029967 2.61849e-05 0.000199097 -0.00232499 0.000766058 -0.00298117 -0.00654952 0.00227838 0.0006197 0.0109821 0.00498466 -0.000174095 -0.00335983 -0.000874417 -0.00156371 0.00546493 0.00772472 0.011413 -0.00118904 0.015508 0.00829741 0.00376506 -0.00563025 0.00223361 -0.00229751 -0.000418576 0.0032489 0.000586409 -0.00270147 -0.00101124 -0.00265076 -0.00820896 0.0030303 0.00149336 -0.000230681 -0.00433239 0.00256783 -0.000864553 0.00253378 -0.00926829 0.00133741 -0.00206186 0.00542453 0.000204082 0.00529835 0.00137741 0.00107914 -0.00224274 -0.00423902 -0.00912162 0.00285627
internal_weight=32672 17999 14673 7631 7042 4305 2609 1811 798 5836 2028 3326 3808 3766 1956 1696 477 312 1206 1532 279 325 3589 691 3001 2573 612 177 137 2480 186 231 165 594 1219 641 17021 453 2898 535 444 1508 200 230 1355 866 351 515 336 147 204 2363 96 105 734 485 1088 972 378 978 221 803
internal_count=32672 17999 14673 7631 7042 4305 2609 1811 798 5836 2028 3326 3808 3766 1956 1696 477 312 1206 1532 279 325 3589 691 3001 2573 612 177 137 2480 186 231 165 594 1219 641 17021 453 2898 535 444 1508 200 230 1355 866 351 515 336 147 204 2363 96 105 734 485 1088 972 378 978 221 803
cat_boundaries=0 1 2 3 4 5 6 7
cat_threshold=3864 2865 2309 1096 4 2560 1097
is_linear=0
shrinkage=0.05


Tree=84
num_leaves=63
num_cat=13
split_feature=10 0 1 33 39 23 0 10 19 23 41 13 25 35 37 27 27 21 20 10 39 3 13 9 7 3 12 39 17 39 25 39 13 21 10 25 36 9 39 7 39 39 26 33 25 1 30 18 7 25 19 15 44 10 20 6 41 15 41 18 20 20
split_gain=4.20725 4.1198 3.75661 3.17122 7.59073 3.78964 3.88078 3.62301 3.2757 3.09061 3.50182 3.03769 2.95196 4.69071 4.0677 4.49357 3.35089 2.8909 4.75267 3.78758 2.88446 4.9266 3.79346 4.16114 3.03518 2.93234 2.84535 2.81629 2.77608 3.52302 5.13568 4.48439 3.98249 3.51164 3.38231 3.6827 3.47242 3.17433 4.09741 3.12709 5.93434 5.24145 6.18924 5.08792 4.28544 4.07507 5.9587 3.77621 3.60071 3.65588 3.54225 3.5114 3.67657 3.35865 3.13454 4.31306 4.43092 3.29023 3.12477 3.11115 3.20989 3.72101
threshold=0.85614897613842278 0.52336608220123104 -0.74037805588429639 38.192857142857157 0 1.0000000180025095e-35 0.20067069546215158 0.073279557331623849 0.2358734843802098 -1.1004206089032036 2.5803225806451615 1.2333341666666671 1 0.0036495602238562873 45.500000000000007 6.5000000000000009 12.500000000000002 4756.1750000000011 0.027251471100152285 -0.15288878045271168 2 0.40902905848532761 0.88021336358234759 0.10158086405796482 8.1188061827027092 -0.31193346309323106 24.500000000000004 3 0.24011944687803685 4 5 6 0.76470847751628346 3199.3900000000008 0.16468661873663717 7 2.110282770080343e-05 0.22529673791557275 8 8.2495681805982013 9 10 45.500000000000007 27.350000000000005 11 0.0084387776961873957 77.750000000000014 -0.16277402613420011 6.6080650556943059 12 -0.12377628224284726 -0.19671029424605443 0.18333333333333338 0.41952984713070368 0.00086819194978547079 6.7939639423100342 241.03746300780202 0.43300604971879625 2.9674775251189849 0.97138364676565481 -0.07001495472107834 0.029198589041109401
decision_type=2 2 2 2 1 10 2 2 2 10 2 2 1 2 8 2 2 8 10 2 1 2 2 10 2 2 2 1 2 1 1 1 2 10 2 1 2 10 1 2 1 1 2 2 1 2 2 10 2 1 2 2 2 2 10 2 2 2 2 8 10 10
left_child=2 -2 27 5 11 28 12 9 26 17 -11 -5 14 20 15 -7 -17 -6 19 -19 21 22 23 -14 -24 -22 -8 -1 39 34 31 33 -33 -31 35 58 -36 -32 -39 41 53 42 43 47 -45 -46 50 -4 -43 -50 -47 -44 -53 -41 55 -51 -57 -58 -30 60 -34 -62
right_child=1 -3 3 4 7 6 8 -9 -10 10 -12 -13 13 -15 -16 16 -18 18 -20 -21 25 -23 24 -25 -26 -27 -28 -29 29 30 37 32 59 -35 36 -37 -38 38 -40 40 -42 48 51 44 45 46 -48 -49 49 54 -52 52 -54 -55 -56 56 57 -59 -60 -61 61 -63
leaf_value=-0.00050212032473295439 -0.00083652983197647916 -0.027740940935067616 0.0031054061820459684 0.0017075146352745604 -0.003647045876537277 0.0014043733553697282 -0.0041592033004073372 -0.00058257335815372138 0.0024052845493826333 -0.00065556460420685683 0.00092451748235456821 0.0081278852499842638 -0.0035125209876192896 0.0015019514752599721 0.00015349745102843286 -0.0041055519126456689 -0.00054281560739157994 0.0020782766852521979 0.0045657537746083944 -0.00051662435005040601 0.0013157666496773192 0.0020683633942211147 -0.0026221874831235865 -0.00017959072832545743 -0.0053694486975832253 -0.00020565648420064827 -0.0010596807128268489 0.0078466215240775815 0.00552859858922225 0.00011720122775872059 -0.0013946756131573495 -0.00033351043056106621 0.0066479309169620998 0.0044343900093461504 -0.0022465232372134501 0.000358634523742967 0.0014706384010545676 0.00071401597282626803 -0.0016679871974115421 0.00010746949743770389 -0.00099773027210778992 0.0015636470937649173 0.00040905594859056153 -0.0018333515861276867 0.00076768183140933535 0.0017593601017533607 0.0038443704514074446 0.00050587087377329477 0.00011073647830777962 -0.0016420428900634318 -0.00074151184440562001 0.004493783697789599 -4.3209193828274407e-05 -0.0046322016460114412 -0.00050967875979774052 -8.6737557913721657e-05 0.0011974840319521249 -0.00094193616693128183 -0.0001177652288451192 -0.00044373492619196193 -0.00029391706927129805 0.0033364366204247115
leaf_weight=124 66 55 293 476 40 46 310 695 60 142 924 99 72 103 3856 55 116 76 57 228 306 66 312 509 66 2508 655 232 41 146 1387 799 48 110 270 1276 61 509 472 2761 785 445 247 356 1227 148 81 302 2878 183 957 251 62 69 1512 822 498 47 892 254 194 126
leaf_count=124 66 55 293 476 40 46 310 695 60 142 924 99 72 103 3856 55 116 76 57 228 306 66 312 509 66 2508 655 232 41 146 1387 799 48 110 270 1276 61 509 472 2761 785 445 247 356 1227 148 81 302 2878 183 957 251 62 69 1512 822 498 47 892 254 194 126
internal_value=4.6545e-05 -0.00922131 8.11813e-05 2.47778e-05 0.00165267 -0.000126058 -0.000978874 0.000276116 -0.00387427 0.00168597 0.00309278 0.00669795 -0.000608159 -0.00158108 0.00033668 -0.00630734 -0.0100291 -0.00205224 -0.000621547 -0.00311475 -0.00186849 -0.00412645 -0.00507813 -0.00253436 -0.00897098 -0.00102655 -0.00458075 0.00518207 0.000249878 -0.000595961 -0.00151011 0.000607227 -0.000506285 0.00655431 0.000862407 0.0015724 -0.00384036 -0.00300546 -0.000840122 0.00064991 -0.000615321 0.0010936 0.00252859 0.00172363 0.0008213 0.00157797 -0.000505476 0.00591443 0.000207161 -0.000117825 -0.00146926 0.0073975 0.0109076 0.000457585 -0.00131793 0.000257898 0.00122442 0.00471612 -0.000820975 0.00248796 0.00542005 0.00358255
internal_weight=32763 121 32642 32286 2737 29549 9040 2162 1025 1467 1066 575 8015 3942 4073 217 171 401 361 304 3839 1025 959 581 378 2814 965 356 20509 6585 4045 1677 1421 256 2540 2209 331 2368 981 13924 3615 10309 3924 3364 2769 2413 1186 595 6385 5940 1105 560 313 2830 3062 1550 1367 545 933 622 368 320
internal_count=32763 121 32642 32286 2737 29549 9040 2162 1025 1467 1066 575 8015 3942 4073 217 171 401 361 304 3839 1025 959 581 378 2814 965 356 20509 6585 4045 1677 1421 256 2540 2209 331 2368 981 13924 3615 10309 3924 3364 2769 2413 1186 595 6385 5940 1105 560 313 2830 3062 1550 1367 545 933 622 368 320
cat_boundaries=0 1 2 3 4 5 6 7 8 9 10 11 12 13
cat_threshold=2304 2885 3136 2208 62 2326 512 2311 7169 617 5680 192 230
is_linear=0
shrinkage=0.05


Tree=85
num_leaves=63
num_cat=8
split_feature=1 25 39 39 18 22 27 25 36 33 25 11 39 27 3 10 7 27 31 23 8 35 35 23 37 26 12 7 7 9 21 33 3 18 21 26 44 22 18 33 21 39 31 26 10 23 21 11 44 39 9 42 23 7 17 9 22 12 27 7 22 37
split_gain=4.27727 4.4718 4.46434 4.18559 3.74645 4.74013 3.69898 4.27388 3.46548 3.41013 3.29551 4.14447 4.08901 5.87522 5.03818 4.51289 3.97187 4.15648 4.96811 3.94593 3.91801 4.39882 5.91152 4.20455 4.76363 5.80214 3.73501 4.515 3.65191 3.59121 3.58339 3.48938 3.46792 3.77347 3.41854 4.63165 3.34903 3.47253 3.34794 3.17593 3.38528 3.14014 5.41319 4.04276 3.59576 3.1878 3.6788 3.1355 3.12267 4.35124 5.19361 4.32692 3.64845 3.58553 4.24349 3.3057 4.13696 3.09623 3.57761 3.06198 3.56623 3.0522
threshold=0.23405841674129937 0 1 2 -0.85185708100384949 -0.32398680725996859 38.500000000000007 3 1.7361759986195575 27.178571428571434 4 62.500000000000007 5 20.500000000000004 -0.25489224962878904 -0.20396696609356099 8.2730406286809401 58.500000000000007 0.55000000000000016 -0.55952308411990237 0.21324098145436629 0.0026632652206117794 0.00010688948226657409 0.58808037531210955 35.500000000000007 24.500000000000004 78.500000000000014 9.1856984769641077 9.0302920362670847 0.16493588082282032 1344.0350000000001 30.650000000000002 0.47660447271150513 0.49983585647337553 5480.0000000000009 3.5000000000000004 0.29285714285714287 -0.14924963639285599 -1.4584805407778101 30.492857142857147 7412.5000000000009 6 19.900000000000006 48.500000000000007 -0.0069690481891386815 0.10295693366520321 1700.0350000000001 32.500000000000007 1.0000000180025095e-35 7 0.25616669218450866 0.95199692780337952 -0.26812713152334461 7.4313057010427697 0.5525676404096268 0.12843584078802428 0.039274173429554339 25.500000000000004 23.500000000000004 7.5699780036358293 0.053897588467410759 22.500000000000004
decision_type=2 1 1 1 10 8 2 1 2 2 1 2 1 2 2 2 2 2 2 8 8 2 2 10 10 2 2 2 2 10 10 2 2 10 8 2 2 10 10 2 8 1 2 2 2 10 10 2 2 1 10 2 10 2 2 10 10 2 2 2 10 8
left_child=8 2 -2 6 5 -5 7 59 10 -7 20 12 15 14 -14 29 17 18 30 -20 21 22 28 24 25 -23 27 61 32 -12 -15 41 48 -34 35 -28 37 -22 -18 -30 -41 42 -21 44 -44 46 -43 -33 49 53 52 -50 -51 54 -1 -53 -57 58 -52 -3 -61 -17
right_child=1 3 -4 4 -6 9 -8 -9 -10 -11 11 -13 13 16 -16 26 38 -19 19 31 36 23 -24 -25 -26 -27 34 -29 39 -31 -32 47 33 -35 -36 -37 -38 -39 -40 40 -42 45 43 -45 -46 -47 -48 -49 51 50 57 55 -54 -55 -56 56 -58 -59 -60 60 -62 -63
leaf_value=-2.7489916303819445e-05 -0.0029960181338637829 0.003081790025675742 -0.00035474780850474437 0.0045221686055744899 0.00070533484198759863 0.0021234430385203228 -0.0036363532037541066 -0.0038024266124344792 -0.0019342836281772561 -0.0031353548339368752 1.9012609911278926e-06 7.7998904197654976e-05 -6.4067033427995393e-05 9.3380324548804895e-05 -0.0024370395682990946 -0.0012100732976256523 0.001472084079173992 -0.0011892111122118508 0.0038525044941644646 -0.002667519114387167 0.0017865366625069768 0.0016319467595931046 -0.0022867812947783175 -0.00092918890066307912 0.0061591405112493437 -0.00024322119944842347 0.0032068888097401479 0.00080814463486229544 3.1183585072109266e-05 0.0035643154231343645 -0.0034676979147390272 0.0057799735854564063 0.00032955859379578742 0.0045572448943712908 -4.1877703229063352e-05 0.0003478457998709903 -0.0010831977866035513 6.24866138837811e-05 -0.0019614559539370656 0.00053703364941955916 -0.0020451454920257105 -0.00019589064446043608 0.0055157005613278853 0.0052798134011277607 -0.00043529651943692956 0.0010624551352166802 -0.0067463440562797799 0.00017143453659412193 3.5786855285404524e-05 0.00048695020857744757 -0.0017553520073641333 0.0015741757179582587 -4.1261136196247412e-05 -0.0026976738853699074 -0.0020385427395477372 0.0016903656606979964 -0.0019767639200001129 -0.0037453226163448486 0.0030240286346593904 0.0013185249662606279 -0.0061160253537174969 -0.00026291264717389989
leaf_weight=1288 763 163 624 55 1423 61 386 148 103 284 256 4656 345 127 739 91 68 1023 149 108 2421 163 90 46 106 213 46 274 290 296 116 83 204 126 873 700 267 1217 545 43 300 401 110 112 140 190 85 68 2562 1562 69 224 2303 307 253 260 50 178 47 64 42 2468
leaf_count=1288 763 163 624 55 1423 61 386 148 103 284 256 4656 345 127 739 91 68 1023 149 108 2421 163 90 46 106 213 46 274 290 296 116 83 204 126 873 700 267 1217 545 43 300 401 110 112 140 190 85 68 2562 1562 69 224 2303 307 253 260 50 178 47 64 42 2468
internal_value=3.05111e-06 -0.00152591 -0.00380901 -0.000303375 0.00102236 -0.0032419 -0.00328624 -5.98086e-05 0.000216431 -0.00541908 0.000249485 -0.00029652 -0.000900255 -0.00200792 -0.00520737 7.97607e-05 -0.000969633 -0.000147438 0.00137574 0.00248791 0.000775685 0.000280767 4.92271e-05 0.0047259 0.00610766 0.00344828 -0.000449135 -0.00154375 0.000163902 0.00433996 -0.00522541 0.00159861 0.000410748 0.00543807 0.00146605 0.00394913 0.00213134 0.00252817 -0.00460098 -0.00350946 -0.00675872 0.00065388 0.0037422 0.00674931 0.00318725 -0.00152838 -0.0036961 0.00871711 0.000227922 -0.000436917 0.000461631 0.0015176 0.000950595 -0.00244755 -0.00147536 0.00560748 0.0022508 -0.0059322 0.00042735 0.00366071 -0.00280374 -0.00219727
internal_weight=32774 4013 1387 2626 1823 400 803 417 28761 345 28658 14069 9413 4409 1084 5004 3325 2712 1689 1446 14589 10684 10156 528 482 376 4452 2833 10066 552 243 1297 9433 330 1619 746 3905 3638 613 633 343 1146 470 362 250 676 486 151 9103 6007 4159 3096 3865 1848 1541 534 310 294 116 269 106 2559
internal_count=32774 4013 1387 2626 1823 400 803 417 28761 345 28658 14069 9413 4409 1084 5004 3325 2712 1689 1446 14589 10684 10156 528 482 376 4452 2833 10066 552 243 1297 9433 330 1619 746 3905 3638 613 633 343 1146 470 362 250 676 486 151 9103 6007 4159 3096 3865 1848 1541 534 310 294 116 269 106 2559
cat_boundaries=0 1 2 3 4 5 6 7 8
cat_threshold=1670 5416 2720 2104 822 4127 1536 2434
is_linear=0
shrinkage=0.05


Tree=86
num_leaves=63
num_cat=6
split_feature=1 15 27 35 12 38 3 7 25 13 20 19 42 21 25 10 7 17 41 25 3 44 14 21 21 21 17 3 33 27 2 33 41 25 41 29 21 33 14 30 21 27 5 10 30 41 16 12 25 4 20 6 4 27 19 4 13 16 26 12 20 4
split_gain=4.31617 3.80429 3.34586 4.56474 3.14361 3.28531 3.27795 2.87787 4.06865 2.81668 4.18539 5.60479 4.20744 3.25543 3.85247 3.14414 3.82181 3.51722 3.42106 3.31214 5.77508 4.00983 3.60445 3.42984 3.31433 3.59737 3.89024 3.80273 3.55791 3.16026 2.8928 3.31223 2.85667 2.76614 3.33767 2.76167 2.86428 2.66063 2.60052 2.58671 2.57815 3.10204 2.58558 2.57789 2.57423 2.56845 2.53318 2.65325 3.01185 2.86264 2.85896 3.76076 2.56973 4.06385 2.74292 3.09697 2.51866 2.47363 2.4676 2.45486 2.63389 3.37748
threshold=0.0064768870366465068 -3.780465732499048 6.5000000000000009 0.66033599379996555 45.500000000000007 0 -0.54851587313755334 9.2847827722529939 1 1.2333341666666671 0.072872525957385234 0.0075257511184161343 0.83621460506706424 3701.1400000000008 2 0.0031360396130444283 6.7217636430196466 0.135862684472037 7796.7717079741387 3 0.66497630359324911 0.18333333333333338 -0.69314718055994529 15050.000000000002 1062.3200000000004 3600.8350000000005 0.13141189318420368 0.51531675065147209 34.778571428571432 57.500000000000007 -0.042818773380564938 26.835714285714285 2278.044484126985 4 6.6338797814207657 1.0000000180025095e-35 1212.0000000000002 30.421428571428574 -4.2832392923793288 76.850000000000023 4204.1650000000009 28.500000000000004 6.7577004016519684 0.13433719236282785 15.150000000000004 178.2881659836066 -0.85012692034221116 13.500000000000002 5 0.51082598090872156 0.035667201286290827 7.6325855458405893 -0.27756556010686267 30.500000000000004 0.026944778720627397 -0.18232155679395443 0.41835034013605449 -0.19826996504639857 32.500000000000007 34.500000000000007 0.004299672513031305 0.20544540278419679
decision_type=2 2 2 2 2 1 2 2 1 2 10 2 2 10 1 2 2 2 2 1 2 2 2 10 8 10 2 2 2 2 2 2 2 1 2 2 8 2 2 2 8 2 2 2 2 2 2 2 1 2 10 2 2 2 2 2 2 2 2 2 10 2
left_child=1 38 -3 4 5 -4 35 -6 -9 15 11 12 -11 -14 -15 16 17 58 19 21 23 22 37 40 -24 26 29 28 -28 -26 31 -18 -32 -12 -35 -7 -37 -17 -1 46 -21 -42 -43 -39 -20 -23 -8 50 -49 -50 52 -52 53 -48 55 -54 -25 -34 -2 60 -13 -62
right_child=9 2 3 -5 7 6 39 8 -10 10 33 59 13 14 -16 18 30 -19 44 20 -22 45 24 56 25 -27 27 -29 -30 -31 32 -33 57 34 -36 36 -38 43 -40 -41 41 42 -44 -45 -46 -47 47 48 49 -51 51 -53 54 -55 -56 -57 -58 -59 -60 -61 61 -63
leaf_value=0.0018423093385249751 0.0026306218448807778 0.00029497517581384536 0.00030483690016022382 -0.0020450410756248133 -4.5709118103173494e-05 0.0048024071253759022 -0.0015956339659823661 -0.00021659549389596762 0.0011989152000405321 -0.0046827523383739548 0.0037338772332762395 0.0016081799859550808 0.0019145577700123908 0.0014830359976832849 -0.001495805316373584 -0.0031602080006835724 0.0019074076875586642 0.0071232568714202681 0.0021986082910507372 -0.00021826114241714769 -0.0044739442238568572 -0.00075803726748017368 0.0019439463233225371 -0.00018909912083989248 0.00069842696873517957 0.0015002571591334975 -0.0019207428500304686 0.0021314276700445697 0.00092058843359486353 -0.0013781762016567452 0.00029333004911704291 -0.00061453203493944608 -0.0017350022234027805 -0.0075758316663572861 0.0015907695952352635 -0.0058695510693789008 0.0034274137425649334 -0.0026478442349208361 0.0057188963925190843 -0.0022472437545465189 -0.0014013403109012291 -0.0036896477541515354 -0.00025710128222453669 0.0021313396757740811 -3.7041971284602904e-05 -0.006207179172443694 -0.0040644923969639828 0.0014617372633764847 0.00013049893769506067 -0.0025124992698892998 -0.0010470818088683196 0.0028784143069922673 0.0016187188479462177 -0.00041968867919059622 0.00064964003242541808 -0.0021369044025240798 0.0025787566838903937 6.2469495629473939e-06 -0.003108334353911195 -0.001711935122990331 -0.0028342013430925541 0.0010501209286488378
leaf_weight=73 77 2468 3560 117 8143 120 268 132 216 49 242 151 534 138 172 110 157 99 64 3761 381 359 170 75 536 434 390 58 73 143 1744 1321 52 44 173 44 110 40 64 148 1194 76 1466 78 54 41 158 328 920 92 88 96 41 210 124 90 83 74 49 444 70 42
leaf_count=73 77 2468 3560 117 8143 120 268 132 216 49 242 151 534 138 172 110 157 99 64 3761 381 359 170 75 536 434 390 58 73 143 1744 1321 52 44 173 44 110 40 64 148 1194 76 1466 78 54 41 158 328 920 92 88 96 41 210 124 90 83 74 49 444 70 42
internal_value=7.46291e-05 0.000607575 0.000542234 0.000261562 0.000339177 0.00117615 -9.6559e-05 -0.000291451 0.00415473 -0.000542086 0.00117718 -3.12305e-05 0.00260067 0.00343195 -0.000643087 -0.00081117 0.000454673 0.00674779 -0.00128299 -0.00138874 -0.00193699 0.000204666 0.00110674 -0.0015963 0.00185596 0.00116208 -0.000249792 -0.00349617 -0.00501078 0.00224265 2.98597e-05 -0.00162272 0.00133618 0.00538043 0.000986842 0.00509091 0.000645161 -0.00480349 0.00887681 -0.000653276 -0.00177362 -0.00294118 -0.0014582 0.000420168 0.00714286 -0.00436409 -0.000258692 0.000314246 0.00167785 0.000293255 -0.00194926 0.00351351 -0.00356571 -0.00623306 0.000292969 -0.00473485 0.00566038 -0.00590551 0.0011811 -0.00335452 0.000473485 -0.00530973
internal_weight=32828 17610 17473 15005 14888 6397 2837 8491 348 15218 2059 1600 893 844 310 13159 3573 225 9586 9468 7036 2432 2032 6655 1804 1634 1200 521 463 679 3348 1478 1870 459 217 274 154 228 137 2563 6497 2736 1542 118 118 400 2415 2147 1340 1012 807 184 623 368 255 131 158 126 126 707 263 112
internal_count=32828 17610 17473 15005 14888 6397 2837 8491 348 15218 2059 1600 893 844 310 13159 3573 225 9586 9468 7036 2432 2032 6655 1804 1634 1200 521 463 679 3348 1478 1870 459 217 274 154 228 137 2563 6497 2736 1542 118 118 400 2415 2147 1340 1012 807 184 623 368 255 131 158 126 126 707 263 112
cat_boundaries=0 1 2 3 4 5 6
cat_threshold=3 2370 2377 2082 3188 336
is_linear=0
shrinkage=0.05


Tree=87
num_leaves=63
num_cat=13
split_feature=0 33 31 39 36 23 8 39 41 25 10 9 19 42 24 25 20 41 39 10 31 21 33 41 26 26 39 39 12 41 44 31 22 25 20 12 42 20 18 25 39 19 5 42 9 31 6 18 33 31 20 5 10 1 19 41 1 12 35 39 25 9
split_gain=3.78268 3.21679 3.15074 5.50639 2.83952 2.64216 2.53252 4.8646 4.02633 3.61519 3.373 3.64828 3.56347 2.74221 2.38001 3.6365 2.79158 3.01546 2.4344 2.39056 2.36393 2.3535 2.33822 2.26305 3.27381 6.37741 6.03594 3.6097 4.16604 3.55337 3.25032 4.62353 4.20617 3.51066 3.40952 4.28713 4.41506 3.68381 3.31827 3.30079 4.3447 3.73329 3.16245 3.13846 2.73052 2.71198 2.91584 2.50616 2.48327 2.45352 2.44789 2.43044 2.40592 2.39981 2.36744 2.35916 2.34739 2.28917 3.91793 3.11624 6.26192 4.15666
threshold=0.23511913995164904 37.564285714285724 0.55000000000000016 0 1.7361759986195575 -3.6154404259036665 0.029464010754302754 1 166.67439516129033 2 0.11936686863956637 0.057703251655845375 -0.0094767185769213929 0.98229949874686728 3 4 0.065820885867465387 3.1053588516746413 5 0.13433719236282785 1.2500000000000002 2025.1050000000002 39.642857142857153 4.5042134023583555 51.500000000000007 49.500000000000007 6 7 41.500000000000007 59.236707470182061 0.18333333333333338 0.45000000000000007 -0.78746964357150795 8 0.072872525957385234 65.500000000000014 0.95275297619047628 0.14529738406451315 -0.68766112306308258 9 10 0.12247743780817331 7.8440441219656982 0.89915254237288156 0.15803142060865621 6.450000000000002 7.6169107076189952 -0.73325227162905005 36.164285714285718 83.65000000000002 -0.021896336005449199 8.1690237521093003 0.18974745427843456 -0.28292037093054651 0.042151945899806788 2.4550505050505054 -1.0000000180025095e-35 45.500000000000007 0.66033599379996555 11 12 0.035256407133271994
decision_type=2 2 2 1 2 8 10 1 2 1 2 10 2 2 1 1 10 2 1 2 2 10 2 2 2 2 1 1 2 2 2 2 8 1 10 2 2 10 8 1 1 2 2 2 10 2 2 8 2 2 10 2 2 2 2 2 2 2 2 1 1 10
left_child=4 2 3 -2 5 -1 7 8 13 -9 11 12 -11 -7 15 19 20 -18 -17 -4 -16 22 -3 30 25 57 -27 28 -26 -29 32 38 48 34 42 52 37 -37 -32 40 56 -41 45 51 -31 46 -34 -42 -8 50 -28 -44 -36 -35 -47 -49 -33 58 -25 60 -59 -61
right_child=1 21 14 -5 -6 6 23 9 -10 10 -12 -13 -14 -15 16 18 17 -19 -20 -21 -22 -23 -24 24 27 26 49 29 -30 44 31 39 33 53 35 36 -38 -39 -40 41 47 -43 43 -45 -46 54 -48 55 -50 -51 -52 -53 -54 -55 -56 -57 -58 59 -60 61 -62 -63
leaf_value=0.0011639492514693346 0.00048980725840826612 0.0026366417325870005 0.00082602975507601629 -0.0056646627203725472 -0.0014536683344200734 -0.00099285125401804455 0.0044383597382464486 -6.25697035083248e-05 0.00054470823953147362 -1.3487663765556755e-05 0.00063185833465929898 -0.00015517848166094774 9.9744624528901006e-05 -0.0019753996878513016 0.0012050919736431175 0.0018788043521264699 -0.0054455852862880039 0.00077621699710779318 7.504560810195098e-05 -0.0038205072219286082 -0.0021077230806519436 -0.0010189213687064678 -0.0027364502341563875 0.00020266322657073335 0.0029478049204770007 0.0041996593389691866 -0.0013517933020229453 -0.0047209950779799059 -0.0012734232144107679 -0.0023781570425337613 0.00068967322980712171 0.0054165295540703146 -0.0018067029030441482 0.00036283635250381407 -0.0026894412914091415 0.0015914326899090282 0.002760569135876668 -0.00557772519503099 -0.0029694850952787866 0.0013017217145299066 0.00026849459707215439 -0.0012895888737131976 -0.0039122447049647546 0.00046747713484391506 0.00094938360020372931 0.0045911779219507945 0.00096847333259526477 -0.0030858318320559292 -0.0014640316405895666 -0.0012740260816410675 0.00064039746882267818 -0.00059583141127278038 0.00023811259897305698 -0.0013143960256081257 0.0022123553523851975 0.00035649997179088569 0.00064538349498202447 0.0013233880105047637 -0.0032709482252434477 0.0024430394778033773 -6.8256233567834756e-05 -8.9099422568152123e-05
leaf_weight=135 123 181 156 260 106 268 186 490 60 157 83 239 191 42 71 224 73 330 285 234 943 135 40 9817 55 373 41 99 69 74 72 46 80 210 265 61 73 65 177 751 96 105 58 585 51 107 77 144 77 47 146 267 71 1456 68 51 63 903 68 53 1272 9690
leaf_count=135 123 181 156 260 106 268 186 490 60 157 83 239 191 42 71 224 73 330 285 234 943 135 40 9817 55 373 41 99 69 74 72 46 80 210 265 61 73 65 177 751 96 105 58 585 51 107 77 144 77 47 146 267 71 1456 68 51 63 903 68 53 1272 9690
internal_value=1.44835e-05 -0.00166067 -0.00225 -0.00644531 0.000186611 0.000215961 0.000183898 -0.00179621 -0.00669291 -0.000170794 0.00220264 0.000892857 0.00415473 -0.00916399 -0.00155373 0.000467033 -0.00281863 0.000680693 0.00322115 -0.00311721 -0.00423645 0.00280112 0.00596847 0.000292277 0.000507492 0.000582303 0.00563322 -0.00429799 0.00259259 -0.00787234 -0.000647544 0.00131142 -0.00144322 -0.00190912 -0.000349553 -0.0036847 0.002125 -0.00354331 -0.0049 0.00254574 -0.00121655 0.00426759 0.00108608 -0.000439078 -0.00257937 0.00525526 0.000474684 -0.00438742 0.00464015 -0.000816327 0.00172872 -0.00437117 -0.00712166 -0.003548 0.00951705 -0.00778061 0.006875 0.000441433 0.00100394 -2.51699e-05 0.00168115 -0.000407525
internal_weight=32795 3055 2699 383 29740 29634 29499 1530 370 1160 670 587 348 310 2316 899 1417 403 509 390 1014 356 221 27969 22758 22410 607 348 124 224 5211 1505 3706 3443 1777 535 199 126 249 1256 400 856 1242 910 125 332 157 291 263 234 187 325 336 1666 175 195 109 21803 9885 11918 2175 9743
internal_count=32795 3055 2699 383 29740 29634 29499 1530 370 1160 670 587 348 310 2316 899 1417 403 509 390 1014 356 221 27969 22758 22410 607 348 124 224 5211 1505 3706 3443 1777 535 199 126 249 1256 400 856 1242 910 125 332 157 291 263 234 187 325 336 1666 175 195 109 21803 9885 11918 2175 9743
cat_boundaries=0 1 2 3 4 5 6 7 8 9 10 11 12 13
cat_threshold=651 5388 3393 9 1692 6360 7938 4634 3634 1346 1448 4241 3141
is_linear=0
shrinkage=0.05


Tree=88
num_leaves=63
num_cat=9
split_feature=22 39 33 39 14 25 6 33 3 31 41 41 31 44 25 41 5 8 31 39 33 35 5 25 39 39 29 30 11 25 15 35 35 35 22 5 41 41 12 30 33 44 11 35 11 30 33 6 9 6 20 41 11 4 36 0 18 14 11 12 42 5
split_gain=3.14059 3.67904 3.84381 5.67563 3.6462 3.27822 4.36538 5.74911 3.77759 3.42074 3.30604 4.0376 4.94193 3.01699 2.929 3.26511 2.87957 2.84431 2.6659 5.95967 5.18503 4.85463 4.82914 4.15992 6.84769 5.4279 3.68759 7.15103 4.00874 3.64401 3.63699 3.52708 4.87581 6.14389 4.86498 4.79126 4.28819 3.82425 3.48715 3.46535 3.43406 3.33712 3.27312 3.45315 3.21711 3.72516 3.13314 5.17768 4.39185 3.12497 3.77256 3.03572 3.82845 3.61502 4.46078 3.02844 3.02146 2.93305 2.92283 2.89909 3.08738 2.84464
threshold=-0.021977819761071989 0 27.092857142857149 1 1.0974733360116129 2 8.0972065531974629 36.96428571428573 0.24686007793152645 3.4500000000000006 3.49837387625595 42.884887005649723 2.350000000000001 1.0000000180025095e-35 3 166.67439516129033 7.4236122092535455 0.11847632369629973 0.75000000000000011 4 37.721428571428575 0.23900491537874677 8.7960153909472556 5 6 7 1.0000000180025095e-35 50.95000000000001 14.500000000000002 8 0.48779363043436069 0.45136458546836961 0.014421267812719728 2.4306651502559569e-09 -0.17401680835791228 7.696315287123336 1052.3315020161292 173.0601774042951 46.500000000000007 2.5500000000000007 35.278571428571439 0.2678571428571429 19.500000000000004 0.70376176146192615 36.500000000000007 32.250000000000007 28.735714285714291 7.0620225680266815 0.1276485462896769 7.7004839570344581 0.091389211226392944 1052.3315020161292 52.500000000000007 0.010410345839210413 0.080315205334431122 0.55961578793542299 0.48309551890032315 -0.22432293345846152 26.500000000000004 4.5000000000000009 0.99230769230769245 9.2636526487721529
decision_type=10 1 2 1 2 1 2 2 2 2 2 2 2 2 1 2 2 8 2 1 2 2 2 1 1 1 2 2 2 1 2 2 2 2 8 2 2 2 2 2 2 2 2 2 2 2 2 2 10 2 10 2 2 2 2 2 8 2 2 2 2 2
left_child=18 4 3 -3 17 6 7 10 -8 16 -4 12 -12 -10 15 -5 -9 -2 19 22 21 51 29 25 30 31 40 28 -28 -1 38 32 33 35 -35 44 37 -37 -25 -34 42 57 -26 -44 45 56 47 48 -27 -30 -51 -21 -53 -54 -55 61 -20 -31 -59 -29 -61 -48
right_child=1 2 5 14 -6 -7 8 9 13 -11 11 -13 -14 -15 -16 -17 -18 -19 23 20 -22 -23 -24 24 26 46 27 59 49 41 -32 -33 39 34 -36 36 -38 -39 -40 -41 -42 -43 43 -45 -46 -47 55 -49 -50 50 -52 52 53 54 -56 -57 -58 58 -60 60 -62 -63
leaf_value=-4.9986496867069189e-05 0.00047541306045531312 -0.00030174874128455556 -0.0039240515512197361 0.0021189162638978144 0.0014143763130013633 -0.00012243791371891727 -0.0026933964955374369 0.0010831437288117071 0.003119189355233757 0.0026821534097636796 -0.0030369489000135275 -0.00098999055482161405 0.00036691861857924245 -0.0077841228289794624 0.00040747941788618592 0.006092004133945117 -0.0017292789617053995 -0.00011742377097026056 0.00096987861405544752 -0.00042280174276108917 0.00029845999143926678 0.0022416867090012367 -0.002015694038799368 0.0019825404951819732 0.00021146743855452143 -0.00014522168608769275 -0.0032536139005177865 0.0069143490586838696 -2.2718700201520756e-05 0.0043258447503742173 -0.00060800585266944168 -0.0017437462887535231 0.0034389668334838864 0.0025040197337214808 -0.0018905763863001582 0.00034408095796129511 -0.0054985598844285548 0.0032812901488571953 0.0002520501541958008 0.00073118792947659801 0.0011720223722827309 -6.3571638918200754e-05 -0.00016782357211675658 -0.0032652947764054349 0.0027330089400276498 0.0073393693641201994 0.00012849871436775218 -0.00071808714646312164 0.0054623714726831536 -0.00054050391711187311 -0.0064875165147347249 -0.0046282235738847061 0.00033062281177368661 -0.0039528675113749516 0.00053277893331801101 -0.0040237363385305942 -0.0016146526837089435 0.00011877452510455841 0.0013184912441858072 -6.5799500316417078e-05 0.003726179278644182 -0.0035509524119512817
leaf_weight=198 539 469 162 180 139 4634 465 188 78 109 61 1136 555 40 202 87 90 1078 258 2413 919 67 48 1070 1694 56 290 42 575 93 575 77 159 42 141 2622 80 55 1364 142 578 67 3082 58 896 96 2045 655 89 520 154 122 138 106 42 41 182 97 107 352 69 52
leaf_count=198 539 469 162 180 139 4634 465 188 78 109 61 1136 555 40 202 87 90 1078 258 2413 919 67 48 1070 1694 56 290 42 575 93 575 77 159 42 141 2622 80 55 1364 142 578 67 3082 58 896 96 2045 655 89 520 154 122 138 106 42 41 182 97 107 352 69 52
internal_value=7.63569e-06 -0.000719671 -0.00115153 0.00186368 0.00135823 -0.00152946 -0.00284974 -0.0018788 -0.00672089 0.00367268 -0.00300261 -0.00236737 0.00089141 0.0012605 0.00567708 0.00908273 0.000716846 0.000695303 0.000337343 -0.00076392 -0.00149948 -0.00254413 0.00378422 0.000605952 -4.55242e-05 0.00148721 -0.000861953 -0.00269596 -0.00433442 0.00515098 0.00196192 0.00253098 0.00271181 0.00228676 -0.00665761 0.002679 0.00145939 0.00180172 0.00281314 0.00885762 -0.00018474 0.008 -0.000620476 -0.00157593 0.00502442 0.00195531 -0.000203459 -0.00287141 0.00565068 -0.0031 -0.00540741 -0.00286145 -0.00684597 -0.00365854 -0.0090604 0.000794764 0 0.0104866 0.00707317 0.00274784 0.00148104 0.00106053
internal_weight=32740 10212 8456 938 1756 7518 2884 2301 583 387 1914 1752 616 118 469 267 278 1617 22528 4417 3807 2888 610 18111 10423 7688 7414 2002 1539 562 3009 4750 4673 4372 183 4189 2757 2677 2434 301 5412 364 4834 3140 1432 536 2938 800 145 1249 674 2821 408 286 148 2138 440 297 204 463 421 2097
internal_count=32740 10212 8456 938 1756 7518 2884 2301 583 387 1914 1752 616 118 469 267 278 1617 22528 4417 3807 2888 610 18111 10423 7688 7414 2002 1539 562 3009 4750 4673 4372 183 4189 2757 2677 2434 301 5412 364 4834 3140 1432 536 2938 800 145 1249 674 2821 408 286 148 2138 440 297 204 463 421 2097
cat_boundaries=0 1 2 3 4 5 6 7 8 9
cat_threshold=177 2124 1480 2464 640 3606 2344 7747 25
is_linear=0
shrinkage=0.05


Tree=89
num_leaves=63
num_cat=5
split_feature=10 39 30 33 3 22 39 41 6 26 10 0 6 19 41 30 18 23 9 38 31 18 14 14 11 9 9 33 39 27 31 22 9 3 23 41 11 31 8 16 18 11 26 12 8 6 31 8 30 24 33 15 8 2 23 30 22 44 31 2 8 41
split_gain=3.64305 3.90562 5.01899 4.09944 3.80967 3.58086 5.45069 4.16484 4.09921 3.8384 3.37451 3.95227 3.12476 3.56933 5.64564 3.35318 3.09988 3.0827 3.07874 5.24232 4.29246 3.37109 3.71873 3.15225 3.03775 3.02432 4.23981 2.96634 2.95607 3.28888 2.95064 4.29187 2.92802 2.90247 2.9014 2.89533 3.11943 3.39643 3.31265 3.1686 3.42316 2.88676 2.83998 2.82961 2.81683 3.29214 2.99704 2.84286 2.90758 2.7998 3.74036 3.63166 3.35682 3.24773 3.12267 3.80997 3.71269 3.46597 3.14309 4.03571 3.06122 3.04857
threshold=-0.00051829785914403448 0 43.45000000000001 33.028571428571439 -0.28768334680161795 -0.21662000379414531 1 4.0341622672964723 8.0416933237938775 38.500000000000007 -0.28877176974725444 -0.11466384290045271 8.5267362495124193 0.10138137210131784 9.5264460253634429 0.25000000000000006 -2.4450932020259537 2.3905495144644449 0.12478147441091013 2 3.850000000000001 0.63576709988222402 -0.0084541843797194521 0.71556975736324102 33.500000000000007 0.2829375865653363 0.21168941598352775 30.157142857142862 3 11.500000000000002 82.050000000000026 -0.73450587959729707 0.063162595168263211 -0.11401921091510524 0.7210497947338691 18.580796252927403 6.5000000000000009 275.2000000000001 0.043267112945780312 0.5877866649021195 0.95857730450414891 8.5000000000000018 44.500000000000007 18.500000000000004 0.28396949423407475 7.3902012327975468 14.35 0.17705762639175873 12.450000000000003 4 26.87857142857143 0.18066434672745182 0.074459492585081943 0.061875362228754234 -0.82367434837344888 33.650000000000013 0.020697217582458727 1.0000000180025095e-35 17.400000000000006 -0.33647180804981497 0.075262270748732429 61.619396551724144
decision_type=2 1 2 2 2 8 1 2 2 2 2 2 2 2 2 2 10 10 10 1 2 8 2 2 2 10 10 2 1 2 2 10 10 2 10 2 2 2 8 2 8 2 2 2 8 2 2 8 2 1 2 2 10 2 8 2 10 2 2 2 8 2
left_child=1 2 3 17 -5 6 42 16 30 33 11 -4 35 14 -14 28 -7 18 20 34 23 27 -23 24 -1 26 -21 -22 29 -16 31 -8 -17 -10 -20 -9 -37 -38 -39 40 -40 -15 43 -2 47 -46 -47 48 -28 51 52 -3 -51 54 55 58 61 60 59 -52 -58 -56
right_child=5 49 10 4 -6 7 8 12 9 -11 -12 -13 13 41 15 32 -18 -19 19 25 21 22 -24 -25 -26 -27 44 -29 -30 -31 -32 -33 -34 -35 -36 36 37 38 39 -41 -42 -43 -44 -45 45 46 -48 -49 -50 50 53 -53 -54 -55 56 -57 57 -59 -60 -61 -62 -63
leaf_value=-0.0019169867259097803 -0.0011719449997634641 0.00094523962736214439 0.0023507118260068932 0.003093603843140291 0.00029462417329748775 0.0013707807915051243 -0.0034607078115201115 0.00013664869305043999 0.0043325599105929011 -0.0014187353019975578 0.00046783335563778259 0.008287981222151684 -0.0030767554477657676 0.0023320650491356863 -0.00064680019145386719 0.0019009354058960308 -0.00082719891328008265 -0.0040466448188524644 0.0015461043189282167 0.00020458544110943039 6.1188905288063486e-07 -0.0048906177428024991 -0.00036474325043747008 0.00077297606109969028 -0.00045087764409294312 0.0010789052790180572 -0.0026450483341080794 0.00075127515784582152 -0.00064984061899338351 0.0017127132127205871 -0.0022282331762496438 0.00080400494214773329 -0.0013349230790252378 0.00024866289840253208 0.0038090488667219162 0.00022171098358717296 -0.00015479964062779084 -0.00079485382774691993 0.00069075300865232246 0.0027686461246375551 -0.0036129465224500877 -0.00051626258732370147 0.0038746694205366175 0.001231494342328899 -0.008895877284267429 0.0017532569444832808 -0.0070484356001442195 0.0013654307617585063 0.0002459412404373758 0.0015831639006473411 0.0053348896031327449 -0.00043382757497951974 0.0001531345646910729 -0.00091862706390706962 -0.00030048140110605767 -0.00288786712642105 0.00028788710248979049 0.00064186792083402585 0.0030656359518846806 -0.00016349776522418035 -0.0021948245286938528 0.00019221473071016158
leaf_weight=93 179 936 136 428 1575 96 134 2376 55 206 1063 88 301 128 63 41 1808 41 481 598 483 47 243 40 316 727 121 161 244 208 281 272 769 647 40 1846 5635 76 400 44 47 235 174 1171 73 45 53 124 49 125 45 495 634 823 2369 64 109 201 112 209 567 1526
leaf_count=93 179 936 136 428 1575 96 134 2376 55 206 1063 88 301 128 63 41 1808 41 481 598 483 47 243 40 316 727 121 161 244 208 281 272 769 647 40 1846 5635 76 400 44 47 235 174 1171 73 45 53 124 49 125 45 495 634 823 2369 64 109 201 112 209 567 1526
internal_value=-3.97833e-05 0.0005249 0.00138928 0.000757972 0.00258234 -0.000533349 0.0010016 -0.000867789 -0.00104296 0.00115512 0.00421196 0.00977778 -0.000533672 -0.00234925 -0.00334972 -0.00194193 -0.00304462 -0.000220824 -6.7659e-05 0.00104888 -0.0019328 0 -0.00446735 -0.00594444 -0.0072561 -0.000249861 -0.00195019 0.0020155 0.00121124 0.00469858 -0.00396076 -0.0012285 -0.00394575 0.00291607 0.00540414 -0.00018705 -0.000639831 -0.00117685 0.0025088 0.00401423 0.00273438 0.00212912 0.00312704 0.00236862 -0.00552575 -0.0106105 -0.00454545 -0.00254237 -0.00672515 -0.000215779 -0.000640177 0.00178571 0.00266447 -0.00105792 -0.00059581 0.00348028 -0.000963754 -0.00390091 0.00544959 0.00235294 -0.005613 -0.000301591
internal_weight=32676 15240 7025 5738 2003 17436 3119 14317 1595 908 1287 224 12413 1989 1626 1325 1904 3735 3694 2311 1383 934 290 449 409 1790 1063 644 515 271 687 406 810 702 521 10424 8048 6202 567 491 447 363 1524 1350 465 171 98 294 170 8215 6784 1431 759 6025 5202 430 4772 877 366 254 676 3895
internal_count=32676 15240 7025 5738 2003 17436 3119 14317 1595 908 1287 224 12413 1989 1626 1325 1904 3735 3694 2311 1383 934 290 449 409 1790 1063 644 515 271 687 406 810 702 521 10424 8048 6202 567 491 447 363 1524 1350 465 171 98 294 170 8215 6784 1431 759 6025 5202 430 4772 877 366 254 676 3895
cat_boundaries=0 1 2 3 4 5
cat_threshold=4412 3842 2 561 1
is_linear=0
shrinkage=0.05


Tree=90
num_leaves=63
num_cat=8
split_feature=2 27 25 1 42 25 31 31 30 39 39 26 25 35 5 35 7 30 27 35 10 35 41 24 2 10 14 35 35 35 20 41 41 9 31 26 31 27 39 7 10 10 31 27 22 41 31 26 5 22 39 5 18 41 26 30 10 11 11 20 7 4
split_gain=3.3861 3.84061 3.73728 3.64696 3.61598 5.83482 3.32177 5.29166 3.53263 3.33905 3.29177 4.63614 3.15418 3.64371 3.6794 3.26798 3.12026 3.0975 3.2399 3.0538 3.40432 4.06896 2.9343 2.82544 3.23505 2.67156 2.83487 2.6429 2.76869 4.01082 2.58955 3.04078 2.83229 2.5764 2.90448 3.56956 3.63265 3.91971 3.11448 5.05299 2.85822 2.81018 2.78302 3.36218 2.94988 2.68526 2.86899 2.66223 2.94317 2.57627 2.50274 4.93643 2.73403 2.68135 4.20628 3.29431 3.76064 3.33896 2.81624 2.72285 2.57228 2.53043
threshold=-0.010856564140719003 6.5000000000000009 0 -0.74037805588429639 0.68377192982456159 1 264.50000000000006 158.90000000000006 39.150000000000013 2 3 13.500000000000002 4 0.67474105889484193 8.9935830885333363 0.040776523863647045 9.1856984769641077 38.650000000000006 37.500000000000007 3.5901944302834707e-09 0.16792369424177347 0.0020087043954519546 107.92622950819673 5 0.90629178862065063 0.073279557331623849 0.31956486909420218 0.66033599379996555 0.0011803850677040444 5.9192299231574866e-09 0.045326064010910189 9.8211263881544166 1.6495614035087722 0.11462643596406115 385.85000000000008 28.500000000000004 21.050000000000001 57.500000000000007 6 6.7217636430196466 0.6622921192452883 0.11441301968846541 118.65000000000002 54.500000000000007 -0.53137151115634285 20.778719397363471 3.350000000000001 27.500000000000004 7.4493267086366837 -0.2762427664360072 7 8.6715479771391912 1.9202195113080929 1999.8800204918036 2.5000000000000004 3.0500000000000003 0.038060715335996871 84.500000000000014 48.500000000000007 0.024149340539233618 7.2788671571462045 -0.035914212659486015
decision_type=2 2 1 2 2 1 2 2 2 1 1 2 1 2 2 2 2 2 2 2 2 2 2 1 2 2 2 2 2 2 10 2 2 10 2 2 2 2 1 2 2 2 2 2 8 2 2 2 2 8 1 2 8 2 2 2 2 2 2 10 2 2
left_child=1 2 22 -3 5 -2 7 8 10 -9 11 -4 13 14 15 19 33 18 -17 23 21 -21 -1 24 -6 26 49 28 29 -5 31 32 -7 -14 35 36 40 47 -37 -40 50 -39 43 45 -44 46 -41 -38 -49 -16 52 53 -35 54 58 56 -56 59 -52 61 -55 -58
right_child=4 3 6 27 12 30 -8 9 -10 -11 -12 -13 16 -15 25 17 -18 -19 -20 20 -22 -23 -24 -25 -26 -27 -28 -29 -30 -31 -32 -33 -34 34 -36 38 37 41 39 42 -42 -43 44 -45 -46 -47 -48 48 -50 -51 51 -53 -54 60 55 -57 57 -59 -60 -61 -62 -63
leaf_value=0.00087338179402231546 -0.0010930064230284687 0.0049270721768035408 0.0046316403536477329 4.4136987684123987e-05 0.00020261241820198874 0.0005753876261059953 0.0016696989635759088 0.00031793358599336533 0.0039666034423019754 -0.0016480268244268336 7.6985733853657267e-05 0.00070680011406949186 -2.7412423092482981e-06 -0.0028329187916582405 0.00068472721696568022 0.0028414090011339255 0.0010388270751160921 -0.00046588470377318948 -0.00097893972743856974 -0.0011323465937348 -0.0015350655614909889 0.004098833729246484 0.0045135905301239348 -3.5372377860889462e-05 -0.013275043401370307 -0.0018855659982326377 0.00085168947183868594 -0.0019062005253116237 0.00072860993313955116 -0.00082713337060903106 0.0048742102591934804 0.0024233832073534758 -0.0010640585516113411 0.00011954892515255965 0.0021074445387248863 -0.0020466382902703307 0.0019786344025280395 0.00067928499916007504 0.0072846558099987141 -0.0065374093865357254 -0.012554815075590212 -0.0040851129693909574 0.0058078805171201849 0.00070632133886576042 -0.0018926787498821736 -0.0038428431915963389 0.0041695268940260197 -0.0023816766223689668 0.00093911685124258785 -0.0011033276753415339 -0.0017624393223441906 -0.0051408936730830681 -0.0025071373821139238 -0.0033803559189885162 -6.8580309427522529e-05 0.0024533787262138122 0.00045001569468403892 -0.0044542265250276172 0.0030892303962202841 -0.00083556279139787202 2.8280932990946281e-05 -0.0029150323759787353
leaf_weight=124 116 237 133 11348 3318 102 158 225 63 287 910 149 2505 54 44 166 314 75 42 112 69 40 70 4806 43 334 73 88 355 277 95 134 72 1163 91 488 230 87 40 45 44 67 41 356 744 196 68 50 164 171 70 49 64 86 495 97 42 91 116 355 43 199
leaf_count=124 116 237 133 11348 3318 102 158 225 63 287 910 149 2505 54 44 166 314 75 42 112 69 40 70 4806 43 334 73 88 355 277 95 134 72 1163 91 488 230 87 40 45 44 67 41 356 744 196 68 50 164 171 70 49 64 86 495 97 42 91 116 355 43 199
internal_value=4.43547e-05 0.000616984 0.00258255 0.00027832 -0.000407839 0.00370192 0.00187242 0.00125848 0.00300557 -0.00302144 0.00238894 0.00699659 -0.000528229 0.000104189 0.000180224 0.00044684 -0.00123053 0.00572183 0.00885167 0.000268208 -0.00551802 -0.00130719 0.00902439 0.000425441 0.0015347 -0.0035313 0 0.000157428 0.000221184 8.81645e-05 0.00646135 0.00436893 0 -0.00142204 -0.00201989 -0.00216718 -0.00120979 0.00233723 -0.00386559 -0.00266489 -0.00193825 -0.00451613 -0.00317023 -0.000788288 -0.00518448 -0.00459677 0.00153509 0.0047191 0.000697674 -0.00289352 -0.00174155 -0.00300786 -2.01939e-05 -0.00253918 -0.00192701 -0.00294922 -0.00367709 -0.00606831 0.00508021 -0.00469012 -0.00942308 -0.00878099
internal_weight=32690 14424 2119 12305 18266 519 1925 1767 1255 512 1192 282 17747 9347 9293 8671 8400 283 208 8388 221 152 194 8167 3361 622 288 12068 11980 11625 403 308 174 8086 5581 5490 3512 598 1978 1490 2914 154 1450 665 785 309 113 444 214 215 2870 1643 1227 1594 1465 1279 1182 687 186 596 129 241
internal_count=32690 14424 2119 12305 18266 519 1925 1767 1255 512 1192 282 17747 9347 9293 8671 8400 283 208 8388 221 152 194 8167 3361 622 288 12068 11980 11625 403 308 174 8086 5581 5490 3512 598 1978 1490 2914 154 1450 665 785 309 113 444 214 215 2870 1643 1227 1594 1465 1279 1182 687 186 596 129 241
cat_boundaries=0 1 2 3 4 5 6 7 8
cat_threshold=1088 770 3346 680 2866 12 645 317
is_linear=0
shrinkage=0.05


Tree=91
num_leaves=63
num_cat=11
split_feature=41 3 9 18 19 12 14 39 22 17 41 41 39 25 4 33 1 13 3 25 39 25 39 33 39 8 23 39 21 11 42 19 0 17 27 11 13 9 25 33 3 9 18 6 33 1 13 39 4 21 30 30 23 5 19 6 8 12 27 17 15 33
split_gain=3.10934 2.75252 4.4844 2.95402 2.82173 2.78295 2.65736 2.98311 3.39716 2.54445 4.28425 3.42416 3.14162 4.64977 3.00491 3.01587 3.38491 2.92475 4.06529 4.17577 3.68699 3.68539 5.59355 4.13564 3.88312 3.86489 4.03899 3.48884 4.61661 3.95799 4.78927 3.83181 3.82872 3.41198 3.22483 4.11517 3.18536 3.68563 3.18179 3.11903 3.06968 2.9767 3.567 3.84987 2.8712 3.92082 3.78591 3.04847 2.93164 2.83233 3.69639 5.10687 3.6173 4.45304 3.3007 2.82581 3.68021 2.88289 2.80485 2.82909 2.67422 3.68747
threshold=1.0884033613445381 -0.69314718055994484 0.27632269962523742 0.12079573995966221 -0.0085833253407317667 78.500000000000014 -0.73642341430766189 0 -0.058236298707245164 0.45946497920204915 87.665776209677432 5706.0234451450206 1 2 0.87734456768009672 34.264285714285727 0.47283470688615475 0.60000015789482009 0.58778666490212006 3 4 5 6 26.050000000000004 7 0.3053298331134226 0.12838055898188896 8 3365.8350000000005 43.500000000000007 0.85053191489361712 -0.035601955120695687 0.55961578793542299 0.34022965472962424 51.500000000000007 58.500000000000007 0.64253235398241837 0.20735012319025453 9 26.050000000000004 -0.10536051565782632 0.10410324687568666 -0.66908879429415935 8.5139094738011831 31.850000000000009 -0.23253364792430317 0.66666709956709969 10 0.20067069546215113 1050.0950000000003 29.750000000000007 6.6500000000000012 1.0000000180025095e-35 8.5476860017021625 -0.08601438521269672 6.9994135085888169 0.052350600632176128 15.500000000000002 16.500000000000004 1.0000000180025095e-35 -0.57135380426666693 27.50714285714286
decision_type=2 2 10 10 2 2 2 1 10 2 2 2 1 1 2 2 2 2 2 1 1 1 1 2 1 10 10 1 8 2 2 2 2 2 2 2 2 10 1 2 2 10 10 2 2 2 2 1 2 8 2 2 10 2 2 2 8 2 2 2 2 2
left_child=-1 2 3 4 -2 -4 7 8 -3 14 12 -12 13 -11 17 16 -16 21 19 -19 -20 24 23 -23 55 26 38 34 32 36 31 40 39 -28 -21 -36 37 -30 -25 -29 -31 42 -38 -44 45 -32 -46 -47 -48 -24 51 60 53 54 -52 -8 -57 -58 -40 -60 -51 -62
right_child=1 6 5 -5 -6 -7 9 -9 -10 10 11 -13 -14 -15 15 -17 -18 18 20 27 -22 22 49 25 -26 -27 33 28 29 30 44 -33 -34 -35 35 -37 41 -39 58 -41 -42 -43 43 -45 46 47 48 -49 -50 50 52 -53 -54 -55 -56 56 57 -59 59 -61 61 -63
leaf_value=0.00081463367896603904 0.00010449688942624387 -0.00035622387808977778 0.0069716030679129017 0.00057689485202433444 -0.0088584504130696413 -0.0013169931429652367 -0.00097582945441219288 -1.6315200666198615e-05 -0.0019188702432102274 0.00061604305883573797 -0.00059300160531726735 0.0011821099037933253 9.2952761477320341e-05 -0.0021946110233976917 0.00074510830425558901 0.0030332617560614246 -0.0036412506144270248 0.00029034821586294471 0.00029584793967845149 -0.0008084807129498594 -0.0045708963824458567 -0.00087776827875458941 0.0016434144994098123 0.00074908399645771256 -0.00042508807411311908 0.0034111381831469531 -0.00037141970909501285 0.0044905959248416937 -0.00058799046904887736 0.0034044388491765985 -0.0020553974132692609 -0.0019328186417813008 -0.0067615138912918236 0.00087910601867816703 0.003994692263520022 -0.0018453508983041435 0.000332540159470952 -0.004548185016552771 0.001152749769694518 0.00052398347645963433 -0.0033071883959051376 -8.5604340789012761e-05 -0.0001540801591456415 -0.00301697951778401 0.0019984149487572568 0.0013161435188113713 -9.3049210286861651e-05 6.8954935192564208e-05 -0.0056584223056097378 -0.0020085536021481583 0.0029099934514316378 -0.0023736608603794531 -0.0018539121266228061 -0.0012551361384309182 0.00058605317675245654 -0.00033222539975002216 -0.0013526481115161638 0.0021182621852479629 -0.00070697911620498861 0.00018488274707514492 0.0022431010634400041 -0.00020693401971452134
leaf_weight=258 94 1214 362 158 82 72 91 1912 365 421 2178 78 3076 511 507 135 96 5358 200 843 227 189 243 927 3373 126 532 102 117 42 121 121 51 69 100 60 78 48 145 1886 47 1268 200 81 47 544 231 448 42 147 98 468 175 105 445 42 57 195 258 329 87 797
leaf_count=258 94 1214 362 158 82 72 91 1912 365 421 2178 78 3076 511 507 135 96 5358 200 843 227 189 243 927 3373 126 532 102 117 42 121 121 51 69 100 60 78 48 145 1886 47 1268 200 81 47 544 231 448 42 147 98 468 175 105 445 42 57 195 258 329 87 797
internal_value=-5.12546e-05 -9.4843e-05 0.00286086 -0.00149254 -0.0059322 0.0062069 -0.000166646 -0.00146764 -0.00306604 -5.32614e-06 -0.000893855 -0.00263624 8.73036e-05 -0.00243902 0.00024887 0.00338295 0.00186258 0.000139407 0.000640137 0.000813197 -0.0041472 -0.000550624 0.000320326 0.00196249 -0.00173786 0.00253456 0.00205661 -4.23859e-05 0.000455789 -0.000662107 0.0011101 -0.00592417 0.00234069 -0.00145349 -0.00273669 0.00372671 -0.00228667 -0.00888554 0.00332831 0.00268979 0.00194444 -0.00161241 -0.005625 -0.00824468 0.00214435 0.00334381 -0.00202492 0.00438066 -0.00428832 -0.00132958 -0.00187258 -0.00335 0.000819175 0.00254237 0.00436581 0.00296717 0.00542373 0.00770751 0.000807537 -0.000722789 -0.00138081 -0.000338983
internal_weight=32679 32421 768 334 176 434 31653 3491 1579 28162 6264 2256 4008 932 21898 738 603 21160 12262 11835 427 8898 5140 2575 3758 2386 2260 6477 5474 3435 1643 210 2039 601 1003 160 1792 165 1659 1988 89 1627 359 281 1433 1113 320 992 273 2565 2322 1499 823 648 543 385 294 252 732 587 1031 884
internal_count=32679 32421 768 334 176 434 31653 3491 1579 28162 6264 2256 4008 932 21898 738 603 21160 12262 11835 427 8898 5140 2575 3758 2386 2260 6477 5474 3435 1643 210 2039 601 1003 160 1792 165 1659 1988 89 1627 359 281 1433 1113 320 992 273 2565 2322 1499 823 648 543 385 294 252 732 587 1031 884
cat_boundaries=0 1 2 3 4 5 6 7 8 9 10 11
cat_threshold=5290 1312 2984 1336 7200 1305 519 2072 2064 646 1960
is_linear=0
shrinkage=0.05


Tree=92
num_leaves=63
num_cat=12
split_feature=3 39 7 25 25 41 21 41 12 15 22 31 12 21 30 35 7 4 6 25 39 25 28 20 11 12 1 1 25 30 25 9 11 35 31 41 39 21 25 12 11 16 12 42 9 17 15 15 17 19 5 4 15 25 39 11 12 21 31 16 12 41
split_gain=3.22921 5.23245 4.84985 4.56436 4.26429 4.04453 5.03915 3.91748 4.30241 3.77048 3.73003 3.66719 5.52718 4.58331 4.76105 4.77519 4.66845 3.46999 4.35125 3.5299 3.33897 4.11514 5.42535 5.19357 4.84345 4.48411 4.54757 3.99767 3.92966 3.59619 3.25104 3.2101 3.08027 3.03814 3.75394 3.03054 3.02612 3.75214 3.52174 2.96727 3.33713 2.9442 2.80553 2.7555 2.7228 2.71831 2.70623 2.69901 2.64156 3.06578 2.61109 2.90721 2.87565 2.58625 2.57603 2.71229 2.71327 2.57227 2.55448 2.53415 3.67497 2.52407
threshold=-0.0047471116802197946 0 7.9829472705720219 1 2 107.92622950819673 750.83500000000015 6.0836021505376356 6.5000000000000009 -0.66940196498306215 0.57982041832616715 0.75000000000000011 59.500000000000007 1113.7500000000002 66.250000000000014 0.66033599379996555 7.1359416715339501 -0.22314355131420924 7.957998562225562 3 4 5 1.0000000180025095e-35 -0.080208926022964727 50.500000000000007 71.500000000000014 0.046522970175750362 0.036832168800115202 6 70.65000000000002 7 0.1276485462896769 81.500000000000014 0.0041108948822321826 257.75000000000006 140.08319088319089 8 4997.8150000000014 9 73.500000000000014 78.500000000000014 0.44324067465611178 21.500000000000004 0.99230769230769245 0.18563786816474306 -1.6505919422959325 -1.6127037633657073 0.73759894313077934 -1.0436906801161621 -0.10637576487071414 6.697662990170377 0.46744380694076076 -0.77318988823348156 10 11 21.500000000000004 56.500000000000007 850.83500000000015 230.40000000000006 0.62249597117097866 64.500000000000014 7796.7717079741387
decision_type=2 1 2 1 1 2 8 2 2 2 10 2 2 8 2 2 2 2 2 1 1 1 2 10 2 2 2 2 1 2 1 10 2 2 2 2 1 8 1 2 2 2 2 2 10 2 2 2 2 2 2 2 2 1 1 2 2 8 2 2 2 2
left_child=1 2 11 7 45 47 -7 -4 44 30 20 12 43 16 15 17 -13 19 32 -15 21 23 25 -11 -25 26 35 -26 39 41 54 -12 46 34 -10 -23 38 -38 -5 40 -24 -30 -29 57 -9 -3 -19 -6 -22 -50 -48 52 -52 -54 55 56 -2 -1 -55 60 -16 -51
right_child=9 4 3 36 5 6 -8 8 33 10 31 13 -14 14 59 -17 -18 18 -20 -21 48 22 28 24 27 -27 -28 42 29 -31 -32 -33 -34 -35 -36 -37 37 -39 -40 -41 -42 -43 -44 -45 -46 -47 50 -49 49 61 51 -53 53 58 -56 -57 -58 -59 -60 -61 -62 -63
leaf_value=0.003062941049027045 0.0027846965843754731 0.0042899110947484794 -0.002877082267993757 0.0010622004446188104 0.00010158356646998467 0.0045318433154307447 -0.00092865402865664791 -6.7948451897771679e-05 -0.0030632315754368072 0.0018711503781836546 0.0011988743676925838 -7.9511685661627998e-05 -0.0028220553994468133 0.00374406619383159 -0.0021233847811413897 -0.0019525017588801913 -0.0030044070818233243 0.0059656891523037041 0.0032620809548269086 0.00068544694531231804 -0.0022210979023946178 5.8604488722420209e-05 0.0043216553745871814 -0.0029703802885166532 0.0016858934551081278 -0.0042933237669228802 -0.0016346436787644247 -0.0053394233084543205 0.0009846786048364406 -0.0024886878048793189 -0.00085307432722018226 -0.0019079115560381419 0.0028711584781480172 0.0022796637355484441 0.00057858185203917489 0.0044047432517748094 -0.0067210078756511221 1.9496156577546513e-05 -0.00011066466222893712 0.00019930789899207796 0.00068651574445889043 -0.00089830826778182569 0.00041899528680953567 0.0011677405502194392 0.0063977964482084815 0.00046932811482437156 -0.0015485586131528597 0.0012696275795718106 0.00021123501394112109 -5.5096000105121433e-05 -0.0014578205027025492 -0.0019141600842007653 -0.00069660008906336749 0.0013454048228278889 -0.00050577276116033066 -1.0649227940784778e-05 0.00028175637492917178 -0.00077735784400442549 -0.00043084715038966724 0.0045737016867832044 0.00011171242302539208 0.0010635525216767445
leaf_weight=81 90 101 262 216 2907 85 909 64 646 69 107 447 213 400 146 85 137 43 60 533 138 114 428 194 115 66 210 64 733 41 1330 517 183 41 179 71 78 106 545 147 127 225 90 233 50 4145 42 401 1099 10200 50 60 301 347 997 401 106 599 65 44 144 154
leaf_count=81 90 101 262 216 2907 85 909 64 646 69 107 447 213 400 146 85 137 43 60 533 138 114 428 194 115 66 210 64 733 41 1330 517 183 41 179 71 78 106 545 147 127 225 90 233 50 4145 42 401 1099 10200 50 60 301 347 997 401 106 599 65 44 144 154
internal_value=-6.86352e-06 0.000535153 -0.000545937 -0.00245658 0.00134361 0.000231857 -0.00256281 -0.00442937 -0.00300714 -0.000461198 -0.000139168 0.000444945 -0.00199645 0.00133582 0.00226637 0.00312212 -0.00264957 0.00359712 0.00175781 0.00586188 2.62495e-05 0.00160813 0.00257708 -0.00230203 -0.00425647 -0.00221861 -0.000189394 9.25926e-05 0.00389248 0.00180693 -0.00210256 -0.00392 0.00103022 -0.00420992 -0.00487288 0.00551075 0.000183054 -0.00538462 0.00158679 0.00673212 0.0084982 0.00245047 -0.00516129 -0.000300875 0.00608696 0.00246653 -0.000165017 0.00107283 -0.000342613 -0.000259735 -0.000779446 -0.000151699 0.000687173 0.0015056 -0.000560748 0.0020148 0.00685279 -0.00190896 0.00401891 -0.00328358 -0.00498282 -0.000526316
internal_weight=32781 14948 6400 2187 8548 4302 994 1242 980 17833 14909 4213 1126 3087 2503 2169 584 2084 1151 933 14285 2694 2162 532 463 461 395 269 1701 999 2924 624 1091 866 825 185 945 184 761 702 555 958 154 913 114 4246 908 3308 11591 11453 865 823 763 713 1594 597 196 680 412 334 290 10354
internal_count=32781 14948 6400 2187 8548 4302 994 1242 980 17833 14909 4213 1126 3087 2503 2169 584 2084 1151 933 14285 2694 2162 532 463 461 395 269 1701 999 2924 624 1091 866 825 185 945 184 761 702 555 958 154 913 114 4246 908 3308 11591 11453 865 823 763 713 1594 597 196 680 412 334 290 10354
cat_boundaries=0 1 2 3 4 5 6 7 8 9 10 11 12
cat_threshold=3650 1249 500 3105 2560 137 2400 571 578 2054 3458 2069
is_linear=0
shrinkage=0.05


Tree=93
num_leaves=63
num_cat=13
split_feature=3 39 10 31 5 25 20 20 11 20 30 10 27 25 39 42 39 35 30 25 30 41 39 5 42 4 21 26 1 26 25 37 5 26 3 30 39 20 39 27 30 10 39 37 12 21 31 8 41 30 31 19 19 20 33 39 23 3 8 25 30 4
split_gain=2.38271 5.75542 3.39595 2.99723 3.05731 2.76049 3.88185 2.56969 2.70163 2.56204 3.17733 3.55734 2.90019 7.52523 5.8061 5.21548 4.69258 4.89381 6.72878 5.50807 4.68261 4.96518 4.64082 6.29452 6.91511 4.89792 4.49372 4.24567 4.54037 4.14132 4.3183 4.93055 4.37912 4.09466 4.07622 4.06962 8.19574 6.24025 5.27845 3.99224 4.7402 4.39204 3.9322 4.40899 4.33469 3.78901 3.82458 3.75391 3.7539 3.67179 3.50113 3.47256 3.4711 3.41751 3.50856 4.35284 3.38137 4.56959 3.6437 3.62176 3.40052 3.36218
threshold=-0.419751794330192 0 -0.77284778160610734 5.9500000000000011 6.7399091627468977 1 0.025481216168285314 0.085820200005423328 79.500000000000014 -0.12139880453590456 31.450000000000006 0.16792369424177347 39.500000000000007 2 3 0.65039682539682553 4 0.0022604238517606361 67.000000000000014 5 1.3500000000000003 251.32374405076681 6 6.9966462866686951 0.90081967213114766 0.81408470003327571 3870.0000000000005 44.500000000000007 -0.021359298687279257 51.500000000000007 7 46.500000000000007 6.5834293167733948 11.500000000000002 0.11778321422784367 41.050000000000011 8 -0.034261826939257257 9 43.500000000000007 7.5500000000000016 0.10091723244457775 10 13.500000000000002 40.500000000000007 7518.7500000000009 26.350000000000012 0.26885059639564252 277.96208355367537 3.4500000000000006 1.0000000180025095e-35 0.05877798190701549 0.049510512897138995 0.21207229043143225 27.835714285714289 11 -0.30748469974796072 0.053612190654738441 0.052350600632176128 12 76.250000000000014 0.12866294854351382
decision_type=2 1 2 2 2 1 10 10 2 10 2 2 2 1 1 2 1 2 2 1 2 2 1 2 2 2 10 2 2 2 1 8 2 2 2 2 1 10 1 2 2 2 1 10 2 10 2 10 2 2 2 2 2 10 2 1 8 2 8 1 2 2
left_child=1 2 -1 4 -3 6 -4 8 -5 10 11 -2 16 14 -14 -15 27 29 19 26 -16 -22 -17 48 -25 35 -19 -11 -29 30 42 -32 49 -21 -35 38 -37 -38 39 -26 47 -42 44 45 51 -44 -47 -41 -24 50 61 -18 -48 54 55 -40 57 58 -34 60 -59 -33
right_child=9 3 5 7 -6 -7 -8 -9 -10 12 -12 -13 13 15 20 22 17 18 -20 33 21 -23 23 24 25 -27 -28 28 -30 -31 31 32 56 34 -36 36 37 -39 53 40 41 -43 43 -45 -46 46 52 -49 -50 -51 -52 -53 -54 -55 -56 -57 -58 59 -60 -61 -62 -63
leaf_value=0.010400383409023184 -0.0004184706735981916 0.0043041046384260512 -0.0026455123917400484 -0.0021110439141957815 -0.00015780504241151786 0.0017694949357728211 0.0014358285134970284 -0.0044478373989804464 0.007201355926353261 0.00034416399672536233 0.00077418655622084494 -0.0053794517447923948 0.00090614391446252988 0.0023504683609868104 -0.0004199308234611614 -0.00066356886939700286 0.003640444475904558 0.0030685350952156217 -0.0015286291218162388 -0.0021949211011650185 -8.8500213841492429e-05 0.0025694043836189543 -0.00063755451769278515 -0.00056367012391993264 -0.006783488368206407 0.0025747359644572873 -0.00056992548547232823 0.0050586718475140093 0.0011988772114595676 -0.0013397206174197698 -0.0014011232362370922 0.0037080073039316153 0.0016865677189436671 0.0010491574113064069 -0.00076106895000655091 0.0010524884340815238 0.0033298656365993926 -0.0017320806339400051 -0.0036960971445565574 0.0046228416453839138 0.0019066576530785515 -0.0080510083857009626 -0.00024894751604657219 0.0018682238413832793 0.00036730666464576401 0.0033092699384545312 -0.00035563179696679591 -8.2492679429989685e-06 -0.0034607656882604957 -0.0046516069157755014 0.0052084935331283182 -0.00021592269432708992 0.0019154789523630469 -0.0023826652451084335 -7.2073433548904459e-06 -3.7116252683815557e-05 -0.00011752770569390808 -0.0018352470595719103 0.00035218052469109505 0.00085873157864950326 0.0041421329278046063 -0.0038066313713511521
leaf_weight=111 593 100 185 505 251 975 155 40 44 1850 312 221 1064 140 1243 2799 372 277 77 83 556 325 479 1397 41 237 49 84 124 415 164 86 101 177 79 696 53 250 215 143 53 41 818 76 1235 110 148 48 137 46 239 107 54 120 2250 263 8125 483 942 231 62 40
leaf_count=111 593 100 185 505 251 975 155 40 44 1850 312 221 1064 140 1243 2799 372 277 77 83 556 325 479 1397 41 237 49 84 124 415 164 86 101 177 79 696 53 250 215 143 53 41 818 76 1235 110 148 48 137 46 239 107 54 120 2250 263 8125 483 942 231 62 40
internal_value=-7.03428e-05 0.00145754 0.00344468 -0.00157729 0.00205966 0.00275456 -0.0011396 -0.00377119 -0.00286364 -0.000189575 -0.00252884 -0.00417178 -9.92981e-05 -0.000673253 0.00142232 -0.00138696 0.000333233 1.71151e-05 0.00397039 0.00559309 -9.36768e-05 0.00269274 -0.00153421 -0.000788778 -0.000279787 0.000691453 0.010089 0.00256162 0.00933014 -0.000194875 -4.27827e-05 -0.000515195 -0.000379007 0.000928571 0.0040856 0.000293483 0.003075 -0.00374204 -0.000582677 0.00534125 0.0076049 -0.00157895 0.00165473 -0.0005341 0.00318841 -0.00132626 0.00335463 0.0121094 -0.00559157 0.00467233 0.00635246 0.00723958 -0.000738916 -0.00127667 -0.000916086 -0.00480167 -0.000588235 0.00135989 0.00352011 -0.0015444 -0.00373201 -0.000393701
internal_weight=32696 2366 1426 940 351 1315 340 589 549 30330 1126 814 29204 12550 3188 9362 16654 14596 742 665 2124 881 9222 6423 5807 4410 326 2058 208 13854 13439 10519 10355 339 256 4173 999 303 3174 326 285 94 2920 1206 1714 1130 312 191 616 411 365 479 202 2848 2728 478 9944 1819 1043 776 545 126
internal_count=32696 2366 1426 940 351 1315 340 589 549 30330 1126 814 29204 12550 3188 9362 16654 14596 742 665 2124 881 9222 6423 5807 4410 326 2058 208 13854 13439 10519 10355 339 256 4173 999 303 3174 326 285 94 2920 1206 1714 1130 312 191 616 411 365 479 202 2848 2728 478 9944 1819 1043 776 545 126
cat_boundaries=0 1 2 3 4 5 6 7 8 9 10 11 12 13
cat_threshold=5532 578 778 1125 544 1698 802 2144 5253 2048 7428 5120 916
is_linear=0
shrinkage=0.05


Tree=94
num_leaves=63
num_cat=16
split_feature=22 39 7 39 25 5 27 10 22 6 27 24 22 4 5 13 25 8 20 13 39 25 18 20 13 25 20 27 39 31 6 27 44 42 3 25 5 42 16 7 12 38 20 27 3 11 39 25 22 25 7 25 6 25 3 4 33 33 31 35 31 5
split_gain=3.37608 3.76575 3.57549 3.98283 5.6611 6.10724 8.21082 4.63386 4.28022 4.16294 4.09632 4.01752 4.07747 3.50808 3.60604 3.50275 3.34533 3.51408 5.72176 4.24434 3.30196 3.69108 3.63022 3.28008 3.23267 5.55598 5.71311 4.36724 4.01245 5.99378 4.61844 4.70303 3.86621 3.26605 3.99997 3.18303 3.73241 3.19542 3.13957 3.10654 3.03733 2.9731 3.47698 2.93808 2.87811 3.5393 4.57804 4.27738 3.46273 3.38021 3.13904 3.0141 2.93777 2.76357 2.95715 2.8083 2.74853 3.42021 3.15443 2.75641 3.15382 2.74038
threshold=-0.42871697973730688 0 7.1982017582533979 1 2 7.2898938661332151 52.500000000000007 0.57076451452902399 0.33231570689619644 7.9208361632284463 8.5000000000000018 3 0.12292020694600569 0.91629073187415544 7.5260958950865016 0.53010908067431239 4 0.18529915294383731 -0.037720417367667992 0.74999953125058616 5 6 0.14686723109804914 -0.046191814056790244 0.58333416666666682 7 0.11019626532695952 39.500000000000007 8 23.550000000000004 8.2808231232446357 5.5000000000000009 1.0000000180025095e-35 0.50438596491228083 -0.69314718055994484 9 7.746358786503146 0.96899038461538478 -0.021448697601140761 7.5855095107271184 80.500000000000014 10 0.11417955411554981 45.500000000000007 -0.11122563511022364 55.500000000000007 11 12 0.3936998594030674 13 7.1768299565712796 14 7.0702313217237522 15 -0.34355228187664938 -0.47000362924573608 38.678571428571438 26.87857142857143 205.60000000000005 5.9192299231574866e-09 1.0000000180025095e-35 6.5597815977880751
decision_type=8 1 2 1 1 2 2 2 10 2 2 1 10 2 2 2 1 10 10 2 1 1 8 10 2 1 10 2 1 2 2 2 2 2 2 1 2 2 2 2 2 1 10 2 2 2 1 1 8 1 2 1 2 1 2 2 2 2 2 2 2 2
left_child=1 35 16 4 11 53 10 24 -9 40 23 12 -4 14 -12 -13 17 18 -2 38 21 -20 -23 -7 25 27 -27 28 30 39 -5 -32 -33 -26 -35 -1 -37 -38 -19 -30 -8 -36 -43 -29 45 46 49 -48 56 -18 -50 -47 61 55 -55 -6 57 58 -46 60 -59 -53
right_child=2 -3 3 7 5 6 9 8 -10 -11 13 15 -14 -15 -16 -17 44 19 20 -21 -22 22 -24 -25 33 26 -28 43 29 -31 31 32 -34 34 41 36 37 -39 -40 -41 -42 42 -44 -45 48 51 47 -49 50 -51 -52 52 -54 54 -56 -57 -58 59 -60 -61 -62 -63
leaf_value=0.0034227050827934785 -0.002783341109671491 0.00010301823591650902 0.0024902236257606544 0.0033499536322507185 -0.00099854597705641493 -0.0030761957788207586 -0.0019302404824264414 -0.0013611388623299865 -0.0085133785495237133 0.009297007520108095 -0.0034894633789469272 0.0012482475935956937 -0.00033972759454595214 0.00072567618417464024 -0.0081035738719237617 -0.002595063726961654 0.0043066422991835766 -0.0030513177934451269 0.00085990445702605718 0.0044509749181770551 -0.00021586716286138157 -0.0004473648880058041 0.00040494602681177448 6.1615382238969669e-05 -0.004397782583561753 -0.00027743390899648567 -0.002786323661863536 -0.0010127540912855573 0.000566187320674499 0.00051295180201428798 0.0022536923127682222 -0.0027618362811698671 0.00075045690214330444 0.0028067118025395521 7.5041790200270589e-05 0.0023953535679024345 -0.0020925717012938226 0.0028476811063456553 0.001245008705375738 -0.00047582887411173479 0.0019971115869739492 -0.00033594031389854047 0.00070168928840041046 -2.8883080170019889e-05 0.0037366408037138353 -0.00081370112761392085 -0.0053706329575311657 3.5533505086300496e-05 -0.00033918486646679417 -5.3492177560146662e-05 0.0011586048570725945 0.0039261289647091061 0.0035828483644546232 0.0010440763422327616 -0.0020905932815718101 0.0082908314944691117 0.00076221443608685076 -0.0014611650411279398 -0.00024715817167106271 -0.001192281152410048 0.00015288533630934437 0.00037579728291269531
leaf_weight=274 144 2844 317 305 53 48 174 198 66 51 294 84 261 47 326 276 101 107 322 356 420 80 116 184 41 4324 224 391 219 689 75 93 77 165 6692 414 212 65 84 520 68 3520 638 840 84 160 116 145 1744 262 106 155 107 111 173 87 344 183 72 209 1369 397
leaf_count=274 144 2844 317 305 53 48 174 198 66 51 294 84 261 47 326 276 101 107 322 356 420 80 116 184 41 4324 224 391 219 689 75 93 77 165 6692 414 212 65 84 520 68 3520 638 840 84 160 116 145 1744 262 106 155 107 111 173 87 344 183 72 209 1369 397
internal_value=-0.000158626 0.00124016 -0.000343571 -0.000664525 -0.00251462 -0.0043024 -0.00616094 -0.000415182 -0.00698113 0.00110544 -0.00852778 0.000579557 0.00314092 -0.0105165 -0.0115137 -0.00350404 0.000622912 0.00260671 0.000969529 0.00588504 0.00239617 0.00500945 -0.000483092 -0.0027897 -0.000322898 -0.00110531 -0.00222637 0.00048913 0.00194543 0.000521195 0.00552585 0.00050813 -0.00409357 0.000226101 0.000279139 0.00391906 0.00202991 -0.00242806 -0.000130208 -0.00260135 -0.00164609 0.000161275 -0.000887503 -0.00184659 3.59389e-05 0.00195637 -0.00088 -0.00579044 -0.000638375 0.00274064 -0.00224203 0.00411585 0.0055597 0.000823529 -0.0020339 0.00629139 0.000674182 -6.51721e-05 0.00700637 -0.000695233 3.21958e-05 0.00415913
internal_weight=32623 3809 28814 21631 2554 1616 1192 19077 264 293 899 938 578 667 620 360 7183 1629 1082 547 938 518 196 232 18813 7757 4548 3209 1978 1428 550 245 170 11056 11015 965 691 277 191 739 242 10850 4158 1231 5554 1443 624 261 4111 363 1850 819 659 424 284 140 2261 1917 156 1761 1552 552
internal_count=32623 3809 28814 21631 2554 1616 1192 19077 264 293 899 938 578 667 620 360 7183 1629 1082 547 938 518 196 232 18813 7757 4548 3209 1978 1428 550 245 170 11056 11015 965 691 277 191 739 242 10850 4158 1231 5554 1443 624 261 4111 363 1850 819 659 424 284 140 2261 1917 156 1761 1552 552
cat_boundaries=0 1 2 3 4 5 6 7 8 9 10 11 12 13 14 15 16
cat_threshold=6678 2304 1332 25 546 2180 514 2629 712 2115 3 262 2184 132 4 2176
is_linear=0
shrinkage=0.05


Tree=95
num_leaves=63
num_cat=5
split_feature=2 0 11 4 31 25 37 27 30 17 33 40 41 19 44 14 12 13 22 42 9 22 16 42 22 6 33 27 27 33 22 9 4 16 25 5 30 23 25 11 27 26 22 41 31 20 0 7 19 0 19 3 41 41 13 25 9 7 25 27 30 5
split_gain=3.24109 3.10125 2.92851 3.36963 4.32745 5.08195 3.68623 3.37747 5.36563 3.25795 3.24608 4.82692 3.79577 4.20322 3.39888 3.38853 3.14273 2.94713 2.89641 2.82072 2.80066 2.74304 2.6749 2.65811 3.1483 2.61888 2.494 2.48398 3.93347 3.48759 2.47816 3.09321 2.60635 2.57623 2.47092 2.44916 2.91066 3.55321 2.43282 2.53501 3.47367 2.40791 2.40261 2.31645 3.45533 2.72899 2.27375 2.26149 2.25058 2.78417 2.49441 2.23055 2.75833 2.46264 2.21923 2.61204 3.03154 2.1924 2.76164 4.09861 2.87608 3.48048
threshold=0.071528977975274813 1.0857429026690679 7.5000000000000009 0.41379947468761064 176.60000000000005 0 67.500000000000014 30.500000000000004 1.0000000180025095e-35 0.57141837710756527 27.450000000000006 2.5000000000000004 4.7861904761904768 -0.0085833253407317667 0.35416666666666669 0.13353139262452299 75.500000000000014 1.0000037500093755 0.12292020694600569 0.53774928774928787 0.22084848614033531 -0.14585466718334952 -2.8195609708590967 0.85825892857142871 0.36547393778177778 7.1583667191456639 30.264285714285723 41.500000000000007 4.5000000000000009 26.778571428571436 -0.012668527599453501 0.080062704195361323 0.74480069240981017 -1.608077719872997 1 7.7978712457693549 1.6500000000000004 -0.71760896327869561 2 61.500000000000007 18.500000000000004 35.500000000000007 -0.78746964357150795 89.159016393442641 267.05000000000007 0.007528203565117293 -0.18232285679484492 7.1359416715339501 -0.10358715860614272 0.064538521137571983 -0.14853153869141658 -0.18464711857039082 1599.9025631017437 107.92622950819673 0.11839325583956588 3 0.18117247116684601 7.1146858005522686 4 43.500000000000007 10.350000000000003 6.9966462866686951
decision_type=2 2 2 2 2 1 8 2 2 2 2 2 2 2 2 2 2 2 8 2 10 10 2 2 8 2 2 2 2 2 8 10 2 2 1 2 2 10 1 2 2 2 8 2 2 10 2 2 2 2 2 2 2 2 2 1 8 2 1 2 2 2
left_child=19 2 3 6 5 -5 -2 8 -7 23 11 21 13 -12 38 30 20 -6 26 -1 -8 46 -21 -9 -25 -13 -18 28 -23 -29 31 -14 43 -32 -35 -27 -37 -38 -15 -40 -41 -20 -17 44 -33 -45 -4 -10 49 -44 -51 -36 53 -53 55 -24 -57 58 59 60 -56 -62
right_child=1 -3 10 4 17 7 16 9 47 -11 12 25 15 14 -16 42 18 -19 41 22 -22 27 54 24 -26 35 -28 29 -30 -31 33 32 -34 34 51 36 37 -39 39 40 -42 -43 48 45 -46 -47 -48 -49 -50 50 -52 52 -54 -55 57 56 -58 -59 -60 -61 61 -63
leaf_value=-0.0016899786908669099 0.0026808885621069051 -0.013119913081661189 0.0066025254965875208 -0.0024204206543858978 -0.0025590036722202385 -0.0017293244694729017 0.0014358548975903773 0.0047170132199296742 0.0045670687984142892 -0.0012522463298032097 -0.00020035923254710584 -0.001853505453203521 0.001508702241781709 -0.0020941933590502256 0.0010976929869514682 -0.00097092509976186986 0.0014662961768664605 0.00029948101843165869 -0.00090257426661750494 0.001449836368160046 -0.00054487569176038812 -0.001542595566696614 -1.4854751406358573e-05 0.002043097346480192 -0.00041442945814356184 0.00063774265286343015 -0.00084083774748892502 0.00016624279087615811 0.0022323152942361861 -0.0052346105305361174 -0.0025887170572477208 0.00040096159012410363 0.0052407506306001465 -2.2540201251718128e-05 0.00045060367758907387 -0.004278006082178135 0.00091732072988699774 -0.0015509255983393022 -0.0036183797962206971 -0.0050018855041386694 0.00028001114258648655 -0.0033371384539458235 -8.6821563416216758e-05 -0.00018318527375391078 -0.0033211682894859944 -0.0028642749061154674 0.0016950533527637507 0.00029745952428760495 3.7036060866269682e-05 0.0011000797963432913 0.0049567524438237556 -0.0014042197742289899 -0.0016780604678711787 6.3415638212408271e-05 -0.00045651258177109908 0.00064737267267182992 0.0060743108493886387 -1.3338320119343987e-05 0.00026109794898674786 -0.0018676047507660825 0.001914122335889712 -0.0010283222456522439
leaf_weight=52 105 70 45 139 303 186 444 61 64 81 632 54 53 307 70 53 135 119 138 299 209 49 105 220 106 91 102 123 148 77 239 614 49 830 102 57 92 142 278 74 107 40 144 305 45 146 535 242 1461 124 49 828 122 297 168 49 52 17041 3508 199 108 44
leaf_count=52 105 70 45 139 303 186 444 61 64 81 632 54 53 307 70 53 135 119 138 299 209 49 105 220 106 91 102 123 148 77 239 614 49 830 102 57 92 142 278 74 107 40 144 305 45 146 535 242 1461 124 49 828 122 297 168 49 52 17041 3508 199 108 44
internal_value=-0.000156575 -0.000850815 -0.000783727 0.000649351 -0.000903417 0.00075 0.00266184 0.00205973 -0.000811359 0.00511727 -0.00124655 0.000937058 -0.00169192 -0.00394826 -0.0062724 -0.00108477 0.00177736 -0.00520095 -0.0016226 0.000199991 0.00393731 0.00288855 0.000228284 0.0070232 0.00519878 -0.00343249 0.0019958 -0.00031407 0.00366162 -0.00422886 -0.00196915 -0.00012366 -0.000668103 -0.00289376 -0.00235092 -0.00195822 -0.00419521 -0.00170213 -0.00723598 -0.00952128 -0.00508242 -0.00642458 0.000668668 -0.00117012 0.000719697 -0.00392699 0.00507745 0.00325733 0.000983699 0.0047956 0.00905172 -0.00365809 -0.00426683 -0.00348579 0.000162162 0.00531401 0.0104911 0.000111538 0.00116063 -0.00221698 0.00124611 0.00620915
internal_weight=32731 11106 11036 2694 1521 1099 1173 960 492 468 8342 1413 6929 1468 836 5461 1068 422 415 21625 653 977 21573 387 326 436 237 397 197 200 3630 1212 1159 2418 2179 382 291 234 766 459 181 178 1831 1110 659 451 580 306 1778 317 173 1349 1247 1125 21274 206 101 21068 4027 519 320 152
internal_count=32731 11106 11036 2694 1521 1099 1173 960 492 468 8342 1413 6929 1468 836 5461 1068 422 415 21625 653 977 21573 387 326 436 237 397 197 200 3630 1212 1159 2418 2179 382 291 234 766 459 181 178 1831 1110 659 451 580 306 1778 317 173 1349 1247 1125 21274 206 101 21068 4027 519 320 152
cat_boundaries=0 1 2 3 4 5
cat_threshold=1153 842 2104 3888 2176
is_linear=0
shrinkage=0.05


Tree=96
num_leaves=63
num_cat=14
split_feature=20 22 39 3 8 4 3 18 20 15 3 13 21 25 20 25 27 26 20 39 39 4 12 31 5 25 6 39 7 30 17 22 3 39 10 21 12 27 20 39 30 26 14 7 25 40 10 12 25 20 39 30 31 26 3 44 25 35 35 37 25 44
split_gain=3.00388 2.75224 4.93547 4.52948 3.18199 3.05484 3.01843 2.57726 2.52184 4.00253 3.18329 2.91232 3.0871 3.13701 2.52182 2.87483 2.69837 6.08264 5.42077 5.12428 4.16563 3.59586 3.58562 3.55462 4.38439 3.48521 6.56789 3.22689 5.37004 5.12062 4.19746 3.56335 3.66621 4.15537 3.99153 4.2195 3.73448 4.23756 3.17116 3.16731 3.13912 3.0334 3.04346 3.01645 9.55683 6.26671 5.29993 4.66976 4.07554 3.72035 3.4572 6.23908 8.01871 5.3331 3.87726 3.0777 3.01573 2.99743 4.34459 3.22875 2.96093 3.60927
threshold=-0.30419504921343893 0.57982041832616715 0 -0.10536051565782632 0.57451047271504441 1.1319562517824873 -0.19415601444095684 -1.721034924997491 0.099172251355097371 -0.81197321439432735 -0.44628687762864988 1.6002280821917811 4086.1800000000007 1 0.079001481709397539 2 5.5000000000000009 36.500000000000007 -0.05248386533281716 3 4 -1.4388113718587412 68.500000000000014 215.05000000000004 7.827472448175457 5 8.582815340213596 6 7.1982017582533979 5.2500000000000009 0.80258401339753116 -0.66609198338540654 0.32702850316407611 7 -0.26689174840867697 3993.7500000000005 51.500000000000007 21.500000000000004 -0.018403330321166967 8 18.050000000000004 36.500000000000007 0.062520356981333639 8.2272248585775483 9 1.5000000000000002 -0.29721993208892167 6.5000000000000009 10 -0.020156874658079863 11 19.650000000000002 209.65000000000001 44.500000000000007 0.29086288308198821 0.15476190476190479 12 0.23900491537874677 2.9765057257934168e-10 45.500000000000007 13 0.2678571428571429
decision_type=10 10 1 2 10 2 2 10 10 2 2 2 8 1 10 1 2 2 10 1 1 2 2 2 2 1 2 1 2 2 2 8 2 1 2 10 2 2 10 1 2 2 2 2 1 2 2 2 1 10 1 2 2 2 2 2 1 2 2 10 1 2
left_child=-1 4 -3 -4 5 8 -6 -8 14 10 -10 12 -11 -14 16 -16 17 20 -19 -20 22 -18 40 25 -25 26 -22 43 30 39 57 -31 33 36 41 -36 -33 -38 -34 -30 -2 42 -35 44 -23 48 -46 49 -45 -47 51 52 53 55 -53 -48 -32 58 59 -29 -49 -62
right_child=1 2 3 -5 6 -7 7 -9 9 11 -12 -13 13 -15 15 -17 21 18 19 -21 23 27 -24 24 -26 -27 -28 28 29 31 56 32 38 34 35 -37 37 -39 -40 -41 -42 -43 -44 45 46 47 50 60 -50 -51 -52 54 -54 -55 -56 -57 -58 -59 -60 -61 61 -63
leaf_value=-0.0029184046687874181 0.0035335935191231644 -0.0036882375986373238 0.002505003732022663 -0.00057589471810869238 0.0053253327571797376 0.0013031016180507023 -0.00459868854532796 0.00077098607933569706 0.0068141689152577652 4.3347693512973269e-05 -0.0030440811579821115 0.0022605360587160911 0.00043304280439903628 -0.0017605219054575663 -0.00025507109496653442 0.0014307655350207331 -0.0072456742233727349 -0.00072549340755997049 9.5481663392388511e-05 0.0017435937468051341 0.0023810032886192119 0.00077679993183798557 -0.00012701916752245036 -0.00016385399851498867 -0.0037669232511119213 -0.0002002201600918881 -0.0032915645013973415 0.00013835575620528949 -0.0037147440201578731 0.0070123021126693502 0.0001800821848043169 0.0012811659772192499 -0.00050923888826678897 -0.00090929607695989937 -1.251772421991277e-05 -0.0028708015670125988 -0.012432807487513367 -0.0012779826229432469 0.0023800828707059782 -0.00029224823804749735 -0.0003918467571837751 0.0081733611473286186 0.0062879302102101606 -3.1454612562074186e-05 0.0028569682893772944 -0.0025711409208553334 -0.00077448635097042125 0.0003868372253195819 -0.0016451459694423014 -0.00010916382195784685 -0.00090658488210398338 0.0017114652195709954 -0.0078922873580587177 0.0011419999192514294 -0.0014231608588051782 0.00029214725811637336 -0.0012801919382050735 0.0010993499052959963 -0.00046801223490399867 0.0037816084781296189 0.00022022380354807269 -0.00047618632363801024
leaf_weight=266 114 314 152 689 293 337 59 601 40 1303 256 224 249 649 324 648 49 201 308 639 191 1976 93 153 116 1210 43 4654 307 56 286 87 135 90 2133 156 101 241 227 3379 42 49 42 635 199 155 457 1090 747 232 1045 450 76 229 95 70 372 108 505 53 2245 427
leaf_count=266 114 314 152 689 293 337 59 601 40 1303 256 224 249 649 324 648 49 201 308 639 191 1976 93 153 116 1210 43 4654 307 56 286 87 135 90 2133 156 101 241 227 3379 42 49 42 635 199 155 457 1090 747 232 1045 450 76 229 95 70 372 108 505 53 2245 427
internal_value=3.82579e-05 8.17725e-05 -0.00231401 -0.000264085 0.000170389 8.08608e-05 0.00301363 0.00113464 2.75349e-05 -0.00142359 -0.00690236 -0.000752267 -0.00130563 -0.00355951 0.000172534 0.00267215 7.99421e-05 0.00146255 0.00435161 0.00593354 -0.000229241 -0.00010579 0.00567308 -0.00111659 -0.00638889 -0.000138408 0.00530612 -7.68066e-05 -0.000598445 -0.00153841 0.000501756 -0.00011302 -0.000329552 -0.000922414 -0.000120919 -0.000687773 -0.00539773 -0.00787172 0.00440771 -0.00282072 0.0105096 0.00700549 0.00300752 0.000591774 0.00153871 -0.000194324 -0.000446429 0.000777108 -0.00310918 -0.00444588 -0.00109369 0.000558357 -0.00216086 -0.000594452 0.00471612 -0.00336174 -0.00326252 0.000967863 0.000796087 0.00126912 0.00131544 0.000409989
internal_weight=32672 32406 1155 841 31251 30298 953 660 29961 2721 296 2425 2201 898 27240 972 26268 3110 1148 947 1962 23158 249 1713 269 1444 234 23109 12981 7003 5978 3317 3261 2899 2470 2289 429 342 362 3686 156 181 132 10128 4597 5531 2621 4149 1382 387 2422 1377 832 756 545 527 658 5320 5212 4707 3762 2672
internal_count=32672 32406 1155 841 31251 30298 953 660 29961 2721 296 2425 2201 898 27240 972 26268 3110 1148 947 1962 23158 249 1713 269 1444 234 23109 12981 7003 5978 3317 3261 2899 2470 2289 429 342 362 3686 156 181 132 10128 4597 5531 2621 4149 1382 387 2422 1377 832 756 545 527 658 5320 5212 4707 3762 2672
cat_boundaries=0 1 2 3 4 5 6 7 8 9 10 11 12 13 14
cat_threshold=6157 532 3108 13 56 96 4665 2048 256 2071 2851 4120 301 200
is_linear=0
shrinkage=0.05


Tree=97
num_leaves=63
num_cat=7
split_feature=26 21 11 4 26 40 31 0 31 42 9 25 13 33 27 38 22 24 2 26 4 21 9 17 33 25 40 25 25 11 26 33 33 21 4 26 38 9 42 21 33 26 7 18 22 37 2 11 26 21 4 16 7 31 26 2 42 10 37 10 8 14
split_gain=3.05946 2.89943 5.04353 4.97357 2.80304 4.96289 5.178 2.77916 2.66339 4.16892 2.7256 4.65497 3.40325 4.33934 4.62228 4.37721 4.28152 3.97183 3.95829 3.69687 6.29487 5.83587 5.08469 4.20821 4.09847 4.03661 3.76149 6.24713 3.64147 3.47202 3.35713 3.42671 3.31277 3.30448 3.19673 4.48251 3.15723 4.1989 3.3906 3.02877 3.79768 2.93542 2.88661 3.02514 2.88151 2.87897 2.87129 2.85517 3.25868 2.84407 2.83714 2.8336 2.74544 5.34363 2.73098 2.71502 2.6749 2.64626 3.14804 2.63705 2.62884 2.61524
threshold=51.500000000000007 1784.1650000000002 16.500000000000004 -0.064539146137181355 49.500000000000007 1.5000000000000002 35.750000000000007 -1.0000000180025095e-35 385.85000000000008 0.90521114106019784 0.080974249026183498 0 0.60000015789482009 38.192857142857157 22.500000000000004 1 -0.45934297130005491 2 0.071528977975274813 11.500000000000002 -0.18023002158306498 9456.2500000000018 0.21616910403328379 -0.03545998504147984 35.564285714285724 3 1.5000000000000002 4 5 84.500000000000014 19.500000000000004 33.507142857142874 27.992857142857151 8418.7500000000018 -0.11778303565638336 3.5000000000000004 6 0.24039818492716966 0.96638418079096056 3252.5000000000005 28.192857142857147 34.500000000000007 8.5911982596328098 -1.7798267516245729 0.35667514393869243 11.500000000000002 -0.022030387960464633 62.500000000000007 25.500000000000004 1344.0350000000001 0.038161154276822991 1.3783092883779806 6.5876791731206135 0.25000000000000006 45.500000000000007 0.087011376989629699 0.9536672629695887 -0.055921802247824275 43.500000000000007 -0.24066522839472346 0.10185754852720044 -0.2031442122364002
decision_type=2 10 2 2 2 2 2 2 2 2 10 1 2 2 2 1 8 1 2 2 2 10 10 2 2 1 2 1 1 2 2 2 2 10 2 2 1 10 2 10 2 2 2 8 8 8 2 2 2 8 2 2 2 2 2 2 2 2 10 2 8 2
left_child=4 -2 -3 -4 8 7 -7 -6 10 -10 11 45 19 15 29 52 28 -18 -16 20 22 23 -12 25 46 42 27 30 -17 49 -25 47 -22 54 41 44 37 38 -27 40 -38 -13 43 -21 -36 -1 -23 -32 -49 -15 -26 -34 53 -14 -28 -24 -11 -47 -59 -29 -33 -9
right_child=1 2 3 -5 5 6 -8 61 9 56 12 34 13 14 18 16 17 -19 -20 21 32 24 55 26 50 36 33 59 -30 -31 31 60 51 -35 35 -37 39 -39 -40 -41 -42 -43 -44 -45 -46 57 -48 48 -50 -51 -52 -53 -54 -55 -56 -57 -58 58 -60 -61 -62 -63
leaf_value=-0.00073408847375346651 -0.0016639420849507 -0.0015665925874742096 -0.0012207129106085561 0.0031281109128005742 0.0049505725737918329 0.00081168138575211381 -0.0012464748866634089 -0.00096290541378291213 -0.00025749258333957262 0.0023623257742553202 -0.0011931315547590617 0.00020077351283378717 -0.0040125868140787535 0.005459509602533919 0.001390191053628092 -0.001584317482530774 4.0385339942289413e-05 -0.00061931078751810333 -0.00056691363944245889 -0.0018537492902071136 0.0020228287907332809 0.002391906221084645 0.0022258733392346583 -0.0026044870977399827 0.0014704017406549832 0.00090233949749859987 3.4818423662152165e-05 -0.000310759955795574 0.0016297608023725749 -0.00086354963168254614 0.00036908955905490791 0.0029344547256348976 0.00047992813228467059 -0.0012372549077947423 -0.00018296273332278994 -6.015294306556998e-06 0.0014836465754954852 -0.0029311200604517731 -0.00025019046953540618 -0.0020725940653234984 -0.0010341178122927582 0.0019868695585815595 -0.00082413988083557201 0.00067876339587828358 -0.00045896222151852384 0.0017569328095688925 0.00039900851678643587 -0.0036656922528499527 -0.00085755294421221084 0.0017331579299302543 -0.0023226939602772226 -0.0018132653522496371 0.00011911447030094891 0.006644812123281856 -0.0021182625766618729 -0.0021161192640792243 0.00094822820077463147 7.4969706146338404e-05 0.0030105122232997059 -0.0021966215575554226 0.0011340486248733604 0.0022214726432990702
leaf_weight=41 299 97 70 79 203 171 154 79 153 150 452 434 50 130 614 391 2482 3901 473 176 200 139 149 142 56 304 1243 252 1040 89 408 55 1225 54 51 2251 78 179 418 330 432 113 125 1205 62 191 260 88 181 322 73 75 7345 168 101 45 106 846 76 1368 195 215
leaf_count=41 299 97 70 79 203 171 154 79 153 150 452 434 50 130 614 391 2482 3901 473 176 200 139 149 142 56 304 1243 252 1040 89 408 55 1225 54 51 2251 78 179 418 330 432 113 125 1205 62 191 260 88 181 322 73 75 7345 168 101 45 106 846 76 1368 195 215
internal_value=9.4354e-05 -0.00361722 0.000404858 0.00616667 0.000157072 0.00303767 -0.0017638 0.0061747 8.17772e-05 0.00408537 2.89585e-05 0.00123586 -0.000152699 0.000277843 0.00273174 1.78827e-05 -0.000811502 -0.0013667 0.000850184 -0.000884204 0.000954821 -0.00138624 -0.00316847 -0.00175187 0.0036862 -0.000407943 -0.00281923 -0.00391264 0.00165852 0.00650369 -0.000902778 0.000188578 0.00273151 -0.000714796 0.00016256 -0.000634249 -0.00204053 2.74123e-05 0.00172891 -0.00423032 -0.0018591 0.00360401 0.00148319 0.00215268 -0.010307 0.00390558 0.0061875 -0.00165929 -0.00564815 0.00827815 -0.00403846 0.0018063 0.000874703 0.00639269 -0.000223048 0.00358974 0.00797665 0.00442101 0.00330444 -0.0058553 0.00517928 0.00305085
internal_weight=32854 545 246 149 32309 822 325 497 31487 409 31078 4065 27013 17005 1628 15377 7814 6383 1087 10008 2146 7862 646 7334 528 3247 4087 2689 1431 541 1069 927 1500 1398 2911 2364 1741 901 722 840 510 547 1506 1381 113 1154 399 677 269 452 129 1300 7563 218 1344 194 256 1113 922 1620 250 294
internal_count=32854 545 246 149 32309 822 325 497 31487 409 31078 4065 27013 17005 1628 15377 7814 6383 1087 10008 2146 7862 646 7334 528 3247 4087 2689 1431 541 1069 927 1500 1398 2911 2364 1741 901 722 840 510 547 1506 1381 113 1154 399 677 269 452 129 1300 7563 218 1344 194 256 1113 922 1620 250 294
cat_boundaries=0 1 2 3 4 5 6 7
cat_threshold=648 3 20 1616 2352 2186 3
is_linear=0
shrinkage=0.05


Tree=98
num_leaves=63
num_cat=7
split_feature=10 20 41 2 41 25 23 42 6 31 30 41 14 4 31 36 25 19 4 15 7 7 2 16 39 30 25 7 8 4 44 0 42 41 2 4 6 39 15 39 25 19 8 12 13 11 19 19 26 8 10 42 7 6 18 14 15 15 4 41 11 8
split_gain=3.02877 4.38634 2.71867 3.00339 3.04578 4.18112 3.75075 3.732 7.20568 3.1565 3.95332 3.22343 3.31618 3.10414 2.97708 4.61332 4.47757 2.89768 2.58155 2.5396 3.17715 3.1365 3.28275 2.78506 3.32533 4.44266 3.41418 5.20945 4.08477 3.22583 3.22545 3.18336 3.00041 2.90873 2.76037 2.58936 2.57611 3.2949 3.9536 3.05243 3.28099 3.24898 3.06601 2.99152 2.97983 3.02197 2.89076 3.1878 2.70791 2.60824 3.98422 3.35776 2.55557 4.04793 3.70894 2.95959 2.95507 2.77781 2.65202 2.51769 2.51711 2.76821
threshold=0.85614897613842278 -0.043695226435781144 5706.0234451450206 -0.03407580374309082 688.93334173387109 0 -0.32809573701875799 0.95275297619047628 7.5967432928294309 268.55000000000007 72.850000000000023 2446.6156795346383 0.69314718055994562 -0.0067644495520986494 175.25000000000003 0.05904890189201769 1 0.010337948081481209 1.5410939703049495 1.0008729022455694 7.4398563622014349 7.2176425759561669 -0.11178480759489771 0.041877467240995621 2 107.00000000000001 3 8.3071297203521315 0.048904225846430456 0.7869289994068015 0.15476190476190479 -0.40546510810816433 0.93798076923076934 103.87133099141296 -0.34291792354734868 -0.33647223662121245 7.66462016252905 4 -0.14310084364067308 5 6 0.041149591174201201 0.36711093790326293 32.500000000000007 0.59812794130098301 38.500000000000007 0.062782231358156138 -0.21935347880102321 21.500000000000004 0.19151239552444935 -0.26689174840867697 0.81509971509971524 7.0074974690426606 6.9099126582296089 1.1302584752387053 -0.10064352577968737 -1.0976309340841846 -1.0000000180025095e-35 -0.60613625811556371 79.372983870967758 7.5000000000000009 0.047967134202400404
decision_type=2 10 2 2 2 1 8 2 2 2 2 2 2 2 2 2 1 2 2 2 2 2 2 2 1 2 1 2 10 2 2 2 2 2 2 2 2 1 2 1 1 2 10 2 2 2 2 2 2 8 2 2 2 2 8 2 2 2 2 2 2 10
left_child=2 -2 3 19 18 7 -7 8 -6 10 11 12 -9 17 16 -16 -4 -8 -5 23 21 35 -23 29 -25 26 28 -28 -26 36 31 -30 33 -33 -32 -21 37 52 -39 46 41 49 43 44 -42 -46 47 -38 -47 50 -41 -51 53 -1 55 56 -54 -57 -59 -45 -18 -62
right_child=1 -3 14 4 5 6 13 9 -10 -11 -12 -13 -14 -15 15 -17 60 -19 -20 20 -22 22 -24 24 25 -27 27 -29 30 -31 34 32 -34 -35 -36 -37 39 38 -40 40 42 -43 -44 59 45 48 -48 -49 -50 51 -52 -53 54 -55 -56 57 -58 58 -60 -61 61 -63
leaf_value=0.00055707791779861305 -0.048701207543055125 -0.00034346795481226834 0.0011145882078149321 -2.8336301269020308e-05 0.0019259485965697045 0.00048360330895203099 0.00048076076955703257 -0.00021499928835453757 -0.001466944141178025 0.0014673443215981166 -0.0037642052569652807 -0.0011400283834299052 0.0013626166635469141 -0.0015681938485628559 0.0041540068491299018 -0.00025597215249026269 -0.001558162493660699 -0.0013582541968932536 0.0048902915212949705 -0.0010317731025169562 0.001220383567833216 -0.00051214057844138356 -0.0047648579253474852 0.00012048235454366931 0.0012911091361352059 0.0050249340536073599 -0.0010848314849698259 -0.0052240545611717988 0.004296383458411596 0.0022747411424960664 -0.0033165117400212221 -0.0032368583536051656 -0.00024239946456990487 0.0030092012114032035 0.0046890429358534234 0.0015630972106517366 0.0026420023238100557 0.00079784721136911272 0.0038015683874741872 0.0031750782673650836 -0.0013460453007702142 -0.0019958722887016738 0.0029470498844695932 0.00029659497889367024 0.0042033608749975377 -0.0015874682543872264 0.0023046499581213273 -0.0018056738498461609 0.0025675766755211466 -0.0071584807164181341 9.6812698927283529e-05 -0.00044805041762142672 0.0012207534613256216 0.0028255886186296778 -0.0036702830298063803 0.0011679139710981258 -0.00070858900186346644 -0.0023745847823064708 0.0001294252483588958 0.0012059224004343533 -0.0012792176652731354 0.00036280678679841973
leaf_weight=687 45 78 139 16991 266 86 208 355 79 86 53 241 62 513 90 49 40 151 53 109 724 76 42 2246 41 72 1055 126 92 112 49 239 739 50 94 214 53 276 267 76 254 171 179 926 58 128 82 670 78 46 596 388 181 195 65 359 566 53 317 233 85 89
leaf_count=687 45 78 139 16991 266 86 208 355 79 86 53 241 62 513 90 49 40 151 53 109 724 76 42 2246 41 72 1055 126 92 112 49 239 739 50 94 214 53 276 267 76 254 171 179 926 58 128 82 670 78 46 596 388 181 195 65 359 566 53 317 233 85 89
internal_value=-6.33704e-05 -0.0078629 -3.37206e-05 -9.02611e-05 -0.000488378 -0.00228463 -0.00469556 -0.000216826 0.0041185 -0.002099 -0.00319522 -0.00212443 0.000538278 -0.00572738 0.00365112 0.00982143 0.00120056 -0.00215278 -0.00026694 0.000496727 0.00272298 -0.000622172 -0.00756303 0.000277073 -0.0006505 -0.00187889 -0.00224256 -0.00417366 -0.000456274 0.000912071 -0.000969146 -0.00187333 -0.0026725 -0.00698276 0.00607639 0.00192901 0.000774801 0.00188743 0.00537004 -6.34679e-05 0.000644084 -0.00130047 0.00198179 0.00132598 -0.00183044 0.00188679 -0.00278799 -0.00383287 -0.000966184 -0.00031617 0.00163447 -0.00333333 0.00107847 0.00322763 -0.000145914 0.000372376 -0.00183824 0.00263699 -0.000404313 0.00273707 -0.00333333 -0.000857143
internal_weight=32743 123 32620 32128 19144 2100 958 1142 345 797 711 658 417 872 492 139 353 359 17044 12984 1165 441 118 11819 4803 2557 2485 1181 1304 7016 1263 1120 1028 289 143 323 6904 2966 543 3938 3133 1277 1856 1677 518 264 805 723 206 1106 672 434 2423 882 1541 1476 747 729 370 1159 214 174
internal_count=32743 123 32620 32128 19144 2100 958 1142 345 797 711 658 417 872 492 139 353 359 17044 12984 1165 441 118 11819 4803 2557 2485 1181 1304 7016 1263 1120 1028 289 143 323 6904 2966 543 3938 3133 1277 1856 1677 518 264 805 723 206 1106 672 434 2423 882 1541 1476 747 729 370 1159 214 174
cat_boundaries=0 1 2 3 4 5 6 7
cat_threshold=952 554 575 1309 2470 3344 3848
is_linear=0
shrinkage=0.05


Tree=99
num_leaves=63
num_cat=9
split_feature=10 39 4 26 26 33 1 39 6 4 5 39 5 21 4 25 31 7 30 22 6 11 12 22 20 10 33 8 41 42 20 25 31 21 12 8 41 33 42 25 5 8 7 1 10 25 44 11 11 39 39 19 20 11 21 3 4 26 21 42 21 12
split_gain=2.67413 3.94438 4.51266 4.74621 6.00792 5.30155 4.1787 3.5559 4.99983 3.72634 3.3847 3.32622 6.29026 5.37388 3.79286 3.6004 4.4536 3.29875 3.28911 3.76286 3.907 3.25862 3.17037 3.64742 3.41932 3.64188 3.45848 3.14639 4.82239 3.11325 3.23568 3.17436 3.0361 3.4687 3.02466 3.98194 3.69366 2.91941 2.88474 2.84631 3.69993 2.83937 2.81863 2.80159 2.78947 2.78904 3.6982 4.75151 4.3066 4.00579 3.48884 3.56276 3.29707 3.25052 3.17483 3.05148 3.06605 3.1554 3.02075 2.80188 2.77955 3.10586
threshold=0.0031360396130444283 0 0.68634791663256378 11.500000000000002 14.500000000000002 25.735714285714291 -0.087010922444381564 1 6.8311881550629456 -0.26539100540296617 6.1957034036180785 2 7.8902927501032503 1592.9150000000002 -0.62860865942237376 3 262.75000000000006 6.4197241282673643 51.500000000000007 -0.71556746849096398 7.9208361632284463 64.500000000000014 33.500000000000007 -0.2977304245121683 -0.073992866587677272 0.053955811208172839 32.078571428571436 0.029464010754302754 166.67439516129033 0.87400793650793662 0.037364504613555984 4 280.60000000000008 3600.8350000000005 74.500000000000014 0.12770056517365483 4.3017370470200662 28.292857142857148 0.92247596153846168 5 7.4076372919099853 0.21142466245168759 8.1708350671697865 -0.308300951491085 -0.050193214659047129 6 1.0000000180025095e-35 39.500000000000007 53.500000000000007 7 8 -0.34322369477975967 0.044357072429742517 20.500000000000004 3252.5000000000005 -0.46203295959230845 -0.19035534139704643 48.500000000000007 1000.6250000000001 0.8546920821114371 8987.5000000000018 2.5000000000000004
decision_type=2 1 2 2 2 2 2 1 2 2 2 1 2 10 2 1 2 2 2 8 2 2 2 8 10 2 2 8 2 2 10 1 2 8 2 8 2 2 2 1 2 8 2 2 2 1 2 2 2 1 1 2 10 2 10 2 2 2 8 2 10 2
left_child=7 2 3 22 -5 -6 41 8 21 11 -3 12 13 39 15 -13 -17 -8 19 -10 -21 43 -2 -24 -25 -26 37 28 -12 30 -20 44 -33 -34 36 -36 -14 -27 -4 -9 -41 -7 -28 -1 -31 46 49 53 59 -11 54 -52 -50 -48 -47 -53 57 -57 -58 -49 61 -22
right_child=1 10 38 4 5 6 17 9 18 45 27 14 34 -15 -16 16 -18 -19 29 20 60 -23 23 24 25 26 42 -29 -30 31 -32 32 33 -35 35 -37 -38 -39 -40 40 -42 -43 -44 -45 -46 50 47 48 52 -51 51 55 -54 -55 -56 56 58 -59 -60 -61 -62 -63
leaf_value=0.0013822570244357007 -0.00087163248435785591 -0.0098553090174282303 -7.576175131751399e-05 -0.0022906736474803012 -0.0076137383752262425 0.0026276042057649523 0.0071426541823423357 0.0049002119510444279 0.0034931250294224351 0.00048103221399450061 -0.00027114916952170222 -0.00031940892414979508 -0.0031531111376245364 6.3573622777708495e-05 -0.00017958604917424903 -0.0029745560094499111 0.0012459578175278312 -9.9417536086622061e-05 -0.0082398306619168287 -0.00066296821281279007 0.0033593719057963892 0.00085679867866087606 0.0052682339679303173 0.0033460868872636136 0.0023986635771089272 0.0014225801021449888 0.0026328842418688182 -0.0001017544391364888 0.00016791071129889214 0.0045035189737285394 0.0031728149653498152 0.0018458688300183497 0.00054109471572648252 -0.0046965083607654699 0.00039110030616850718 -0.0066573756201299492 8.673294830384968e-05 -0.00097116150087441519 0.0025815882892854442 0.0064472668609599215 -0.0011307782677325087 -4.9797425230687248e-05 -0.00028557537171527704 0.00778057656552863 -0.00078173238814793268 -0.0001552448466022485 0.0011846008071366495 -0.0014783374618908185 6.4133741497360289e-05 -9.2106805351480534e-05 0.003623161061558404 0.0023625112248325895 0.0050448353000082562 0.0012024012345641343 -0.0024013380873577003 0.00046637335453567026 0.0024228853486591624 0.0042559204277278452 -4.4719910390480717e-05 -3.1991707368947738e-05 -0.0018368657682388127 0.00026466054711574843
leaf_weight=54 210 72 176 259 68 232 76 225 307 526 335 372 66 646 1677 467 49 2552 41 1482 140 239 75 76 120 46 108 11372 114 290 44 227 69 60 59 128 388 155 482 43 109 144 85 140 52 1253 225 53 401 1469 48 66 68 206 133 318 126 45 1909 82 150 1536
leaf_count=54 210 72 176 259 68 232 76 225 307 526 335 372 66 646 1677 467 49 2552 41 1482 140 239 75 76 120 46 108 11372 114 290 44 227 69 60 59 128 388 155 482 43 109 144 85 140 52 1253 225 53 401 1469 48 66 68 206 133 318 126 45 1909 82 150 1536
internal_value=2.21401e-05 -0.000419203 0.000779487 0.000178274 -0.000682773 -6.5083e-05 0.000249584 0.000484708 0.00161607 -6.71562e-06 -0.000909358 -0.00117612 0.000567164 0.00300293 -0.00230008 -0.00494938 -0.00759013 -0.000456447 0.00111389 0.000477046 -1.51103e-05 0.00673963 0.0034532 0.00514264 0.00380711 0.0023301 0 -0.000843766 -0.00494444 0.00404974 -0.00494186 0.00515021 0.00163488 -0.00442308 -0.00330997 -0.00864362 -0.0010989 -0.00457921 0.00462822 0.0077381 0.00184049 0.00517241 0.00476804 0.0115385 0.00849858 0.000707173 0.0018415 0.00427124 0.00140496 0.000588677 -0.000179074 0.000931431 0.00367021 0.00827546 -0.00218325 0.000669371 0.000375156 0.00460165 -0.000380648 -0.00643382 0.00153257 0.00211688
internal_weight=32745 16757 4864 4206 3331 3072 3004 15988 4831 11157 11893 4229 1664 1023 2565 888 516 2628 4398 3615 3308 433 875 665 590 514 394 11821 449 783 85 698 356 129 641 187 454 201 658 377 152 376 193 194 342 6928 3030 1035 604 1995 3898 2512 469 431 1386 2464 2398 363 2035 135 1826 1676
internal_count=32745 16757 4864 4206 3331 3072 3004 15988 4831 11157 11893 4229 1664 1023 2565 888 516 2628 4398 3615 3308 433 875 665 590 514 394 11821 449 783 85 698 356 129 641 187 454 201 658 377 152 376 193 194 342 6928 3030 1035 604 1995 3898 2512 469 431 1386 2464 2398 363 2035 135 1826 1676
cat_boundaries=0 1 2 3 4 5 6 7 8 9
cat_threshold=2561 4424 1552 1617 416 3100 716 5 1060
is_linear=0
shrinkage=0.05


Tree=100
num_leaves=63
num_cat=13
split_feature=22 39 25 4 17 30 39 41 38 39 25 22 13 20 33 25 30 23 33 39 23 1 41 17 20 14 20 12 17 14 3 41 11 8 3 31 20 20 21 3 39 30 8 25 6 39 44 25 12 7 11 31 33 30 14 11 25 0 5 12 4 8
split_gain=3.68761 3.6925 4.74162 3.45557 3.24308 5.11214 9.02236 4.9355 3.4204 4.76784 4.41389 4.34092 3.9568 3.67166 3.46358 6.73025 5.16316 4.18794 4.61076 4.04392 3.24715 3.4285 3.50973 3.09271 2.98944 4.21877 4.07287 3.53975 2.96666 3.01951 3.18566 3.54969 3.56596 2.94864 4.00906 2.96955 3.96972 2.9328 2.91934 2.8407 3.60896 3.2498 3.24817 3.21721 4.72472 2.98481 3.60108 4.08872 4.35615 3.32093 2.81786 3.20037 2.98491 2.91127 2.70181 2.62173 2.98747 2.88424 2.64629 3.88898 4.42402 3.61283
threshold=0.40551511060833112 0 1 -0.18232155679395443 -0.0110380294898742 77.750000000000014 2 3.2754310344827591 3 4 5 -0.16776198856517652 1.5750028125100448 0.17097030082367937 29.464285714285719 6 54.45000000000001 -0.84724786952932563 27.292857142857148 7 -0.22992702910878512 0.12405453546599167 18.580796252927403 -1.0436906801161621 0.009452172454175593 -0.91629073187415466 0.22908674390335862 23.500000000000004 -1.5278588521808756 -1.0987451260759042 -0.082238098236972132 159.67400553441718 61.500000000000007 0.25333500564983485 0.086508137936325294 13.950000000000003 -0.0034281271329146381 -0.39487805025586709 1700.0350000000001 -0.17086840395094513 8 47.850000000000009 1.1251352331198416 9 6.8311881550629456 10 1.0000000180025095e-35 11 79.500000000000014 6.703854655643009 27.500000000000004 220.34999999999999 28.678571428571434 0.95000000000000007 0.31956486909420218 88.500000000000014 12 0.090973952114044479 6.7772883275274092 34.500000000000007 -0.078781205722074241 0.25831625079767873
decision_type=10 1 1 2 2 2 1 2 1 1 1 8 2 10 2 1 2 8 2 1 10 2 2 2 10 2 10 2 2 2 2 2 2 10 2 2 10 10 8 2 1 2 8 1 2 1 2 1 2 2 2 2 2 2 2 2 1 2 2 2 2 10
left_child=4 2 -2 -3 5 8 7 -7 9 10 11 -1 13 37 15 23 24 -17 19 -19 -12 22 -22 -11 -16 26 27 -26 -20 -30 31 32 -31 34 35 36 -4 -10 -9 42 41 43 45 44 -41 46 47 48 -6 -47 51 53 -52 -45 -49 58 57 -57 -42 60 -60 -61
right_child=1 3 33 -5 39 6 -8 38 12 14 20 -13 -14 -15 16 17 -18 18 28 -21 21 -23 -24 -25 25 -27 -28 -29 29 30 -32 -33 -34 -35 -36 -37 -38 -39 -40 40 55 -43 -44 50 -46 49 -48 54 -50 -51 52 -53 -54 -55 -56 56 -58 -59 59 61 -62 -63
leaf_value=0.0041854559107316423 0.00018763629440528043 0.00104676027503357 -0.003317035880629217 -0.00038533629113760573 0.0033423523623594764 -0.0010899920748975935 -6.8013759192872591e-05 0.00095166242426552097 -0.011318826449633182 0.00040619987536337845 0.0015633028545206263 0.0013875306444654366 0.00096553271483051624 -0.0038591237024407686 -8.143855811565859e-05 -0.0017480186044714484 0.0036984687788123084 -0.00026607545578887333 0.0023021793010687677 0.002308137501967642 -0.00075749296811753483 -0.0025779954575806878 0.0017287494069732458 -0.0024458976741912174 -0.0016880250628892751 0.0010444781910066655 -0.0054464168902669339 0.001117349122802682 -0.0021868524551690938 0.003793591630169707 -0.000485001666415519 -0.00086176490883263241 -0.00045529688740684402 -0.007052910156309683 0.00016674312112706022 -0.0026970858879114389 0.0004871498142701811 -4.2531750655129205e-05 0.0045509957523273943 0.0029878717841899682 -0.00046512470906776617 0.00025966045240528754 -0.0043830436481091407 -0.00016617146655352637 -0.0021814920689825295 0.0027386626406051386 0.0026567494431834742 -0.0008625894702773446 -0.0015106201111946065 -0.00013165041484614789 -0.0016021194564680846 -0.0046076117583707197 -0.00019591613472546077 0.0016448587558442061 0.0011308032838385225 8.0538443632975957e-05 0.001382365902466351 -0.0034799520623321127 -0.00020248750719345857 -0.0001433873855130944 0.00049753212468135516 0.00054435484905978845
leaf_weight=136 265 260 56 1153 176 66 507 77 44 54 330 466 483 147 1090 153 62 222 94 432 133 110 230 303 80 1147 43 174 106 142 570 72 73 153 165 137 71 5033 246 58 761 424 60 327 458 198 558 345 63 2638 298 46 1020 229 156 178 145 42 1124 5559 1840 933
leaf_count=136 265 260 56 1153 176 66 507 77 44 54 330 466 483 147 1090 153 62 222 94 432 133 110 230 303 80 1147 43 174 106 142 570 72 73 153 165 137 71 5033 246 58 761 424 60 327 458 198 558 345 63 2638 298 46 1020 229 156 178 145 42 1124 5559 1840 933
internal_value=-4.20207e-05 -0.00199027 -0.00457459 -0.000403792 0.000102587 0.000707547 0.00434783 0.0099375 0.00043378 0.00124338 0.0037959 0.00701468 -0.000450332 -0.000851675 0.000491922 -0.000956346 0.00173277 0.000266667 0.000978388 0.00427481 0.00132064 -0.00131857 0.00103022 -0.00713315 0.00138067 0.00287197 -0.00243289 0 -0.00106333 -0.00189315 -0.000903263 0.00338542 0.00659722 -0.00708263 -0.00505814 -0.00886792 -0.00332031 -0.000625246 0.0127315 -0.000337359 -0.00069181 -0.00226402 0.00079857 -0.00297497 -0.00645161 0.000967352 0.00294118 0.000674764 0.0059 5.2687e-05 -0.00199379 0.000829187 -0.00329795 0.0018851 -0.0019043 -0.000264325 0.00389344 0 -0.000413486 -0.000185048 0.00131535 -0.000870168
internal_weight=32721 2260 847 1413 30461 12825 896 389 11929 6222 1405 602 5707 5224 4817 2221 2596 1864 1711 654 803 473 363 357 2534 1444 297 254 1057 963 857 287 215 582 429 264 127 5077 323 17636 13442 2860 4194 2436 516 4134 1298 740 239 2836 1920 602 1318 556 501 10582 365 220 10217 9456 2964 6492
internal_count=32721 2260 847 1413 30461 12825 896 389 11929 6222 1405 602 5707 5224 4817 2221 2596 1864 1711 654 803 473 363 357 2534 1444 297 254 1057 963 857 287 215 582 429 264 127 5077 323 17636 13442 2860 4194 2436 516 4134 1298 740 239 2836 1920 602 1318 556 501 10582 365 220 10217 9456 2964 6492
cat_boundaries=0 1 2 3 4 5 6 7 8 9 10 11 12 13
cat_threshold=6157 178 5380 10 2576 3601 1058 141 4368 200 4348 1186 1148
is_linear=0
shrinkage=0.05


Tree=101
num_leaves=63
num_cat=9
split_feature=22 2 42 9 8 39 4 0 8 39 9 25 24 25 13 9 11 0 20 8 14 22 11 18 21 2 18 33 13 22 19 37 17 18 31 16 3 16 14 19 8 11 8 4 44 8 11 20 31 35 39 21 7 17 31 17 39 25 7 21 25 3
split_gain=2.77146 2.9418 3.68906 2.8018 3.53986 2.42724 2.39842 2.31915 2.73857 5.15376 4.7106 2.91562 2.68302 2.90594 3.14007 2.84067 3.39836 2.82843 4.37805 3.1012 2.89461 3.21089 4.05218 2.62302 2.51414 2.3627 2.77838 2.34115 2.3224 2.29784 3.78338 2.72786 2.64177 2.29091 2.27205 2.43102 2.24673 2.1559 2.40921 2.15124 2.12527 2.11704 2.10561 2.05197 2.00554 1.93939 1.92172 2.45553 1.8974 4.36225 3.87284 4.4855 4.35857 3.92402 3.28408 3.24326 3.14681 4.64942 4.4244 4.7052 3.78701 4.87709
threshold=0.51442198529938754 0.44937552335991576 0.9842509920634922 0.17474134539464814 0.10983557642552756 0 0.13928775791779915 -0.092477453393916317 0.13443561074267027 1 0.11105627342581643 2 3 4 0.87515821656505166 0.16602099298807912 8.5000000000000018 -0.55004633691927152 0.21207229043143225 0.13654872987541819 0.24494139787947836 -0.83921699195796584 21.500000000000004 0.67056706066319482 2439.3950000000004 -0.1416859818287963 -1.0690051483933971 26.578571428571433 0.70466601520084782 0.25322205653754098 0.15967884027456902 31.500000000000004 -0.94923348951680719 0.67991740335414186 2.850000000000001 0.15415067982725819 0.026736007040545132 0.64204831295739673 0.89023459613123157 -0.011206694638300501 0.41792730030775244 4.5000000000000009 0.3368273604607796 0.15137319947494635 0.38750000000000007 0.5935898189491664 44.500000000000007 -0.005706442919606214 0.75000000000000011 0.23900491537874677 5 900.1450000000001 9.4782592729828252 0.083022174528099804 0.15000000000000005 -1.77699978779046 6 7 7.824817992913192 14600.000000000002 8 -0.24956737113404068
decision_type=10 2 2 10 10 1 2 2 8 1 10 1 1 1 2 10 2 2 10 10 2 10 2 10 8 2 10 2 2 8 2 8 2 8 2 2 2 2 2 2 8 2 10 2 2 10 2 10 2 2 1 8 2 2 2 2 1 1 2 10 1 2
left_child=7 2 3 4 43 37 -4 8 9 11 -10 36 13 14 15 -12 -17 18 20 -19 21 -14 -23 24 -13 26 -15 28 -21 31 32 -11 -31 -3 35 -34 -1 38 -5 -22 -28 -33 -27 -2 -29 -20 -6 -48 49 50 52 53 55 -52 -55 -9 57 -50 60 -60 61 -58
right_child=1 33 6 5 46 -7 -8 48 10 29 12 23 17 25 -16 16 -18 19 45 27 39 22 -24 -25 -26 42 40 44 -30 30 -32 41 34 -35 -36 -37 -38 -39 -40 -41 -42 -43 -44 -45 -46 -47 47 -49 56 -51 51 -53 -54 54 -56 -57 58 -59 59 -61 -62 -63
leaf_value=0.0018484278045728471 -0.00041412380534443466 -0.0081473066968960391 -0.0010410192156798588 0.00091998044428498243 0.00223453018998436 -0.0018471923054225023 -0.0049153947729096651 0.002603872774957207 -0.0010895856990568084 -0.00044340078298666031 -0.001209967028139804 0.0011089011742864614 0.010558543979729162 0.0041517947457322679 0.0040295864271045452 -0.001599716802424365 0.0037663061928793042 -0.0030493645455150022 -0.0019407760965194484 0.0029089060161940662 0.0031718082167139176 0.007688447590386724 -0.0035729143905786562 -0.0024654045583543832 -0.00086437673871560369 0.0013203733752358091 -0.0012708283867974132 -0.00018875734412770047 -9.9681033612204067e-05 0.0031879947259030421 0.0048035998098569658 0.0016938199658558474 -0.0024892932840765397 0.0007960623599772591 0.00016726139159416696 0.0001542337150667656 -0.0015233463738804952 -0.0028032724330974363 -0.0019634907349159727 -0.0056209867370969223 0.0019563338607316602 0.0011508105961649563 -0.00075590913661492676 0.0018201388107883338 -0.0030298181491760158 0.0033089295807250067 -0.0011371107134442498 0.0035083865424315923 4.0814036709778059e-05 0.00066083812499397705 0.0017927650461361589 -0.0012124208078386517 -0.0030942967063832469 -0.0027421168540894924 0.0019636960561140791 2.1990478345443491e-05 0.0019523271522688128 -0.00014150861337286467 -8.2397503059177327e-05 0.00081845026961240974 0.00078932425888840431 -0.0010478704899070975
leaf_weight=78 130 133 190 254 97 269 94 45 199 75 69 72 125 105 225 56 192 45 54 108 51 41 61 134 180 512 477 2661 122 40 49 69 86 66 299 58 45 47 49 46 123 823 199 50 42 44 50 74 2749 121 126 1624 81 97 52 2509 196 3199 7135 369 4381 975
leaf_count=78 130 133 190 254 97 269 94 45 199 75 69 72 125 105 225 56 192 45 54 108 51 41 61 134 180 512 477 2661 122 40 49 69 86 66 299 58 45 47 49 46 123 823 199 50 42 44 50 74 2749 121 126 1624 81 97 52 2509 196 3199 7135 369 4381 975
internal_value=0.0001184 -0.00197806 -0.00111111 0.00029383 0.00354478 -0.00181452 -0.00614035 0.000219376 0.000981364 0.00256346 0.00040932 -0.00177885 0.000690427 0.00215846 0.00524412 0.00212264 0.00461847 -0.000161243 0.0036643 -0.000704935 0.00646154 0.00953947 0.00291262 -0.00390428 -0.000988142 0.000946041 -0.00109773 -0.000502727 0.004329 0.00402318 0.00140713 0.00550103 5.16529e-05 -0.007625 -0.00106982 -0.0062069 0.00466418 0.000969529 0.00254934 -0.000765306 -0.00241265 0.006271 0.00298455 -0.00165746 -0.000915311 -0.00555556 0.00777027 0.0036 -2.43026e-05 -0.000928909 -0.00117971 -0.00289267 6.61376e-05 0.00298913 -0.0025 0.000430528 0.000197316 -0.00075516 0.000631361 -0.000159893 0.00170178 -0.000824873
internal_weight=32727 1503 1304 1020 401 619 284 31224 7565 2008 5557 509 5358 1958 542 317 248 3400 422 2978 324 227 102 386 252 1416 705 2933 230 1499 532 967 483 199 443 144 123 350 303 97 600 892 711 180 2703 98 221 124 23659 4655 4534 1899 2635 275 149 2554 19004 5948 13056 7504 5552 1171
internal_count=32727 1503 1304 1020 401 619 284 31224 7565 2008 5557 509 5358 1958 542 317 248 3400 422 2978 324 227 102 386 252 1416 705 2933 230 1499 532 967 483 199 443 144 123 350 303 97 600 892 711 180 2703 98 221 124 23659 4655 4534 1899 2635 275 149 2554 19004 5948 13056 7504 5552 1171
cat_boundaries=0 1 2 3 4 5 6 7 8 9
cat_threshold=1736 1281 392 17 52 4765 214 1734 642
is_linear=0
shrinkage=0.05


Tree=102
num_leaves=63
num_cat=15
split_feature=10 13 26 23 37 25 22 27 5 39 37 25 37 27 19 8 1 39 12 12 25 2 39 25 25 22 41 39 10 23 17 22 8 22 11 37 39 9 12 21 7 25 12 11 25 6 27 37 39 25 14 21 8 12 2 13 31 2 10 25 1 11
split_gain=3.7827 3.10358 3.21285 3.28783 4.71849 4.17418 4.08185 3.59001 3.16113 4.02358 3.6282 3.39415 3.41636 3.58013 3.02482 2.98276 2.94281 2.92569 2.91992 5.55798 7.1388 4.45943 4.07107 5.58619 5.05295 3.41792 3.09054 3.02651 3.27198 3.67135 2.97148 3.31696 2.93546 5.15964 2.87163 3.41759 3.04589 4.40071 4.77846 3.61749 4.02814 2.91751 4.11591 3.49841 2.84003 2.8379 2.82918 2.90476 2.81538 3.6223 3.4273 3.32394 2.99758 2.96986 3.0269 2.77517 2.74659 2.71139 2.70294 2.85117 2.66987 2.73239
threshold=-0.016728336041816668 0.22222111111111112 51.500000000000007 0.20067069546215119 45.500000000000007 0 -0.83921699195796584 7.5000000000000009 6.6420024002935572 1 70.500000000000014 2 103.50000000000001 8.5000000000000018 -0.079952886901847306 0.25572835289413193 -0.28768207245178118 3 14.500000000000002 29.500000000000004 4 0.087011376989629699 5 6 7 -0.09149185465316971 13.076951535331116 8 0.021465933695467235 -0.47401326094144286 -0.25103906958686667 -0.46973416009343033 0.15381736292781192 -0.084945521858976872 41.500000000000007 20.500000000000004 9 0.080974249026183498 80.500000000000014 750.83500000000015 6.8319006093407824 10 74.500000000000014 83.500000000000014 11 7.4181612266933099 6.5000000000000009 26.500000000000004 12 13 0.31956486909420218 3993.7500000000005 0.3053298331134226 64.500000000000014 -0.10536051565782632 0.81578708449382209 215.05000000000004 -0.44761165780137485 0.2185246089095432 14 0.0064768870366465068 36.500000000000007
decision_type=2 2 2 10 10 1 10 2 2 1 10 1 8 2 2 10 2 1 2 2 1 2 1 1 1 10 2 1 2 10 2 8 8 10 2 8 1 10 2 8 2 1 2 2 1 2 2 10 1 1 2 10 10 2 2 2 2 2 2 1 2 2
left_child=1 16 3 8 5 6 -5 14 9 -3 34 -11 -13 -14 -7 -4 -1 -9 27 20 21 -20 24 -24 60 26 -26 28 29 -2 58 -32 33 55 35 -10 -36 -38 39 -39 -41 45 43 46 -34 56 -43 -48 49 -37 57 -50 53 -53 -55 -33 -42 -51 59 -29 -22 -62
right_child=18 2 15 4 -6 7 -8 17 10 11 -12 12 13 -15 -16 -17 -18 -19 19 -21 22 -23 23 -25 25 -27 -28 30 -30 -31 31 32 44 -35 36 48 37 38 -40 40 41 42 -44 -45 -46 -47 47 -49 51 50 -52 52 -54 54 -56 -57 -58 -59 -60 -61 61 -63
leaf_value=0.0064706666830608552 0.0054310438127894824 0.007163258347926753 -0.0026688018594758023 0.002084352853913831 0.0018868450040587994 -0.00080884662095970965 -0.0010539575117602105 0.0013507034600703572 -0.0014190344791723414 -0.00040505788854418355 -0.0017548602813731028 -0.001371722960584079 -0.0017938738263797178 0.0035604038829992373 0.0016055427701587141 0.0006672714767138561 0.00033119680751564839 -0.00044492631890300611 -0.0039951656942611808 -7.2598982658807906e-05 0.0013705217256586204 5.5682670468950798e-05 0.0014066899005791931 6.1225530527407312e-06 -0.00045799729276509361 0.00012968391719127975 -0.0030131177829045156 0.00032564250936066021 -0.00040494255383526567 -0.00027293643385788066 -0.0034423673519552614 -0.00040843267685089225 0.0026348984583308226 -0.0017807783385936637 0.00068565326599035088 0.0017616542587043647 0.00056181142488283958 0.0058760748107649788 -0.00088909234114791869 -0.0026703202230576495 0.0011721165236183754 0.00040577609726493748 0.0064594505745561061 0.00044977392807637014 -0.00010271979465513049 0.00017637752875500641 -0.0016453259824910722 0.0012793525572575345 -5.0613881987598805e-05 0.0036642496339313688 0.0011800028860982914 -0.0037498159801302965 0.0018397431898981146 -0.0027989745317236231 0.00092390055008022471 0.0018804954206189856 0.0071715050975579807 -0.0002485969913954562 -0.0058249237156953841 -0.0017463390982222606 0.0017143918461494008 -0.00037545894879352298
leaf_weight=68 66 194 132 80 43 65 1131 185 87 238 60 51 59 283 299 58 267 1303 91 13654 134 70 1197 712 196 252 91 117 606 54 67 128 124 191 2176 198 524 71 295 94 158 134 42 291 370 668 561 65 1968 149 369 112 46 126 90 116 80 1192 97 185 60 169
leaf_count=68 66 194 132 80 43 65 1131 185 87 238 60 51 59 283 299 58 267 1303 91 13654 134 70 1197 712 196 252 91 117 606 54 67 128 124 191 2176 198 524 71 295 94 158 134 42 291 370 668 561 65 1968 149 369 112 46 126 90 116 80 1192 97 185 60 169
internal_value=-8.62332e-05 0.000535217 0.000418555 0.000509712 -0.000917284 -0.00115046 -0.00341653 0.0003489 0.000936717 0.00390436 0.00068013 0.00183022 0.00464109 0.00655977 0.00479452 -0.00602094 0.00528274 -0.000738751 -0.000550725 -0.00032778 0.00163135 -0.00828488 0.0022236 0.00352865 -0.000547645 -0.00359091 -0.00737847 -0.00229736 0.000339213 0.00785124 -0.00364509 -0.00220662 -0.00142473 -0.00441514 0.000758134 -0.00019018 0.00155523 0.000509352 -0.000376016 0.000438799 5.96944e-05 0.0005375 -0.00120018 -0.00182985 0.00121212 0.00261723 -0.00361367 -0.00502392 1.17619e-05 0.00143304 0.000668216 -0.00114747 -0.00546667 -0.00714286 -0.00368664 0.000408163 0.00732218 -0.000502981 -0.0073125 -0.0049505 0.00394385 0.00076087
internal_weight=32759 14012 13677 13487 3106 3063 1211 1852 10381 825 9556 631 393 342 364 190 335 1488 18747 16626 2972 161 2811 1909 902 539 287 2121 726 120 1395 996 929 435 9496 4337 5159 2983 2459 2164 2093 1999 1093 1051 494 906 760 626 4250 1908 1710 2342 374 328 216 244 238 1341 399 302 363 229
internal_count=32759 14012 13677 13487 3106 3063 1211 1852 10381 825 9556 631 393 342 364 190 335 1488 18747 16626 2972 161 2811 1909 902 539 287 2121 726 120 1395 996 929 435 9496 4337 5159 2983 2459 2164 2093 1999 1093 1051 494 906 760 626 4250 1908 1710 2342 374 328 216 244 238 1341 399 302 363 229
cat_boundaries=0 1 2 3 4 5 6 7 8 9 10 11 12 13 14 15
cat_threshold=147 260 4000 4112 128 4181 3377 534 5456 7208 3024 642 335 128 1638
is_linear=0
shrinkage=0.05


Tree=103
num_leaves=63
num_cat=0
split_feature=10 1 1 20 13 19 31 12 33 20 23 23 41 18 33 31 37 35 4 30 31 17 30 9 8 1 12 37 37 1 40 31 6 33 12 13 18 33 17 21 41 20 31 33 8 20 16 8 20 27 19 12 22 9 27 37 21 3 8 27 4 22
split_gain=2.95426 3.91065 2.34208 2.45701 2.79099 2.5382 2.3203 3.91323 3.91617 3.84097 3.6146 3.82617 3.19606 3.30363 3.61869 3.18854 4.72515 6.65066 4.59951 6.3328 4.53059 4.29362 3.85809 3.57951 4.80545 3.64282 3.48597 3.46184 3.49102 3.30577 3.24338 6.64063 7.56086 4.68286 5.03594 4.36581 3.87671 3.79231 4.60651 3.15291 3.14941 3.03742 2.99728 3.37792 3.10356 3.1585 3.44623 3.05524 2.99241 2.89814 3.05049 4.51063 2.94634 3.44826 2.8386 3.66343 2.98752 2.75831 3.03632 3.00378 2.71883 3.44945
threshold=0.85614897613842278 0.6440514655662507 -0.82898601372034653 0.35180894425241011 0.66666709956709969 0.074268625600906094 0.65000000000000024 16.500000000000004 37.721428571428575 0.15912144548310217 3.5491652450517446 3.0324736619338934 70.478854166666693 -1.0690051483933971 36.650000000000006 67.750000000000014 34.500000000000007 0.014421267812719728 0.25704596505960003 73.65000000000002 56.150000000000013 -0.38793001076471789 18.950000000000006 0.38263898409284164 0.052350600632176128 0.059808841987522683 69.500000000000014 9.5000000000000018 20.500000000000004 -0.58168236821483166 1.5000000000000002 209.65000000000001 7.6399988834572214 27.035714285714292 24.500000000000004 0.77449240901125393 0.59366978321213992 27.87857142857143 0.32929846989574735 1284.5000000000002 9.8211263881544166 0.009452172454175593 198.15000000000001 33.507142857142874 0.13551503935398854 0.02471324898716595 -1.0000000180025095e-35 0.43264624183285089 0.018307906658995076 39.500000000000007 0.0095379566160373411 34.500000000000007 -0.31921093653369997 0.18937299000010946 42.500000000000007 18.500000000000004 1269.1650000000002 -0.0047471116802197946 0.050171457669480557 28.500000000000004 -0.09096935345359157 0.095338776172049278
decision_type=2 2 2 8 2 2 2 2 2 10 10 10 2 10 2 2 10 2 2 2 2 2 2 10 10 2 2 10 10 2 2 2 2 2 2 2 8 2 2 8 2 10 2 2 10 10 2 10 10 2 2 2 8 10 2 8 8 2 10 2 2 10
left_child=2 -2 -1 6 -5 -6 7 -4 9 12 11 15 13 14 -9 20 22 18 19 -18 23 -22 30 25 -25 -8 27 -24 -29 -28 31 33 36 34 -17 -32 39 41 -39 -33 -10 -35 43 47 57 -46 -47 -31 -36 50 -42 -52 -51 -54 55 -14 -57 -44 -59 -60 61 -27
right_child=1 -3 3 4 5 -7 10 8 40 -11 -12 -13 54 -15 -16 16 17 -19 -20 -21 21 -23 26 24 -26 60 29 28 -30 42 35 32 -34 37 48 -37 -38 38 -40 -41 49 -43 44 -45 45 46 -48 -49 -50 52 51 -53 53 -55 -56 56 -58 58 59 -61 -62 -63
leaf_value=0.0054327356251266702 0.0009845060683840016 -0.02175644930754099 -0.00074080469050441045 -0.0046264071254693553 0.00016819874146495556 -0.0023168986063138164 0.00010018684613569569 0.00098865102371993347 -0.00051363343839804854 -0.0024611471373624139 -0.0025458806134618338 0.002943160664141996 0.0014060592042342251 -2.7985964030553472e-05 -0.0021347014970144801 0.011196216179919481 0.0031994417841939606 0.0052633057281214063 -0.00076327176563111281 -0.00025158064409571128 -0.00096659158091685297 0.0014944227673047458 0.00013363273464881399 -0.0008103184893492023 0.0019678827555358537 -0.00049910734072521751 0.0076442126840279958 -0.0012695794134555635 -6.2339571681923738e-05 -0.00055372283976029123 0.00016574546731422943 -0.004223319223626492 -0.0055481356531466228 -0.00024038702040978592 0.001925687672051045 -0.00044668436549631863 -0.0053671455442543805 4.985674095364032e-05 -0.0021939317695190363 0.0013809593939470802 0.0021729026619254689 -0.0087625622981110738 0.00086627519348567649 0.0037854836790260009 -0.0018593509174594078 0.0018987219770737612 -0.00035380053482982358 0.0022644726650378174 -0.0034521580554499874 -0.0035338005900896309 0.0038193833730372929 -0.00028910532467718098 -0.00032476711242483838 0.0034671590490370414 -0.0019765916758357322 0.0005847490621255319 -0.00094502753548778332 -0.00045816110560641614 -0.00055919311514663185 0.00050947824307559107 -3.7827471950194883e-05 -0.0016791774943836603
leaf_weight=254 55 70 1555 63 228 72 7111 307 274 96 126 100 54 1808 41 45 119 101 111 88 120 526 5354 43 1108 731 44 64 100 1176 857 65 294 98 100 702 64 866 318 133 310 66 515 42 573 137 322 74 56 46 48 189 129 79 225 210 703 172 188 272 2806 240
leaf_count=254 55 70 1555 63 228 72 7111 307 274 96 126 100 54 1808 41 45 119 101 111 88 120 526 5354 43 1108 731 44 64 100 1176 857 65 294 98 100 702 64 866 318 133 310 66 515 42 573 137 322 74 56 46 48 189 129 79 225 210 703 172 188 272 2806 240
internal_value=-9.66691e-05 -0.0077381 -6.72392e-05 -0.000104728 -0.00418956 -0.00215947 -5.84076e-05 -0.000938272 -0.000193584 -0.00101597 0.000146957 0.000188209 -0.000731562 0.000417246 0.00487106 0.000150182 -0.000396432 0.00482143 0.00125392 0.00564904 0.000715356 0.00479134 -0.000568987 0.000496262 0.0031467 0.000215814 -1.38366e-05 0.000770067 -0.00636364 -0.00124431 -0.00193724 -0.003217 -0.00789946 -0.00153226 0.00556931 -0.000208333 -0.00171103 -0.00259451 -0.00160338 0.00175879 0.00243959 -0.00969697 -0.00141849 -0.0033256 -0.000286697 -0.00227493 0.000815217 -0.00379696 0.00127389 0.0040212 0.00606752 0.00178571 -0.000392157 0.00215311 -0.00280805 -0.00162707 -0.00237965 0.00150261 -0.0007109 0.00140998 -0.00103891 -0.0033179
internal_weight=32843 125 32718 32464 363 300 32101 6074 4519 3444 26027 25901 3348 2156 348 25801 13116 419 318 207 12685 646 12697 12039 1151 10888 9033 5518 164 3515 3664 2105 556 1549 201 1559 262 1348 1184 198 1075 164 3471 1292 2179 1032 459 1250 156 801 547 237 254 208 1192 967 913 1147 632 460 3777 971
internal_count=32843 125 32718 32464 363 300 32101 6074 4519 3444 26027 25901 3348 2156 348 25801 13116 419 318 207 12685 646 12697 12039 1151 10888 9033 5518 164 3515 3664 2105 556 1549 201 1559 262 1348 1184 198 1075 164 3471 1292 2179 1032 459 1250 156 801 547 237 254 208 1192 967 913 1147 632 460 3777 971
is_linear=0
shrinkage=0.05


Tree=104
num_leaves=63
num_cat=4
split_feature=10 8 2 3 21 35 35 37 2 29 36 12 35 37 26 25 13 33 10 22 29 36 3 2 36 16 7 39 25 5 18 33 7 25 18 10 41 17 41 33 5 19 1 33 33 41 3 35 22 5 3 12 10 31 22 42 3 23 14 7 42 12
split_gain=3.22735 3.8469 2.57468 3.61479 3.05219 2.06034 5.77231 5.29975 4.76685 4.56758 4.30997 4.0319 3.78392 3.73821 3.99873 3.26538 3.63534 3.06373 3.21006 3.02087 2.90251 3.63332 4.32948 3.08905 2.88191 2.79245 2.78055 3.68694 6.58062 7.81596 5.66269 5.14956 3.89519 5.40702 5.43622 4.68169 3.89024 4.5954 3.62108 3.59593 3.49378 3.40689 3.31659 3.24934 4.4666 3.53387 3.24515 3.1867 3.18348 3.47488 3.03825 3.91793 3.00169 2.98167 2.86054 2.85573 3.17275 3.35635 2.82228 2.75325 2.7152 3.26263
threshold=0.85614897613842278 0.38482601590588428 -0.84474031005381833 -0.69314718055994484 1100.7450000000001 0.66033599379996555 0.014421267812719728 55.500000000000007 0.12444536794861262 1.0000000180025095e-35 0.009482790849160502 20.500000000000004 5.9627855477649158e-08 35.500000000000007 6.5000000000000009 0 0.75000006465518376 30.157142857142862 0.0031360396130444283 -0.17149310944028504 1.0000000180025095e-35 0.74776583175131373 0.053612190654738441 -0.075508007053393097 0.0014743044007983713 0.20807304768043891 6.7217636430196466 1 2 7.5176591993278157 0.8999881157107279 27.250000000000007 7.8325434051533858 3 -2.1175397017233171 0.57076451452902399 496.62221992558915 0.15363517021536557 48.119672131147546 29.071428571428573 6.8928689706494888 0.05481938389797552 -0.022989518224698188 38.26428571428572 34.335714285714296 374.31250000000006 0.40546510810816422 0.00041110102402858233 0.65429583457440998 8.374644748053365 -0.0078126589515403726 59.500000000000007 -0.046065457669764769 4.5500000000000016 -0.42871697973730688 0.92084377610693413 -0.020195125693583723 0.28688525953414207 3.9544386176308128 7.0550825612230783 0.93002855977152199 22.500000000000004
decision_type=2 10 2 2 10 2 2 8 2 2 2 2 2 10 2 1 2 2 2 10 2 2 2 2 2 2 2 1 1 2 10 2 2 1 10 2 2 2 2 2 2 2 2 2 2 2 2 2 10 2 2 2 2 2 8 2 2 10 2 2 2 2
left_child=2 -2 3 4 -1 6 7 8 9 17 26 -11 -12 20 -15 16 -7 -4 -19 -14 21 22 24 -22 -8 -17 40 28 30 31 47 36 33 39 -35 58 37 -30 -36 55 50 54 -38 44 -33 -46 -32 48 49 -28 51 -9 -53 -42 -40 -29 -57 -58 -34 -43 61 -41
right_child=1 -3 5 -5 -6 15 13 10 -10 11 12 -13 19 14 -16 25 -18 18 -20 -21 23 -23 -24 -25 -26 -27 27 32 29 -31 46 43 35 34 38 -37 42 -39 41 60 53 59 -44 -45 45 -47 -48 -49 -50 -51 -52 52 -54 -55 -56 56 57 -59 -60 -61 -62 -63
leaf_value=0.0057720063669724105 0.00076577492831790203 -0.021706472737979793 -0.00028899768051872924 -0.0005498738311571728 0.014306772439695423 0.00041028893700199506 0.005961542538806955 0.0022716383671940472 -0.002253202018681007 -0.00075195085320147966 0.006497605139136141 -0.0032159139908506957 0.0016983437953118866 -0.00019613607963331624 0.0050668498514799126 -0.0032059315053870109 -0.00049579563231131154 0.0025264095875914502 0.0001357588571154797 -0.0010811064986778996 0.0011705370141899222 0.0026190686365030382 -0.00042145641713293536 -0.0012115613235033455 9.7364041161176692e-05 -4.5880423933262506e-05 0.00049908681240183573 0.00013327025946961897 0.0058428336370954289 -0.0031046722966479312 -0.0019699365388573999 -0.00061097866225601942 -3.6739338063769532e-05 -0.00082806801914149042 0.00016217249222580518 -0.0047519223621980055 0.0015425384960727501 -0.0025767796015792447 0.0031731144702692032 0.0034066502453316974 0.00034337100226488964 0.00078820422635037738 -0.001494102078336356 0.000631006043485588 -0.0034209271294923429 -0.0003066364774598207 0.0010725536666043301 -0.0023037368293130226 -0.0058052085972739439 0.0048173527712140427 -3.1606539223074471e-05 0.0024198406766482734 -0.002630618515358354 0.0082108294590812793 -2.2044303817458575e-05 0.003404272761353497 0.00030148079040794571 0.0021891335589601948 0.0021431865378525776 -0.00076375245630415757 -0.00017298294130046918 0.000195955254363422
leaf_weight=77 50 79 150 93 63 61 40 650 95 186 41 71 85 50 147 69 117 53 98 56 77 91 106 184 62 42 2560 295 131 523 479 1403 13914 238 3656 144 45 59 75 105 51 43 63 201 273 155 78 41 146 50 1126 95 67 59 1619 163 288 62 44 467 614 380
leaf_count=77 50 79 150 93 63 61 40 650 95 186 41 71 85 50 147 69 117 53 98 56 77 91 106 184 62 42 2560 295 131 523 479 1403 13914 238 3656 144 45 59 75 105 51 43 63 201 273 155 78 41 146 50 1126 95 67 59 1619 163 288 62 44 467 614 380
internal_value=-2.22352e-05 -0.00788462 9.23731e-06 0.00523504 0.0102837 -2.86875e-05 9.3882e-06 -9.53587e-05 -0.00454893 -0.00277281 0 -0.00765504 0.00765027 0.00432058 0.0102273 -0.00422414 0.00026455 0.00140728 0.00641447 0.00369718 0.00222816 0.00558333 0.00191388 -0.00162214 0.0092233 -0.0104508 -4.61088e-05 -0.000174819 -0.0012504 -0.00301152 0.0002526 -0.00178035 0.000127724 0.00100862 0.000278278 -0.000372261 0.00434783 0.00863874 0.000580106 0.00332377 0.00173255 -0.00102041 -0.00321101 -0.00268077 -0.00334334 -0.00780886 -0.00434588 0.00117048 0.00137831 0.00178093 0.00123775 0.00356704 -0.00337423 0.0103604 5.89971e-05 0.00587145 0.00812257 0.00541311 -0.00027939 -0.00459883 0.00147727 0.00426955
internal_weight=32605 129 32476 233 140 32243 31954 31197 653 558 30544 257 182 757 197 289 178 301 151 141 560 299 208 261 102 111 30362 28314 6207 2853 3354 2330 22107 8005 6098 14102 298 190 5860 1907 2048 2204 108 2032 1831 428 557 2797 2756 2610 1938 812 162 110 1694 808 513 350 13958 510 1099 485
internal_count=32605 129 32476 233 140 32243 31954 31197 653 558 30544 257 182 757 197 289 178 301 151 141 560 299 208 261 102 111 30362 28314 6207 2853 3354 2330 22107 8005 6098 14102 298 190 5860 1907 2048 2204 108 2032 1831 428 557 2797 2756 2610 1938 812 162 110 1694 808 513 350 13958 510 1099 485
cat_boundaries=0 1 2 3 4
cat_threshold=1412 2306 1393 580
is_linear=0
shrinkage=0.05


Tree=105
num_leaves=63
num_cat=4
split_feature=1 4 20 27 37 25 21 21 41 35 26 21 30 25 30 40 13 7 33 11 13 9 7 6 27 21 7 2 41 33 41 12 21 20 5 33 11 8 2 31 40 25 33 7 25 11 4 23 8 13 26 9 33 4 27 2 7 26 41 33 7 31
split_gain=2.81517 3.32132 2.87134 2.33459 7.57838 5.46594 4.60433 4.19281 4.50524 4.17558 6.71863 6.99604 4.46052 4.42694 5.17859 4.65515 6.4849 5.83521 5.36231 4.60982 4.05639 4.18654 4.0164 4.03244 3.82249 3.76751 3.71119 3.63674 4.6721 4.35582 3.9502 3.51081 3.91906 3.50201 3.46664 3.46555 3.55223 5.12005 3.45448 3.44094 3.35256 8.74971 6.0772 9.33447 5.37278 3.98048 3.29738 3.25716 3.2372 3.20889 3.56594 4.88243 4.54636 5.35542 3.775 3.19265 3.17815 3.15235 3.13466 5.69288 3.94406 3.67071
threshold=0.77139833465241259 1.5410939703049495 0.0031985166585378742 39.500000000000007 22.500000000000004 0 11563.750000000002 985.50000000000011 32.843491794001139 0.0021605601656800736 2.5000000000000004 4005.0000000000005 68.700000000000017 1 53.650000000000006 1.5000000000000002 1.898349436392915 7.068244594967247 29.307142857142864 49.500000000000007 1.1857216642891262 0.080974249026183498 8.5381607102038668 8.6629367102182488 48.500000000000007 3650.4700000000007 7.4820798469761938 0.11778347043918204 2648.1093750000005 37.721428571428575 2.5803225806451615 27.500000000000004 16050.000000000002 0.004299672513031305 7.0054844383512425 28.157142857142862 36.500000000000007 0.20608715484290954 0.26966356694910326 205.60000000000005 1.5000000000000002 2 29.071428571428573 7.8966948352731565 3 68.500000000000014 0.12260232209233159 0.14660347419187517 0.341031532175531 0.28571559767031601 29.500000000000004 0.31426071881162826 36.650000000000006 -0.36559567929301057 51.500000000000007 0.11374433803181817 8.3532359786587698 9.5000000000000018 13.357816711590297 28.764285714285723 8.0352517785010971 133.25000000000003
decision_type=2 2 10 2 8 1 10 10 2 2 2 10 2 1 2 2 2 2 2 2 2 10 2 2 2 10 2 2 2 2 2 2 10 10 2 2 2 10 2 2 2 1 2 2 1 2 2 8 10 2 2 10 2 2 2 2 2 2 2 2 2 2
left_child=1 3 -3 9 -5 7 34 24 20 13 -11 12 26 15 27 17 18 -1 -17 -16 21 -9 25 -24 -6 58 46 28 29 40 -31 -8 -33 -23 49 38 37 -37 -27 -35 41 42 43 -15 57 56 -12 -30 -44 -7 52 -52 53 -51 -54 -20 -43 -42 59 -19 -61 -60
right_child=-2 2 -4 4 5 6 31 8 -10 10 11 -13 -14 14 19 16 -18 22 55 -21 -22 33 23 -25 -26 35 -28 -29 47 30 -32 32 -34 39 -36 36 -38 -39 -40 -41 44 45 48 -45 -46 -47 -48 -49 -50 50 51 -53 54 -55 -56 -57 -58 -59 61 60 -62 -63
leaf_value=0.0025256520108386735 -0.0026790653718606911 0.0013677040947794412 0.0089669893000670822 -0.0011241231795744045 0.0021991747429399213 0.0028663956659124136 -0.0024439154147241678 0.0017519800216977807 0.00055161058516197748 -0.0023786832223477183 0.0012233234807612213 -0.0025437222108207654 -0.00073136289913159703 0.0011874503493439787 -1.3855741824119177e-05 -0.00042436731356524504 0.0028656368763542773 0.0027824993194799546 0.00024615616414059351 0.0016974464288727579 0.0018161958690182649 -0.0019573835717142259 -0.008009411475004417 0.00086831557241364473 0.00038291417993701303 0.003488452325855955 0.0025728678223853191 -0.00073969953855297979 0.00070922394428157712 -0.0019052836894823872 0.001164688812603601 0.0054933565046544012 0.00025771168936919756 -0.0013600192439415652 -9.2347289526892589e-05 -0.0014831905897031818 0.0023545780272819653 0.0022838748493070565 -0.00011697046867030145 0.0028066444387836497 -0.00084508909162363038 0.00027862428997591469 -0.004191371686761116 -0.0025804735926208021 -0.00012896983241934666 -0.00038677062522157854 3.4489104654164203e-06 -0.0022193501369448714 0.00010150006365954976 0.0040472745567110245 -0.0042273283883859942 0.0012294208447182493 -0.0031750690958024367 -0.00038863924901198711 -3.2833488784382579e-05 -0.00083973234628857425 -0.0011033937227949658 0.00042133097153183093 2.5707779075537057e-05 0.00061587235357115147 -0.0018815335713461203 -0.0013073268406256569
leaf_weight=781 307 43 43 237 159 76 53 53 1017 80 187 63 63 168 887 1041 170 300 1215 679 151 284 58 56 1221 147 256 2195 67 92 753 110 111 430 8562 149 193 118 43 88 85 1647 353 214 1372 909 182 193 54 136 300 74 115 591 83 353 129 1185 1114 651 115 242
leaf_count=781 307 43 43 237 159 76 53 53 1017 80 187 63 63 168 887 1041 170 300 1215 679 151 284 58 56 1221 147 256 2195 67 92 753 110 111 430 8562 149 193 118 43 88 85 1647 353 214 1372 909 182 193 54 136 300 74 115 591 83 353 129 1185 1114 651 115 242
internal_value=-3.12462e-05 1.38474e-05 0.00977011 -1.23415e-05 -0.000503537 -0.00034888 -0.000926922 0.00138401 -6.17589e-05 0.000354256 0.00381611 0.0052859 0.00674891 0.000191776 -0.000427545 0.00119876 -0.000368705 0.00229965 -0.00098659 0.00223357 -0.00243297 -0.00376752 0.00134923 -0.00782609 0.00351195 0.00169216 0.00802716 -0.000870766 -0.000328856 -8.25912e-05 0.00328014 0.00545455 0.00822072 -0.00466999 -0.00110435 0.00506912 0.0027115 -0.00102612 0.010733 -0.0022158 -0.000547654 -0.00156835 -0.00615625 -0.00169713 0.000794552 -0.000194733 0.0047973 -0.00689655 -0.0104779 -0.00343387 -0.00401923 -0.00813333 -0.00234881 -0.00051511 -0.00904523 0.000860421 0.00118177 0.00312256 0.000784152 0.00281162 0.000521512 -0.000810612
internal_weight=32803 32496 86 32410 13851 13614 10211 3403 2023 18559 831 751 688 17728 10982 6746 2779 3967 2609 1566 1006 855 3186 114 1380 3072 625 9416 7221 6961 845 274 221 802 9937 650 460 267 190 518 6116 3474 789 382 2642 2685 369 260 407 1375 1299 374 925 727 198 1568 1776 1270 2422 1066 766 1356
internal_count=32803 32496 86 32410 13851 13614 10211 3403 2023 18559 831 751 688 17728 10982 6746 2779 3967 2609 1566 1006 855 3186 114 1380 3072 625 9416 7221 6961 845 274 221 802 9937 650 460 267 190 518 6116 3474 789 382 2642 2685 369 260 407 1375 1299 374 925 727 198 1568 1776 1270 2422 1066 766 1356
cat_boundaries=0 1 2 3 4
cat_threshold=778 3185 136 140
is_linear=0
shrinkage=0.05


Tree=106
num_leaves=63
num_cat=4
split_feature=22 42 25 2 10 0 10 8 4 30 22 25 36 7 35 23 13 25 17 15 31 8 9 9 20 25 3 11 6 9 37 5 22 7 30 4 13 44 37 36 20 31 5 26 33 20 5 21 30 17 4 10 15 31 11 30 26 7 30 20 42 8
split_gain=3.07389 3.43758 3.92999 2.91828 3.57753 2.8639 2.65831 3.6322 3.41245 2.9242 3.6738 3.10117 3.95269 3.59221 3.20041 3.05633 3.17032 3.33201 2.67048 3.37029 2.56736 2.86458 2.46189 3.56685 2.35455 2.35166 2.25326 2.3926 2.24833 3.63751 3.49235 3.32977 2.86692 2.84168 2.92808 3.81959 3.03339 3.77105 2.88351 7.34422 2.74786 2.69333 2.59928 2.81602 2.74072 2.5952 2.56595 2.86512 2.43686 3.11684 3.38483 2.83645 4.07687 3.81938 4.82623 4.98624 3.91104 3.65578 3.18293 3.15503 3.09668 3.33516
threshold=0.3936998594030674 0.9533066860465117 0 -1.0000000180025095e-35 0.11936686863956637 -0.13420592927087191 -0.21330006613540317 0.036374228609147609 -0.23361432486599251 4.1500000000000012 0.10778766049620168 1 0.0008602468325676207 6.7641000576112846 0.37621857951353438 0.55961578793542288 0.50913261050875736 2 -0.22349031018359786 -0.17185025692665906 209.65000000000001 0.1574374767417763 0.057703251655845375 0.087702735270623236 -0.39487805025586709 3 -0.026866116794658442 69.500000000000014 6.5081199683551487 0.46938884865820862 45.500000000000007 6.6823519422668705 -0.32841445894291682 6.9788604923732018 84.850000000000023 0.17185025692665915 0.52000019199984659 0.11805555555555557 49.500000000000007 7.0063692974840213e-05 0.021372048750024485 1.0000000180025095e-35 6.9163521151689187 32.500000000000007 30.464285714285719 -0.026996527642561899 7.389152903010916 2750.7800000000002 107.00000000000001 0.18180516581377013 0.11778334815648074 0.10345005952975807 0.67891025820010775 142.45000000000002 12.500000000000002 31.450000000000006 3.5000000000000004 8.6555305759956536 15.150000000000004 -0.11496384989540831 0.88185443668993024 0.043267112945780312
decision_type=10 2 1 2 2 2 2 10 2 2 8 1 2 2 2 10 2 1 2 2 2 10 8 10 10 1 2 2 2 10 10 2 8 2 2 2 2 2 10 2 10 2 2 2 2 10 2 10 2 2 2 2 2 2 2 2 2 2 2 10 2 10
left_child=6 2 -2 4 -4 -3 7 -1 9 10 11 13 14 -8 18 16 25 -18 -13 -20 -5 -22 -12 -24 -10 -11 -21 -28 29 30 41 32 -30 34 36 -36 37 40 48 -40 -33 -26 43 44 45 -38 -41 -48 51 50 -50 52 -35 54 55 57 -56 -53 -55 -58 -60 -62
right_child=1 5 3 20 -6 -7 8 -9 24 15 22 12 -14 -15 -16 -17 17 -19 19 26 21 -23 23 -25 28 -27 27 -29 31 -31 -32 33 -34 38 35 -37 42 -39 39 46 -42 -43 -44 -45 -46 -47 47 -49 49 -51 -52 53 -54 58 56 -57 59 -59 60 -61 61 -63
leaf_value=-0.00095290548597880037 -0.0017775234499636059 -0.0041283197930914095 0.0017695445259369011 0.0002776870780251131 -0.0013793701283666936 -0.00048576821780668797 0.0041495939525624179 0.00044811648909857536 -0.0078067399935923577 0.00013886307315335881 0.00095017647529121974 0.0015898623993611091 0.0014260493943623602 -0.0019896095560020797 -0.0029267007690002744 -0.0018345713015879854 0.0031960637448869332 0.00024096646307348717 -0.0019500056361310099 0.00074224645948425295 0.0014321534795184892 -0.007196189342080256 -0.0019474843010738188 -0.0010467920698964879 -0.0010252892915718925 -0.0032220595104268212 0.00021385880837260078 -0.0051727771796817304 -0.0037014491172491937 -0.0027859510773386754 -0.0010423099887241522 -6.2936544262050706e-05 -0.00012541433419588184 -7.6270268773531644e-06 0.0017774280927248818 -0.0043680124481178043 -0.0039421143012137406 0.00121117009331953 -0.0024260460713597834 0.0040014110532221427 -0.0024535889280152671 0.004373492531633179 0.0014778033720552462 0.0030201403023333412 0.00052043485800301224 -0.00019377371914007513 -0.0001447199794977655 0.0019147754587901522 0.00017167606502787835 -0.00016109166824765776 0.0020011599122618127 0.00037050701985299128 0.00023114355248210537 -0.0023505896782547889 0.001673336448029643 0.002035583154002952 -0.0041740665321842339 -0.00104898924605479 -0.0025092254010451523 -0.00040314894788698276 -0.0015977190892385318 -0.000109375776408141
leaf_weight=80 333 112 277 616 78 872 47 4435 52 145 40 189 63 281 51 121 158 763 118 282 46 111 108 925 71 118 90 55 72 61 42 167 459 9849 46 53 50 79 58 42 93 287 661 87 510 97 78 125 318 240 228 1431 1820 427 218 273 113 279 242 2261 52 1398
leaf_count=80 333 112 277 616 78 872 47 4435 52 145 40 189 63 281 51 121 158 763 118 282 46 111 108 925 71 118 90 55 72 61 42 167 459 9849 46 53 50 79 58 42 93 287 661 87 510 97 78 125 318 240 228 1431 1820 427 218 273 113 279 242 2261 52 1398
internal_value=-2.20673e-05 -0.00172731 -0.000188098 0.00122915 0.00498596 -0.00401015 0.000115098 0.0012345 -8.01344e-05 -0.00151899 -0.00261111 -0.000679694 0.000931315 -0.00471976 -3.18066e-05 0.000363706 0.00113924 0.00252169 0.000816327 -0.000961538 -0.000484496 -0.00617089 -0.00472533 -0.00519826 0.000148836 -0.00369318 0.00110981 -0.00393836 0.00017386 0.00362554 0.0053616 0.000100793 -0.00380639 0.000198394 0.0020743 -0.00625 0.00255014 -0.00169118 2.05624e-05 0.00485197 -0.0045977 0.00696379 0.00357397 0.00154362 0.000417933 -0.00557432 0.00863821 0.00625 -5.61358e-05 0.00266836 0.0047532 -0.000172893 0.000297772 -0.000993279 -0.000180288 0.00167591 -0.00160046 0.000672122 -0.00274764 -0.00218947 -0.001772 -0.000895934
internal_weight=32853 2445 1461 1128 355 984 30408 4515 25893 3554 2249 1176 848 328 785 1305 1184 921 734 545 773 157 1073 1033 22339 263 427 145 22287 461 400 21826 531 21295 1843 99 1744 339 19452 303 260 358 1405 744 657 147 245 203 19149 786 546 18363 11669 6694 4575 1983 2592 1710 2119 2374 1692 1450
internal_count=32853 2445 1461 1128 355 984 30408 4515 25893 3554 2249 1176 848 328 785 1305 1184 921 734 545 773 157 1073 1033 22339 263 427 145 22287 461 400 21826 531 21295 1843 99 1744 339 19452 303 260 358 1405 744 657 147 245 203 19149 786 546 18363 11669 6694 4575 1983 2592 1710 2119 2374 1692 1450
cat_boundaries=0 1 2 3 4
cat_threshold=1537 1544 3096 2448
is_linear=0
shrinkage=0.05


Tree=107
num_leaves=63
num_cat=4
split_feature=2 27 25 4 8 14 18 4 17 42 30 42 18 8 12 8 10 33 8 41 25 27 10 10 27 25 22 30 0 27 12 8 2 25 6 11 17 19 1 15 42 3 1 27 6 6 42 4 4 9 16 18 2 11 33 9 9 30 42 12 1 18
split_gain=3.14013 2.75143 3.52455 2.94942 2.93737 2.83305 3.47965 2.65698 2.63649 3.75192 4.70315 2.97335 2.8846 2.56536 2.42469 2.40756 3.76348 2.33995 2.59274 2.32991 4.90943 2.52447 3.54992 4.19784 2.8731 2.78941 2.89182 2.38913 2.55304 2.38233 3.54523 2.36057 2.6423 2.32851 2.31841 2.29694 2.59688 2.77805 2.40671 2.29224 2.27357 2.22672 2.2198 2.72194 2.20784 3.151 2.76402 2.23082 2.73726 2.21018 2.20656 2.16595 2.15616 2.24554 2.1503 2.11693 2.59256 2.24357 2.11512 2.77593 2.06145 3.07095
threshold=-0.075508007053393097 6.5000000000000009 0 0.7869289994068015 0.11942135884019207 -0.52835544864164052 -2.5942086875037851 -0.62860865942237376 -0.21720513091310864 0.8442887931034484 64.500000000000014 0.9066133720930234 0.37677453213010098 0.085265680508612732 17.500000000000004 0.13338056528991513 -0.24066522839472346 28.450000000000006 0.18260704518200555 23.841468253968255 1 17.500000000000004 -0.52541907466353732 -0.21330006613540317 14.500000000000002 2 0.3741536350756331 37.95000000000001 -0.021053409197831826 56.500000000000007 80.500000000000014 0.27118494049013014 -0.25489224962878904 3 7.8133506664337151 81.500000000000014 1.2691970635006595 0.27533563622772445 -0.027974541697102669 -0.25722286496707242 0.93700396825396837 -0.37967880436381923 -0.043413313762572063 29.500000000000004 8.6788298311941556 7.6246385588185914 0.99230769230769245 0.14694540265866254 -0.013793048159658648 0.084389904237274119 0.11514708250906615 0.1124355782581386 -0.11426756723342633 17.500000000000004 29.76428571428572 0.19305980221375654 0.15080797327203532 18.350000000000005 0.93700396825396837 43.500000000000007 -0.053179942543170704 0.48309551890032315
decision_type=2 2 1 2 10 2 8 2 2 2 2 2 10 8 2 10 2 2 8 2 1 2 2 2 2 1 10 2 2 2 2 10 2 1 2 2 2 2 2 2 2 2 2 2 2 2 2 2 2 10 2 8 2 2 2 10 10 2 2 2 2 8
left_child=1 2 4 5 -1 6 17 -6 9 14 11 -11 33 -4 -7 16 -15 -3 -19 20 31 22 -21 24 -24 26 44 28 -22 35 52 40 -33 51 -29 36 37 38 42 -30 -10 -42 43 54 45 46 49 48 -47 -23 -5 -13 53 -31 -27 56 57 -55 -25 60 -60 -62
right_child=-2 3 13 50 7 8 -8 -9 19 10 -12 12 -14 15 -16 -17 -18 18 -20 21 27 25 23 58 -26 29 -28 34 39 30 -32 32 -34 -35 -36 -37 -38 -39 -40 -41 41 -43 -44 -45 -46 47 -48 -49 -50 -51 -52 -53 -54 55 -56 -57 -58 -59 59 -61 61 -63
leaf_value=0.0045600440797357866 -5.1851337806177632e-05 0.0032647422458927187 0.00099922760641884623 0.003168558441891864 -0.00094080142747790811 -0.0065965512057637957 -0.00067937694121842783 0.0032613342891479637 -0.00029549156296982337 0.0028620133945931759 0.0041518340315565994 0.0016691301215760485 0.0038054180936021378 -0.0030517256562858281 -8.82008123357269e-05 0.0005751176449407797 -6.3505108131158442e-05 -0.0029060863577235782 0.0036785230703310166 -0.006800691394143599 0.00085040543554493447 0.0025532313255132062 0.0025101056811106721 0.00040270116677193057 -0.0021503983791269108 -0.00011529831062006193 -0.003475938699429935 0.0061388995259330885 -0.0015730046521983119 -0.0027686547127346649 -0.0042271336651100192 0.0033464016514923203 -0.0025569223537599385 -0.00072480074014026304 0.00056166344103239713 0.0013373243190213284 -0.0037340419767196696 0.0053626909243055442 0.00069359308708647925 0.00011497990437617858 0.00039312425115450579 -0.0035400579596834465 -0.0022857879605928831 0.00010331822926124392 0.0041742556602681839 -0.0005394576938563834 0.0028658932520522918 -0.0031679148342902991 0.0013417477261262129 0.00033584979095103301 8.7424166926559484e-05 -0.0026412413712263534 0.0012575761886722504 -0.00086359530665341489 -0.0019318690633156777 0.0017634568890055589 -0.0038353403089887331 0.0030164503354243076 -0.0016249502969724638 -0.0017560147693748706 -0.0011219155339081189 0.0025231546443167823
leaf_weight=76 22176 43 254 71 41 43 1375 140 147 183 116 273 63 71 138 738 204 45 41 75 1022 46 168 132 54 110 53 81 141 136 112 55 47 363 167 175 65 49 300 751 41 135 43 407 74 148 104 57 49 310 64 40 122 93 133 114 67 55 81 196 41 47
leaf_count=76 22176 43 254 71 41 43 1375 140 147 183 116 273 63 71 138 738 204 45 41 75 1022 46 168 132 54 110 53 81 141 136 112 55 47 363 167 175 65 49 300 751 41 135 43 407 74 148 104 57 49 310 64 40 122 93 133 114 67 55 81 196 41 47
internal_value=-0.0001488 0.000559701 0.00252459 0.000228978 0.00774254 0.000117621 -0.00186047 0.00453297 0.000518658 0.00264344 0.00380173 0.00260022 0.00118243 0.00138889 -0.00398352 0.000271203 -0.00371377 0.00596154 0.00114943 0.000100741 0.00124614 -0.000718828 -0.00320755 -0.00211806 0.00358744 -1.77117e-05 0.00237676 0.00220893 0.0016188 -0.00104167 -0.00339286 -0.00361239 0.00291262 0.000221566 0.00682731 0.000233827 -0.000609206 0 -0.000578471 -0.000335946 -0.00578704 -0.00960452 -0.00219741 -0.00145929 0.00316857 0.00230769 0.00477223 -0.00215686 0.000378788 0.00266106 0.00753676 0.0033179 -0.00182823 -0.00337983 -0.00563525 -0.00113636 -0.00405093 -0.00033557 -0.00466867 -0.00662568 -0.00191176 0.00337079
internal_weight=32761 10585 1524 9061 257 8926 1504 181 7422 1219 1038 922 739 1267 181 1013 275 129 86 6203 2587 3616 794 719 222 2822 841 2162 1914 1981 699 425 102 676 248 1282 1107 1042 993 892 323 176 693 650 788 714 460 254 197 356 135 313 587 465 243 329 215 148 497 365 169 88
internal_count=32761 10585 1524 9061 257 8926 1504 181 7422 1219 1038 922 739 1267 181 1013 275 129 86 6203 2587 3616 794 719 222 2822 841 2162 1914 1981 699 425 102 676 248 1282 1107 1042 993 892 323 176 693 650 788 714 460 254 197 356 135 313 587 465 243 329 215 148 497 365 169 88
cat_boundaries=0 1 2 3 4
cat_threshold=1136 320 588 3345
is_linear=0
shrinkage=0.05


Tree=108
num_leaves=63
num_cat=10
split_feature=31 33 10 39 25 7 27 27 38 39 1 27 25 31 26 25 6 7 30 41 13 33 39 22 30 9 9 18 22 31 31 39 15 12 16 2 21 1 5 21 22 26 10 16 7 40 30 25 26 30 39 13 9 26 41 26 31 18 27 15 18 4
split_gain=3.02935 2.87065 2.79002 4.20836 5.63351 4.12352 5.27448 4.36302 4.05902 3.96303 6.85037 5.38411 7.47005 7.81742 5.91268 5.58418 6.08103 5.52797 5.40608 4.22451 3.96445 4.22667 3.92627 3.47971 3.34216 3.26928 3.18819 3.00483 2.93774 3.71312 2.88009 5.61633 4.32348 3.51085 3.59574 3.34905 3.11711 2.85813 3.40504 2.8286 2.83546 4.16758 2.81628 3.2312 3.80966 5.57333 4.2195 4.19244 2.91284 3.08802 8.88529 3.00012 3.62195 4.74948 6.84482 3.93237 3.40733 3.01495 2.99294 2.91608 3.08836 2.81598
threshold=405.94999999999999 30.292857142857141 -0.00051829785914403448 0 1 7.4720608901196615 19.500000000000004 6.5000000000000009 2 3 0.86206008520611788 36.500000000000007 4 34.150000000000013 20.500000000000004 5 7.7762539090989078 7.6899272846229403 98.200000000000031 241.03746300780202 0.81578708449382209 26.835714285714285 6 -0.60578870185557754 72.850000000000023 0.16828638747530297 0.19689035932288049 -0.10149009714626787 0.30372100148876796 9.3500000000000032 0.65000000000000024 7 -3.780465732499048 21.500000000000004 -0.13811202577247303 -0.30592314024029127 2915.5000000000005 0.014184634991956548 8.1424208499788104 10262.500000000002 -0.5444193884205647 41.500000000000007 0.51227776901457223 0.23483959107740096 8.2730406286809401 1.5000000000000002 26.850000000000005 8 49.500000000000007 29.750000000000007 9 1.294119723171179 0.082630014951382641 3.5000000000000004 62.481666666666676 5.5000000000000009 208.75000000000003 0.82517251427011518 25.500000000000004 0.19718182101522122 0.26596148317738305 -0.13807781597285282
decision_type=2 2 2 1 1 2 2 2 1 1 2 2 1 2 2 1 2 2 2 2 2 2 1 8 2 10 10 10 10 2 2 1 2 2 2 2 8 2 2 10 8 2 2 2 2 2 2 1 2 2 1 2 8 2 2 2 2 10 2 2 10 2
left_child=2 -2 3 4 8 7 -7 -6 -1 10 11 12 13 14 -4 16 25 -16 20 24 23 -22 -15 -14 39 -13 -21 -25 -10 -30 31 33 -32 34 -5 -35 -37 38 -36 40 -17 -42 43 44 48 -46 47 -47 49 51 -51 52 55 54 -54 -11 -55 -53 -50 60 -52 -38
right_child=1 -3 9 30 5 6 -8 -9 28 42 -12 15 18 22 17 19 -18 -19 -20 26 21 -23 -24 27 -26 -27 -28 -29 29 -31 32 -33 -34 35 37 36 61 -39 -40 -41 41 -43 -44 -45 45 46 -48 -49 58 50 59 57 53 56 -56 -57 -58 -59 -60 -61 -62 -63
leaf_value=-0.0016332746704516823 0.0015521374539234781 -0.00086560843562119962 0.00061637972451473132 -0.0016654543773440709 0.0026542880650063578 -0.0084164034202454732 -0.00058889800338146777 -0.00097186389796480473 0.00072417725671927952 -0.0001605274481123049 -0.029732364052722407 -0.0034560951316971694 -0.0020999727658460063 0.002847032826690295 0.012591936571331855 0.0027683691534944087 -9.2588161664092393e-05 0.0021935991076394495 0.0026070666779999955 0.0024817342424629041 -0.006500322538874022 -0.001289246463187518 -0.0012148426926698091 -0.00013294347078756562 -0.0028720217258700383 -0.0012738394574368058 4.0534807834875442e-06 0.00071226976926995434 0.00085454118150685415 -0.0031353210355855921 0.0030336964228081815 -0.00077624899595957197 0.00015938022301372775 0.004007017266621303 0.0013695984136307562 0.0014508720890713312 -0.00039183346335534521 -0.0021683106023834579 -0.003228110456576535 0.0023489311985102615 0.00024218603710667795 -0.0024011808419059852 -0.0023003238026408882 -0.00024666749115443489 -0.0037693994872735437 0.0027511711720581778 -0.0015701810610103412 -0.00023471020448818356 9.4460682512106239e-05 0.0017477537042303089 -0.00015685535354735777 0.00024379322356319691 0.0053901145222186517 -0.00034622771286748868 -0.0019870342780925806 7.9630221792692199e-05 -0.0022207725900945416 0.0037215342155561548 0.0039488597108871771 -0.00037612093918877837 0.00037469525782000078 0.00037985837204239798
leaf_weight=207 207 41 512 113 109 206 168 456 611 83 53 149 45 135 132 70 640 237 68 188 41 404 191 494 115 241 124 652 67 77 70 1599 10335 97 143 262 292 81 40 98 493 227 512 3477 221 120 303 667 155 924 488 355 162 2724 83 813 342 41 109 207 195 354
leaf_count=207 207 41 512 113 109 206 168 456 611 83 53 149 45 135 132 70 640 237 68 188 41 404 191 494 115 241 124 652 67 77 70 1599 10335 97 143 262 292 81 40 98 493 227 512 3477 221 120 303 667 155 924 488 355 162 2724 83 813 342 41 109 207 195 354
internal_value=-7.23512e-05 0.00542169 -0.000114341 0.000377747 -0.00181747 -0.00455263 -0.00866667 -0.00189929 0.000873587 -0.000549419 0.000587406 0.000770401 0.00220639 0.00519294 0.00768141 -0.00101236 -0.0037464 0.0125 5.8309e-05 0.00115008 -0.000519243 -0.00454036 -0.00137615 0.000985738 -0.000423307 -0.00869565 0.00623003 0.00152572 0.00257833 -0.0037931 0.000690453 -0.000679074 0.00108351 0.00165111 -0.00244709 0.00320577 0.00225523 0.000754717 0.00421196 0.000618673 -0.000379267 -0.00131761 -0.00105279 -0.000891456 -0.000337796 -0.00280107 -0.00132906 0.000602792 0.000145914 -6.622e-05 0.00168044 -0.000754778 -0.00114663 -0.00190972 0.00477642 0.00167224 -0.00244539 0.0034005 0.00528302 -0.00188679 -0.000328947 0.000386399
internal_weight=32825 248 32577 15287 1901 939 374 565 962 17290 5309 5256 2911 1207 881 2345 1030 369 1704 1315 1636 445 326 1191 1003 390 312 1146 755 144 13386 2981 10405 1382 377 1005 908 264 183 888 790 720 11981 11469 7992 1311 1090 787 6681 6417 1814 4603 4207 3311 245 896 3066 396 264 890 683 646
internal_count=32825 248 32577 15287 1901 939 374 565 962 17290 5309 5256 2911 1207 881 2345 1030 369 1704 1315 1636 445 326 1191 1003 390 312 1146 755 144 13386 2981 10405 1382 377 1005 908 264 183 888 790 720 11981 11469 7992 1311 1090 787 6681 6417 1814 4603 4207 3311 245 896 3066 396 264 890 683 646
cat_boundaries=0 1 2 3 4 5 6 7 8 9 10
cat_threshold=2112 1118 4 2593 1146 2234 2080 4764 224 5376
is_linear=0
shrinkage=0.05


Tree=109
num_leaves=63
num_cat=13
split_feature=2 27 25 39 15 27 4 21 4 4 39 39 13 31 25 41 16 27 25 19 35 41 21 33 21 39 31 25 15 15 10 25 25 3 2 19 26 6 19 12 30 16 40 10 10 6 30 23 6 30 12 12 39 27 4 38 29 3 33 39 3 10
split_gain=2.08138 2.90348 4.70968 4.78049 4.09286 4.05045 4.11195 3.45117 3.60666 3.34007 3.31838 3.30713 3.39074 4.39154 3.00595 4.49981 2.88238 2.87339 3.45412 3.10611 2.91933 3.10295 3.45664 2.84711 2.80143 5.13474 5.59019 4.61938 3.54246 3.04971 2.95846 3.18576 2.8407 3.35176 2.78149 2.73738 3.49732 2.96999 3.81871 2.888 2.68725 2.68594 2.67866 3.22803 3.12636 3.75032 2.67147 3.18085 2.66545 2.62551 2.59957 7.78215 3.54824 6.48493 5.98426 3.64507 3.74607 3.47116 2.99186 2.97683 2.94757 2.82535
threshold=0.051293294387551043 39.500000000000007 0 1 0.55961578793542288 48.500000000000007 0.31045516617165309 985.50000000000011 0.10848103824329904 -0.91629073187415455 2 3 0.99999812500234386 5.9500000000000011 4 14.271956856702621 1.0991241559506173 51.500000000000007 5 0.14081629707629856 0.41585257673474268 4.3017370470200662 676.00000000000011 26.221428571428579 1500.8350000000003 6 267.05000000000007 7 -0.038455076471541887 0.034045773081027526 -0.6969979491977315 8 9 -0.46203295959230845 -0.30592314024029127 -0.22993213470550272 1.5000000000000002 7.8477763057357706 -0.074779713075649998 32.500000000000007 2.850000000000001 -0.70165765314453232 3.5000000000000004 -0.041969452849460513 -0.086037749608437228 7.7762539090989078 54.95000000000001 0.11247798342669015 7.759216248174881 0.35000000000000009 13.500000000000002 39.500000000000007 10 24.500000000000004 -0.18023002158306498 11 1.0000000180025095e-35 0.021981080627092812 30.464285714285719 12 0.58778666490212006 -0.040214238119403493
decision_type=2 2 1 1 2 2 2 10 2 2 1 1 2 2 1 2 2 2 1 2 2 2 8 2 8 1 2 1 2 2 2 1 1 2 2 2 2 2 2 2 2 2 2 2 2 2 2 8 2 2 2 2 1 2 2 1 2 2 2 1 2 2
left_child=1 24 3 4 -3 6 10 8 -5 -7 -4 12 14 -14 -11 -16 46 19 20 -13 21 -19 -23 -17 32 26 27 28 -26 -30 -27 -32 33 -1 -31 -29 -37 38 -38 -39 -9 -20 43 -24 -44 -46 -12 -48 -28 -10 59 52 54 57 -52 56 -56 -54 -58 -2 -53 -55
right_child=50 2 5 7 -6 9 -8 40 49 11 16 17 13 -15 15 23 -18 18 41 -21 -22 22 42 -25 25 30 48 35 29 34 31 -33 -34 -35 -36 36 37 39 -40 -41 -42 -43 44 -45 45 -47 47 -49 -50 -51 51 60 53 61 55 -57 58 -59 -60 -61 -62 -63
leaf_value=0.0025449623735336211 0.00059660281126191431 -0.00096232755526950433 -0.0014071197879797341 0.0021040306991298523 0.0015791017332291381 0.0020251623843763138 -0.0035246391186873546 -1.4202969187791271e-05 -0.001092987653249614 -1.2122919960678115e-05 -7.8052279817901154e-05 -0.00064384652754586507 -0.0044006517281487941 0.0025102769007131058 -0.0027341126100073792 0.00097777456177525028 -0.0014641496098349418 -0.00032710827118540529 -0.0020812128255197093 0.0029580794739290971 -0.0024443656132739338 -0.0011998632890719769 0.0011014715666326708 -0.00048760574012924609 -0.0022418143991047115 0.0097328509778334335 0.0032562377575526568 0.0045149192885550679 0.0038841688106375847 -0.0055311658492369093 0.00025896692517209861 -1.0293541395116602e-05 0.0007424128963450891 -0.00018252604269287204 -0.0002893692285502693 0.0017778291416198336 -0.00062400094664722414 0.0012453212806975416 4.9866838774660337e-05 -0.0030622438931423926 0.002145543936993414 -0.00012005213906994685 0.002551100940237732 0.0035369487149949615 -0.00016581810760076719 0.00044309074152187118 0.0027829393981600951 -0.00013397954026706806 0.00033408325234125585 0.0036159877380996146 -0.0022652434396254703 -0.00016643316425665657 0.0013243816628822486 0.0031962559183497095 -0.0013977754558850179 0.0015978527220898758 0.0057858909453181746 -0.00086698795534645261 -0.00062483129114301601 -0.00076782530628124535 -0.0024109549612253787 0.00051348634508337459
leaf_weight=68 502 399 587 329 75 184 210 595 105 633 690 295 73 267 448 58 58 327 105 45 42 48 195 550 206 72 67 63 52 73 3206 3897 1711 689 200 77 132 66 677 335 148 1124 259 177 311 287 81 79 112 55 119 6673 145 64 130 975 42 652 44 1513 505 947
leaf_count=68 502 399 587 329 75 184 210 595 105 633 690 295 73 267 448 58 58 327 105 45 42 48 195 550 206 72 67 63 52 73 3206 3897 1711 689 200 77 132 66 677 335 148 1124 259 177 311 287 81 79 112 55 119 6673 145 64 130 975 42 652 44 1513 505 947
internal_value=-0.00011338 0.000194714 -0.000489253 0.00186372 -0.00237113 -0.00105333 -0.00317995 0.0034996 0.00678571 -0.000386812 -0.00225602 -0.000619638 -0.00219363 0.00234604 -0.0031213 -0.0047329 -0.000326442 0.000379727 0.000895341 -0.00395894 0.00238383 0.00274143 0.00385368 -0.00197044 0.000711295 0.000311282 -0.00188315 -0.0026966 -0.00659594 -0.00345092 0.000942805 0.000841075 0.00220737 -0.000358073 -0.00556569 -0.00110213 -0.00161102 -0.00227085 -0.000524691 -0.00578358 0.00137769 -0.00110887 0.00436992 0.00790885 0.00282634 0.000834725 0.000411281 0.00621118 0.00652778 0.000621118 -0.000627437 -0.000305914 0.00177942 0.000329852 0.00374716 0.0048448 -0.00110132 -0.00303885 0.00689655 -0.00226935 -0.00121187 0.00298913
internal_weight=32853 20542 8839 1706 474 7133 1705 1232 489 5428 1495 5244 2029 340 1689 1056 908 3215 2875 340 1646 1604 1277 608 11703 9235 2060 1881 531 325 7175 7103 2468 757 273 1350 1287 1210 809 401 743 1229 1229 372 857 598 850 160 179 160 12311 10296 3118 1808 1310 1191 216 797 86 2015 7178 1011
internal_count=32853 20542 8839 1706 474 7133 1705 1232 489 5428 1495 5244 2029 340 1689 1056 908 3215 2875 340 1646 1604 1277 608 11703 9235 2060 1881 531 325 7175 7103 2468 757 273 1350 1287 1210 809 401 743 1229 1229 372 857 598 850 160 179 160 12311 10296 3118 1808 1310 1191 216 797 86 2015 7178 1011
cat_boundaries=0 1 2 3 4 5 6 7 8 9 10 11 12 13
cat_threshold=522 408 2850 1936 49 1345 3264 456 3300 3586 2585 4 1360
is_linear=0
shrinkage=0.05


Tree=110
num_leaves=63
num_cat=0
split_feature=10 26 9 9 20 20 33 41 5 21 12 6 41 22 18 12 12 12 31 33 4 7 26 31 18 1 19 6 4 12 19 11 7 7 33 6 33 11 13 11 12 6 0 36 10 18 44 4 18 3 9 16 26 9 21 8 42 20 8 21 42 1
split_gain=3.54693 3.06314 3.20155 4.07172 2.96292 3.29874 4.39782 3.09525 3.27438 2.87292 2.83151 2.78941 2.74196 2.69471 3.12401 2.64545 2.62703 6.87121 6.24997 5.68919 4.19335 4.2192 3.36542 3.85994 3.3486 3.13847 2.99267 2.9126 2.88922 2.8251 2.99974 2.92703 2.82392 4.7499 3.94974 2.99061 3.05014 2.9844 2.73141 2.62361 2.60084 2.58024 2.55708 2.53363 2.52796 2.49246 2.47647 2.70086 2.42859 2.42059 2.39787 2.33437 2.58875 2.36487 5.04705 2.90598 2.5305 2.51214 3.088 2.59931 2.85996 2.50907
threshold=-0.09572997928909642 51.500000000000007 0.078174000109380401 0.086905454946781702 -0.12775670990578941 -0.078094184253739721 27.657142857142862 79.372983870967758 7.1309170904190688 1750.8350000000003 78.500000000000014 8.8847117374010534 26.270513855259619 -0.45934297130005491 1.1126994521253584 12.500000000000002 39.500000000000007 14.500000000000002 209.65000000000001 29.521428571428572 1.5410939703049495 6.3634065535336513 33.500000000000007 228.30000000000004 -0.76550523479677457 0.14040487055468723 1.0000000180025095e-35 7.7518153295508174 -0.38299168407396461 84.500000000000014 -0.21066166255173971 11.500000000000002 8.8029214004501544 7.4820798469761938 32.550000000000018 7.905838173842743 30.192857142857147 18.500000000000004 0.72856303508477438 55.500000000000007 22.500000000000004 7.4682905009729401 -0.0099503308531683193 0.05301735888609637 -0.20396696609356099 -0.47364246053811077 1.0000000180025095e-35 -0.21079946797452684 0.33889365059636628 0.086508137936325294 0.18117247116684601 0.62249597117097866 48.500000000000007 0.19190306469275212 3138.7500000000005 0.16192395203788915 0.9536672629695887 0.045326064010910189 0.49779905210750508 1550.8350000000003 0.932768361581921 -0.36772439550978481
decision_type=2 2 10 10 10 10 2 2 2 8 2 2 2 10 10 2 2 2 2 2 2 2 2 2 10 2 2 2 2 2 2 2 2 2 2 2 2 2 2 2 2 2 2 2 2 10 2 2 8 2 10 2 2 10 8 8 2 10 8 8 2 2
left_child=1 2 -1 44 7 6 10 8 -2 -3 -6 46 -10 14 51 -16 17 24 38 22 21 -18 25 27 26 39 -7 -24 49 30 31 -30 33 41 35 -35 -37 -36 -19 -20 -25 50 -39 -15 -4 -46 47 -8 -9 -23 -31 52 53 54 56 -56 -5 59 61 60 -55 -59
right_child=4 9 3 13 5 16 11 48 12 -11 -12 -13 -14 43 15 -17 20 18 19 -21 -22 28 23 40 -26 -27 -28 -29 29 32 -32 -33 -34 34 37 36 -38 42 -40 -41 -42 -43 -44 -45 45 -47 -48 -49 -50 -51 -52 -53 -54 57 55 -57 -58 58 -60 -61 -62 -63
leaf_value=0.00052593776735873708 0.0031839257003298833 -0.0080014699539614886 5.8433691381968442e-05 0.0063209404954359984 0.003535420575417449 -0.00098882418230843605 -0.0037393758612410746 -0.006628839617381959 -0.00012880987496293551 -0.00026786951702109478 -0.00051087907997108086 0.0014938422113614008 -0.0034063105036848357 2.0842224999450405e-05 0.00098186267284188096 -0.0019227429412688368 0.0082618483115227247 0.00053761393831283373 -0.0003032508190519804 -0.0024833782450242483 0.0091128456219057487 1.071326825819504e-05 0.00068664607189614741 0.0036270245729093731 -0.00011487593635647429 0.0020370147308167229 -0.0035226549972134343 -0.0046335436910375583 0.0020691258970948301 9.2467410698004952e-07 -0.00022920704278892278 -3.4187521413431986e-05 -0.00026786746740073002 0.00080496596506163818 7.2897658523801871e-05 4.5150642105780404e-05 -0.00096393300337058218 0.0026799288139394487 0.00011769270601321899 -0.0033934777631772269 0.00020878850077393589 -0.0022439775268327518 0.00012893452295806727 -0.0027408077474439033 0.00031466126176459691 -0.0017123130205103539 -0.00092045451233201841 0.00055764202277793602 -0.0028288774034818669 0.0044386535857929999 -0.0043507610220059152 -0.00023077510206540933 -0.0020639509548961601 0.0075738100593321679 0.00028137669890249616 -0.00098234482510741144 0.00039690801751834356 -0.0025773695014274425 0.010176802029450385 0.0032513774294255721 -0.0031637086819474324 0.001550818706107627
leaf_weight=447 99 45 79 64 192 445 50 76 304 94 40 84 175 4191 160 267 41 2343 138 140 41 133 58 125 2292 61 95 63 172 757 9987 381 342 433 159 469 169 87 1918 101 194 69 200 61 57 139 384 488 61 82 147 514 170 46 615 370 52 194 117 1011 76 348
leaf_count=447 99 45 79 64 192 445 50 76 304 94 40 84 175 4191 160 267 41 2343 138 140 41 133 58 125 2292 61 95 63 172 757 9987 381 342 433 159 469 169 87 1918 101 194 69 200 61 57 139 384 488 61 82 147 514 170 46 615 370 52 194 117 1011 76 348
internal_value=-0.000105463 0.000732068 0.000846419 0.000629981 -0.000429098 -0.000329968 0.00217918 -0.00359637 -0.00198618 -0.00660714 0.0083691 0.000744786 -0.00369792 0.000829599 0.0017603 -0.00227804 -0.000473594 0.00024768 0.00133703 -0.00249716 -0.000894294 -0.000942842 -0.00074224 0.00204082 -0.00172962 -0.00481728 -0.00526802 -0.00553279 -0.000991684 -0.00108427 -0.00146096 0.00212094 0.000317684 0.000903252 0.00265152 0.0010028 -0.00117371 0.00659955 0.00212928 -0.00739583 0.00492188 -0.00182238 0.00963542 -4.70256e-05 -0.0053442 -0.00837563 -5.41712e-05 0.00213358 -0.0103261 0.00474537 -0.00110497 0.00224287 0.00276599 0.00311852 0.0012931 0.000126775 0.0111111 0.00423871 0.0017803 0.00566578 -0.00121951 0.000184162
internal_weight=32712 9117 8978 8531 23595 22880 1238 715 578 139 232 1006 479 8256 4004 427 21642 7973 5141 880 13669 13628 740 440 2832 300 540 121 13587 13372 10540 553 2832 2490 1517 1071 638 446 4261 239 319 973 287 4252 275 196 922 538 137 215 904 3577 3063 2893 1101 985 116 1792 659 1133 122 542
internal_count=32712 9117 8978 8531 23595 22880 1238 715 578 139 232 1006 479 8256 4004 427 21642 7973 5141 880 13669 13628 740 440 2832 300 540 121 13587 13372 10540 553 2832 2490 1517 1071 638 446 4261 239 319 973 287 4252 275 196 922 538 137 215 904 3577 3063 2893 1101 985 116 1792 659 1133 122 542
is_linear=0
shrinkage=0.05


Tree=111
num_leaves=63
num_cat=12
split_feature=1 27 21 39 33 25 7 41 38 24 39 13 7 11 10 33 25 17 14 30 12 25 7 6 39 8 1 33 30 4 13 14 33 23 13 25 39 7 21 23 8 31 8 31 39 33 7 41 23 14 6 2 0 5 5 5 8 2 41 25 23 44
split_gain=2.84273 3.63704 4.94101 4.55974 4.86301 3.79558 5.6478 3.39041 3.17456 9.49067 5.30145 5.21057 4.83286 4.52645 4.30645 4.07743 3.25393 2.92785 3.09784 2.91099 2.97899 2.88711 2.83794 2.8156 2.79706 2.76262 2.73856 2.70831 2.68346 3.38031 2.66041 2.58283 3.50411 2.55423 2.55136 2.43509 6.76913 3.73837 3.77364 3.54036 3.70371 3.36178 2.9839 4.36859 2.86832 3.58013 2.64683 2.64449 3.55163 2.50787 2.38784 2.31638 2.31537 2.30506 2.30278 4.08022 4.34941 3.09883 2.85344 3.21803 4.33865 2.91155
threshold=0.12136085700426726 5.5000000000000009 8787.5000000000018 0 35.635714285714293 1 8.1951643506347285 1.3839743589743592 2 3 4 1.4769488106864199 7.4720608901196615 6.5000000000000009 0.091733694474747565 34.178571428571438 5 0.37718455769048914 -0.40546510810816427 2.5500000000000007 46.500000000000007 6 7.2176425759561669 8.3401860744386891 7 0.065105176252403127 0.016000502636789985 31.26428571428572 59.350000000000016 -0.34285330253802065 1.5750028125100448 0.47000362924573563 37.507142857142867 -0.048790164169432097 1.8501336898395724 8 9 8.2730406286809401 13562.500000000002 1.0964709577721095 0.093685136230685612 362.25000000000017 0.029464010754302754 70.950000000000017 10 25.478571428571431 8.5911982596328098 73.210916442048529 0.020451979187120498 -1.0029164887882327 7.905838173842743 -0.46800529426109166 -0.035090896130988807 6.9675070680091489 8.6853915326411499 8.4299186117885601 0.086038773265549914 0.41985421823174246 3.1053588516746413 11 0.91629073187415533 1.0000000180025095e-35
decision_type=2 2 10 1 2 1 2 2 1 1 1 2 2 2 2 2 1 2 2 2 2 1 2 2 1 8 2 2 2 2 2 2 2 10 2 1 1 2 10 10 10 2 8 2 1 2 2 2 8 2 2 2 2 2 2 2 10 2 2 1 8 2
left_child=1 2 3 4 28 6 19 21 9 24 11 13 14 22 15 -12 17 18 -15 -5 -21 -3 -11 -6 -9 33 -7 -16 29 51 -13 -2 -33 -14 -26 36 37 39 47 40 42 54 -10 -44 45 -38 -47 -39 -49 -46 -45 -1 -51 -31 55 57 -57 58 59 60 -37 -60
right_child=31 7 -4 5 23 26 -8 8 35 10 12 30 25 16 27 -17 -18 -19 -20 20 -22 -23 -24 -25 34 -27 -28 -29 -30 53 -32 32 -34 -35 -36 41 44 38 -40 -41 -42 -43 43 50 49 46 -48 48 -50 52 -52 -53 -54 -55 -56 56 -58 -59 61 -61 -62 -63
leaf_value=0.0080544373035274959 -0.00034963217070429716 -7.6248840019302184e-05 -0.00086489468915848739 0.0043506210200595623 -0.00093036202932141011 7.5512367169171807e-05 -0.0037082221308654367 -0.00058855289466120352 -1.7427359896902181e-05 0.0024079544092984548 0.0012904559117520517 0.0025118586178860349 -0.0025495911396546415 -0.0035615707430899932 0.0027309901170732721 0.0034997006204303422 -0.0027613778475784044 -0.0023064084885306593 0.0005503630707833616 -0.00076027906704315541 0.0019774317854990456 0.0010834425338875403 -0.00072976819524397116 0.00088404531033415331 -0.0021447603717099223 0.0001113450905186793 -0.00098596651802758894 -0.0012908781861866491 -0.00019153793400797562 0.0076442843377846391 -5.6409484037783267e-06 6.8921229242701996e-05 0.0019932408474882279 -0.00017551202377134937 0.00055755153016183727 -0.00021975941595183193 0.0034628075451057744 -0.0008209354538927544 0.0018752244732026255 0.0043781362909439273 0.00022548464471231698 0.0012676485542499867 0.0050380906711467062 -0.0011960479604885416 -0.00096460818154008314 -0.0016473388992942759 -0.0079937938297906571 -0.0039348988956520291 0.0033032904960340393 0.0003027806548600465 0.0014477137748704347 -0.00017295714235186102 -0.00010275060633352918 0.002145422456834056 -0.00021648516793487151 0.0028561415522963757 0.00068817224798167298 0.0024481085027123813 1.6690679562163921e-05 -0.0017680503167909743 0.0035949455634461504 0.00010757214431339419
leaf_weight=44 6421 108 193 157 168 879 65 410 63 84 375 94 88 67 82 196 371 113 210 40 85 257 43 86 597 1524 312 123 106 79 188 1294 179 153 58 326 48 602 95 50 633 213 108 40 134 678 47 57 89 577 40 153 1060 673 1657 174 722 155 6214 425 55 2409
leaf_count=44 6421 108 193 157 168 879 65 410 63 84 375 94 88 67 82 196 371 113 210 40 85 257 43 86 597 1524 312 123 106 79 188 1294 179 153 58 326 48 602 95 50 633 213 108 40 134 678 47 57 89 577 40 153 1060 673 1657 174 722 155 6214 425 55 2409
internal_value=4.12252e-05 0.000303786 0.00192371 0.00244909 0.00460227 0.00058102 0.00509777 7.79352e-05 -3.49683e-06 -0.0011385 6.04514e-05 -0.00270957 0.00134208 -0.00461192 0.0046332 0.00686189 -0.00606955 -0.00261845 8.99281e-05 0.00830389 0.00257937 0.00484973 0.00410156 -0.00156863 -0.00527416 -9.9094e-05 -0.000769551 -0.00157767 0.00613163 0.00697368 0.00318021 -0.000785307 0.00110244 -0.00506198 -0.00731982 0.000322204 -0.000698292 0.00166387 -0.000740521 0.00385027 0.00310734 0.000679557 0.00823413 0.0113757 -0.00234834 -0.00487883 -0.00581956 -0.00193591 0.00408163 -0.00122054 0.00246914 0.00113636 -0.000686813 0.00849934 0.000570522 0.000844385 0.00406912 0.000542514 0.000426829 -0.00241636 0.000956633 0.000692834
internal_weight=32746 24852 3040 2847 1309 1538 347 21812 21447 4776 3711 1170 2541 888 776 571 761 390 277 282 125 365 127 254 1065 1765 1191 205 1055 949 282 7894 1473 241 655 16671 4321 1777 843 934 884 12350 251 188 2544 773 725 748 146 1771 80 197 1637 752 12137 10480 896 9584 9429 806 381 8623
internal_count=32746 24852 3040 2847 1309 1538 347 21812 21447 4776 3711 1170 2541 888 776 571 761 390 277 282 125 365 127 254 1065 1765 1191 205 1055 949 282 7894 1473 241 655 16671 4321 1777 843 934 884 12350 251 188 2544 773 725 748 146 1771 80 197 1637 752 12137 10480 896 9584 9429 806 381 8623
cat_boundaries=0 1 2 3 4 5 6 7 8 9 10 11 12
cat_threshold=2618 1105 4 2 2274 1369 3152 1673 1089 6169 768 562
is_linear=0
shrinkage=0.05


Tree=112
num_leaves=63
num_cat=10
split_feature=2 39 25 33 39 6 20 20 17 33 30 39 7 42 20 3 25 20 37 9 9 9 2 3 13 16 7 39 27 25 12 2 12 25 41 42 22 4 25 10 7 7 0 16 12 9 7 18 6 4 23 12 3 4 12 23 39 41 10 30 31 7
split_gain=3.84542 3.08199 4.61748 5.09037 3.91557 4.81473 3.88713 3.73641 3.44119 3.37813 3.35336 6.26754 3.30238 3.17109 3.16387 4.1698 3.93158 4.44043 4.30381 3.75163 4.18208 3.75014 3.61597 3.14065 2.94473 2.93769 2.87975 2.97278 5.71098 4.11008 3.83695 5.0937 4.70817 4.04725 5.37105 3.9051 3.78792 3.3997 3.26921 4.78692 4.51882 3.46671 3.7918 3.34768 3.04376 2.96962 2.94257 3.44825 2.86645 2.85507 2.84042 2.99388 2.82746 2.82566 2.8156 4.45148 3.37268 3.37997 2.77534 2.76344 3.15206 2.92813
threshold=0.026056341103579243 0 1 27.292857142857148 2 8.3786072566347354 -0.13804703027790957 -0.12775670990578941 -0.24344978800884229 39.314285714285724 50.45000000000001 3 7.9582416450496725 0.55646630236794181 -0.05248386533281716 0.18733237526386495 4 -0.00043440617121251137 11.500000000000002 0.080974249026183498 0.061827322301268826 0.23019473916505093 -0.1416859818287963 0.51076618170523125 1.2333341666666671 -0.88131558653981301 9.8871538131124108 5 29.500000000000004 6 13.500000000000002 1.1254143692523486 29.500000000000004 7 49.452109181141445 0.96899038461538478 -0.087800135049670491 1.2080266387495773 8 0.096028085700740742 8.2843670723383909 7.824817992913192 0.13353139262452321 0.22314355131420979 78.500000000000014 0.039551689749991022 7.7758238322760027 -0.021497401298630165 6.5640626859196418 -1.0000000180025095e-35 0.36586706053363144 82.500000000000014 0.37949656685471528 -0.07485320237925118 78.500000000000014 0.73810653110817903 9 77.407886904761924 0.10345005952975807 87.800000000000011 210.85000000000005 6.9483357261662304
decision_type=2 1 1 2 1 2 10 10 2 2 2 1 2 2 10 2 1 10 8 10 8 10 2 2 2 2 2 1 2 1 2 2 2 1 2 2 8 2 1 2 2 2 2 2 2 8 2 8 2 2 10 2 2 2 2 8 1 2 2 2 2 2
left_child=1 6 3 8 -5 7 -1 -6 25 10 48 50 -13 -8 -15 16 17 19 -19 20 53 54 -23 58 -11 -3 27 28 38 44 33 32 35 -29 -35 -32 -34 45 40 -40 -2 -41 -43 -42 -30 -38 47 52 -4 -37 51 -12 -31 -16 56 -56 57 -21 -17 60 61 -36
right_child=26 2 9 4 5 -7 13 -9 -10 24 11 12 -14 14 15 23 -18 18 -20 21 -22 22 -24 -25 -26 -27 -28 30 29 46 31 -33 36 34 59 49 37 -39 39 41 43 42 -44 -45 -46 -47 -48 -49 -50 -51 -52 -53 -54 -55 55 -57 -58 -59 -60 -61 -62 -63
leaf_value=-0.0007864742820637388 -0.0018250032302488941 -9.6720824934761623e-05 0.0028838687541234056 7.907620712055248e-05 0.0028817960523185113 -0.0044497129803121992 -0.0011317173628792542 -0.0011774520303297143 -8.40142955777258e-05 0.000642329367561987 0.0040275755686981496 -1.3362887755719614e-06 -0.013298214209610887 0.00084448558161472726 0.00070614811287220732 -0.0019320642580001773 1.5983474119616108e-05 -0.0009017328596375541 0.0005793642755472832 0.00095442709501077885 0.0013603470895930364 0.0042230644512787161 -0.00012108548023681613 0.00088231300860649423 0.0073806301832428992 0.0024717484612885431 -0.0014164427544997524 -3.0975804801229234e-05 0.00054022760797214843 0.0041389440810932626 7.1662964335926507e-05 -0.023905279370067891 0.00020025310721983976 -0.0032064801547065955 0.00064244184431253102 -0.00030031064745904995 0.00036176426557860304 0.0020688814421861725 0.00063801292507370717 0.00050727608270758641 -0.00029281517148774174 -0.0022537206321922663 1.7759817609534767e-05 0.0039096893481553431 0.0025623711210395377 -0.00042395453147947988 -0.00027165704350474475 0.0002327084376387026 -3.416536788224309e-05 0.0014106187726072028 -0.0015473702722794505 -0.00024485461835348216 -0.0012728511113534169 -6.0870804244031118e-05 0.0015228990115518685 -0.00053976962030254636 -0.0011635059838099886 -0.0024474151482613833 -0.00017147048709773157 -0.0042694208591876398 0.00091581591406579294 -0.0012059947001127073
leaf_weight=242 534 51 305 229 71 122 51 1698 581 167 283 181 40 964 74 225 4070 83 2452 115 182 61 65 77 52 161 83 637 793 130 985 49 1470 370 121 112 78 139 544 302 135 286 211 69 226 4504 1026 281 4774 380 65 53 50 158 135 80 714 47 242 63 93 279
leaf_count=242 534 51 305 229 71 122 51 1698 581 167 283 181 40 964 74 225 4070 83 2452 115 182 61 65 77 52 161 83 637 793 130 985 49 1470 370 121 112 78 139 544 302 135 286 211 69 226 4504 1026 281 4774 380 65 53 50 158 135 80 714 47 242 63 93 279
internal_value=3.80854e-05 0.000503418 -0.000178087 -0.00180404 -0.00308817 -0.00382492 0.00110221 -0.00317797 0.00160579 0.000623841 0.000390214 0.00385233 -0.00290948 0.00125817 0.00132376 0.00102494 0.00130509 0.00238209 0.00369677 0.000352328 0.00445783 -0.0010468 0.00708661 -0.00321101 0.00670455 0.00704225 -0.000591355 -0.000535405 0.000505655 0.00211408 -0.0010494 -0.00059277 -0.000488982 -0.00330882 -0.00538954 0.00204668 -0.00109415 -0.0017842 -0.00142891 5.53914e-05 -0.0040721 -0.00240625 -0.00496988 0.00219512 0.00453883 -0.00201833 0.000417223 0.00373377 -3.44488e-05 0.00567951 0.00746359 0.00949555 0.00911602 0 -0.00199176 0.003125 -0.00324971 0.00317919 -0.00475427 -0.00233393 -0.00106275 -0.00299252
internal_weight=32820 18870 8833 2913 2120 1891 10037 1769 793 5920 5701 622 221 9795 9744 8780 8236 4166 2535 1631 414 1217 126 544 219 212 13950 13867 4587 2506 9280 7717 7668 1563 926 1477 6191 4721 2081 1343 738 799 497 204 1019 4582 1487 461 5079 492 401 336 180 232 1091 215 876 162 467 556 493 400
internal_count=32820 18870 8833 2913 2120 1891 10037 1769 793 5920 5701 622 221 9795 9744 8780 8236 4166 2535 1631 414 1217 126 544 219 212 13950 13867 4587 2506 9280 7717 7668 1563 926 1477 6191 4721 2081 1343 738 799 497 204 1019 4582 1487 461 5079 492 401 336 180 232 1091 215 876 162 467 556 493 400
cat_boundaries=0 1 2 3 4 5 6 7 8 9 10
cat_threshold=575 2242 192 5376 1678 5137 2476 2220 1068 40
is_linear=0
shrinkage=0.05


Tree=113
num_leaves=63
num_cat=9
split_feature=9 10 39 25 42 10 23 27 6 5 42 39 29 25 22 40 15 16 6 31 25 25 13 13 21 23 18 13 25 37 4 18 41 14 33 27 4 1 13 10 9 15 25 22 13 22 22 27 21 18 21 14 8 19 19 37 4 1 19 8 25 41
split_gain=3.26091 2.84083 3.72004 5.52018 4.05197 4.02229 3.90922 3.3853 3.50905 3.3338 3.87247 3.33373 5.89618 4.14937 3.56485 3.37574 4.49031 4.44873 4.11859 3.28217 3.207 3.07688 3.62701 4.18623 3.40179 2.98806 3.22313 3.13839 2.888 3.67282 3.01884 3.01036 3.46484 2.8705 2.86971 2.83704 3.11035 2.79706 3.55277 2.94736 2.72345 2.77156 3.41329 2.90624 2.70293 2.6649 3.32088 2.68969 2.62538 2.6028 2.59736 2.59409 4.17744 3.3454 2.58673 2.47383 4.66042 2.47005 4.01445 2.40599 2.82511 3.61093
threshold=1.0045027619289641 -0.0052703822673563208 0 1 0.77871939736346529 -0.21867292318199502 0.60671084676193432 20.500000000000004 7.1746982741899563 7.2638698175148084 0.89915254237288156 2 1.0000000180025095e-35 3 -0.39626239132937219 1.5000000000000002 -0.8864838767881057 0.24116205681688793 8.3537304209355252 267.05000000000007 4 5 0.27014863648527021 0.78263441337956019 8025.0000000000009 -1.2795128624145136 0.6515914030715052 1.529690109482279 6 70.500000000000014 -0.38299168407396461 0.33125967781288729 99.958168456755246 0.087110912019179323 38.750000000000007 12.500000000000002 -0.79850769621777073 0.11779747645719631 0.42857155102047817 0.15205818344778657 0.092799898612850137 0.02902583490858213 7 0.074405328376167729 0.50913261050875736 0.084946328309939409 -0.1053105131576596 21.500000000000004 2750.7800000000002 -1.8968112771360894 3252.5000000000005 0.33647223662121323 0.11157268758660796 0.19202529751176728 0.52251908547514681 58.500000000000007 0.31845373111853542 -0.17520408902509119 -0.076546154261936783 0.06417491786538411 8 38.945833333333347
decision_type=10 2 1 1 2 2 10 2 2 2 2 1 2 1 8 2 2 2 2 2 1 1 2 2 10 8 8 2 1 10 2 10 2 2 2 2 2 2 2 2 10 2 1 10 2 8 10 2 8 10 8 2 8 2 2 10 2 2 2 10 1 2
left_child=1 2 3 4 -1 21 -5 20 -9 -10 -11 14 49 -14 15 16 -3 -18 -17 -8 -6 45 -23 34 -25 33 59 37 31 30 44 -7 51 -16 50 -22 -37 40 39 -39 -28 43 -43 -42 -30 46 -4 -47 -12 -13 57 53 -53 -33 -32 -51 -57 -24 -59 60 61 -27
right_child=-2 11 5 6 7 28 19 8 9 10 48 12 13 -15 25 18 17 -19 -20 -21 35 22 23 24 -26 26 27 -29 29 -31 54 32 -34 -35 -36 36 -38 38 -40 -41 41 42 -44 -45 -46 47 -48 -49 -50 55 -52 52 -54 -55 -56 56 -58 58 -60 -61 -62 -63
leaf_value=0.0020275278356843766 -0.0050269639240980886 -0.0017980365277490363 1.49663511651957e-05 -0.00044311518137490452 -0.0007809803517974948 0.00059164034740319393 -0.0045993913748916078 0.0021158403753306202 -0.0026643370169857194 -0.0020458584761416892 -0.00021786268652431318 -0.00089282425567280873 -0.0056346886635735456 -0.00029520624263912185 0.0017564283784251161 -0.00086305204378447616 0.0037620244504075039 7.1819619057839887e-05 0.0013183205552742786 0.00041084300932490422 0.0010601251777054034 0.0056565350425986207 -1.3603747394213411e-05 0.0027892543418200997 -0.0017863783036476796 -0.0013433068974785878 -0.0001549289209388171 0.0067951547633103328 -0.0020955456196152275 -0.0016091983204894163 4.1588682087006277e-05 -0.0008749464490783389 0.00039112308559738893 -0.00031435129269477975 0.0047087209030031198 -0.0072411996709127987 -0.00053736248562429587 -0.0095242872183493865 5.6645402621035602e-05 -0.0013876888197927797 0.0021065473999735801 0.0025349953586128113 6.2162458861989969e-05 7.2005248287311798e-05 -0.00021271735264682593 -0.0016604019689825896 0.0013249435019647697 0.00020438384500835391 0.0037860234993048244 -3.8064023427854256e-06 -0.00057984220404929678 0.0017585948330335974 -0.00063738043629157221 0.0030443645421127132 -0.0022911670572737883 0.0020872177797942619 -0.00098310907167013491 -0.0027314694905992377 0.0036562384162580398 -0.00039636425519609745 8.1531994875908248e-05 0.0010700663328982079
leaf_weight=54 134 66 270 1718 224 1479 233 465 76 70 188 355 123 3311 243 254 369 163 160 51 382 85 232 871 74 82 174 44 134 44 4926 452 434 129 44 40 117 42 634 71 196 103 604 89 499 174 80 183 179 5779 563 112 204 46 40 108 43 41 163 4081 448 40
leaf_count=54 134 66 270 1718 224 1479 233 465 76 70 188 355 123 3311 243 254 369 163 160 51 382 85 232 871 74 82 174 44 134 44 4926 452 434 129 44 40 117 42 634 71 196 103 604 89 499 174 80 183 179 5779 563 112 204 46 40 108 43 41 163 4081 448 40
internal_value=-2.28707e-05 9.18583e-06 0.000516792 -0.000833771 0.00117663 0.000976615 -0.00263289 0.00076062 0.00270684 -0.000145914 0.0015411 -0.000419207 -0.0010406 -0.00270742 0.000337373 0.00310958 0.00550918 0.00703565 -0.000361446 -0.00807018 -0.00173429 0.00262496 0.00358685 0.00316742 0.00557611 -6.44607e-05 -0.000310183 0.00139173 0.000430056 -0.000216661 -0.000102679 0.00176224 -4.0032e-05 0.00428954 0.000981801 0.000409091 -0.00522152 0.00108412 -0.00130348 -0.00942982 0.00261354 0.00362538 0.00194209 0.00777972 -0.00335174 -0.000243733 0.002849 -0.00328212 0.00360054 -0.000131244 0.000425 -0.00196319 0.00157729 -0.00420842 0.00031206 0.000118024 0.00641447 0.00331808 0.00731707 -0.00102644 0.00201401 -0.00451128
internal_weight=32792 32658 14947 3797 1795 11150 2002 1741 978 513 437 17711 9719 3434 7992 1012 598 532 414 284 763 2780 2073 1988 945 6980 6608 1957 8370 5643 5599 2727 1248 372 1043 539 157 1913 747 113 1166 992 707 285 633 707 350 357 367 6285 999 814 316 498 4966 5930 151 436 204 4651 570 122
internal_count=32792 32658 14947 3797 1795 11150 2002 1741 978 513 437 17711 9719 3434 7992 1012 598 532 414 284 763 2780 2073 1988 945 6980 6608 1957 8370 5643 5599 2727 1248 372 1043 539 157 1913 747 113 1166 992 707 285 633 707 350 357 367 6285 999 814 316 498 4966 5930 151 436 204 4651 570 122
cat_boundaries=0 1 2 3 4 5 6 7 8 9
cat_threshold=3200 380 3633 160 40 2084 2196 3328 2192
is_linear=0
shrinkage=0.05


Tree=114
num_leaves=63
num_cat=11
split_feature=10 39 8 25 8 42 25 29 41 31 7 10 39 41 1 25 44 7 6 42 39 25 27 27 25 37 40 26 8 2 31 27 7 35 25 15 13 26 13 25 10 12 31 15 6 2 42 6 18 6 41 22 12 13 25 3 27 18 3 22 41 6
split_gain=2.85418 3.48409 4.21107 4.88867 3.88285 3.85423 8.60779 5.39149 4.77061 3.59412 3.56072 3.41288 3.39053 4.11546 5.25637 5.12625 3.76995 3.76993 6.80952 3.90351 3.53483 3.24941 4.52878 4.50944 4.6719 6.92825 4.27314 3.90041 4.21078 3.49754 3.47261 3.36425 3.23046 4.17462 3.25939 3.20819 3.56661 3.11813 3.09722 3.93205 4.69128 5.05268 3.54792 3.7352 3.49404 3.6213 3.90134 3.39547 4.06058 3.37075 3.15381 3.82597 3.05743 3.03721 3.0001 2.9843 2.98312 3.94221 2.97486 2.96383 2.95777 3.54992
threshold=-0.067258853589187581 0 0.093685136230685612 1 0.19622479218610728 0.96850198412698429 2 1.0000000180025095e-35 195.66406250000003 198.15000000000001 8.3682550977448837 -0.31413378601502767 3 4.7861904761904768 1.0573520735808823 4 0.13392857142857145 7.9044662437641398 8.1278186157914334 0.92247596153846168 5 6 31.500000000000004 8.5000000000000018 7 35.500000000000007 1.5000000000000002 13.500000000000002 0.20434210351978563 0.035092469235236574 205.60000000000005 17.500000000000004 7.2255132810602314 1.0869510184226532e-11 8 0.24489849360857943 0.66666628726311961 26.500000000000004 1.0909100826464313 9 0.1167561295602746 33.500000000000007 227.20000000000007 -0.74721440183022092 6.8661347114009796 -0.19342155615202425 0.98399897593445995 8.2940907101069126 -0.91358972621455392 8.7215249989514501 166.67439516129033 -0.18922229481675593 39.500000000000007 0.28571559767031601 10 -0.10821215607084465 23.500000000000004 0.036084702626981859 -0.34355228187664938 0.57982041832616715 277.96208355367537 6.5081199683551487
decision_type=2 1 8 1 8 2 1 2 2 2 2 2 1 2 2 1 2 2 2 2 1 1 2 2 1 10 2 2 10 2 2 2 2 2 1 2 2 2 2 1 2 2 2 2 2 2 2 2 8 2 2 8 2 2 1 2 2 10 2 8 2 2
left_child=1 5 9 4 35 54 7 -7 -9 -3 53 -12 21 16 15 17 58 19 -19 -15 -18 22 26 24 37 -26 30 28 -24 -28 52 -32 33 34 -25 36 -4 -23 42 -40 -41 -42 44 -44 45 -17 60 48 -45 -49 -46 -52 -2 -5 -1 -11 59 -58 -14 -53 61 -47
right_child=12 2 3 10 -6 6 -8 8 -10 55 11 -13 13 14 -16 38 20 18 -20 -21 -22 23 27 32 25 -27 29 -29 -30 -31 31 -33 -34 -35 -36 -37 -38 -39 39 40 41 -43 43 47 50 46 -48 49 -50 -51 51 56 -54 -55 -56 -57 57 -59 -60 -61 -62 -63
leaf_value=2.2603155033185454e-05 -0.00061583869369509514 0.00019579540955139732 -0.00059395012881842207 0.0021905337115929067 0.0018054922094771575 0.0025001925816815658 -0.00061490754136507531 -0.00080083528024942811 0.0026061229214505671 0.0027253232917932111 -0.0068194183558102335 -0.00096627635782143098 0.0036675415125509456 8.2966957770402425e-06 -0.036726793140458812 -0.0055627183188482225 0.0020876340665930125 0.0019880416560632756 -0.0019078655267263421 -0.0048658501779178381 2.1205785417331469e-06 0.00073226644072769346 0.0020528896862088111 -0.0006711266433957416 -0.00064475172487993564 0.0074515801066737334 0.00019907267330826077 0.00010887727690402516 -0.0025214192353938307 -0.00037140499561063596 0.0038876521957955283 -0.004297041047365684 -0.00053883717531488351 -0.00062079238536902879 0.00041132616500828487 -0.0017221717543066354 0.0019674810037589004 0.0031507178474031597 0.0027014614348353731 -0.0010608045183834972 0.0048176504397821479 0.00015864752616574323 -0.0025600697420006778 0.0041820453802599621 8.1002972933859408e-05 0.00091415905407871622 0.0017869473972137947 -0.0033429442523492171 -1.0801980777847072e-05 8.2166444219450069e-05 0.0041778426457244142 0.002530534856228641 -0.0056204699709312732 -0.00043294671373975249 0.0009316606090497663 0.00013094384361843556 0.0018444335986270357 -0.0010524375841571311 -0.00048904647772090519 -0.00035158332986151428 -0.002675141568305766 -0.00042103375078332198
leaf_weight=829 116 902 260 121 831 396 1042 304 151 147 156 322 45 52 46 45 140 90 210 113 1017 383 161 533 453 55 728 853 46 710 113 59 2977 452 1070 211 249 44 533 313 164 324 113 47 5365 153 166 132 473 114 78 176 149 2324 2394 91 122 154 2572 61 82 288
leaf_count=829 116 902 260 121 831 396 1042 304 151 147 156 322 45 52 46 45 140 90 210 113 1017 383 161 533 453 55 728 853 46 710 113 59 2977 452 1070 211 249 44 533 313 164 324 113 47 5365 153 166 132 473 114 78 176 149 2324 2394 91 122 154 2572 61 82 288
internal_value=-2.13278e-05 0.000647656 -0.000213333 -0.000905028 0.00136044 0.00158962 -0.000197994 0.00350928 -0.000164474 0.00249781 -0.00210464 -0.00605428 -0.000346295 0.000162891 0.000722252 0.000805849 -0.00123179 -0.0042542 -0.000996678 -0.0103916 0.00114421 -0.00109952 0.000263069 -0.00176899 0.0014156 -0.00183044 -0.00121269 0.00287465 0.00901442 0.000104239 -0.00553653 0 -0.00236439 -0.000839008 0.000358479 -0.00131761 0.000833333 0.00519406 0.00107415 0.00329588 0.00101601 0.00408998 0.00068362 -0.00230114 0.00107607 -0.00217687 -0.00126812 -0.00104302 0.0012476 -0.00587045 0.00147725 0.00494088 -0.00911654 -0.00133892 0.00264423 0.00794979 0.00335603 -0.000180505 -0.00228228 0.00745798 -0.0033874 -0.00175339
internal_weight=32820 10730 5614 4474 1551 5116 1893 851 455 1140 2923 478 22090 13188 9414 9368 3774 465 300 165 1157 8902 2935 5967 935 508 1875 1060 207 1438 437 172 5032 2055 1603 720 509 427 8903 1334 801 488 7569 879 6690 734 689 766 520 246 5956 591 265 2445 3223 238 513 276 2617 237 523 441
internal_count=32820 10730 5614 4474 1551 5116 1893 851 455 1140 2923 478 22090 13188 9414 9368 3774 465 300 165 1157 8902 2935 5967 935 508 1875 1060 207 1438 437 172 5032 2055 1603 720 509 427 8903 1334 801 488 7569 879 6690 734 689 766 520 246 5956 591 265 2445 3223 238 513 276 2617 237 523 441
cat_boundaries=0 1 2 3 4 5 6 7 8 9 10 11
cat_threshold=4474 572 3490 334 128 1536 394 113 1057 344 546
is_linear=0
shrinkage=0.05


Tree=115
num_leaves=63
num_cat=4
split_feature=3 39 4 30 7 42 23 12 27 19 20 12 21 20 27 4 30 16 27 39 42 21 15 20 30 27 8 3 26 2 9 23 20 3 9 7 5 19 2 19 3 10 17 20 7 10 33 30 23 9 39 24 19 27 18 30 23 42 3 9 30 30
split_gain=2.2839 4.0447 3.08059 2.89836 2.76979 4.02772 3.92959 3.18854 3.00721 3.10888 2.91048 3.99651 2.61111 2.60757 2.62812 3.96522 2.86882 2.54353 2.36955 4.2042 3.65676 3.59646 4.80073 2.97885 4.57175 2.82964 2.60896 3.46087 2.90161 2.66028 2.54847 2.38445 2.35593 2.28382 2.26125 2.24644 2.84265 2.11959 1.99922 1.95517 2.12408 1.93951 1.94791 1.90602 1.78671 1.75227 2.55349 2.13693 1.80431 1.73442 1.71559 2.28378 2.26077 2.25205 2.01472 1.78629 1.9363 1.71297 2.90789 2.43388 2.40216 2.98446
threshold=-0.27267660551931699 0 -0.97146327829421242 0.8500000000000002 7.9103460060708661 0.93700396825396837 0.4213511113263127 65.500000000000014 29.500000000000004 0.013273827504826573 0.06256889292721228 78.500000000000014 1671.0000000000002 0.096775997024097712 15.500000000000002 -0.43078291609245362 9.6000000000000032 0.36072374801510426 41.500000000000007 1 0.9533066860465117 1671.0000000000002 -0.15900145652231965 0.091389211226392944 18.950000000000006 19.500000000000004 0.11758193343151795 -0.72901791152133277 27.500000000000004 -0.13853104963369264 0.28545398146675954 0.32437621433565683 -0.11023504108139354 -0.49254890260831979 0.130378600953619 8.1436343601505854 7.3235081695058115 1.0000000180025095e-35 -0.23889215828228669 -0.14097593844897827 -0.69314718055994484 -0.2349896685091801 0.22095324629936378 0.010750397763327486 6.7217636430196466 -0.26007024270189433 29.964285714285719 15.450000000000003 -0.75317120170356311 0.11023407165475919 2 3 0.0030733308872152223 7.5000000000000009 0.57928743486685252 1.4500000000000004 1.3899360378154448 0.64888572783309639 -0.046253722292656889 0.22084848614033531 21.200000000000006 1.0000000180025095e-35
decision_type=2 1 2 2 2 2 10 2 2 2 10 2 10 10 2 2 2 2 2 1 2 8 2 10 2 2 8 2 2 2 10 10 10 2 10 2 2 2 2 2 2 2 2 10 2 2 2 2 10 10 1 1 2 2 10 2 8 2 2 8 2 2
left_child=1 18 3 -2 5 7 13 8 -3 -10 11 34 -9 14 15 16 -6 -8 20 26 32 22 -22 24 35 33 -20 -28 29 41 -25 -30 -1 43 49 36 -21 -27 -15 -16 -41 42 -29 -23 -34 46 -36 -47 -48 -7 54 52 -52 -53 55 -46 -57 58 -4 60 61 -60
right_child=2 4 57 -5 6 10 17 12 9 -11 -12 -13 -14 38 39 -17 -18 -19 19 23 21 25 -24 30 -26 37 27 28 31 -31 -32 -33 44 -35 45 -37 -38 -39 -40 40 -42 -43 -44 -45 50 47 48 -49 -50 -51 51 53 -54 -55 -56 56 -58 -59 59 -61 -62 -63
leaf_value=0.0067966607095869824 0.00018409460980788397 -0.0022652160326570429 -0.00021113630111810127 -0.0043681890153044892 0.0030146406195964539 2.813535478930079e-05 -0.0050526229976688344 -0.0059910417336208601 -0.00068595756129255243 0.0038894608010489524 0.0051361539181167927 0.0047651372088676784 -0.00012387016090968504 -0.00043662194820782779 -0.0027187584168203703 0.0034259380157998735 -0.0054078754825920509 -0.00049260644251370085 0.0013469962735598896 -0.00034042001489482422 -0.0010834978042594376 -0.0052115071864690223 0.0053331415033536058 -0.0033766739451180335 0.0030636820598630809 0.0036569943209238801 0.0064900234573946189 0.0034487251077121328 -0.0058423985245651643 0.0039482588932523736 0.0028744716468530789 0.00062980812815884241 0.0071733797855958641 -0.00023039588917052098 -0.0011010777843480999 -0.0014708450115230754 0.003763739832855769 -0.00032634678358674614 -0.0057206956196080511 0.0015645001194636917 -0.00075751566617710681 -0.0051702049322912809 -0.0050839788718366145 -0.0010089893123613025 0.0033860906600608311 -0.0051459682939769495 0.0061541850801829631 0.0015863185548656723 0.00030344441102796702 0.0031783081018220585 0.00077571167180122695 0.0065554305218480449 -0.0056419278647223004 0.00073763040104538448 0.0036317082845032469 0.0029055531681472877 -0.0016763630727991445 -3.0233198103645183e-05 -0.00015458365440032497 0.0047133850935779818 -0.0026451512659804127 0.0015569412580717452
leaf_weight=93 71 107 99 108 57 40 116 61 62 55 132 104 42 51 57 109 55 53 119 70 67 68 90 56 90 49 62 56 191 61 52 46 50 180 145 100 105 52 53 63 381 44 41 59 155 106 48 40 84 40 57 40 45 146 111 137 70 27483 99 106 45 106
leaf_count=93 71 107 99 108 57 40 116 61 62 55 132 104 42 51 57 109 55 53 119 70 67 68 90 56 90 49 62 56 191 61 52 46 50 180 145 100 105 52 53 63 381 44 41 59 155 106 48 40 84 40 57 40 45 146 111 137 70 27483 99 106 45 106
internal_value=-0.000116062 0.000913711 -0.000285404 -0.00680556 -0.000736004 0.00103093 -0.00263554 -0.00358232 -0.000222222 0.00529661 0.00307432 0.00160362 -0.0108173 -0.00120919 -0.000138313 0.00439189 -0.00221239 -0.00955882 0.00223475 0.00047989 0.00355442 0.000397527 0.0068038 0.00397727 0.00621585 -0.00207824 -0.0022187 -0.00383466 -0.00539773 -0.000985222 -0.00321101 -0.00913866 0.00552486 -0.00446429 -0.000248016 0.00298913 0.00639205 0.00514706 -0.00857143 -0.00214143 -0.00101124 -0.00475352 -0.000765306 -0.00957031 0.00464901 -0.00170991 0.000629496 -0.00612245 0.0056391 0.00740741 0.00403543 0.00083612 -0.00486726 0.00406091 0.00583678 0.00413223 0.00108173 -0.000243387 0.00279605 0.00490196 0.00219124 0.00449029
internal_weight=32740 4623 28117 179 2061 1066 995 327 224 117 739 607 103 826 722 221 112 169 2562 1093 1469 565 157 473 365 408 620 501 439 202 108 237 904 307 503 275 175 101 104 501 444 141 97 127 811 423 277 146 132 80 761 288 102 186 473 362 207 27938 455 356 250 205
internal_count=32740 4623 28117 179 2061 1066 995 327 224 117 739 607 103 826 722 221 112 169 2562 1093 1469 565 157 473 365 408 620 501 439 202 108 237 904 307 503 275 175 101 104 501 444 141 97 127 811 423 277 146 132 80 761 288 102 186 473 362 207 27938 455 356 250 205
cat_boundaries=0 1 2 3 4
cat_threshold=5006 896 4744 10
is_linear=0
shrinkage=0.05


Tree=116
num_leaves=63
num_cat=5
split_feature=37 7 0 11 21 12 30 12 41 30 42 8 26 41 7 41 12 40 26 25 7 21 21 26 25 11 27 11 8 27 1 27 4 22 12 20 7 18 22 4 9 26 18 4 25 5 0 42 16 25 12 5 12 6 38 41 21 20 27 4 41 16
split_gain=2.0502 2.3441 4.19181 3.50105 4.30768 3.73684 3.21127 2.84452 2.67629 4.1225 3.72994 3.64997 3.55952 3.32625 3.91089 3.63656 3.20385 3.0578 8.01616 5.44437 6.95813 4.37298 3.97393 3.61887 3.44225 3.56467 3.43538 4.16561 3.77051 3.31316 4.21213 3.95214 3.33532 3.27021 3.23513 3.09184 2.95154 2.9507 2.94364 2.91874 3.18364 4.74773 2.97778 2.9355 2.83376 5.32615 3.37783 3.24675 2.83731 2.82906 2.79331 3.15299 3.69603 2.99797 2.78846 2.76897 3.28909 2.75247 2.74546 2.93105 2.84232 2.73991
threshold=87.500000000000014 7.1910109134318239 0.87546873735389907 7.5000000000000009 2141.0000000000005 75.500000000000014 147.05000000000004 84.500000000000014 134.24356872635565 45.850000000000016 0.84344362745098056 0.036374228609147609 1.5000000000000002 91.016129032258078 8.2952298520568828 73.210916442048529 82.500000000000014 1.5000000000000002 47.500000000000007 0 7.8406002449507293 5904.1650000000009 1100.7450000000001 32.500000000000007 1 30.500000000000004 23.500000000000004 85.500000000000014 0.37931757762443669 10.500000000000002 0.043083104208368812 20.500000000000004 -0.48391269166586953 -0.14924963639285599 73.500000000000014 -0.0111349464869902 9.0302920362670847 -0.79797025258631005 0.060626820822044535 -0.866616167534631 0.21761184556784716 3.5000000000000004 -0.58146993991618057 0.3498132511473338 2 9.0158098132921953 -0.19415601444095773 0.94689849624060163 0.53655290961811353 3 6.5000000000000009 7.5763363425191725 1.5000000000000002 7.3335166231310787 4 2.756753246753247 5012.5000000000009 -0.025024621088798899 25.500000000000004 0.36986399579266133 8.8804421768707495 -0.046505968915503175
decision_type=10 2 2 2 8 2 2 2 2 2 2 8 2 2 2 2 2 2 2 1 2 10 8 2 1 2 2 2 10 2 2 2 2 8 2 10 2 8 8 2 10 2 10 2 1 2 2 2 2 1 2 2 2 2 1 2 8 10 2 2 2 2
left_child=1 2 3 4 -1 -6 -5 8 9 17 49 -12 -10 15 -15 16 -13 18 19 20 26 -20 -19 29 33 34 27 28 -3 30 -22 -31 -33 -24 44 -28 38 -36 -14 -21 -41 42 -42 -44 46 47 -26 48 61 -11 51 53 -53 -27 -34 56 -43 -54 59 -35 -60 -46
right_child=-2 7 -4 6 5 -7 -8 -9 12 10 11 13 36 14 -16 -17 -18 22 21 39 23 -23 24 -25 25 50 35 -29 -30 31 -32 32 54 58 37 -37 -38 -39 -40 40 41 55 43 -45 45 -47 -48 -49 -50 -51 -52 52 57 -55 -56 -57 -58 -59 60 -61 -62 -63
leaf_value=0.0013134768294129906 -0.0017017808646330084 -0.0011538438971201443 -0.014813981246035231 5.9321726062234326e-05 0.00029335137514467684 -0.0051582860852680251 -0.0025565022542376834 6.7168547959801534e-05 -0.0021789233988560044 -0.0020741790189753168 -0.0005213529888487983 0.00068560551897459338 8.8583700044088397e-06 -0.0028213868519990654 0.00033609698864216653 0.0022951103518844803 -0.00041612921440793899 -0.0017836273594294023 0.0016089273065970932 0.003179528199324363 0.0027098395073849794 -0.0027189321651395096 -0.0002097494970165661 -0.006245308927560294 0.0040625151431114229 -0.00097215077215248862 -0.0011122232902236095 -0.004354977621774659 0.0046950811027664787 -0.0032909012286732385 -0.0021994089547551299 0.002206042283385909 0.00031681837260440438 0.0015093662888870916 0.00080801614392185116 0.00090774296352773341 -0.0048602370165420107 -0.00049788607465764531 -0.00046963245071850114 -9.6671621766493774e-06 -0.0012136022541593731 -0.0030599086372339345 0.0057568932830196614 1.7966021817143741e-05 0.0019073404178805639 -0.0012718336015799985 0.00086221958792636125 -0.00028404488158470862 0.003213527793716202 0.00034956908692072939 -5.9548857915749597e-05 -0.00037671543915397611 -0.0036160442842744903 0.0027944258041403911 -0.0028733512033827045 -0.00096971756461567543 0.0022627301520910729 -0.0014135641031537084 -0.00086457524041552854 -0.00052018087186896935 0.0010104674730525413 -0.00017945977504798088
leaf_weight=601 73 334 63 6899 235 60 51 3328 87 198 86 2052 1921 70 75 216 172 58 694 174 70 47 338 305 74 40 156 78 59 87 51 45 121 288 95 380 52 334 2139 3056 50 226 104 88 124 241 506 232 88 165 2652 195 82 48 398 1551 40 141 113 41 240 149
leaf_count=601 73 334 63 6899 235 60 51 3328 87 198 86 2052 1921 70 75 216 172 58 694 174 70 47 338 305 74 40 156 78 59 87 51 45 121 288 95 380 52 334 2139 3056 50 226 104 88 124 241 506 232 88 165 2652 195 82 48 398 1551 40 141 113 41 240 149
internal_value=-0.000132877 -0.00011404 0.000635272 0.000739136 0.00367893 -0.00126689 0.00035966 -0.000353464 -0.000564708 -0.000288774 0.00138386 0.00203031 -0.00169643 0.00236852 -0.00496575 0.00280623 0.00220225 -0.0006464 -0.00128158 -0.0017799 -0.00393795 0.00367251 0.00020148 -0.00674861 0.000327964 -0.000214485 -0.000967262 -0.00407839 -0.00196701 -0.00491591 0.00266393 -0.00632669 -0.00477876 0.00295829 0.001532 0.00176909 -0.0014831 -0.00226744 -0.00132972 -0.000919811 -0.00113858 -0.00265777 0.00390947 0.00673575 0.00268551 0.000769231 0.00532995 0.00332492 0.00628453 -0.00336538 -0.00123457 -0.00463511 -0.00644391 0.00393258 -0.00591346 -0.0035341 -0.0082397 -0.0108259 0.00497804 0.00825758 0.00190678 0.00374088
internal_weight=32736 32663 7909 7846 896 295 6950 24754 21426 17227 3034 2671 4199 2585 145 2440 2224 14193 8114 7373 2084 741 6079 1077 6021 5001 1007 471 393 772 121 651 564 1020 1843 536 4112 429 4060 5289 5115 2059 242 192 1414 834 580 593 361 363 3158 506 418 88 519 1817 266 223 682 329 353 273
internal_count=32736 32663 7909 7846 896 295 6950 24754 21426 17227 3034 2671 4199 2585 145 2440 2224 14193 8114 7373 2084 741 6079 1077 6021 5001 1007 471 393 772 121 651 564 1020 1843 536 4112 429 4060 5289 5115 2059 242 192 1414 834 580 593 361 363 3158 506 418 88 519 1817 266 223 682 329 353 273
cat_boundaries=0 1 2 3 4 5
cat_threshold=456 136 1349 2368 4
is_linear=0
shrinkage=0.05


Tree=117
num_leaves=63
num_cat=13
split_feature=38 44 17 17 3 21 39 14 2 25 27 25 3 25 3 39 25 13 30 3 12 12 41 2 25 33 39 7 7 11 8 8 9 25 8 27 4 11 37 41 39 12 5 25 2 33 7 12 12 3 41 4 27 13 21 4 5 1 5 11 25 33
split_gain=2.23344 5.45193 4.98511 4.81448 3.87051 3.6558 5.10816 3.25702 3.18121 3.18663 3.3619 3.15296 3.15002 3.13535 3.74525 3.06708 7.62588 6.18807 5.54132 5.02071 4.54703 4.97573 3.85882 3.08635 3.37144 3.1022 5.20615 4.78563 4.47611 4.45093 4.19614 3.88949 3.70568 3.89719 3.38635 4.15377 3.13377 4.0345 4.38333 3.73289 3.31618 3.92133 5.63377 4.80557 4.59026 4.10403 3.04581 3.63915 3.03441 3.01042 3.20893 2.99545 2.92786 2.94583 2.98012 2.88455 2.87347 2.85911 2.85164 3.22382 3.68458 2.83488
threshold=0 1.0000000180025095e-35 0.029024842958255363 0.10989888734779331 0.21772374824034516 1726.1900000000003 1 -0.045540158768886611 0.54210900813846064 2 10.500000000000002 3 -0.080042411815460554 4 0.10179762109975334 5 6 0.74999953125058616 1.2500000000000004 0.44192967607829697 45.500000000000007 27.500000000000004 4.3017370470200662 -0.84474031005381833 7 26.87857142857143 8 7.0233780866731097 8.5782887295868431 72.500000000000014 0.12103591548947099 0.080408694361735103 0.054665860930200365 9 0.18529915294383731 4.5000000000000009 0.35667494393873295 8.5000000000000018 16.500000000000004 3.2754310344827591 10 68.500000000000014 9.0350340613542457 11 0.11146493448609941 29.63571428571429 8.1115085689327895 80.500000000000014 11.500000000000002 0.074164764717102663 51.852708333333339 -1.0000000180025095e-35 58.500000000000007 1.3593844696969699 847.05500000000018 -0.34285330253802065 7.2805997219027283 0.31845175386467967 6.9061908688140248 45.500000000000007 12 28.521428571428576
decision_type=1 2 2 2 2 10 1 2 2 1 2 1 2 1 2 1 1 2 2 2 2 2 2 2 1 2 1 2 2 2 8 8 8 1 8 2 2 2 10 2 1 2 2 1 2 2 2 2 2 2 2 2 2 2 8 2 2 2 2 2 1 2
left_child=1 2 5 8 13 11 -7 12 9 10 -3 -1 -4 -5 -15 16 17 -2 22 -19 21 -20 -18 -17 -25 26 27 -26 29 30 -28 -30 33 -27 36 -36 37 38 39 -34 41 42 -39 44 61 -44 47 -41 -12 -11 -51 -31 53 54 -24 -56 -22 -21 59 -37 -61 -43
right_child=15 3 7 4 -6 6 -8 -9 -10 49 48 -13 -14 14 -16 23 18 19 20 57 56 -23 52 24 25 32 28 -29 31 51 -32 -33 34 -35 35 58 -38 40 -40 46 -42 43 45 -45 -46 -47 -48 -49 -50 50 -52 -53 -54 -55 55 -57 -58 -59 -60 60 -62 -63
leaf_value=-0.0010574994078273094 -0.00024673383012189208 0.0057257530053202122 -7.4352692349187552e-05 0.0020782042174265396 -0.00061081850501604825 -4.4519494961072459e-05 0.0010379756112711268 -4.5128757968457278e-05 -0.0082854700106336342 0.00027260328865142406 0.0020873074275863297 0.00013158674271090653 -0.0012339772813828186 0.00010801242469820339 0.0031539208677706918 0.0083056246150877821 0.0012338576944573834 0.00012223102469345189 -0.0025490755540511952 0.006660278981277426 -0.0010038278517863171 0.00022536888089571525 8.800224701418286e-05 -0.000155689463862563 0.0070207327212475556 0.00021321557899355546 -0.00037333490893491422 0.0014396983774843865 -0.00062939868270324483 0.0046109884932704929 -0.005770897385045967 0.0021819692305663782 0.0028287260606839728 1.0819950545800008e-06 -0.00099636852883949745 0.0042934589240533104 -0.00089559753100682785 0.00046486854879614282 0.0039605132536177845 0.0014643217161591946 -0.00036721051076119563 -0.00042375841313249121 0.00039432956282114826 -0.00062881562601680417 -0.0017749257183503149 -0.0024819879704180894 -0.0010312338978369371 -0.0010354987642064611 -4.3640028218331273e-07 -0.0022590864500997838 0.00036402277082143194 -7.7897949270093293e-05 0.0019985379936178667 0.0023218669759358687 -2.7093477945853636e-05 -0.0010955030333512424 -0.0072973403677506869 0.00068415379176200997 0.00018383417652690777 0.0030308224365949081 -0.00050448294390706319 0.00059119551782875197
leaf_weight=297 635 112 402 432 139 842 1167 3030 52 439 57 1047 667 313 85 101 116 999 162 153 77 104 161 4761 58 324 126 541 76 44 73 84 60 404 645 252 1020 1863 40 171 2127 57 58 569 115 91 166 55 298 162 92 65 73 132 148 517 187 81 4475 141 270 438
leaf_count=297 635 112 402 432 139 842 1167 3030 52 439 57 1047 667 313 85 101 116 999 162 153 77 104 161 4761 58 324 126 541 76 44 73 84 60 404 645 252 1020 1863 40 171 2127 57 58 569 115 91 166 55 298 162 92 65 73 132 148 517 187 81 4475 141 270 438
internal_value=-7.55031e-05 0.000562526 -8.05045e-05 0.00276123 0.0053866 0.00134914 0.002699 -0.00125 0.000659522 0.00120586 0.004341 -0.000669145 -0.0036215 0.0066787 0.00317848 -0.000345001 -0.00169432 0.000505588 -0.00413211 0.00257293 -0.00838041 -0.00374532 -0.00219948 -9.59494e-05 -0.000142149 0.000239268 0.0028324 0.00586066 -0.00114823 -0.00469256 -0.009125 0.00559006 3.18543e-05 0.00349794 -0.000168464 0.000721819 -0.000922266 -0.00047324 0.00385396 0.00242826 -0.000874224 0.000148345 0.00149031 -0.00213983 0.000966184 -0.00783333 0.000636132 0.00440529 0.00203652 -0.000958807 -0.00529412 0.00340909 -0.00317345 -0.00391032 -0.00501814 -0.00649399 -0.0130189 0.00914894 0.00119673 0.00425452 0.00151699 0.0030746
internal_weight=32448 9633 7452 2181 969 3353 2009 4099 1212 1160 467 1344 1069 830 398 22815 3545 1868 1677 1233 530 266 1147 19270 19169 14408 1067 599 468 308 199 160 13341 728 12613 5783 6830 5810 492 452 5318 3191 2012 1179 610 149 392 226 355 693 254 109 1031 958 826 665 264 234 5138 663 411 495
internal_count=32448 9633 7452 2181 969 3353 2009 4099 1212 1160 467 1344 1069 830 398 22815 3545 1868 1677 1233 530 266 1147 19270 19169 14408 1067 599 468 308 199 160 13341 728 12613 5783 6830 5810 492 452 5318 3191 2012 1179 610 149 392 226 355 693 254 109 1031 958 826 665 264 234 5138 663 411 495
cat_boundaries=0 1 2 3 4 5 6 7 8 9 10 11 12 13
cat_threshold=2 777 205 1153 1748 2160 1400 1089 5890 296 781 654 40
is_linear=0
shrinkage=0.05


Tree=118
num_leaves=63
num_cat=11
split_feature=41 17 9 9 42 13 23 25 42 3 23 10 20 42 25 39 33 7 19 2 18 10 33 2 39 33 13 9 18 20 25 7 39 25 26 13 17 39 4 33 25 30 8 17 6 4 42 18 20 19 1 19 2 1 30 5 1 41 6 18 25 39
split_gain=2.34065 2.49172 3.79177 4.45143 4.04623 2.80123 2.53325 2.52923 4.22934 2.87349 3.01373 2.54824 2.48018 2.41165 5.54525 2.21113 2.33835 3.37122 2.40951 2.70117 2.92584 2.16932 2.13461 2.0201 2.70041 3.14961 2.58539 2.23157 2.25267 3.00872 4.83653 4.8156 3.08335 4.54085 3.15562 3.02245 2.95747 4.47886 4.10935 3.34763 2.82059 4.59685 3.93021 2.8492 2.83566 2.81218 2.74554 2.98379 3.83486 2.70613 2.63021 3.36417 2.60836 2.6502 2.45795 2.44909 2.86793 2.44392 3.13989 3.52508 2.48982 3.51432
threshold=5706.0234451450206 0.85952255972315361 0.21924520644667039 0.51184007184642077 0.99230769230769245 0.92351367390336792 0.04800921918636037 0 0.9536672629695887 -0.020195125693583723 -0.56949697927785781 0.11441301968846541 -0.012717749091729328 0.64888572783309639 1 2 27.87857142857143 8.5654281951301687 0.52251908547514681 0.023810648693718853 0.46806660821530272 -0.22938416344613707 26.778571428571436 -0.28768207245178118 3 38.092857142857149 0.35517009345794398 1.0045027619289641 -0.32777568761282572 0.067673288562167769 4 7.333583174047841 5 6 14.500000000000002 2.0652725311616393 -0.01627375871561609 7 0.2778677645205328 25.950000000000006 8 35.850000000000009 0.13338056528991513 -0.09867783147311758 7.2874499177487566 -0.23895440437642487 0.84344362745098056 -0.16277402613420011 -0.0047185291602032395 0.20681640249393154 -0.15702574921367549 0.0047803283776526083 -0.12726106532776391 0.20406899271296733 44.95000000000001 8.6146459317517738 -0.13930979412100972 4782.3296428571439 6.4373021797487011 0.82517251427011518 9 10
decision_type=2 2 10 10 2 2 10 1 2 2 10 2 10 2 1 1 2 2 2 2 10 2 2 2 1 2 2 10 8 8 1 2 1 1 2 2 2 1 2 2 1 2 10 2 2 2 2 10 10 2 2 2 2 2 2 2 2 2 2 10 1 1
left_child=1 13 5 4 15 7 -6 8 9 10 -3 -9 -2 14 -1 -4 17 -17 19 20 -18 -5 -7 24 -15 26 -26 28 29 32 31 -31 33 -25 -35 -32 37 38 40 54 41 -30 -42 44 -44 46 -41 -48 -49 -34 -33 -52 -47 -54 -39 56 -40 58 59 -38 61 -60
right_child=12 2 3 21 6 22 -8 11 -10 -11 -12 -13 -14 23 -16 16 18 -19 -20 -21 -22 -23 -24 27 25 -27 -28 -29 36 30 35 50 49 34 -36 -37 57 39 55 45 42 -43 43 -45 -46 52 47 48 -50 -51 51 -53 53 -55 -56 -57 -58 -59 60 -61 -62 -63
leaf_value=-0.001128403952742629 -9.5429596059776607e-05 -0.00038840134722492315 -0.0010330133431265718 0.0010516740602408954 3.9015740854004763e-05 -0.0046851079213976483 -0.0042393596280854359 -0.00025454253312423607 0.0018806534217507172 -0.0010127299239788849 0.002256220235808569 -0.0036831802489848478 0.00088847825727860494 -0.0017659130435616795 0.00096007719851451368 0.0074755755596239417 -0.0018790564912232292 5.3339677330671231e-05 -0.0036478854014743755 -7.5396450838114909e-05 0.0029726614656051201 -0.0030798009160935267 -0.0013952217026141124 9.8566421896514975e-05 0.003951299178875517 0.0034215236642255718 0.00023882717204325721 -0.0043903274061351978 0.0011432373324786716 0.0040984913065480787 -0.0024387042077988505 -0.0031650797139426432 3.55383416229307e-05 -0.0025720654405633325 -0.00035138703185072007 0.0022898857514979257 0.00036948543510560342 -1.1590100288168953e-05 0.0036442472042492388 0.001455001216057461 0.001042907027597476 0.0039387925251276202 0.0021099420377638568 0.001329167035267136 -0.0013445306843890019 0.0026434272386431402 0.00071812597044874438 -0.0027614274163976788 -0.00055097465055646544 -0.0014478106181204176 -0.00025543950342843419 0.0050022005171214152 -4.1028050896547089e-05 0.0017165691169418467 -0.0033313112777830552 -0.0023873197133438022 -0.00010271370661689671 -0.0010170381934648171 0.00017870639085180052 0.0059012030348247653 -0.00010723292414661643 -0.0001330195210059032
leaf_weight=114 154 53 118 49 68 49 57 338 157 162 56 84 347 116 396 76 66 48 45 223 223 86 387 609 175 177 2304 72 647 113 771 104 5415 104 793 47 180 54 66 48 470 149 112 124 265 191 57 104 161 64 250 71 1386 232 60 87 607 105 2840 90 7330 2793
leaf_count=114 154 53 118 49 68 49 57 338 157 162 56 84 347 116 396 76 66 48 45 223 223 86 387 609 175 177 2304 72 647 113 771 104 5415 104 793 47 180 54 66 48 470 149 112 124 265 191 57 104 161 64 250 71 1386 232 60 87 607 105 2840 90 7330 2793
internal_value=-5.12232e-05 -0.00010404 -0.00167306 0.000542453 0.00178378 -0.0034965 -0.00654762 -0.00182139 0.000911162 -0.00284926 0.00340909 -0.00450346 0.00333665 1.92604e-05 0.00342466 0.00309375 0.00415462 0.0104 0.00282258 0.00380117 0.00698276 -0.00790441 -0.00675057 -4.00423e-05 0.00124414 0.0015748 0.00111895 -0.000174055 -0.00015 -0.000830137 -0.00298452 0.000728597 -0.000411537 -0.00240606 -0.00465308 -0.00536791 0.000162454 0.00122381 0.00266942 -0.000379774 0.0040017 0.00619579 0.00211303 -0.000946215 -0.00310847 5.73394e-05 -0.00390836 -0.00557276 -0.00780075 0.000141166 -0.00170188 0.000543478 0.000870166 0.000216183 -0.00869565 -0.000394218 0.000630564 -0.000221156 -0.000160571 0.00516605 -0.000271907 0.000518249
internal_weight=32699 32198 2345 1059 924 1286 125 850 428 271 109 422 501 29853 510 799 681 124 557 512 289 135 436 29343 2772 2656 2479 26571 26499 8341 1356 538 6985 1506 897 818 18158 4820 2527 2293 1767 796 971 501 377 2179 370 322 265 5479 425 321 1809 1618 114 760 673 13338 13233 270 12963 5633
internal_count=32699 32198 2345 1059 924 1286 125 850 428 271 109 422 501 29853 510 799 681 124 557 512 289 135 436 29343 2772 2656 2479 26571 26499 8341 1356 538 6985 1506 897 818 18158 4820 2527 2293 1767 796 971 501 377 2179 370 322 265 5479 425 321 1809 1618 114 760 673 13338 13233 270 12963 5633
cat_boundaries=0 1 2 3 4 5 6 7 8 9 10 11
cat_threshold=3476 770 1042 96 2129 1488 2325 5936 2737 678 695
is_linear=0
shrinkage=0.05


Tree=119
num_leaves=63
num_cat=8
split_feature=2 13 11 4 30 39 7 25 21 26 7 4 4 42 4 4 37 30 39 25 39 5 10 18 26 39 0 39 7 8 13 11 26 5 4 30 8 23 7 41 4 26 26 18 20 20 29 0 30 2 7 20 26 22 30 25 30 26 36 8 0 11
split_gain=3.02722 3.13663 3.36027 3.43872 3.12541 2.99454 3.88323 3.84214 4.92116 4.70783 3.35748 3.68586 3.50375 3.22269 3.57512 3.08306 3.02078 2.95535 5.43618 4.22459 5.8342 4.28201 3.87499 3.65741 3.53874 3.41015 3.02505 2.90551 2.97912 2.90044 3.13733 3.03247 2.85339 2.83163 2.74515 2.9584 2.87727 2.70612 2.69645 3.94332 2.98447 2.68036 2.68613 3.1093 3.0832 2.81297 3.08258 2.64612 2.64493 3.24913 2.86567 2.64915 2.61217 2.96015 2.73509 3.98819 3.02806 2.60548 4.12002 3.5756 3.84114 3.33265
threshold=0.11778347043918204 0.3867827576606449 1.0000000180025095e-35 -0.38299168407396461 5.6500000000000012 0 6.703854655643009 1 14600.000000000002 1.5000000000000002 9.3340562387506676 -0.37397827190806904 0.038161154276822991 0.98346994535519128 -0.27756556010686267 0.044452874230940694 86.500000000000014 32.250000000000007 2 3 4 8.3485434461618535 0.17815793705203078 0.83596990154201423 42.500000000000007 5 -0.59051534872101852 6 7.4560885217417772 0.047045505403703877 1.1666670833333337 43.500000000000007 45.500000000000007 6.794996683949166 0.48486153785316471 84.850000000000023 0.089296856480179945 0.35667494393873261 7.2869090385872752 41.28441867380316 -0.057125223705198895 24.500000000000004 36.500000000000007 1.0405393067993407 0.031278376293954128 0.11417955411554981 1.0000000180025095e-35 0.0333364202675921 11.850000000000003 -0.56029585150048511 6.936224538603958 -0.03483325180849698 45.500000000000007 0.23092616309167788 0.25000000000000006 7 7.3500000000000014 32.500000000000007 0.0028937400973313827 0.18669622232405675 -0.30318656667995952 67.500000000000014
decision_type=2 2 2 2 2 1 2 1 10 2 2 2 2 2 2 2 10 2 1 1 1 2 2 10 2 1 2 1 2 8 2 2 2 2 2 2 10 8 2 2 2 2 2 10 10 10 2 2 2 2 2 10 2 10 2 1 2 2 2 8 2 2
left_child=5 2 -2 -4 -5 7 13 9 -9 15 16 -12 -13 32 -15 -1 57 19 23 20 21 38 -22 24 34 26 -21 -6 -29 -28 52 -32 -7 -27 35 36 -19 -14 39 -8 -40 -20 43 -43 -45 46 -44 -36 49 -35 -51 -50 54 -54 -31 -56 -57 59 61 -11 -61 -59
right_child=1 -3 3 4 27 6 17 8 -10 10 11 12 37 14 -16 -17 -18 18 41 25 22 -23 -24 -25 -26 33 29 28 -30 30 31 -33 -34 48 47 -37 -38 -39 40 -41 -42 42 45 44 -46 -47 -48 -49 51 50 -52 -53 53 -55 55 56 -58 58 -60 60 -62 -63
leaf_value=-0.0019382271667361445 0.00045208115721741553 -5.6584692861197736e-05 0.0030505829833395205 -0.0022302634635977601 0.0015716556931484025 0.00092455382701990974 -0.005111836169084955 7.6918562047200601e-06 0.00076173638447471893 0.00026660439911868269 -0.0071102127974294205 0.00088343325200282224 0.00046322262370223862 -0.00048241384468590207 0.0040899442716888883 0.00047698802527126416 -0.0021015324994700657 -0.00073946760821780029 0.0018418210308395145 0.0069497660176639975 3.4534792920956018e-05 -0.0062008093659230963 -0.0058548131655807023 -0.0025559938197471524 -0.0068020183270035258 -0.001393826951458196 0.00054592209893015629 -0.0021935778954413217 -0.00021594370357099144 -0.0020004182991089064 -0.0018850208522840973 0.0064498303458860847 -0.0035896932563418125 0.0040979283129785387 0.0049763103780891427 -0.0033160786241025406 0.00061508971666318917 -0.0013254066789739189 -0.00099201292091863347 0.0017479948021154837 -0.0031178141276957832 0.0001885150003704754 0.00024461142457904862 -0.0015467289649741694 0.00097064229249959548 -0.0033320172104659811 0.0035451152849102713 -0.0010673133940119425 -0.0018710216389252717 0.0018781999936992048 5.2845718599715255e-05 -0.00019017519486540059 -0.0077620778226902224 0.00012401144176683865 -0.0017697769753777619 0.00085775019869450411 0.0080636644660561536 -0.0010470996456062108 0.0012798708103594501 -0.00027822035411834194 0.0021698009467674526 0.00062709233999149122
leaf_weight=82 170 7318 40 507 108 715 56 6475 246 1709 53 85 40 73 131 52 43 100 231 93 1027 87 49 117 42 194 47 49 217 416 40 49 48 129 57 157 265 53 650 130 309 1451 342 197 51 46 249 40 167 163 5292 539 145 43 294 127 41 249 59 123 529 115
leaf_count=82 170 7318 40 507 108 715 56 6475 246 1709 53 85 40 73 131 52 43 100 231 93 1027 87 49 117 42 194 47 49 217 416 40 49 48 129 57 157 265 53 650 130 309 1451 342 197 51 46 249 40 167 163 5292 539 145 43 294 127 41 249 59 123 529 115
internal_value=8.93894e-05 -0.0007283 -0.00322802 -0.00441974 -0.0050737 0.000372229 -8.84802e-05 0.00104041 0.00036022 0.00246644 0.00287676 -0.00290948 0.000558659 0.00297004 0.00853659 -0.00666667 0.00335042 -0.000308941 0.000978781 -0.000736023 -0.00260888 -0.00494771 9.19963e-05 -0.0026616 -0.00124622 -0.000176508 -0.00250766 -0.0016 -0.00433213 -0.00320033 -0.0036981 0.00527778 0.00147251 0.000292533 -0.000282258 -0.00172084 0.000751366 -0.00611702 -0.00416667 0.0013369 -0.00523438 0.00208495 0.00158323 0.000544118 -0.00461847 0.00434953 0.00527872 0.00739796 0.000476872 0.00084154 0.000655242 -0.00240453 -0.00445173 -0.00978836 -0.0032992 -0.000647948 0.00530726 0.00355476 -5.89623e-05 0.00420195 0.00735069 -0.00205479
internal_weight=32721 8409 1091 921 881 24312 14399 9913 6721 3192 3058 231 178 967 204 134 2827 13432 3345 10087 2308 1232 1076 778 661 7779 1295 374 266 1202 1155 89 763 6484 619 522 365 93 1145 186 959 2567 2336 1699 248 637 591 97 6290 5584 5455 706 1066 188 878 462 168 2784 423 2361 652 364
internal_count=32721 8409 1091 921 881 24312 14399 9913 6721 3192 3058 231 178 967 204 134 2827 13432 3345 10087 2308 1232 1076 778 661 7779 1295 374 266 1202 1155 89 763 6484 619 522 365 93 1145 186 959 2567 2336 1699 248 637 591 97 6290 5584 5455 706 1066 188 878 462 168 2784 423 2361 652 364
cat_boundaries=0 1 2 3 4 5 6 7 8
cat_threshold=651 147 2128 450 7168 320 1424 553
is_linear=0
shrinkage=0.05


Tree=120
num_leaves=63
num_cat=6
split_feature=10 39 12 11 4 41 26 31 19 6 27 33 7 21 19 21 33 31 0 33 30 3 0 27 16 17 12 27 15 33 19 10 39 8 8 8 3 20 33 42 4 13 19 39 4 20 31 16 2 4 26 39 3 35 26 39 9 26 39 12 36 3
split_gain=3.3697 4.51651 3.41749 3.18962 3.18124 3.15055 4.0617 4.62312 3.13731 2.97497 3.5439 3.0156 6.90838 4.03631 2.96194 3.33198 2.94027 2.84844 3.37879 3.0549 3.26925 2.67284 2.6126 2.5685 2.47221 2.44408 2.49646 2.42844 2.36349 3.23213 2.81518 2.3398 2.33238 3.40524 2.75987 2.70424 2.29826 2.25701 4.63064 4.22853 2.2552 2.24178 2.42838 2.5931 2.8033 2.17966 2.15848 2.12825 2.12543 2.27783 2.1005 8.91175 5.50152 3.51287 3.16555 5.00726 4.51339 3.60105 10.4476 3.57266 3.44127 3.36019
threshold=0.14887010361135114 0 40.500000000000007 2.5000000000000004 -0.095309618307012997 145.3630849753695 21.500000000000004 42.150000000000013 -0.035601955120695687 8.8847117374010534 4.5000000000000009 30.264285714285723 7.6366500848379486 5904.1650000000009 -0.032083801757400339 3365.8350000000005 27.607142857142858 117.60000000000001 0.045809571012691126 28.157142857142862 2.0500000000000007 0.66497630359324911 0.073317633917374905 40.500000000000007 -0.041610849656720232 -0.093863235502080741 23.500000000000004 44.500000000000007 -0.60371557829248779 33.578571428571443 -0.1177084595001546 0.24628421233 1 0.66644076994202683 0.10738532228553174 0.26885059639564252 0.22314355131421018 0.013339327008449068 35.135714285714286 0.92084377610693413 0.49419875131978769 1.3333329166666668 -1.6034215644487022e-17 2 0.87734456768009672 -0.016326774426944569 185.34999999999999 0.50335186210605631 0.26381364764980125 0.22314355131420929 43.500000000000007 3 -0.08478242743200147 0.055143694601639141 36.500000000000007 4 0.2829375865653363 33.500000000000007 5 86.500000000000014 0.0020994277792993218 0.072365475218135536
decision_type=2 1 2 2 2 2 2 2 2 2 2 2 2 10 2 10 2 2 2 2 2 2 2 2 2 2 2 2 2 2 2 2 1 10 10 10 2 10 2 2 2 2 2 1 2 10 2 2 2 2 2 1 2 2 2 1 10 2 1 2 2 2
left_child=21 2 4 28 -2 9 -7 -8 -9 10 46 12 -12 -14 15 16 -4 19 47 23 32 50 24 -5 -18 40 -27 -17 29 30 -3 -25 34 -34 -21 -36 -24 38 -13 -39 -20 42 -16 -44 -45 -23 -6 -19 49 -22 54 52 53 -52 56 59 57 -1 61 -56 -60 -59
right_child=1 3 14 17 5 6 7 8 -10 -11 11 37 13 -15 41 27 22 18 25 20 48 45 36 31 -26 26 -28 -29 -30 -31 -32 -33 33 -35 35 -37 -38 39 -40 -41 -42 -43 43 44 -46 -47 -48 -49 -50 -51 51 -53 -54 -55 55 -57 -58 58 60 -61 -62 -63
leaf_value=2.547666135839634e-06 -0.0028789632261060315 -0.00036365220575598008 0.0045931666521702675 0.0017689604548814894 -0.00078218325905664602 -0.0030592687903374847 0.0080785859396782667 -0.00028423496671873275 0.0042327854002566423 0.0025437508715601305 0.005145902131676804 -0.0045508692709516482 0.00087563408757515082 -0.0034910279144679292 -0.0022784349335240065 0.00061224783041426752 0.0018834819651273164 -0.0016667446718720592 0.00085245632138511581 0.00020157518317485447 -0.00059419736828460288 0.0051248167857397206 0.00034263122632645224 -0.004507517667589795 -0.0033563054712973787 -0.003628858916820812 -0.0013891096360353109 0.0027998039642032103 0.00026375372622808589 0.0018160325666560025 -0.0045131174374979169 0.00057184347066823534 -0.0010802879571747942 -0.023473819121816699 -0.0033969920424013565 -0.00018869583402333944 -0.0032205555733932525 0.0033147867423509742 7.2844511769609718e-05 -0.0013480868262714463 -0.0026880071939416744 0.0021326117927009157 0.00024869398960249768 -0.0019715980952355683 0.0013264377931587448 0.00074286572958463326 -0.0027114634708980145 -0.0042251459400155572 -0.0020062563826960186 0.0009020843232999048 0.004080834147374173 -0.00031487361065318852 4.0412039367657333e-05 -0.00015239742352072695 -0.00028761074269024756 0.00050816006219451051 0.00063835698620569737 0.0025351407432466864 -0.0012704123749976645 0.0015403419212271011 0.00082180417047974456 -0.00042735664840852229
leaf_weight=14062 82 68 60 153 54 44 98 77 89 73 144 65 292 52 324 198 117 290 163 138 120 46 69 47 40 66 278 98 813 55 82 47 525 43 182 299 144 54 101 123 83 108 375 454 109 87 40 91 175 286 230 3000 510 75 964 1919 2994 182 916 58 47 91
leaf_count=14062 82 68 60 153 54 44 98 77 89 73 144 65 292 52 324 198 117 290 163 138 120 46 69 47 40 66 278 98 813 55 82 47 525 43 182 299 144 54 101 123 83 108 375 454 109 87 40 91 175 286 230 3000 510 75 964 1919 2994 182 916 58 47 91
internal_value=-4.3618e-05 -0.000974763 0.000343348 -0.00211706 0.00226782 0.00286917 0.00728155 0.00962264 0.00449102 0.0015015 0.000728942 0.00177284 0.00429448 0.000434783 -0.0009299 0.00165062 -0.00116009 -0.0029461 -0.00516975 -0.00187252 -0.00260034 0.000233302 -0.00283019 0.00332661 0.00205696 -0.00279188 -0.00550725 0.00572391 0.000294406 -0.00449029 -0.00827815 -0.00315789 -0.00410354 -0.00639033 -0.00186508 -0.00368257 -0.00642523 -0.00181686 -0.00598802 0.00210674 0.00101215 -0.00229759 -0.00288994 -0.00159744 -0.00370209 0.00727612 -0.00842105 -0.00883508 0.000472509 0.002457 0.000195617 -0.000884434 0.00372276 0.00906863 0.000389705 0.00191196 0.000144864 -0.000202628 -0.00278901 -0.000919652 -0.00521047 0.00572183
internal_weight=32669 7488 3484 4004 1388 1306 308 264 166 998 925 831 488 344 2096 726 430 2986 971 2015 1768 25181 370 247 157 590 344 296 1018 205 150 94 1187 568 619 481 213 343 166 177 246 1370 1262 938 563 133 94 381 581 406 25048 3815 815 305 21233 2941 18292 15298 1236 1022 963 273
internal_count=32669 7488 3484 4004 1388 1306 308 264 166 998 925 831 488 344 2096 726 430 2986 971 2015 1768 25181 370 247 157 590 344 296 1018 205 150 94 1187 568 619 481 213 343 166 177 246 1370 1262 938 563 133 94 381 581 406 25048 3815 815 305 21233 2941 18292 15298 1236 1022 963 273
cat_boundaries=0 1 2 3 4 5 6
cat_threshold=3585 464 513 4114 2073 297
is_linear=0
shrinkage=0.05


Tree=121
num_leaves=63
num_cat=5
split_feature=2 3 39 27 39 1 1 21 25 44 6 17 8 1 12 12 22 25 1 16 18 8 18 2 6 16 18 12 11 23 18 16 10 42 11 42 1 17 16 2 10 26 30 18 10 6 12 25 22 6 18 16 9 30 21 2 26 19 30 22 4 12
split_gain=2.36664 3.58152 1.95746 5.05634 5.00482 4.53707 4.51896 4.95873 3.94951 4.54516 3.92262 3.21276 3.13609 3.33745 3.68195 3.33445 3.26852 3.13248 3.08251 2.97192 2.94777 2.72329 2.60518 2.76811 2.54718 2.54479 3.18429 2.52491 2.84423 2.52286 3.46018 2.74797 3.25571 2.89974 2.62033 2.51506 2.51291 2.60598 2.56271 2.63741 3.19485 2.47261 2.63223 4.93109 3.81197 2.61871 6.6315 4.06872 2.79821 2.58848 2.6966 2.73066 2.39828 2.37541 2.34721 3.56834 2.6193 2.34718 2.33593 3.76217 5.34389 4.33859
threshold=-0.84474031005381833 -0.69314718055994484 0 55.500000000000007 1 0.017822423001602864 0.27883089747602346 1951.2500000000002 2 0.18333333333333338 9.348412297989789 0.25500482778526512 0.31648591350419741 0.6440514655662507 33.500000000000007 19.500000000000004 -0.19288665307814376 3 0.2876853590842981 1.4670622320822506 -0.53478071576289921 0.18987081658664412 0.48309551890032315 -0.11178480759489771 7.7107210251907308 -0.33821966377681884 -0.70372944833499851 22.500000000000004 74.500000000000014 0.40515231485429731 -0.35458583966113683 -0.22314355131421001 -0.0038147605282938808 0.93142633228840144 54.500000000000007 0.92084377610693413 0.22314355131421018 -0.083060119452976963 1.0159944062549084 0.15847603492195275 0.2185246089095432 37.500000000000007 37.95000000000001 0.80219739224264819 -0.17908582293942607 8.1605328238870616 48.500000000000007 4 -0.25777028923262418 8.2061453065461425 -0.91358972621455392 -0.036367644170874451 0.24426610383466643 4.6500000000000012 16050.000000000002 -0.071458963982145005 28.500000000000004 -0.11157697814824584 1.9500000000000004 -0.58297270436834825 -1.0265389581819597 45.500000000000007
decision_type=2 2 1 2 1 2 2 8 1 2 2 2 8 2 2 2 8 1 2 2 8 10 8 2 2 2 8 2 2 8 10 2 2 2 2 2 2 2 2 2 2 2 2 10 2 2 2 1 8 2 10 2 10 2 10 2 2 2 2 8 2 2
left_child=1 -1 3 6 5 17 7 -2 9 11 58 29 16 14 -14 -15 -8 22 36 27 -19 -20 23 -5 -18 53 -27 28 -13 30 -9 32 -31 -34 35 -33 38 -38 39 40 41 42 45 44 -44 46 48 -47 -6 -43 -51 -52 -28 -11 -10 -56 -57 -26 -4 -60 -61 -62
right_child=2 -3 10 4 18 -7 12 8 54 25 -12 19 13 15 -16 -17 24 20 21 -21 -22 -23 -24 -25 57 26 52 -29 -30 31 -32 34 33 -35 -36 -37 37 -39 -40 -41 -42 49 43 -45 -46 47 -48 -49 -50 50 51 -53 -54 -55 55 56 -58 -59 59 60 61 -63
leaf_value=0.012319077859423233 0.0027869677995482115 -0.00068092450777630827 -0.00012991118204438851 0.0016258891841611084 0.0035520076738010196 -0.0029362747328000906 -0.004323644521619846 -0.00016937824701263924 1.9720278032114934e-05 -0.0022311341785355037 -0.008863136865680089 -0.001764706941463978 -0.0003908175584527895 0.0018729960800056456 0.0029143564009800949 -0.0086555324670478141 0.0010698997033724942 0.00073168826149266398 0.0060939854063242534 0.002742337301284088 -0.0032332399343568807 0.00059640086737627093 0.003301181517613363 -0.0015117768319017754 0.0012591776392340698 0.0005850451915773644 -0.00026651782467310679 0.00022304824601807749 0.00041368847195579346 -0.0001168745425264611 0.001563092985227823 -2.6996182454938331e-05 0.0017525561786656083 0.0011476810605400775 0.0041142910514479075 0.0030957151913565666 0.0010983018747117116 -0.0055495250867803204 0.0013054332664516493 0.00034361783994454886 -0.003104309674542101 0.0016924734723366447 0.0040052509778217031 0.0033931990168489566 -0.00055490445330712659 0.00054971210121371845 -0.0033239294627187138 -0.0017442161778377886 -0.001137701999439413 0.0012450545201223723 -0.0012441685460580464 -1.4287607664860078e-05 0.0033949611749119635 0.00030941632014555315 0.005393240064450325 -0.00065166096481535595 0.00098490517620619276 -0.0025291564398106188 0.0016382169273920473 -0.002109593069713507 0.00023283926536825893 -0.00010171495437932928
leaf_weight=135 132 88 10191 69 53 357 90 271 5124 126 43 104 78 40 85 52 55 48 45 61 165 108 61 80 56 115 386 456 51 118 430 58 62 64 110 112 41 66 130 265 67 216 63 44 238 245 118 153 146 64 50 109 44 47 42 40 88 267 569 178 3343 6370
leaf_count=135 132 88 10191 69 53 357 90 271 5124 126 43 104 78 40 85 52 55 48 45 61 165 108 61 80 56 115 386 456 51 118 430 58 62 64 110 112 41 66 130 265 67 216 63 44 238 245 118 153 146 64 50 109 44 47 42 40 88 267 569 178 3343 6370
internal_value=-9.94401e-05 0.00502232 -0.000134781 0.00038001 -0.00139074 -0.00480405 0.00098688 0.00132741 0.00116625 0.00275133 -0.000427433 0.00404373 -0.00279696 0.00166016 0.00594512 -0.00591398 -0.00522388 -0.00135613 -0.000168011 0.001263 -0.00546875 0.00665584 0.00294118 -0.0005 -0.00316623 -0.000625869 0.00105311 0.000204248 -0.00528846 0.00556688 0.00359687 0.00819048 0.00428571 0.00984252 0.0115658 0.00760234 -0.000676655 -0.00810185 -0.000267584 -0.000750546 -0.00153159 -0.00105 -0.00235627 0.00122832 -0.00107616 -0.0040852 -0.00746855 -0.00137845 -0.001875 0.00210227 -0.00167411 -0.00515625 -0.000928074 -0.0058908 0.000377003 0.00614035 0.00193798 -0.00486111 -0.000395845 0.000129051 -9.85645e-05 5.91929e-05
internal_weight=32682 223 32459 11765 3001 780 8764 8041 7909 2615 20694 1897 723 255 163 92 468 423 2221 672 213 153 210 149 378 718 545 611 155 1225 701 524 244 126 280 170 2068 107 1961 1831 1566 1499 1060 345 301 715 317 398 199 439 223 159 430 173 5294 170 128 323 20651 10460 9891 9713
internal_count=32682 223 32459 11765 3001 780 8764 8041 7909 2615 20694 1897 723 255 163 92 468 423 2221 672 213 153 210 149 378 718 545 611 155 1225 701 524 244 126 280 170 2068 107 1961 1831 1566 1499 1060 345 301 715 317 398 199 439 223 159 430 173 5294 170 128 323 20651 10460 9891 9713
cat_boundaries=0 1 2 3 4 5
cat_threshold=4721 512 3090 681 201
is_linear=0
shrinkage=0.05


Tree=122
num_leaves=63
num_cat=5
split_feature=10 5 17 18 6 13 41 41 14 17 25 18 5 30 41 26 33 19 5 23 22 4 8 42 10 14 8 41 8 26 30 37 13 6 12 25 7 13 23 23 22 44 25 18 25 41 33 13 7 24 41 17 18 23 22 19 6 6 4 6 12 30
split_gain=2.95841 4.72007 2.62835 4.82933 3.70053 3.43957 2.4611 2.63323 2.32599 3.04012 2.86479 2.69217 2.62394 2.2286 2.38051 2.34612 2.22634 3.03175 2.26183 2.67005 2.20604 2.59811 2.85134 2.68631 4.01328 2.66342 3.10584 2.95278 2.53841 3.43573 4.08093 2.98315 2.50262 2.32933 2.44036 3.08754 3.75797 3.53241 2.67764 2.59901 2.4966 2.8362 4.53399 2.54562 2.67781 2.4059 2.35897 3.10867 3.11788 2.9605 2.46716 2.39025 2.32089 2.29512 3.61803 3.03506 2.2309 2.24172 2.229 2.16936 2.15822 2.40268
threshold=0.0049406129112941075 5.9308605174151721 0.41715505941810332 0.73465950972444338 10.030719563352998 1.2133346666666669 37.140394088669957 5083.9953654661031 -0.33647223662121262 0.09664369817719011 0 0.87879373075597722 7.4493267086366837 93.100000000000009 43.935416666666676 4.5000000000000009 38.192857142857157 -0.022614524188098919 8.6570105443208494 0.33425569338183975 -0.21662000379414531 0.087011376989630587 0.024454401771162638 0.94689849624060163 0.093760593263997563 -1.0423063640732171 0.50988453012584734 31.83537176724138 0.067828971472467373 47.500000000000007 1.0000000180025095e-35 18.500000000000004 0.63157911357349483 9.4086332446902556 45.500000000000007 1 8.7398072814434986 1.3333416666666669 0.093906464455011732 0.28688525953414207 0.40551511060833112 0.29285714285714287 2 0.17518474019666608 3 747.92777777777781 30.192857142857147 1.2455039472943519 8.2843670723383909 4 41.28441867380316 -0.031017235515202742 0.023842174975391459 0.093906464455011732 0.15951880586747758 -0.045516630887938905 9.0236948344377783 8.7903943614057081 0.66474707455444648 8.7352958719511538 22.500000000000004 21.200000000000006
decision_type=2 2 2 10 2 2 2 2 2 2 1 10 2 2 2 2 2 2 2 8 8 2 8 2 2 2 8 2 10 2 2 10 2 2 2 1 2 2 10 10 8 2 1 10 1 2 2 2 2 1 2 2 10 10 10 2 2 2 2 2 2 2
left_child=-1 -2 3 4 20 8 16 13 -5 10 11 -10 -11 14 -8 -16 17 18 19 -4 -3 22 32 24 -24 -25 27 -27 29 30 -23 -32 -22 34 40 36 37 58 56 -40 43 42 -42 45 -45 -30 47 48 50 -48 52 -51 -44 54 -26 -55 57 -37 -36 -29 61 -14
right_child=1 2 6 5 -6 -7 7 -9 9 12 -12 -13 60 -15 15 -17 -18 -19 -20 -21 21 28 23 25 53 26 -28 59 33 -31 31 -33 -34 -35 35 38 -38 -39 39 -41 41 -43 46 44 -46 -47 49 -49 -50 51 -52 -53 -54 55 -56 -57 -58 -59 -60 -61 -62 -63
leaf_value=4.5928170137158991e-05 -0.01028082082914962 0.00026026572044080681 -0.0034928199383806955 -0.0021919823143173129 -0.0014143518566828465 0.0026163971899396512 -0.0038398262873355717 0.00051718584898373149 0.0022217722998774834 0.00064010774715187639 0.0015475388505226508 -0.001748907161628037 -2.5007730801228976e-05 -0.0030252814175041835 -0.0018044964433811214 -0.00030703476321270395 0.001363152382038388 -3.404307526176792e-05 -0.003738132356505457 0.00046972120695362105 -0.0010236390122662913 0.0010106283574515325 0.00018040506584205524 -0.0022739947248378856 -0.0011158650565941367 -0.0019078431630329782 0.0040204869870976772 -0.00010726599888973331 0.00031830890405009938 -0.00035585401713237545 -4.6339396609167489e-05 0.0007243215033411101 -1.497502748467365e-05 0.0013666836678288142 -0.00077163869485795747 4.4831867813237285e-05 -0.0044533645104132677 0.0054365136237948695 -0.0017741055305055321 -0.00014978700531524254 -0.0025804297088695169 -0.0044864668215617203 0.0023310698540122644 -0.0005437433585901893 0.0017994212461785815 -0.0015088597930352607 0.0035961857538583082 0.0034215638722662231 -0.0049492452435423526 0.0037211323516573233 -0.0020744261128292744 -0.0019028272217951629 -0.00059623201413319606 -0.0043641914492444532 0.0012364240051021443 -0.00083958394082623363 -0.0026836871716585647 0.0014314268102611164 -0.0028307447137948822 -0.0025750995243388939 -0.00040262874041342879 0.0023083545520409215
leaf_weight=16074 70 1989 85 93 59 164 70 68 43 352 384 85 101 82 68 1398 153 1435 47 70 61 248 873 131 344 339 40 842 643 52 643 102 41 151 648 1471 66 40 179 302 279 82 73 110 257 72 101 45 61 82 92 44 49 61 77 70 84 95 120 52 632 51
leaf_count=16074 70 1989 85 93 59 164 70 68 43 352 384 85 101 82 68 1398 153 1435 47 70 61 248 873 131 344 339 40 842 643 52 643 102 41 151 648 1471 66 40 179 302 279 82 73 110 257 72 101 45 61 82 92 44 49 61 77 70 84 95 120 52 632 51
internal_value=-4.8171e-05 -0.000515883 -0.000460669 -0.000135745 -0.000532629 0.00219045 -0.00168248 -0.00305276 0.00153559 0.00197089 0.00516569 -0.00143885 0.000527704 -0.00345893 -0.00302537 -0.00259032 -0.000390843 -0.000931013 -0.00665025 -0.0036859 -0.000465713 -0.000794695 -0.0020208 -0.00172261 -0.000192847 -0.00327402 -0.00257064 -0.00301864 -0.000213986 0.00203155 0.00269115 0.000837802 -0.0101942 -0.000670293 -0.000855685 -0.00175482 -0.00423729 -0.00333745 -0.000711951 -0.00399378 0.00050226 -0.00143014 -0.000544135 0.00212373 0.00550272 0.000384078 0.00210573 -0.000623053 -0.00262681 0.0060307 0.000232558 0.000364964 0.00487805 -0.00352622 -0.00171801 -0.0092803 0.000242277 0.00067007 -0.00409623 -0.00150838 -0.0010828 0.00424837
internal_weight=32695 16621 16551 13075 11170 1905 3476 1686 1741 1648 512 128 1136 1618 1536 1466 1790 1637 202 155 11111 9122 2931 2829 1425 1404 1273 1233 6191 1045 993 745 102 5146 4995 3005 874 808 2131 481 1990 908 826 1082 367 715 547 320 275 227 214 126 122 552 421 131 1650 1566 768 894 784 152
internal_count=32695 16621 16551 13075 11170 1905 3476 1686 1741 1648 512 128 1136 1618 1536 1466 1790 1637 202 155 11111 9122 2931 2829 1425 1404 1273 1233 6191 1045 993 745 102 5146 4995 3005 874 808 2131 481 1990 908 826 1082 367 715 547 320 275 227 214 126 122 552 421 131 1650 1566 768 894 784 152
cat_boundaries=0 1 2 3 4 5
cat_threshold=84 525 205 1680 10
is_linear=0
shrinkage=0.05


Tree=123
num_leaves=63
num_cat=4
split_feature=1 13 8 11 10 14 35 35 27 30 37 39 42 7 9 23 19 13 17 6 39 26 22 8 5 13 19 14 4 16 30 33 17 10 16 27 11 27 41 11 41 8 22 30 31 21 33 26 5 41 4 10 0 42 26 26 39 10 27 24 30 26
split_gain=2.35294 2.72069 2.77598 2.67787 2.31782 3.30588 1.96817 5.4397 3.97402 2.72442 4.15388 2.3807 3.63442 3.04611 2.83215 4.12209 3.09415 2.64043 2.50565 2.47883 3.74628 4.22197 2.72078 3.47439 2.639 2.63663 3.10772 2.35166 2.3805 2.27255 2.26842 2.93185 2.54148 2.25935 2.25585 2.12578 2.08341 3.10785 2.54281 3.73763 2.05117 2.0203 1.98796 1.97765 3.25202 2.41061 1.97562 1.95934 1.91357 1.89544 1.9853 2.1712 4.25291 3.3249 3.28525 2.54139 2.47976 3.43376 2.9698 2.35503 2.61369 2.51116
threshold=0.0064768870366465068 0.17734640377987301 1.1251352331198416 29.500000000000004 -0.021915966791949956 -0.3741201136179248 0.00064530493784571458 0.00010688948226657409 58.500000000000007 69.300000000000011 26.500000000000004 0 0.67717121588089346 7.1522174505434117 0.11023407165475919 0.35667494393873261 0.13389864704993767 1.6351386961381855 0.092262107917597827 7.957998562225562 1 48.500000000000007 -0.78746964357150795 0.39106422553067877 6.9966462866686951 0.54545440377811383 0.14081629707629856 -0.35651151854097035 -0.19035534139704643 1.7920798793639798 65.550000000000026 26.342857142857145 -1.0000000180025095e-35 -0.77284778160610734 -0.29374838005329756 59.500000000000007 26.500000000000004 35.500000000000007 656.83593750000011 60.500000000000007 182.61274412446213 0.13654872987541819 -0.031726573931293876 13.650000000000004 2.5500000000000012 1785.5000000000002 35.064285714285724 2.5000000000000004 7.3802916033060546 5083.9953654661031 -1.4388113718587412 -0.15288878045271168 -0.17299305787918803 0.90754985754985762 4.5000000000000009 40.500000000000007 2 -0.071876213941956632 57.500000000000007 3 22.950000000000006 29.500000000000004
decision_type=2 2 8 2 2 2 2 2 2 2 10 1 2 2 10 10 2 2 2 2 1 2 10 10 2 2 2 2 2 2 2 2 2 2 2 2 2 2 2 2 2 10 8 2 2 8 2 2 2 2 2 2 2 2 2 2 1 2 2 1 2 2
left_child=1 4 6 -4 -1 -6 7 11 9 10 27 12 -3 14 41 17 18 36 -17 20 21 25 23 30 -24 42 35 -8 -29 49 31 -22 -32 -21 -12 -27 43 38 -38 -40 -33 -14 -13 44 46 -46 -16 -26 -31 50 -15 52 53 55 -54 -52 58 -58 59 -53 -61 -62
right_child=-2 2 3 -5 5 -7 8 -9 -10 -11 34 19 13 29 15 16 -18 -19 -20 33 22 -23 24 -25 47 26 -28 28 -30 48 32 40 -34 -35 -36 -37 37 -39 39 -41 -42 -43 -44 -45 45 -47 -48 -49 -50 -51 51 56 54 -55 -56 -57 57 -59 -60 60 61 -63
leaf_value=0.0022703140084544388 -6.1471224173362268e-05 0.0010329000525524869 0.00070464336685438695 -0.0027809153406361704 -0.0015461953652207273 0.00051275577838101767 -0.00051045153663269107 -0.0029893174032899796 -0.0013539026851491229 -0.00032584906940207753 0.0034979234982717871 -0.00079872919480205467 -5.6099061749744281e-05 -0.0071359124012986318 0.0065132025308087503 -0.00065806355107789021 -0.0037149741305795799 0.0033255862569675412 0.00049310778174840809 0.0080628838139139899 -0.0019402790188705556 0.0060066124768885926 0.0023323374323151016 0.0073593793319770623 0.0020823284169040608 0.0049285749816338521 -0.0010103698062967274 -0.00073083111536482667 0.0012745083622472842 -0.0022784644806276544 0.0038026920204237607 0.0004775253525932117 0.00019306235258344337 5.0812426943030945e-06 0.0016124066162466262 0.000816373831334874 0.001750366704850622 -0.00033995343573602348 -0.0041685617218010671 0.0013426346242816039 0.0016861878152765438 -0.00091928890415684465 0.001477952487848643 0.0024482945498393001 0.00071002890879960461 -0.0044919678029426936 0.0025719236559882176 -2.9576709688872857e-05 0.0024975350472977061 -0.0013922837752394265 0.0059026680922901068 -1.4226276110439968e-05 0.0028898696364063263 -0.0025716856362307046 0.0002678306398443891 -0.0029228599940286644 4.7761367618263215e-05 -0.002961941076662531 0.00028049287886910577 -0.0012614802537633718 0.00016640379148743278 -0.00045582107580231307
leaf_weight=154 15223 78 53 116 50 136 77 51 103 73 71 100 658 50 40 156 81 102 154 47 60 83 77 81 69 173 51 48 171 41 49 760 54 6240 146 141 531 547 78 85 59 61 68 158 75 40 61 2545 61 69 93 425 48 270 492 43 158 413 134 143 41 47
leaf_count=154 15223 78 53 116 50 136 77 51 103 73 71 100 658 50 40 156 81 102 154 47 60 83 77 81 69 173 51 48 171 41 49 760 54 6240 146 141 531 547 78 85 59 61 68 158 75 40 61 2545 61 69 93 425 48 270 492 43 158 413 134 143 41 47
internal_value=1.84258e-05 0.000416667 0.000327941 -0.00602941 0.00483871 0.00106952 0.000392134 0.000280325 0.00300725 0.00459966 0.00588521 0.000332484 -0.00051892 -0.000676811 0.000450849 0.00137506 -0.00325255 0.00243015 -0.00096463 0.00076631 0.00168154 0.00526316 0.0010757 0.00321898 0.000232169 0.0036985 0.00607923 0.0020202 0.00465909 -0.00193752 0.00239064 0.0015625 0.009375 0.000131202 0.0111239 0.00793651 0.00193379 0.000946055 0.00316547 -0.00228659 0.00234756 -0.00225694 -0.00147929 0.0052 0.00207373 -0.00366379 0.00857843 -3.82409e-05 0.00533981 -0.00224557 -0.00200382 -0.00178726 5.27983e-05 -0.00380835 0.00295749 0.00255474 -0.00306535 -0.00554124 -0.00118602 -0.00258752 -0.00650826 0
internal_weight=32562 17339 16999 169 340 186 16830 16141 689 586 513 16090 5433 5355 2827 2108 391 1717 310 10657 4370 616 3754 1063 2691 533 365 296 219 2528 982 879 103 6287 217 314 1615 1241 694 163 819 719 168 374 216 115 101 2614 102 2426 2357 2307 946 406 540 136 1361 571 790 656 231 88
internal_count=32562 17339 16999 169 340 186 16830 16141 689 586 513 16090 5433 5355 2827 2108 391 1717 310 10657 4370 616 3754 1063 2691 533 365 296 219 2528 982 879 103 6287 217 314 1615 1241 694 163 819 719 168 374 216 115 101 2614 102 2426 2357 2307 946 406 540 136 1361 571 790 656 231 88
cat_boundaries=0 1 2 3 4
cat_threshold=2498 568 2176 25
is_linear=0
shrinkage=0.05


Tree=124
num_leaves=63
num_cat=4
split_feature=2 0 31 39 12 26 21 19 31 33 39 26 7 7 39 12 21 13 26 20 19 26 39 12 31 18 7 31 30 33 12 23 6 21 20 35 35 10 9 9 26 37 21 2 16 9 13 1 33 33 18 3 31 42 1 42 0 21 35 13 16 13
split_gain=3.85921 3.32081 3.00159 3.67229 5.83538 3.42472 2.97139 3.03224 2.98122 3.94584 2.82645 4.38042 8.61522 4.62126 4.06284 4.21225 3.53114 5.60962 4.63112 3.47165 3.63419 3.45901 4.13516 4.12846 4.04924 3.24097 3.11861 3.05143 3.01507 4.38483 3.44114 4.48059 2.89509 2.8861 3.2767 4.11585 4.32854 3.33433 3.29382 5.43235 3.11965 2.89693 2.88551 2.84615 2.8016 2.7883 2.75496 3.61641 2.73151 2.72112 3.23726 3.36998 2.84882 2.68836 3.27098 2.67503 2.6605 2.60021 2.59284 2.51446 2.45844 2.45365
threshold=0.31722051724789996 1.0857429026690679 0.55000000000000016 0 30.500000000000004 10.500000000000002 1570.5000000000002 -0.1266545918607416 104.75000000000003 26.342857142857145 1 11.500000000000002 8.2495681805982013 7.7233200848154668 2 32.500000000000007 9456.2500000000018 0.64952944752841668 48.500000000000007 -0.043695226435781144 0.092953203051585206 45.500000000000007 3 41.500000000000007 57.550000000000018 0.414733788702285 7.1982017582533979 0.65000000000000024 1.2500000000000004 30.492857142857147 20.500000000000004 -0.42732928329821201 7.6560336283832342 2001.6650000000002 0.03658845785372878 2.9765057257934168e-10 0.017866314712239668 0.15489497040132563 0.17787736895330711 0.27409486937297683 11.500000000000002 34.500000000000007 1518.2050000000002 0.095310179804325226 -0.34810926089941113 0.30803179410649439 0.6346975677063279 -0.041964184421938271 29.221428571428579 38.335714285714296 0.95857730450414891 -0.12062651051473815 1.0000000180025095e-35 0.96459899749373446 0.0064768870366465068 0.84680573663624525 -0.16927387788572543 1250.5000000000002 0.36887795989554123 0.55555611111111125 -0.51061582878094025 0.45454558030886993
decision_type=2 2 2 1 2 2 10 2 2 2 1 2 2 2 1 2 10 2 2 10 2 2 1 2 2 8 2 2 2 2 2 8 2 10 10 2 2 2 10 10 2 10 10 2 2 10 2 2 2 2 8 2 2 2 2 2 2 10 2 2 2 2
left_child=10 2 -2 4 44 -5 8 -8 -6 -10 11 12 43 19 27 -16 17 18 -15 32 25 26 23 48 46 60 33 -14 30 45 -24 -32 -13 34 35 41 37 -37 40 56 -36 49 58 -1 -4 -30 -25 -48 -23 50 51 -12 -51 54 55 -52 -40 -42 -38 -20 -21 -9
right_child=1 -3 3 5 6 -7 7 61 9 -11 21 13 14 16 15 -17 -18 -19 59 20 -22 22 28 24 -26 -27 -28 -29 29 -31 31 -33 -34 -35 38 36 42 -39 39 -41 57 -43 -44 -45 -46 -47 47 -49 -50 52 53 -53 -54 -55 -56 -57 -58 -59 -60 -61 -62 -63
leaf_value=0.0020586254335898768 -0.0032469515274486244 -0.018726049077412949 -0.00020661057321151363 0.001533519320870018 -0.00041082328423823548 -0.0013590498276902143 0.0041871640574137354 -0.0089480615005654435 0.0015697868602774475 -0.0049039243580483102 0.0012487079177755434 0.0042520594052755647 -5.4020919122400179e-05 -0.00042059400691204954 -0.0030991102230697532 -4.072272919142528e-05 0.00035563950079442637 0.00015414105770716996 0.0016964511872349258 0.0019879290223515302 -0.0024312281870791826 0.00094271211898684724 -0.0019908391717127732 -0.0036561349848088774 0.00049344412228001023 0.002491075865882222 -5.201771466890673e-05 0.0018835404270619771 -0.0033590518205538753 0.0021623462514612389 0.0023765438339259245 -0.00029530191095065642 0.00089823971703296849 -0.0015626368165098507 0.0032880472575286231 -0.00064823160897990858 0.0024827381565916372 -0.0021985482664050866 0.0029106952786754751 0.0020238039232098781 0.00035962651360629106 0.0024913913813151621 -0.00066819692165076691 0.00050648137291682289 0.0030617756970962723 0.0014294582609882395 0.00081801592818135475 -0.0012338390171306533 -2.9773158927540298e-05 0.0023169452226572324 -0.00019959968784597751 1.2919948662697784e-05 0.00075016533199511468 -0.0010931050605762266 -0.0010181570710051612 0.001174356571165742 -0.0020740298971643556 0.0028993523682036824 3.8344438620709426e-05 -0.00081374566144691194 -0.00020660594444738651 0.00064358636374074155
leaf_weight=672 423 61 154 105 291 962 51 41 42 157 827 88 290 3361 170 439 1022 3706 204 152 88 253 242 124 101 218 9665 283 295 50 78 476 64 277 91 386 81 52 54 458 310 53 62 276 327 40 132 152 184 94 53 2360 411 371 118 188 213 48 104 63 303 264
leaf_count=672 423 61 154 105 291 962 51 41 42 157 827 88 290 3361 170 439 1022 3706 204 152 88 253 242 124 101 218 9665 283 295 50 78 476 64 277 91 386 81 52 54 458 310 53 62 276 327 40 132 152 184 94 53 2360 411 371 118 188 213 48 104 63 303 264
internal_value=-0.000110156 -0.00185828 -0.00160575 -0.00091858 0.000840807 -0.00308442 -0.00165289 0.00182073 -0.00417515 -0.008875 5.87189e-05 0.000677038 0.00272173 0.000207659 -0.000126796 -0.00294355 -0.000161541 -0.000545331 -0.00194268 0.00358315 0.00219816 -0.000324481 -0.00222039 0.000261233 -0.00279412 0.00344955 -7.67955e-05 0.00286815 -0.00417366 -0.00783679 -0.00244668 -0.00027027 0.0104575 0.000759982 0.00097869 0.000435962 -0.00317055 -0.00615034 0.0033617 0.0012741 0.00672222 0.000988606 0.00211694 0.00626976 0.00523859 -0.00989583 -0.00501222 -0.0022807 0.0038242 0.000847841 0.000401991 0.00109003 0.00429842 -0.00259918 0.000486111 0.00382231 -0.00438433 0.0045961 0.00524194 0.00438433 0.00104167 -8.16993e-05
internal_weight=32680 2878 2817 2394 1327 1067 846 356 490 199 29802 11399 2130 9269 1182 609 8356 7334 3628 913 761 18403 2127 946 509 673 16276 573 1181 385 796 554 152 6611 6334 5160 685 438 1174 725 449 4475 247 948 481 335 408 284 437 4422 3917 3187 505 730 359 241 267 358 185 267 455 305
internal_count=32680 2878 2817 2394 1327 1067 846 356 490 199 29802 11399 2130 9269 1182 609 8356 7334 3628 913 761 18403 2127 946 509 673 16276 573 1181 385 796 554 152 6611 6334 5160 685 438 1174 725 449 4475 247 948 481 335 408 284 437 4422 3917 3187 505 730 359 241 267 358 185 267 455 305
cat_boundaries=0 1 2 3 4
cat_threshold=3408 4681 584 1170
is_linear=0
shrinkage=0.05


Tree=125
num_leaves=63
num_cat=9
split_feature=10 5 42 39 21 30 4 20 25 30 23 31 10 42 31 37 13 5 12 12 10 36 23 14 3 31 20 42 33 30 39 33 31 25 6 1 23 27 25 33 39 31 4 38 31 25 42 33 27 16 42 37 27 26 30 39 33 31 23 6 5 6
split_gain=2.89117 3.42477 2.90683 2.89728 3.62836 4.43373 3.58997 3.26415 3.10173 4.87387 3.17874 4.85749 4.01831 3.12205 3.42763 3.00224 2.91727 3.69299 2.8886 2.82411 2.81145 2.79497 2.71086 2.6905 2.68107 3.01024 2.92412 2.59457 2.59005 2.81012 2.90132 4.18166 2.54576 2.53185 3.11306 2.6058 2.5271 2.45223 2.87789 2.70375 3.60622 3.06335 3.06951 3.24392 2.94803 2.80629 3.0883 2.81362 2.75202 2.72902 2.54667 2.43741 2.42377 2.41492 3.65165 2.69737 2.41268 2.39558 2.37423 3.69399 4.51608 2.86614
threshold=0.0065476212247084229 5.9308605174151721 0.98373876255949244 0 3545.0000000000005 22.950000000000006 -0.64677841131263658 0.16511070452095475 1 72.850000000000023 2.0949437901148693 0.55000000000000016 -0.1079496270645368 0.95275297619047628 3.2500000000000004 11.500000000000002 1.5558046836073745 8.9195360864759738 9.5000000000000018 82.500000000000014 -0.47730733735677772 4.4163699102972172e-07 -0.29459427296457158 -0.71416419123278529 -0.18232155679395465 190.05000000000004 0.010750397763327486 0.97402159244264519 26.964285714285719 68.700000000000017 2 26.007142857142863 321.45000000000005 3 7.7432745251104222 -0.62229043611110313 -2.2106236739135805 23.500000000000004 4 31.992857142857147 5 4.9500000000000011 -0.59242881105261691 6 24.050000000000004 7 0.96899038461538478 32.842857142857149 55.500000000000007 -0.49636667967222697 0.9439203354297695 84.500000000000014 16.500000000000004 14.500000000000002 1.2500000000000004 8 32.692857142857157 282.75000000000006 0.10847651169843654 6.7581249608900089 7.4493267086366837 7.2198930345715278
decision_type=2 2 2 1 10 2 2 10 1 2 8 2 2 2 2 8 2 2 2 2 2 2 8 2 2 2 10 2 2 2 1 2 2 1 2 2 8 2 1 2 1 2 2 1 2 1 2 2 2 2 2 10 2 2 2 1 2 2 10 2 2 2
left_child=3 -2 27 6 5 7 21 37 9 10 12 56 -8 14 -13 -10 17 19 -14 28 -17 22 -1 -20 25 -24 -26 -3 29 -7 -31 -32 -30 34 -6 -35 -4 38 53 40 -39 -42 -43 44 -44 50 47 -47 -48 -49 -41 -22 -21 -5 55 -55 -12 -38 -40 -60 61 -61
right_child=1 2 36 4 33 16 8 -9 15 -11 11 13 18 -15 -16 20 -18 -19 23 52 51 -23 24 -25 26 -27 -28 -29 32 30 31 -33 -34 35 -36 -37 57 39 58 45 41 42 43 -45 -46 46 48 49 -50 -51 -52 -53 -54 54 -56 -57 -58 -59 59 60 -62 -63
leaf_value=0.00066474151224715577 -0.0095166533116486599 -0.00011769522027148304 0.0026461705162981724 0.00045067176508339603 0.010629961505533511 0.0017647362948987064 0.00071795540222668701 -0.001090389140772511 -0.0019656954447846322 -0.0029470837543159839 -0.0059521543952006963 -0.0029742210816190357 -0.0025779898483770432 0.00060858534401752597 -4.3710190650303812e-05 -0.0035477907826366745 0.0084486997904643351 -0.00091820183642373702 -0.0015011192053449496 0.000254690475505507 0.00028319957532246359 0.0011573200141641315 -0.0020588481868260124 5.2267120080603385e-05 -0.0059976217989985833 0.00066563188624176495 -0.0017479427608172533 -0.0032113538797635243 0.00025297096723128442 0.0038609735780002863 -0.0017238108200414771 0.0003552730419253958 0.0024422862262534423 0.004023768231033592 2.7162313677773838e-05 -0.00099467148626984094 -2.4833860244919109e-05 0.0002259962611438582 -5.0560160286054859e-05 0.00055639828600706487 -0.00082597324902517963 0.0029011293447380546 0.0001004074084129072 0.00032978614882591621 -0.0040897748255107726 -0.0024873296624472034 0.00095819663451049148 0.0031125265441963321 -0.0017761162538169569 0.00032127746121124234 0.0027015507254313648 -0.0021265840272988107 -0.00015868089447794082 -2.8662780948294928e-05 0.00018755054802074944 -0.0034983906322233493 -0.0014099990321015617 0.00084751886711639563 0.0043883718655204074 0.0002816454257695474 0.0014659512989930032 -0.0018011539822703751
leaf_weight=105 74 11492 104 73 42 298 472 341 58 101 64 80 86 183 126 44 65 84 47 119 2113 44 305 355 58 86 46 152 1235 141 60 57 118 56 972 1239 4249 644 1607 238 801 139 76 570 99 44 106 156 157 622 179 44 422 103 123 193 83 347 51 134 258 96
leaf_count=105 74 11492 104 73 42 298 472 341 58 101 64 80 86 183 126 44 65 84 47 119 2113 44 305 355 58 86 46 152 1235 141 60 57 118 56 972 1239 4249 644 1607 238 801 139 76 570 99 44 106 156 157 622 179 44 422 103 123 193 83 347 51 134 258 96
internal_value=-0.000205288 -0.000673001 -0.000624044 0.000268204 0.00068207 0.00111849 -0.000809133 0.000447805 -0.000233342 -0.00191231 -0.0012024 -0.00428305 0.000520291 -0.00134615 -0.00555556 0.00095815 0.002875 0.00260355 -0.00265849 0.00295798 0.00126022 -0.00426357 -0.00515807 -0.000868486 -0.00670363 -0.00478316 -0.0138095 -0.00104766 0.00386126 0.0067325 0.00289575 -0.00292969 0.00267725 -0.00109307 0.000780488 -0.00254594 0.000425441 0.000699382 -0.000473664 0.00150705 0.000439914 -0.00078125 0.00124294 -3.35121e-05 -0.00577957 0.00316035 0.00175639 0.00328068 -0.00293561 0.00397946 0.00660047 0.00151761 -0.000230627 -0.00387674 -0.00541667 -0.00841751 -0.0119932 0.000250163 0.000324525 0.00319444 0.00184049 -0.00324675
internal_weight=32636 16418 16344 16218 11718 9409 4500 6810 3856 1597 1496 536 960 389 206 2259 2599 2534 488 2450 2201 644 600 402 495 391 104 11644 1909 556 258 117 1353 2309 1014 1295 4700 6469 2638 3831 2329 1685 884 745 175 1502 1085 822 263 778 417 2157 541 492 419 296 147 4596 2146 539 488 230
internal_count=32636 16418 16344 16218 11718 9409 4500 6810 3856 1597 1496 536 960 389 206 2259 2599 2534 488 2450 2201 644 600 402 495 391 104 11644 1909 556 258 117 1353 2309 1014 1295 4700 6469 2638 3831 2329 1685 884 745 175 1502 1085 822 263 778 417 2157 541 492 419 296 147 4596 2146 539 488 230
cat_boundaries=0 1 2 3 4 5 6 7 8 9
cat_threshold=2051 2341 5504 2364 1032 4248 1 39 188
is_linear=0
shrinkage=0.05


Tree=126
num_leaves=63
num_cat=7
split_feature=2 11 14 25 41 5 36 37 25 26 41 37 26 4 1 2 26 16 39 6 33 39 30 25 27 21 30 27 33 41 13 6 25 4 38 14 26 20 42 33 15 22 8 13 21 42 26 20 22 21 5 27 20 21 1 22 2 26 30 26 13 2
split_gain=2.28475 2.79653 3.13211 2.26577 2.23179 1.91981 4.48309 4.01573 3.2297 2.89768 3.28102 2.3632 2.99365 5.72073 2.38466 2.63191 2.34407 2.34351 2.25121 5.40162 3.91092 3.66169 6.6633 10.9029 4.98409 4.54021 4.36397 4.62807 5.00291 3.59438 3.42359 3.39026 3.35021 3.3072 3.53989 3.27812 3.22938 3.13953 3.04226 2.98608 3.26968 2.98483 4.00857 3.35555 2.89395 2.86014 2.75718 3.1474 3.07173 3.06253 2.75808 3.22972 3.2652 2.94435 3.29008 2.72988 2.71411 2.68701 4.41924 7.48789 3.82101 3.81271
threshold=0.60416755589163229 69.500000000000014 0.052680257828913175 0 81.736594394500273 6.6083176282128608 0.0017416621958448719 87.500000000000014 1 7.5000000000000009 46.782331511839715 55.500000000000007 6.5000000000000009 0.010410345839210413 -0.82898601372034653 -0.84474031005381833 20.500000000000004 0.44324067465611178 2 7.73418618969409 29.592857142857149 3 48.550000000000011 4 22.500000000000004 4005.0000000000005 16.150000000000002 39.500000000000007 29.892857142857149 3.032492668621702 1.294119723171179 8.3916344025751108 5 0.91629073187415544 6 0.14605592679632864 10.500000000000002 0.076871326313207811 0.62605932203389847 39.492857142857154 -0.40546510810816444 0.40551511060833112 0.12198381495371703 0.48583960155829403 3252.5000000000005 0.91266209000762788 27.500000000000004 0.071078811481381704 -0.62087437273926838 3795.0000000000005 9.0158098132921953 43.500000000000007 0.032769147568252714 3457.9150000000004 -0.021359298687279257 -0.33840338039978812 -0.098957940115522267 25.500000000000004 9.3500000000000032 20.500000000000004 1.7173113125561883 -0.030526133893016279
decision_type=2 2 2 1 2 2 2 10 1 2 2 10 2 2 2 2 2 2 1 2 2 1 2 1 2 10 2 2 2 2 2 2 1 2 1 2 2 10 2 2 2 10 8 2 8 2 2 10 10 10 2 2 10 8 2 10 2 2 2 2 2 2
left_child=5 2 3 -2 -4 6 8 11 16 -10 -11 14 -13 -14 15 -7 17 -1 33 20 38 22 23 24 36 29 27 -26 -29 -24 -22 39 55 41 -35 -31 44 -38 -20 40 -25 -16 56 -44 -21 -30 47 57 -49 -50 53 -52 -53 54 -48 -23 -43 58 59 -34 61 -59
right_child=1 -3 4 -5 -6 7 -8 -9 9 10 -12 12 13 -15 18 -17 -18 -19 19 21 30 32 25 31 26 -27 -28 28 45 35 -32 -33 46 34 -36 -37 37 -39 -40 -41 -42 42 43 -45 -46 -47 50 48 49 -51 51 52 -54 -55 -56 -57 -58 60 -60 -61 -62 -63
leaf_value=0.0041279178998613235 -7.3505273938178844e-05 -0.0034940258987559134 0.0032060804948191657 -0.0067948198496632778 -0.0009629968483946303 0.019484945760876792 -0.0021162900565441798 -0.0016786753128534956 0.0029687316965099709 -0.00098515998088885624 0.00086694274276812597 -0.00098232793750553118 0.005347585772869163 0.00011963842884898553 -8.4614458459455349e-05 0.00011418990591518033 0.0030656053131929185 -0.003774675210259574 -0.0025332412765288696 0.003893858054611639 -4.3886882667082055e-06 0.0012149740846339558 -0.0008864805598892125 -0.0033245813968101629 0.0021814830075490002 -0.00097003585288089444 0.0055707542406138707 -0.0011573032006790337 -0.0038056072592922499 0.0012669567178294182 0.003809439714268505 -0.0046497175533494889 -2.1721923683543089e-05 0.0032181013654276032 -0.00016708337687797943 0.003655801517181144 -0.00051000664341959605 -0.0035536118847172456 0.00047944276537898318 0.0015587215600359253 -0.001047264938978526 -0.0024548927898242414 -0.0033524065420657946 -0.0021917737326960164 -6.6843802418431895e-05 0.0021482324333415613 0.0015511051324138333 -7.3435378288192254e-06 -0.00021970487007701305 0.003295218428169662 -4.8650959382507204e-05 0.0020136569098937432 -0.00043119183432381374 -0.00040471874602565161 -0.00032305105385937712 4.7573838040765303e-05 0.00022774772507518551 0.0038477740157372917 -0.00068667889505294075 0.0017137350132750209 -0.0016198207287391583 0.00024418036997935773
leaf_weight=187 246 157 124 166 59 85 100 62 81 411 537 66 72 182 10411 127 105 59 42 67 2074 700 148 310 253 131 103 529 47 409 203 119 2627 159 216 151 396 137 1493 70 1397 52 105 405 224 210 174 217 85 246 693 208 74 2238 214 764 246 128 703 394 43 212
leaf_count=187 246 157 124 166 59 85 100 62 81 411 537 66 72 182 10411 127 105 59 42 67 2074 700 148 310 253 131 103 529 47 409 203 119 2627 159 216 151 396 137 1493 70 1397 52 105 405 224 210 174 217 85 246 693 208 74 2238 214 764 246 128 703 394 43 212
internal_value=-6.66075e-05 -0.00278884 -0.00121644 -0.00363196 0.00421196 -2.35095e-06 0.00175557 -8.79298e-05 0.00249819 0.00103365 0.000263435 -6.17589e-05 0.00420561 0.00666667 -0.000107357 0.00516432 0.00656077 0.00404858 -0.000144998 0.000201436 0.00187516 -0.000240951 -0.00138476 -0.00226508 0.000354072 0.00264881 0.00249344 0.00151442 -0.000381194 0.00423131 0.000559701 -0.00495543 0.000313431 -0.000689358 0.00392287 0.00606061 -0.00260606 -0.00491573 0.00382487 -0.00442913 -0.00484485 -0.000844474 -0.00377009 -0.00645793 0.00162671 0.00532946 -7.86259e-05 0.000724871 0.00428051 0.00730422 -0.00111743 0.00115266 0.00565371 -0.00196041 0.00205656 0.00250847 0.00083612 0.000249513 -0.000161074 0.000670086 0.00423177 0.00601173
internal_weight=32653 752 595 412 183 31901 1480 30421 1380 1029 948 30359 320 254 30039 212 351 246 29827 18233 3812 14421 4701 3862 1966 839 1142 1039 786 708 2277 1896 9720 11594 375 560 824 533 1535 1777 1707 11219 808 510 291 257 8256 4655 548 331 3601 975 282 2626 388 1464 298 4107 3724 3021 383 340
internal_count=32653 752 595 412 183 31901 1480 30421 1380 1029 948 30359 320 254 30039 212 351 246 29827 18233 3812 14421 4701 3862 1966 839 1142 1039 786 708 2277 1896 9720 11594 375 560 824 533 1535 1777 1707 11219 808 510 291 257 8256 4655 548 331 3601 975 282 2626 388 1464 298 4107 3724 3021 383 340
cat_boundaries=0 1 2 3 4 5 6 7
cat_threshold=2484 113 2374 5248 3589 130 6
is_linear=0
shrinkage=0.05


Tree=127
num_leaves=63
num_cat=5
split_feature=12 15 5 3 12 11 39 4 20 13 7 41 33 20 20 26 20 6 10 35 41 26 8 41 17 7 39 23 11 17 15 14 39 7 4 18 33 26 13 8 26 6 11 44 8 20 4 27 39 3 26 12 41 29 15 26 24 33 10 11 27 12
split_gain=2.08281 3.05074 3.03008 2.91265 2.8917 3.81006 4.5178 3.90134 3.54761 3.28481 3.23551 3.86082 3.86624 3.78146 3.34562 3.03225 3.75854 2.92596 2.80111 2.76896 4.41453 3.38707 3.29272 3.71565 2.74298 2.67254 2.66051 3.17814 2.65868 2.73032 2.6511 3.10445 2.51935 4.14317 3.77002 3.4144 3.45465 3.65533 3.35345 3.37789 3.19258 3.16616 4.29861 3.55197 2.96127 2.94638 2.8481 2.69209 4.21234 3.76082 4.35877 3.80299 3.27172 3.2488 2.87503 2.62085 2.53351 3.5873 3.53998 2.5086 4.28896 2.66375
threshold=39.500000000000007 -1.3858733084634292 6.4949293585652406 0.58778666490212006 17.500000000000004 16.500000000000004 0 0.68634791663256378 -0.1065682261347556 0.66666628726311961 9.1294883493214325 1.6495614035087722 38.95000000000001 -0.19067305962601341 -0.15587054638908515 3.5000000000000004 -0.0328497656760025 7.9291479645067735 0.46574443354476275 0.0016659109336621639 1776.807091346154 48.500000000000007 0.024454401771162638 9.1148351648351653 -1.3504670284078244 7.1910109134318239 1 0.33691836935079117 11.500000000000002 0.35242177062890218 -3.780465732499048 -4.2832392923793288 2 7.8823337570392544 0.91629073187415544 0.92554658798690037 27.292857142857148 40.500000000000007 2.1728735632183915 0.5935898189491664 6.5000000000000009 6.7581249608900089 7.5000000000000009 1.0000000180025095e-35 0.029464010754302754 0.029198589041109401 0.74480069240981017 56.500000000000007 3 0.06029116642067401 38.500000000000007 68.500000000000014 1.7360681114551086 1.0000000180025095e-35 -0.058394402110146786 33.500000000000007 4 28.157142857142862 -0.17470424975881024 45.500000000000007 3.5000000000000004 72.500000000000014
decision_type=2 2 2 2 2 2 1 2 10 2 2 2 2 10 10 2 10 2 2 2 2 2 8 2 2 2 1 10 2 2 2 2 1 2 2 10 2 2 2 10 2 2 2 2 8 10 2 2 1 2 2 2 2 2 2 2 1 2 2 2 2 2
left_child=1 2 -1 30 5 6 7 -3 9 17 11 -7 13 -13 -15 16 -10 -6 -16 20 21 22 -17 -24 26 -22 -4 -28 -23 -30 31 -2 33 35 41 36 37 55 39 44 -38 42 -34 -44 -35 -39 59 -43 -49 50 53 -52 -51 54 -50 -32 -42 -58 -59 61 -61 -46
right_child=3 4 24 -5 8 10 -8 -9 15 -11 -12 12 -14 14 18 19 -18 -19 -20 -21 25 28 23 -25 -26 -27 27 -29 29 -31 32 -33 34 38 -36 -37 40 45 -40 -41 56 47 43 -45 46 -47 -48 48 49 52 51 -53 -54 -55 -56 -57 57 58 -60 60 -62 -63
leaf_value=-0.005629803628592102 -0.00029033937526451518 -0.0007969807126676008 -0.00075452733372572279 -0.0017351203795962584 0.0024237708386795108 0.0017529811568266032 0.0021019232156323175 0.0022674380555347748 0.0042939160581750005 -0.0030868195561279464 -0.0021168513107077034 0.0057808315818481358 -0.0012072305893053217 -0.0027116408711006738 9.6699559609733227e-07 -7.0306432871488695e-05 0.0010407207817486131 -0.0027054541645015508 -0.0071752203630534202 0.0010171412370809207 -0.00035283520117058797 -0.00019807255343877729 -0.00010496474471203331 0.00055137139882138221 -0.0013802972213489938 -0.0030879266657716942 0.0016882928590214272 -0.001175296434512264 0.0039278784596789287 -6.9525773749151701e-05 0.0019519571685206911 0.0036906362605311858 0.0046784446583204064 -0.0028405655101177603 -0.0022054532645154196 -0.00095122954295022281 -0.001791731785641956 0.0015669333247302437 0.00050170642889995481 0.0026943701844023534 -0.00075339803956798318 7.0429525449754521e-05 -0.001761832052153447 -5.3639836456731481e-05 -0.0010059547287900531 -0.0065083086868073375 0.0014013218369570404 -0.0016835721117742246 -0.00025221953864386424 0.0013982766574811628 0.00050747719624280043 0.0014425131965346437 -0.00060551071732735959 -0.00085414434623537071 0.00041947842114042769 0.007745448414203146 -0.0011883831534529495 0.0025747443259094118 0.00029066642809845721 0.0056483566711109821 -0.00044787591769529506 -0.0023372629171687382
leaf_weight=63 80 220 234 627 59 115 308 66 79 180 204 73 292 56 5300 165 231 50 50 181 230 75 1354 2655 344 101 166 48 154 47 331 75 43 67 65 888 281 47 301 81 564 8393 122 135 921 40 148 408 314 80 209 166 766 213 497 91 220 401 1598 56 621 832
leaf_count=63 80 220 234 627 59 115 308 66 79 180 204 73 292 56 5300 165 231 50 50 181 230 75 1354 2655 344 101 166 48 154 47 331 75 43 67 65 888 281 47 301 81 564 8393 122 135 921 40 148 408 314 80 209 166 766 213 497 91 220 401 1598 56 621 832
internal_value=-2.66915e-05 0.000461797 -0.00242407 -0.000351844 0.000663482 -3.73972e-05 0.00378151 -0.000841751 0.00150575 -0.00387931 -0.000410442 -0.000195346 -0.000376819 -7.75547e-05 -0.000231182 0.00180163 0.00659164 0.00295455 -0.000102785 0.00150111 0.00127039 0.00168501 0.00132934 0.00161471 -0.00157629 -0.00429217 0.00100223 0.00488889 0.00703971 0.0100248 -0.000241406 0.00625 -0.000294974 -0.0010068 0.000172912 -3.92201e-05 0.000650532 0.00446078 -0.0024356 -0.00298863 1.63132e-05 0.000242355 -0.00481728 -0.00726744 -0.00329743 -0.00482955 -0.00302443 0.000380194 -0.00100791 -0.00014406 0.00144643 0.00605053 -0.0027745 -0.000243902 0.00120074 0.00638298 0.000529813 0.00128924 0.0019625 -0.0034348 -0.000848083 -0.00443273
internal_weight=32781 13100 855 19681 12245 6684 594 286 5561 289 6090 5886 5771 5479 5406 5272 310 109 5350 4962 4781 4450 4174 4009 792 331 448 214 276 201 19054 155 18899 7488 11411 4461 3573 509 3027 2726 3064 11346 300 257 2645 87 2578 11046 2653 2245 1399 375 846 1024 811 422 2783 2219 1999 2430 677 1753
internal_count=32781 13100 855 19681 12245 6684 594 286 5561 289 6090 5886 5771 5479 5406 5272 310 109 5350 4962 4781 4450 4174 4009 792 331 448 214 276 201 19054 155 18899 7488 11411 4461 3573 509 3027 2726 3064 11346 300 257 2645 87 2578 11046 2653 2245 1399 375 846 1024 811 422 2783 2219 1999 2430 677 1753
cat_boundaries=0 1 2 3 4 5
cat_threshold=4776 4966 3400 512 2
is_linear=0
shrinkage=0.05


Tree=128
num_leaves=63
num_cat=7
split_feature=10 25 39 22 39 5 12 26 41 17 18 1 26 17 9 33 23 25 33 30 13 22 18 3 19 23 5 3 39 18 23 26 26 23 27 21 17 2 6 41 11 11 3 19 22 39 10 31 39 31 11 31 12 20 23 8 27 10 9 8 10 30
split_gain=2.31365 2.93367 5.53539 4.0767 3.99992 4.12532 3.93432 2.96308 2.88346 2.69307 2.65544 2.63715 2.57234 3.26653 3.22885 2.67349 2.4685 2.43314 4.14138 2.71112 2.47059 2.98313 2.39933 2.24426 2.23613 2.59086 2.6472 3.52304 3.33171 3.19936 2.75369 2.64144 2.14642 2.35932 2.7723 2.6495 2.51784 2.14529 2.11935 2.35841 2.29969 2.10743 3.41094 2.85731 2.5501 2.91712 2.54573 3.26373 3.61023 3.91759 3.67617 3.60018 3.55531 3.17103 2.33538 2.87572 2.45716 2.4331 2.14967 2.32403 2.36653 2.57518
threshold=-0.14069640294278682 0 1 -0.09149185465316971 2 7.0238435800113121 83.500000000000014 35.500000000000007 5.5295496323529418 0.25029421580457289 0.76348417740004815 0.079295093414279108 18.500000000000004 -0.19074820468301754 0.10061315430861759 28.121428571428581 1.0000000180025095e-35 3 28.450000000000006 1.0000000180025095e-35 0.80597075072488977 -0.16776198856517652 0.49983585647337553 -0.56786497581230566 -0.032083801757400339 0.46262352194811324 6.6823519422668705 -0.082238098236972132 4 0.37677453213010098 -0.067579727425241862 16.500000000000004 34.500000000000007 -0.079897548723467646 24.500000000000004 6683.7500000000009 0.45946497920204915 -0.18232155679395443 7.9516779029205491 12.405458089668619 41.500000000000007 6.5000000000000009 -0.03267835709738786 -0.22993213470550272 -0.0055238131221378032 5 0.24628421233 209.65000000000001 6 21.050000000000001 1.5000000000000002 1.6500000000000004 70.500000000000014 -0.0089537200515247151 0.40546510810816461 0.32791928928941244 15.500000000000002 0.41952984713070368 0.4990252044267986 0.24052014212476572 1.7710725402242392e-05 21.200000000000006
decision_type=2 1 1 8 1 2 2 2 2 2 10 2 2 2 10 2 8 1 2 2 2 10 8 2 2 10 2 2 1 10 8 2 2 8 2 8 2 2 2 2 2 2 2 2 8 1 2 2 1 2 2 2 2 10 8 8 2 2 8 10 2 2
left_child=1 4 3 9 6 -6 7 32 11 -3 -11 -4 13 15 -14 -7 -8 19 23 -16 -20 -22 -18 -19 -10 26 27 -26 30 37 -28 -27 33 -1 35 -35 -36 -30 39 -32 -40 42 44 -44 -2 -46 58 48 50 -50 54 -52 53 -51 56 57 -48 -56 59 60 61 -45
right_child=41 2 8 -5 5 12 16 -9 24 10 -12 -13 14 -15 17 -17 22 18 20 -21 21 -23 -24 -25 25 31 28 -29 29 -31 38 -33 -34 34 36 -37 -38 -39 40 -41 -42 -43 43 46 45 -47 47 -49 49 52 51 -53 -54 -55 55 -57 -58 -59 -60 -61 -62 -63
leaf_value=0.0026881921592079418 0.00017834622759455577 -0.00036893022464350861 -0.001099185548263309 0.0020505753715040925 0.004471914239606258 0.0041351891652076644 0.0025461948245986709 -0.00069825579534989982 -0.00061247143525115441 0.0038199335836464898 -0.00064556493401284564 -0.0053591103489440146 0.0012754029388653101 -0.00089637884370638858 -0.00076703367493475845 -7.6951185174230227e-05 -0.0037560498445560657 0.0083489205914032867 0.00017642393191629279 0.0039205249454933493 -0.0031930397682172792 0.0011335284876816856 5.2043397005264624e-05 0.0015735970838968536 0.0029374969777064561 -0.0019649638293753229 -0.00031065274688176284 -0.00081519795746935796 -0.0002460655086889369 -0.0010710074757533648 0.0049454474916367048 0.00024708819425923616 0.0061510676457217604 -0.0037572125426875314 0.0027616511649397935 3.3002925606913266e-05 -0.002113365261989172 0.0011784796899625954 -0.00048636277796468844 0.0017004048295061929 0.0041645838115268686 -4.0309691058148893e-05 0.0020096915619349015 0.001579635049320096 -1.6607582973432934e-05 -0.0046292940891919489 -0.00084005618218210571 -0.0016009637309011241 -0.0018068289287400873 -0.0027699797892178999 -0.00063452131354622542 0.0037110014138933296 0.0017086865863405283 0.0002549631536434514 -0.00031026948024220034 0.0019460571922746723 0.0013357619490742441 -0.0038963392755358831 0.0027105363267302968 -0.0003864769532874497 0.0003026783316319886 0.0012965626302991907
leaf_weight=150 189 378 489 405 257 58 50 336 819 66 46 64 110 306 77 85 114 45 288 313 147 51 41 286 165 112 150 54 152 412 42 111 67 56 177 82 80 124 161 148 49 21208 215 66 102 113 78 401 252 115 56 148 177 230 63 46 194 46 57 453 1370 41
leaf_count=150 189 378 489 405 257 58 50 336 819 66 46 64 110 306 77 85 114 45 288 313 147 51 41 286 165 112 150 54 152 412 42 111 67 56 177 82 80 124 161 148 49 21208 215 66 102 113 78 401 252 115 56 148 177 230 63 46 194 46 57 453 1370 41
internal_value=2.06145e-05 0.000817659 -9.47448e-05 0.00333885 0.0019454 0.00328171 -0.000408076 0.000948367 -0.00111002 0.000305499 0.00707965 -0.00437726 0.0024335 -0.000833333 0.00354704 0.00538194 -0.00667476 0.00279387 0.00117754 0.00598504 -0.00174538 -0.00603015 -0.00977564 0.00549699 -0.00039 0.000654372 0.00142318 0.00647727 0.000524617 -0.00178827 0.00338681 -0.00435268 0.00301794 0.00196886 -6.31313e-05 -0.0057554 0.00300388 0.00234657 0.00561097 0.00942408 0.0021327 -0.000201007 0.000793111 0.00123472 -0.00358025 -0.00729167 0.00091592 -0.000442723 0.000693457 -0.00159236 0.00346573 0.00902439 0.000860421 -0.00209538 0.000876168 -0.00400641 0.003663 -0.00840909 0.0021504 0.00186432 0.00282476 0.0099537
internal_weight=32743 7123 3947 895 3176 2023 1153 948 3052 490 112 553 1766 449 1317 143 205 1207 817 390 486 198 155 331 2499 1680 1457 219 1238 688 550 223 612 545 395 138 257 276 400 190 210 25620 4412 4008 404 215 3793 1806 1405 774 631 204 522 345 427 155 272 109 1987 1930 1477 107
internal_count=32743 7123 3947 895 3176 2023 1153 948 3052 490 112 553 1766 449 1317 143 205 1207 817 390 486 198 155 331 2499 1680 1457 219 1238 688 550 223 612 545 395 138 257 276 400 190 210 25620 4412 4008 404 215 3793 1806 1405 774 631 204 522 345 427 155 272 109 1987 1930 1477 107
cat_boundaries=0 1 2 3 4 5 6 7
cat_threshold=945 4312 2232 528 1569 1173 2517
is_linear=0
shrinkage=0.05


Tree=129
num_leaves=63
num_cat=10
split_feature=3 11 33 5 39 25 22 20 33 22 27 16 25 3 21 2 13 20 16 39 41 42 39 25 31 41 25 22 20 11 17 5 13 12 11 38 42 19 41 3 4 20 6 5 41 27 3 3 37 25 31 30 9 2 33 23 16 20 9 21 27 39
split_gain=2.72059 3.34257 2.98378 2.88744 2.97839 6.037 3.87617 4.06371 3.87698 3.85652 3.71827 3.26566 2.88947 3.52511 3.65243 2.8244 2.80914 2.79614 2.71889 2.69449 2.66374 2.64346 2.60701 3.23793 3.63114 3.58858 2.95178 2.89496 2.96089 3.21085 3.64417 2.86655 2.81635 2.78411 3.013 2.81212 5.38676 3.59503 2.67657 2.6882 2.63689 3.13093 2.58852 2.58176 2.57791 2.48276 3.31543 2.43576 2.42807 2.97838 2.90098 6.28508 2.42334 2.40753 2.40558 3.77451 2.80325 2.67892 2.40252 2.40245 2.87195 4.0859
threshold=-0.0047471116802197946 6.5000000000000009 37.564285714285724 5.9308605174151721 0 1 -0.38991000235105394 0.11814678202919077 27.407142857142862 0.16919791381865604 2.5000000000000004 0.13190315794459509 2 0.46505182054645161 6683.7500000000009 -0.31542860566350978 0.18181911156813493 0.05401587325362376 -3.213729430125484 3 8.6992063492063512 0.90081967213114766 4 5 289.85000000000002 2.6608258928571433 6 0.074405328376167729 0.065820885867465387 19.500000000000004 0.32335220277803628 6.6823519422668705 0.28571559767031601 88.500000000000014 14.500000000000002 7 0.98290473407364132 -0.044456957101649604 315.24867788461546 -0.25489224962878904 -0.09096935345359157 -0.014268143383859438 7.1972791337733719 9.0948405129309737 89.159016393442641 40.500000000000007 -0.12402436678446759 0.23638877806423023 36.500000000000007 8 120.20000000000002 17.650000000000002 0.13581423052615452 -0.071458963982145005 30.235714285714291 -0.19835769204021966 0.98082925301172652 -0.018991399706480581 0.5260458209065435 1316.6650000000002 16.500000000000004 9
decision_type=2 2 2 2 1 1 8 10 2 10 2 2 1 2 10 2 2 10 2 1 2 2 1 1 2 2 1 10 10 2 2 2 2 2 2 1 2 2 2 2 2 10 2 2 2 2 2 2 10 1 2 2 10 2 2 10 2 10 10 8 2 1
left_child=2 48 16 47 5 9 11 8 -8 10 -5 -7 13 14 17 -4 -1 -6 -18 -10 -9 -15 26 24 33 -25 43 32 54 -30 -31 -28 -27 34 53 36 40 -37 39 -38 -36 -42 -33 45 -16 46 -20 -3 49 50 59 -52 -43 -24 55 57 -57 -29 -34 -2 -61 -62
right_child=1 3 15 4 12 6 7 20 19 -11 -12 -13 -14 21 44 -17 18 -19 22 -21 -22 -23 23 25 -26 27 31 28 29 30 -32 42 58 -35 35 37 38 -39 -40 -41 41 52 -44 -45 -46 -47 -48 -49 -50 -51 51 -53 -54 -55 -56 56 -58 -59 -60 60 61 -63
leaf_value=0.00076503071896303427 0.0022433138751130361 -0.0004002572830025777 0.0033161229951700483 -0.0024574626745753232 2.4721016995717116e-06 0.0036845790475226975 0.0004548077599840786 -3.8721304267910669e-05 0.00019412156407695808 -0.00086803360152173936 0.0016616425034443078 -0.0018468545164632385 -0.00011877000323404753 -0.00021744840447291102 0.0022638705960295511 0.00026533652884318259 0.0021963278916103147 -0.0015764815962873457 0.0028166599884641465 -0.0017504336044380801 0.0046937243432971908 0.0046629543500577375 -0.0020533307830687929 -0.0013256574789625103 0.0017563219343948438 0.00079791639530144497 -0.0037319089663521848 -0.0010819473649386312 -0.0042553326475047769 0.0029525839377887312 -0.002180428864735713 0.0062319583891660216 -4.8100776775732783e-05 -0.0020231460153216944 0.0036202950623452608 0.0028171639684859261 0.001308580703831766 -0.00068130081843300087 0.00070461736119207098 -0.00065490642646776629 -0.0016097264964495843 0.0025728690018994691 1.1487329424262124e-05 -0.0020553478012667833 -0.00028299752807407091 0.00040006837782096544 0.00032277720680961864 -0.0093532786947923205 0.00063770912533320798 -4.0683095928575023e-05 -0.0031633961891739345 0.00029728955946521711 0.0015501315625610656 0.00043312883279107153 -0.0010813712599171278 -0.00087909461262578731 0.0013746995161926221 0.0015494493567289409 0.0032348167928021553 0.0022874075932249982 -0.0014171750717993908 0.00087783349619748095
leaf_weight=289 126 68 213 82 1490 173 285 132 154 181 945 78 8737 49 206 1292 150 269 383 827 79 130 208 532 240 186 65 74 52 78 44 44 4942 67 137 191 85 499 154 245 43 46 1816 66 72 950 260 50 159 2604 66 239 56 153 508 499 47 160 84 267 132 367
leaf_count=289 126 68 213 82 1490 173 285 132 154 181 945 78 8737 49 206 1292 150 269 383 827 79 130 208 532 240 186 65 74 52 78 44 44 4942 67 137 191 85 499 154 245 43 46 1816 66 72 950 260 50 159 2604 66 239 56 153 508 499 47 160 84 267 132 367
internal_value=0.000128709 -0.000285229 0.000629248 -0.000647844 -0.000581353 0.000831354 -0.00106383 -0.00204668 -0.0031176 0.00352748 0.00474222 0.0046627 -0.00095996 0.0006511 6.13346e-05 0.00273904 0.000391269 -0.00078125 0.000283199 -0.00460794 0.00436321 0.00736111 0.000205188 -0.000235521 0.00147541 -0.000741305 0.0013491 -0.000426966 -0.00239234 0.00371429 0.00813008 1.29132e-05 0.000124688 0.000742706 0.00111386 0.00212766 0.00418275 -0.00021398 0.00103093 -0.00151057 0.00971731 0.00496575 0.000376142 0.00288922 0.00537634 0.00330928 0.00570652 -0.00840336 0.000997223 0.00074303 0.00279387 -0.00138889 0.00970874 -0.00296961 -0.00321955 -0.00147247 -0.00374771 0.00382979 -9.94629e-05 0.00425532 0.00319426 0.00095
internal_weight=32825 17967 14858 14007 13889 2936 1728 1477 1266 1208 1027 251 10953 2216 2037 1505 13353 1759 13064 981 211 179 12914 9330 2124 7206 3584 6674 1462 174 122 1925 5212 1884 1817 1456 766 690 484 330 282 145 1860 1659 278 1593 643 118 3960 3801 1197 305 102 361 1288 780 546 234 5026 892 766 499
internal_count=32825 17967 14858 14007 13889 2936 1728 1477 1266 1208 1027 251 10953 2216 2037 1505 13353 1759 13064 981 211 179 12914 9330 2124 7206 3584 6674 1462 174 122 1925 5212 1884 1817 1456 766 690 484 330 282 145 1860 1659 278 1593 643 118 3960 3801 1197 305 102 361 1288 780 546 234 5026 892 766 499
cat_boundaries=0 1 2 3 4 5 6 7 8 9 10
cat_threshold=1568 2567 40 32 4280 656 3185 10 1058 390
is_linear=0
shrinkage=0.05


Tree=130
num_leaves=63
num_cat=8
split_feature=10 39 10 17 41 25 23 22 20 30 9 22 25 27 27 23 25 13 27 17 27 22 13 18 10 15 15 23 9 30 1 8 25 13 1 22 25 9 13 0 23 41 11 8 25 22 0 18 16 4 17 2 18 39 9 19 10 22 20 4 2 15
split_gain=2.15835 3.40692 3.97713 2.85551 3.50815 3.38154 3.18101 3.11972 3.34408 3.59361 3.49143 3.09595 3.46236 3.74461 3.0349 2.9661 3.07255 2.89322 3.13568 2.67488 2.64976 3.38118 3.44243 3.56379 3.00847 3.11146 3.49136 2.82866 2.71923 2.64384 2.59023 2.58846 2.56334 2.55963 4.16859 2.68339 2.76138 2.50662 2.82037 2.44061 2.36406 2.36359 2.31157 2.75688 2.55142 2.47714 2.21083 2.1551 2.34777 2.61456 2.14923 2.13981 2.28031 2.93602 4.75735 2.40959 2.12244 2.92609 2.49931 2.40825 2.52579 2.09301
threshold=0.089721301758114005 0 0.57076451452902399 0.5525676404096268 241.03746300780202 1 -0.56949697927785781 0.70949052489164355 0.065820885867465387 14.750000000000004 0.4990252044267986 -0.26758526722856424 2 4.5000000000000009 53.500000000000007 0.4213511113263127 3 0.68508371692090686 8.5000000000000018 0.019756979279710995 34.500000000000007 0.043340205522915419 0.58123122796666571 -1.143694076666393 0.28403327164458153 -0.044451762570833823 -1.0976309340841846 0.18232155679395459 0.32241404449239797 7.5500000000000016 -0.034141875470397924 0.33221658816678012 4 0.21599006473287449 -0.2983250738462026 -0.018855242574965816 5 0.30803179410649439 1.1142994373541926 -0.015889363549476784 0.21389408634595333 557.05402542372894 6.5000000000000009 0.43264624183285089 6 -0.66609198338540654 -0.036367391644537943 -0.99787265073863274 0.08912916962838581 0.28519746109512495 0.37078716631560843 0.68240666472238376 1.3681623652135977 7 0.15982382722825023 0.0030733308872152223 0.11441301968846541 -0.015716695317309019 -0.002637791318171219 0.098407473412586391 0.15415103696998858 -0.18232155679395459
decision_type=2 1 2 2 2 1 8 10 10 2 10 8 1 2 2 10 1 2 2 2 2 10 2 10 2 2 2 10 8 2 2 10 1 2 2 8 1 10 2 2 10 2 2 8 1 8 2 10 2 2 2 2 10 1 10 2 2 10 10 2 2 2
left_child=33 3 42 4 7 6 -6 8 11 10 15 12 -2 -14 40 16 47 -5 29 -4 24 22 27 -24 28 26 -26 46 56 -19 -25 -9 -32 34 -1 -36 39 -11 -39 -37 -8 -7 43 44 -3 -44 -22 -10 49 -49 -23 52 -35 54 -54 -56 57 -13 -58 -60 -61 -20
right_child=1 2 19 17 5 41 14 31 9 37 -12 20 13 -15 -16 -17 -18 18 61 -21 21 50 23 30 25 -27 -28 -29 -30 -31 32 -33 -34 51 35 36 -38 38 -40 -41 -42 -43 45 -45 -46 -47 -48 48 -50 -51 -52 -53 53 -55 55 -57 58 -59 59 60 -62 -63
leaf_value=0.0064838028076675399 -0.0018059350821341429 0.00051937384767887756 -0.008945557870659343 -0.0016541544140323044 0.0016235550988096892 0.0019141121598490914 -0.0023916796740305474 -0.0008467310343577317 -0.0022758800629138877 0.0034121030249318466 0.0073522332219929255 -0.0018906374516161652 -0.0012238160987765182 0.001912459640156053 0.0010215717623627933 0.0022018380225752635 -0.0027746562247656617 0.0075677867275461613 0.0020486309241160212 -0.00014688775236033902 -0.0031842011801334019 -0.001841305004420308 0.0040138042852278684 -0.0018117782551658466 0.0011381558745104717 0.00022751296342657379 -0.0043465288019618005 -0.0023160129024496867 0.0027200176439441874 -0.00011434714424964354 -0.0023032939782298913 -0.010268188994585446 0.0012667025534210217 -6.273714484665658e-06 0.00048785798730898133 -0.00020627314178431398 -0.00019338057827495946 -0.00079376930888772556 0.0021504093740438413 0.0011684649714215711 0.00054036060448072766 0.00031836416381746303 -0.0024847905153495154 0.00174729777537686 -0.00049241239466842567 -0.00031382026343773492 -0.00044866420224882672 0.0061306282631865749 -0.0010936388015501731 0.00074923512191056715 -0.0060662470221532925 0.004312759537813596 -0.0018172265175264617 0.00035608972956231965 -0.0020065501362870387 0.0012684479726696547 0.0011644842688910545 0.00031501070781435607 -0.0017072748808362123 0.00070379113376223409 -0.0012585422921981009 -0.00097824250025692057
leaf_weight=75 110 323 74 441 51 526 238 67 41 151 42 90 60 419 90 87 236 56 41 44 40 292 87 82 46 213 214 43 84 55 126 41 231 19736 230 42 367 109 77 84 62 788 77 85 532 2287 233 49 83 95 48 76 210 942 78 368 342 65 71 157 99 511
leaf_count=75 110 323 74 441 51 526 238 67 41 151 42 90 60 419 90 87 236 56 41 44 40 292 87 82 46 213 214 43 84 55 126 41 231 19736 230 42 367 109 77 84 62 788 77 85 532 2287 233 49 83 95 48 76 210 942 78 368 342 65 71 157 99 511
internal_value=-5.42482e-05 -0.000644502 -0.00193708 -1.76056e-05 0.000413465 0.00229214 -0.00149336 -0.000366344 -0.000145525 0.00242019 0.000197161 -0.000935617 0.00233051 0.00413265 -0.00306905 -0.000802365 -0.00227723 -0.00235294 -0.000263554 -0.0109244 -0.00168682 -0.0034235 -0.00172005 0.000759013 -0.000198987 -0.00342827 -0.00708812 -0.00583596 0.00148515 0.00736607 -0.00107955 -0.0087156 0.000768156 0.000225134 0.00300375 0.00183011 -0.000253036 0.00658284 0.0026738 0.00583942 -0.00548173 0.00354717 -0.00161876 0.000478215 -0.000379673 -0.00245243 -0.00392336 0.00143369 0.00339912 0.00724138 -0.00762463 0.000121433 9.13991e-05 0.00190744 -0.000674663 0.00223714 0.000606061 -0.00464744 0.00182836 -0.00129573 0.000972763 -0.00180832
internal_weight=32719 10511 3422 7089 5985 1755 441 4230 4122 970 633 3152 589 479 390 591 504 1104 663 118 2563 1182 842 526 1381 473 260 316 908 111 439 108 357 22208 798 723 493 337 186 126 300 1314 3304 940 855 2364 273 268 227 144 340 21410 21334 1598 656 446 824 155 669 327 256 552
internal_count=32719 10511 3422 7089 5985 1755 441 4230 4122 970 633 3152 589 479 390 591 504 1104 663 118 2563 1182 842 526 1381 473 260 316 908 111 439 108 357 22208 798 723 493 337 186 126 300 1314 3304 940 855 2364 273 268 227 144 340 21410 21334 1598 656 446 824 155 669 327 256 552
cat_boundaries=0 1 2 3 4 5 6 7 8
cat_threshold=3859 2119 1176 2059 3217 164 2086 3393
is_linear=0
shrinkage=0.05


Tree=131
num_leaves=63
num_cat=8
split_feature=31 39 21 23 26 29 10 11 33 22 25 27 33 26 42 21 18 20 11 37 10 27 25 9 41 20 18 27 39 33 41 21 9 42 12 7 13 9 18 2 3 23 9 41 11 39 25 21 41 25 37 18 25 22 41 20 33 33 37 3 4 31
split_gain=2.34184 5.57145 6.05289 4.78978 3.23779 4.16125 3.68143 3.16062 4.09712 2.84843 2.7724 3.93705 2.65472 4.48299 3.4956 2.90801 3.0032 2.79642 2.95056 2.58829 2.54674 2.8168 2.58395 3.04217 3.41603 4.12944 2.51723 2.44064 4.1906 2.9102 3.02654 3.58712 5.81421 2.565 3.17553 2.53238 2.52947 2.42818 3.89 3.28602 2.94772 2.92407 2.4835 2.46394 2.40116 7.44182 7.4795 3.64164 4.7897 3.09616 3.01932 2.95725 3.02905 2.95684 2.77696 3.3821 3.67596 3.02494 3.84774 3.05443 2.67199 2.66881
threshold=0.55000000000000016 0 5480.0000000000009 3.5491652450517446 44.500000000000007 1.0000000180025095e-35 -0.046065457669764769 65.500000000000014 27.50714285714286 -0.33535042091125183 1 9.5000000000000018 37.635714285714293 10.500000000000002 0.98449519230769245 775.62500000000011 -1.2525037929968788 -0.023765890332406499 46.500000000000007 55.500000000000007 0.14558401118624789 20.500000000000004 2 0.10158086405796482 9.8211263881544166 0.042490801591754425 0.72508209128576484 27.500000000000004 3 38.550000000000011 50.192012288786493 985.50000000000011 0.21924520644667039 0.96899038461538478 25.500000000000004 7.259394901486548 0.8530244759475013 0.36478543843601768 -1.5745429416546954 0.26381364764980125 -0.18959096758636071 0.25335971430245091 0.43363146903980648 2.1092329545454551 81.500000000000014 4 5 2288.7500000000005 77.407886904761924 6 54.500000000000007 -1.8968112771360894 7 -0.45072346960465709 2.5086232530478743 0.0085192438790163433 37.321428571428577 38.021428571428579 45.500000000000007 0.040821994520255263 1.3233110511895163 56.150000000000013
decision_type=2 1 10 10 2 2 2 2 2 8 1 2 2 2 2 8 10 10 2 10 2 2 1 8 2 10 10 2 1 2 2 10 10 2 2 2 2 8 10 2 2 10 10 2 2 1 1 10 2 1 10 10 1 10 2 10 2 2 8 2 2 2
left_child=1 2 7 37 6 -6 19 8 -1 -8 11 -4 13 14 15 -11 -17 -14 -19 27 21 -10 23 -23 25 -25 -9 29 -29 30 -3 32 35 34 -30 -32 -31 44 39 -39 41 -40 -43 -42 45 46 -2 50 53 -50 51 -46 -53 -49 -54 57 -57 58 -56 -59 -47 -62
right_child=3 4 10 -5 5 -7 9 26 20 12 -12 -13 17 -15 -16 16 -18 18 -20 -21 -22 22 -24 24 -26 -27 -28 28 33 36 31 -33 -34 -35 -36 -37 -38 38 40 -41 43 42 -44 -45 47 60 -48 48 49 -51 -52 52 54 -55 55 56 -58 59 -60 -61 61 -63
leaf_value=-0.0010529614279805681 0.00074260602620750474 -0.001525767653008968 0.0024409313166287383 -0.0022856704638746748 0.00060637011031295111 -0.005569700560466781 -0.0028224246931971802 -7.3449023723033352e-05 0.0020823861536000236 0.0010231746698528665 -0.0012588146720746895 -0.00045936124891272548 0.0013818402398875281 -0.0031345992248650815 0.0011060566179324192 0.0014122758961648378 -0.0019778018737692778 0.0015932745007858351 -0.00095598577362628133 0.0018956469637647891 -1.38678962994937e-06 -0.00021698707745811674 0.0017123029379004827 -0.002140391904538669 0.0027271235555123806 0.0038252113954709583 0.00017448016341407705 -0.0010256217086134865 -3.333525483093184e-05 -0.00011589431465484149 -0.00082036833324503902 0.00075331450816282361 0.0023852712531544557 -0.00057788228657950583 0.003552699968384654 -0.0052671188921605602 0.0032809840562172767 -0.0043522677300704407 0.0043756563012921235 0.0011866557552419818 0.0029233196393444395 0.0044745948721432545 -0.0018821010664052959 0.00025019537884129751 -0.00059615934809568506 -9.5063346824724591e-06 -0.0011522628275541129 0.00058696103717332875 -0.0001085595240078511 0.0020229971384541135 -0.0014168798071916467 0.00241904066436943 0.0027503480178366403 -0.00094654012644227944 -0.0010238227073726166 -0.00022543342357223629 0.0030516489363582831 0.00025454822158612163 0.00029570089264092892 -0.001967046894466164 0.0045058419250310041 0.00053580446226232788
leaf_weight=42 101 460 40 129 66 187 122 517 411 62 515 128 119 263 110 69 457 51 195 70 285 145 150 73 153 52 174 107 88 74 59 214 55 104 189 45 47 162 602 88 84 54 80 1817 118 19523 387 275 119 153 52 105 60 737 63 589 78 92 1156 58 45 77
leaf_count=42 101 460 40 129 66 187 122 517 411 62 515 128 119 263 110 69 457 51 195 70 285 145 150 73 153 52 174 107 88 74 59 214 55 104 189 45 47 162 602 88 84 54 80 1817 118 19523 387 275 119 153 52 105 60 737 63 589 78 92 1156 58 45 77
internal_value=-4.73963e-05 -0.000949313 0.000732567 0.000151091 -0.00234957 -0.00777559 -0.00189125 0.00212182 0.00356326 -0.0036922 -0.00332602 0.00223464 -0.00301432 -0.00439189 -0.00228898 -0.00382003 -0.00502846 0.000614754 -0.00242915 -0.000165235 0.0040748 0.00527919 0.00300523 0.000864055 0.00394265 -0.00218254 -0.000614162 -0.000623701 0.00224949 -0.00209424 -0.00314748 0.000200535 -0.00546875 0.00465561 0.00728417 -0.012381 0.00512295 0.000197743 0.00156683 -0.00438247 0.0021323 0.00481682 -0.00185185 0.00109096 3.15272e-05 -0.000182527 -0.00621242 0.00121034 -0.000933852 0.00494505 0.00237142 0.00264009 0.00305404 -0.00251728 0.00258662 0.00228277 -0.000636228 0.00370438 0.00452869 -0.00298013 -2.92532e-05 0.00731707
internal_weight=32702 5898 2685 26804 3213 253 2960 2002 1311 1448 683 168 1326 961 698 588 526 365 246 1512 1269 984 573 423 278 125 691 1442 488 954 833 373 159 381 277 104 121 26675 2887 250 2637 736 134 1901 23788 20133 488 3655 1284 272 2371 2319 2201 1012 2096 2036 667 1369 1219 150 19645 122
internal_count=32702 5898 2685 26804 3213 253 2960 2002 1311 1448 683 168 1326 961 698 588 526 365 246 1512 1269 984 573 423 278 125 691 1442 488 954 833 373 159 381 277 104 121 26675 2887 250 2637 736 134 1901 23788 20133 488 3655 1284 272 2371 2319 2201 1012 2096 2036 667 1369 1219 150 19645 122
cat_boundaries=0 1 2 3 4 5 6 7 8
cat_threshold=733 1032 1050 34 128 38 1808 2
is_linear=0
shrinkage=0.05


Tree=132
num_leaves=63
num_cat=5
split_feature=31 39 33 0 6 13 41 33 39 42 19 30 1 20 27 11 13 42 10 9 14 19 17 9 33 21 30 27 4 8 22 14 30 1 3 20 41 41 28 4 9 17 8 26 11 17 30 40 39 17 21 31 1 38 6 8 20 26 24 19 41 20
split_gain=1.93057 2.50318 4.57975 4.09685 1.91265 1.87155 3.38744 2.40462 3.32797 2.44827 2.44227 2.4317 4.08652 2.63178 2.57662 2.36084 2.29201 3.00808 2.43921 2.28544 2.42122 3.45708 2.54404 2.44782 2.26713 2.24606 4.63925 3.24572 2.6835 2.51862 2.50441 2.36672 2.23827 2.2235 2.10268 2.05829 2.2334 2.17905 2.46976 2.44711 3.23606 2.53116 2.52451 2.34689 3.39954 2.57546 2.50111 3.2286 3.0805 3.51605 2.83496 2.66648 2.37257 2.85063 3.72606 3.04683 3.99367 2.26816 2.17182 4.2373 3.44827 3.17268
threshold=385.85000000000008 0 26.407142857142862 -0.13814853202594032 8.1706003947761712 0.5000004076089174 1.3839743589743592 38.621428571428574 1 0.93798076923076934 0.16910099781680005 1.0000000180025095e-35 -0.13005312824819756 0.14038958266349841 41.500000000000007 14.500000000000002 1.4622358788952805 0.96850198412698429 0.15205818344778657 0.057703251655845375 0.13986940424571961 -0.074265769345708374 0.35242177062890218 0.056271469400063188 29.492857142857151 9456.2500000000018 1.5500000000000003 44.500000000000007 0.041180485844378285 0.24815254731687447 -0.46973416009343033 -0.095310179804325088 139.00000000000003 0.23950630786083907 -0.039740328649514371 -0.13804703027790957 43.935416666666676 688.93334173387109 1.0000000180025095e-35 -0.24846115929845955 0.19190306469275212 0.64023222849180439 0.12198381495371703 11.500000000000002 80.500000000000014 -1.0436906801161621 101.70000000000003 1.5000000000000002 2 0.12236257413443676 2600.8350000000005 298.75000000000006 0.24512202325018698 3 8.4598522971784273 0.098664109007870648 0.020037027224119656 2.5000000000000004 4 -0.043442690154446149 173.0601774042951 -0.057215995730029945
decision_type=2 1 2 2 2 2 2 2 1 2 2 2 2 10 2 2 2 2 2 8 2 2 2 10 2 10 2 2 2 10 10 2 2 2 2 10 2 2 2 2 8 2 8 2 2 2 2 2 1 2 8 2 2 1 2 8 10 2 1 2 2 10
left_child=5 3 -3 -2 -5 25 24 19 9 15 11 12 14 -13 -10 -9 17 18 -14 20 22 -22 23 -8 -7 32 28 29 31 30 -28 -27 35 -11 -17 36 -1 39 -39 40 42 -42 -37 44 45 -41 48 -48 49 52 -49 58 53 54 -45 -55 -57 -46 60 -60 -50 -61
right_child=1 2 -4 4 -6 6 7 8 10 33 -12 13 16 -15 -16 34 -18 -19 -20 -21 21 -23 -24 -25 -26 26 27 -29 -30 -31 -32 -33 -34 -35 -36 37 -38 38 -40 43 41 -43 -44 46 57 -47 47 50 51 -51 -52 -53 -54 55 -56 56 -58 -59 59 61 -62 -63
leaf_value=-0.00046860906503427076 -0.0023500041090723602 -0.0039033082863286343 0.00083849416646478723 0.0033274701322297236 0.00030817084755826248 2.6210405486912606e-05 3.2904359459736826e-05 0.003675956065548336 0.0031500266199998191 0.0021586404899493123 -0.0026229265500227316 0.0013222307432178542 4.0486466191497317e-05 -0.0022533655872196997 -0.00040012728516769584 0.0031224807565400701 0.00086756032839037519 -0.0032427976865207053 -0.0031434779398955906 -8.8157810482127978e-06 -0.00015569926899145766 1.7118251138429105e-05 0.00019133115856361568 0.0018522870646584038 0.0034451767308474671 -0.00093620343152128857 -0.00042303598372312823 0.0042960596953756707 -0.00046589038472124531 0.0025201090865860209 0.00033601621265956543 0.00064514806878784587 -0.00097911703911841841 -0.00016088156295009613 -0.0010837183330202876 -0.00017541550551595925 -0.0049280593012476399 0.001073469540701267 -0.00086894805155373733 0.0042529078364662637 -0.00027218336258066911 0.0049487364357434964 -0.0026755724306172521 0.0016412000460233598 0.001875881460653768 0.00047797726071703833 0.0028790632955537354 0.0010082543222514832 5.9635059506880571e-05 -0.0019893520959288866 -0.0010441338135576711 -0.00063775121728691024 -0.0024965296432745729 -0.0020850536938950594 -0.0032407597793896077 0.0009406416949406289 -0.0025711397305419868 -0.0005843824042802069 -0.00046499361674623294 0.001184373107997949 0.00069765568190465637 -2.2860875515933621e-06
leaf_weight=189 48 53 124 113 79 64 533 77 66 260 71 297 164 51 60 64 85 129 46 20913 64 228 86 46 65 44 40 71 168 47 185 96 77 58 171 313 73 50 321 63 555 50 310 295 41 916 84 42 1075 456 65 135 157 124 61 145 97 165 627 153 236 1182
leaf_count=189 48 53 124 113 79 64 533 77 66 260 71 297 164 51 60 64 85 129 46 20913 64 228 86 46 65 44 40 71 168 47 185 96 77 58 171 313 73 50 321 63 555 50 310 295 41 916 84 42 1075 456 65 135 157 124 61 145 97 165 627 153 236 1182
internal_value=3.28505e-05 0.00340909 -0.00119681 0.00657371 0.0101036 -1.08336e-05 0.000220348 0.000175756 0.00204688 0.00483619 0.000178571 0.000889878 -0.00117967 0.00415473 0.00669291 0.00175719 -0.00352941 -0.00536765 -0.00165877 3.88642e-05 0.00242693 -0.00136519 0.00409159 0.00288793 0.00826923 -0.000637272 0.00218558 0.00617733 -0.00226537 0.003663 0.00143805 0.00283688 -0.000865599 0.00799373 -0.000741525 -0.00078311 -0.00513308 -0.000634797 -0.00436828 -0.0004457 -0.00248169 0.000123762 -0.00500801 -3.67647e-05 0.00196037 0.00318878 -0.000516717 0.00507813 -0.000743044 -0.00276746 -0.000694444 5.84966e-05 -0.0009375 0.000276625 0.00340599 -0.00278515 0.000411523 -0.00386473 0.000343616 -0.000709579 0.00190998 0.000879491
internal_weight=32723 417 177 240 192 32306 23598 23469 1599 630 969 898 550 348 126 312 424 339 210 21870 957 292 665 579 129 8708 651 343 308 272 225 140 8057 318 235 7980 262 7718 371 7347 1228 605 623 6119 1185 979 4934 191 4743 1335 107 3408 879 722 356 366 242 206 3273 1962 1311 1335
internal_count=32723 417 177 240 192 32306 23598 23469 1599 630 969 898 550 348 126 312 424 339 210 21870 957 292 665 579 129 8708 651 343 308 272 225 140 8057 318 235 7980 262 7718 371 7347 1228 605 623 6119 1185 979 4934 191 4743 1335 107 3408 879 722 356 366 242 206 3273 1962 1311 1335
cat_boundaries=0 1 2 3 4 5
cat_threshold=5889 2341 904 9 6
is_linear=0
shrinkage=0.05


Tree=133
num_leaves=63
num_cat=5
split_feature=22 39 12 18 27 10 20 33 39 17 27 5 8 13 18 18 21 9 11 30 0 5 12 33 20 5 5 8 2 23 11 39 17 2 33 35 35 27 23 23 30 2 13 33 34 26 39 1 20 21 23 21 2 41 7 2 41 10 20 18 9 38
split_gain=2.06322 2.98036 2.76407 3.12272 2.65524 2.84204 2.48388 2.02094 8.07106 3.33359 4.86886 3.11688 3.13792 2.9344 2.84346 2.70157 2.70508 2.72888 2.70221 3.65619 2.64321 2.82748 4.21545 3.2345 2.62464 2.62228 2.92726 2.57902 2.90987 3.26473 2.55861 3.13983 4.08387 3.52981 3.41027 2.94407 3.55557 2.58622 2.88112 2.72699 2.53334 2.52643 2.6632 3.2175 2.65093 3.68902 4.10924 2.98137 3.05715 2.88988 2.76761 2.86248 2.62269 2.49507 2.48549 2.965 3.44979 2.49111 2.48498 2.47901 2.54835 2.4468
threshold=0.65429583457440998 0 18.500000000000004 1.1618361500028864 13.500000000000002 0.15489497040132563 -0.055055249651155123 27.350000000000005 1 -0.05301681313748307 39.500000000000007 8.6995199564078973 0.093685136230685612 1.4444472222222224 -0.20107182297941475 1.1988656332982739 3365.8350000000005 0.26789989027417777 19.500000000000004 36.100000000000001 0.14637938515217599 7.4668546563228038 60.500000000000007 25.478571428571431 -0.058098504895122534 9.0350340613542457 8.8973043728886889 0.82563494565888085 -0.24334614842774724 -0.53062825106217038 7.5000000000000009 2 0.71948537795134737 0.18074799234652475 28.764285714285723 0.25707766451228542 0.075386024738374205 30.500000000000004 0.027980913348228945 0.18232155679395459 37.95000000000001 0.23243266887662675 0.35517009345794398 34.335714285714296 1.0000000180025095e-35 42.500000000000007 3 -0.027974541697102669 -0.010579768578044831 452.08500000000009 0.052322238615942103 2200.8350000000005 0.031863771125697056 1218.8793103448277 6.5294656436522454 0.10337205023816944 6.3533452807646364 0.20484659062234736 -0.025731334840680058 0.83596990154201423 0.060691000881640686 4
decision_type=10 1 2 8 2 2 10 2 1 2 2 2 10 2 10 10 8 8 2 2 2 2 2 2 10 2 2 8 2 10 2 1 2 2 2 2 2 2 10 8 2 2 2 2 2 2 1 2 10 8 8 10 2 2 2 2 2 2 10 10 8 1
left_child=7 4 -3 6 5 -2 -4 8 9 11 14 12 -1 30 -11 16 -16 18 19 -18 21 40 -23 -24 -14 26 54 28 29 -15 31 33 35 34 -9 36 -33 38 -35 -39 -12 44 43 -43 49 46 50 -47 -49 -32 52 -52 -46 -42 -10 59 -57 -58 -31 60 -56 -44
right_child=1 2 3 -5 -6 -7 -8 13 25 10 20 -13 24 27 15 -17 17 -19 -20 -21 -22 22 23 -25 -26 -27 -28 -29 -30 58 41 32 -34 37 -36 -37 -38 39 -40 -41 53 42 61 -45 45 47 -48 48 -50 -51 51 -53 -54 -55 55 56 57 -59 -60 -61 -62 -63
leaf_value=7.0766351363450833e-05 0.0003179263270786007 -0.0057016314677522401 0.00098533157581768747 0.003714207729794786 0.00061782370520876376 -0.0042847296223890025 -0.0040221883422454285 -0.0021257762229786683 0.010305451826421756 0.003038164593117192 0.0015818972917362409 -0.00092995049877481737 0.0044161361672569515 0.0046716520473040991 0.0021148896706092552 0.0013963725836006321 0.0024142169583399489 0.0017822003171385752 -0.00061043470564340328 -0.00053193187997992739 -0.0023544522540636438 -0.0019902485066871584 0.0047394104638892078 -0.0001691829384878027 0.0016383715082521812 0.00042158488689966918 -0.0033368015436170233 -0.0034335489076617307 0.00019166757746141502 -0.0022719908495925272 0.0040165555949103066 0.00043671919669014525 -0.00070166552343275403 -0.0016986460016782364 -0.00035419800001906777 -0.0012659565353075151 0.0048944263593346769 0.0019681416112073478 0.0018691183976996728 -6.756808785371525e-06 0.0004733305227856545 -0.00092055114674050031 0.00026800403641137529 -0.0033645366176063563 -0.0016229441742187545 0.00050060713026894182 -1.362855731947832e-05 6.5491920216299184e-05 -0.0032377932757882578 -4.9890744632525093e-05 0.0013162910785333001 0.0052540867165318571 0.0025024350167599015 -0.00082724424021850739 -0.00055487076793577471 0.0017073997391262809 -0.0009508567175827631 -0.0066192533947493498 0.0016948614611223629 -0.00067872807605897896 9.1233412877187069e-05 -0.0009413677490193881
leaf_weight=296 104 94 49 46 322 82 203 161 42 80 96 81 146 159 159 112 85 96 220 51 127 184 45 195 623 258 104 52 2047 73 86 2189 233 144 599 58 41 147 57 128 112 145 334 76 76 64 387 44 56 17327 185 70 61 55 111 51 226 89 214 275 1104 1629
leaf_count=296 104 94 49 46 322 82 203 161 42 80 96 81 146 159 159 112 85 96 220 51 127 184 45 195 623 258 104 52 2047 73 86 2189 233 144 599 58 41 147 57 128 112 145 334 76 76 64 387 44 56 17327 185 70 61 55 111 51 226 89 214 275 1104 1629
internal_value=-2.67045e-05 -0.00238624 -0.00558313 -0.00334448 0.000192678 -0.00454545 -0.0055336 4.00113e-05 0.00096039 0.00276676 0.00131335 0.00483871 0.00555816 -0.00013225 0.00407338 0.0030732 0.00175654 -0.000220751 -0.0022409 0.00328467 -0.00141104 -0.000181686 -0.00270588 0.00165975 0.00724026 -0.00125495 -0.00187219 0.00148272 0.00171411 0.00536913 -0.000301465 0.000898084 0.00190561 -0.00116279 -0.00328515 0.0025557 0.00284626 0.00220126 -0.00210396 0.0053442 0.00388258 -0.000520909 -0.00212815 -0.00731982 -0.000329575 0.00225106 0.0036859 -0.00454545 -0.00990099 -0.00046945 0.00719603 0.0104492 0.00163043 0.00014881 -0.0014218 -0.00169628 -0.00572207 -0.00767405 0.00217014 -0.000704225 0.00026727 -0.00154022
internal_weight=32765 900 392 298 508 186 252 31865 5023 2763 1617 1146 1065 26842 803 723 611 452 356 136 814 687 424 240 769 2260 2002 2545 2493 446 24297 3757 2521 1236 760 2288 2230 476 201 275 263 20540 2184 221 18356 943 779 164 100 17413 392 255 137 167 1898 1856 366 315 287 1490 1215 1963
internal_count=32765 900 392 298 508 186 252 31865 5023 2763 1617 1146 1065 26842 803 723 611 452 356 136 814 687 424 240 769 2260 2002 2545 2493 446 24297 3757 2521 1236 760 2288 2230 476 201 275 263 20540 2184 221 18356 943 779 164 100 17413 392 255 137 167 1898 1856 366 315 287 1490 1215 1963
cat_boundaries=0 1 2 3 4 5
cat_threshold=693 6050 5408 5426 2
is_linear=0
shrinkage=0.05


Tree=134
num_leaves=63
num_cat=9
split_feature=31 39 33 8 31 9 33 5 4 23 11 15 41 36 25 39 8 6 4 5 42 39 33 18 11 25 4 3 33 31 39 33 29 39 42 27 4 22 11 1 42 27 25 3 44 23 5 39 6 20 22 8 42 8 8 3 8 15 42 42 11 23
split_gain=1.92941 5.01037 4.00324 3.65111 3.24507 2.98357 4.62865 3.30321 3.0666 2.92759 2.66398 3.75626 3.29814 4.53039 3.02295 3.29949 4.70818 3.11578 3.19148 3.08506 3.07404 2.87551 3.25514 3.31958 3.13622 3.89409 2.75038 3.78199 2.69796 3.87593 3.23707 2.71388 6.11105 2.43111 3.05601 4.48742 2.44939 2.40061 2.36854 2.36051 2.34118 2.99029 2.33631 2.73804 4.19441 2.74526 2.39562 2.86817 3.94107 2.71848 3.43949 2.57651 2.47936 2.86349 4.11028 2.34268 2.33023 2.32724 2.31198 4.49483 3.06472 2.27223
threshold=0.75000000000000011 0 40.342857142857149 0.66644076994202683 0.15000000000000005 0.10722729509744651 36.271428571428579 7.1396252906401232 0.51082598090872156 3.5491652450517446 81.500000000000014 0.40546510810816444 52.742727272727286 0.24677607814616678 1 2 0.25831625079767873 8.6217613307245102 0.1431008436406738 8.0696119958875716 0.92247596153846168 3 28.157142857142862 0.383906801306866 60.500000000000007 4 0.098407473412586391 -0.12062651051473815 29.521428571428572 194.70000000000005 5 27.035714285714292 1.0000000180025095e-35 6 0.87596153846153857 40.500000000000007 -0.29259094294269022 1.2657725148148478 75.500000000000014 -0.28768207245178118 0.88185443668993024 31.500000000000004 7 -0.03267835709738786 0.21111111111111114 -0.21523639524455015 9.2636526487721529 8 7.6560336283832342 0.026150741683116811 0.51442198529938754 0.082468179136491127 0.96850198412698429 0.22916885010661672 0.094423034881797749 -0.11122563511022364 0.021341350041206315 -0.79314436528356713 0.95275297619047628 0.89076704545454555 35.500000000000007 -2.0780634976288455
decision_type=2 1 2 10 2 10 2 2 2 10 2 2 2 2 1 1 8 2 2 2 2 1 2 8 2 1 2 2 2 2 1 2 2 1 2 2 2 10 2 2 2 2 1 2 2 8 2 1 2 10 8 10 2 10 10 2 8 2 2 2 2 10
left_child=1 4 3 42 5 6 7 -1 -7 10 14 12 28 -14 15 17 19 18 20 40 -2 22 23 -16 25 26 27 -24 30 -30 -12 32 -32 56 -35 38 -37 -23 -36 -13 -17 -42 43 44 46 -45 47 51 52 50 -50 -3 53 54 -49 -53 -6 -47 59 60 -27 -58
right_child=9 2 -4 -5 33 8 -8 -9 -10 -11 11 39 13 -15 21 16 -18 -19 -20 -21 -22 37 24 -25 -26 58 -28 -29 29 -31 31 -33 -34 34 35 36 -38 -39 -40 -41 41 -43 -44 45 -46 57 -48 48 49 -51 -52 55 -54 -55 -56 -57 61 -59 -60 -61 -62 -63
leaf_value=0.0011657064662599699 0.0039856171117378372 -0.0024386433616847749 0.002643844581795373 -0.0050358898967960159 -8.3718182799987062e-05 0.0010241635851544818 0.00028879323272051205 -0.00020591338081553395 -0.00090034150431360968 -0.0022573084008376426 -0.00046326156036827736 -0.0020828464641978088 0.0010704542885178138 -0.0015090649312090134 -0.00043808050672076656 0.0022546454122489112 -0.0035402944830815394 0.0064218701306181418 -0.0001683816178319933 -0.00029542971355480497 0.0014016128492495448 1.0644759203436682e-05 -0.0038875744337502302 0.00067696326790614263 -0.0021667707892524452 0.00074816455814838152 -0.0024189757059430664 8.7863605218019237e-05 1.8151670435416352e-06 -0.0033834735715401079 -0.0002348827724563664 0.0013659711409185447 0.0016283071323643526 -0.0020192764530999035 -2.0344609480830653e-05 -0.0028645998733154779 -0.00042312479235915304 -0.0069568001588293073 0.0020447647339189925 -2.7293621744257923e-05 -0.00050606844375430222 0.00090638103975838012 -5.570484532949299e-05 -0.0041016732335911439 -0.0029158592276854398 -0.0041837863581798505 -0.0049375513225615357 0.0016498170401118091 -0.0064153709083410509 -0.0075772898669357325 0.0022699302733460431 0.0016313414676137142 0.00083214684682062781 0.00046334030627133774 -0.0039043945142177502 -0.0002844794991719371 0.0010403388079105169 -0.00073227769443604289 -0.00082891600996500914 0.0065048795776273885 -0.001374193590055561 0.00014153273245831987
leaf_weight=78 74 49 72 104 49 994 222 419 76 130 210 71 1131 62 139 49 72 48 120 133 128 20421 44 115 195 97 107 94 845 76 126 473 85 167 209 49 163 50 83 831 47 44 1324 195 112 85 43 40 46 46 46 197 252 183 119 75 100 617 53 41 107 275
leaf_count=78 74 49 72 104 49 994 222 419 76 130 210 71 1131 62 139 49 72 48 120 133 128 20421 44 115 195 97 107 94 845 76 126 473 85 167 209 49 163 50 83 831 47 44 1324 195 112 85 43 40 46 46 46 197 252 183 119 75 100 617 53 41 107 275
internal_value=1.29938e-05 -0.00075886 -0.00199806 -0.0022425 0.000794473 0.00210894 -0.000381944 -0.00306225 0.00378151 0.00020405 0.000241481 0.00144464 0.00229312 0.00433417 2.9307e-05 0.00320248 -0.000351124 0.00643045 0.00479876 0.00264599 0.00862069 -7.80013e-05 -0.00269192 0.00215686 -0.00439783 -0.00243566 -0.00693359 -0.00251799 0.00094989 -0.000949024 0.00290503 0.00453237 -0.000117925 -0.0013458 -0.00318915 -0.00128713 -0.00680751 5.00439e-05 0.00273038 -0.00138427 0.00780142 0.00298913 -0.00196064 -0.00298913 -0.00144748 -0.00509465 -0.000501367 -2.37192e-05 -0.00174966 -0.00935252 -0.00430108 0.00384036 0 -0.00276968 -0.00765625 0.00586081 0.0016092 -0.00362731 0.00145631 0.00355691 0.000487805 0.00299202
internal_weight=32707 6489 3605 3533 2884 1789 719 497 1070 26218 26088 3910 3008 1193 22178 715 345 370 322 273 202 21463 992 254 738 543 245 138 1815 921 894 684 211 1095 671 504 212 20471 292 902 140 91 3429 2105 1208 897 1096 1053 732 138 92 321 594 342 159 272 424 702 298 245 204 375
internal_count=32707 6489 3605 3533 2884 1789 719 497 1070 26218 26088 3910 3008 1193 22178 715 345 370 322 273 202 21463 992 254 738 543 245 138 1815 921 894 684 211 1095 671 504 212 20471 292 902 140 91 3429 2105 1208 897 1096 1053 732 138 92 321 594 342 159 272 424 702 298 245 204 375
cat_boundaries=0 1 2 3 4 5 6 7 8 9
cat_threshold=670 4 5445 192 2953 2369 152 3078 4097
is_linear=0
shrinkage=0.05


Tree=135
num_leaves=63
num_cat=3
split_feature=31 12 10 42 31 0 25 3 42 35 42 41 12 35 8 7 5 3 13 19 33 25 9 3 4 19 38 12 31 2 31 10 19 3 31 1 23 10 7 7 11 9 4 27 13 41 42 2 0 11 16 41 18 13 13 5 4 4 19 31 27 41
split_gain=2.2931 2.98545 2.04219 3.39088 4.1994 3.54156 3.0982 4.46352 3.1914 3.44285 3.07266 2.99261 2.96406 3.12561 2.76413 2.63979 4.11046 3.56687 2.67688 2.62067 3.89392 2.61901 2.46154 2.90618 2.43295 2.4186 3.28364 2.69632 2.68852 2.39531 2.75296 2.32745 2.27904 2.65155 2.22253 2.45824 2.14567 2.13157 2.11761 2.32189 2.11681 2.10206 2.33002 2.21091 2.795 2.07201 2.07161 2.10543 2.01854 2.0102 1.91149 1.9112 3.04485 2.14592 1.89567 1.89538 1.88228 2.68351 2.23984 2.05033 2.61816 2.31308
threshold=405.94999999999999 30.500000000000004 0.17463434698263305 0.89076704545454555 154.55000000000004 0.40567836129921148 0 0.0084879179024430779 0.98319209039548039 1.198165279319093e-10 0.93798076923076934 241.03746300780202 88.500000000000014 0.082263787740238098 0.47771327728873553 8.340649115349871 8.135016225404728 0.34830669426821587 0.91770621097601068 0.039956913564101471 38.192857142857157 1 0.41854841191421771 0.42241676524109512 0.23684885760754917 -0.01860090302351421 2 44.500000000000007 275.2000000000001 0.28376836614561501 59.800000000000011 0.21421093201754629 -0.024667680705507549 0.58778666490212006 73.65000000000002 0.082887943896595498 0.19261633166479111 0.23131232070968502 7.699476493787575 7.9752771010515549 40.500000000000007 0.18820714520018453 0.74480069240981017 5.5000000000000009 1.1400005700005702 66.026587301587327 0.93700396825396837 0.020122088346207437 0.074589826003293794 44.500000000000007 0.058374985773246298 12.405458089668619 0.49141102776103934 0.80000029999985012 0.53333364444402975 7.867088452623368 0.68634791663256378 0.43175131979365849 0.04866349408937768 9.3500000000000032 12.500000000000002 315.24867788461546
decision_type=2 2 2 2 2 2 1 2 2 2 2 2 2 2 8 2 2 2 2 2 2 1 10 2 2 2 1 2 2 2 2 2 2 2 2 2 8 2 2 2 2 10 2 2 2 2 2 2 2 2 2 2 8 2 2 2 2 2 2 2 2 2
left_child=2 -2 -1 4 5 19 8 10 11 14 -8 -5 13 25 15 16 17 31 -17 20 22 55 23 24 -4 26 27 -9 41 30 -19 40 33 -31 -13 -36 -7 -12 -6 -40 -10 42 45 -43 -45 -28 47 -27 -3 -29 -18 52 -49 -53 -48 -21 57 59 -58 60 -56 -61
right_child=1 48 3 6 38 36 7 12 9 -11 37 34 -14 -15 -16 18 50 29 -20 21 -22 -23 -24 -25 -26 46 28 49 -30 32 -32 -33 -34 -35 35 -37 -38 -39 39 -41 -42 43 -44 44 -46 -47 54 51 -50 -51 -52 53 -54 -55 56 -57 58 -59 -60 61 -62 -63
leaf_value=2.3000000853030554e-05 0.004210415090708533 -7.1207161270552601e-05 -0.003145006442471841 -0.00034428446831694939 -0.0018000347202886857 -0.00062323214345570428 -0.00018937790882133932 0.0025593375998872693 -0.00028612319454409708 -0.00084075645703955086 0.00077800078992450346 0.0028431627344903138 -0.0020297034930836263 0.00097171986641044449 -0.0047838156314493965 -0.002622907605230429 0.0040234919756901612 0.0019179931161208219 0.0010713818519789823 0.0028571494914331709 -0.0027723568934022082 -0.0018612082552262356 -0.0045201803608499944 0.0027645881184893192 0.0013335534379200183 -0.005995649668077108 0.00052260493826586406 0.00081763993551451036 0.001843965774671226 0.0063304110564276874 -0.0009395750749482568 -0.0012185951276464354 0.0036443440202025886 -0.00035486405441047811 0.0017144286220277646 -0.00050283109293300311 -0.0087548374056263707 0.0050353411825517086 -0.0081876028979541871 -0.0035654167698172994 0.0048335329908506799 -0.0056088576616592535 0.002369944478600795 -0.002339156779159936 0.0014632984208698603 -0.0012226759860909627 -0.00014218904691329777 -0.00078077786309681296 0.00142215242199311 -0.0039613998015445876 0.00098831269601517982 -0.0040929901291631016 0.0042235362695582984 0.00055515453864703125 0.00061136513646873518 -0.00024629907860198897 -0.0021551527130869467 -0.0040541533571236453 0.0020430752241830719 -0.0019212568375212942 -0.0031797603829874302 0.0017359176456916592
leaf_weight=26222 40 162 71 1259 135 55 93 140 51 40 63 109 65 75 45 75 142 67 45 46 70 161 79 130 217 57 94 109 41 44 72 175 85 41 82 104 99 57 63 128 41 61 43 222 74 161 256 60 66 47 83 43 54 59 42 84 91 183 81 103 138 65
leaf_count=26222 40 162 71 1259 135 55 93 140 51 40 63 109 65 75 45 75 142 67 45 46 70 161 79 130 217 57 94 109 41 44 72 175 85 41 82 104 99 57 63 128 41 61 43 222 74 161 256 60 66 47 83 43 54 59 42 84 91 183 81 103 138 65
internal_value=4.92932e-05 0.00464684 1.14686e-05 -0.000783663 -0.00302465 -0.00143139 -0.000199494 -0.00142002 0.00103073 0.00322741 0.00549065 -0.000385852 -0.00205074 -0.00175 0.00382627 0.00441974 0.00545511 0.00320624 -0.00247934 -0.000174622 0.00180458 -0.00402397 0.00336345 0.0048926 0.00207612 -0.00208989 -0.000251762 0.00407166 -0.00212164 0.00685484 0.00196429 -0.00102612 0.0108187 0.00494186 0.00413851 0.000802139 -0.0083871 0.0107438 -0.00795107 -0.0113281 0.00537634 -0.00293445 0.000167224 -0.00551676 -0.0037037 -0.00166016 -0.00356853 0.000273723 0.00240175 -0.000318471 0.0111726 0.00253456 0.00695652 -0.00242718 -0.00466146 0.00141844 -0.00600142 -0.0074718 -0.00144509 -0.00487106 -0.00856354 -0.000887574
internal_weight=32965 268 32697 6475 1338 1012 5137 2577 2560 1006 213 1554 2364 2299 966 921 801 576 120 858 567 291 497 418 288 2224 992 296 696 309 139 267 170 85 295 186 154 120 326 191 92 655 298 357 296 255 1232 273 228 156 225 216 114 102 959 130 703 531 172 348 180 168
internal_count=32965 268 32697 6475 1338 1012 5137 2577 2560 1006 213 1554 2364 2299 966 921 801 576 120 858 567 291 497 418 288 2224 992 296 696 309 139 267 170 85 295 186 154 120 326 191 92 655 298 357 296 255 1232 273 228 156 225 216 114 102 959 130 703 531 172 348 180 168
cat_boundaries=0 1 2 3
cat_threshold=2408 2073 8
is_linear=0
shrinkage=0.05


Tree=136
num_leaves=63
num_cat=5
split_feature=33 39 4 20 12 12 27 25 13 41 30 27 8 42 8 33 7 12 19 0 4 41 18 3 4 21 13 25 17 17 42 17 27 19 3 16 18 41 5 42 8 18 16 39 7 30 31 40 41 31 22 33 41 31 25 13 3 17 6 30 21 41
split_gain=1.95242 8.15142 4.80671 4.23723 3.54117 3.80169 3.15106 3.08601 3.86586 3.07337 3.51648 3.05258 2.80506 3.66947 2.36007 2.27591 2.18263 2.15467 2.66109 3.03402 2.22976 3.97878 2.13299 3.1644 3.33019 2.85996 2.1089 2.00888 2.70087 2.61482 2.67765 3.5132 2.43017 2.33402 2.31851 2.21002 2.67281 1.87464 2.58657 2.86063 2.01385 1.85244 1.70315 1.61612 4.10441 5.03475 5.92721 5.01338 3.7278 3.55946 6.90984 4.03225 3.45849 3.45616 5.04958 5.28481 3.77771 3.4153 3.40535 4.33757 4.80022 3.84746
threshold=26.87857142857143 0 -0.12516314295400607 -0.046191814056790244 19.500000000000004 34.500000000000007 28.500000000000004 1 0.38095333333333342 4.3017370470200662 76.250000000000014 42.500000000000007 0.41067274679472049 0.90990259740259749 0.29028167355832835 26.778571428571436 8.3532359786587698 78.500000000000014 0.0084575181812690716 -0.042835249097480592 0.3498132511473338 66.941004962779161 0.45214599582960185 0.055571241116254562 0.021506205220963807 3870.0000000000005 0.72632688503597376 2 0.95081753144107184 0.15815277981702583 0.83063885267275106 -0.05301681313748307 20.500000000000004 -0.01860090302351421 0.077069868390808885 -0.046505968915503175 0.1124355782581386 14.854248623131395 7.1267060748372701 0.92084377610693413 0.11847632369629973 -0.54904179363459116 -0.32542240043462861 3 8.1951643506347285 31.450000000000006 93.750000000000014 1.5000000000000002 301.62152777777777 208.75000000000003 -0.039891272868526111 27.478571428571435 688.93334173387109 20.250000000000004 4 1.0816561360250683 0.51531675065147209 1.332267629550188e-15 7.6064394289070592 46.150000000000013 3306.2500000000005 3.1053588516746413
decision_type=2 1 2 10 2 2 2 1 2 2 2 2 8 2 10 2 2 2 2 2 2 2 10 2 2 8 2 1 2 2 2 2 2 2 2 2 10 2 2 2 10 10 2 1 2 2 2 2 2 2 10 2 2 2 1 2 2 2 2 2 10 2
left_child=1 2 9 11 6 42 -4 8 -7 10 -1 -3 14 -14 15 27 -11 18 19 -9 21 -20 23 24 -19 -24 -13 37 29 30 -29 33 -31 34 -32 -33 -37 40 39 -39 -5 -42 -6 52 45 49 -47 -46 58 53 51 -51 -2 56 55 -55 -45 -57 -48 60 -60 -61
right_child=43 3 4 12 5 7 -8 17 -10 16 -12 26 13 -15 -16 -17 -18 22 20 -21 -22 -23 25 -25 -26 -27 -28 28 -30 32 31 35 -34 -35 -36 36 -38 38 -40 -41 41 -43 -44 44 47 46 48 -49 -50 50 -52 -53 -54 54 -56 57 -58 -59 59 61 -62 -63
leaf_value=0.0019418397657918398 3.4074902666082613e-05 -0.00066037568272967612 0.00039911444631021161 0.00024015119710122705 0.0027359839497740727 0.0032675625960932931 -0.0024445554572468092 -7.2505123706690695e-05 -0.0024544669680142779 0.0029603985672044153 -0.0042348661965141672 0.00062433136623044863 -0.0036521927649210205 0.0061476733343744537 -0.0038896249940953971 0.00072594691138178286 0.00013929925604876 0.00234486745885604 0.0037021682983889971 0.0026034510625294266 -0.0025693619483738487 -0.00027328043520423836 -0.00032734538011753309 -0.0013092824206575289 -0.00058208177303505201 0.0016948307699042077 0.0041809920728198419 -0.0018145928404144709 -0.003005973531363065 0.0015362523636974492 0.0002700008228325425 -0.0031825299011000799 0.00011180167953581573 0.0015223593557512575 -0.0023384610742693914 -0.0024970410663744604 0.0011937673847160939 -0.0013484659951722685 -0.0013045894220141182 0.00018996418210322739 0.00032090716426273725 -0.0029966450353560064 0.0018093607194309899 -0.00011211685682840506 -0.001781158531735918 0.0026687220625680403 0.0020998253347874916 -3.8514273489732242e-05 -0.00023698726625106766 0.0019355240042891538 -0.0058362742078586025 -0.00079549973522770431 -0.00057003676917089527 -0.0012478053885629043 0.00069386102392354038 -0.00013522831491864646 -0.003929568949401884 0.0016338952070324619 -0.0035973681042618653 -0.001311228309523661 0.00092883215723206763 0.0012562777968101839
leaf_weight=72 15214 75 86 73 52 43 96 69 137 332 41 62 47 74 96 96 73 42 49 181 49 53 40 111 46 48 83 51 61 59 91 42 177 73 46 53 53 53 261 123 43 60 134 5647 899 303 476 1014 710 94 163 348 643 736 1531 100 274 124 169 138 88 515
leaf_count=72 15214 75 86 73 52 43 96 69 137 332 41 62 47 74 96 96 73 42 49 181 49 53 40 111 46 48 83 51 61 59 91 42 177 73 46 53 53 53 261 123 43 60 134 5647 899 303 476 1014 710 94 163 348 643 736 1531 100 274 124 169 138 88 515
internal_value=-7.16616e-05 0.00102578 0.00345609 -0.00128824 0.0017785 0.002891 -0.00464481 0.00149597 -0.00418848 0.00751445 0.000219298 0.00520362 -0.00217391 0.00512295 -0.00276124 -0.00224223 0.00954433 0.00300429 0.00541045 0.00856574 0.000164474 0.00436893 -0.000260417 -0.003125 0.00393258 0.00617978 0.00941781 -0.00278409 -0.000906555 3.86997e-05 -0.00237805 -0.000835655 0.00421941 0.00331754 -0.000543478 -0.00671141 -0.00280374 -0.00484776 -0.00667808 -0.0019774 -0.000564972 -0.00504808 0.00935829 -0.000207284 -0.000612819 -0.000254007 0.00178125 -0.00275601 0.000834526 -0.000795631 -0.0044967 -0.00124153 0.000133917 -0.000528943 0.00103331 -0.00180227 -0.00118625 0.00488889 0.00234319 0.000548847 -0.00494186 0.00271407
internal_weight=32792 3606 1754 1852 1236 1054 182 868 180 518 113 220 1632 121 1511 1415 405 688 401 250 151 102 287 199 88 88 145 1319 706 645 409 358 236 210 137 148 106 613 437 176 176 103 186 29186 13329 11416 2399 1913 2096 9017 605 442 15857 8412 2491 960 5921 224 1386 910 257 653
internal_count=32792 3606 1754 1852 1236 1054 182 868 180 518 113 220 1632 121 1511 1415 405 688 401 250 151 102 287 199 88 88 145 1319 706 645 409 358 236 210 137 148 106 613 437 176 176 103 186 29186 13329 11416 2399 1913 2096 9017 605 442 15857 8412 2491 960 5921 224 1386 910 257 653
cat_boundaries=0 1 2 3 4 5
cat_threshold=5954 1057 2337 2733 480
is_linear=0
shrinkage=0.05


Tree=137
num_leaves=63
num_cat=2
split_feature=41 22 30 20 1 42 2 4 21 15 42 6 8 26 23 21 18 41 27 31 41 15 7 39 21 22 7 26 22 8 39 26 33 19 19 17 27 7 31 30 19 42 42 31 33 30 26 20 18 19 11 23 2 8 0 7 27 30 15 10 31 11
split_gain=2.12692 3.67743 4.01885 1.95541 1.80017 2.45159 2.90598 2.75586 2.31755 2.52645 2.2579 2.25692 2.98496 2.24663 2.51221 2.22639 2.99656 2.17767 2.45867 3.7774 2.17517 2.11506 2.34392 2.0577 3.4465 3.44617 3.84272 2.86043 3.79702 3.70661 3.09753 4.27263 2.59953 2.50416 2.7397 3.5115 2.41708 2.90345 2.38473 3.01083 3.96322 3.61293 2.72489 2.23031 2.5556 2.74628 2.65857 2.18033 2.04493 2.10822 2.04315 2.20044 2.6281 1.99336 1.98799 2.65128 3.35327 3.0512 1.95425 2.8857 1.95161 1.93726
threshold=1.0884033613445381 -0.40546528667962484 10.750000000000002 0.013908127292473453 0.0064768870366465068 0.96693989071038267 1.1254143692523486 0.91629073187415544 6006.2500000000009 -0.35713357617402947 0.95875850340136071 6.5081199683551487 0.42480303328175523 6.5000000000000009 -0.32230940474710584 676.00000000000011 0.30793628949677349 5706.0234451450206 11.500000000000002 186.45000000000002 39.686097427476746 -3.780465732499048 7.4203806191301931 0 12025.000000000002 0.15951880586747758 7.1613492535117773 47.500000000000007 -0.83921699195796584 0.05766492255617995 1 49.500000000000007 29.407142857142862 0.033347232585229022 0.0056620752731410869 0.135862684472037 6.5000000000000009 9.077505566663854 220.34999999999999 17.350000000000005 -0.042139784641283658 0.99230769230769245 0.71767001114827222 268.55000000000007 27.56428571428572 108.65000000000002 29.500000000000004 -0.036119625537512835 1.4499957414886873 0.068743570925725445 84.500000000000014 1.0000000180025095e-35 1.0000000180025095e-35 0.20107029885622948 -0.63932534042946088 8.1605826951034022 53.500000000000007 0.8500000000000002 0.081770950546220314 0.050640500382637128 0.65000000000000024 27.500000000000004
decision_type=2 10 2 10 2 2 2 2 8 2 2 2 10 2 10 8 8 2 2 2 2 2 2 1 10 10 2 2 8 10 1 2 2 2 2 2 2 2 2 2 2 2 2 2 2 2 2 10 10 2 2 10 2 8 2 2 2 2 2 2 2 2
left_child=1 -1 3 -3 21 6 10 17 9 -9 11 12 -6 14 -12 16 -13 -7 -19 -20 -15 22 -2 38 25 27 33 28 54 -29 31 47 -32 34 35 -27 37 -30 -23 40 -40 42 -41 48 46 -46 -45 -31 -38 -50 51 58 -53 -10 -25 56 57 -56 -28 -60 -51 -48
right_child=4 2 -4 -5 5 7 -8 8 53 -11 13 15 -14 20 -16 -17 -18 18 19 -21 -22 23 -24 24 -26 26 50 29 36 30 32 -33 -34 -35 -36 -37 43 -39 39 41 -42 -43 -44 44 45 -47 61 -49 49 60 -52 52 -54 -55 55 -57 -58 -59 59 -61 -62 -63
leaf_value=0.0041654110538798641 -1.9575300510621746e-05 -0.00088585860530978613 0.0014063924659178852 6.833364449963042e-05 0.0023588982980247276 3.6378326689900931e-07 -0.016264337904396447 0.00012493301814590422 -0.003541849884994671 0.0049742345580527812 0.0014816723075810096 -0.0012862765011377197 -0.0023987132421041907 -0.0062647865601441234 -0.00065604653011237107 -0.00016068473972995732 0.0041021248080789271 0.0046264332114249488 -0.00075013423404745271 0.0027429932040418763 -0.0010575184384657393 9.5939476824274784e-05 0.003819011739072513 0.0080585399429544905 -0.0028195086183166263 -0.00025606912411935899 0.00020554329195180202 -0.0022935483043413705 0.00059755237099725668 -0.00016893095344442944 0.00092269515141146438 0.00024863809150867908 -0.00132045166992915 -0.0006293059275719635 0.0015515621183079429 0.00088078138773603422 -8.7835496531599218e-05 -0.0035082203586386087 0.00048819743493856401 -0.0028582875965722019 -0.0051875602421722128 0.00096406303866294419 -1.8398297176947231e-05 -8.8867264183811059e-05 -0.00023747924732791528 0.0025968269607279056 0.00070230294483884358 -0.0089759700292366164 -0.00020031860581761594 -0.00094376626855124034 -0.0044145046035791967 -0.0017999025510085911 8.6533237878579092e-05 0.0010801039387216833 -0.0033626380830928623 -0.0027010635863507467 0.0079257335638446003 0.0053200020791613874 -0.00029472863668427948 -0.0082467186625406492 0.0034645208082078891 0.0025537790218346144
leaf_weight=59 61 63 85 57 227 5875 61 57 41 109 43 53 57 42 111 8100 72 45 50 49 60 6037 68 73 72 168 270 99 1114 49 206 124 64 210 66 92 5510 44 45 82 110 88 894 109 256 43 147 92 144 49 42 258 95 85 72 51 59 51 126 50 135 120
leaf_count=59 61 63 85 57 227 5875 61 57 41 109 43 53 57 42 111 8100 72 45 50 49 60 6037 68 73 72 168 270 99 1114 49 206 124 64 210 66 92 5510 44 45 82 110 88 894 109 256 43 147 92 144 49 42 258 95 85 72 51 59 51 126 50 135 120
internal_value=6.69772e-05 0.0045283 0.00133495 -0.00454545 3.06909e-05 -0.000368279 -0.00090631 0.000384189 0.00511945 0.00898204 -0.000829911 -0.000690364 0.00368421 -0.00544747 -0.0016129 -0.000841843 0.00575397 0.000153654 0.0062069 0.00175 -0.011165 0.000376877 0.00673077 0.000329156 -0.000134048 -5.50606e-05 -0.00237663 0.000316419 0.000573452 -0.00291339 -0.00125933 -0.00498188 0.0024911 0.000931099 0.00366972 0.001341 0.000355188 0.00245902 0.000970139 -0.00104508 -0.00753205 -9.38967e-05 -0.000972364 -1.91894e-05 0.0026997 -0.00075 0.00543767 -0.0110915 -0.000333961 0.00349544 -0.00448337 -0.00390625 -0.00685028 0 0.00602606 0.00373932 0.00655738 0.00181452 -0.001566 -0.00564972 0.00702703 0.00811567
internal_weight=32846 264 205 120 32582 15137 8826 6311 292 166 8765 8509 284 256 154 8225 125 6019 144 99 102 17445 129 17316 10060 9988 1377 8611 7977 634 535 265 270 536 326 260 7671 1158 7256 1219 155 1064 976 6513 675 299 376 141 5838 328 841 799 353 126 306 233 182 123 446 176 184 267
internal_count=32846 264 205 120 32582 15137 8826 6311 292 166 8765 8509 284 256 154 8225 125 6019 144 99 102 17445 129 17316 10060 9988 1377 8611 7977 634 535 265 270 536 326 260 7671 1158 7256 1219 155 1064 976 6513 675 299 376 141 5838 328 841 799 353 126 306 233 182 123 446 176 184 267
cat_boundaries=0 1 2
cat_threshold=4785 2312
is_linear=0
shrinkage=0.05


Tree=138
num_leaves=63
num_cat=7
split_feature=13 26 39 9 41 22 2 5 12 39 22 18 26 3 27 26 5 11 9 27 3 22 18 20 4 41 4 9 35 39 5 18 15 0 29 30 39 30 5 4 26 20 26 38 5 2 4 12 26 39 15 10 20 26 39 12 33 27 26 17 10 27
split_gain=2.23978 2.66866 3.51928 3.24692 3.83474 2.60813 2.42038 3.76029 2.46969 3.14434 4.31829 5.58546 3.09525 2.77551 3.37046 2.69084 2.89584 2.66897 2.6103 2.57087 5.21457 2.52985 3.09861 2.93641 3.03518 2.52979 2.52594 2.41186 3.70254 3.52887 2.31944 2.25537 2.48636 2.89794 2.52818 3.40396 3.10526 2.88812 2.77348 2.70672 3.37603 4.04299 2.72502 4.36427 2.5842 2.51907 2.30928 2.26168 2.23105 2.7241 3.40005 2.44737 2.82984 2.57877 4.71116 3.81886 3.71512 9.94869 3.96139 3.34417 3.34446 2.98403
threshold=0.57796355391444487 51.500000000000007 0 0.11919683769291625 84.049617277200667 0.57982041832616715 0.63758562421369069 6.6420024002935572 48.500000000000007 1 -0.021977819761071989 0.86831013667906654 24.500000000000004 0.20381898045918814 55.500000000000007 49.500000000000007 6.4593655692695915 47.500000000000007 0.32241404449239797 28.500000000000004 0.014061784907510423 -0.16251202171185578 0.87879373075597722 -0.018403330321166967 -0.09096935345359157 19.441020733652319 1.2080266387495773 0.081886355795737401 0.67474105889484193 2 8.1498615157715424 -3.1514693917031988 -0.98082925301172574 -0.71026080041244855 1.0000000180025095e-35 97.250000000000014 3 139.00000000000003 6.6083176282128608 -0.12516314295400607 48.500000000000007 0.0057348209617178762 22.500000000000004 4 6.4196313136845884 -0.051292268071787987 0.61547247011501283 56.500000000000007 47.500000000000007 5 -1.0000000180025095e-35 -0.49765555784308896 0.013908127292473453 19.500000000000004 6 3.5000000000000004 30.650000000000002 37.500000000000007 34.500000000000007 0.43075543827584123 0.14558401118624789 47.500000000000007
decision_type=2 2 1 10 2 8 2 2 2 1 8 8 2 2 2 2 2 2 10 2 2 8 10 10 2 2 2 8 2 1 2 8 2 2 2 2 1 2 2 2 2 8 2 1 2 2 2 2 2 1 2 2 10 2 1 2 2 2 2 2 2 2
left_child=31 6 5 -4 -5 -3 8 -8 15 13 30 26 19 21 17 27 -17 -15 -18 20 -13 23 -23 24 -10 -26 -12 29 48 -2 -11 -1 -33 -34 37 36 46 38 44 40 41 -38 43 45 -35 -43 -36 -37 51 50 -50 52 -29 -53 56 -56 58 -58 59 60 61 -55
right_child=1 2 3 4 -6 -7 7 -9 9 10 11 12 -14 14 -16 16 18 -19 -20 -21 -22 22 -24 -25 25 -27 -28 28 -30 -31 -32 32 33 34 35 47 39 -39 -40 -41 -42 42 -44 -45 -46 -47 -48 -49 49 -51 -52 53 -54 54 55 -57 57 -59 -60 -61 -62 -63
leaf_value=0.0017717943660864614 0.0018826134452995227 0.0018394864943544317 -0.0040243046875998003 -0.0030275809958827233 0.0010088750674131356 -0.00016525935195290878 -0.010158784145828926 -0.00057967897029811315 7.3700240823531245e-05 0.00034499975222202438 -0.00013874389668976848 -0.0037141704540403862 -0.0017156463808489536 0.00059627990733473405 -0.0031220867651800916 -0.0013244088129518222 0.00156060779588737 -0.002798011152444835 0.012499755481493704 0.00060271521114736444 0.00049193483608797953 0.00013408697113809553 0.00053115047522651285 0.00022053463874840279 -0.00033404332096567587 -0.0026487167292584763 0.0057781634374261493 0.00073199545262355066 -0.0046158998188809636 4.6934638674368188e-05 -0.00076192879527427638 -0.00046650262559342801 0.0076371298400680137 0.00020113015662982334 -0.0011867555434604672 0.0060324953048092149 -0.00015542053945420418 -0.00093812703010582904 7.0634355471462058e-06 1.1031570510593864e-05 0.0039558254168582862 0.0012723060728377464 -0.0047311431971404725 -0.0037409763479070053 0.0062479523100298882 -0.00085782816068842658 0.00080248186045896045 -1.8172302476164583e-05 -0.0017316931970230071 -0.0033714504525869287 0.002031965843616289 -3.8366313792498162e-05 0.0058704899610507377 -6.4059921016816976e-05 0.001677895417763791 3.2404643196648861e-06 0.0069830109684598232 -0.0018101090225333242 0.002280067535960661 -0.0030137191340839989 -0.0032364980637738629 0.0055865519654545491
leaf_weight=136 131 45 40 118 55 62 48 396 131 2125 3152 85 413 387 151 40 167 121 45 201 85 1618 392 796 42 90 51 239 68 633 406 1199 57 62 630 48 482 123 6920 1763 42 69 106 140 55 75 55 41 45 198 61 3780 136 65 311 2883 203 87 550 77 53 43
leaf_count=136 131 45 40 118 55 62 48 396 131 2125 3152 85 413 387 151 40 167 121 45 201 85 1618 392 796 42 90 51 239 68 633 406 1199 57 62 630 48 482 123 6920 1763 42 69 106 140 55 75 55 41 45 198 61 3780 136 65 311 2883 203 87 550 77 53 43
internal_value=4.56913e-06 0.000318112 -0.00420561 -0.00770089 -0.00502874 0.00317797 0.000388911 -0.00325843 0.000469794 -7.31922e-05 -0.000735181 -0.00176153 -0.0055414 0.00108318 -0.00185606 0.00103657 0.00612648 9.82318e-05 0.0084507 -0.00221774 -0.00672515 0.00171824 0.00275982 -0.000259434 -0.00482955 -0.0101504 -0.000834894 0.000901819 0.000667614 0.00359477 0.000878752 -0.000539404 -0.000612993 -0.000370232 -0.000431116 -0.00154258 -0.00179899 0.000104734 0.000237994 -0.00101376 -0.00322404 -0.00389462 -0.00767263 -0.00508772 0.00783898 0.00129032 -0.0047773 0.00805556 0.000758704 -0.00344262 0.00299145 0.000910655 0.00485372 0.000726437 0.00156799 0.000592824 0.00440771 0.00927835 0.0026616 -0.00271967 0.00138889 0.00642202
internal_weight=32828 20825 320 213 173 107 20505 444 20061 10246 6518 3987 784 3728 659 9815 252 508 212 371 170 3069 2010 1059 263 132 3203 9563 8799 764 2531 12003 11867 10668 10611 3451 3362 7160 7037 2677 914 872 390 284 117 144 685 89 8731 304 106 8427 375 8052 4272 3194 1078 290 788 238 161 108
internal_count=32828 20825 320 213 173 107 20505 444 20061 10246 6518 3987 784 3728 659 9815 252 508 212 371 170 3069 2010 1059 263 132 3203 9563 8799 764 2531 12003 11867 10668 10611 3451 3362 7160 7037 2677 914 872 390 284 117 144 685 89 8731 304 106 8427 375 8052 4272 3194 1078 290 788 238 161 108
cat_boundaries=0 1 2 3 4 5 6 7
cat_threshold=691 4265 4609 418 3 1666 2336
is_linear=0
shrinkage=0.05


Tree=139
num_leaves=63
num_cat=6
split_feature=14 23 15 15 20 17 25 40 30 1 42 17 15 15 17 17 13 15 26 31 20 6 2 22 35 35 41 14 37 35 25 31 30 22 40 38 20 22 13 20 42 20 25 42 27 15 22 25 30 17 5 17 5 26 14 22 24 20 31 15 30 41
split_gain=2.40068 2.75144 2.832 3.00602 3.00953 2.59905 3.1123 3.85786 4.40342 4.22521 3.95395 3.93293 3.70618 3.43192 2.94731 3.1714 3.03565 3.70642 2.93209 3.49767 2.83693 2.76293 2.64829 3.49913 2.98853 2.80056 2.82456 2.64132 3.06382 2.58034 2.56138 3.10239 2.5204 2.79561 2.51181 2.49998 3.45564 2.48542 2.4597 2.99393 2.45967 2.44741 2.39625 2.36053 2.34218 2.3078 2.2893 2.2842 2.77014 3.53306 3.17156 3.04331 2.50586 2.27086 2.32726 2.26874 2.62382 2.26661 3.40905 2.24671 2.22908 2.48925
threshold=-0.73642341430766189 0.28092990466691786 -0.86186654560334819 -0.94893256002387349 -0.10344842382566435 -0.044302598652266038 0 1.5000000000000002 107.00000000000001 -0.49643688631389121 0.93700396825396837 -0.30353806144086642 0.80605051492679214 -0.57135380426666693 -0.99442471517851083 -0.45188066831301382 0.60000015789482009 -0.37469344944141075 34.500000000000007 101.90000000000002 -0.073992866587677272 8.4078268070567326 0.068993317915722066 1.120838169953527 0.33358839033138693 0.075386024738374205 4427.8818070818079 -0.03222153208896205 18.500000000000004 2.9765057257934168e-10 1 14.35 43.150000000000013 -0.196709424681593 2.5000000000000004 2 0.0038320567924961103 -0.71556746849096398 0.60385208791764688 0.025481216168285314 0.96899038461538478 -0.016816688104146198 3 0.9291979949874688 41.500000000000007 0.36245973267816339 -0.64857120981557481 4 28.650000000000006 0.20538342958199721 7.0238435800113121 0.029024842958255363 8.5595045776913388 33.500000000000007 -1.0000000180025095e-35 -0.55961486201035404 5 0.01228252252254068 68.850000000000023 -0.77318988823348156 1.0000000180025095e-35 33.695830797321982
decision_type=2 10 2 2 10 2 1 2 2 2 2 2 2 2 2 2 2 2 2 2 10 2 2 10 2 2 2 2 8 2 1 2 2 10 2 1 10 8 2 10 2 10 1 2 2 2 10 1 2 2 2 2 2 2 2 8 1 10 2 2 2 2
left_child=1 2 3 4 -1 6 13 8 21 -9 11 32 37 34 -15 16 -16 -18 38 20 -20 -8 27 24 25 26 47 28 -7 -28 31 -3 35 -34 -2 -11 -37 -12 -17 -40 -5 -6 45 -19 -22 -4 -32 48 49 -24 -50 52 -52 -36 -55 -39 -57 -58 -59 -29 -23 -62
right_child=5 30 42 40 41 22 7 9 -10 10 12 -13 -14 14 15 18 17 43 19 -21 44 60 23 -25 -26 -27 29 59 -30 -31 46 -33 33 -35 53 36 -38 55 39 -41 -42 -43 -44 -45 -46 -47 -48 -49 50 -51 51 -53 -54 54 -56 56 57 58 -60 -61 61 -63
leaf_value=-0.0073504523240281623 -0.0011722328456971302 0.00077944724496638697 -0.0012299741384777893 0.0011840067643774598 0.00067305566762736581 0.0010947091216929963 0.00043939488058365316 0.0085290974187740756 0.0029774159458699312 9.5311384631745585e-05 -0.0017403020572819097 5.8990156916066359e-05 -0.0013496594145078963 -0.0034920736425292638 0.0012962495598398578 -0.0004571541785027642 0.0023078689575551066 0.00012769609062442182 0.0036475818095584598 0.0022297886221991511 0.0001708512073362513 -0.0039574742034131586 0.00010351704416893815 -0.0058692831847307007 -0.0025059843218255429 0.0019033704610667695 0.00018567662659327126 -0.0010846951597882442 -0.00013609546681938317 -0.00063352395925719016 -0.0041731924855094868 -0.0021757838768536888 -0.0033274811814702088 -0.00023496418294496663 0.00024875179559057721 -0.0022889105155784921 -0.00016411931592956358 0.0051795440776010553 -0.00021052400514185341 0.0019555436425445897 -6.5456074770580506e-05 -9.433014271857509e-05 -8.1744742421706329e-05 -0.0027285695981058805 -0.0018207381056097401 0.00098952432880735947 -0.001031628560125238 -4.6695915063962177e-05 -0.0036335710718115241 -0.001630425943259422 -0.00061807627603561424 0.00033209225962654051 -0.0025510380449530372 0.00012241896762108274 -0.0025819814985940351 0.00071472323603437207 -0.00022039385207757315 0.0018616097759559976 -0.00018694329986375011 7.2360430663167419e-05 -0.0018532458244124525 0.00054453487869509287
leaf_weight=68 455 157 303 95 475 75 3394 57 197 200 63 666 76 54 167 524 62 64 57 73 309 75 255 81 56 91 56 113 3082 75 42 79 122 48 235 130 146 45 440 247 49 1100 785 84 51 48 390 4489 49 475 147 518 40 51 53 509 421 147 135 9965 105 60
leaf_count=68 455 157 303 95 475 75 3394 57 197 200 63 666 76 54 167 524 62 64 57 73 309 75 255 81 56 91 56 113 3082 75 42 79 122 48 235 130 146 45 440 247 49 1100 785 84 51 48 390 4489 49 475 147 518 40 51 53 509 421 147 135 9965 105 60
internal_value=1.52994e-06 -0.00121798 -0.000555746 0.000685123 7.60341e-05 0.000152114 0.000829571 0.0014303 0.00245955 9.03832e-06 -0.000276855 -0.00224676 0.0015748 -0.000527749 0.000515706 0.000817701 0.00496032 0.000947867 -0.00010282 0.00315682 0.0013756 0.00206327 -0.000177586 -0.00101847 -0.000883717 -0.000778728 -0.000909091 0.000224766 -0.00103705 -0.00814394 -0.00411061 0.000202429 -0.00502318 -0.0102339 -0.00333333 -0.00314465 -0.00609756 0.00219531 -0.00142327 0.000545058 0.00758621 0.000523477 -0.0025066 -0.0033557 -0.000277008 -0.00587017 -0.00632054 -0.000749079 -0.00244147 -0.00465116 -0.000331126 0.000531161 -0.00492021 -7.35294e-05 -0.00619048 0.00268283 0.00226711 0.000245098 0.00371025 0.000620101 -0.00311203 0.000150602
internal_weight=32680 3591 2923 1787 1643 29089 9522 6596 3831 2765 2708 1312 1396 2926 2132 2078 377 210 1701 490 417 3634 19567 6332 6251 6195 6104 13235 3157 131 668 236 646 170 794 476 276 1320 1211 687 144 1575 1136 148 360 351 432 5973 1484 730 754 705 187 339 104 1257 1212 703 282 10078 240 165
internal_count=32680 3591 2923 1787 1643 29089 9522 6596 3831 2765 2708 1312 1396 2926 2132 2078 377 210 1701 490 417 3634 19567 6332 6251 6195 6104 13235 3157 131 668 236 646 170 794 476 276 1320 1211 687 144 1575 1136 148 360 351 432 5973 1484 730 754 705 187 339 104 1257 1212 703 282 10078 240 165
cat_boundaries=0 1 2 3 4 5 6
cat_threshold=2186 2104 1 2160 1600 20
is_linear=0
shrinkage=0.05


Tree=140
num_leaves=63
num_cat=11
split_feature=10 39 21 21 25 26 24 33 7 26 19 11 39 6 19 10 25 31 41 6 26 21 33 33 33 12 19 20 9 39 9 25 11 41 25 39 31 5 21 7 4 31 33 39 42 22 12 21 3 31 20 21 6 9 23 4 10 31 22 33 5 39
split_gain=2.28195 3.11321 3.13002 3.05474 4.25764 3.4378 2.88846 2.83601 3.50231 2.67305 2.923 2.49706 3.87508 3.1632 4.29394 4.04239 4.34482 3.91443 3.44135 3.71797 3.21962 3.20544 2.82818 3.23009 2.78384 3.62889 2.76317 2.69202 2.65642 2.64438 2.60902 2.45529 2.42053 3.24169 4.46474 3.6798 3.07814 2.96584 3.01256 3.70142 3.42187 2.95306 2.88353 3.34516 3.18143 3.97043 3.10784 2.76436 2.75853 3.41991 2.68302 2.52569 2.37644 2.36006 2.5233 2.378 2.76729 2.35979 2.35901 2.3111 2.28911 2.5386
threshold=-0.0038147605282938808 0 3993.7500000000005 11563.750000000002 1 42.500000000000007 2 26.63571428571429 8.6438393554663779 45.500000000000007 0.014265871126739474 13.500000000000002 3 8.0063774905627536 0.083515278897193304 0.51227776901457223 4 37.150000000000006 45.676854395604401 7.1086051397737453 48.500000000000007 5480.0000000000009 26.407142857142862 28.421428571428574 32.221428571428582 62.500000000000007 -0.11157697814824584 0.024149340539233618 0.30803179410649439 5 0.32528890725481235 6 31.500000000000004 2134.2459077380959 7 8 13.650000000000002 7.7647556787453444 1085.0400000000002 6.9973230244156577 -0.40835151919090501 3.350000000000001 34.050000000000011 9 0.98449519230769245 0.12292020694600569 83.500000000000014 1647.5000000000002 0.15415103696998858 2.1500000000000008 -0.0022441084828337741 1250.5000000000002 6.9480054561456335 0.18688466398103162 0.53899650073268734 -0.087011376989629671 -0.1469224303050409 19.900000000000006 0.31132436416093162 29.221428571428579 5.9308605174151721 10
decision_type=2 1 10 10 1 2 1 2 2 2 2 2 1 2 2 2 1 2 2 2 2 8 2 2 2 2 2 10 8 1 10 1 2 2 1 1 2 2 8 2 2 2 2 1 2 8 2 10 2 2 10 8 2 10 10 2 2 2 8 2 2 1
left_child=1 7 32 5 -5 6 -4 8 -1 -9 -11 12 24 18 15 16 17 20 29 28 -15 -19 -18 -24 -2 30 -25 31 -20 -14 57 -21 33 34 42 36 41 38 39 -37 50 52 43 44 -3 -46 -44 -42 -34 -50 -40 -45 -36 54 -8 56 -55 -26 -43 -28 -13 -62
right_child=11 2 3 4 -6 -7 53 9 -10 10 -12 60 13 14 -16 -17 22 21 19 27 -22 -23 23 26 25 -27 59 -29 -30 -31 -32 -33 48 -35 35 37 -38 -39 40 -41 47 58 46 51 45 -47 -48 -49 49 -51 -52 -53 -54 55 -56 -57 -58 -59 -60 -61 61 -63
leaf_value=0.0014148699528476155 8.6183537643074712e-05 0.00020587416811391966 0.00011547230546974757 -0.00077734730672275598 0.0020092867273969377 -0.0028392568956972109 -0.00081365130011016727 0.00018476055082985304 -0.00013291531503559358 0.0038431426785394012 -0.00014605383977960763 -0.0080157015046829049 5.6674319933662862e-05 -4.980922074966413e-05 0.00078108254611685324 -0.0041619721264331208 0.0026710569759532911 0.004041190794918932 0.0029452216306594353 0.0011012439848540195 -0.0087335832659882883 0.00040245215200640505 -0.0038689005516555838 -0.0042107811321564007 0.0040716620817228023 4.6273026762382738e-05 0.00077490110764228022 -0.0026959358986630923 -0.002825927330417333 0.0018720700809099766 -8.9254451329581763e-06 -0.0003761125009553041 0.00015665548580138557 -0.00096496594197261842 0.0058545272742995908 -0.00012116844500861882 0.0016282879506508371 -0.0010653064285653757 0.0047592665034915851 -0.0060466676537282984 8.7942088398034965e-05 -0.0043952968555549792 0.0037564027050347587 0.0025929364508165647 -0.00013232742603435239 -0.0037918737940993569 -0.0009213928578622702 -0.00095583268926237362 -0.0036726013450646359 1.1461096900582807e-05 0.00064582116295597433 0.0003940738307910521 -0.00024477960435275717 0.00055827400139544538 -0.0023812824200773099 0.0010822068023763232 -0.0046178486642029079 0.00049310215435199672 -1.0725808213481874e-05 -0.0011377585559796538 4.8729454713608591e-05 -0.00010290315045960799
leaf_weight=180 1560 561 443 101 128 202 369 2611 96 140 81 62 325 285 360 143 61 77 70 123 42 128 127 76 265 337 80 105 53 370 83 587 6738 282 43 77 246 608 66 62 294 46 109 62 115 71 43 144 97 179 113 299 112 106 109 90 74 70 41 376 3504 8390
leaf_count=180 1560 561 443 101 128 202 369 2611 96 140 81 62 325 285 360 143 61 77 70 123 42 128 127 76 265 337 80 105 53 370 83 587 6738 282 43 77 246 608 66 62 294 46 109 62 115 71 43 144 97 179 113 299 112 106 109 90 74 70 41 376 3504 8390
internal_value=-1.44826e-05 0.00043596 7.05921e-05 -0.00197166 0.00336957 -0.00285151 -0.00182466 0.00184354 0.0066787 0.00137663 0.00664414 -0.000400623 0.000460203 -0.000617829 -0.00209282 -0.00334885 -0.00243416 0.00101289 0.000963892 -0.00101171 -0.0023628 0.00643204 -0.00492476 -0.00594697 0.00203138 0.00453042 -0.00422139 -0.00223652 0.00705645 0.00362787 0.00763723 -0.00112518 0.000389086 -0.000706922 -0.000240925 -0.00179817 0.00190381 -0.00312727 -0.0010568 -0.00767857 0.000444984 -0.00205761 0.00204563 0.00117223 -0.000758575 -0.00641711 0.00849673 -0.00193622 0.000919458 -0.00397112 0.00625 0.00504032 0.00208333 -0.00368906 -0.00584551 0 -0.00331492 0.00959821 -0.009375 -0.00273523 -0.00081124 -0.000760824
internal_weight=32797 15138 12030 1622 229 1393 1191 3108 276 2832 221 17659 5703 3388 1755 1395 1252 532 1633 938 327 205 720 659 2315 755 532 815 123 695 418 710 10408 3394 3112 1852 488 1364 756 139 617 242 1260 1108 747 186 152 438 7014 276 179 361 155 748 478 270 180 335 87 456 11956 11894
internal_count=32797 15138 12030 1622 229 1393 1191 3108 276 2832 221 17659 5703 3388 1755 1395 1252 532 1633 938 327 205 720 659 2315 755 532 815 123 695 418 710 10408 3394 3112 1852 488 1364 756 139 617 242 1260 1108 747 186 152 438 7014 276 179 361 155 748 478 270 180 335 87 456 11956 11894
cat_boundaries=0 1 2 3 4 5 6 7 8 9 10 11
cat_threshold=4168 51 5 2259 3347 4352 524 613 387 3346 553
is_linear=0
shrinkage=0.05


Tree=141
num_leaves=63
num_cat=5
split_feature=20 11 33 0 3 20 33 39 27 26 26 9 21 12 25 39 20 6 41 42 11 6 31 6 41 6 33 15 21 13 11 13 26 21 2 5 12 21 16 13 0 26 27 9 13 33 30 30 18 18 20 6 9 39 31 5 25 2 6 30 33 26
split_gain=2.42934 4.24479 2.24137 1.95107 3.35481 2.99872 1.80748 7.0529 3.45206 6.88408 5.48069 4.56696 4.33037 4.49728 3.8185 4.03281 3.57105 3.13107 4.08523 3.60701 2.86267 4.14844 3.11226 2.75614 2.69596 2.76059 2.56899 3.00495 2.9478 3.38648 3.59232 3.32822 3.11686 2.7175 2.52106 2.98995 2.58679 2.51328 2.97277 2.57053 2.67975 2.51048 2.48446 2.47248 2.41768 2.39628 2.38523 2.26658 2.26197 2.15212 2.14168 2.736 2.37267 2.09987 5.88254 7.73151 6.12065 4.86124 4.69017 4.56988 4.52533 6.00092
threshold=-0.30419504921343893 43.500000000000007 35.50714285714286 -0.81093021621632866 -0.64633845725034644 0.14038958266349841 27.350000000000005 0 39.500000000000007 43.500000000000007 36.500000000000007 0.27838676028620185 1250.5000000000002 59.500000000000007 1 2 0.046310433379891179 8.1376964128939182 3.6208286985539497 0.9417420814479639 8.5000000000000018 7.079211706129116 209.65000000000001 7.3433172086805891 191.04114583333336 8.4459309175140742 26.13571428571429 -1.9891728241796092 3993.7500000000005 0.67796723930059466 60.500000000000007 0.26104599793732369 47.500000000000007 5012.5000000000009 -0.066774957772854013 8.1605328238870616 16.500000000000004 6987.5000000000009 0.82667857318446791 0.40000007058821879 -0.0099503308531683193 31.500000000000004 27.500000000000004 0.15080797327203532 0.6742179863147606 26.221428571428579 194.45000000000002 156.25000000000003 -0.28355962499623916 -1.0690051483933971 0.03658845785372878 7.3638590162562032 0.23337244026790702 3 19.900000000000006 7.696315287123336 4 -0.095308986622574018 8.3786072566347354 0.15000000000000005 36.807142857142871 7.5000000000000009
decision_type=10 2 2 2 2 10 2 1 2 2 2 10 8 2 1 1 10 2 2 2 2 2 2 2 2 2 2 2 10 2 2 2 2 10 2 2 2 10 2 2 2 2 2 10 2 2 2 2 10 10 10 2 10 1 2 2 1 2 2 2 2 2
left_child=1 -1 -3 4 -2 -6 7 8 14 10 11 12 -10 16 17 -16 34 18 -5 -19 -20 -22 -23 -12 25 49 37 -28 29 30 -29 -32 43 -30 36 -36 -14 38 39 40 -9 -39 50 -31 -11 -26 47 53 -25 -15 51 -17 -52 54 55 60 59 -57 -58 -56 61 -8
right_child=3 2 -4 6 5 -7 46 26 9 44 23 -13 13 24 15 42 -18 19 20 -21 21 22 -24 48 45 -27 27 28 33 32 31 -33 -34 -35 35 -37 -38 41 -40 -41 -42 -43 -44 -45 -46 -47 -48 -49 -50 -51 52 -53 -54 -55 56 57 58 -59 -60 -61 -62 -63
leaf_value=-0.0064704437118036362 0.015355173703579767 0.0025880685555150738 -0.0052934829701275733 0.0057855719482578132 0.0022536236705271383 -0.0035169872160497602 0.00018957910024559218 -0.0002580274565493159 0.0019237585873364393 -0.0054596682011987009 0.006400549353735888 0.0036511563861304193 0.0020012473249787581 0.0037559579057730472 -0.00014593762075719468 0.0066912033958529751 -0.004224735657868392 -0.0049925577532402114 -0.00097430629709293899 0.00071595046390107513 -0.00034970811316218189 0.0051007399985832369 0.00019948499323760175 0.0041860731830156662 -0.00078006886567022623 -0.00067535621452528046 0.0055180018720992763 0.00012393033864080928 -0.0039325276638633609 0.0012838704037344143 0.00077503056288128901 -0.0014296548221105132 -0.0012693606966965778 -0.00036538651449410865 -0.0014413543233748811 0.0031473635001198503 -0.0013217060134384246 0.0020366613569091641 0.0002544917606041364 -0.0018899637417911558 0.00022944944510086996 -0.0029545707278377156 0.0031897450384061111 0.00028747416731559824 -0.00040734701031799555 4.5425522087191689e-05 0.003466759375585781 -0.0024104246035538397 -0.00032098395136944335 0.00065008041516067053 -0.0012733611779579511 0.00090257761839193098 0.0027187256690295891 1.2816666116675826e-05 -0.00034532663626233185 -0.00038556789851115948 -0.00011566868263294915 -0.0035732848802041933 -0.0047949613857133574 0.0016744765045823573 0.00019770869565126673 -0.0011120384964924382
leaf_weight=105 90 98 57 64 73 48 792 53 72 77 58 155 58 47 108 60 77 82 73 46 51 59 136 73 40 87 40 362 65 181 46 111 50 328 192 40 59 50 75 489 98 40 203 291 49 66 42 42 70 206 100 281 80 18896 400 276 2195 434 51 1127 1146 1778
leaf_count=105 90 98 57 64 73 48 792 53 72 77 58 155 58 47 108 60 77 82 73 46 51 59 136 73 40 87 40 362 65 181 46 111 50 328 192 40 59 50 75 489 98 40 203 291 49 66 42 42 70 206 100 281 80 18896 400 276 2195 434 51 1127 1146 1778
internal_value=1.5291e-05 -0.00478927 0.000480769 5.39474e-05 0.00483491 -0.000614754 2.2496e-05 0.000891266 0.00258094 0.000875964 0.00196003 0.000568182 -0.000740741 -0.00171821 0.00440848 0.00646501 -0.00538642 0.000909962 0.0031901 -0.00581395 0.000859375 0.0034413 0.0067602 0.0095297 0.00178971 0.00395894 -0.00116812 6.77966e-05 -0.000313589 0.00107965 -0.00177885 -0.00806962 0.00391969 -0.00399746 -0.00321429 -0.00622318 0.00275424 -0.00344293 -0.00443436 -0.00553822 0.000164474 0.0043956 0.00782313 0.0051797 -0.0102362 -0.00514019 -0.000138889 -0.000157528 0.00572917 0.00659449 0.00608238 0.00840643 0.00165746 -0.000139319 -0.000806943 -0.00204427 0.000642554 -0.00682138 -0.00101905 0.00307217 -0.00112994 -0.00229483
internal_weight=32698 260 155 32438 211 121 32227 5048 2769 1426 1300 1099 944 872 1343 832 426 511 383 128 319 246 195 201 446 340 2279 1474 1434 1041 519 157 522 393 349 232 117 805 715 640 151 90 724 472 126 106 27179 27137 143 253 521 341 180 27095 8199 4426 3773 710 2246 1527 3716 2570
internal_count=32698 260 155 32438 211 121 32227 5048 2769 1426 1300 1099 944 872 1343 832 426 511 383 128 319 246 195 201 446 340 2279 1474 1434 1041 519 157 522 393 349 232 117 805 715 640 151 90 724 472 126 106 27179 27137 143 253 521 341 180 27095 8199 4426 3773 710 2246 1527 3716 2570
cat_boundaries=0 1 2 3 4 5
cat_threshold=6050 832 160 1282 3609
is_linear=0
shrinkage=0.05


Tree=142
num_leaves=63
num_cat=9
split_feature=3 42 16 22 43 29 41 31 38 42 25 15 42 25 11 25 30 30 22 22 1 20 0 27 25 16 22 31 30 27 30 7 25 11 3 7 41 31 5 6 25 21 22 27 33 9 20 19 30 25 41 30 19 11 9 12 21 25 17 17 11 40
split_gain=2.0206 2.90759 2.36005 3.07451 3.29841 3.29315 2.467 2.8345 2.60815 3.77727 4.04146 3.28353 3.25136 3.16614 2.84985 3.47912 2.87192 2.6394 3.30401 2.40738 2.79436 2.35946 2.62352 2.33294 3.27096 2.86427 2.56418 2.32904 4.28272 3.4664 2.70785 4.88192 3.98318 2.59872 2.5249 2.96646 2.61872 2.51409 2.29953 2.77618 2.96038 2.54101 2.6036 2.52037 3.14521 3.77897 3.37304 5.95917 3.07176 2.49226 3.84894 4.28816 2.29487 2.90414 2.26001 2.23678 2.24972 3.89522 3.13037 2.43848 2.21674 2.49147
threshold=-1.0000000180025095e-35 0.53774928774928787 0.82667857318446791 -0.83921699195796584 1.0000000180025095e-35 1.0000000180025095e-35 1.3839743589743592 11.350000000000003 0 0.85053191489361712 1 0.02902583490858213 0.97259759759759767 2 42.500000000000007 3 70.65000000000002 75.000000000000014 -0.5444193884205647 -0.13975807762592288 -0.061882957596122605 0.15912144548310217 0.25160031793682341 5.5000000000000009 4 -2.119781376085581 -0.32398680725996859 190.05000000000004 15.750000000000002 56.500000000000007 1.0000000180025095e-35 8.1605826951034022 5 76.500000000000014 -0.21706450523782858 7.2106004436290023 111.12586805555557 174.25000000000003 6.794996683949166 6.9994135085888169 6 900.1450000000001 0.020697217582458727 6.5000000000000009 33.107142857142868 0.097115027894571951 -0.012717749091729328 0.019826631935132007 0.15000000000000005 7 48.119672131147546 26.850000000000005 0.0056620752731410869 51.500000000000007 0.091042152062763199 3.5000000000000004 3457.9150000000004 8 -1.5278588521808756 0.45207684853558844 22.500000000000004 1.5000000000000002
decision_type=2 2 2 8 2 2 2 2 1 2 1 2 2 1 2 1 2 2 8 10 2 8 2 2 1 2 10 2 2 2 2 2 1 2 2 2 2 2 2 2 1 10 10 2 2 8 10 2 2 1 2 2 2 2 10 2 10 1 2 2 2 2
left_child=1 -1 3 5 6 -3 7 -5 12 10 -10 -12 14 -14 55 16 19 -11 -19 -16 -21 38 -23 24 -15 -25 -26 28 30 54 33 32 -32 -27 -34 -36 -37 -30 49 40 41 -40 -43 -42 45 -45 47 -47 -46 50 -2 -52 -48 -54 -29 60 58 -58 -57 -60 -8 -62
right_child=21 2 -4 4 -6 -7 8 -9 9 17 11 -13 13 23 15 -17 -18 18 -20 20 -22 22 -24 25 26 27 -28 29 37 -31 31 -33 34 -35 35 36 -38 -39 39 -41 43 42 -44 44 48 46 52 -49 -50 -51 51 -53 53 -55 -56 56 57 -59 59 -61 61 -63
leaf_value=-0.0034328860464311189 -0.00028625481438284941 0.0035204566687290365 0.00042143032904589582 7.4177796333256313e-06 0.0063533191674011351 2.5663439108310207e-05 0.0033228692714316454 0.0029842640202415224 0.0002516056297297092 -1.560218395494084e-05 -0.0038910108146361908 -0.00076667174931400745 -0.0017585333594523841 0.0028921357093239465 0.0021391603042992323 0.00022247632767161062 0.0054540205370268513 0.0047761100023653138 -0.00096064246127548791 0.0015180096083086379 -0.0012775642267590823 -0.0010046701601933905 0.00063391001586038951 0.0022458461336348546 -0.0023416557360836205 -0.0013473750945849619 0.00026770902024696316 0.00048604584399050623 -0.00083292411944161249 0.0024887885546128227 -0.00045469880409641534 -0.0016495260678333267 0.0041797560829538198 0.0012820673491390549 0.0025400100637672078 0.0025527257848111241 -0.00077980259651324192 -0.0037272584703629736 0.001895196467947219 -1.6200425584909918e-05 0.0026143764773588225 0.0015955051952479546 -0.001501903287065956 0.00089967519190319457 -0.00061485741720997871 0.0017990116590638596 -0.0023796658145933663 -0.0034282244802633201 0.0023406396999803652 -0.00051432312806950554 0.012669540694061128 -6.9756237322179948e-07 0.00046986724116103678 -0.0034290040567353077 -0.0010620080671568776 0.0036830990958557439 -0.00051628098680469746 0.0014669848129798746 -9.521794784106801e-05 -0.0011710011800134784 0.0019567500073309901 -0.0011948614232334537
leaf_weight=44 65 274 1607 93 42 301 52 74 103 4739 210 114 264 100 228 2000 52 46 408 40 71 736 261 70 61 495 113 109 349 150 112 118 103 127 62 49 87 64 217 14402 92 139 63 61 59 118 98 58 124 1130 48 49 48 65 197 48 126 183 1235 226 51 49
leaf_count=44 65 274 1607 93 42 301 52 74 103 4739 210 114 264 100 228 2000 52 46 408 40 71 736 261 70 61 495 113 109 349 150 112 118 103 127 62 49 87 64 217 14402 92 139 63 61 59 118 98 58 124 1130 48 49 48 65 197 48 126 183 1235 226 51 49
internal_value=4.18187e-05 0.000468532 0.000506565 0.000289265 0.000128695 0.00386285 8.21661e-05 0.00610119 1.98224e-06 -0.000799148 -0.00531542 -0.00791045 0.000646244 -0.000741163 0.00148441 0.00264423 0.00690299 -0.000428379 -0.00406593 0.00536765 -0.000669643 -0.000318212 -0.00268036 -0.000147244 0.00418182 -0.000716675 -0.00027027 -0.00106278 -0.0019783 0.00207877 -0.000411612 0.00220865 0.00477053 -0.00264848 0.00761218 0.00452261 0.000364964 -0.00634058 -0.000178179 -9.6494e-06 0.0023622 0.00563953 0.00172414 0.000374659 -0.000751582 -0.00300668 -0.00483247 0.000282486 0.00475543 -0.00220418 0.00346821 0.00994898 -0.00908019 -0.00416667 -0.000977199 7.61035e-05 -0.000412314 0.00346774 -0.00120861 -0.00162449 0.00588235 0.00148515
internal_weight=32879 15046 15002 13395 12820 575 12778 167 12611 5620 427 324 6991 2630 4361 2391 391 5193 454 339 111 17833 997 2366 274 2092 174 2022 1566 456 1153 531 413 622 301 198 136 413 16836 15544 1142 419 202 723 631 448 387 176 183 1292 162 97 211 113 306 1970 1818 309 1509 1461 152 100
internal_count=32879 15046 15002 13395 12820 575 12778 167 12611 5620 427 324 6991 2630 4361 2391 391 5193 454 339 111 17833 997 2366 274 2092 174 2022 1566 456 1153 531 413 622 301 198 136 413 16836 15544 1142 419 202 723 631 448 387 176 183 1292 162 97 211 113 306 1970 1818 309 1509 1461 152 100
cat_boundaries=0 1 2 3 4 5 6 7 8 9
cat_threshold=3 521 8 136 1632 80 526 768 2736
is_linear=0
shrinkage=0.05


Tree=143
num_leaves=63
num_cat=5
split_feature=15 5 17 6 25 17 11 18 20 33 25 41 9 41 41 6 9 9 20 5 2 1 17 8 9 23 18 19 1 17 18 27 8 18 23 25 40 25 27 11 10 6 10 20 5 44 30 31 15 11 8 10 37 41 9 30 1 1 15 25 33 1
split_gain=1.79959 3.82856 3.18562 2.42791 2.59063 3.43105 3.20725 2.70025 2.69337 2.58144 2.43836 3.16447 2.55723 2.34214 2.47478 2.67792 2.8074 2.74025 3.62886 2.23197 2.20197 3.60039 2.07681 2.04924 1.99643 1.92828 1.77375 1.75815 2.76392 1.75279 3.19173 2.67004 3.95672 3.57508 3.89572 3.84012 4.04579 3.59838 3.58298 3.30949 3.2712 3.04375 3.02457 2.84474 2.83554 3.15526 3.96212 3.38991 2.67926 2.63962 2.56013 3.76833 2.68138 4.60743 3.5268 3.13081 2.90407 2.89866 2.67904 4.06148 4.38149 2.7154
threshold=-1.045787243472909 6.4949293585652406 -1.1935763964061861 7.7979213323893086 0 -0.074001896971283218 76.500000000000014 -0.66908879429415935 -0.0084087529550607391 28.928571428571434 1 78.353404791929393 0.1172844238104284 3817.1821084529506 2134.2459077380959 6.7372778166699705 0.30803179410649439 0.55774150613230022 0.02471324898716595 8.589910586765761 -0.22314355131421013 0.014184634991956548 -0.80294345615727292 0.24052014212476572 0.19433074714416743 0.28092990466691786 -1.0229009835713148 0.047220256905644645 0.057415010953145725 -0.0110380294898742 0.6515914030715052 37.500000000000007 1.0000000180025095e-35 0.1561217356389337 -0.44628710262841914 2 1.5000000000000002 3 50.500000000000007 14.500000000000002 0.32701778180634383 8.6788298311941556 0.4057890324173084 -0.013247487541925103 8.3271401042289561 0.18333333333333338 15.450000000000003 218.95000000000002 0.05159108753507869 81.500000000000014 0.26332969066867046 -0.77284778160610734 72.500000000000014 670.50388888888904 0.10061315430861759 76.850000000000023 -0.088410957344053007 0.014184634991956548 0.023959746975726896 4 29.721428571428579 0.23405841674129937
decision_type=2 2 2 2 1 2 2 10 10 2 1 2 10 2 2 2 10 10 10 2 2 2 2 10 10 10 10 2 2 2 10 2 10 10 8 1 2 1 2 2 2 2 2 10 2 2 2 2 2 2 10 2 8 2 10 2 2 2 2 1 2 2
left_child=1 23 13 9 5 6 20 19 -9 27 12 -12 -11 14 15 -3 25 18 -18 -6 -5 26 -21 -1 -10 -17 -22 28 -4 30 -2 50 -33 37 39 36 42 -34 41 43 -37 48 44 -35 45 46 47 -36 -38 -39 51 -31 55 58 57 -53 -56 -55 61 60 -60 -54
right_child=29 2 3 4 7 -7 -8 8 24 10 11 -13 -14 -15 -16 16 17 -19 -20 22 21 -23 -24 -25 -26 -27 -28 -29 -30 31 -32 32 33 34 35 40 38 49 -40 -41 -42 -43 -44 -45 -46 -47 -48 -49 -50 -51 -52 52 53 54 56 -57 -58 -59 59 -61 -62 -63
leaf_value=-0.0005966624066228326 5.345349534685789e-05 0.003492536900534931 -0.00031397585276077766 -0.0046283461862733546 -0.0032385324324304288 0.0019026917552049023 -0.0036930677699752467 -0.0017799119356444141 -0.0005901104191369848 0.0016888349609763126 0.00024765299708599255 -0.0026057353388521266 0.0016130250701946612 0.0010183274826109088 -0.0028351480737077565 0.00056013982331102122 -0.0036514915256064106 0.0027873018431392848 0.00068451096348595144 -0.0022668454472554549 0.0025906856154149804 -0.0011860630696903828 0.0009653272707773955 -0.011217988414373615 0.0059397875346684703 -0.00091440763019543523 5.7243462088630435e-05 -0.0043152378340191797 0.001843794027039017 -0.0097551084488759366 0.00092875575558822726 0.00010955984832300452 0.00028077877759866886 0.0019873603740064908 -0.0021295776626084791 0.00022226666442055968 -0.0010411122980545247 -0.00060292491471074998 0.00047620057690763026 -0.0012469397945696666 -0.0014496796459744653 0.00097630313980625683 0.0020427859357311172 -0.00028960450122986691 -0.0040607527207488009 0.0011917099352531442 -0.00042197766881960937 -0.010451039219970553 -4.8085871216502557e-05 -0.0019501674241363981 0.00059145868995332115 0.00063442054722210651 0.00017388022696447644 -0.00019712718256370763 -0.0018141760948550201 -0.0012057470423639497 0.00032920955328122749 -0.0016831619150687515 3.4517809508216321e-05 7.0576389091456154e-05 -0.00077290393555732033 -0.002181907258498132
leaf_weight=46 10289 57 138 48 158 43 77 40 55 56 161 65 187 78 70 691 108 44 69 41 63 116 55 63 41 131 77 52 69 41 667 200 424 71 433 3173 129 1445 521 613 217 91 69 114 71 119 521 42 211 146 2291 640 2381 137 71 50 209 120 696 2524 908 199
leaf_count=46 10289 57 138 48 158 43 77 40 55 56 161 65 187 78 70 691 108 44 69 41 63 116 55 63 41 131 77 52 69 41 667 200 424 71 433 3173 129 1445 521 613 217 91 69 114 71 119 521 42 211 146 2291 640 2381 137 71 50 209 120 696 2524 908 199
internal_value=0.000111508 -0.00107759 -0.000716589 -0.0022359 -0.00411043 -0.00126437 -0.00281414 -0.00698254 -0.00145985 -0.000137174 0.00207447 -0.00168776 0.00541339 0.00116093 0.00059778 0.00118074 0.000598659 -0.00439189 -0.00716292 -0.0101961 -0.000491803 0.00136187 -0.00412371 -0.0102273 0.00309278 0.00194411 0.00673759 -0.00413462 -0.00204327 0.00022709 0.000730127 -6.48903e-05 -0.000714203 -0.0008798 -0.000300969 0.000165238 -0.00145401 -0.00271577 0.000996852 -0.00356696 0.00122023 -0.00237269 -0.00332404 0.00228495 -0.00391744 -0.00329301 -0.00421264 -0.0075105 -0.00454545 -0.00379213 0.000479646 5.64122e-05 0.000135459 -0.000148358 -0.00460037 0.00311143 -0.000711744 -0.00881783 0.000208675 -0.000581255 -0.0025387 0.0014723
internal_weight=32732 2899 2790 1542 814 424 381 390 136 728 469 226 243 1248 1170 1100 1043 221 177 254 304 256 96 109 96 822 140 259 207 29833 10956 18877 8610 8410 6395 5597 2207 2015 952 798 3390 431 1255 185 1186 1115 996 475 340 1591 10267 7976 7935 7245 537 690 280 257 6708 4128 1604 2580
internal_count=32732 2899 2790 1542 814 424 381 390 136 728 469 226 243 1248 1170 1100 1043 221 177 254 304 256 96 109 96 822 140 259 207 29833 10956 18877 8610 8410 6395 5597 2207 2015 952 798 3390 431 1255 185 1186 1115 996 475 340 1591 10267 7976 7935 7245 537 690 280 257 6708 4128 1604 2580
cat_boundaries=0 1 2 3 4 5
cat_threshold=1430 874 2260 2186 808
is_linear=0
shrinkage=0.05


Tree=144
num_leaves=63
num_cat=8
split_feature=41 41 11 31 25 42 37 25 31 4 23 13 4 10 35 33 26 39 12 26 39 9 31 10 10 41 4 20 23 2 30 27 26 25 5 39 25 33 37 7 21 39 23 26 41 26 12 13 21 11 23 13 20 31 21 30 23 33 21 5 12 26
split_gain=2.13127 2.95219 3.37772 4.98347 4.20239 3.38352 2.68911 2.6852 2.67266 2.55866 4.82534 2.65734 2.42601 2.32371 2.32063 2.22179 2.19194 4.98146 3.35899 3.2471 7.50801 3.40722 2.70544 2.64599 2.61741 2.52375 2.51691 2.51251 3.05693 2.35854 2.11749 2.63821 2.11325 4.06127 4.72835 5.72249 4.67897 3.69718 3.31731 3.40298 3.68239 4.4685 3.9701 4.18441 3.88821 3.88464 3.69392 3.98853 3.46787 3.25261 3.21985 3.56759 4.18742 3.32092 3.18639 8.056 3.98053 5.89217 3.14317 3.09687 3.05507 4.47426
threshold=5706.0234451450206 2278.044484126985 51.500000000000007 0.55000000000000016 0 0.93700396825396837 31.500000000000004 1 186.45000000000002 0.021506205220963807 -1.0000000180025095e-35 1.0000037500093755 -0.03846722422313275 0.016567345733754294 0.021834106512892495 27.657142857142862 51.500000000000007 2 67.500000000000014 49.500000000000007 3 0.25209378379071518 83.65000000000002 0.063225089343915922 0.85614897613842278 3.49837387625595 -0.22580693469106936 -0.023765890332406499 -0.78424107379863928 1.1254143692523486 0.15000000000000005 18.500000000000004 27.500000000000004 4 9.0350340613542457 5 6 31.56428571428572 55.500000000000007 9.392716996637434 3406.2500000000005 7 -1.1570709635483944 48.500000000000007 215.02542372881359 47.500000000000007 41.500000000000007 0.52000019199984659 1062.3200000000004 40.500000000000007 -0.18232155679395476 1.0000037500093755 -0.0111349464869902 5.9500000000000011 1430.6200000000001 21.200000000000006 0.38391433489836696 28.650000000000002 24750.000000000004 9.9042098124043516 9.5000000000000018 33.500000000000007
decision_type=2 2 2 2 1 2 10 1 2 2 8 2 2 2 2 2 2 1 2 2 1 10 2 2 2 2 2 10 10 2 2 2 2 1 2 1 1 2 10 2 10 1 8 2 2 2 2 2 8 2 8 2 10 2 10 2 10 2 8 2 2 2
left_child=1 16 3 -3 5 -4 15 8 12 11 -11 -6 -2 -8 -14 -5 19 18 -18 24 22 27 23 26 32 -19 -21 28 -22 -26 31 -27 33 37 35 -35 -36 -1 39 40 41 42 -34 50 -42 46 47 -43 -47 -45 53 -52 -53 -44 56 -56 -48 -58 -41 -60 -49 -62
right_child=7 2 4 6 9 -7 13 -9 -10 10 -12 -13 14 -15 -16 -17 17 25 -20 20 21 -23 -24 -25 29 30 -28 -29 -30 -31 -32 -33 38 34 36 -37 -38 -39 -40 58 44 45 43 49 -46 48 54 60 -50 -51 51 52 -54 -55 55 -57 57 -59 59 -61 61 -63
leaf_value=0.00058189824216391649 0.00025660630482882802 -0.0044883292390195733 -0.001104392280512273 -0.002616303380317514 -0.00090978290197194953 0.0032119117600925909 0.0020235278044683906 0.00056933088340545073 0.0018422591511525776 0.00021537432381583434 -0.0023849457367419199 0.00042061989733949704 -0.0014053188795747585 -0.00019100714023524598 -0.00028177349634405665 -0.0005638877180905111 0.0035769263328184844 0.00072359174428563507 -0.00025563250375163632 -0.0026552050693373404 0.0023384396636960312 0.0066542222892811394 -0.0030121306683682336 -0.0012738981722177187 -0.00043600521544316201 -0.0023334595535225849 0.00086508794053121905 0.0018881678308173971 -0.0020242328433341416 -0.024471200574406674 -0.0041117767742586712 0.0013247216363275853 -0.001873206453414783 0.0001641889375137923 0.00065692560359013918 1.0314443989599409e-05 -0.00088191283788586138 -0.0021536481130001251 0.0014854020438630061 0.0012989353975625931 -0.00056094031091605083 -0.0014233891799371884 -0.0014477656356602045 0.0002520782064715607 0.00037229964740885524 0.00064530366366794272 -0.00036651996977200347 -0.00010449885896965834 -0.0035319959771190363 0.0027249129153291097 -2.6505513490978143e-05 -0.00086868724868566368 0.0018729955334601792 0.00091249225273753456 0.0010972806123089359 -0.0011987576068471801 -0.00067663241944978701 -0.010455483822445556 0.000601781500464014 -0.0010563059686426919 -0.00045361672673571306 0.00182254143428486
leaf_weight=812 83 117 66 80 164 125 41 234 65 66 156 283 49 75 82 486 51 57 56 40 48 199 44 75 62 191 132 243 40 40 75 65 132 3453 113 11399 707 44 92 211 2858 257 49 125 393 83 1265 390 225 110 3315 175 500 683 353 365 84 65 128 71 155 566
leaf_count=812 83 117 66 80 164 125 41 234 65 66 156 283 49 75 82 486 51 57 56 40 48 199 44 75 62 191 132 243 40 40 75 65 132 3453 113 11399 707 44 92 211 2858 257 49 125 393 83 1265 390 225 110 3315 175 500 683 353 365 84 65 128 71 155 566
internal_value=0.000161738 0.000110832 -0.00194277 -0.00428125 0.000232288 0.00655941 -0.00263543 0.00335603 -8.62069e-05 -0.00165441 -0.00605381 0.000502232 -0.0027907 0.0042735 -0.00700758 -0.00405644 0.000222244 -0.0030746 0.00614407 0.00027656 0.00337591 0.00683919 -0.00306291 -0.00110887 0.000189543 -0.0056391 0.00231214 0.00384036 -0.00337079 -0.00776699 -0.00745482 -0.00525292 0.000217622 0.000589872 0.000404897 0.000609305 -0.00328867 0.00392157 -0.000268753 -0.000338403 -0.000489752 3.65251e-05 0.0010049 0.00123538 -0.00192958 -0.00125687 -0.00078549 0.00124178 -0.0066343 0.00773305 0.000910438 0.000350789 0.00366124 0.00395634 -0.00208626 0.000625869 -0.0034629 -0.0111667 0.00413625 -0.000375 0.00254047 0.00446676
internal_weight=32768 32255 1659 799 860 191 682 513 279 669 222 447 214 116 131 566 30596 495 107 30101 821 530 291 247 29280 388 172 331 88 102 331 256 29178 16528 15672 14852 820 856 12650 12558 12148 8897 5089 4957 3251 3808 3500 1368 308 235 4722 3990 675 732 2132 718 1414 149 410 199 1111 721
internal_count=32768 32255 1659 799 860 191 682 513 279 669 222 447 214 116 131 566 30596 495 107 30101 821 530 291 247 29280 388 172 331 88 102 331 256 29178 16528 15672 14852 820 856 12650 12558 12148 8897 5089 4957 3251 3808 3500 1368 308 235 4722 3990 675 732 2132 718 1414 149 410 199 1111 721
cat_boundaries=0 1 2 3 4 5 6 7 8
cat_threshold=1794 1429 4608 181 2112 153 8 5692
is_linear=0
shrinkage=0.05


Tree=145
num_leaves=63
num_cat=12
split_feature=10 8 35 35 2 30 35 3 25 11 35 35 26 35 31 36 27 41 21 20 35 3 33 39 22 25 25 7 11 26 39 27 25 23 21 21 3 23 13 25 18 42 13 7 27 30 21 27 27 13 39 20 27 39 25 39 25 21 18 7 13 18
split_gain=3.33689 2.93017 2.42594 5.27332 3.97314 3.7154 4.21577 5.07136 4.28521 3.99334 3.92344 3.76696 4.96756 3.97312 3.30564 2.90933 4.31096 2.75281 2.59831 2.73595 2.39832 2.34217 3.10815 2.87287 2.92902 3.62387 3.40304 3.11728 3.0563 2.84762 2.66899 3.35522 4.0377 4.79638 3.85558 3.38864 3.29873 3.14891 3.11839 2.93575 3.37126 2.89449 3.27067 4.45274 3.49243 3.15568 2.84051 2.75607 2.63755 2.62129 2.74781 2.68097 2.62023 5.8952 5.95927 4.60763 4.60125 4.57739 4.10301 3.87405 3.92241 4.61638
threshold=0.85614897613842278 0.40461610412424065 0.0022604238517606361 2.9765057257934168e-10 0.10942027172033032 69.300000000000011 0.54978522568159305 0.17971754475942439 0 6.5000000000000009 0.082263787740238098 0.082263787740238098 6.5000000000000009 0.24741134742125323 0.8500000000000002 0.011316849587723148 38.500000000000007 4250.1868548387101 1900.8350000000003 0.0061844262661626057 0.021834106512892495 -0.0078126589515403726 38.192857142857157 1 0.15951880586747758 2 3 7.5514529295572146 62.500000000000007 45.500000000000007 4 28.500000000000004 5 0.25335971430245091 700.83500000000015 3406.2500000000005 1.221002731835634 0.43078291609245423 1.0678788876090179 6 1.6234828610924865 0.90990259740259749 0.52380788143590973 7.0317417800292299 48.500000000000007 63.050000000000011 1399.6050000000002 22.500000000000004 5.5000000000000009 0.96296370370370388 7 0.00086819194978547079 37.500000000000007 8 9 10 11 1977.7450000000001 -0.65199294710365419 8.4398466973486794 0.84000168000672015 0.88922604296945007
decision_type=2 10 2 2 2 2 2 2 1 2 2 2 2 2 2 2 2 2 10 10 2 2 2 1 8 1 1 2 2 2 1 2 1 10 8 10 2 10 2 1 10 2 2 2 2 2 10 2 2 2 1 10 2 1 1 1 1 8 8 2 2 10
left_child=2 -2 3 15 -5 6 7 11 10 -10 -9 20 -13 -14 -8 21 17 -17 -16 -20 -4 22 23 24 25 -1 27 -26 29 -28 31 32 33 35 -33 38 52 -35 47 40 46 42 43 -41 -44 -45 -36 -23 -27 50 -24 -52 53 54 59 -54 57 -57 -56 60 -32 -62
right_child=1 -3 5 4 -6 -7 14 8 9 -11 -12 12 13 -15 18 16 -18 -19 19 -21 -22 30 49 -25 26 48 28 -29 -30 -31 36 34 -34 37 39 -37 -38 -39 -40 41 -42 -43 44 45 -46 -47 -48 -49 -50 -51 51 -53 55 -55 58 56 -58 -59 -60 -61 61 -63
leaf_value=0.0021602167795305703 0.00027043698191793128 -0.018124956984829833 0.0011360586373359552 -0.00032364954762509823 -0.0017527174389440953 -0.00048703576925012847 0.0002085475480364295 -0.00017068979663431816 3.8616100219861053e-05 -0.0019803069228034017 0.0054297669424337412 -0.0011300341535430761 7.8019889089009717e-05 0.0020499907787011845 -0.0014581991013547365 0.0020932958134499838 -0.00031417399452132884 0.0051672554502748078 0.0014651387453313864 -0.0017502918528696594 0.003897420028183145 -0.00024515934494453491 0.00070085007799400344 6.8265628006628415e-05 0.0018464244193818074 0.0022622252072324179 -0.0042851057943588408 -0.0056391849987831319 9.1422766104905676e-05 -0.00080653252833363671 0.0006472010617801908 0.002210087068784583 -3.2576178758939035e-05 0.00091695390665413054 0.00067745034884008834 -0.0044349178729035056 0.0028983522587113816 -0.00035478880323023821 -0.0044591363303042447 0.00096364350648939267 -0.0015424251642891208 -7.222081952128353e-06 -9.0195992833033098e-05 -0.0014364941487041288 -0.0026470902388692876 0.0013756128559641154 -0.00051016133476831373 -0.0016690655801510296 -0.00057067770481992054 0.0017953394002405837 -0.0010641260146223839 0.0004671023039008621 0.00021767130388199003 -4.2226730562123084e-05 -9.49028437197605e-05 -0.0037759071638876931 -8.0503377629748121e-05 -0.00086065650527413743 0.0022512003473241769 -0.0034472559178526014 -0.0021792948451901588 0.0034966147718418737
leaf_weight=243 52 73 150 577 110 126 87 52 42 58 50 62 137 131 120 40 54 42 53 58 102 982 471 11251 170 43 324 60 147 135 583 88 1513 123 585 69 42 127 111 112 42 2120 178 244 247 41 299 169 429 325 129 110 1763 3546 203 162 1743 632 799 94 192 40
leaf_count=243 52 73 150 577 110 126 87 52 42 58 50 62 137 131 120 40 54 42 53 58 102 982 471 11251 170 43 324 60 147 135 583 88 1513 123 585 69 42 127 111 112 42 2120 178 244 247 41 299 169 429 325 129 110 1763 3546 203 162 1743 632 799 94 192 40
internal_value=-1.36932e-05 -0.00813492 1.75637e-05 -6.74389e-05 -0.0043968 0.00219691 0.00312783 0.00509554 -0.00172414 -0.00855856 0.00530973 0.00746141 0.00392749 0.00687732 -0.00172414 2.9199e-05 0.00729927 0.0144578 -0.00484914 0.000669643 0.0120553 -3.25871e-06 0.000478754 0.000265563 -0.00174456 0.000593575 -0.00376344 0.00145228 -0.00567261 -0.00777174 -0.00039911 -0.00114007 -0.0023748 -0.00413003 -0.000176902 -0.0053491 0.000135066 0.00219124 -0.00475059 -0.000413544 0.00202775 -0.00118524 -0.00370595 -0.000439698 -0.00674883 -0.00375874 0.00271186 -0.00397135 -0.00196687 0.00311293 0.00140647 -0.0029 7.4298e-05 0.000801576 0.0030307 -0.00084864 -0.00220761 -0.00534161 0.00567621 8.15217e-05 0.00119485 -0.00429185
internal_weight=32862 125 32737 31509 687 1228 1102 784 202 100 102 582 330 268 318 30822 136 82 231 111 252 30686 13837 12802 1551 715 836 230 606 459 16849 7050 3094 1581 3956 1331 9799 250 1262 3868 926 2942 822 397 425 285 884 1151 472 1035 710 239 9757 5457 1911 4300 2537 794 1002 909 815 232
internal_count=32862 125 32737 31509 687 1228 1102 784 202 100 102 582 330 268 318 30822 136 82 231 111 252 30686 13837 12802 1551 715 836 230 606 459 16849 7050 3094 1581 3956 1331 9799 250 1262 3868 926 2942 822 397 425 285 884 1151 472 1035 710 239 9757 5457 1911 4300 2537 794 1002 909 815 232
cat_boundaries=0 1 2 3 4 5 6 7 8 9 10 11 12
cat_threshold=546 2048 1817 114 4486 906 526 6661 2560 653 1057 2098
is_linear=0
shrinkage=0.05


Tree=146
num_leaves=63
num_cat=4
split_feature=39 31 21 3 31 4 39 7 9 4 22 17 5 7 6 21 7 41 23 4 39 26 39 4 22 37 37 22 21 17 30 3 21 27 16 23 21 8 26 8 26 21 26 23 14 21 14 14 6 23 31 4 2 26 26 7 18 31 44 15 30 22
split_gain=2.00395 5.04649 6.35047 5.34122 4.37374 3.92944 3.43728 4.08473 4.71602 3.29572 3.24779 3.15126 3.18272 3.14863 3.01537 2.94028 2.98647 3.29331 2.89734 2.72079 2.70929 3.79623 2.75064 3.06533 2.84758 2.51221 4.49861 3.27847 2.68141 2.4995 2.7809 2.48256 2.45828 5.51202 2.63813 4.06042 2.56376 4.60869 4.0557 4.48222 3.20513 3.71955 3.68977 2.8727 4.26459 3.2969 2.90678 3.33842 2.50236 2.46522 2.45722 4.14398 4.18934 4.24662 7.07228 6.56562 3.82517 3.58525 3.56914 3.52469 3.50084 3.26141
threshold=0 20.250000000000004 2025.1050000000002 -0.1643026941485459 67.750000000000014 1.006836446190736 1 7.5855095107271184 0.22353851346697032 0.18805237928642396 -0.28778222312824536 0.41715505941810332 7.6189832950791905 6.6080650556943059 7.9438443986970144 15750.000000000002 6.4197241282673643 2648.1093750000005 -0.49591335097502082 -0.3205758913013374 2 43.500000000000007 3 -0.76889436484822749 -0.084945521858976872 18.500000000000004 9.5000000000000018 -0.075646292133442233 4407.5000000000009 0.31842167577028319 0.25000000000000006 -0.69314718055994484 1128.2850000000001 4.5000000000000009 -1.0032901441358022 0.16595956285835903 2552.5000000000005 0.38482601590588428 28.500000000000004 0.13758303658425416 28.500000000000004 7518.7500000000009 26.500000000000004 -0.65795635758647386 -0.51482484018367403 4756.1750000000011 0.020619287202735984 0.077012194647861701 8.5541033298888323 0.13976194237515907 0.75000000000000011 -0.866616167534631 -0.030526133893016279 11.500000000000002 19.500000000000004 7.6899272846229403 1.1469792260084521 29.250000000000004 1.0000000180025095e-35 1.7082324268964724 1.5500000000000003 0.032363446810613268
decision_type=1 2 10 2 2 2 1 2 10 2 8 2 2 2 2 10 2 2 10 2 1 2 1 2 8 10 10 10 10 2 2 2 8 2 2 10 8 10 2 10 2 10 2 8 2 10 2 2 2 10 2 2 2 2 2 2 8 2 2 2 2 8
left_child=4 2 20 11 5 50 14 8 9 -8 29 12 13 -3 -4 16 19 32 -9 -6 -2 31 -23 -24 -25 26 28 -27 -12 30 -5 -22 33 -18 35 48 37 38 39 -36 41 -38 -43 44 -42 -46 -45 -48 -34 -49 -1 57 -53 -54 58 56 -56 -52 61 -57 -60 -55
right_child=1 3 6 10 15 -7 7 18 -10 -11 25 -13 -14 -15 -16 -17 17 -19 -20 -21 21 22 23 24 -26 27 -28 -29 -30 -31 -32 -33 34 -35 36 -37 40 -39 -40 -41 43 42 -44 46 45 -47 47 49 -50 -51 51 52 53 54 55 59 -58 -59 60 -61 -62 -63
leaf_value=-1.2156692402136987e-05 8.8331577781187279e-05 -0.0034520227423974013 -0.00090471546133810167 -0.00076238133617100978 -0.00031822859684483391 0.0023861817791486712 0.0033216438603429163 -0.0073872067912164781 -0.0025413721889065797 -0.0010682993815887432 -3.7105311376893146e-05 -0.00022907691876890984 0.00019737029286761291 0.002903280518721383 0.00068740335812234195 0.00074182390826238768 0.0050070586318676337 -0.0084838051880356934 -0.0034640511602020158 0.012644499950923519 0.0023941780424119644 -0.0047308722168048854 0.0011394875086917378 0.00064501661806341468 -0.00066820853786420673 0.00046242620593923305 -0.00079528467104111899 -0.00047961118380501647 -0.0017507701620080745 -0.0019884139875489481 0.0023444575821934873 -9.874372401510751e-05 0.0002743561164687221 -0.0028765205100871587 0.0014458249914602733 -0.0030480244961122492 4.8860540528516616e-05 -0.0055868801364674994 0.00078720382529215427 -0.0032485598828565863 0.002160725575535451 0.00016940499145140522 0.0031091968053029487 -0.00049901499679651327 -0.0031872289227149356 -0.00088630693205658795 0.0023345179855618261 0.00016449589749872778 -0.0015455825397950752 -0.00080110077863632372 0.00052948207524416134 0.00069940199910473871 0.00061163356311208093 -0.00075000205234967954 0.0035560833262936412 3.2875814173811709e-05 -0.0008361034306542032 -0.012843210814295023 -0.00026740127093370598 -0.0035122125394435339 0.00095974416997217133 -0.0021588971200720642
leaf_weight=3301 1039 43 300 72 40 191 81 51 263 58 5053 381 366 639 224 191 44 52 411 48 106 239 47 41 379 488 94 115 123 168 437 4440 268 260 63 133 1296 42 813 116 51 112 94 1798 118 157 98 843 140 353 71 2435 906 251 364 1546 67 59 251 48 89 312
leaf_count=3301 1039 43 300 72 40 191 81 51 263 58 5053 381 366 639 224 191 44 52 411 48 106 239 47 41 379 488 94 115 123 168 437 4440 268 260 63 133 1296 42 813 116 51 112 94 1798 118 157 98 843 140 353 71 2435 906 251 364 1546 67 59 251 48 89 312
internal_value=6.34945e-05 -0.00034463 -0.00125977 0.000535714 0.00043888 0.00111959 -0.00431965 -0.00622857 -0.00260546 0.00482143 -6.86918e-05 0.0033042 0.00471878 0.00673499 -0.00102804 -0.000504838 -0.000673631 -0.00079174 -0.00950324 0.00842697 -0.000584075 -0.00104503 -0.00445545 -0.00203975 -0.00344418 -0.000446885 -0.000796813 0.00260762 -0.000598802 0.00320796 0.00495098 -0.000516824 -0.000694853 -0.00508197 -0.000488762 -0.00382841 -0.000184719 0.00207729 0.00276939 -0.00402778 -0.000660435 0.00126414 0.00748792 -0.00150629 -0.0059633 -0.00842391 -0.00103459 0.000772201 -0.00134474 4.17711e-05 0.00097928 0.00155078 0.00173445 0.000704042 -0.000221919 0.00141905 0.00688657 -0.00725191 -0.00389934 -6.26959e-05 0.000146628 -0.00633865
internal_weight=32679 15658 7679 7979 17021 9891 1388 864 402 139 6550 1429 1048 682 524 7130 6939 6851 462 88 6291 5252 706 467 420 5873 5270 603 5176 677 509 4546 6799 304 6495 541 5954 1034 992 179 4920 1502 206 3418 326 275 3092 1294 408 1196 9700 6399 6269 3834 2928 2025 431 130 903 1594 340 563
internal_count=32679 15658 7679 7979 17021 9891 1388 864 402 139 6550 1429 1048 682 524 7130 6939 6851 462 88 6291 5252 706 467 420 5873 5270 603 5176 677 509 4546 6799 304 6495 541 5954 1034 992 179 4920 1502 206 3418 326 275 3092 1294 408 1196 9700 6399 6269 3834 2928 2025 431 130 903 1594 340 563
cat_boundaries=0 1 2 3 4
cat_threshold=6745 38 160 256
is_linear=0
shrinkage=0.05


Tree=147
num_leaves=63
num_cat=9
split_feature=39 21 31 2 10 5 31 25 39 27 12 31 21 6 2 42 12 41 41 21 18 17 30 12 25 39 8 18 8 5 8 6 11 6 12 25 44 39 5 42 30 33 30 12 3 30 10 21 23 16 2 2 9 39 9 5 42 8 0 24 10 8
split_gain=1.991 4.10052 3.25967 3.57698 2.99366 4.14412 3.02526 3.02411 4.36864 3.29919 3.31498 3.96923 3.70751 3.51469 4.17752 3.45807 3.37224 3.23325 2.94349 4.1759 3.93112 2.96284 2.88619 2.83933 3.90695 3.7399 3.43502 3.83336 2.94984 2.87472 2.86777 3.4584 3.35733 2.8336 2.77402 3.34844 3.90758 3.28198 6.37012 3.67577 3.6947 3.78206 3.27951 3.18498 2.75089 2.74577 3.03949 2.74468 3.26535 2.72612 2.68999 4.95693 3.10801 3.03606 3.29201 4.94841 3.69301 3.36591 3.04171 2.69946 4.02865 2.64906
threshold=0 1600.6250000000002 272.10000000000002 1.1254143692523486 -0.19127705970853712 7.5548919134988326 87.600000000000009 1 2 21.500000000000004 18.500000000000004 3.2500000000000004 5387.5000000000009 9.0721276462554545 0.078204676476294935 0.96899038461538478 56.500000000000007 5.9145236703682071 53.81369047619048 3795.0000000000005 -0.54904179363459116 -0.32045482892980459 23.750000000000004 78.500000000000014 3 4 0.056600625766488825 0.012596741246060724 0.08114228548739158 9.5100251856682174 0.068668112445929394 8.1706003947761712 68.500000000000014 7.8617925224676819 45.500000000000007 5 0.18333333333333338 6 8.5476860017021625 0.9536672629695887 19.150000000000009 27.835714285714289 56.800000000000004 85.500000000000014 -0.0047471116802197946 119.7 -0.034326815692385264 1215.5200000000002 -0.14037655891911147 0.40546510810816444 0.09413340069767219 0.085221868515493973 0.15516623435739982 7 0.11638485377313439 7.5176591993278157 0.95275297619047628 0.051359463235631106 0.10938603271890025 8 -0.060324545814205426 0.072796022536532889
decision_type=1 8 2 2 2 2 2 1 1 2 2 2 8 2 2 2 2 2 2 8 10 2 2 2 1 1 10 10 10 2 8 2 2 2 2 1 2 1 2 2 2 2 2 2 2 2 2 8 10 2 2 2 10 1 10 2 2 8 2 1 2 10
left_child=1 -1 3 34 5 -3 7 8 -6 10 17 12 -12 15 -15 -13 -17 -9 44 -20 -21 -22 33 24 26 49 27 -8 -28 30 31 32 -26 -11 -2 36 50 43 39 42 -41 -42 -39 -37 -7 46 -30 48 -4 -25 51 52 53 58 57 -56 -57 -55 -36 -52 -61 -32
right_child=2 4 47 -5 6 18 23 9 -10 22 11 13 -14 14 -16 16 -18 -19 19 20 21 -23 -24 25 29 -27 28 -29 45 -31 61 -33 -34 -35 35 37 -38 38 -40 40 41 -43 -44 -45 -46 -47 -48 -49 -50 -51 59 -53 -54 54 55 56 -58 -59 -60 60 -62 -63
leaf_value=0.0014915561988100253 2.2473356447864653e-05 0.0034131251833564914 0.0026141208406985652 -0.016130075587736131 -0.0011573917195082731 0.00024566677791980698 -0.00074274183859127411 0.00089129160699446337 4.5998049309055946e-05 0.0017207487222615754 0.0014578567822661412 0.0026031395089280169 -3.9507559413910289e-05 0.00054189112751908911 -0.0029225690142253482 0.0021233708497649731 -0.0011088386060400482 -0.0012731662559703823 0.0041954361949511371 0.005368150156022918 -0.0018587733756008113 0.00036642838110717817 -0.001257584745355864 -0.00050965508394553891 0.00047445738545100267 -0.0022182965459347833 -0.0017838201538688024 0.0018829244611619689 0.00015012499011154154 0.001672221298586761 0.002051534693814762 -0.001983090836380702 -0.00050626066052736395 1.0788641515919311e-05 -2.1296992421705786e-05 -2.5807555489771306e-05 0.0002566942386289975 -0.0013562221273261631 -0.014203366766065741 3.9679623693824711e-06 0.00040081937820924275 -0.0017344878274135195 0.00068011058302114161 0.00030155695538305383 -0.0013984424606620731 0.0025851498533684143 -0.0012102165921452929 0.00033436641005085623 -0.0020134354050639113 0.00049061550667640842 -0.0019799327945993757 0.0023811464836070041 0.00037260322127913808 0.0010431696635114225 0.0011292893103118516 0.0013148804765269154 -0.0035378182703892039 -0.0019869719749977923 0.001165290901433547 0.0054781149186111759 -0.00037602996363993862 0.0001469673051766693
leaf_weight=153 8128 170 52 50 546 1269 51 161 2447 259 459 323 530 80 40 77 83 145 67 94 41 203 146 500 77 144 112 61 261 111 41 202 66 1890 1081 436 667 1285 49 1502 144 217 105 117 96 61 725 1449 172 150 306 69 1399 50 116 46 105 276 75 49 1120 1799
leaf_count=153 8128 170 52 50 546 1269 51 161 2447 259 459 323 530 80 40 77 83 145 67 94 41 203 146 500 77 144 112 61 261 111 41 202 66 1890 1081 436 667 1285 49 1502 144 217 105 117 96 61 725 1449 172 150 306 69 1399 50 116 46 105 276 75 49 1120 1799
internal_value=2.9811e-05 0.000490807 -0.000300115 -0.000503076 0.000398502 0.00221535 9.30897e-05 0.000723529 -0.000491012 0.00158777 0.00313323 0.00404896 0.00209596 0.00724338 -0.000413223 0.00914256 0.00310559 -0.00162866 0.00149633 0.00523399 0.00294985 -0.000408163 0.000315767 -0.000945667 -0.00034333 -0.0036478 -0.0025546 0.00575221 -0.00338362 0.0008886 0.000491766 -0.00368497 0.00225694 0.00077907 -0.000464164 -0.00105806 -0.000246741 -0.00217926 -0.00277694 -0.00251229 -0.00105955 -0.00559392 -0.00445723 0.00137411 0.000384334 -0.00255248 -0.00319149 0.00180705 -0.00333333 -0.00189107 -0.000756446 5.43816e-05 -0.000238171 -0.00164286 -0.00451159 -0.000466418 -0.00641447 -0.00795107 -0.000128535 -0.00252371 -0.00137712 0.00127648
internal_weight=32705 13640 19065 17392 13487 1940 11547 7186 2993 4193 1898 1592 989 603 120 483 160 306 1770 405 338 244 2295 4361 3567 794 1271 112 1159 2296 2185 345 143 2149 17342 9214 5359 3855 3302 3253 1863 361 1390 553 1365 1047 986 1673 224 650 4692 3217 3148 1749 593 267 151 326 1156 1475 1169 1840
internal_count=32705 13640 19065 17392 13487 1940 11547 7186 2993 4193 1898 1592 989 603 120 483 160 306 1770 405 338 244 2295 4361 3567 794 1271 112 1159 2296 2185 345 143 2149 17342 9214 5359 3855 3302 3253 1863 361 1390 553 1365 1047 986 1673 224 650 4692 3217 3148 1749 593 267 151 326 1156 1475 1169 1840
cat_boundaries=0 1 2 3 4 5 6 7 8 9
cat_threshold=4697 1688 512 1312 4105 636 160 134 2
is_linear=0
shrinkage=0.05


Tree=148
num_leaves=63
num_cat=6
split_feature=41 24 22 6 41 25 20 13 14 1 21 12 25 19 5 41 42 22 23 4 21 22 12 11 30 20 2 0 1 9 44 10 19 4 42 11 41 12 4 10 7 24 19 42 33 23 26 5 27 9 25 7 19 25 9 17 12 9 5 7 11 20
split_gain=2.34878 2.45274 2.68636 2.81637 3.11345 2.61252 3.38329 2.98685 3.25131 2.4976 2.21121 2.18662 3.49394 2.82961 2.54946 2.43012 2.37275 2.19097 2.13472 2.02385 2.01861 2.16833 1.96904 2.09283 2.09704 3.11841 2.10001 2.02529 1.93553 1.92687 2.09508 2.23202 1.92488 1.89924 1.97316 1.89556 2.97183 1.89525 2.86861 2.83021 4.90444 3.84525 2.85441 2.8043 3.77474 2.89316 2.73595 2.74101 2.6242 2.93605 2.6031 2.51545 2.80857 2.79169 3.13492 2.73367 2.69552 2.48459 2.94924 2.91908 3.80233 2.48075
threshold=4.4064004096262162 0 -0.0055238131221378032 7.8917792736907311 2.1721443965517246 1 -0.1065682261347556 0.37047930283224406 -0.66772162556521797 -0.099562890129250001 8237.5000000000018 65.500000000000014 2 -0.07241357808021863 8.7290623449007487 1.4573849878934626 0.89076704545454555 -0.43626549806913939 -0.23616689295461077 0.62867365514923945 8525.0000000000018 0.077987282158023544 7.5000000000000009 5.5000000000000009 59.650000000000006 0.05401587325362376 0.06453648988539841 0.10330278776528658 -0.090936959305565321 1.0045027619289641 0.10555555555555557 -0.17908582293942607 -0.11446085474676031 0.64655713200946796 0.864635822262941 70.500000000000014 2.0582579185520364 34.500000000000007 1.5410939703049495 -0.021915966791949956 6.6080650556943059 3 -0.0074373567509298981 0.94494949494949509 32.135714285714293 -0.84724786952932563 1.5000000000000002 7.9350245552622747 5.5000000000000009 0.10944055074706212 4 8.5911982596328098 -0.20172937400903065 5 0.16711751986262433 0.34022965472962424 56.500000000000007 0.24039818492716966 8.7960153909472556 7.8406002449507293 26.500000000000004 -0.024346320095754208
decision_type=2 1 10 2 2 1 8 2 2 2 10 2 1 2 2 2 2 8 8 2 8 10 2 2 2 10 2 2 2 8 2 2 2 2 2 2 2 2 2 2 2 1 2 2 2 8 2 2 2 10 1 2 2 1 10 2 2 10 2 2 2 10
left_child=1 5 11 4 -4 7 -7 20 35 18 22 15 17 -14 16 -3 -15 -13 -10 -17 21 -1 -8 -24 26 -26 -25 -28 -19 37 31 -31 -5 34 -6 36 -9 -2 39 40 -39 -42 51 50 45 -45 47 -41 49 -47 -44 53 -53 54 -43 -54 -55 58 59 -52 -61 -56
right_child=29 2 3 32 33 6 10 8 9 -11 -12 12 13 14 -16 19 -18 28 -20 -21 -22 -23 23 24 25 -27 27 -29 -30 30 -32 -33 -34 -35 -36 -37 -38 38 -40 46 41 42 43 44 -46 48 -48 -49 -50 -51 57 52 55 56 61 -57 -58 -59 -60 60 -62 -63
leaf_value=0.0033155489422223086 0.00010414078539614115 0.00035917565749981587 0.0014429343626606635 -0.0032908202321104817 0.0034224351607758195 0.0023254583309009706 0.00042457240747092643 0.0005446850770541088 -0.0035086286941961638 0.0009601802728748303 0.00071440935983121479 0.00098693571660451247 -0.00092753829998102927 0.00030472589932814716 -4.7395000640191279e-05 -0.00054748870355733517 0.0029918082506279228 -0.0023782593489452735 5.0563154014541053e-05 0.0015083123401786747 2.0918313059472194e-05 6.2140377599834157e-05 -0.0040270198072183015 8.7183445541268859e-05 -0.0033789680379417604 -0.00070714041070725768 -0.0030867172041144724 -0.00038252935156491108 -0.00016133220376280674 0.0023637312528673078 -0.010347533157123319 -0.0072466755080144666 -0.00073204612761498811 -0.006805521132207038 -0.0010306225212550438 0.00025187897018767047 -0.0054448498556304578 0.0034293383795733949 0.0067877135380157083 -0.0039100743684769186 0.0008142230332822656 0.00044618068472659369 0.00085725186335487236 0.0016905545563015033 -0.0014630336562091763 -0.00036949762264447584 -3.1035880728863642e-05 -9.4280361928116707e-05 -0.00038145454384384651 0.002292911779949669 -0.00020751040624151509 0.0017538093502273127 -0.0010969475406603459 2.4020882993608384e-06 0.00032689146868554236 0.002775198123946802 0.0013739589083216254 -0.0024415842627386782 -0.0023012659810870972 -0.00055674259861958428 0.0026788685853051959 -0.0019954459597210468
leaf_weight=88 9523 124 52 54 65 54 135 46 43 588 112 121 86 123 117 1506 149 112 196 79 80 41 85 442 76 76 131 106 259 48 41 50 420 44 229 62 88 171 45 71 1099 517 486 55 483 41 10496 83 1089 63 209 58 263 307 110 53 670 183 59 76 116 292
leaf_count=88 9523 124 52 54 65 54 135 46 43 588 112 121 86 123 117 1506 149 112 196 79 80 41 85 442 76 76 131 106 259 48 41 50 420 44 229 62 88 171 45 71 1099 517 486 55 483 41 10496 83 1089 63 209 58 263 307 110 53 670 183 59 76 116 292
internal_value=0.000114514 -0.000780467 -0.00161926 -0.00404624 -0.000895141 0.000436992 -0.00120114 0.00205149 0.000952148 0.00232488 -0.00178265 -0.000840493 0.00105888 0.00406379 0.00596154 -0.0019152 0.00860806 -0.00188867 -0.00197917 -0.00244325 0.0075 0.0113462 -0.00249525 -0.00332606 -0.00255409 -0.00784314 -0.00136029 -0.00514706 -0.00383065 0.000314859 -0.00553571 -0.00151515 -0.00663158 -0.00265487 -0.00118644 -0.00482234 -0.00814815 0.000345618 3.07089e-05 -2.93238e-06 0.000827996 0.000597913 1.94515e-05 -0.00103111 -0.00229503 -0.000840673 -0.0005023 -0.00709677 -0.00136097 0.00619048 0.00090708 0.00134302 -0.0024 0.00208224 8.06452e-05 -0.00425868 0.00392206 -0.00118502 0.000759219 0.002301 0.00673575 -0.00322581
internal_weight=32746 5989 3540 864 390 2449 1217 1232 1023 827 1163 2676 967 475 389 1709 272 492 239 1585 209 129 1051 916 831 152 679 237 371 26757 139 98 474 338 294 196 134 26618 17095 17050 6400 6229 5130 2860 1731 1248 10650 154 1193 104 1129 2270 374 1896 919 316 977 643 460 401 192 402
internal_count=32746 5989 3540 864 390 2449 1217 1232 1023 827 1163 2676 967 475 389 1709 272 492 239 1585 209 129 1051 916 831 152 679 237 371 26757 139 98 474 338 294 196 134 26618 17095 17050 6400 6229 5130 2860 1731 1248 10650 154 1193 104 1129 2270 374 1896 919 316 977 643 460 401 192 402
cat_boundaries=0 1 2 3 4 5 6
cat_threshold=10 2227 3272 1 2644 3210
is_linear=0
shrinkage=0.05


Tree=149
num_leaves=63
num_cat=6
split_feature=36 10 18 13 25 21 0 33 10 16 9 22 9 35 23 13 0 4 4 9 9 35 33 20 12 22 6 11 33 12 26 12 0 20 10 12 20 18 11 5 9 11 3 41 30 38 30 39 12 33 39 9 30 25 12 6 11 25 6 26 10 2
split_gain=1.94618 1.79109 3.32884 1.88549 3.05078 3.01708 2.89406 2.87854 2.46657 2.43838 3.25286 2.87834 2.69284 2.62502 2.42099 3.48573 4.18066 2.87659 2.82697 2.37714 2.90801 2.20704 2.84444 2.18867 2.15459 2.12113 2.59865 2.25296 3.00967 3.41377 3.08913 2.79499 2.33713 2.09164 1.92176 1.91559 1.92943 2.62307 2.50167 1.99429 2.43134 1.89023 1.80479 1.79797 3.32324 1.91098 2.89172 7.48645 3.40899 2.78693 2.82023 4.83563 4.90603 5.22957 4.54641 4.02274 6.21987 3.39921 3.33897 4.10431 3.78643 3.28361
threshold=1.7361759986195575 0.85614897613842278 0.21710982678749102 1.3333416666666669 0 7262.5000000000009 0.15822400521489491 34.621428571428574 0.053955811208172839 0.39932258295733553 0.21616910403328379 -0.26758526722856424 0.28545398146675954 0.0016659109336621639 0.13976194237515907 1.6867942853659001 -0.077704311415271551 -0.13353139262452227 -0.27193219762768667 0.091042152062763199 0.16187198098622993 0.055143694601639141 32.078571428571436 -0.036119625537512835 20.500000000000004 0.28768246307662831 8.7215249989514501 22.500000000000004 38.26428571428572 22.500000000000004 20.500000000000004 25.500000000000004 -0.047078956786642749 0.047231512434543092 0.073279557331623849 80.500000000000014 0.081323736643916941 -0.40017624936053081 42.500000000000007 6.7577004016519684 0.13675622412554991 77.500000000000014 0.024265991860768391 1.0884033613445381 12.650000000000002 1 78.550000000000011 2 78.500000000000014 39.785714285714299 3 0.46938884865820862 23.350000000000005 4 86.500000000000014 6.8117598034528033 63.500000000000007 5 7.3433172086805891 49.500000000000007 -0.0022340140519752079 -0.095970459405692918
decision_type=2 2 8 2 1 10 2 2 2 2 10 10 10 2 10 2 2 2 2 10 10 2 2 10 2 10 2 2 2 2 2 2 2 10 2 2 10 8 2 2 10 2 2 2 2 1 2 1 2 2 1 8 2 1 2 2 2 1 2 2 2 2
left_child=1 3 -3 43 6 9 25 19 -9 13 11 24 -12 14 15 23 18 33 -17 -7 -21 -15 -23 -6 -11 27 -27 -5 29 32 -31 -30 -29 -16 -33 36 37 -25 -38 -39 -41 42 -32 44 -1 46 49 48 -48 50 51 52 55 -54 -55 56 -45 -57 59 60 -59 -60
right_child=-2 2 -4 4 5 7 -8 8 -10 10 12 -13 -14 21 17 16 -18 -19 -20 20 -22 22 -24 35 -26 26 -28 28 31 30 41 34 -34 -35 -36 -37 38 39 -40 40 -42 -43 -44 45 -46 -47 47 -49 -50 -51 -52 -53 53 54 -56 57 -58 58 61 -61 -62 -63
leaf_value=-1.4639285000322055e-05 -0.0011718473717880803 -0.010601802330427535 0.001024563452772831 0.0012544803703562479 0.002289065164575456 -0.0026989552288686578 0.0023490820341662355 0.0028644519306483488 -0.00032992864305214691 -0.00062649261552170108 -0.0030000964366846098 -0.00086632840420436364 -0.00074529155443676758 0.0039802926702202463 -0.0011803430757602079 0.0042981692316385418 0.0033382331483998912 0.00022090946256850675 -0.0027763678030162963 0.0005833594863651067 -0.0017235999625619736 -0.0010321028479760937 0.0020646974910190443 0.0015581826308201478 0.0020049358271357095 0.0017829539856463947 -0.0034480619081149466 -0.00090488994624964231 -0.00019150668711466218 -0.0026315002265650356 0.00035552485425162443 0.0040576223805933618 0.0026065903015342938 -0.0048409453595942842 0.00045760437454553886 -0.0026386248212516674 0.0040190411404687964 0.0023257532654459394 -0.00069324972846650148 -0.0030430511070106804 -0.00070093855225794458 0.003853613419515465 -0.00088396218951359868 0.0051354006694932968 0.0026879851258332838 -8.7360824679159207e-05 0.0029671071081212438 -8.8443784178846377e-05 8.3850677870575202e-05 0.0010769010175611029 3.4303317784388166e-05 0.0062486909836902103 -0.00085096604943398879 0.00077080075267532688 -0.001445480801277694 -0.00025158608782902827 -0.00023746243403682186 0.00026306303714793128 -0.00043424032092967971 0.0012917811151171904 -0.0018585546815585948 -0.0022085413943177079
leaf_weight=167 100 69 57 361 90 41 193 44 40 40 101 91 114 47 80 48 157 135 68 113 324 54 44 120 83 45 40 79 67 116 117 83 100 42 44 93 55 42 51 43 163 64 80 135 91 12223 402 643 151 85 10346 109 299 699 101 1748 225 206 249 85 205 574
leaf_count=167 100 69 57 361 90 41 193 44 40 40 101 91 114 47 80 48 157 135 68 113 324 54 44 120 83 45 40 79 67 116 117 83 100 42 44 93 55 42 51 43 163 64 80 135 91 12223 402 643 151 85 10346 109 299 699 101 1748 225 206 249 85 205 574
internal_value=-7.64947e-07 2.0717e-05 -0.00590551 4.39056e-05 0.00110423 -1.07112e-05 0.00294643 -0.00319716 0.00529412 0.00100738 -0.00226744 0.00209302 -0.00659722 0.00206302 0.00128367 0.00247046 0.00720803 -0.00300388 0 -0.00469729 -0.00359589 0.00839041 0.0040404 0.000493921 0.00705645 0.00204678 -0.00552326 0.0026304 0.00106525 -0.000807899 -0.00350529 0.00641026 0.00486111 -0.00853659 0.0107422 -0.000660211 0.000631579 -0.00108401 0.00654206 -0.00401606 -0.00603865 -0.000477099 -0.00290404 -9.30629e-05 0.00405405 -0.000130766 0.000224298 0.00258981 0.00678191 3.65036e-05 -1.5018e-05 -0.00103853 -0.00129225 0.00161364 0.00369914 -0.00222433 0.00277008 -0.00281128 -0.00471805 -0.00150905 -0.0035801 -0.0067051
internal_weight=32681 32581 126 32455 3712 2323 1389 562 84 1761 429 214 215 1332 1187 930 273 257 116 478 437 145 98 657 123 1196 85 1111 750 556 377 194 179 122 127 567 474 368 106 248 206 261 197 28743 258 28485 16262 1196 553 15066 14981 4635 4526 1099 800 3427 360 3067 1319 496 411 823
internal_count=32681 32581 126 32455 3712 2323 1389 562 84 1761 429 214 215 1332 1187 930 273 257 116 478 437 145 98 657 123 1196 85 1111 750 556 377 194 179 122 127 567 474 368 106 248 206 261 197 28743 258 28485 16262 1196 553 15066 14981 4635 4526 1099 800 3427 360 3067 1319 496 411 823
cat_boundaries=0 1 2 3 4 5 6
cat_threshold=344 3 5441 1284 1088 1054
is_linear=0
shrinkage=0.05


Tree=150
num_leaves=63
num_cat=4
split_feature=21 31 18 27 3 0 7 39 31 27 35 39 27 42 39 41 21 4 27 29 4 35 12 12 7 12 44 2 22 31 39 31 16 20 42 31 14 3 27 16 18 12 17 33 2 4 23 11 33 27 4 12 5 36 33 7 3 5 20 15 44 13
split_gain=2.06104 3.05708 3.36976 2.79898 2.57494 2.82295 2.00183 4.73881 5.31197 4.51103 3.86665 3.42662 6.19825 5.49111 4.80105 5.37723 3.39262 3.29801 3.26352 3.2541 4.26722 3.23333 3.22718 3.34291 3.39464 4.27671 3.86799 3.00139 3.26697 2.98437 3.13653 3.17802 2.96773 2.95113 3.21292 3.18921 3.34101 2.94777 2.94275 2.92539 2.81784 2.79611 2.76241 2.70661 2.69303 2.68869 2.66747 2.69208 2.65731 3.71794 4.34466 3.70987 3.95683 3.3896 3.6115 5.26759 3.35066 3.03375 3.82729 3.02362 3.25957 3.02364
threshold=15050.000000000002 17.400000000000006 -0.66908879429415935 43.500000000000007 -0.11401921091510524 -1.0000000180025095e-35 7.824817992913192 0 1.0000000180025095e-35 36.500000000000007 0.66033599379996555 1 22.500000000000004 0.92084377610693413 2 21.207341269841276 2101.2500000000005 -0.7184648992576198 31.500000000000004 1.0000000180025095e-35 0.28519746109512495 0.021834106512892495 65.500000000000014 29.500000000000004 7.541536524627368 18.500000000000004 1.0000000180025095e-35 -0.22314355131421013 -0.76186219708003511 224.65000000000003 3 63.550000000000011 0.43441910931622379 -0.30419504921343893 0.7835585585585586 0.35000000000000009 0.6419538215342292 -0.27267660551931699 6.5000000000000009 0.53655290961811353 0.50729808088842787 34.500000000000007 0.15363517021536557 26.278571428571436 -0.11778303565638336 -0.097638469563916072 0.057331454160069802 25.500000000000004 38.192857142857157 8.5000000000000018 0.62867365514923945 85.500000000000014 7.1111602819264519 0.092318585144358964 34.335714285714296 6.6695641239230161 0.087517837871829332 7.440212681476253 -0.064287324347574851 0.40546510810816461 1.0000000180025095e-35 0.73684507618263795
decision_type=10 2 10 2 2 2 2 1 2 2 2 1 2 2 1 2 8 2 2 2 2 2 2 2 2 2 2 2 10 2 1 2 2 10 2 2 2 2 2 2 10 2 2 2 2 2 10 2 2 2 2 2 2 2 2 2 2 2 10 2 2 2
left_child=6 2 -2 -4 -3 -6 7 9 -9 18 19 12 14 44 15 32 37 -10 48 20 21 33 23 24 25 -19 40 -24 -29 30 31 -22 -8 -11 -35 -36 39 -13 -16 -37 -27 -32 -30 -21 -14 -25 47 -17 49 50 53 52 -50 54 55 56 -1 58 -51 -57 61 -61
right_child=1 4 3 -5 5 -7 11 8 17 10 -12 16 13 -15 38 46 -18 22 -20 43 29 -23 27 45 -26 26 -28 28 42 -31 41 -33 -34 34 35 36 -38 -39 -40 -41 -42 -43 -44 -45 -46 -47 -48 -49 51 57 -52 -53 -54 -55 -56 59 -58 -59 -60 60 -62 -63
leaf_value=0.0071918186304626049 0.0010951365523492226 0.0044188553136862048 -0.0015240932093489035 0.0011456543292447468 -0.00044541000782301403 0.00069289507209565758 -0.0054730491581398049 -0.0010292528609370977 0.0049969561007218444 -0.0061053200255704416 -0.0033158898124625359 0.0033803399383343217 -0.0010922356876323272 0.00027817699161840939 -0.0010347659552176478 -0.0017666017957098463 -1.8866320426093321e-05 0.00068391977088999513 0.00074062174926377885 0.00088192959767799395 -0.0095223037384236358 0.0021016410775221493 -0.0021502975132463189 0.001313621887735204 0.00014208517283828006 0.0013907808088728672 0.0072414441555979569 0.006057190815518124 0.0020239409030247302 -0.0018041054234757368 0.0011505582430180919 -0.00033182256737817126 0.00050836284115106758 0.0004681023179890205 -0.00048167152889176809 9.1630927240653781e-05 0.00068690769727046083 0.000452428461823637 -0.013115507996312488 -0.00060063521887392449 0.0039531116881306883 -0.00034028467798617355 0.00029760832449089242 -0.00046777713674951238 -0.0057631619552685996 -0.00034815921910353567 0.0011020446984965073 0.0018492475609680461 0.00028928592254582843 0.0014557632619607943 0.0021295658581936892 -0.00084346081032097469 0.0017895580264754695 0.0022624912407167653 -0.00066808861744729507 0.00030124793956661845 0.00054634919797304053 -0.00049820086109529248 -6.1754165523077563e-05 -0.00032169503816249063 -0.0015959406780519153 0.0026150528496275641
leaf_weight=92 44 43 111 76 97 177 180 409 155 41 44 88 94 1060 50 181 12331 340 695 71 51 76 79 252 762 107 59 101 389 157 116 58 54 57 169 2013 364 371 112 310 78 420 209 2390 78 864 58 92 328 412 189 66 220 67 424 1067 49 840 2526 86 122 71
leaf_count=92 44 43 111 76 97 177 180 409 155 41 44 88 94 1060 50 181 12331 340 695 71 51 76 79 252 762 107 59 101 389 157 116 58 54 57 169 2013 364 371 112 310 78 420 209 2390 78 864 58 92 328 412 189 66 220 67 424 1067 49 840 2526 86 122 71
internal_value=0.000149879 0.00318761 -0.00118534 -0.00412234 0.00636792 0.00454545 9.79935e-05 0.000461313 0.00201835 2.38935e-05 -0.000950615 -0.000330508 -0.00227157 -0.000121655 -0.00594093 -0.00351563 -3.12476e-05 0.00267226 0.000875258 -0.000846044 6.52231e-05 0.000923788 0.00232953 0.00144133 0.00311804 0.00598291 0.0110204 0.00513479 0.00617857 -0.00317559 -0.00166409 -0.00895833 -0.0093617 0.000659898 0.000849348 0.000612531 0.00103237 0.00418478 -0.0132948 0.000333477 0.00739247 0 0.00475793 -0.00226442 -0.0083815 -0.000581916 0.000527108 -0.00155109 0.000529726 0.000206021 0.00185655 0.00365854 0.00500911 0.0011622 0.000771444 0.00193212 0.0110915 -0.000740937 1.70126e-05 0.000965108 -0.00366071 0.00110759
internal_weight=32692 548 231 187 317 274 32144 17395 3804 13591 6337 14749 1959 1232 727 565 12790 3395 7254 6293 3832 3030 3240 2462 1346 584 244 778 699 802 645 109 234 2954 2913 2856 2687 459 162 2323 185 536 598 2461 172 1116 331 273 6559 5945 2167 614 548 1978 1911 1487 141 3778 2938 1346 279 157
internal_count=32692 548 231 187 317 274 32144 17395 3804 13591 6337 14749 1959 1232 727 565 12790 3395 7254 6293 3832 3030 3240 2462 1346 584 244 778 699 802 645 109 234 2954 2913 2856 2687 459 162 2323 185 536 598 2461 172 1116 331 273 6559 5945 2167 614 548 1978 1911 1487 141 3778 2938 1346 279 157
cat_boundaries=0 1 2 3 4
cat_threshold=2470 3072 1024 2080
is_linear=0
shrinkage=0.05


Tree=151
num_leaves=63
num_cat=10
split_feature=2 13 41 42 24 38 39 3 3 25 5 9 20 39 14 30 15 6 42 25 5 10 39 5 3 25 10 39 33 2 29 18 39 44 41 33 20 5 35 41 8 19 3 2 6 27 19 13 10 44 14 6 41 20 3 42 41 27 29 33 10 6
split_gain=2.1091 3.92286 3.43246 3.39365 3.49415 6.41052 3.42361 6.13425 3.26056 3.22613 3.13003 2.90578 3.72504 4.04084 2.83119 2.71268 3.27214 2.49125 2.53094 3.79853 2.48888 2.48633 3.61349 2.79203 3.25554 2.40277 2.88687 2.84964 3.088 3.31437 2.82984 3.10835 2.56602 2.54773 4.2781 3.00582 3.25175 3.7569 3.25642 2.95308 4.67706 2.7128 2.67511 2.8037 3.28981 2.83543 2.57679 2.52178 3.03948 2.95935 2.49729 3.80086 2.49505 2.47758 3.19337 3.23045 3.01093 2.88112 3.36012 2.68472 2.91635 2.61637
threshold=0.095310179804325226 0.39741924741924745 1.5877684407096173 0.68377192982456159 0 1 2 0.43178206577676553 0.40902905848532761 3 9.0625041071526411 0.21924520644667039 0.079001481709397539 4 -0.88179429613067917 5.6500000000000012 0.54713912964115397 6.5917788034538383 0.86023255813953503 5 6.8296662200178941 0.05777126155493973 6 8.5742839991180286 0.13353139262452232 7 -0.6969979491977315 8 31.107142857142865 -0.58962465035603617 1.0000000180025095e-35 -0.66908879429415935 9 1.0000000180025095e-35 49.452109181141445 37.964285714285722 0.0070666080562934381 9.0625041071526411 0.2192585152657108 3817.1821084529506 0.096040317632161837 -0.26439725327944658 0.27871340246902016 -0.027378219417396373 7.5408491621709315 16.500000000000004 0.026944778720627397 0.75969147286821714 0.019873908141756939 0.2678571428571429 0.18232155679395481 7.8314278341205377 1.8071451355661885 -0.031657815126715512 -0.21706450523782858 0.93861852433281012 28.295789473684213 5.5000000000000009 1.0000000180025095e-35 34.178571428571438 -0.081290425958100862 7.079211706129116
decision_type=2 2 2 2 1 1 1 2 2 1 2 10 10 1 2 2 2 2 2 1 2 2 1 2 2 1 2 1 2 2 2 10 1 2 2 2 10 2 2 2 8 2 2 2 2 2 2 2 2 2 2 2 2 10 2 2 2 2 2 2 2 2
left_child=25 2 10 8 5 14 7 17 -3 11 -2 12 13 -8 -5 -4 -17 -6 19 -19 -13 22 -11 -23 -25 26 -1 52 47 -30 50 -32 53 35 42 36 38 39 41 40 -38 -34 43 44 -35 -46 -45 48 49 -29 -31 -52 -27 54 -28 56 -56 58 -55 -60 -61 -59
right_child=1 3 15 4 6 -7 9 -9 -10 21 -12 20 -14 -15 -16 16 -18 18 -20 -21 -22 23 -24 24 -26 27 32 28 29 30 31 -33 33 34 -36 -37 37 -39 -40 -41 -42 -43 -44 46 45 -47 -48 -49 -50 -51 51 -53 -54 57 55 -57 -58 61 59 60 -62 -63
leaf_value=0.0068509239630433778 0.0024229715597480941 0.00037846361470814349 -0.0011004414594286188 0.00064951227518607357 -0.0016540486092841145 -8.3637900079236416e-05 -0.003424269756289722 -0.003179091784541746 0.0045930479425426102 0.00012226105936027898 -0.00063220392138598359 0.00018391054854132122 0.0025355885970468604 0.00031631897964777079 -0.0033286516179401831 5.3128388025940057e-05 -0.0021116598759130531 0.00017198905659393909 6.0809640990793294e-05 -0.0026290448311906121 -0.0024946467739429849 0.00028451398730177166 0.0020881219190928015 0.0011262147708144439 -0.0031143686607390609 0.0036308566543351165 -0.0013107072955888398 -3.9494281948283078e-05 -0.0057060597863687612 0.00053788569916677059 -0.00076291116959937709 3.8741848534723165e-05 0.0011788012779476631 0.0024371610448554295 0.0010552333620994152 0.00067600645215196717 0.001174046702474122 -0.0040517506061268525 0.0019202961080838931 -0.00065910507484737103 -3.5920620274579321e-05 -0.00062818357961478286 -0.0033506975033703898 -7.6654650421590273e-05 0.0035109858521923487 -0.00026320335775912202 4.7064164841141891e-05 -0.0006465713980706927 -0.0003766801505777032 0.00057842736526574783 -0.00036244269067020656 0.0018152393883849234 4.2675762601272231e-05 0.0014200882636002518 0.00015779041958191863 0.00060391432535355052 -0.00084161773263113329 0.00082858920606159185 0.0015091446394720756 0.0006857337175802732 -0.0030088113143608842 0.00012316153436255341
leaf_weight=176 52 131 727 63 49 1222 119 255 55 375 41 119 58 466 365 487 80 115 1247 117 364 2510 372 46 137 52 353 1680 53 563 192 793 46 163 658 202 320 43 47 190 1105 1521 92 338 98 294 225 1263 807 210 166 59 5374 303 387 487 317 451 111 54 71 3711
leaf_count=176 52 131 727 63 49 1222 119 255 55 375 41 119 58 466 365 487 80 115 1247 117 364 2510 372 46 137 52 353 1680 53 563 192 793 46 163 658 202 320 43 47 190 1105 1521 92 338 98 294 225 1263 807 210 166 59 5374 303 387 487 317 451 111 54 71 3711
internal_value=-3.45643e-05 -0.000658101 -0.00311599 -0.000241266 -0.000396875 -0.00243829 0.000137579 -0.00171405 0.00641711 0.000863011 0.00611702 -0.00145119 0.000737578 -0.000469283 -0.00763098 -0.00378378 -0.00118838 -0.000523218 -0.000152027 -0.00493562 -0.0043905 0.00162272 0.00417781 0.000918708 -0.00502717 0.000225235 0.000724053 -0.000298494 -0.00106952 0.000629447 0.00100056 -0.000786004 0.000627805 -0.000177471 0.00131086 -0.000978417 -0.00134433 0.00021097 -0.00294118 0.000603342 0.00138499 -0.00333227 -0.00045417 0.000223414 0.00274281 0.000254453 -0.00226064 -0.00185559 -0.000991475 0.000105764 0.00323194 -0.00121681 0.000524186 0.00131474 -0.000420712 0.000817953 -0.00134752 0.00188749 0.00532407 0.000843882 -0.00416667 0.00144127
internal_weight=32547 9572 1387 8185 7999 1650 6349 1783 186 4566 93 1126 643 585 428 1294 567 1528 1479 232 483 3440 747 2693 183 22975 11763 11212 5786 1826 1773 985 11587 5342 1868 3474 3272 1658 1614 1615 1425 1567 1210 1118 555 392 563 3960 2697 1890 788 225 5426 6245 1544 1191 704 4701 539 236 125 4162
internal_count=32547 9572 1387 8185 7999 1650 6349 1783 186 4566 93 1126 643 585 428 1294 567 1528 1479 232 483 3440 747 2693 183 22975 11763 11212 5786 1826 1773 985 11587 5342 1868 3474 3272 1658 1614 1615 1425 1567 1210 1118 555 392 563 3960 2697 1890 788 225 5426 6245 1544 1191 704 4701 539 236 125 4162
cat_boundaries=0 1 2 3 4 5 6 7 8 9 10
cat_threshold=2 4 139 1158 1280 539 2816 1622 1818 6757
is_linear=0
shrinkage=0.05


Tree=152
num_leaves=63
num_cat=6
split_feature=36 13 6 36 36 21 11 39 34 39 8 2 30 10 31 27 3 5 20 7 3 42 25 9 20 21 41 22 22 27 4 31 8 9 3 22 21 39 7 12 4 19 26 10 18 12 4 41 26 12 10 12 7 42 23 41 39 23 27 3 25 41
split_gain=1.97828 3.12472 2.42905 2.2174 2.21482 3.15107 1.93381 4.59733 2.96287 4.05988 4.07208 3.28761 2.93829 2.87612 2.87414 2.84834 2.74544 2.68217 4.55619 3.16519 3.41717 4.19053 3.16159 4.35751 4.01139 3.96343 3.40971 3.10336 2.93258 2.77544 2.57069 2.56962 2.56605 2.49625 3.439 4.36776 2.41923 3.55312 4.26634 2.69449 2.59245 2.40471 2.35933 2.3448 2.25483 2.2307 2.16204 2.15357 3.62101 4.17665 4.06295 4.33606 3.50234 3.54882 3.50298 3.37197 3.46531 5.74697 5.96594 5.33261 3.74755 4.95799
threshold=0.24677607814616678 0.75546191683403385 8.0834520673652381 0.74081823551369419 0.15233166421280958 2025.1050000000002 14.500000000000002 0 1.0000000180025095e-35 1 0.40461610412424065 0.19597084107261334 116.60000000000001 -0.16364908597655201 341.60000000000008 12.500000000000002 0.20773625461480452 7.1111602819264519 0.046310433379891179 7.1613492535117773 0.18232155679395448 0.61861471861471873 2 0.20356872929004163 -0.029493183389568592 12025.000000000002 96.180635245901655 0.13158442823436525 -0.20479395810076526 17.500000000000004 0.72123633811511179 424.65000000000003 0.098664109007870648 0.039551689749991022 -0.0078126589515403726 -0.62087437273926838 1930.6450000000002 3 7.6899272846229403 81.500000000000014 -0.51082562376598994 0.052218353247680253 20.500000000000004 0.57076451452902399 -0.13677907564999861 88.500000000000014 0.33647223662121345 241.03746300780202 11.500000000000002 58.500000000000007 0.2185246089095432 51.500000000000007 7.1613492535117773 0.9536672629695887 -0.1502822030493379 134.24356872635565 4 0.55961578793542288 45.500000000000007 -1.0000000180025095e-35 5 70.478854166666693
decision_type=2 2 2 2 2 8 2 1 2 1 10 2 2 2 2 2 2 2 10 2 2 2 1 8 10 10 2 10 8 2 2 2 8 10 2 10 8 1 2 2 2 2 2 2 10 2 2 2 2 2 2 2 2 2 10 2 1 8 2 2 1 2
left_child=4 2 3 -2 6 -6 7 14 31 13 11 42 36 -10 17 -12 -13 18 28 27 22 -22 25 24 32 33 -26 30 -1 -25 -19 47 -24 -21 -35 41 -9 39 -39 -38 -40 -36 -11 -42 -45 46 -23 55 49 50 51 52 53 54 -49 56 57 58 -8 -58 61 -61
right_child=1 -3 -4 -5 5 -7 8 12 9 10 15 16 -14 -15 -16 -17 -18 19 -20 20 21 45 23 29 26 -27 -28 -29 -30 -31 -32 -33 -34 34 35 -37 37 38 40 -41 43 -43 -44 44 -46 -47 -48 48 -50 -51 -52 -53 -54 -55 -56 -57 59 -59 -60 60 -62 -63
leaf_value=0.0021027327337691292 -6.6931896083026723e-05 -0.00057802412389651447 -0.0014584524576593705 0.0011669581740231087 -0.00015787722881609596 0.0017223242742538767 0.00017240094120123686 0.00066482326849867104 -0.00070231221593439164 0.0015778320603935588 0.00035775286711548366 -6.4029721924041549e-05 0.003174638749767103 0.0040867697078999727 -0.00083720864809084953 0.0035407006352060049 -0.0035126889946187818 0.00087924187532277065 -0.0021660163361080609 0.0016979098489665154 0.0041450484227909916 -0.00077849409661877355 -3.3329303461092645e-05 3.6215347290672821e-05 0.00050618945092235532 0.0034530027546923652 -0.00061578712190054729 0.004388243124723086 -0.00018902836467790102 0.0033248981383963839 -0.00076864700078662089 0.0011359454211614343 -0.0029071981323007673 0.0012673621836480999 -0.0008788030602577692 0.0005870029716489695 -0.0027765945318637061 0.0016682473773208279 0.0011801744066309988 -0.011718868745885201 -0.00025203851985323295 9.8390170635810289e-05 -2.9963142257386058e-05 -0.00599125289590151 4.9884699769635682e-05 -0.0015167284545825118 0.00019991843752276419 -0.0017719663471553772 0.00015164032882217135 0.00092861388405749931 -0.0068764113306371668 -0.0035658237476461174 -0.00093265784459631372 0.0017493652099247481 0.0006430193237987776 -0.00040429514010038793 1.3684932433187871e-05 0.00017082551366404358 -0.0012488145751682524 -8.6244135463384457e-05 -0.00029643489441435501 0.0010879105017760717
leaf_weight=83 46 373 42 58 63 60 1588 555 54 66 50 61 123 222 102 46 63 205 87 41 55 265 50 85 227 101 168 72 282 111 49 103 85 416 115 418 203 307 57 42 2615 47 729 76 50 54 566 115 3404 236 45 44 437 168 87 1481 6143 2440 851 1263 4530 212
leaf_count=83 46 373 42 58 63 60 1588 555 54 66 50 61 123 222 102 46 63 205 87 41 55 265 50 85 227 101 168 72 282 111 49 103 85 416 115 418 203 307 57 42 2615 47 729 76 50 54 566 115 3404 236 45 44 437 168 87 1481 6143 2440 851 1263 4530 212
internal_value=-6.55628e-05 -0.003125 0.00306122 0.00714286 -1.6267e-05 0.00665323 -4.19894e-05 0.000648256 -0.000259831 0.00207043 0.000560429 -0.000461957 -0.000519931 0.00731707 0.00192152 0.0103093 -0.008 0.00216299 -0.00143488 0.00268285 0.00213904 -0.00031881 0.00337802 0.000746269 -0.00160075 0.00500435 0.00094697 0.00733945 0.00102459 0.0071066 0.00470588 -0.000389882 -0.00900735 0.0041185 0.00361083 0.00111876 -0.000761649 -0.00126828 -0.000794288 -0.00693359 -0.00141122 -0.00582822 0.000722362 -0.00163202 -0.00826772 -0.00115688 -0.000510817 -0.000425255 0.000551025 -0.00189762 -0.00345596 -0.00267019 -0.0018255 0.00175202 -0.00270936 -0.000664542 -0.00046541 0.000659509 -0.00105533 -0.000917016 -0.00197719 0.000218708
internal_weight=32792 519 146 104 32273 123 32150 7712 24438 1291 1015 919 4028 276 3684 96 124 3582 452 3130 2804 940 1864 726 530 1138 395 326 365 196 254 23147 135 1037 996 580 3905 3350 3105 245 2798 162 795 2741 126 885 831 23044 4536 1132 896 851 807 370 202 18508 17027 4879 2439 12148 6005 1475
internal_count=32792 519 146 104 32273 123 32150 7712 24438 1291 1015 919 4028 276 3684 96 124 3582 452 3130 2804 940 1864 726 530 1138 395 326 365 196 254 23147 135 1037 996 580 3905 3350 3105 245 2798 162 795 2741 126 885 831 23044 4536 1132 896 851 807 370 202 18508 17027 4879 2439 12148 6005 1475
cat_boundaries=0 1 2 3 4 5 6
cat_threshold=2263 5120 1508 256 568 521
is_linear=0
shrinkage=0.05


Tree=153
num_leaves=63
num_cat=3
split_feature=35 31 35 4 37 41 27 37 36 37 4 35 4 20 35 12 0 36 35 20 3 39 26 30 7 20 31 26 12 7 25 27 8 4 11 41 13 41 11 39 2 33 22 18 13 26 18 15 26 7 13 7 18 19 26 22 27 11 15 22 11 22
split_gain=2.24211 4.66883 4.00592 3.79433 3.43712 3.33062 3.12872 3.03855 2.86389 3.0895 3.38554 2.65254 4.63442 2.60706 2.66671 3.01506 2.30183 2.99187 3.41953 2.19011 2.1158 3.04231 3.66535 5.14042 5.04241 4.37778 3.69998 6.86546 3.54684 4.62611 3.20487 3.17328 2.93033 2.78236 2.74862 5.36451 3.25929 3.16711 3.12918 2.91974 2.75559 3.51252 2.70902 2.57558 3.02213 2.57132 2.56871 3.94173 2.64875 3.02396 2.56656 4.00439 2.91537 2.82659 3.13983 3.43208 2.54875 2.98007 2.4959 2.89368 2.49127 3.29556
threshold=0.54978522568159305 1.0500000000000003 0.0039203577458107675 0.42381388313986484 46.500000000000007 5083.9953654661031 10.500000000000002 41.500000000000007 0.0085911961743241477 107.50000000000001 -0.39304258810960707 0.058038985115292076 -0.026897768404696262 0.030415344404222989 2.9765057257934168e-10 3.5000000000000004 0.068993726079154008 0.3976605048396617 0.29141294603610784 0.010298457071801123 -0.0047471116802197946 0 27.500000000000004 1.2500000000000004 8.3532359786587698 -0.031657815126715512 260.90000000000003 36.500000000000007 79.500000000000014 7.9829472705720219 1 3.5000000000000004 0.14872544022268727 0.14694540265866254 48.500000000000007 1878.580649882904 1.1142994373541926 215.02542372881359 61.500000000000007 2 -0.098957940115522267 36.271428571428579 -0.19288665307814376 1.4499957414886873 0.39741924741924745 19.500000000000004 0.99862075916157989 1.0362634877014971 42.500000000000007 8.31786639424889 1.0000037500093755 6.5876791731206135 1.1302584752387053 -0.1013991140031648 18.500000000000004 0.071583241990996235 40.500000000000007 42.500000000000007 0.36245973267816339 0.265703786851404 85.500000000000014 -0.13573130273371761
decision_type=2 2 2 2 8 2 2 10 2 8 2 2 2 10 2 2 2 2 2 10 2 1 2 2 2 10 2 2 2 2 1 2 10 2 2 2 2 2 2 1 2 2 8 10 2 2 10 2 2 2 2 2 10 2 2 10 2 2 2 10 2 10
left_child=2 -2 4 5 7 11 -5 13 9 10 -6 12 -4 14 -1 -16 17 18 -13 -17 21 22 23 45 26 -25 27 42 29 -27 43 -29 -31 -26 35 46 39 38 -38 -36 41 60 -24 -23 -45 50 -32 48 49 -48 51 -11 53 -53 55 -55 -28 -58 59 -33 -41 -62
right_child=1 -3 3 6 8 -7 -8 -9 -10 20 -12 16 -14 -15 15 19 -18 -19 -20 -21 -22 30 24 25 33 28 56 31 -30 32 34 58 -34 -35 36 -37 37 -39 -40 40 -42 -43 -44 44 -46 -47 47 -49 -50 -51 -52 52 -54 54 -56 -57 57 -59 -60 -61 61 -63
leaf_value=0.00086422228513874421 0.00030031345865169298 -0.001215010511991371 0.0044305470324775701 0.0021120878461277515 0.00053198448253406478 0.0013723995792215761 -0.0011699709859519607 -0.002925677379224066 0.00093660825969001278 0.0042261763646904262 -0.0013441863571532116 -0.0012167796539950409 0.00016433130218112418 0.00017381969629087017 0.0013902502263388784 -0.00078946447814650213 0.0011345660285444694 0.0014014043460893544 0.00030687475941456048 -0.0030477077886598243 -4.0448866153181692e-05 0.00023449956810283679 -0.0008730748032982627 -0.00070645494100507336 -0.0047977721136259815 0.0030036251684223991 0.0015113924474806741 0.003050182570649949 0.0032139052289491031 0.00042966362705702273 -0.00026398769309519244 0.00064038246034046073 -0.0031667996561957111 0.00039408871233368104 0.0029596001577514384 -0.0047654038351819727 0.0037014095558448182 0.0037745772203827822 7.6482116007718138e-05 -0.0014097931496913536 0.00023553487452641146 0.00053350143176638949 -0.0037289286009142999 0.0029068189271650329 0.0010952651335308971 0.0027875282790907683 0.0011390295475254759 0.0025731122909670246 -0.0015267183891863969 -0.00097568217059563621 -0.0019681303122828274 -0.001967832616912499 -0.0015153542017865931 0.00088746355731513383 -0.0026258479091662993 -0.00017563015287605632 0.00080708922760170353 -0.0033246866877706285 -0.0019377030636940644 -0.0023778006468363581 0.0031715652686739393 -0.0023739507163637354
leaf_weight=44 86 236 80 40 43 165 73 60 186 60 164 116 139 75 55 183 80 60 75 48 16886 4335 197 196 172 327 249 71 108 94 1818 610 93 40 127 84 64 65 230 469 954 211 327 46 243 70 169 57 40 89 360 127 155 639 43 226 83 60 269 123 63 42
leaf_count=44 86 236 80 40 43 165 73 60 186 60 164 116 139 75 55 183 80 60 75 48 16886 4335 197 196 172 327 249 71 108 94 1818 610 93 40 127 84 64 65 230 469 954 211 327 46 243 70 169 57 40 89 360 127 155 639 43 226 83 60 269 123 63 42
internal_value=-3.44037e-05 -0.00417957 6.94916e-06 0.00343788 -8.32013e-05 0.00478352 -0.00504386 -0.00434549 -1.93019e-05 -5.66361e-05 -0.00612981 0.00290381 0.00715909 -0.00277094 -0.00468278 -0.00644599 7.53012e-05 -0.00228175 -0.00533854 -0.00894397 -1.54763e-05 0.000443648 -0.000589172 0.000720288 -0.00207766 0.00396825 -0.00129397 -0.00236233 0.00601926 0.00427184 0.000976198 -6.98324e-05 -0.00199468 -0.00938967 2.22568e-05 -0.00120682 0.00126909 0.005625 0.00338983 0.000428495 -0.000128571 -0.00232188 -0.00704762 0.0018986 0.00646552 -0.000862582 -0.000724471 0.00316011 0.00083612 0.0027027 -0.0012725 -0.00019984 -0.000839631 0.000120656 0.00110011 0.00176097 0.00305344 -0.00225694 -0.000797607 0.000715259 -0.00434783 0.00259434
internal_weight=32699 322 32377 828 31549 715 113 465 31084 30898 207 550 219 405 330 286 331 251 191 231 30691 13805 4699 2498 2201 818 1989 1597 622 514 9106 1073 187 212 4482 2257 2225 359 294 1866 1739 785 524 4624 289 1680 2173 355 298 258 1610 1250 1190 1035 908 865 392 143 1002 733 574 105
internal_count=32699 322 32377 828 31549 715 113 465 31084 30898 207 550 219 405 330 286 331 251 191 231 30691 13805 4699 2498 2201 818 1989 1597 622 514 9106 1073 187 212 4482 2257 2225 359 294 1866 1739 785 524 4624 289 1680 2173 355 298 258 1610 1250 1190 1035 908 865 392 143 1002 733 574 105
cat_boundaries=0 1 2 3
cat_threshold=3584 1489 136
is_linear=0
shrinkage=0.05


Tree=154
num_leaves=63
num_cat=2
split_feature=20 10 11 2 41 12 0 0 24 41 18 35 17 27 11 1 13 9 25 41 0 41 1 15 41 12 22 42 19 26 22 3 37 14 19 4 12 16 12 27 19 19 4 41 4 16 42 2 2 12 4 9 23 1 26 12 5 14 20 18 16 3
split_gain=2.5087 4.70475 3.36917 1.93078 2.98444 2.95043 2.90525 3.25257 3.95822 4.28496 3.31576 3.01859 2.63372 2.57692 2.42428 3.33262 2.54693 3.49593 2.3857 2.33686 4.21107 3.33927 3.24784 2.4228 2.3768 2.32794 2.31705 2.98669 2.31119 2.29041 2.42848 2.34347 2.50619 2.15117 2.13941 2.10865 2.09933 2.99969 3.80665 2.75207 2.08592 2.07559 3.11903 2.01636 1.95338 1.94685 2.37323 2.13503 2.84512 2.43764 2.42007 2.36279 2.22892 2.21391 1.96898 1.91332 1.88026 1.83919 1.86964 2.58699 1.78722 2.46844
threshold=-0.30419504921343893 0.38038659925277779 19.500000000000004 0.12444536794861262 1.5368112014453479 41.500000000000007 -0.1481210417723999 0.04725295929246754 0 3.7869910100475943 -1.0690051483933971 7.2484775439803726e-10 -0.0110380294898742 41.500000000000007 2.5000000000000004 0.080088584858696979 0.80597075072488977 0.23656147735415581 1 24.879904162923037 0.16874356380377711 9.1148351648351653 0.2876820724517804 -0.20882800423038891 5.782710597826088 79.500000000000014 -0.26225999861005594 0.9842509920634922 -0.027832416151994579 48.500000000000007 -0.23239297951165369 -0.14763554426081701 3.5000000000000004 0.099092620718544758 -0.12377628224284726 0.36986399579266133 27.500000000000004 -0.69314718055994529 19.500000000000004 31.500000000000004 -0.039190384048350325 -0.042139784641283658 0.53639803979177192 2.5086232530478743 0.40546510810816511 1.0991241559506173 0.85951206140350889 0.28768207245178129 0.63758562421369069 70.500000000000014 0.60005614773746363 0.27838676028620185 -0.048790164169432097 0.17904823144898477 28.500000000000004 14.500000000000002 8.5203132583900274 -0.19050842855340153 0.0070666080562934381 0.53214627404338177 -0.70165765314453232 0.29086288308198821
decision_type=10 2 2 2 2 2 2 2 1 2 10 2 2 2 2 2 2 8 1 2 2 2 2 2 2 2 8 2 2 2 10 2 10 2 2 2 2 2 2 2 2 2 2 2 2 2 2 2 2 2 2 10 8 2 2 2 2 2 10 10 2 2
left_child=1 2 -1 -2 5 -5 12 14 9 10 -9 18 -6 -7 15 35 25 -18 45 21 22 24 40 -23 34 41 -20 33 -29 31 -31 -16 36 -28 -10 -8 37 39 -39 -33 -21 -17 -43 -36 -30 46 -11 49 51 50 55 52 -49 -51 -53 -48 -25 -42 59 -59 61 -38
right_child=3 -3 -4 4 6 13 7 8 19 11 -12 -13 -14 -15 29 16 17 -19 26 20 -22 23 -24 56 -26 -27 27 28 44 30 -32 32 -34 -35 43 -37 60 38 -40 -41 57 42 -44 -45 -46 -47 47 48 -50 53 -52 54 -54 -55 -56 -57 -58 58 -60 -61 -62 -63
leaf_value=-0.0058711120688261734 2.5369781915399877e-05 -0.037012056488919247 0.00047424767091914789 0.0035197449588181178 0.0027092763959263005 -0.0010541562139952658 0.0017083106355413353 0.0019248576844254233 0.0033974357235416644 0.0026161482388606496 -0.0019855065685124656 -0.00060107937241331538 -6.7631539497473717e-05 0.002153807577232577 -0.0025024613128401142 0.00048796104014701448 0.0013836382674121525 -0.00073876602156065785 -0.0019606385717482262 0.0005297263563779352 -0.0030697277167459889 -0.0001208518634186917 0.0030302414595783883 0.0031804967535943697 -0.0029608371653542629 -0.0038957130285323313 0.00021837885325598911 0.00066863770546593472 -0.00071952290817714416 -0.00095180248948238547 0.0018908200460498786 -0.0039509691753142548 -0.0013818792660409691 0.0012932075243645713 -0.001632808901276451 0.00060815714903688029 -0.00078752855041660207 -0.00011050516827478603 0.0028358789122089351 2.927876526122803e-05 -0.0033117653211633263 0.0010236405044158458 -0.003103306708908537 0.00024256070131387677 -0.0027579018614973857 0.0051254138073700915 -0.0024012786411039396 0.0047550860130225791 -0.0022216458737127406 0.003301802085251031 -0.0025465441814282968 0.0019407664531470581 0.0014815291254536682 -0.0003418298423219073 -0.0016828339292395827 0.00063025357841728499 0.0006344321442607432 -0.00045037105827374361 -0.00083476104155174734 0.00076548698609559755 -0.00087566545699881225 0.0028138125018243878
leaf_weight=48 24401 46 171 51 310 71 72 71 56 125 316 94 363 51 224 52 79 47 119 129 431 65 73 78 112 69 386 115 104 87 81 46 98 246 108 92 110 445 134 48 49 78 53 256 54 81 70 86 70 90 74 74 150 55 57 217 40 59 90 63 1112 56
leaf_count=48 24401 46 171 51 310 71 72 71 56 125 316 94 363 51 224 52 79 47 119 129 431 65 73 78 112 69 386 115 104 87 81 46 98 246 108 92 110 445 134 48 49 78 53 256 54 81 70 86 70 90 74 74 150 55 57 217 40 59 90 63 1112 56
internal_value=4.27363e-05 -0.00479323 -0.00170455 8.23229e-05 -0.000586927 0.0058908 -0.000729167 -0.00102111 -0.00013485 0.00105066 -0.00380155 0.00188492 0.00241098 0.00162602 -0.0022872 0.000736648 -0.00184697 0.00393701 0.00226541 -0.00208333 -0.00379888 3.49162e-05 -0.000484914 0.00584239 -0.00196998 -0.00474308 0.000483092 0.0013521 -0.00301095 -0.00295864 0.00266272 -0.00337511 -0.00284146 0.00323855 -0.00023753 0.00666667 -0.00244621 -0.00018546 0.00116379 -0.00842105 -0.00230179 -0.0017663 -0.00511364 -0.00164384 -0.00691824 0.00381466 0.00327409 0.00240996 0.00496575 0.000197239 -0.00200276 0.00672554 0.00970464 0.00565068 0.00132576 8.68056e-05 0.010084 -0.00486641 -0.0028169 0.00121951 -0.00363565 0.0011976
internal_weight=32758 265 219 32493 8092 173 7919 7246 4263 2654 387 2267 673 122 2983 542 378 126 2173 1609 894 715 463 183 532 252 1024 905 273 2441 168 2273 2049 632 420 164 1951 673 579 94 390 183 131 364 158 1149 1068 943 437 506 361 367 236 145 131 287 118 261 212 122 1278 166
internal_count=32758 265 219 32493 8092 173 7919 7246 4263 2654 387 2267 673 122 2983 542 378 126 2173 1609 894 715 463 183 532 252 1024 905 273 2441 168 2273 2049 632 420 164 1951 673 579 94 390 183 131 364 158 1149 1068 943 437 506 361 367 236 145 131 287 118 261 212 122 1278 166
cat_boundaries=0 1 2
cat_threshold=13 867
is_linear=0
shrinkage=0.05


end of trees

feature_importances:
commodity_id=709
month=626
roll_mean_30=385
price_vs_nbr=369
tmax_7d_mean=359
mandi_liquidity=338
rain_7d_sum=330
week_of_year=322
price_vs_ma30=307
days_to_festival=299
rain_30d_sum=298
lag_7=293
days_since_min_90=292
nbr_price_mean_k4=283
roll_mean_14=260
roll_std_30=257
lag_14=249
roll_std_7=246
price_arrival_elasticity=243
lag_30=239
spread_pct=230
lag_3=226
mandi_data_quality=223
roll_mean_7=218
days_since_max_90=218
arr_zscore_seasonal=188
arr_vs_ma30=182
nbr_arr_change=176
arr_momentum=173
lag_1=161
shock_active_bearish=133
days_since_shock=130
arr_lag_7=121
arr_lag_3=119
arr_lag_1=102
shock_active_bullish=70
harvest_season_flag=54
imputed_share_14d=54
mandi_id=49
perishability_class=41
dow=26
unseasonal_rain_flag=6
festival_demand_effect=5
days_since_observation=1

parameters:
[boosting: gbdt]
[objective: quantile]
[metric: quantile]
[tree_learner: serial]
[device_type: cpu]
[data_sample_strategy: bagging]
[data: ]
[valid: ]
[num_iterations: 800]
[learning_rate: 0.05]
[num_leaves: 63]
[num_threads: 0]
[seed: 42]
[deterministic: 1]
[force_col_wise: 0]
[force_row_wise: 0]
[histogram_pool_size: -1]
[max_depth: -1]
[min_data_in_leaf: 40]
[min_sum_hessian_in_leaf: 0.001]
[bagging_fraction: 0.8]
[pos_bagging_fraction: 1]
[neg_bagging_fraction: 1]
[bagging_freq: 1]
[bagging_seed: 400]
[bagging_by_query: 0]
[feature_fraction: 0.8]
[feature_fraction_bynode: 1]
[feature_fraction_seed: 30056]
[extra_trees: 0]
[extra_seed: 12879]
[early_stopping_round: 0]
[early_stopping_min_delta: 0]
[first_metric_only: 0]
[max_delta_step: 0]
[lambda_l1: 0]
[lambda_l2: 1]
[linear_lambda: 0]
[min_gain_to_split: 0]
[drop_rate: 0.1]
[max_drop: 50]
[skip_drop: 0.5]
[xgboost_dart_mode: 0]
[uniform_drop: 0]
[drop_seed: 17869]
[top_rate: 0.2]
[other_rate: 0.1]
[min_data_per_group: 100]
[max_cat_threshold: 32]
[cat_l2: 10]
[cat_smooth: 10]
[max_cat_to_onehot: 4]
[top_k: 20]
[monotone_constraints: ]
[monotone_constraints_method: basic]
[monotone_penalty: 0]
[feature_contri: ]
[forcedsplits_filename: ]
[refit_decay_rate: 0.9]
[cegb_tradeoff: 1]
[cegb_penalty_split: 0]
[cegb_penalty_feature_lazy: ]
[cegb_penalty_feature_coupled: ]
[path_smooth: 0]
[interaction_constraints: ]
[verbosity: -1]
[saved_feature_importance_type: 0]
[use_quantized_grad: 0]
[num_grad_quant_bins: 4]
[quant_train_renew_leaf: 0]
[stochastic_rounding: 1]
[linear_tree: 0]
[max_bin: 255]
[max_bin_by_feature: ]
[min_data_in_bin: 3]
[bin_construct_sample_cnt: 200000]
[data_random_seed: 175]
[is_enable_sparse: 1]
[enable_bundle: 1]
[use_missing: 1]
[zero_as_missing: 0]
[feature_pre_filter: 1]
[pre_partition: 0]
[two_round: 0]
[header: 0]
[label_column: ]
[weight_column: ]
[group_column: ]
[ignore_column: ]
[categorical_feature: 24,25,38,39]
[forcedbins_filename: ]
[precise_float_parser: 0]
[parser_config_file: ]
[objective_seed: 16083]
[num_class: 1]
[is_unbalance: 0]
[scale_pos_weight: 1]
[sigmoid: 1]
[boost_from_average: 1]
[reg_sqrt: 0]
[alpha: 0.5]
[fair_c: 1]
[poisson_max_delta_step: 0.7]
[tweedie_variance_power: 1.5]
[lambdarank_truncation_level: 30]
[lambdarank_norm: 1]
[label_gain: ]
[lambdarank_position_bias_regularization: 0]
[eval_at: ]
[multi_error_top_k: 1]
[auc_mu_weights: ]
[num_machines: 1]
[local_listen_port: 12400]
[time_out: 120]
[machine_list_filename: ]
[machines: ]
[gpu_platform_id: -1]
[gpu_device_id: -1]
[gpu_device_id_list: ]
[gpu_use_dp: 0]
[num_gpu: 1]

end of parameters

pandas_categorical:[[0, 1, 2, 3, 4], [1, 2, 3, 4, 5, 6, 7, 8, 9, 10, 11, 12], [3, 6, 11, 14], [1, 2, 3, 4, 6, 7, 8, 9, 10, 11, 12, 13, 14]]
