tree
version=v4
num_class=1
num_tree_per_iteration=1
label_index=0
max_feature_idx=44
objective=quantile
feature_names=lag_1 lag_3 lag_7 lag_14 lag_30 roll_mean_7 roll_mean_14 roll_mean_30 roll_std_7 roll_std_30 price_vs_ma30 days_since_max_90 days_since_min_90 spread_pct arr_lag_1 arr_lag_3 arr_lag_7 arr_vs_ma30 arr_zscore_seasonal arr_momentum price_arrival_elasticity nbr_price_mean_k4 price_vs_nbr nbr_arr_change dow month week_of_year days_to_festival festival_demand_effect harvest_season_flag rain_7d_sum rain_30d_sum rain_forecast_7d tmax_7d_mean unseasonal_rain_flag shock_active_bearish shock_active_bullish days_since_shock mandi_id commodity_id perishability_class mandi_liquidity mandi_data_quality days_since_observation imputed_share_14d
feature_infos=[-2.8134107167600364:2.9957322735539913] [-2.5902671654458267:2.7080502011022105] [-2.8622008809294686:2.9957322735539913] [-3.1498829533812494:3.218875824868201] [-3.0910424533583156:3.218875824868201] [4.052246075469971:10.46310334047155] [4.1328936620566648:10.46310334047155] [4.4870250709645587:10.46310334047155] [0:2.6669669761961048] [0:1.4536170984055254] [-2.2878113378681944:2.3026109694785584] [0:89] [0:89] [0:16.37142857142857] [-8.6236171414272604:8.4657104053920698] [-8.7582395272519964:8.4980103719994649] [-8.6251682860815357:8.6259354824204717] [-7.5348100162628535:5.8247001161970875] [-7.4661934379622323:6.2980306798943877] [-1.7500262753021854:1.4186296650765369] [-0.6145602448000721:0.74229486839195358] [160:35000] [-4.6051701859880909:2.7785497473069753] [-7.7345588443547566:8.128880142125638] -1:3:4:2:1:0 -1:5:4:3:6:2:9:10:7:8:0:1:11 [1:52] [0:60] [0:1] [0:1] [0:430.90000000000003] [0:681.69999999999993] none [23.014285714285712:42.828571428571429] [0:1] [0:3.2752563032437774] [0:3.8204239710373695] [0:127] -1:1:2:3:0 -1:10:11:12:8:2:9:1:0:3:7:4:5:6 [1:5] [0.82222222222222208:20605.443333333336] [0.33333333333333337:1] [0:2] [0:0.69999999999999996]
tree_sizes=5500 5719 5744 5770 5734 5701 5709 5707 5756 5662 5687 5681 5774 5748 5762 5715 5753 5774 5797 5704 5749 5741 5726 5810 5739 5719 5735 5710 5757 5786 5748 5827 5792 5782 5738 5714 5697 5787 5776 5755 5769 5799 5853 5816 5774 5811 5826 5819 5750 5782 5801 5788 5841 5740 5801 5799 5787 5815 5792 5785 5799 5813 5819 5752 5814 5809 5772 5845 5855 5824 5807 5856 5782 5784 5771 5791 5779 5783 5753 5815 5871 5830 5833 5818 5788 5809 5789 5828 5747 5852 5808 5798 5860 5780 5793 5864 5840 5887 5823 5724 5885 5854 5783 5863 5863 5836 5802 5809 5771 5835 5835 5799 5797 5819 5783 5838 5848 5848 5793 5805 5826 5875 5861 5866 5880 5823 5827 5889 5796 5799 5760 5850 5871 5834 5816 5844 5832 5839 5837 5820 5818 5808 5829 5862 5823 5804 5841 5814

Tree=0
num_leaves=63
num_cat=7
split_feature=1 39 0 0 2 25 1 9 2 12 13 2 9 3 7 40 7 2 30 0 31 38 3 1 42 15 4 42 25 9 25 1 42 30 8 40 33 0 30 19 44 4 9 31 21 12 3 5 31 25 26 14 40 1 21 31 15 6 39 33 27 30
split_gain=129.838 42.5111 22.0708 13.6848 11.8655 10.47 9.72378 7.46916 7.2281 6.47414 7.70379 7.05326 5.71243 5.61951 4.91688 6.48291 5.55487 4.78376 4.66824 4.60462 4.43065 4.14591 3.90044 3.74461 3.63748 3.62903 3.55055 3.00246 2.95049 2.87655 2.87183 2.77157 2.75274 3.349 2.69797 2.68651 2.594 2.5712 2.50301 2.65572 2.49898 3.05942 2.59085 2.47758 2.476 2.47195 2.71405 2.86951 2.43031 2.41725 2.41348 2.32185 2.31941 2.26226 2.20162 2.19555 2.16159 2.13393 3.31505 2.53415 3.13747 2.11078
threshold=0.27883089747602346 0 0.40567836129921148 0.19287486886049934 0.27592925536237184 1 0.77139833465241259 0.13675622412554991 0.46445919437097866 31.500000000000004 1.4285721938802844 0.46445919437097866 0.16393674255250926 0.22647135260434273 7.9667600759180521 1.5000000000000002 8.5110270320721089 0.28376836614561501 0.15000000000000005 0.11778482137385816 0.65000000000000024 2 0.61350217182287958 -0.19415601444095773 0.96899038461538478 -0.27073258535505079 0.29849374591933625 0.90754985754985762 3 0.26007240679786425 4 0.079295093414279108 0.93700396825396837 24.750000000000004 0.36711093790326293 2.5000000000000004 38.164285714285725 0.14907372996658455 63.550000000000004 0.05877798190701549 1.0000000180025095e-35 -0.15579719941366751 0.26789989027417777 35.750000000000007 1831.2500000000002 83.500000000000014 -0.20763936477824393 8.1883012597715084 15.750000000000002 5 47.500000000000007 -0.94161896704563619 1.5000000000000002 0.45516475404233653 3204.0000000000005 154.55000000000004 0.36245973267816339 7.6560336283832342 6 29.050000000000004 52.500000000000007 13.650000000000004
decision_type=2 1 2 2 2 1 2 8 2 2 2 2 10 2 2 2 2 2 2 2 2 1 2 2 2 2 2 2 1 10 1 2 2 2 8 2 2 2 2 2 2 2 10 2 8 2 2 2 2 1 2 2 2 2 8 2 2 2 1 2 2 2
left_child=1 3 8 5 7 9 13 -3 30 -1 11 14 57 -4 21 16 20 31 27 35 -16 -11 52 50 26 53 34 -5 38 43 37 -14 -22 45 -10 -9 -29 -2 39 -20 42 -42 61 -27 -43 46 -34 -48 -18 51 -23 -21 -6 -15 -55 -53 -8 -7 -59 60 -60 -25
right_child=2 4 6 18 22 12 56 19 24 10 -12 -13 17 25 15 -17 48 -19 28 49 32 23 -24 40 -26 29 -28 36 -30 -31 -32 -33 33 -35 -36 -37 -38 -39 -40 -41 41 44 -44 -45 -46 -47 47 -49 -50 -51 -52 55 -54 54 -56 -57 -58 58 59 -61 -62 -63
leaf_value=-0.28768208622932434 -0.29521072804927828 -0.28105414171121973 -0.30243865663294189 -0.30383140232255668 -0.29258110523223879 -0.28133196188213272 -0.36443240166388052 -0.28517230782171982 -0.29946436748184069 -0.28663548612928924 -0.28496798391525263 -0.31238309568111544 -0.28623356130185468 -0.301682825302232 -0.30022719197905412 -0.29038347536221421 -0.29646861157668669 -0.29364044103139664 -0.29912726538045631 -0.29720638346912892 -0.28533653510528739 -0.28500065065762586 -0.30757312840713996 -0.29357148617505102 -0.29644583462364188 -0.3104793666079888 -0.3120293117098481 -0.29911605912968775 -0.29163917708843651 -0.30147144939169035 -0.29382928397416347 -0.29350894358491536 -0.29158310521801906 -0.28544103772445023 -0.30035418109571183 -0.28175084739790329 -0.287153892646696 -0.29690744296373361 -0.29051407689840147 -0.30577865955580052 -0.29220103873776193 -0.30636790537143205 -0.28776619066828102 -0.30214183475151468 -0.30320460877603622 -0.30525521627346686 -0.30096724476515713 -0.29636207239575324 -0.30745204227883638 -0.28565562674640271 -0.2993149354415976 -0.28848210222726561 -0.28602071158872061 -0.3224875712563261 -0.31576963690411131 -0.29352751491992746 -0.32231578923869419 -0.28296917959547774 -0.30065665391324159 -0.2872774486962747 -0.28353758900043718 -0.29520408744688886
leaf_weight=1267 371 9295 222 93 468 1193 97 3779 98 369 451 41 2830 57 56 209 45 519 132 59 72 244 83 175 115 42 230 280 565 151 1324 713 98 47 48 2728 72 254 83 42 89 41 159 40 74 50 41 59 41 788 46 441 313 47 48 158 43 775 91 147 41 47
leaf_count=1267 371 9295 222 93 468 1193 97 3779 98 369 451 41 2830 57 56 209 45 519 132 59 72 244 83 175 115 42 230 280 565 151 1324 713 98 47 48 2728 72 254 83 42 89 41 159 40 74 50 41 59 41 788 46 441 313 47 48 158 43 775 91 147 41 47
internal_value=-0.287779 -0.28674 -0.297364 -0.289147 -0.28524 -0.288529 -0.304881 -0.284952 -0.295056 -0.290628 -0.292134 -0.293463 -0.287287 -0.302098 -0.293026 -0.296319 -0.299359 -0.288406 -0.294042 -0.286077 -0.296963 -0.29112 -0.290954 -0.292959 -0.300477 -0.305752 -0.302854 -0.298164 -0.291801 -0.301721 -0.293685 -0.287748 -0.294924 -0.297057 -0.296662 -0.28551 -0.296011 -0.296526 -0.296134 -0.299854 -0.295319 -0.29978 -0.292905 -0.309248 -0.305139 -0.299369 -0.296778 -0.302534 -0.3109 -0.288629 -0.288369 -0.290836 -0.28985 -0.3118 -0.316588 -0.28994 -0.31676 -0.285264 -0.286905 -0.291492 -0.296629 -0.296382
internal_weight=32596 29409 3187 11297 18112 10030 747 17248 2440 3721 2454 2003 6309 607 1962 718 509 4062 1267 7953 423 1244 864 875 491 385 376 445 822 233 1949 3543 367 295 146 6507 352 625 257 174 585 204 381 82 115 248 198 100 86 1446 290 658 781 152 95 599 140 2247 1054 279 132 222
internal_count=32596 29409 3187 11297 18112 10030 747 17248 2440 3721 2454 2003 6309 607 1962 718 509 4062 1267 7953 423 1244 864 875 491 385 376 445 822 233 1949 3543 367 295 146 6507 352 625 257 174 585 204 381 82 115 248 198 100 86 1446 290 658 781 152 95 599 140 2247 1054 279 132 222
cat_boundaries=0 1 2 3 4 5 6 7
cat_threshold=3400 3203 2 2240 1665 1420 1032
is_linear=0
shrinkage=1


Tree=1
num_leaves=63
num_cat=9
split_feature=1 39 2 41 2 22 25 2 1 12 40 7 25 15 22 41 7 22 7 20 22 30 38 2 22 19 2 1 22 27 25 25 20 1 25 16 14 10 13 3 21 4 1 27 3 6 42 10 7 16 25 39 13 20 4 19 17 18 11 22 19 21
split_gain=103.243 38.4258 16.5145 14.1809 12.721 11.9833 10.0709 9.08533 8.61337 6.31182 6.79432 14.4947 6.23536 6.18118 5.66042 5.69976 5.35234 4.96698 4.52561 3.8342 3.80305 3.80173 3.80091 5.36426 3.70613 3.62533 3.44734 3.37966 3.29391 3.21421 3.21347 3.06973 3.01611 2.69948 2.61124 2.60086 2.64542 2.54507 2.4031 2.39516 2.38032 2.35854 2.3577 2.32151 2.31804 2.26455 2.23014 2.22889 2.10402 2.05011 2.02378 2.2848 2.01842 1.97493 1.93727 1.98507 1.97716 1.92668 1.92218 1.90734 1.88794 1.85389
threshold=0.2876853590842981 0 0.31722051724789996 11.460158730158733 0.32487563298087802 0.60171473684794485 1 0.35157165057755352 0.53899650073268701 43.500000000000007 3.5000000000000004 8.552976757690816 2 -1.0976309340841846 0.081423872431919925 8.2269383135257517 8.380645428512997 0.15951880586747758 8.0439030218273064 -0.39487805025586709 -0.17149310944028504 40.050000000000004 3 -0.010856564140719003 0.91717249359571107 0.087614344496754079 0.0039610434056562846 0.055919468900404119 0.27291298879293052 34.500000000000007 4 5 0.18736097351232806 0.43837994655876017 6 0.25337947805967592 -0.57981849525294182 0.14558401118624789 0.51648434971713364 0.26236426446749089 5705.0000000000009 -1.4388113718587412 0.22314355131421018 17.500000000000004 0.22647135260434273 7.8477763057357706 0.83063885267275106 1.7710725402242392e-05 7.5699780036358293 -1.0000000180025095e-35 7 8 1.0000037500093755 -0.058098504895122534 0.029051479580673781 -0.057479925444075042 0.052120286455963789 -0.74954118273076831 25.500000000000004 0.3741536350756331 -0.1177084595001546 6518.7500000000009
decision_type=2 1 2 2 2 10 1 2 2 2 2 2 1 2 8 2 2 8 2 10 8 2 1 2 10 2 2 2 10 2 1 1 10 2 1 2 2 2 2 2 10 2 2 2 2 2 2 2 2 2 1 1 2 10 2 2 2 8 2 8 2 8
left_child=1 4 17 7 6 8 9 27 16 -1 11 18 45 -10 -8 29 34 46 22 -5 -14 26 -11 -24 37 31 53 -3 -25 -16 33 -15 -9 -19 57 36 -22 41 -32 -35 59 -17 -21 -37 -12 -6 -2 -31 -7 -18 51 -29 -47 -20 56 -56 -53 -4 -43 -39 -36 -62
right_child=2 3 5 19 12 48 14 32 13 10 44 -13 20 25 15 24 49 30 21 42 35 -23 23 28 -26 -27 -28 50 -30 47 38 -33 -34 39 60 43 -38 40 -40 -41 -42 58 -44 -45 -46 52 -48 -49 -50 -51 -52 54 -54 -55 55 -57 -58 -59 -60 -61 61 -63
leaf_value=-0.00075965855966023685 -0.016472745401985355 0.0029245719677894939 -0.0099058036462441532 -0.014705317905012699 0.00054828119492275249 -0.036093092933940328 0.0035200125972858418 -0.0056441995501518242 -0.092196312784120743 0.0008501574000666424 0.0036705708800143658 -0.01951753650848809 -0.0055523170784770818 -0.019508043369490888 -0.002241653280489093 -0.013125781801798644 -0.020391207282278216 -0.007436141917909006 0.00047809634159906269 0.0063451731001846288 -0.015620972206729018 0.0048936004551782073 -0.0046709756372181306 -0.0060052870108509154 -0.018932535905150861 -0.027525648530335886 -0.012020532915400475 0.00066900606342949753 -0.012134501847825455 -0.0082791206386010046 -0.014755706727145965 -0.011806499870729348 -0.030435881414497368 -0.01689448842233212 -0.0025847980936395693 -0.022574316277077438 -0.011568384160214239 0.0017065575012288588 -0.0075828268847700307 -0.020972488311993696 -0.016035547830067883 -0.0021964763823062146 -0.0010667183495475052 -0.0095473681301212181 -0.01691163008054922 -0.012644432810380897 -0.0027081672178743835 -0.015995111213891338 -0.043934727322686253 -0.019088431564068517 0.0011827747404854233 -0.0053293455496871631 -0.0046244870470441082 -0.011835583391100309 -0.011846026623187303 -0.004308780948156966 0.0017863348060380417 -0.0018713897046070832 0.0034534183064012327 -0.0068973356938177612 -0.0085758010866580983 -0.01672834101739451
leaf_weight=1676 62 4908 86 82 304 76 3432 267 69 366 410 73 118 105 171 50 53 173 41 10604 62 46 637 278 46 84 72 282 59 63 131 147 41 81 45 43 206 282 449 41 41 696 284 95 43 51 728 90 70 72 1147 174 79 234 67 182 145 265 1297 420 97 61
leaf_count=1676 62 4908 86 82 304 76 3432 267 69 366 410 73 118 105 171 50 53 173 41 10604 62 46 637 278 46 84 72 282 59 63 131 147 41 81 45 43 206 282 449 41 41 696 284 95 43 51 728 90 70 72 1147 174 79 234 67 182 145 265 1297 420 97 61
internal_value=0.000162623 0.00104231 -0.00884841 0.00247142 -0.00122215 -0.0132413 -0.000720733 0.000750624 -0.0114101 -0.00271794 -0.00444911 -0.0058218 -0.00673618 -0.0171798 0.00047583 -0.00105163 -0.00794853 -0.00559724 -0.00489331 0.00360496 -0.0103364 -0.0096066 -0.00350485 -0.0051066 -0.000331804 -0.0143027 -0.0113937 0.00112583 -0.0102515 -0.00732308 -0.00819064 -0.0112253 -0.00763754 -0.0125 -0.00581982 -0.0128256 -0.00988848 -9.68782e-05 -0.00566836 -0.0186179 -0.00260081 0.000814579 0.00368629 -0.0184173 0.00102423 -0.00208989 -0.00271808 -0.0125649 -0.0266667 -0.0172619 -0.000608108 -0.00243902 -0.00763359 -0.00878623 -0.0042487 -0.00762 -0.00173437 -0.00288674 0.00108576 -0.00190612 -0.0102103 -0.0132704
internal_weight=32559 29664 2895 18183 11481 1230 10523 7213 1084 3935 2259 1806 958 405 6588 3156 679 1665 1733 10970 524 393 1340 974 2832 336 347 6905 337 324 875 252 308 295 554 406 268 2786 580 122 743 2043 10888 138 453 434 790 153 146 125 1997 850 130 275 568 249 319 351 1993 702 203 158
internal_count=32559 29664 2895 18183 11481 1230 10523 7213 1084 3935 2259 1806 958 405 6588 3156 679 1665 1733 10970 524 393 1340 974 2832 336 347 6905 337 324 875 252 308 295 554 406 268 2786 580 122 743 2043 10888 138 453 434 790 153 146 125 1997 850 130 275 568 249 319 351 1993 702 203 158
cat_boundaries=0 1 2 3 4 5 6 7 8 9
cat_threshold=3400 3203 2352 2 1728 711 2865 1480 33
is_linear=0
shrinkage=0.05


Tree=2
num_leaves=63
num_cat=7
split_feature=1 39 22 0 41 25 0 2 22 2 22 21 2 2 0 0 42 22 11 2 1 22 16 15 4 18 0 2 20 25 25 3 26 22 21 31 22 16 31 25 41 1 41 31 26 8 44 33 18 2 22 6 39 5 19 0 15 25 2 22 15 11
split_gain=95.8545 38.0037 18.4045 14.471 11.8253 9.59993 8.97954 7.44747 6.5223 6.36905 5.26894 5.15384 5.18081 4.74292 4.26232 4.15554 3.55506 3.51108 3.66483 3.37153 2.99114 2.85706 2.84316 2.75831 2.82371 2.75809 2.59871 2.68546 2.50665 2.46777 2.43329 2.36394 2.33038 2.27436 2.22717 2.22588 2.19252 2.5646 2.24238 4.19036 2.92251 3.67578 2.68408 2.4119 3.07441 2.16404 2.45569 2.24802 2.1072 2.09113 2.0173 2.00311 1.94958 5.12811 2.44109 2.29838 1.938 1.92182 2.32394 3.35062 1.91321 2.53447
threshold=0.32542240043462872 0 0.28038210854358653 0.19287486886049934 12.405458089668619 1 0.70541757802971594 0.35157165057755352 0.61908518982862593 0.41985421823174246 0.074405328376167729 6132.5000000000009 0.435318071257846 0.32487563298087802 0.10706691272398584 0.22314355131421018 0.90754985754985762 -0.034598839086347331 44.500000000000007 0.51770662900975639 0.53899650073268701 -0.17149310944028504 0.25337947805967592 -0.69314718055994495 0.20067069546215113 -0.91358972621455392 0.2950248806830183 0.21387020864661424 0.045326064010910189 2 3 0.31108464681707476 29.500000000000004 0.54671591762331107 1249.7850000000001 5.1500000000000012 0.27291298879293052 0.18975653528147299 291.95000000000005 4 55.243766578249343 -0.15702574921367549 119.21896103896104 35.750000000000007 8.5000000000000018 0.21684638599709891 1.0000000180025095e-35 28.764285714285723 0.21710982678749102 0.25245234062724992 -0.58297270436834825 7.9751046914501362 5 7.827472448175457 0.19985200806471995 -0.041820110759960276 -1.1343916212631944 6 0.045745056185307227 -0.031726573931293876 -0.063731441583683809 58.500000000000007
decision_type=2 1 10 2 2 1 2 2 10 2 8 8 2 2 2 2 2 8 2 2 2 10 2 2 2 8 2 2 10 1 1 2 2 10 8 2 10 2 2 1 2 2 2 2 2 10 2 2 10 2 10 2 1 2 2 2 2 1 2 10 2 2
left_child=1 3 6 5 7 19 11 14 13 45 -5 29 30 17 57 49 -8 35 34 -1 -11 -15 -23 -14 -25 -22 -12 -28 -9 -2 50 -20 -10 -27 -19 52 38 -38 39 42 41 -41 -36 44 -43 -4 -47 -48 -29 -6 -13 -26 53 54 -7 -55 -17 -3 -59 -60 61 -31
right_child=2 4 9 10 15 8 16 28 32 20 26 12 23 21 -16 56 -18 18 31 -21 25 22 -24 24 51 33 27 48 -30 60 -32 -33 -34 -35 36 -37 37 -39 -40 40 -42 43 -44 -45 -46 46 47 -49 -50 -51 -52 -53 -54 55 -56 -57 -58 58 59 -61 -62 -63
leaf_value=0.0025563205662858975 -0.0011097558638913695 0.0053139652835506009 -0.002004832546173375 -0.0048608524632624533 0.0060356038781921029 0.00034530536012081876 -0.088303481345267429 -0.0019123467514350696 -0.0049335816960024903 -0.012071533551303094 -0.009082776156559785 -0.012606163661734613 -0.018139493041668849 -0.005963009508409868 -0.0018097681395101029 -0.0090809072494032594 -0.022089790193158102 0.00078772010586556176 0.00064718688753237844 -0.0079998593433991735 -0.039308847312722751 -0.013184516472755531 -0.014391756159737177 -0.0056850193941520195 -0.015943005751500282 -0.013219592989231328 -0.01149977431731955 -0.010250975379467758 -0.012281931456414291 -0.0075985515149776918 -0.0066530794247126011 -0.011606803225705637 -0.021602215076446191 -0.046873851713345856 -0.012013622792128965 0.0019665014912276526 -0.0069792848944730222 -0.018482124203461126 0.001155620800579507 -0.0020457249907676329 -0.0027640183784553448 -0.0087165331759720549 -0.025357995869998498 -0.0058978014252075639 -0.017280967019143122 -0.011425765707071722 -0.028353274040295209 -0.014670768452353928 -0.018202693638709126 0.00021776696942749411 -0.017140056461126096 -0.023118636751471605 0.0043331473805123021 -0.0075405105743597441 -0.012919306713980555 -0.016882294241297554 -0.00041127992431187798 0.0027324915547645907 0.00050729758575506119 -0.0074853437649257479 -0.0058033651550368987 -0.0038437679050462147
leaf_weight=4506 472 2369 47 607 10316 347 53 181 50 89 411 210 58 231 1406 40 82 246 1031 138 40 93 51 61 76 52 240 68 165 90 357 109 72 66 75 1643 113 50 149 175 496 80 41 133 54 137 44 69 65 396 49 94 267 74 52 49 295 2527 693 198 271 76
leaf_count=4506 472 2369 47 607 10316 347 53 181 50 89 411 210 58 231 1406 40 82 246 1031 138 40 93 51 61 76 52 240 68 165 90 357 109 72 66 75 1643 113 50 149 175 496 80 41 133 54 137 44 69 65 396 49 94 267 74 52 49 295 2527 693 198 271 76
internal_value=0.000246219 0.00102168 -0.00917602 -0.00120832 0.00242674 -0.00056411 -0.0069 0.000901194 -0.00194044 -0.0173028 -0.00599497 -0.00596694 -0.00863686 -0.00169155 0.00124618 0.00346986 -0.0193015 -0.00129797 -0.00252089 0.00112138 -0.023246 -0.00711436 -0.0126207 -0.0141552 -0.0116164 -0.0274214 -0.00870064 -0.0117246 -0.0062536 -0.0033022 -0.00602917 -0.000350569 -0.0133333 -0.0231933 -0.00405456 8.63134e-05 -0.00484272 -0.0102744 -0.00409884 -0.00490995 -0.00364594 -0.00663657 -0.0135433 -0.0103172 -0.015037 -0.0122987 -0.0141434 -0.0196053 -0.0174254 0.00364137 -0.00964815 -0.0149123 -0.00209494 -0.00382739 -0.0011375 -0.0127823 -0.00200893 0.00184606 0.00107612 -0.00111547 -0.00594866 -0.0102994
internal_weight=32795 30302 2493 11716 18586 10325 1949 7539 5681 544 1391 1814 905 5559 7193 11047 135 5184 2752 4644 247 375 144 289 231 158 784 373 346 909 616 1140 122 118 1612 2432 1366 163 1203 1054 938 442 116 267 134 297 250 113 133 10712 259 170 789 522 399 123 335 5787 3418 891 437 166
internal_count=32795 30302 2493 11716 18586 10325 1949 7539 5681 544 1391 1814 905 5559 7193 11047 135 5184 2752 4644 247 375 144 289 231 158 784 373 346 909 616 1140 122 118 1612 2432 1366 163 1203 1054 938 442 116 267 134 297 250 113 133 10712 259 170 789 522 399 123 335 5787 3418 891 437 166
cat_boundaries=0 1 2 3 4 5 6 7
cat_threshold=3400 316 2420 1671 128 1280 2609
is_linear=0
shrinkage=0.05


Tree=3
num_leaves=63
num_cat=5
split_feature=1 39 10 41 25 40 8 22 2 10 2 22 40 7 41 17 10 22 7 2 22 41 21 25 22 26 40 25 4 8 1 12 1 12 8 23 1 41 27 25 21 3 10 26 23 10 20 16 41 2 7 11 7 7 23 1 30 5 27 11 26 8
split_gain=90.0875 33.998 14.7219 11.932 11.8399 11.2998 8.45505 6.87666 5.97378 5.79786 5.69005 5.31152 4.66839 13.3152 6.13648 4.17121 4.12243 3.0787 3.06645 3.1882 3.04087 5.18672 3.27612 3.00305 2.94745 2.91935 2.81391 3.36336 4.19461 2.80403 3.00483 2.79837 2.75923 2.74394 2.72359 2.70147 3.0382 2.60774 2.57105 3.26817 2.54792 3.18304 2.47079 2.47025 2.44094 2.66266 2.56249 2.42146 2.4168 2.38726 2.26569 2.17877 2.42438 2.89849 2.5668 2.13914 2.29209 2.1228 3.14964 2.65372 3.15306 2.11988
threshold=0.2876853590842981 0 0.57076451452902399 12.405458089668619 1 1.5000000000000002 0.44054331623321369 0.70949052489164355 0.28376836614561501 0.073279557331623849 0.3829922522561065 0.28038210854358653 1.5000000000000002 8.1708350671697865 81.736594394500273 0.51421785988528346 0.16468661873663717 0.31808203472047142 6.703854655643009 0.12676163805641097 -0.028575802481467395 6.919005102040817 3457.9150000000004 2 -0.067780115157713719 12.500000000000002 1.5000000000000002 3 -0.15579719941366751 0.27118494049013014 -0.040663145327679999 63.500000000000007 0.19574592847927311 30.500000000000004 0.47771327728873553 0.57536414490356191 -0.34174903056409262 39.686097427476746 35.500000000000007 4 2640.7500000000005 0.20773625461480452 0.32701778180634383 3.5000000000000004 -0.61001208798634099 0.29812802114880249 -0.0013993578509519863 -0.036367644170874451 55.243766578249343 0.54210900813846064 7.8095203664864785 26.500000000000004 7.9582416450496725 8.5381607102038668 1.0000000180025095e-35 0.3816854145611917 19.350000000000005 7.6434229155777054 52.500000000000007 15.500000000000002 33.500000000000007 0.28396949423407475
decision_type=2 1 2 2 1 2 10 10 2 2 2 10 2 2 2 2 2 10 2 2 8 2 8 1 8 2 2 1 2 8 2 2 2 2 10 8 2 2 2 1 8 2 2 2 10 2 10 2 2 2 2 2 2 2 10 2 2 2 2 2 2 10
left_child=1 4 11 10 9 6 17 8 20 12 26 16 13 18 31 24 -2 -4 -1 35 -6 22 47 34 -11 -10 27 -3 -29 -21 -31 43 -5 -26 -18 57 -37 -36 -38 -40 41 -12 48 -15 -13 46 -46 -22 -35 -8 -27 52 -23 54 -54 -25 -57 -20 59 -59 -61 -9
right_child=2 3 5 32 7 -7 49 61 25 15 40 44 -14 14 -16 -17 23 -19 19 29 21 51 -24 55 33 50 -28 28 -30 30 -32 -33 -34 42 37 36 38 -39 39 -41 -42 -43 -44 -45 45 -47 -48 -49 -50 -51 -52 -53 53 -55 -56 56 -58 58 -60 60 -62 -63
leaf_value=0.0055983337476306254 -0.0047715259189029498 0.0028924473893173252 -0.0060874228318652211 0.0057260712195967402 0.0034959654407351105 -0.087882646458810693 -0.020873364943566567 -0.01171923398637425 -0.011639058289111246 -0.001918749273408768 -0.0061838291936086101 -0.0049992769949256969 0.0034096165611316657 -0.0078063677310883017 -0.020644283656507431 -0.010872960008254015 -0.0049092001204357793 -0.019790776902875867 0.001062500715286461 -0.0051040590756953512 -0.0018770437866912086 0.00082461790962996004 -3.1266946563057376e-05 -0.0075480472461375283 -0.0032039232976181636 -0.0016104656860463193 0.0037093373219153009 0.0019159462363726365 -0.0034257959912207241 -0.0087862515415019389 -0.015206464572546735 -0.017400107023351759 -0.00011237691360927348 -0.015459805848030595 -0.0091127464873739655 0.003336890365876961 -0.0043346548740313415 -0.01931935479980959 -0.0046126755237827248 -0.014855466206416847 -0.0031671434414941566 -0.028019543164500754 -0.014067164748256865 0.0024890230070461795 -0.018069937221660497 -0.020629266476748266 -0.0059465063264597107 -0.010450744000956511 -0.0033987938389258539 -0.045209340612987148 -0.0080006496614632334 0.0018959619535074475 -0.0094232556927219668 -0.0017206277480507643 -0.014329655293146479 -0.012603588148232198 -0.0144535803627391 0.0016642836003358378 0.0025072193163110236 -0.002447250830518785 -0.0098218383467046852 -0.020344908137557655
leaf_weight=243 901 2166 158 10415 2862 92 58 90 59 316 41 86 575 56 53 155 473 64 941 133 51 763 123 220 189 552 2737 976 1302 42 52 113 486 155 43 117 265 40 113 117 187 42 80 63 103 168 125 98 177 51 224 1861 177 275 43 332 60 70 76 54 64 43
leaf_count=243 901 2166 158 10415 2862 92 58 90 59 316 41 86 575 56 53 155 473 64 941 133 51 763 123 220 189 552 2737 976 1302 42 52 113 486 155 43 117 265 40 113 117 187 42 80 63 103 168 125 98 177 51 224 1861 177 275 43 332 60 70 76 54 64 43
internal_value=0.000219123 0.00104756 -0.00807731 0.00238033 -0.00109161 -0.0167099 -0.0123343 0.000138966 0.000351249 -0.00319267 0.000839372 -0.00663989 -0.00211722 -0.00302759 -0.0131993 -0.00637465 -0.00553382 -0.00668161 -0.00175481 -0.00238631 0.000881836 -0.000131191 -0.00673993 -0.00749358 -0.0050817 -0.00361842 0.00110763 0.000330709 -0.00100917 -0.00796053 -0.0145263 -0.00961373 0.00343561 -0.00713455 -0.00453263 -0.00168592 -0.00438825 -0.0129167 -0.00609879 -0.00995671 -0.00627306 -0.0135119 -0.00941889 -0.00420833 -0.0113665 -0.0130227 -0.00943231 -0.0117 -0.00747748 -0.0236818 -0.00279279 0.000447116 -0.00115965 -0.00388105 -0.0081448 -0.00993579 -0.0123155 -0.000310945 -0.00426415 -0.00772487 -0.0122689 -0.0110821
internal_weight=32766 29792 2974 18352 11440 423 331 7221 7088 4219 7451 2551 3147 2572 285 1072 2069 222 2287 2044 6253 3391 272 1168 917 835 7181 4444 2278 227 94 232 10901 601 556 1817 612 83 495 230 270 83 412 119 482 396 228 149 332 109 776 3119 1258 495 220 612 392 1205 264 188 118 133
internal_count=32766 29792 2974 18352 11440 423 331 7221 7088 4219 7451 2551 3147 2572 285 1072 2069 222 2287 2044 6253 3391 272 1168 917 835 7181 4444 2278 227 94 232 10901 601 556 1817 612 83 495 230 270 83 412 119 482 396 228 149 332 109 776 3119 1258 495 220 612 392 1205 264 188 118 133
cat_boundaries=0 1 2 3 4 5
cat_threshold=3400 3203 2416 2611 1025
is_linear=0
shrinkage=0.05


Tree=4
num_leaves=63
num_cat=5
split_feature=1 39 41 1 9 22 12 26 41 22 41 41 7 12 26 31 16 3 22 22 20 3 1 11 22 25 41 12 22 3 1 40 1 1 7 27 26 5 11 4 1 25 23 33 25 9 12 25 5 11 42 11 31 20 12 1 26 30 26 42 23 14
split_gain=74.8588 32.8695 11.2121 10.5713 8.81536 8.70427 6.14383 6.4143 6.0401 5.53587 4.7822 4.50448 4.39388 5.43323 4.10995 4.10204 3.82803 3.79012 3.78652 3.49 3.17117 3.1957 3.06087 5.08587 2.95116 2.75984 3.26007 4.00814 3.54203 2.69232 2.61612 2.5744 2.49848 2.47574 2.42137 2.35778 2.48215 2.32922 2.30985 2.30666 2.27518 2.13868 2.1211 2.10309 2.09392 2.01601 2.43119 1.90666 1.87945 3.79243 1.80885 1.97983 3.47355 1.81518 2.38723 1.76831 1.75097 1.74053 1.68259 1.66115 2.1484 1.65167
threshold=0.32542240043462872 0 12.405458089668619 0.86206008520611788 0.15803142060865621 -0.1053105131576596 49.500000000000007 31.500000000000004 12.777500000000002 0.56056736390320283 4.8717741935483883 7.0433035714285719 8.4699705816440574 74.500000000000014 51.500000000000007 0.8500000000000002 -0.56278277070725868 0.29891962397457844 0.31808203472047142 -0.069594643152372723 -0.19067305962601341 0.14081005576610031 0.47283470688615475 13.500000000000002 0.13488893862333326 1 59.236707470182061 45.500000000000007 0.56056736390320283 0.81403693064135052 0.10126808893981033 1.5000000000000002 0.11778303565638339 0.25131471399527344 7.7613435564164108 3.5000000000000004 13.500000000000002 7.8834459157873171 30.500000000000004 0.44814915148755446 -0.18390547411928623 2 0.28092990466691786 29.071428571428573 3 0.31113012134010715 82.500000000000014 4 7.6104274571751915 14.500000000000002 0.8442887931034484 12.500000000000002 34.150000000000013 -0.05248386533281716 73.500000000000014 0.16452680175607973 35.500000000000007 27.950000000000006 30.500000000000004 0.9533066860465117 0.18789692788311643 -3.0423532369241233
decision_type=2 1 2 2 10 8 2 2 2 10 2 2 2 2 2 2 2 2 10 10 10 2 2 2 10 1 2 2 10 2 2 2 2 2 2 2 2 2 2 2 2 1 8 2 1 10 2 1 2 2 2 2 2 10 2 2 2 2 2 2 10 2
left_child=1 4 17 9 11 41 14 10 -5 15 38 19 24 -14 35 16 -2 32 -19 37 21 -4 34 31 30 -13 27 -27 -28 -10 56 42 -3 -22 44 36 -7 -1 57 -18 -12 55 -24 -32 -17 46 -26 -25 -29 -50 -42 52 -52 -54 -55 -6 -9 -8 -57 60 -11 -37
right_child=3 2 20 8 5 6 7 12 29 59 40 25 13 -15 -16 22 39 18 -20 -21 33 -23 23 47 45 26 28 48 -30 -31 43 -33 -34 -35 -36 61 -38 -39 -40 -41 50 -43 -44 -45 -46 -47 -48 -49 49 -51 51 -53 53 54 -56 58 -58 -59 -60 -61 -62 -63
leaf_value=0.0065059032112748444 -0.015603094039494548 0.0025448887703850595 2.1693219980964407e-05 -0.0086071934917043898 -0.002790781997734899 -0.011761938706243317 -0.016747387594616171 -0.012437755005691034 -0.026573043671382208 -0.0067774253059436039 0.0011294083881735184 0.0039999459650486317 -0.029823855295938596 -0.02236514367105864 -0.010843493453256851 -0.0084034791281886023 -0.0074133405950138264 -0.0018056794850952762 -0.016596333721042741 -0.011837082725340889 0.005333772085392755 -0.073567285526573961 -0.004734687443878902 -0.0038811717401294778 -0.0050248912404798262 0.006572713196070697 0.001697547411032097 -0.00017400228042208557 -0.0089369907627279404 -0.09488774760125801 -0.010352262025740921 -0.018558459721972599 -0.0011001805924987732 -0.0014209788167262483 -0.0073178002210259434 -0.012501046574517841 -0.0039173539459168545 -0.017563043438420058 -0.004325510979906905 -0.018926681351628463 -0.010806101068862289 0.0021718181462557318 -0.017778107988837024 -0.008582119550220476 0.00098841169006338297 -0.0081599611657816856 -0.019514959872028642 -0.010676818161887643 0.0028821661728312921 -0.01187076501059465 0.00013767213768254498 -0.0024970082953090691 -0.015723794821486586 -0.019004967854480369 -0.0056185471891495396 -0.008962123463848894 -0.00056648612430870227 -0.0087465080327363831 -0.0020995852518702614 -0.018970246013501519 -0.035412865057690965 -0.00099873728254458905
leaf_weight=57 89 5535 99 73 1058 83 74 84 72 90 373 1808 52 55 62 108 209 731 95 46 10570 44 91 261 86 79 1247 47 44 47 91 56 1235 231 436 51 125 69 78 96 62 1956 83 41 391 63 67 218 44 101 123 802 51 76 93 56 231 45 82 67 44 2172
leaf_count=57 89 5535 99 73 1058 83 74 84 72 90 373 1808 52 55 62 108 209 731 95 46 10570 44 91 261 86 79 1247 47 44 47 91 56 1235 231 436 51 125 69 78 96 62 1956 83 41 391 63 67 218 44 101 123 802 51 76 93 56 231 45 82 67 44 2172
internal_value=0.000300404 0.000978365 0.00228829 -0.00813939 -0.00109238 -0.00199439 -0.00328308 -0.00500981 -0.0193782 -0.00716741 -0.00335489 0.000990686 -0.00881971 -0.0181944 -0.00151764 -0.00638058 -0.010962 0.000813479 -0.0023821 -0.00687861 0.00331384 -0.0040625 -0.0052766 -0.00775352 -0.00728163 0.00139425 -0.000152575 -0.00512868 0.000893963 -0.0262917 -0.0049442 -0.0138528 0.00120366 0.00341187 -0.00339209 -0.00119038 -0.00626794 -0.00251968 -0.0106818 -0.00825163 -0.00243517 6.66034e-05 -0.0107429 -0.0108271 -0.00101 -0.0120737 -0.0151623 -0.00480208 -0.00901554 -0.0118151 -0.00348924 -0.00303229 -0.0062064 -0.00995475 -0.00738235 -0.00159072 -0.00245253 -0.0150417 -0.00690647 -0.0150743 -0.0117037 -0.00071268
internal_weight=32705 30274 18540 2431 11734 8192 5040 2547 192 2239 1777 3542 770 107 2493 2038 394 7596 826 172 10944 143 1644 709 663 3370 1562 271 1291 119 447 230 6770 10801 935 2431 208 126 197 305 1580 3152 174 132 499 216 153 479 192 145 1207 1145 343 220 169 1196 315 119 138 201 134 2223
internal_count=32705 30274 18540 2431 11734 8192 5040 2547 192 2239 1777 3542 770 107 2493 2038 394 7596 826 172 10944 143 1644 709 663 3370 1562 271 1291 119 447 230 6770 10801 935 2431 208 126 197 305 1580 3152 174 132 499 216 153 479 192 145 1207 1145 343 220 169 1196 315 119 138 201 134 2223
cat_boundaries=0 1 2 3 4 5
cat_threshold=3400 318 3203 1216 1340
is_linear=0
shrinkage=0.05


Tree=5
num_leaves=63
num_cat=11
split_feature=1 9 2 10 2 39 9 22 25 1 25 5 39 5 21 21 22 10 25 20 44 33 25 14 22 31 21 2 12 25 3 10 1 39 9 22 33 23 22 1 39 9 5 23 10 1 31 25 22 3 25 29 33 20 15 22 21 12 20 3 22 11
split_gain=68.6343 29.5401 15.3394 13.8761 10.0333 7.69278 6.56974 6.33163 6.23357 5.64254 4.93095 4.83698 7.65785 4.73226 4.72136 4.61465 4.60419 4.51681 3.63056 3.51494 3.41912 3.36862 3.08851 3.05579 2.9737 3.12997 4.76103 2.92317 3.63642 2.77143 2.74151 2.72595 2.68738 2.66028 2.60494 2.39211 2.38274 2.36323 2.34518 2.32298 2.2481 2.10521 2.21993 2.62848 2.06792 2.03068 2.02826 1.92455 1.95547 1.91334 1.89297 2.80841 2.52875 1.8175 1.81733 1.7912 1.77091 2.15045 1.76308 2.46656 3.09593 1.72097
threshold=0.32542240043462872 0.162923151698559 0.25245234062724992 0.31201932408300964 1.1254143692523486 0 0.09789583952625798 0.57982041832616715 1 -0.21537191496349936 2 7.4493267086366837 3 7.3530478702285045 4005.0000000000005 6006.2500000000009 0.11143602868861884 0.1617719172441934 4 -0.055055249651155123 0.10555555555555557 29.150000000000002 5 -1.4133675428048689 0.51442198529938754 37.150000000000006 4503.545000000001 0.51770662900975639 77.500000000000014 6 0.28768207245178129 -0.34649807337953614 0.087011376989629699 7 0.25410560292197226 -1.0000000180025095e-35 27.13571428571429 -0.14037655891911147 -0.22311391857163684 0.47283470688615475 8 0.21924520644667039 8.8564262802559544 -0.11778303565638361 0.16468661873663717 0.45516475404233653 115.10000000000004 9 0.077987282158023544 0.43178206577676553 10 1.0000000180025095e-35 28.764285714285723 0.10656952640702098 -1.7909585079033878 -0.35008026499350858 8025.0000000000009 31.500000000000004 -0.015849085182292874 0.69314718055994595 -0.11260153755205103 12.500000000000002
decision_type=2 8 2 2 2 1 10 10 1 2 1 2 1 2 8 8 10 2 1 10 2 2 1 2 10 2 10 2 2 1 2 2 2 1 10 10 2 10 8 2 1 10 2 8 2 2 2 1 8 2 1 2 2 10 2 10 8 2 10 2 10 2
left_child=1 6 5 20 7 8 -1 10 30 -10 36 -8 14 49 18 35 22 -7 21 -17 -2 37 -4 -24 25 26 38 28 -18 41 -3 -27 50 46 -22 -12 -5 -13 -15 -21 -32 -19 43 -43 -36 -9 56 -42 -49 -11 51 -14 -53 -29 -34 -48 -25 -58 59 60 -38 -40
right_child=3 2 16 4 -6 17 11 45 9 13 15 12 32 24 -16 19 27 29 -20 39 34 -23 23 33 -26 31 -28 53 -30 -31 40 -33 54 -35 44 -37 58 -39 61 -41 47 42 -44 -45 -46 -47 55 48 -50 -51 -52 52 -54 -55 -56 -57 57 -59 -60 -61 -62 -63
leaf_value=0.0057256339297167254 -0.0046624386314359344 0.0013991812094340797 -0.0015819036972696513 0.0018036647341528004 -0.085918944888141141 0.0027920484551493775 0.0046136458090919857 -0.00429458880401815 0.00025626593230725845 -0.002476785394003889 -0.0034218542162817974 -0.0087770345797872715 0.002368168573717805 -0.00019260701949627332 -0.018704740150961918 -0.010588359074845953 -0.0041498075623183743 -0.0021159503445122882 0.001327052490918131 -0.014462521425008732 -0.0028436720321046226 -0.00034185497744273303 -0.014555945781004821 -0.008591173457593344 -0.018496320513688179 -0.010382345867423853 -0.010321632561894292 -0.011968394299612066 -0.014698048331494726 -0.00078680713507885483 0.0038621077108047827 -0.0050116953942010746 -0.0085247246181828166 -0.00059435166582297143 -0.010089333682954397 -0.01464177596288267 0.0012316488622312741 -0.0099013263446956004 -0.0057937591923527135 -0.015924766111914915 -0.00058583073225178532 -0.0078839304222179853 -0.0012132176423984831 -0.014257407390330544 -0.028813732608944112 -0.029492252928732077 0.00056415318121063099 -0.006220569324901031 -0.013902139172832251 -0.015214486463516303 0.0033475616828139523 -0.0033208188684200669 -0.011144114081846221 -0.026491932218522446 -0.00036176461946947782 -0.010652847083956897 -0.0071169926861737245 -0.026420181409103655 -0.0047696998890536012 -0.018459741756767133 -0.014961340004049776 -0.010804451269138066
leaf_weight=6763 1089 2290 796 89 63 6251 3024 49 838 836 93 41 373 84 78 50 268 117 211 69 101 81 41 128 58 43 42 70 85 803 133 458 40 267 108 131 53 53 61 86 133 41 40 49 60 107 91 87 100 43 3396 120 51 69 1324 51 45 59 255 43 40 228
leaf_count=6763 1089 2290 796 89 63 6251 3024 49 838 836 93 41 373 84 78 50 268 117 211 69 101 81 41 128 58 43 42 70 85 803 133 458 40 267 108 131 53 53 61 86 133 41 40 49 60 107 91 87 100 43 3396 120 51 69 1324 51 45 59 255 43 40 228
internal_value=0.000336825 0.000993027 -0.000613695 -0.00764777 -0.0117449 2.15925e-05 0.00251189 -0.0105769 -0.00140129 -0.00310696 -0.00896154 0.00161037 0.000760964 -0.0046575 -0.00532632 -0.0128523 -0.00471842 0.0010811 -0.00315245 -0.018568 -0.00423841 -0.00819892 -0.00331981 -0.00575758 -0.00705641 -0.00634678 -0.00955529 -0.00890466 -0.0064548 -0.00195052 0.000277778 -0.0036753 0.00130198 -0.00497664 -0.00927778 -0.00813333 -0.00509165 -0.0150526 -0.0077139 -0.0222756 -0.00327092 -0.00645349 -0.0110687 -0.0153846 -0.0130769 -0.0198726 -0.00761039 -0.00543807 -0.00866162 -0.00199432 0.00196651 -0.000774775 -0.00607558 -0.0150357 -0.000608058 -0.00307692 -0.0106867 -0.0155238 -0.006875 -0.0114599 -0.00675532 -0.00984483
internal_weight=32746 30260 14705 2486 1128 12735 15555 1065 5434 2691 909 8792 5768 1853 464 429 1970 7301 386 205 1358 175 1478 682 974 916 415 492 353 1050 2743 501 5304 641 269 224 480 94 373 155 453 247 130 90 168 156 374 320 187 879 3940 544 171 139 1364 142 232 104 391 136 93 289
internal_count=32746 30260 14705 2486 1128 12735 15555 1065 5434 2691 909 8792 5768 1853 464 429 1970 7301 386 205 1358 175 1478 682 974 916 415 492 353 1050 2743 501 5304 641 269 224 480 94 373 155 453 247 130 90 168 156 374 320 187 879 3940 544 171 139 1364 142 232 104 391 136 93 289
cat_boundaries=0 1 2 3 4 5 6 7 8 9 10 11
cat_threshold=3392 828 2356 2304 2145 2488 1416 1800 2048 268 192
is_linear=0
shrinkage=0.05


Tree=6
num_leaves=63
num_cat=8
split_feature=1 39 0 25 1 39 6 22 2 0 30 30 38 22 0 11 41 13 30 2 39 44 10 8 18 22 8 25 3 1 41 6 41 25 2 6 20 8 12 41 31 22 12 30 18 31 26 22 0 42 31 25 20 20 20 42 6 11 22 13 11 11
split_gain=62.8176 28.2293 17.2586 11.6569 9.5416 8.54131 8.08288 7.09401 6.72956 5.64079 5.57101 8.82515 5.23944 5.12544 4.40528 4.27415 3.28329 3.23049 3.05661 3.04966 2.74115 2.6925 3.79411 2.96633 2.48963 2.36797 2.64752 2.28747 2.28355 2.28024 2.69894 2.26829 4.23246 2.25651 2.9022 2.25627 2.21899 2.29445 2.30788 2.96845 2.21215 2.16354 2.59595 2.09485 2.16375 2.0838 3.05006 2.98714 2.06874 2.73448 2.05108 2.03994 2.02144 1.95168 1.90266 1.89467 2.73916 1.9192 2.21578 2.02787 2.15728 2.12103
threshold=0.22314355131421018 0 0.36464311358790896 1 1.0573520735808823 2 8.1135334305015032 0.28038210854358653 0.22631396916974603 0.15314768112002944 32.95000000000001 3.0500000000000003 3 0.074405328376167729 0.10938603271890025 11.500000000000002 6.919005102040817 0.94766101590321539 16.600000000000005 -0.03407580374309082 4 1.0000000180025095e-35 -0.45594866139225626 0.15962660195053369 -0.87094963922214264 0.38299270680135378 0.29028167355832835 5 0.29891962397457844 -0.26236426446749078 50.192012288786493 7.8780262332233155 122.31730769230771 6 0.37333038161461701 7.3823427229111829 0.071078811481381704 0.43264624183285089 31.500000000000004 422.86802884615395 10.950000000000001 0.3936998594030674 49.500000000000007 45.850000000000016 0.13831447068513048 42.150000000000013 5.5000000000000009 -0.015716695317309019 0.14907372996658455 0.96899038461538478 7.5500000000000007 7 0.076871326313207811 -0.076011805910459487 0.029874899585063199 0.89209979209979218 7.2709261139029975 30.500000000000004 0.064538911762418646 0.6742179863147606 20.500000000000004 7.5000000000000009
decision_type=2 1 2 1 2 1 2 8 2 2 2 2 1 10 2 2 2 2 2 2 1 2 2 10 10 10 10 1 2 2 2 2 2 1 2 2 10 10 2 2 2 10 2 2 8 2 2 8 2 2 2 1 10 10 10 2 2 2 8 2 2 2
left_child=1 3 7 12 15 -3 9 27 14 21 11 29 -1 31 28 -4 17 -15 -13 -11 -9 55 -23 -24 -21 -10 -27 48 -7 -8 45 -14 -33 34 -22 -26 37 38 -25 40 -40 51 -43 44 -35 46 47 -31 54 -50 -36 -17 53 -53 -2 56 -5 58 -57 -60 61 -61
right_child=2 5 4 6 -6 8 10 20 25 19 -12 18 13 16 -16 41 -18 -19 -20 24 33 22 23 36 35 26 -28 -29 -30 30 -32 32 -34 43 50 -37 -38 -39 39 -41 -42 42 -44 -45 -46 -47 -48 -49 49 -51 -52 52 -54 -55 -56 57 -58 -59 59 60 -62 -63
leaf_value=0.0049375682649374746 0.00090713182334581214 0.0056133279912736487 -0.01642540936647862 0.00062450719652411767 -0.074448179511400189 0.0036021076546753059 0.0013729826815374133 -0.0048513693570008997 -0.001893152774553399 -0.0057238625375359677 -0.0042882908316028735 -0.017867699507652084 0.0022653166479171369 -0.0069387718984440213 -0.00078400638979942881 -0.0044711651568931183 -0.0049801358566562651 -0.014376072702763872 -0.010635776594545341 -0.014057245092880795 -0.00046408471169471588 0.0057131634438872493 -0.0014394862051057677 -0.011791151248572246 -0.007066329671149351 -0.0015231896628500263 -0.029034337482304492 -0.00015105732735044212 -0.0014247376889123149 -0.01455190379631313 0.00093220688220062374 -0.00062790364446809084 -0.01383601608028065 -0.015123449457292432 -0.014787856502902975 -0.014794466835427032 -0.0034113932858235527 0.0018134124446750868 -0.015368613489740786 -0.02761095176107798 -0.0050573129160764001 -0.024263574460372417 -0.0094127528042543766 -0.008096419007215569 -0.00963591718474879 -0.0053870261444608041 -0.018670677446353787 0.0019605323538401825 -0.0075204449558951524 -0.0068097574974055096 -0.0049150369690878987 -0.0067811660691462 -0.0049334792028003296 -0.014859052684509625 -0.0059446734439073936 0.00089854555100770729 -0.01106618112302702 0.0014708690855371488 -0.0014317464238422235 -0.0056858916043190134 -0.014827894641676062 0.0019974452145179278
leaf_weight=1350 232 7171 268 75 52 9329 70 655 1025 176 244 87 2041 91 1722 259 470 45 55 45 186 171 253 88 118 45 54 1162 554 47 52 439 48 206 43 117 100 49 54 48 76 53 53 122 217 46 43 42 190 69 73 47 68 145 163 375 60 1258 194 40 64 72
leaf_count=1350 232 7171 268 75 52 9329 70 655 1025 176 244 87 2041 91 1722 259 470 45 55 45 186 171 253 88 118 45 54 1162 554 47 52 439 48 206 43 117 100 49 54 48 76 53 53 122 217 46 43 42 190 69 73 47 68 145 163 375 60 1258 194 40 64 72
internal_value=0.000386975 0.00123369 -0.00527322 -0.00115916 -0.0112315 0.00226759 -0.00307627 -0.00357337 0.00148705 -0.00209231 -0.00803493 -0.011377 0.000605117 -0.000518283 0.00184603 -0.00999441 -0.0046458 -0.0114599 -0.0216084 -0.00726477 -0.00611444 -0.00129785 -0.00369643 -0.00539611 -0.0104982 -0.00220444 -0.00955 -0.00146945 0.00225263 -0.0064784 -0.00887446 0.000470542 -0.00259221 -0.00800117 -0.00412141 -0.00836864 -0.00799279 -0.0100475 -0.0118727 -0.0151397 -0.0110687 -0.00770767 -0.0142056 -0.010027 -0.011875 -0.0117877 -0.0149624 -0.0095 -0.00380451 -0.00732692 -0.0104274 -0.00635577 -0.00940959 -0.0123834 -0.00157828 -0.000355306 -0.00606618 3.24353e-05 -0.00197721 -0.00471698 -0.00858757 -0.00433628
internal_weight=32766 28503 4263 8603 945 19900 4119 3318 12729 3433 686 442 4484 3134 11605 893 606 136 142 456 1502 2977 839 668 280 1124 99 1816 9883 300 230 2528 487 847 302 235 415 315 266 178 130 625 106 545 423 178 132 89 654 259 116 519 260 192 395 2138 135 2003 745 370 176 112
internal_count=32766 28503 4263 8603 945 19900 4119 3318 12729 3433 686 442 4484 3134 11605 893 606 136 142 456 1502 2977 839 668 280 1124 99 1816 9883 300 230 2528 487 847 302 235 415 315 266 178 130 625 106 545 423 178 132 89 654 259 116 519 260 192 395 2138 135 2003 745 370 176 112
cat_boundaries=0 1 2 3 4 5 6 7 8
cat_threshold=3392 828 22 2 6189 1667 2328 876
is_linear=0
shrinkage=0.05


Tree=7
num_leaves=63
num_cat=11
split_feature=0 9 3 3 0 39 39 0 25 39 8 41 25 25 22 21 29 18 39 11 7 39 5 38 7 22 39 12 7 7 42 23 31 15 7 26 31 27 39 7 15 11 42 9 26 20 30 0 30 23 41 23 31 30 31 26 4 35 9 20 22 33
split_gain=51.9435 29.6797 9.99717 7.49105 7.40983 7.14517 6.62812 5.65886 5.14092 4.68812 4.09561 3.56564 3.53988 3.49613 3.04106 3.00567 2.83569 2.8047 2.80035 2.90903 3.09676 4.72143 2.72472 2.54579 2.49281 2.45525 2.47024 2.42981 2.28757 2.22511 2.20052 2.13599 2.12352 2.08136 2.04613 4.00515 2.46718 2.03772 2.02595 6.87175 2.74473 1.99804 1.99382 1.99033 1.98381 1.96196 2.26397 1.92504 1.90315 2.23158 1.88986 1.88609 1.87303 3.90049 1.81958 1.79232 1.98043 1.78779 1.78491 1.71063 1.81661 2.20063
threshold=0.22314355131421018 0.162923151698559 0.29086288308198821 0.43178206577676553 1.0857429026690679 0 1 -0.2097191796288915 2 3 0.82563494565888085 12.405458089668619 4 5 -0.034598839086347331 2640.7500000000005 1.0000000180025095e-35 -2.3238855437980299 6 36.500000000000007 8.0439030218273064 7 8.5742839991180286 8 8.3296084919266438 0.088633061907707741 9 26.500000000000004 6.7431416239996773 8.4555417248955198 0.76579122340425543 -0.61001208798634099 24.650000000000006 -1.0989362577635362 7.6538502584584602 31.500000000000004 0.65000000000000024 35.500000000000007 10 8.3682550977448837 -1.0976309340841846 40.500000000000007 0.91734972677595639 0.288158491036896 31.500000000000004 0.032056483173502369 67.450000000000031 0.084741478455027788 16.950000000000006 0.13376928018749015 4.0341622672964723 -0.12891455465105003 218.95000000000002 43.150000000000013 280.60000000000008 33.500000000000007 0.090973408637851097 0.67474105889484193 0.23500284530516724 -0.0029800538908744127 -0.25777028923262418 30.092857142857149
decision_type=2 8 2 2 2 1 1 2 1 1 8 2 1 1 8 10 2 10 1 2 2 1 2 1 2 8 1 2 2 2 2 10 2 2 2 2 2 2 1 2 2 2 2 8 2 10 2 2 2 8 2 10 2 2 2 2 2 2 10 10 10 2
left_child=1 5 6 17 12 11 57 -8 16 -4 14 29 22 38 58 37 55 51 28 20 42 -22 33 -23 44 -19 31 -16 -15 -1 -28 -27 -17 -5 36 -36 -33 -14 39 -9 -40 -26 48 -39 -18 -29 -47 -25 49 -20 -31 -2 -46 -54 -52 56 -7 -3 -11 -42 -61 -62
right_child=3 2 9 4 -6 8 7 13 -10 10 -12 -13 15 18 27 32 24 25 19 -21 21 23 -24 47 41 26 30 45 -30 50 -32 34 -34 -35 35 -37 -38 43 40 -41 59 -43 -44 -45 52 46 -48 -49 -50 -51 54 -53 53 -55 -56 -57 -58 -59 -60 60 61 -63
leaf_value=0.0026311219026986243 -0.0090276047715634796 0.0039271182290681467 -0.0011090235498121424 -0.017221595987778171 -0.08011708545494349 0.0011153691824861214 0.0030879374538589953 -0.0050681265228132034 0.0035770886421077406 0.0048486516847395505 -0.072548703406170686 0.0055623486555057087 -0.01293303597862838 0.0048782408052805738 -0.0049114759937647174 -0.014098690035402324 0.0008360214095479053 -0.0030613830411628622 -0.013857217729191166 0.001061350349614242 -0.01029728647781656 0.001109612971945842 -0.014861792899754643 -0.0026093297249827072 -0.010944973600678963 -0.01182358882037381 -0.0099583563632970121 -0.0088722487116317441 -0.0072144294865807259 -0.0068068390081631597 -0.0015949317369066936 -0.01143368226819157 0.00011340752243422462 -0.0020983668713111317 -0.00977541039288129 -0.016436589141125581 -0.0080630314855101286 -0.020272964616094805 -0.0099797221568580698 -0.018835325789354596 0.0024029169622966974 -0.0036096744244334235 0.0016693914602554285 -0.017551837379168985 -0.0015715159823497247 -0.014366224817216411 0.0021309754645769193 -0.011695618454620058 0.0027690871284289293 -0.0033488544455585198 0.00059380793823688978 -0.016416789491078203 -0.0084564170018400723 0.0050477524186506324 -0.0075761507880334261 0.0046837112757700033 -0.0038209085552567443 -0.0020035954815999972 -0.0042656615282706803 0.0010152969451082477 -0.0058786244877927531 -0.0091525903676950449
leaf_weight=707 68 2075 807 40 48 768 2330 564 3819 168 40 8079 122 165 314 61 427 1039 57 2871 236 409 41 386 78 407 59 389 874 42 513 44 69 262 88 63 179 51 59 40 229 68 814 69 291 277 41 83 111 89 231 43 50 40 40 410 323 66 372 178 96 44
leaf_count=707 68 2075 807 40 48 768 2330 564 3819 168 40 8079 122 165 314 61 427 1039 57 2871 236 409 41 386 78 407 59 389 874 42 513 44 69 262 88 63 179 51 59 40 229 68 814 69 291 277 41 83 111 89 231 43 50 40 40 410 323 66 372 178 96 44
internal_value=0.000390416 0.00105166 -0.000597814 -0.00559229 -0.00992801 0.0025735 2.54752e-06 -0.000557226 0.0012681 -0.00353259 -0.00508375 0.00346817 -0.0086243 -0.00124213 -0.0047023 -0.0119843 -0.000517031 -0.00426717 -0.000749263 -0.000260509 -0.00163541 -0.00347982 -0.0044774 -0.00169854 -0.00264921 -0.00390305 -0.0053065 -0.00630626 -0.0031 0.000685603 -0.00264151 -0.00712752 -0.00610687 -0.00293729 -0.00994667 -0.0144408 -0.00685268 -0.0155967 -0.0036855 -0.00573984 -0.00157212 -0.00863946 0.000284515 -0.0202479 -0.00155748 -0.00793079 -0.0108464 -0.00417708 -0.00354651 -0.00727891 -0.00281847 -0.0120089 -0.00417539 -0.0104396 -0.00126838 0.000835553 -0.000224359 0.00251162 -0.00166359 -0.000483576 -0.00285266 -0.0070922
internal_weight=32823 29557 14184 3266 763 15373 11776 9635 6274 2408 1601 9099 715 7305 1561 372 2455 2503 6095 5056 2185 1114 343 878 954 2392 1353 1021 1039 1020 572 781 130 302 374 151 223 242 1210 604 606 146 1071 120 808 707 318 469 257 146 313 111 381 90 271 1501 1091 2141 540 547 318 140
internal_count=32823 29557 14184 3266 763 15373 11776 9635 6274 2408 1601 9099 715 7305 1561 372 2455 2503 6095 5056 2185 1114 343 878 954 2392 1353 1021 1039 1020 572 781 130 302 374 151 223 242 1210 604 606 146 1071 120 808 707 318 469 257 146 313 111 381 90 271 1501 1091 2141 540 547 318 140
cat_boundaries=0 1 2 3 4 5 6 7 8 9 10 11
cat_threshold=670 23 1219 2581 816 1152 320 3072 6 3400 3328
is_linear=0
shrinkage=0.05


Tree=8
num_leaves=63
num_cat=4
split_feature=2 39 0 0 6 9 22 41 1 39 1 38 1 22 30 12 19 31 6 27 10 39 6 31 6 13 27 42 6 0 13 9 4 9 5 11 9 5 13 17 41 12 10 22 41 41 4 26 41 42 6 4 13 30 26 18 30 41 0 14 12 40
split_gain=53.8298 25.1117 11.9854 11.0916 8.81698 6.99495 6.90425 7.00518 6.32313 4.51274 4.02052 3.87595 5.15323 3.54448 3.62302 3.37797 3.27478 3.13275 3.11478 3.11349 3.11283 5.35709 3.07853 2.95145 2.82482 2.70033 2.67982 3.62768 4.19203 2.66674 2.47464 2.54274 2.38533 2.33212 2.25647 3.14697 2.66481 2.243 2.64187 2.22814 2.22046 3.83569 2.1765 2.12793 2.10736 2.61371 3.2877 2.07559 2.07392 2.54432 3.23082 3.77927 2.24579 2.49403 2.06974 1.9913 1.90843 1.88179 1.83084 1.95222 1.77959 1.74331
threshold=0.31722051724789996 0 1.0857429026690679 0.22314355131421018 7.8917792736907311 0.11552828281838948 -1.0000000180025095e-35 6.6338797814207657 0.51546716611454324 1 0.35667494393873295 2 -0.12734644696893446 0.28038210854358653 23.350000000000005 60.500000000000007 0.0075257511184161343 0.95000000000000018 7.7004839570344581 47.500000000000007 0.024935001502225166 3 6.477328877607305 178.40000000000001 9.1974151961714998 1.0141851106639841 44.500000000000007 0.95275297619047628 8.0972065531974629 -0.013244963592057067 0.27014863648527021 0.21761184556784716 0.068458551900210121 0.17787736895330711 6.9882593986158508 17.500000000000004 0.18117247116684601 7.3530478702285045 0.94766101590321539 -0.32045482892980459 37.140394088669957 59.500000000000007 -0.33530582924426516 0.40546367953877666 3.8599832915622394 119.21896103896104 0.13450190087577732 25.500000000000004 37.140394088669957 0.98319209039548039 7.322846839368597 0.62867365514923945 0.88640833676536868 10.050000000000002 40.500000000000007 0.23463410228451501 0.55000000000000016 8.0578784119106697 0.2162234532973413 -0.40546510810816427 70.500000000000014 2.5000000000000004
decision_type=2 1 2 2 2 8 8 2 2 1 2 1 2 10 2 2 2 2 2 2 2 1 2 2 2 2 2 2 2 2 2 10 2 10 2 2 10 2 2 2 2 2 2 10 2 2 2 2 2 2 2 2 2 2 2 8 2 2 2 2 2 2
left_child=1 4 8 5 6 -3 58 37 9 29 13 42 -13 14 15 23 43 33 -19 32 -7 -22 -14 -6 30 48 27 -17 -29 -2 47 -32 -15 -11 -31 -36 -37 38 -8 57 -33 -42 -9 -10 -16 -46 -47 -23 -24 50 55 52 53 -52 -38 -50 -18 -5 -1 -60 -39 -59
right_child=2 3 -4 39 10 20 7 11 16 17 -12 12 22 19 44 26 56 18 -20 -21 21 24 25 -25 -26 -27 -28 28 -30 34 31 40 -34 -35 35 36 54 60 -40 -41 41 -43 -44 -45 45 46 -48 -49 49 -51 51 -53 -54 -55 -56 -57 -58 61 59 -61 -62 -63
leaf_value=0.0028882440012401593 -0.0027663491985705732 0.0049220307418181564 -0.070307324995146428 -0.002190329422387506 -0.0012139395991237843 0.0033086596899713199 -0.0011684598861342094 -0.0076328473826945548 -0.010843369569546355 -0.00052005420275365311 -0.01399249309890194 0.0014159344419621793 0.0053530484748983698 -0.0064214053271270423 -0.0068537080122516893 -0.0079342016180572929 -0.01854432598837007 0.0009516658285671876 -0.0037725898177052661 -0.0057012637319850713 0.0032792312783892909 -0.0021423644756397848 -0.0024221775722229159 -0.0082971797553786555 -0.030048103578228048 -0.0020924844289633318 -0.0057338325710052989 -0.0019698363702413488 -0.011708415485829113 -0.0047498499004703133 0.0010274942109063435 -0.0018465414550046619 -0.019611697382821425 -0.010615689231884653 -0.010595500534073564 -0.0031594715397857149 -0.01718266046042867 -0.010014165751902055 -0.013061631134598276 -0.0014916010345411739 -0.0056567827932941525 -0.020990121619864896 0.0022683342013302995 -0.024062677722454157 0.0028857524880078994 -0.017872830678673492 0.0036611619274378518 -0.0058518643037611569 -0.0045077084175701295 -0.0023220825560416798 -0.017824119888758271 -0.001741929710890956 -0.01750088514149508 -0.013450131763554779 -0.024894595982202141 -0.0096535702300342002 -0.015982083717090454 -0.016816074038713012 -0.012627684483526894 -0.00071525947885351868 -0.011130787233949294 -0.0050148444416270041
leaf_weight=2765 187 8015 57 124 509 6940 111 77 240 72 111 848 142 54 41 81 90 537 675 93 1960 124 392 67 46 583 211 40 74 134 1399 755 55 168 161 42 204 78 47 922 84 45 1007 80 459 40 77 60 184 202 45 46 40 53 66 259 85 54 53 252 53 133
leaf_count=2765 187 8015 57 124 509 6940 111 77 240 72 111 848 142 54 41 81 90 537 675 93 1960 124 392 67 46 583 211 40 74 134 1399 755 55 168 161 42 204 78 47 922 84 45 1007 80 459 40 77 60 184 202 45 46 40 53 66 259 85 54 53 252 53 133
internal_value=0.00042749 0.00104995 -0.00620221 0.00201504 -0.00113046 0.00230789 -0.000333656 -0.00165907 -0.00572392 -0.00459279 -0.00415055 -0.00109822 -0.00207843 -0.00357658 -0.00278437 -0.00466938 -0.0108367 -0.00286398 -0.00184666 -0.00980296 0.00151262 0.000483907 -0.00350282 -0.00220104 -0.00104398 -0.00406094 -0.00815725 -0.0123724 -0.018087 -0.00761491 -0.00081645 -0.000365586 -0.0155 -0.00809129 -0.00931743 -0.0109388 -0.0138658 -0.00915517 -0.00509434 -0.00258104 -0.00246328 -0.0085 0.00143379 -0.00778816 0.000218447 0.0010052 -0.00563559 -0.00637838 -0.00539689 -0.00681325 -0.00838376 -0.0139459 -0.0180576 -0.0137374 -0.0156827 -0.0060473 -0.0163352 -0.00623397 0.00146532 -0.00220588 -0.0139773 -0.0093883
internal_weight=32608 29810 2798 20661 9149 19428 7237 4167 2741 2246 1912 3878 2794 1801 1599 982 495 1452 1212 202 11413 4473 1946 576 2513 1804 406 195 114 794 2467 2283 109 240 607 473 312 289 158 1233 884 129 1084 320 617 576 117 184 1221 829 627 184 138 98 270 443 175 311 3070 305 131 187
internal_count=32608 29810 2798 20661 9149 19428 7237 4167 2741 2246 1912 3878 2794 1801 1599 982 495 1452 1212 202 11413 4473 1946 576 2513 1804 406 195 114 794 2467 2283 109 240 607 473 312 289 158 1233 884 129 1084 320 617 576 117 184 1221 829 627 184 138 98 270 443 175 311 3070 305 131 187
cat_boundaries=0 1 2 3 4
cat_threshold=3392 456 2 55
is_linear=0
shrinkage=0.05


Tree=9
num_leaves=63
num_cat=17
split_feature=1 39 2 0 38 22 13 0 22 25 30 26 42 10 10 39 4 25 13 4 31 3 3 1 25 26 13 2 4 39 42 25 39 5 2 11 39 6 42 31 11 29 9 2 0 25 39 16 25 25 8 39 19 39 23 30 25 1 8 5 26 9
split_gain=42.0822 23.7648 11.4377 11.1919 6.63856 5.2944 4.1625 3.91024 3.86286 3.40122 3.57096 4.99811 3.36788 3.34511 3.19455 3.16133 3.34734 3.00039 2.61054 2.65808 2.49169 2.88354 2.46254 2.5957 2.65036 2.42715 2.28883 2.22378 2.1545 2.10736 2.09402 1.9532 2.02845 4.17178 2.47197 1.94288 2.07868 2.4253 1.9424 1.89518 3.27225 2.22002 2.57645 1.8519 1.82321 1.80579 2.71083 1.7992 1.79888 1.78187 1.75914 1.75876 1.7503 1.73094 2.36066 1.77155 1.69995 2.10072 2.44839 1.6807 1.84959 1.67693
threshold=0.33647223662121256 0 1.1254143692523486 0.15314768112002944 1 -0.034598839086347331 0.14285790816189872 0.093090666968510774 0.27291298879293052 2 38.650000000000006 33.500000000000007 0.91403940886699508 0.38038659925277779 0.069332603894015868 3 -0.087011376989629671 4 1.2455039472943519 -0.28768207245178118 1.9500000000000004 -0.25489224962878904 0.17185025692666003 0.10536051565782635 5 11.500000000000002 0.94766101590321539 0.24187655595729399 0.29213820851863576 6 0.77871939736346529 7 8 7.389152903010916 -0.038871015282490699 26.500000000000004 9 8.120258119755432 0.93798076923076934 1.0000000180025095e-35 21.500000000000004 1.0000000180025095e-35 0.099761870047946177 0.1331051135956183 -0.0099503308531683193 10 11 -0.64435701639051302 12 13 0.24052014212476572 14 -0.0094767185769213929 15 1.0596573724438452 6.6500000000000012 16 -0.022989518224698188 0.21324098145436629 8.3044536930407116 31.500000000000004 0.23858011993836648
decision_type=2 1 2 2 1 8 2 2 8 1 2 2 2 2 2 1 2 1 2 2 2 2 2 2 1 2 2 2 2 1 2 1 1 2 2 2 1 2 2 2 2 2 10 2 2 1 1 2 1 1 10 1 2 1 8 2 1 2 10 2 2 10
left_child=1 7 8 4 6 27 -3 25 12 10 11 18 28 51 31 17 -17 -16 19 -7 21 -13 23 -11 44 29 47 30 61 -1 -6 -5 33 -33 -35 36 -22 -38 -23 40 -31 -42 -43 -9 -25 46 -8 -15 -45 -18 -30 -10 -44 54 55 -24 -29 -58 -59 60 -21 -2
right_child=2 3 -4 14 5 9 45 43 13 22 -12 20 -14 26 15 16 49 -19 -20 59 35 38 53 24 -26 -27 -28 56 50 39 -32 32 -34 34 -36 -37 37 -39 -40 -41 41 42 52 48 -46 -47 -48 -49 -50 -51 -52 -53 -54 -55 -56 -57 57 58 -60 -61 -62 -63
leaf_value=0.0046495847089833182 0.0066138012332042709 -0.0080326995111800938 -0.0632045500133257 0.0014848093464508326 -0.0065110226116391031 -0.0054735516967817322 0.003303416661772664 0.0019777960461835214 -0.00017314384681560544 0.00095671509936180786 0.00010411618107673709 0.0010602543079454563 -0.0024824958823285999 -0.021520972189635442 -0.017246701419639191 -0.01157672216779978 -0.0063113966845728085 -0.0082493489998543539 -0.0044771766447375769 -0.0062962276013079042 0.0014201498718319214 -0.017606490829946104 -0.011709891681945155 -0.0019124030862489123 -0.0013192764919364413 0.0054658309467050656 -0.0080220040510275235 0.00012864940227120817 -0.015092050028762048 -0.0096907666339687455 0.0021699417414175136 -0.0032794259011231716 0.00082676542982752094 -0.0046456483318159892 -0.013350545403149089 0.0012736405746053617 -0.0033060533029922439 -0.00817830161157845 -0.0069298348431116293 0.0016036780397926693 0.005120937728968703 -0.0075070848608462006 -0.0074627735042905666 -0.0057968304685993895 -0.013944250698698105 0.0036830316770278485 -0.001379827299790489 -0.014057154745343673 7.052906928342046e-05 -0.0017009297429078627 -0.011097844226928003 -0.0091745346418819641 0.0031129850622240028 -0.0021507306249186325 -0.0045275267257085449 -0.011635700651562738 -0.00036694619468757053 -0.0055349990879686953 -0.0200055367021672 -0.015834940864033316 -0.01747992324396962 -0.0065287556391532137
leaf_weight=1058 43 79 71 434 50 72 716 1268 154 2499 624 63 754 86 117 144 445 177 66 80 100 73 46 42 386 7640 156 285 40 49 4365 256 309 72 69 470 128 61 59 639 94 49 41 153 68 3381 888 236 495 773 111 560 63 865 104 50 81 53 40 42 64 121
leaf_count=1058 43 79 71 434 50 72 716 1268 154 2499 624 63 754 86 117 144 445 177 66 80 100 73 46 42 386 7640 156 285 40 49 4365 256 309 72 69 470 128 61 59 639 94 49 41 153 68 3381 888 236 495 773 111 560 63 865 104 50 81 53 40 42 64 121
internal_value=0.000473786 0.000972856 -0.00599657 -0.000129363 0.000383624 -0.000315294 0.00187586 0.00275476 -0.00536914 -0.00131477 -0.0030528 -0.0045817 -0.00318224 -0.00732607 -0.00304612 -0.0044478 -0.00334304 -0.00911475 -0.00993846 -0.0122008 -0.00275393 -0.00778061 -0.00049128 0.000241989 -0.00305835 0.00316743 -0.0105637 0.000906667 -0.00751582 0.00161234 0.00125113 -0.00100789 -0.00260809 -0.00493873 -0.0119366 -0.00145395 -0.00467241 -0.007525 -0.0119549 -0.000132135 -0.00343434 -0.00106855 -0.00477273 0.000693793 -0.00950413 0.00206077 0.000662539 -0.0129721 -0.0014792 -0.00251025 -0.0118092 -0.00514685 -0.000285714 -0.00255628 -0.00663507 -0.0125773 -0.00240217 -0.00610811 -0.0115426 -0.0153476 -0.0126207 -0.00351515
internal_weight=32577 30245 2332 18696 15900 10836 5064 11549 2261 5962 1902 1278 1069 1192 2796 1656 1362 294 324 258 954 195 4060 2995 496 9633 478 4874 315 1993 4415 1140 706 397 141 759 289 189 132 935 296 247 153 1916 110 4985 1604 322 648 1218 151 714 104 1065 200 96 459 174 93 186 144 164
internal_count=32577 30245 2332 18696 15900 10836 5064 11549 2261 5962 1902 1278 1069 1192 2796 1656 1362 294 324 258 954 195 4060 2995 496 9633 478 4874 315 1993 4415 1140 706 397 141 759 289 189 132 935 296 247 153 1916 110 4985 1604 322 648 1218 151 714 104 1065 200 96 459 174 93 186 144 164
cat_boundaries=0 1 2 3 4 5 6 7 8 9 10 11 12 13 14 15 16 17
cat_threshold=151 2 3264 256 1731 516 148 824 3328 4360 3264 4704 1029 2249 4616 256 2868
is_linear=0
shrinkage=0.05


Tree=10
num_leaves=63
num_cat=11
split_feature=1 9 1 20 2 39 39 22 7 42 22 25 12 41 10 27 22 1 31 39 15 25 5 39 44 22 25 29 3 41 10 9 39 19 25 2 8 27 11 6 38 11 33 30 5 1 7 8 38 7 10 41 12 6 22 42 2 13 17 5 41 11
split_gain=43.6199 19.0754 12.7936 9.4513 6.81504 5.40668 5.23168 4.93986 4.95894 5.21035 4.87123 3.82764 3.56092 3.8149 3.3645 3.29596 3.0893 2.92957 2.82444 2.77692 2.59514 2.55153 2.5505 3.10301 2.51243 2.49564 2.48807 2.44341 2.43002 2.39306 2.33012 2.64523 2.43443 2.23247 2.17142 2.09566 3.29547 1.9902 1.95168 1.9458 1.92377 3.21677 1.86705 3.17427 2.55527 1.86684 2.09192 1.86673 1.84346 2.54834 1.82924 1.8039 1.77203 2.56318 1.91016 1.7651 1.74573 1.81964 1.74454 1.71982 2.8793 1.67933
threshold=0.18752362001688774 0.162923151698559 0.43837994655876017 -0.25488083778217202 0.31015492830383856 0 1 0.18191457106311407 8.1880685497141581 0.9066133720930234 0.43086823039027439 2 52.500000000000007 4.8717741935483883 0.51227776901457223 25.500000000000004 0.32285348642234685 -0.21537191496349936 1.0500000000000003 3 -0.19102728167720592 4 7.0506911513489916 5 0.18333333333333338 0.77675295448818049 6 1.0000000180025095e-35 0.29086288308198821 9.1148351648351653 0.0049406129112941075 0.23337244026790702 7 -0.069137964363643348 8 0.57091774660673 0.25069387311555386 16.500000000000004 57.500000000000007 7.1746982741899563 9 80.500000000000014 29.221428571428579 19.650000000000002 8.0422896980992657 -0.1069113143221183 7.6899272846229403 0.22715045546670451 10 8.31786639424889 -0.015289473398857554 186.30915178571431 10.500000000000002 8.1796416641508873 -1.0000000180025095e-35 0.92247596153846168 0.19183423471301622 0.40000007058821879 0.13141189318420368 6.9675070680091489 17.945815358067303 24.500000000000004
decision_type=2 10 2 10 2 1 1 10 2 2 10 1 2 2 2 2 8 2 2 1 2 1 2 1 2 10 1 2 2 2 2 10 1 2 1 2 10 2 2 2 1 2 2 2 2 2 2 10 1 2 2 2 2 2 8 2 2 2 2 2 2 2
left_child=1 5 16 -4 6 -1 7 8 18 -10 24 27 40 -14 -12 17 19 -11 22 48 -15 28 -3 45 34 26 -6 -7 37 33 -8 -32 -33 -29 -5 -36 -37 -18 -25 -22 -9 59 43 44 51 -24 -47 -41 -2 -50 -35 -31 -26 54 -54 -30 -23 -58 -17 -42 -61 -13
right_child=2 4 3 10 25 11 30 12 9 15 14 61 13 20 -16 58 21 -19 -20 -21 39 56 23 38 52 -27 -28 29 55 42 31 32 -34 50 35 36 -38 -39 -40 47 41 -43 -44 -45 -46 46 -48 -49 49 -51 -52 -53 53 -55 -56 -57 57 -59 -60 60 -62 -63
leaf_value=0.0050745893416636297 -0.0018298110216424847 0.00061810296921114335 -0.069343891576981509 -0.0024108365969183797 -7.2119471278274914e-05 0.001536858428510186 0.0033122722889392547 0.0048298975706870763 0.0012465811026382196 -0.0058970860919527667 -0.013079221305317724 0.0015099431648958519 -0.013672146635040376 0.0010179476321780475 -0.02246549360443139 0.00045767454301296005 -0.0089250251465399569 -0.013857394670367625 0.001515238439145657 0.00016371177323941399 0.00016607585421363568 -0.0017074788872584847 0.0022311528187735539 -0.0061905418048719026 -0.005714849838154532 -0.023530221829245995 -0.0072953989536086589 -0.010622085741996161 -0.006408040811477095 0.00022291398306021316 0.0016553950028203234 -0.0048722090929979962 0.0023504040221633956 -0.0011730315769301238 -0.0067931054376361537 -0.00094988086617009903 -0.015917257040059207 -0.003495185870806597 -0.021532122154907345 -0.0079417607143531157 0.0040078504885734867 -0.024733196218925751 0.002378207776823221 0.0029900180997686266 -0.0074598418052485007 0.0023447724952042736 -0.0058530891328463473 -0.0076608019208012816 -0.004506747951107116 -0.014146050430558894 -0.0090921726955696617 -0.012068866105765503 -0.016669661802410748 -0.034165704699564349 -0.0069754841998839415 -0.014271597773425796 -0.01218041412819716 -0.0043930205128363247 -0.0092124471707136987 0.001551017107444849 -0.014112107014063261 0.0041647116103418818
leaf_weight=6496 459 536 49 363 408 2139 3971 155 183 48 142 1407 60 91 113 84 53 66 2714 1623 49 554 151 104 83 43 651 49 51 101 1659 711 487 175 418 40 67 216 49 67 80 51 453 131 64 76 76 103 178 57 72 41 42 48 73 63 77 494 91 78 40 3352
leaf_count=6496 459 536 49 363 408 2139 3971 155 183 48 142 1407 60 91 113 84 53 66 2714 1623 49 554 151 104 83 43 651 49 51 101 1659 711 487 175 418 40 67 216 49 67 80 51 453 131 64 76 76 103 178 57 72 41 42 48 73 63 77 494 91 78 40 3352
internal_value=0.000466653 0.0012685 -0.00370156 -0.00772064 -0.00013118 0.00251364 0.000220695 -0.00101551 -0.000337401 -0.00515856 -0.00694604 0.00163477 -0.00468387 -0.00822102 -0.0131836 -0.00932759 -0.00218897 -0.015913 0.000277853 -0.00104185 -0.00594855 -0.00394964 -0.00200403 -0.00474836 -0.00553304 -0.00388939 -0.00340094 0.000301298 -0.00744924 -0.00162833 0.00111712 2.97413e-05 -0.0017598 -0.00545455 -0.00428571 -0.00629664 -0.0126389 -0.00501852 -0.0102744 -0.00888636 -0.0014321 -0.00405769 -0.000189633 -0.00300296 -0.0068599 -0.00154459 -0.0054902 -0.0114035 -0.00365957 -0.00721545 -0.0034879 -0.00307692 -0.01 -0.0130183 -0.00883621 -0.0137391 -0.00266285 -0.00462413 -0.00497159 -0.00130653 -0.00512605 0.00253564
internal_weight=32625 27362 5263 1438 12882 14480 11780 4952 4178 472 1389 7984 774 370 255 289 3825 114 3706 2317 310 1508 992 456 1134 1102 1059 3225 383 1086 6828 2857 1198 296 888 525 107 269 153 219 404 249 790 337 206 303 152 170 694 235 247 142 246 163 115 114 1125 571 175 198 118 4759
internal_count=32625 27362 5263 1438 12882 14480 11780 4952 4178 472 1389 7984 774 370 255 289 3825 114 3706 2317 310 1508 992 456 1134 1102 1059 3225 383 1086 6828 2857 1198 296 888 525 107 269 153 219 404 249 790 337 206 303 152 170 694 235 247 142 246 163 115 114 1125 571 175 198 118 4759
cat_boundaries=0 1 2 3 4 5 6 7 8 9 10 11
cat_threshold=150 3392 1219 1192 1092 1024 2344 4618 1328 2 6
is_linear=0
shrinkage=0.05


Tree=11
num_leaves=63
num_cat=12
split_feature=1 39 2 41 1 9 10 25 39 7 22 25 9 27 9 22 17 27 25 33 2 17 23 2 22 15 7 2 39 1 25 8 42 25 9 41 10 7 38 25 31 27 11 17 29 25 10 11 26 41 26 35 21 7 31 31 22 7 33 26 31 25
split_gain=33.5959 17.4998 9.53005 6.66784 6.65464 5.1235 7.00087 4.3075 4.34763 8.51719 3.58899 3.21795 3.65653 3.08118 3.052 2.58781 2.55792 2.43196 2.3597 2.30691 2.22287 2.20123 2.22902 2.05678 2.00784 1.96273 1.94737 1.89858 1.82588 1.80365 2.13823 2.45847 1.73493 1.95108 2.00137 1.84501 2.95889 1.69744 3.10466 2.16864 2.07175 1.72529 1.70114 1.69144 1.63223 1.98215 3.15107 1.97197 1.60253 2.57174 2.66119 1.87028 1.5987 1.56994 1.54685 1.53239 1.52486 1.74898 1.88152 1.48434 1.84802 1.4435
threshold=0.18752362001688774 0 1.1254143692523486 12.777500000000002 0.43837994655876017 0.24245005140948503 0.014785035569638174 1 2 8.1530367428793671 0.13158442823436525 3 0.37662030067147806 50.500000000000007 0.13386850152353932 0.44427887859366533 0.13141189318420368 21.500000000000004 4 29.992857142857151 0.32487563298087802 0.39121264918542054 0.55961578793542288 0.22631396916974603 0.68992052030133333 -1.7909585079033878 7.068244594967247 -0.14842000511827311 5 -0.18074081119259319 6 0.23117042578102523 0.85825892857142871 7 0.24426610383466643 5.782710597826088 0.31201932408300964 7.3952309186412526 8 9 37.150000000000006 21.500000000000004 84.500000000000014 0.61683674636976937 1.0000000180025095e-35 10 -0.15981838691793634 52.500000000000007 11.500000000000002 2648.1093750000005 9.5000000000000018 0.58240192172945793 1399.6050000000002 9.0501918886875057 4.0500000000000016 267.05000000000007 -0.084945521858976872 7.8823337570392544 30.235714285714291 44.500000000000007 18.550000000000001 11
decision_type=2 1 2 2 2 10 2 1 1 2 8 1 10 2 10 10 2 2 1 2 2 2 8 2 10 2 2 2 1 2 1 8 2 1 10 2 2 2 1 1 2 2 2 2 2 1 2 2 2 2 2 2 8 2 2 2 8 2 2 2 2 1
left_child=1 3 4 20 10 7 24 -3 44 55 25 12 21 14 -11 32 -16 -14 19 -17 -1 -8 -23 48 29 -2 27 54 -12 -7 31 -31 -6 34 -34 -36 -37 39 40 41 -39 -30 59 -35 -9 46 -46 -48 49 53 51 -51 -28 -5 -13 56 57 -10 -59 -40 -61 -25
right_child=2 5 -4 23 15 6 11 8 9 13 28 26 17 -15 16 18 -18 -19 -20 -21 -22 22 -24 61 -26 -27 52 -29 37 30 -32 -33 33 43 35 36 -38 38 42 -41 -42 -43 -44 -45 45 -47 47 -49 -50 50 -52 -53 -54 -55 -56 -57 -58 58 -60 60 -62 -63
leaf_value=0.0017930902687503724 -0.0068620832106993605 0.0026154038396467333 -0.056577127933810339 0.0041925379451600037 -0.014631609242378047 0.0023347208397925391 -0.0054550830505071942 0.0037111869762198298 0.0026058772090514718 -0.015608050793482271 -0.001830017835163472 -0.01317505574259014 -0.036871519067098291 -0.0035548310761104882 -0.006247800536189058 -0.023816065978133991 -0.01542883521683327 -0.010502123102389585 -0.011986663622171975 -0.0088550424704553383 -0.004848217449411248 -0.010643429391611959 -0.007344710694864383 -0.0023421080436325614 -0.011404591708014543 1.3022800071166936e-05 -0.011745779038151029 0.001644322252927237 -0.011030371637802669 0.00031771218986921762 0.00041052577196480351 -0.0076923629107384685 -0.00042553894584026304 -0.0021934005331802299 -0.0022918404128152155 -0.011026739358077372 -0.012986405644362466 -0.010205790126575793 -0.0030580794085007098 -0.00099449381052280506 -0.011995727686602321 -0.0049292887705317768 -0.013908161657200472 -0.010979046492594296 0.0046397535722155006 0.00096675517914456867 -0.0034619461722605357 -0.013544534484527818 0.0051394298883804118 0.0019529843475320011 -0.004789491600846494 -0.0023868944847274184 -0.0045038993109330887 -0.0049270252613184745 0.002107351931806356 0.0041298000054777089 -0.0020858448431820766 0.00054907479293361556 -0.0088026824680893095 -0.015792858542379159 -0.0055250134938156226 0.0017178694337998783
leaf_weight=4251 70 4509 69 1355 166 1647 276 1003 457 40 764 40 49 153 140 62 75 73 109 44 224 68 40 110 41 1799 82 393 53 176 1072 178 69 582 52 90 48 51 420 394 69 52 41 98 73 754 66 62 6788 224 71 42 1099 70 42 260 1025 67 41 46 52 223
leaf_count=4251 70 4509 69 1355 166 1647 276 1003 457 40 764 40 49 153 140 62 75 73 109 44 224 68 40 110 41 1799 82 393 53 176 1072 178 69 582 52 90 48 51 420 394 69 52 41 98 73 754 66 62 6788 224 71 42 1099 70 42 260 1025 67 41 46 52 223
internal_value=0.00051121 0.00121144 -0.00317247 0.00250505 -0.00292186 -2.46216e-05 -0.0012545 0.000719115 -0.000430565 -0.00192155 -0.00186123 -0.00343967 -0.00690522 -0.00845966 -0.0118164 -0.00598032 -0.009375 -0.0145528 -0.0109954 -0.0159829 0.000932753 -0.00462338 -0.0106422 0.00329975 0.000263243 -0.000296791 -0.00232154 0.000367647 -0.00336593 0.000411516 -0.000889979 -0.00419178 -0.00499548 -0.00415426 -0.0077963 -0.010733 -0.013741 -0.00459209 -0.00625735 -0.00241 -0.0133588 -0.00840517 -0.00439474 -0.00260492 0.00129 -0.000183054 -0.00445755 -0.00937984 0.00344989 0.00210437 -0.00181953 0.000486892 -0.00342217 0.00303296 -0.00650602 -0.000486223 -0.00106851 0.0010159 -0.0046789 -0.00368015 -0.00919192 -0.000553892
internal_weight=32559 27359 5200 13358 5131 14001 5276 8725 4216 2258 3811 2162 506 408 255 1320 215 122 215 106 4475 384 108 8883 3114 1869 1656 475 1942 3073 1426 354 1105 939 259 190 138 1178 679 499 120 105 559 680 1958 955 201 128 8550 1762 337 266 1181 1425 82 1850 1590 565 108 518 98 333
internal_count=32559 27359 5200 13358 5131 14001 5276 8725 4216 2258 3811 2162 506 408 255 1320 215 122 215 106 4475 384 108 8883 3114 1869 1656 475 1942 3073 1426 354 1105 939 259 190 138 1178 679 499 120 105 559 680 1958 955 201 128 8550 1762 337 266 1181 1425 82 1850 1590 565 108 518 98 333
cat_boundaries=0 1 2 3 4 5 6 7 8 9 10 11 12
cat_threshold=663 828 4136 1666 1377 4286 162 708 8 580 128 1539
is_linear=0
shrinkage=0.05


Tree=12
num_leaves=63
num_cat=3
split_feature=2 9 2 1 25 7 3 26 40 11 40 7 31 8 22 4 31 25 30 1 26 41 27 27 29 2 26 16 1 35 3 9 41 10 22 2 15 10 30 41 22 27 22 9 10 41 42 9 18 18 22 16 23 9 10 25 13 12 21 31 9 40
split_gain=33.8248 17.0116 10.4698 5.57769 5.43886 4.58979 4.40914 4.5267 4.04535 4.17742 3.40317 3.71216 4.95238 3.32388 2.9633 2.74202 2.69443 2.61935 4.57851 2.46411 2.35121 3.24411 2.27361 2.20368 2.18356 2.41046 2.07847 2.19215 2.07181 2.0211 3.41834 2.24379 2.11047 3.284 1.97216 1.95556 2.3844 2.14 1.94279 1.8735 2.27915 1.96482 1.92944 1.75982 1.74749 3.30263 1.72317 1.82348 1.6775 1.65772 1.64742 1.59048 1.70648 1.57865 1.48339 1.49301 1.72714 1.6516 1.5408 1.5274 1.47944 1.43745
threshold=0.25873263226794491 0.15803142060865621 1.1254143692523486 0.12828050611315203 0 7.7440253999133821 0.58778666490212006 31.500000000000004 2.5000000000000004 33.500000000000007 1.5000000000000002 8.380645428512997 117.60000000000001 0.12861137609900161 -0.042056950764505947 0.29849374591933625 4.6500000000000012 1 23.750000000000004 -0.12493721985586335 10.500000000000002 1.2700320512820513 45.500000000000007 1.5000000000000002 1.0000000180025095e-35 -0.2015174866274356 51.500000000000007 -3.7435868471068692 0.43837994655876017 0.44806718013098962 -0.28768207245178029 0.31973432132619389 48.119672131147546 0.021465933695467235 -0.10918321110098317 0.60416755589163229 0.13581369492855402 0.24045853523671348 58.750000000000007 40.516433189655181 -0.11260153755205103 16.500000000000004 0.13488893862333326 0.091964498946047565 0.18217460241960517 4.9818121693121702 0.92084377610693413 0.2503564560228328 -0.62445564529171393 -0.5951685443832414 -0.38991000235105394 -0.10001424688975778 0.28092990466691786 0.25410560292197226 -0.37934836206209072 2 0.98077017381838172 18.500000000000004 2085.5000000000005 20.250000000000004 0.288158491036896 1.5000000000000002
decision_type=2 8 2 2 1 2 2 2 2 2 2 2 2 8 8 2 2 1 2 2 2 2 2 2 2 2 2 2 2 2 2 10 2 2 8 2 2 2 2 2 10 2 8 10 2 2 2 10 10 8 10 2 8 10 2 1 2 2 10 2 10 2
left_child=1 8 4 10 26 -4 23 15 9 13 11 14 24 -1 54 -8 -15 18 19 -16 21 -10 -17 -6 -13 -26 27 -2 -5 31 -31 -12 -33 -34 -25 -36 37 -37 50 40 48 42 -41 -22 -19 53 47 -30 -18 -47 -14 -49 -53 -46 -3 56 -56 -58 -59 -60 -9 -29
right_child=2 3 5 28 6 -7 7 60 20 -11 29 12 38 16 17 22 39 44 -20 -21 43 -23 -24 34 25 -27 -28 61 46 30 -32 32 33 -35 35 36 -38 -39 -40 41 -42 -43 -44 -45 45 49 -48 51 -50 -51 -52 52 -54 -55 55 -57 57 58 59 -61 -62 -63
leaf_value=0.0011868907859986354 -0.013696668099599072 0.006097839891296912 -0.057626840818183658 -0.0019652959268467453 -0.013566566184197574 -0.018076402765476344 -0.0080460990780520103 0.00028477162541547512 -0.0096757810665675879 0.0026101937203861169 0.0033061360152124297 0.0019756480835243589 -0.0066777238418528123 0.0017684021738401932 -0.0077774677183035769 -0.017750412611659334 0.0014208960375321597 -5.8301014686986561e-05 0.00036178469031242276 -0.028353866585450568 0.0059187378806878251 0.0017631130922595142 -0.010751330783602457 -0.0012605276889953198 8.313837276693577e-05 -0.012434335312320313 -0.0086840709583905409 0.00040506768799285404 0.0021922521601176136 0.0044078404800370541 -0.0047993710489688361 0.0035503262128113219 -0.00077968366966315976 -0.019009610322814213 -0.004730575098957932 -0.015117392549047379 -0.0012703493916877966 -0.021767631333019358 -0.013366765243460752 -0.00187829642101892 -0.011896706076830759 0.00035725946379467353 -0.010434181549790693 0.0036705806450587036 -0.0033265906394045297 -0.007517407891383554 -0.0045495006597309285 -0.021339811336313894 -0.0091535265268277381 0.00020598431607248897 -0.010863159344540343 3.8669775983431366e-05 -0.0093583389118806481 -0.013059593710702165 0.00097635737351617282 0.0024658211285686466 0.0038410779226695398 -0.0066432559385210636 -0.0073563039276127052 0.0016733481077829499 -0.013172743048236147 -0.0052498934546545391
leaf_weight=1508 40 621 50 2832 73 50 60 75 53 4091 2906 190 58 225 65 86 52 2907 142 62 3396 1378 62 491 61 47 77 1102 41 50 51 434 284 72 1183 41 53 57 54 72 40 207 48 3133 42 71 377 64 100 363 41 51 60 50 623 1494 66 92 53 71 43 351
leaf_count=1508 40 621 50 2832 73 50 60 75 53 4091 2906 190 58 225 65 86 52 2907 142 62 3396 1378 62 491 61 47 77 1102 41 50 51 434 284 72 1183 41 53 57 54 72 40 207 48 3133 42 71 377 64 100 363 41 51 60 50 623 1494 66 92 53 71 43 351
internal_value=0.000462063 0.00105544 -0.00391014 -0.00015803 -0.00348617 -0.019802 -0.00506935 -0.0104587 0.00227664 0.00133433 0.000391943 -0.000248815 -0.00463496 -0.000395029 4.61106e-05 -0.0148804 -0.00312752 -0.000901971 -0.00555357 -0.0126172 0.00302726 0.00119064 -0.0185235 -0.00416535 -0.000869565 -0.00651376 -0.00120177 -0.000793172 -0.00191915 0.00160216 -0.00534314 0.00179335 -0.0005689 -0.00341737 -0.00381982 -0.00481648 -0.0101645 -0.0147475 -0.0119156 -0.00510577 -0.00901554 -0.00278963 -0.00785124 0.00342956 -0.000518292 -0.00316888 -0.00460438 -0.00815668 -0.00614379 -0.00133333 -0.01605 -0.0103693 -0.00665179 -0.0117204 0.00120821 0.00064375 -0.00095524 -0.00420495 -0.00631336 -0.00264 -0.00260504 -0.000471114
internal_weight=32592 28698 3894 14395 3794 100 2224 326 14303 6343 10970 7173 451 2252 6722 208 744 3702 269 127 7960 1431 148 1898 298 108 1570 1493 3425 3797 101 3696 790 356 1825 1334 151 98 153 519 192 327 120 6529 3433 526 593 216 152 434 99 175 111 92 3020 2399 905 282 216 124 118 1453
internal_count=32592 28698 3894 14395 3794 100 2224 326 14303 6343 10970 7173 451 2252 6722 208 744 3702 269 127 7960 1431 148 1898 298 108 1570 1493 3425 3797 101 3696 790 356 1825 1334 151 98 153 519 192 327 120 6529 3433 526 593 216 152 434 99 175 111 92 3020 2399 905 282 216 124 118 1453
cat_boundaries=0 1 2 3
cat_threshold=2352 128 3206
is_linear=0
shrinkage=0.05


Tree=13
num_leaves=63
num_cat=8
split_feature=0 39 2 2 2 38 22 26 9 5 39 7 2 25 0 37 36 22 25 40 7 0 31 10 4 21 39 7 21 9 30 33 30 5 14 14 2 5 33 17 20 39 7 5 39 21 22 10 9 6 3 30 26 26 33 8 22 2 17 4 20 6
split_gain=35.5564 16.0548 8.72212 8.3481 4.28154 4.27241 4.73833 3.93689 3.54207 3.06524 2.93698 4.79552 2.92096 2.8536 2.82899 2.61557 10.4698 2.43014 2.39205 2.92621 3.13314 2.51885 2.36605 3.19711 3.17439 2.28847 2.24752 5.68173 3.60961 2.90608 2.97321 4.20586 2.22813 2.16204 2.15116 2.04293 2.00202 1.99482 1.94428 1.9005 2.74193 1.86918 1.88424 2.02932 1.83352 1.83741 2.33786 1.81074 1.80773 2.21331 1.73696 1.67299 2.28874 1.66641 1.71476 1.61942 1.59094 2.20876 1.53568 1.53519 2.10391 2.09624
threshold=0.22314355131421018 0 0.90629178862065063 0.36213383313747599 0.22314355131421018 1 0.16919791381865604 10.500000000000002 0.5260458209065435 8.6146459317517738 2 8.2952298520568828 0.12676163805641097 3 -0.2097191796288915 37.500000000000007 1.8564225933908219e-07 -0.14310054144292014 4 1.5000000000000002 8.6729309724039414 -0.060594181064444357 1.0500000000000003 -0.25356142991378489 0.18159287749918732 11062.500000000002 5 7.9667600759180521 2750.7800000000002 0.13292592456528915 26.550000000000004 29.350000000000005 0.35000000000000009 7.1267060748372701 -2.3973481170029625 -0.066499094607890261 0.63758562421369069 7.7814668958282782 35.50714285714286 -1.0000000180025095e-35 -0.023765890332406499 6 7.2788671571462045 7.0752405347182528 7 452.08500000000009 0.65429583457440998 0.029787033107820719 0.21924520644667039 9.0028809565797552 0.28768207245178129 26.550000000000004 14.500000000000002 32.500000000000007 28.450000000000006 0.36085929023134972 -0.10053309141756879 0.1467278802731036 0.768922381586577 0.068458551900210121 0.083638336569361524 6.9705099009269835
decision_type=2 1 2 2 2 1 10 2 10 2 1 2 2 1 2 10 2 8 1 2 2 2 2 2 2 8 1 2 8 8 2 2 2 2 2 2 2 2 2 2 10 1 2 2 1 10 10 2 10 2 2 2 2 2 2 8 10 2 2 2 10 2
left_child=1 7 4 5 34 26 10 9 -4 15 11 22 -9 -5 -13 -1 -17 -6 19 20 21 -12 23 -7 -24 -11 -3 -28 -29 30 31 -30 -16 -23 -2 51 37 58 -39 40 -38 -26 43 -43 -8 -46 -47 -20 -49 -50 -31 52 -19 -35 -55 -54 57 59 -15 60 61 -25
right_child=2 3 8 13 17 6 44 12 -10 25 18 14 -14 36 32 16 -18 35 47 -21 -22 33 24 56 41 -27 27 28 29 50 -32 -33 -34 53 -36 -37 39 38 -40 -41 -42 42 -44 -45 45 46 -48 48 49 -51 -52 -53 55 54 -56 -57 -58 -59 -60 -61 -62 -63
leaf_value=0.0027392885125030555 -0.013937567604986526 0.0029519624740034327 -0.016736288785193051 0.0018973112665321328 -0.0012254609803589826 0.0016559958279478014 0.0011008555849547801 0.0049362119570497878 -0.050866929475328039 -0.0072639267808175274 0.0011004659927246088 0.003016430977240964 0.0010431118966487761 -0.00070096822567103085 -0.0075606738225733649 0.0012615022273598593 -0.01123261624626481 -0.013256260373937798 0.0034861721472279152 0.0042441763160655918 -0.010320001371026856 0.00079284145842962658 0.0027679029349444544 -0.00071284325675852558 -0.00031603285889170125 -0.0026263057197134249 0.0027844605339830994 -0.0060612434227971428 -0.017428908191493848 0.0018103336294738031 0.0035721448842868531 -0.003604606557412739 -0.012249899858345516 -0.0019540633446310739 -0.0036900169180727458 -0.0070349884472628785 -0.050223695094372911 -0.0060952094779674025 -0.011262724709608221 -0.010945432237077023 -0.014566927934394595 -0.012442203917884621 -0.0093849737453823457 0.004707826355741223 0.0016774851329095541 -0.0035255429078568678 -0.015098631429915219 0.0016081427242634007 -0.00084345301060468356 -0.012864804648175916 -0.0078818056952031715 -0.0099186349836762593 -0.0022109738391427546 -0.0032621128689527636 -0.011548529063752439 -0.012652507156352631 -0.010418909111175715 -0.012021699198966729 -0.009209780967284335 0.0011955112867571413 0.0045654400455559579 -0.011444083399489227
leaf_weight=1400 59 2319 71 266 235 341 260 6882 41 61 680 49 1234 380 80 156 47 92 3365 516 71 268 1544 63 455 192 2454 122 40 539 65 82 67 565 1866 591 41 288 68 130 75 94 91 118 76 887 75 1551 687 50 77 123 131 49 75 84 54 76 42 156 61 93
leaf_count=1400 59 2319 71 266 235 341 260 6882 41 61 680 49 1234 380 80 156 47 92 3365 516 71 268 1544 63 455 192 2454 122 40 539 65 82 67 565 1866 591 41 288 68 130 75 94 91 118 76 887 75 1551 687 50 77 123 131 49 75 84 54 76 42 156 61 93
internal_value=0.000529432 0.00107996 -0.00439739 0.000244671 -0.00391106 0.000520147 2.79393e-06 0.00271061 -0.0180531 0.000635434 0.000333779 -0.000906651 0.00318837 -0.00364059 -0.00847716 0.00144327 -0.00384804 -0.00618138 0.000860168 -0.000527964 -0.00152721 -0.00107753 -0.000435335 -0.00269822 0.000395137 -0.0044685 0.00165353 0.000824484 -0.0025108 -0.00128731 -0.00672872 -0.0113008 -0.0119257 -0.00272964 -0.00242731 -0.00723581 -0.00481159 -0.00360719 -0.00635854 -0.00878542 -0.0134188 -0.00225296 -0.00520701 -0.00276995 -0.00285604 -0.00377502 -0.00440291 0.00140625 0.000323285 -0.00171409 0.000372772 -0.00986079 -0.00784091 -0.00421014 -0.00944 -0.00497685 -0.00522817 -0.00423333 -0.0012766 -0.00263369 -0.00534404 -0.00840764
internal_weight=32770 29477 3293 19505 3181 18215 12517 9972 112 1856 11219 3342 8116 1290 196 1603 203 1256 7877 2224 1708 1637 3146 844 2302 253 5698 3379 925 803 187 122 147 957 1925 1021 1024 778 356 246 116 758 303 212 1298 1038 962 5653 2288 737 616 430 307 689 124 215 503 449 422 373 217 156
internal_count=32770 29477 3293 19505 3181 18215 12517 9972 112 1856 11219 3342 8116 1290 196 1603 203 1256 7877 2224 1708 1637 3146 844 2302 253 5698 3379 925 803 187 122 147 957 1925 1021 1024 778 356 246 116 758 303 212 1298 1038 962 5653 2288 737 616 430 307 689 124 215 503 449 422 373 217 156
cat_boundaries=0 1 2 3 4 5 6 7 8
cat_threshold=23 2 1312 2304 200 4640 1024 520
is_linear=0
shrinkage=0.05


Tree=14
num_leaves=63
num_cat=8
split_feature=2 9 1 10 10 41 9 9 25 22 38 25 44 3 27 25 38 25 3 31 20 20 7 2 30 33 12 7 19 6 41 33 41 31 30 16 7 25 19 20 9 13 7 22 1 27 31 3 25 11 13 1 18 21 12 9 7 6 12 12 12 1
split_gain=27.2598 14.2289 11.0896 6.73602 6.23584 4.23069 3.67257 3.21115 3.12027 2.62531 2.73778 2.5804 2.48821 2.43212 3.28854 2.14337 2.16675 2.04041 2.53067 2.76844 1.92503 1.91081 1.87373 1.83856 1.77178 1.76288 1.7601 1.73024 1.94288 1.72012 2.12516 1.86112 1.71902 2.26907 3.74987 1.8428 1.70714 1.69921 2.03773 1.69626 1.6664 1.64786 1.6351 1.68035 1.66781 1.53575 1.51789 1.50699 1.49699 2.41331 1.83946 1.48446 1.7387 1.46014 1.45558 1.43954 1.43144 1.91286 1.38069 1.7891 1.35667 1.35107
threshold=0.24187655595729399 0.15803142060865621 0.6440514655662507 0.61111051610733658 0.089721301758114005 44.870833333333344 0.091964498946047565 0.23337244026790702 0 0.13158442823436525 1 2 0.18333333333333338 0.55267940380379044 3.5000000000000004 3 4 5 0.064538521137571983 4.0500000000000016 0.18736097351232806 -0.13804703027790957 7.0233780866731097 -0.13500180413654259 51.500000000000007 25.821428571428577 40.500000000000007 7.7836148127829139 -0.026775311047600153 7.6560336283832342 227.39062500000003 28.678571428571434 60.507812500000007 215.85000000000005 17.350000000000005 -1.3856658255248648 9.0501918886875057 6 -0.00099184400383556053 -0.0013993578509519863 0.76504914322537154 1.146778184534625 8.0837172616332413 -0.15308744748149744 0.30830095149108511 15.500000000000002 253.05000000000004 0.11170435321649831 7 7.5000000000000009 0.75546191683403385 0.076961241136169103 -1.34657701351496 2600.8350000000005 67.500000000000014 0.3366204733699229 6.5599237058110091 6.7372778166699705 8.5000000000000018 69.500000000000014 74.500000000000014 0.33647223662121256
decision_type=2 8 2 2 2 2 10 10 1 10 1 1 2 2 2 1 1 1 2 2 10 10 2 2 2 2 2 2 2 2 2 2 2 2 2 2 2 1 2 10 10 2 2 8 2 2 2 2 1 2 2 2 10 10 2 10 2 2 2 2 2 2
left_child=1 6 8 -4 9 -5 -1 25 27 15 36 32 21 14 39 -3 -17 26 -19 -20 23 -9 -12 40 37 -6 -14 -2 55 -13 -31 45 33 35 -35 -8 -11 38 -23 -10 -18 61 -27 -44 46 -32 -45 -40 49 -16 -51 -39 -53 -52 -36 -29 -25 -58 -24 -60 -28 -15
right_child=2 4 3 5 7 -7 11 12 13 10 22 29 17 41 48 16 20 18 19 -21 -22 24 58 56 -26 42 60 28 -30 30 31 -33 -34 34 54 -37 -38 51 47 -41 -42 -43 43 44 -46 -47 -48 -49 -50 50 53 52 -54 -55 -56 -57 57 -59 59 -61 -62 -63
leaf_value=0.0041449284327972546 -0.0001636860472171684 0.0030492806300317799 -0.010011616124603492 -0.012199937657960448 -0.0059461571073941046 -0.052771783184007805 -0.0058965711895454711 -0.010463891866358618 -0.0025969861353527489 0.0030926742740747561 0.00092776104494414957 0.0042485324004272046 0.00017442306318200265 -0.010323895379072091 0.0018190058523296221 0.0017746614873207251 0.0019075327000156351 0.0016222805865923893 -0.027830753703221814 -0.0054748662037570478 -0.0061283056832713376 -0.0014617643512826852 -0.0083087733127083039 0.0057375430888357802 0.0027712230960340034 0.0013923611621997004 -0.011265269399738775 -0.0043604845399896064 -0.0010366264598225088 0.0019725829613302364 -0.010695419665816703 0.0004963147250289662 0.0017101792658534905 -0.011319459642078575 0.0016987969543290665 0.00031016922824351762 -0.007274507516070422 0.0015932127337102775 -0.0068382180441216595 -0.015167172760547507 -0.0087571630093309597 -0.0036462360002526258 0.0030828514788051979 -0.00096591308972663833 -0.014069652450815047 -0.0018007243118416936 -0.0077083126214161635 -0.011408085311987851 -0.0015733286031550696 -0.011878091252670159 -0.0024601625103367222 -0.0076623641249726543 -0.002798492211157402 -0.0080165854803981827 -0.0063996086285205769 -0.016302671356650953 -0.0076726634820542651 -0.0027666474069692145 -0.00026170722416340189 -0.005432954591291928 -0.00063955862185919319 -0.015349281370524459
leaf_weight=5854 1413 4392 206 77 48 75 48 116 48 560 180 2543 150 78 109 1755 1235 40 50 81 62 233 110 130 299 1123 61 264 578 2932 40 175 1451 69 95 924 46 447 100 66 43 41 159 322 53 51 52 164 832 149 128 42 515 62 114 80 80 1023 281 282 41 49
leaf_count=5854 1413 4392 206 77 48 75 48 116 48 560 180 2543 150 78 109 1755 1235 40 50 81 62 233 110 130 299 1123 61 264 578 2932 40 175 1451 69 95 924 46 447 100 66 43 41 159 322 53 51 52 164 832 149 128 42 515 62 114 80 80 1023 281 282 41 49
internal_value=0.000555336 0.0011114 -0.00317787 -0.0115877 -5.25339e-06 -0.0195425 0.00222634 -0.00165243 -0.00240251 0.000657662 -0.00130479 0.00155869 -0.00286538 -0.00412587 -0.00346237 0.000986126 0.000193593 -0.00633255 -0.0104121 -0.0143561 -0.000729489 -0.00209703 -0.00310764 -0.000515525 -0.0016935 -3.69736e-05 -0.0030038 -0.00122549 -0.00291441 0.00215664 0.00138793 -0.00288389 0.000278393 -0.00107914 -0.00505376 6.16651e-05 0.00126418 -0.00239348 -0.00475394 -0.0115652 0.000813135 -0.00982248 0.000230994 -0.00190801 -0.00353972 -0.0086413 -0.00234667 -0.00784906 -0.00273224 -0.00503268 -0.00722059 -0.00116256 -0.00289426 -0.0039267 -0.00169048 -0.00588406 -0.00189222 -0.00247735 -0.0043546 -0.0033422 -0.00815534 -0.0126172
internal_weight=32826 28571 4255 358 14275 152 14296 4096 3897 10179 1459 8442 2339 1562 1394 8720 4328 423 171 131 2573 1916 853 2511 1800 1757 252 2335 922 5741 3198 266 2701 1250 278 972 606 1501 497 114 1278 168 1709 586 427 91 374 264 1280 448 339 1004 557 190 209 344 1233 1103 673 563 102 127
internal_count=32826 28571 4255 358 14275 152 14296 4096 3897 10179 1459 8442 2339 1562 1394 8720 4328 423 171 131 2573 1916 853 2511 1800 1757 252 2335 922 5741 3198 266 2701 1250 278 972 606 1501 497 114 1278 168 1709 586 427 91 374 264 1280 448 339 1004 557 190 209 344 1233 1103 673 563 102 127
cat_boundaries=0 1 2 3 4 5 6 7 8
cat_threshold=2928 2 1218 884 10 685 1488 1026
is_linear=0
shrinkage=0.05


Tree=15
num_leaves=63
num_cat=12
split_feature=1 39 20 22 0 1 9 25 30 39 7 1 7 39 7 21 23 27 25 3 39 39 3 18 39 36 14 33 9 1 30 39 18 16 6 25 38 8 5 1 15 31 8 22 8 25 22 41 7 41 31 0 23 19 18 14 16 21 21 7 27 7
split_gain=25.5653 14.4564 7.96462 6.58354 4.24932 3.81551 3.64375 3.17319 3.90874 6.15528 6.74313 5.4843 2.40433 2.74148 6.16864 3.06043 2.86737 2.61572 2.39355 2.23442 2.12549 2.11995 2.07403 2.66501 2.06172 2.05754 2.01635 2.01154 1.89329 1.87884 1.82265 2.05695 1.81819 1.8691 1.72471 1.70651 1.67623 1.66968 1.66254 1.65946 1.84007 1.62847 1.81228 1.61965 3.03062 2.14187 1.54166 3.04569 1.48035 1.47306 1.89925 1.56025 1.45876 1.45485 1.44356 1.65225 1.46804 1.4266 1.41759 1.40971 1.65212 1.81696
threshold=0.18752362001688774 0 -0.30419504921343893 0.28038210854358653 0.12136214732851293 0.51546716611454324 0.091042152062763199 1 22.250000000000004 2 8.1115085689327895 -0.10205930502754466 6.9695193441255663 3 7.9667600759180521 2750.7800000000002 -0.44628710262841914 48.500000000000007 4 0.22314355131420929 5 6 0.0050125418235444927 0.95857730450414891 7 1.7361759986195575 -0.5106791894407382 29.007142857142863 0.24245005140948503 0.093280477237074791 64.050000000000026 8 -1.721034924997491 0.57829856268881363 6.9994135085888169 9 10 0.31991259225798618 7.7978712457693549 0.044616620446484852 -0.98082925301172574 1.2500000000000002 0.090172367977799997 0.51442198529938754 0.47771327728873553 11 0.025053292913942593 7.5434624697336572 7.8024845622625234 7.3758333333333335 200.30000000000001 0.19287486886049934 0.28688525953414207 0.024755256448569494 0.82517251427011518 0.28687931840803366 0.50335186210605631 676.00000000000011 1250.5000000000002 7.4911353455148051 59.500000000000007 7.9044662437641398
decision_type=2 1 10 8 2 2 10 1 2 1 2 2 2 1 2 8 8 2 1 2 1 1 2 10 1 2 2 2 10 2 2 1 10 2 2 1 1 10 2 2 2 2 10 10 8 1 10 2 2 2 2 2 10 2 10 2 2 10 8 2 2 2
left_child=1 6 -2 24 7 18 -1 8 9 10 -3 -12 -9 19 20 17 -17 -16 30 -14 36 -20 23 -22 32 39 52 -25 -28 -18 31 -5 -4 -34 -23 37 57 -30 -26 -8 -41 -24 -43 45 -45 -7 48 -48 -38 50 -40 -51 -6 -52 55 58 -56 -15 -33 -42 -61 -62
right_child=2 4 3 5 26 43 25 12 -10 -11 11 -13 13 14 15 16 29 -19 21 -21 22 34 41 27 38 -27 28 -29 35 -31 -32 54 33 -35 -36 -37 46 -39 49 40 59 42 -44 44 -46 -47 47 -49 -50 51 53 -53 -54 -55 56 -57 -58 -59 -60 60 61 -63
leaf_value=0.0047645131371611953 -0.060997657781811543 -0.0065501143532976647 -0.010864829519953462 -0.001156776916884732 -0.0048990413565224884 -0.0050260418034219333 0.0031349723705609979 0.0034427343521015773 0.0016828801686009543 0.00092121549054392056 -0.0091606814606577554 -0.0247285511600338 0.0025543653326956638 -0.0026296229452773684 -0.012668322474351238 -0.010125467884872341 -0.001119992274434509 -0.003843288635300627 0.00067198161310521145 -0.0017849054988876329 0.0015945539860402328 0.0018420627615034013 -0.012384259012229433 -0.0093721495323105721 0.0015539120165264184 -0.0048614720806807402 0.00046784822981863226 -0.00062278991461348359 -0.0027709148098083755 -0.013369981731501019 0.00020025096581068069 9.1911653036511566e-05 -0.00046061082715522091 -0.0071792195656839239 -0.0061464239931915228 -0.0044502790574235907 0.0026602633361368015 -0.017463604942193661 -0.001839972468113639 -0.0028786372459182986 0.0031240534888790318 0.0043975148293306709 -0.0048098719450220357 -0.015945993914353203 -0.012094164654395013 -0.012586613356441224 -0.014079814932685604 -0.0010486490304454186 -0.0032039798509019678 0.0025866142251662659 -0.0051053122299708174 -0.0031683052980507791 0.0012677324167914615 -0.011042706072145289 -0.018369925164044162 -0.00046193922530452289 -0.0078383657518561432 0.0042259791529667377 -0.010922836093251287 0.0010711619222328759 -0.0042113444905106049 -0.00062734678870537714
leaf_weight=4163 69 242 84 154 257 230 6212 1962 505 221 48 41 4348 41 78 71 514 68 612 720 603 73 63 67 1041 42 925 102 60 63 117 41 548 184 413 838 1039 68 376 281 686 72 298 78 82 186 41 279 223 295 70 131 65 45 50 76 42 744 258 1220 80 226
leaf_count=4163 69 242 84 154 257 230 6212 1962 505 221 48 41 4348 41 78 71 514 68 612 720 603 73 63 67 1041 42 925 102 60 63 117 41 548 184 413 838 1039 68 376 281 686 72 298 78 82 186 41 279 223 295 70 131 65 45 50 76 42 744 258 1220 80 226
internal_value=0.000594085 0.00120318 -0.00260179 -0.00237517 0.000128092 -0.00428512 0.00242241 0.000486992 -0.00212079 -0.00504521 -0.00919591 -0.0211667 0.000730254 0.000399576 -0.00051862 -0.00450314 -0.00302003 -0.0110204 -0.00316821 0.00118921 0.000366639 -0.0016321 -0.00133635 0.000206986 -0.000713513 0.00184442 -0.00189024 -0.00532353 -0.00126586 -0.00184256 -0.0053538 -0.00650322 -0.00280532 -0.00203274 -0.00406439 -0.00281282 0.00123423 -0.00798561 0.000172677 0.00189812 0.000807939 -0.0041129 -0.00283019 -0.00783362 -0.0121118 -0.00616307 0.000288764 -0.00280374 0.0010768 -0.001378 -0.00324187 0.000772834 -0.0055418 -0.00883621 -0.00808577 -0.0068484 -0.013871 0.0031093 -0.00851667 0.00129236 0.000445318 -0.00283388
internal_weight=32831 27576 5255 5186 14666 2412 12910 12453 1057 552 331 89 11396 9434 4366 794 648 146 1836 5068 3572 1098 1205 772 2774 8747 2213 169 1891 577 738 621 816 732 486 966 2367 128 1958 8705 2493 433 370 576 160 416 1582 320 1262 917 491 426 322 115 467 375 92 785 299 2212 1526 306
internal_count=32831 27576 5255 5186 14666 2412 12910 12453 1057 552 331 89 11396 9434 4366 794 648 146 1836 5068 3572 1098 1205 772 2774 8747 2213 169 1891 577 738 621 816 732 486 966 2367 128 1958 8705 2493 433 370 576 160 416 1582 320 1262 917 491 426 322 115 467 375 92 785 299 2212 1526 306
cat_boundaries=0 1 2 3 4 5 6 7 8 9 10 11 12
cat_threshold=567 128 7168 4296 3268 3072 6671 472 4248 130 2 311
is_linear=0
shrinkage=0.05


Tree=16
num_leaves=63
num_cat=9
split_feature=1 39 9 0 11 3 9 8 22 25 42 22 25 15 39 6 9 44 23 17 14 25 25 18 31 3 20 17 3 31 0 2 3 1 2 1 25 39 41 18 30 44 18 11 18 18 30 23 8 31 3 41 17 7 42 17 15 3 3 0 20 39
split_gain=23.1085 15.4648 8.3823 6.43117 4.31713 3.59728 3.48157 3.09035 3.33669 2.74605 2.6291 4.22166 2.53035 2.43382 2.32112 6.79102 3.20323 2.30524 2.12804 2.11864 2.49227 2.09885 1.93931 1.79208 2.36451 1.72155 1.94195 1.79224 1.77523 1.65314 1.55469 1.74757 1.48528 1.48235 1.44573 2.1873 1.40594 2.09989 1.67872 1.84361 1.38407 1.36841 1.59912 2.04614 1.51202 1.35783 1.73686 1.32974 1.97248 1.31637 1.53215 1.70279 1.35865 1.31471 1.3089 1.29562 1.43012 1.27856 1.3487 1.3199 2.2107 1.26226
threshold=0.35667494393873295 0 0.76504914322537154 0.15415103696998858 40.500000000000007 0.58778666490212006 0.084389904237274119 0.089296856480179945 -0.028575802481467395 1 0.89076704545454555 0.77675295448818049 2 -2.5610727680317402 3 8.305786054458915 0.27838676028620185 1.0000000180025095e-35 0.23640471711330815 0.87708329462884194 -0.71416419123278529 4 5 0.44426744811194235 7.2500000000000009 0.20381898045918814 0.020037027224119656 -0.45188066831301382 0.39787843194406808 323.60000000000002 0.40192497299249569 0.44937552335991576 0.24116225162239904 0.56617956982044071 0.20973137855736559 0.059808841987522683 6 7 5.2436092513694472 -0.21570224502706251 58.000000000000007 0.23611111111111113 1.0255762770152759 59.500000000000007 1.2790797646352943 -1.721034924997491 1.6500000000000004 0.074107972153721738 0.41792730030775244 268.55000000000007 -0.20252426411147303 315.24867788461546 -0.25103906958686667 7.9498198604023225 0.96580946814728241 1.0332051158551638 0.023959746975726896 -0.44628687762864988 -0.13353139262452227 -0.092477453393916317 0.0038320567924961103 8
decision_type=2 1 10 2 2 2 10 8 8 1 2 10 1 2 1 2 10 2 8 2 2 1 1 8 2 2 10 2 2 2 2 2 2 2 2 2 1 1 2 8 2 2 10 2 10 10 2 10 8 2 2 2 2 2 2 2 2 2 2 2 10 1
left_child=1 6 10 4 7 17 -1 45 -9 18 19 22 14 -5 15 49 -17 55 -8 20 -2 40 -12 24 -7 -14 28 -28 -27 -23 61 -32 -11 -13 -20 -36 -15 38 39 -38 41 42 57 -44 -45 46 -3 -22 -49 50 51 -10 -52 54 -54 -6 -57 -19 59 -59 -61 -24
right_child=2 3 -4 13 5 23 9 8 12 32 11 33 25 36 -16 16 -18 21 34 -21 47 29 30 -25 -26 26 27 -29 -30 -31 31 -33 -34 -35 35 -37 37 -39 -40 -41 -42 -43 43 44 -46 -47 -48 48 -50 -51 52 -53 53 -55 -56 56 -58 58 -60 60 -62 -63
leaf_value=0.0048765355802996013 -0.013993236426143217 -0.0056481167664165811 -0.058729252600463827 -0.0091383700001429063 0.0026731736395071938 -0.024166377379146703 0.0022809253922623902 0.0007186189360475244 0.00084898081073705523 0.0038480677765586934 -0.00086435684330477165 -0.011391646644841564 0.00010286082677353039 -0.00075145068798822604 -0.0017299841981604791 -0.013412131995260921 -0.012482770017406608 0.0084028457973392614 -6.7063299505098394e-05 -0.012134712694507593 -0.002447222054436665 0.0025343637170334474 0.0024794323848012761 0.00065859168101382892 -0.0032629388857006386 -0.0022029621433281013 -0.010477165740308951 -0.0043936810079024521 0.0026779158614606215 -0.0020362006599633307 -0.0089893646458645456 -0.012694775150879864 0.00020051943184399732 -0.013202860343733698 0.00043033211058746536 -0.0070711618922608402 -0.013216063414836594 -0.0023324426157285082 -0.0045696770770350063 -0.009949759239901719 0.0078783292258609999 0.00075851936051148734 0.0017031655163958486 -0.013547430419735022 -0.0095150367945928058 0.0018281919470833482 0.0017993667776529517 -0.014013462171425848 -0.0012856212538753138 0.00080596001566700772 -0.0057113723284343016 -0.006631670472341979 -0.010035706158105964 -0.0094155270073746685 -0.00020093305343135562 -0.0072897253342606759 0.00011695416229242453 -0.0019113945635986767 -0.001293830228561627 -0.0014802889761194357 -0.020506390637464365 -0.0054452005973907765
leaf_weight=3248 82 41 50 58 5658 44 1359 2801 161 3644 712 41 1535 1294 645 45 41 90 1402 59 283 1862 119 76 69 206 57 199 195 40 149 77 498 40 61 78 54 910 622 72 113 287 48 41 50 1602 74 49 45 137 60 61 76 43 114 44 220 104 498 47 62 382
leaf_count=3248 82 41 50 58 5658 44 1359 2801 161 3644 712 41 1535 1294 645 45 41 90 1402 59 283 1862 119 76 69 206 57 199 195 40 149 77 498 40 61 78 54 910 622 72 113 287 48 41 50 1602 74 49 45 137 60 61 76 43 114 44 220 104 498 47 62 382
internal_value=0.000608193 0.000953914 -0.00448061 0.000157815 0.000526165 0.00125775 0.00253373 -0.000319372 -0.000826407 0.00191112 -0.00397744 -0.00292571 -0.00183865 -0.00197609 -0.0035043 -0.00542056 -0.0186207 0.0013988 0.000721402 -0.00705202 -0.00588043 0.000326858 -0.00229514 -0.00555263 -0.00951754 -0.000767136 -0.00291033 -0.0063035 -0.000733831 0.00139049 -0.00408537 -0.00757709 0.00273537 -0.0139634 -0.000547989 -0.00539286 -0.00177447 -0.00273217 -0.00469038 -0.01 -0.00118431 -0.0016816 -0.00260361 -0.00753571 -0.0119022 0.00156286 -0.00366379 -0.00414021 -0.00926316 -0.0037366 -0.00489341 -0.00174888 -0.0072619 -0.00549145 -0.00366492 0.00198548 -0.00143396 -0.0017394 -0.00245084 -0.00577103 -0.00959091 -0.00257968
internal_weight=32834 30746 2088 20456 17446 9353 10290 8093 6376 7042 2038 1520 3575 3010 1383 738 86 9164 2900 518 459 3242 1439 189 113 2192 657 256 401 1902 727 226 4142 81 1541 139 2952 1658 748 126 1340 1227 940 139 91 1717 115 377 94 652 515 222 293 233 190 5922 264 801 711 213 109 501
internal_count=32834 30746 2088 20456 17446 9353 10290 8093 6376 7042 2038 1520 3575 3010 1383 738 86 9164 2900 518 459 3242 1439 189 113 2192 657 256 401 1902 727 226 4142 81 1541 139 2952 1658 748 126 1340 1227 940 139 91 1717 115 377 94 652 515 222 293 233 190 5922 264 801 711 213 109 501
cat_boundaries=0 1 2 3 4 5 6 7 8 9
cat_threshold=23 1287 1224 3328 3210 2353 2356 1288 2053
is_linear=0
shrinkage=0.05


Tree=17
num_leaves=63
num_cat=4
split_feature=0 39 10 1 11 8 26 39 2 30 5 21 41 26 12 26 2 18 3 8 22 22 3 1 39 7 27 29 30 2 30 21 11 10 10 5 39 27 30 23 15 4 20 13 41 7 31 22 10 14 27 20 5 7 12 31 19 30 31 2 13 31
split_gain=20.6388 12.9915 7.66855 7.0954 3.59914 3.3797 3.37385 3.23727 2.83899 2.83274 2.60245 3.47305 2.53772 6.27769 2.4657 2.67455 2.6528 2.56121 2.19812 2.13653 2.1029 2.04581 1.99296 1.99068 1.99013 7.53464 3.15817 2.9347 2.73474 3.42847 2.49264 4.16544 2.31722 1.97102 1.91824 1.85081 2.4112 2.25755 1.87705 1.78967 1.77531 1.77134 1.71822 1.70917 1.61971 1.56153 2.17922 1.55766 1.55271 2.82566 1.47418 1.43769 1.76179 2.79488 1.46146 1.43583 1.7317 2.22271 1.5445 1.4335 1.55565 1.50244
threshold=0.28768207245178129 0 0.85614897613842278 0.087011376989629699 43.500000000000007 0.61603974764997138 10.500000000000002 1 0.12676163805641097 79.65000000000002 8.6715479771391912 11062.500000000002 1999.8800204918036 9.5000000000000018 30.500000000000004 9.5000000000000018 0.11686424898728955 -1.34657701351496 0.43178206577676553 0.10185754852720044 0.2363893043797429 0.61908518982862593 0.36179129460457876 0.075128187429554419 2 7.9667600759180521 47.500000000000007 1.0000000180025095e-35 22.650000000000006 -0.064537952955430175 27.550000000000008 3406.2500000000005 27.500000000000004 -0.090779918112212851 0.41952984713070368 9.1261397124309287 3 34.500000000000007 44.95000000000001 -0.054067221270275682 -1.8860095491490028 0.26731444704680568 -0.11023504108139354 0.27014863648527021 3185.607731694829 8.126769787952334 85.300000000000026 -0.031726573931293876 0.17463434698263305 -0.64662716492505201 51.500000000000007 -0.095952346944597769 7.3530478702285045 8.8029214004501544 41.500000000000007 133.25000000000003 0.070525716731177399 1.7500000000000002 6.2500000000000009 -0.12194755011196844 0.52000019199984659 304.50000000000006
decision_type=2 1 2 2 2 10 2 1 2 2 2 8 2 2 2 2 2 8 2 10 8 10 2 2 1 2 2 2 2 2 2 8 2 2 2 2 1 2 2 8 2 2 10 2 2 2 2 8 2 2 2 10 2 2 2 2 2 2 2 2 2 2
left_child=1 6 20 4 24 -4 10 21 -8 14 12 -12 -1 -14 17 16 -16 -9 59 -17 -2 40 -23 -13 25 47 27 30 29 32 -27 -32 -29 -26 -10 36 37 -22 48 -20 -5 -31 -21 -35 -42 -44 -47 -3 50 -50 -39 52 -45 54 -54 56 57 58 -28 -6 -61 -62
right_child=2 3 5 7 18 -7 8 9 34 -11 11 23 13 -15 15 19 -18 -19 39 42 35 22 -24 -25 33 26 55 28 -30 41 31 -33 -34 43 -36 -37 -38 38 -40 -41 44 -43 45 51 -46 46 -48 -49 49 -51 -52 -53 53 -55 -56 -57 -58 -59 -60 60 61 -63
leaf_value=0.0025991965478414361 -0.0029760208619585577 0.0038723407629887756 -0.010673505826846542 -0.0064121912613649412 0.0045468873642893854 -0.058340184824121157 0.0041178063177809985 -0.022318626101245249 0.0010869881095479815 0.0086298955583340945 -0.007414687735132733 0.0020282539545990836 0.00019743400304863225 -0.0070223853284034042 -0.0044540761152528537 0.0013909142078847568 -0.013273791508219338 -0.00025598789042793944 -0.020697544209312746 -0.012222836097597107 -0.0045072385066325755 -0.0021100155182745767 -0.023129213396037889 -0.0076926822278488632 0.0025161947470779709 -0.014757055203347792 -0.0070483689330862595 0.0001438506071822006 0.002588973092965133 -0.011763153822657513 -0.013274182031128123 0.0084610420659648588 -0.010945222221514206 -0.0037576024993057049 -0.0059480888683506941 -0.013498988286832176 -0.0012472366693006623 0.0031121935710791836 -0.0042008284985886176 -0.0022033059244833315 0.00028940063275098847 -0.0047374172547261107 -0.0039149698866096901 0.0067025916038348388 -0.0110675791553368 -0.014558077871305863 -0.0015845725972752243 -0.00050234932270224028 -0.00097897380334540838 -0.018652858712762409 -0.016440810823347664 0.0005998055580822883 -0.0037189797719634934 0.0061675671679291971 -0.012092127737494286 0.0037245930858299334 0.0032323229994398552 -0.0077505533024623263 0.0024806746445867646 -0.00033746654675400115 0.0023601983608868013 -0.00031706104926286646
leaf_weight=1209 1032 615 40 98 2443 40 6943 50 1264 180 65 146 371 54 106 166 92 716 66 74 329 96 41 53 1974 66 46 111 108 42 51 43 40 148 62 48 401 40 66 176 3446 44 763 50 40 66 81 859 43 123 58 2503 41 48 53 108 55 46 58 1040 3298 129
leaf_count=1209 1032 615 40 98 2443 40 6943 50 1264 180 65 146 371 54 106 166 92 716 66 74 329 96 41 53 1974 66 46 111 108 42 51 43 40 148 62 48 401 40 66 176 3446 44 763 50 40 66 81 859 43 123 58 2503 41 48 53 108 55 46 58 1040 3298 129
internal_value=0.000623469 0.000962916 -0.00402972 0.00023069 0.000838242 -0.0191358 0.00242042 -0.00120928 0.00285913 -0.00268113 0.000521327 -0.00407547 0.00126606 -0.00205399 -0.00320567 -0.00449222 -0.00984925 -0.000938722 0.00163009 -0.00356212 -0.00345633 -0.000293408 -0.00626812 -0.000775 4.1491e-05 -0.00116804 -0.00501831 -0.00746047 -0.00484104 -0.00783613 -0.0130435 -0.00768421 -0.00325658 0.000618269 0.000738508 -0.00496844 -0.00452403 -0.00635075 -0.00936556 -0.00304527 -6.4156e-05 -0.0157471 -0.0044467 -0.000223277 0.000123315 -0.00384193 -0.0085473 0.000962712 -0.0112453 -0.0141916 -0.00616162 6.49112e-05 -0.00409326 -0.00692308 -0.0118947 -0.00106688 -0.00351942 -0.00629139 -0.00219048 0.00179424 0.00126119 0.00177509
internal_weight=32663 30443 2220 20276 14261 80 10167 6015 8269 2294 1898 264 1634 425 2114 1348 198 766 7152 1150 2140 3721 137 199 7109 2292 818 505 345 237 160 94 151 4817 1326 1108 1060 659 330 242 3584 86 984 2843 3486 910 147 1474 264 166 98 2695 192 142 94 313 205 150 104 6910 4467 3427
internal_count=32663 30443 2220 20276 14261 80 10167 6015 8269 2294 1898 264 1634 425 2114 1348 198 766 7152 1150 2140 3721 137 199 7109 2292 818 505 345 237 160 94 151 4817 1326 1108 1060 659 330 242 3584 86 984 2843 3486 910 147 1474 264 166 98 2695 192 142 94 313 205 150 104 6910 4467 3427
cat_boundaries=0 1 2 3 4
cat_threshold=23 6792 3072 7426
is_linear=0
shrinkage=0.05


Tree=18
num_leaves=63
num_cat=5
split_feature=0 9 2 2 40 11 0 9 27 7 26 41 27 7 41 20 2 22 22 17 22 25 1 7 14 1 13 20 23 25 25 25 3 21 20 41 4 41 17 33 27 41 20 6 6 9 22 6 33 25 21 41 1 18 0 9 22 1 9 40 13 10
split_gain=21.4888 11.0579 9.34553 5.1484 3.40372 3.27187 3.26136 2.78879 2.7181 2.39501 4.18341 2.68063 6.18749 3.09816 2.3018 2.10384 2.10147 2.0198 1.96746 1.92594 2.79535 1.88843 2.25899 1.88553 1.78936 1.64823 1.51679 1.5108 1.69041 1.45002 1.41459 1.41405 2.8342 1.57487 2.51986 1.46042 1.43056 1.42526 1.38527 1.34205 2.09491 1.38799 2.46268 1.35719 1.34179 1.41379 1.56455 2.6403 3.12614 1.60423 1.70512 1.34879 1.3303 1.27033 1.24968 1.23211 1.24991 1.45494 1.72259 1.2081 1.31826 1.49317
threshold=0.16251892949777472 0.11552828281838948 1.1254143692523486 0.24187655595729399 1.5000000000000002 33.500000000000007 0.36464311358790896 0.71036395367987681 1.5000000000000002 7.9752771010515549 24.500000000000004 116.34904233870969 26.500000000000004 8.482649238424953 7.8686854887674569 0.041682119053309298 0.68240666472238376 0.28038210854358653 -0.69361726062090401 0.78559485462679934 0.24855575038826117 0 0.22314355131420929 8.238889215766342 -0.69314718055994529 0.050928960396960939 0.5432098552050203 -0.30419504921343893 -0.24116315898283955 1 2 3 0.61350217182287958 6683.7500000000009 0.058395525186882818 4.0341622672964723 0.68634791663256378 37.140394088669957 1.0684988297636389 35.50714285714286 14.500000000000002 357.00894170911158 0.0023038372253118482 7.9516779029205491 7.5025048793607034 0.061827322301268826 0.18797652139410612 7.7107210251907308 33.107142857142868 4 3795.0000000000005 4427.8818070818079 -0.11858273856620148 0.16488225796769054 -0.011692257441370922 0.26007240679786425 0.45601597881830774 0.13720259210388311 0.34553039818057613 3.5000000000000004 0.59469380443555742 -0.023479679291800167
decision_type=2 8 2 2 2 2 2 8 2 2 2 2 2 2 2 10 2 10 8 2 10 1 2 2 2 2 2 8 10 1 1 1 2 10 10 2 2 2 2 2 2 2 10 2 2 10 8 2 2 1 10 2 2 10 2 10 8 2 10 2 2 2
left_child=1 44 6 4 5 9 21 8 15 30 -11 13 23 17 -15 -5 18 52 -8 25 -21 -2 24 -13 -23 29 -24 28 -6 -7 -3 35 33 -33 -35 -10 37 -34 -26 41 -41 43 -43 -32 59 -46 -47 48 51 -49 -51 -48 -12 -45 -29 -27 -57 -58 -59 60 61 -1
right_child=2 3 -4 7 27 19 16 -9 31 10 11 12 -14 14 -16 -17 -18 -19 -20 20 -22 22 26 -25 38 55 -28 54 -30 -31 39 32 36 34 -36 -37 -38 -39 -40 40 -42 42 -44 53 45 46 47 49 -50 50 -52 -53 -54 -55 -56 56 57 58 -60 -61 -62 -63
leaf_value=0.0035366717617590091 0.00048885687954888313 0.0018609512681110483 -0.039682675659374389 -0.0012106176863209937 -0.022803119099314817 1.3523685356126762e-05 -0.025853203417900223 -0.043739349332111044 -0.0068781735917697708 0.00046464294942502138 0.001402113813529003 -0.018065197096620758 0.00099078336628038392 -0.011619005264260915 -0.0061601749158696102 -0.017910320498335158 -0.011270719815621052 -0.011309956659274435 -0.0060469108780924746 -0.0017345066238887864 -0.0089614703254188837 -0.0053393710769161599 -0.0072212957811654257 -0.0084620900013406865 0.00033594499568168523 0.0010831152523759974 -0.0035332586460301539 0.0035333600269538386 0.0071764249201390577 0.0033178512438522866 0.0014567880881841051 -0.00084184768664164052 -0.020622512457897531 -0.00049233461424354923 -0.01021966535035255 0.0019769639273447912 -0.0068024042366486882 -0.0015856245522528148 -0.0068944411862707907 -0.013891160667305367 -0.00099017072110137399 0.00014167332357326086 -0.010882256560411393 -0.0068840534243354949 0.0048020707623847624 0.0025807432913945855 0.0011604401047812342 0.0029416170490508698 -0.043795486895711014 0.00028893532742929796 -0.017471653447539252 -0.0037256184819828074 -0.001528045125986246 0.0020328210017483295 0.0010840371687004546 -0.0007243509356667495 0.0013958514013111432 -0.016719830381572969 -0.0019253059482004981 0.0041758457974264184 0.0057033413347886116 -0.00044121577303945765
leaf_weight=342 1143 1375 58 50 45 821 41 52 104 762 267 46 66 41 80 40 136 74 1347 492 49 217 221 43 1064 1123 518 3071 49 2892 657 1255 56 93 45 571 82 41 77 58 100 118 63 57 1131 2532 135 632 40 536 47 61 361 51 3019 335 67 61 55 2791 602 369
leaf_count=342 1143 1375 58 50 45 821 41 52 104 762 267 46 66 41 80 40 136 74 1347 492 49 217 221 43 1064 1123 518 3071 49 2892 657 1255 56 93 45 571 82 41 77 58 100 118 63 57 1131 2532 135 632 40 536 47 61 361 51 3019 335 67 61 55 2791 602 369
internal_value=0.000657999 0.0011906 -0.0024238 0.000491492 0.000809252 0.000244192 -0.00217838 -0.00167573 -0.00141788 -0.00081872 -0.00224009 -0.00440245 -0.0104167 -0.00325849 -0.0106148 -0.00989011 -0.00408525 -0.00197724 -0.00349892 0.00100492 -0.00183579 -0.00128047 -0.00216556 -0.0189444 -0.000963944 0.00129225 -0.00439865 0.00173323 -0.00452632 0.00187534 0.000179436 -0.00107429 -0.00188882 -0.00113702 -0.00618705 0.000838193 -0.00780556 -0.0118878 -0.000170753 -0.00114798 -0.0054088 -0.000443506 -0.00436813 0.000489556 0.00260766 0.00206647 0.00162274 0.000313361 -0.00451477 0.00125411 -0.000648148 -0.00187817 -0.00104928 -0.0046789 0.00183057 -2.74054e-05 -0.00204239 -0.00535326 -0.00871795 0.00328136 0.00202816 0.00056882
internal_weight=32727 27905 4822 18687 16298 10114 4764 2389 2337 4219 1740 978 155 823 121 90 1524 702 1388 5895 541 3240 2097 89 1358 5354 739 6184 94 3713 2479 2247 1572 1393 138 675 179 97 1141 1104 158 946 181 765 9218 5114 3983 1451 236 1215 583 196 628 108 6090 1641 518 183 116 4104 1313 711
internal_count=32727 27905 4822 18687 16298 10114 4764 2389 2337 4219 1740 978 155 823 121 90 1524 702 1388 5895 541 3240 2097 89 1358 5354 739 6184 94 3713 2479 2247 1572 1393 138 675 179 97 1141 1104 158 946 181 765 9218 5114 3983 1451 236 1215 583 196 628 108 6090 1641 518 183 116 4104 1313 711
cat_boundaries=0 1 2 3 4 5
cat_threshold=2352 2240 626 2336 1820
is_linear=0
shrinkage=0.05


Tree=19
num_leaves=63
num_cat=12
split_feature=1 39 2 25 5 25 2 3 39 0 22 0 23 38 39 5 1 25 27 39 39 6 30 42 13 1 31 22 27 41 6 6 4 5 8 22 13 4 3 25 8 3 5 12 38 27 19 22 33 41 30 2 8 30 27 2 25 30 12 0 27 41
split_gain=18.8159 12.0406 8.83492 5.7755 4.58353 4.38353 3.64452 3.61317 3.59528 2.89306 2.74424 2.70307 2.67218 2.6294 2.32749 2.97304 2.68636 2.73359 3.47485 2.28714 2.12469 3.55168 2.15955 2.09946 2.55588 2.39205 2.08779 2.08593 2.00147 2.22404 1.9973 2.04515 1.92543 1.92194 1.8938 1.89373 1.90907 3.39079 1.83206 1.74127 1.71017 1.70876 2.27884 2.18317 2.11726 2.71366 1.74185 1.65758 2.36062 1.61975 1.89564 1.91241 1.61496 1.8045 1.9397 1.55039 1.51586 1.45928 3.05774 1.41069 2.33709 1.40048
threshold=0.18752362001688774 0 0.90629178862065063 1 7.0416782700384797 2 0.60416755589163229 0.26687953305765794 3 0.044451762570834059 0.30372100148876796 0.36464311358790896 1.3364215222331419 4 5 7.2553981954789206 -0.40088588027111344 6 3.5000000000000004 7 8 8.1278186157914334 22.250000000000004 0.85951206140350889 0.45454558030886993 -1.0000000180025095e-35 5.1500000000000012 0.77675295448818049 35.500000000000007 288.32536057692317 8.0834520673652381 8.9080258845566416 0.17662353567931624 8.8564262802559544 0.37931757762443669 0.0066432182136029767 0.98077017381838172 0.010410345839210413 0.63607955038626252 9 0.036374228609147609 0.21772374824034516 7.2723673074987181 76.500000000000014 10 16.500000000000004 0.033347232585229022 -0.034598839086347331 31.56428571428572 4.3017370470200662 37.95000000000001 -0.084324127446872219 0.10738532228553174 12.650000000000002 4.5000000000000009 0.071528977975274813 11 0.35000000000000009 38.500000000000007 -0.10140317019790233 33.500000000000007 3.8599832915622394
decision_type=2 1 2 1 2 1 2 2 1 2 10 2 8 1 1 2 2 1 2 1 1 2 2 2 2 2 2 10 2 2 2 2 2 2 10 10 2 2 2 1 8 2 2 2 1 2 2 8 2 2 2 2 8 2 2 2 1 2 2 2 2 2
left_child=1 5 11 6 -4 8 9 13 23 47 -6 19 -10 -5 56 -16 -17 -18 -19 41 -11 26 -23 24 25 -1 -22 52 -20 32 39 33 -30 61 -28 36 40 59 -7 -21 -14 44 46 57 -2 -46 -43 -3 49 50 51 -49 -9 54 -54 -24 -15 -44 -59 -38 -61 -32
right_child=2 3 4 7 10 38 -8 27 12 20 -12 -13 35 14 15 16 17 18 28 30 21 22 55 -25 -26 -27 34 -29 29 -31 31 -33 -34 -35 -36 -37 37 -39 -40 -41 -42 42 43 -45 45 -47 -48 48 -50 -51 -52 -53 53 -55 -56 -57 -58 58 -60 60 -62 -63
leaf_value=0.00066225139414369846 0.0008761617526674353 0.00088003989132856911 -0.043628459686052307 0.0028186209745360118 -0.0036726772102742529 0.0039219043889736679 -0.032778483423847808 0.0021266675364156567 0.00087511776457394942 -0.00082113610597158912 -0.027766614349828439 -0.0066417244500094471 -0.004845159886706963 0.0038159876280797513 0.0011085593199618522 0.0063217494251182702 -6.420482193314787e-05 -0.011537766546636434 -0.0018280911253108765 0.0022578496071166331 -0.0083372953178159695 -0.011618090801182713 -0.014461142868330135 0.0036595467452744815 0.0021793479155464732 -0.006279628470110753 -0.00064893396530788243 -0.017528095014640071 -0.010277008202317653 -0.012829218842636179 -0.0048588020685975709 0.0017043224214799602 0.00042952887660361276 -0.0067258205658016733 -0.0090247248107184139 -0.0073379826768649572 0.0035128383951512003 -0.0060571098090432245 -0.0073430344881925212 -0.00089042163941953519 0.00043534999313405814 0.001601867749406443 -0.002283799161412815 -0.020734981157465453 -0.011567618310802705 -0.0015607949936971488 -0.011511527235365483 -0.005074257848655556 -0.0082560822732939548 -0.00027914720814774946 0.00096865376327488935 -0.0065860920678305242 -0.0099178180314086328 0.001193029789171427 -0.003243560273489988 0.0019840510880746675 0.00057377834979597088 -0.012555269020994495 -0.0053572049070407558 -0.0039023009389994937 0.00050930949552681207 -0.0015393770046460121
leaf_weight=48 314 1448 46 3291 66 6918 43 446 901 449 40 938 44 2242 1789 225 599 48 388 1044 54 71 41 1237 388 41 444 44 202 42 151 237 102 42 76 44 63 80 47 1001 398 151 70 54 79 196 65 68 58 1510 90 61 94 528 835 44 1844 40 66 40 67 675
leaf_count=48 314 1448 46 3291 66 6918 43 446 901 449 40 938 44 2242 1789 225 599 48 388 1044 54 71 41 1237 388 41 444 44 202 42 151 237 102 42 76 44 63 80 47 1001 398 151 70 54 79 196 65 68 58 1510 90 61 94 528 835 44 1844 40 66 40 67 675
internal_value=0.000588532 0.00111337 -0.00214651 0.000301391 -0.0139869 0.00246248 -0.00124552 0.000844069 0.000968174 -0.00110532 -0.00813084 -0.00179254 -0.000706917 0.00120301 0.000681394 -0.000286259 -0.00184816 -0.00267366 -0.00459016 -0.00124821 -0.00322458 -0.0048583 -0.0115924 0.00256232 -0.000240586 -0.00783333 -0.00309565 -0.00113706 -0.00378231 -0.00654179 -0.00056944 -0.002283 -0.00501639 -0.00340621 -0.00211132 -0.00294437 -0.00229437 -0.00577689 0.00317876 0.00035435 -0.000316027 -0.00327438 -0.00563758 -0.00909091 -0.0015339 -0.00463287 -0.00193548 -0.0003322 -0.00135067 -0.00101445 -0.00502273 -0.00888462 -0.000884979 -0.00169067 -0.00301613 -0.00610465 0.00148401 -0.00632768 -0.01 -0.00175439 -0.00523148 -0.00286578
internal_weight=32767 27492 5275 17176 152 10316 4457 12719 3351 4414 106 5123 1637 10772 7481 3395 1606 1381 782 4185 1179 730 156 1714 477 89 574 1947 734 346 3150 1105 304 868 520 736 692 250 6965 2045 442 1035 446 230 589 275 216 3235 1787 1729 219 129 1903 1457 929 85 4086 176 106 170 107 826
internal_count=32767 27492 5275 17176 152 10316 4457 12719 3351 4414 106 5123 1637 10772 7481 3395 1606 1381 782 4185 1179 730 156 1714 477 89 574 1947 734 346 3150 1105 304 868 520 736 692 250 6965 2045 442 1035 446 230 589 275 216 3235 1787 1729 219 129 1903 1457 929 85 4086 176 106 170 107 826
cat_boundaries=0 1 2 3 4 5 6 7 8 9 10 11 12
cat_threshold=55 1216 1031 52 2 4744 792 496 4296 880 10 307
is_linear=0
shrinkage=0.05


Tree=20
num_leaves=63
num_cat=5
split_feature=9 10 1 41 39 7 39 39 7 12 10 31 8 44 23 22 12 9 41 33 9 24 0 27 31 21 21 27 8 7 1 1 39 19 5 0 10 23 22 41 20 18 27 1 14 10 27 12 12 15 9 17 15 4 21 42 10 27 7 30 19 8
split_gain=17.5842 11.0463 7.84789 4.75824 3.95344 7.45648 3.82508 3.45495 3.41537 3.33774 3.07563 4.3277 2.70116 3.12511 2.37238 2.30872 2.25588 2.094 1.90615 1.81149 1.77874 1.7699 2.28492 3.87967 1.89224 1.76253 1.66207 3.03585 2.9664 3.70589 1.92692 1.66038 2.05312 1.60821 1.94073 1.5923 2.08706 1.7073 1.58231 1.53812 1.51282 1.87643 1.54645 1.44075 1.73021 1.4259 1.42375 1.42209 3.4239 1.61506 1.5138 1.78278 1.54137 1.42041 1.41193 1.78978 2.66478 2.02878 2.02498 1.46691 1.37038 1.32429
threshold=0.162923151698559 0.14558401118624789 1.0573520735808823 44.870833333333344 0 7.9667600759180521 1 2 6.7217636430196466 83.500000000000014 -0.33530582924426516 5.9500000000000011 0.08114228548739158 0.18333333333333338 -0.50981958720928044 0.3936998594030674 47.500000000000007 0.091042152062763199 2648.1093750000005 38.492857142857154 0.18333402945071861 3 0.31682545420201041 37.500000000000007 37.600000000000016 676.00000000000011 1316.6650000000002 43.500000000000007 0.40461610412424065 7.2421462410983937 0.11778303565638339 -0.14505388019258622 4 0.042151945899806788 6.9303285898983775 -0.014580122716801201 -0.33530582924426516 -0.1335313926245226 0.265703786851404 29.785109289617491 0.046310433379891179 0.26596148317738305 29.500000000000004 0.19574592847927311 -0.083451290494456196 0.73364984309858594 23.500000000000004 30.500000000000004 35.500000000000007 1.0981680416375521 0.37048208067970567 -0.083060119452976963 0.11173863262238128 -0.20066978637041541 3993.7500000000005 0.96459899749373446 -0.28877176974725444 53.500000000000007 8.1605826951034022 0.15000000000000005 0.053706329630061792 0.031023541818536476
decision_type=8 2 2 2 1 2 1 1 2 2 2 2 8 2 10 8 2 10 2 2 10 1 2 2 2 10 8 2 10 2 2 2 1 2 2 2 2 10 8 2 10 8 2 2 2 2 2 2 2 2 10 2 2 2 10 2 2 2 2 2 2 8
left_child=6 4 7 -4 5 8 17 12 -2 46 20 26 -3 19 16 33 -15 -1 35 45 -10 25 -23 -24 -25 -17 -12 28 29 30 53 -6 -33 -9 -35 61 37 -37 -19 -29 -36 42 -42 -40 -45 47 -7 49 -49 60 -50 -52 -53 -28 -34 56 -56 -58 -59 -60 -14 -8
right_child=1 2 3 -5 31 9 18 15 10 -11 11 -13 13 14 -16 21 -18 38 -20 -21 -22 22 23 24 -26 -27 27 39 -30 -31 -32 32 54 34 40 36 -38 -39 43 -41 41 -43 -44 44 -46 -47 -48 48 50 -51 51 52 -54 -55 55 -57 57 58 59 -61 -62 -63
leaf_value=0.003845476000258319 0.0026539276598707864 0.0044970375256504361 -0.0052857184775183088 -0.055041444526946162 0.0028849425818819677 -0.013374468624175321 -0.0052469278222795242 0.00089755307246706386 -0.0092143395132153506 -0.021490464134274259 -0.0038481210221007599 -0.00097470772456874572 0.0023274524577735481 -0.02014809935566228 -0.004002213938427355 -0.0042240687393069881 -0.013762947018627875 0.0026095002546363769 -0.011067847001178252 0.0017748546490577563 0.0032730767974182406 -0.00070397067698973591 -0.0052587693692598709 -0.017970109902607136 -0.011901018897753499 -0.02561963374122447 -0.013844248773206367 -0.0060178117677564882 -0.005904363581762417 -0.016650079058527997 -0.025431651851160336 0.002201160797895182 0.00070982516105640994 -0.0084471156564504182 0.0011569666050271191 0.0044626786191860647 0.00070402532593532522 -0.010054082947490186 0.0010689816272939508 0.0044572097788157013 -0.018425704568248435 -0.00054150687745927145 -0.0039003836001846037 -0.0078351664209213422 0.00060816836627390354 -0.017662483825466358 0.0016624296903004689 -0.011361715651964747 -0.0036900302583730486 -0.0086337539001018638 -0.0045369186969724685 -0.020044790306318689 -0.0083805019901109327 0.00041575676294035269 -0.0069617016799971261 0.0010493478671226087 -0.00054990758868570693 0.0030895356986441083 -0.0088984250182415053 -0.00743793466476525 -0.0054220636349886367 0.0029270307226274151
leaf_weight=3699 838 107 41 46 2751 41 57 1339 40 47 379 1316 226 83 140 221 45 2503 46 107 629 862 146 59 43 56 42 44 77 64 41 1236 3042 69 292 49 4879 63 1413 80 40 168 46 61 96 44 41 60 408 42 106 65 82 50 45 382 524 56 42 62 81 3020
leaf_count=3699 838 107 41 46 2751 41 57 1339 40 47 379 1316 226 83 140 221 45 2503 46 107 629 862 146 59 43 56 42 44 77 64 41 1236 3042 69 292 49 4879 63 1413 80 40 168 46 61 96 44 41 60 408 42 106 65 82 50 45 382 524 56 42 62 81 3020
internal_value=0.000674039 -0.000448976 -0.00241393 -0.0172159 0.000382898 -0.000963904 0.00186819 -0.00214966 -0.000541516 -0.0127308 -0.00138979 -0.00233286 -0.00405725 -0.00463423 -0.00951673 -0.00122166 -0.0144186 0.00266093 0.001104 -0.00355565 0.0015597 -0.00278458 -0.00182872 -0.00606426 -0.0134951 -0.00630208 -0.0052892 -0.00754386 -0.0104727 -0.0137121 -0.00884328 0.000999877 0.000490724 -0.000117647 -0.00223214 0.00116371 0.000611979 -0.00610619 0.00188144 -0.00104 -0.00122486 -0.00403922 -0.01 0.000636537 -0.0038924 -0.00415247 -0.00650602 -0.00378151 -0.00504848 -0.00115714 -0.00399547 -0.00702756 -0.0105743 -0.00473118 -4.44282e-05 -0.00156924 -0.00302055 -0.00223358 -0.00714286 -0.0112381 0.000113637 0.00205815
internal_weight=32779 16893 5024 87 11869 3729 15886 4937 3600 129 2762 2093 1596 1489 268 3341 128 7772 8114 1221 669 1387 1110 248 102 277 777 398 274 197 133 8140 5389 1954 615 8068 4991 112 4073 124 546 254 86 1570 157 1114 82 1070 721 349 661 253 147 92 4153 1111 729 684 160 104 307 3077
internal_count=32779 16893 5024 87 11869 3729 15886 4937 3600 129 2762 2093 1596 1489 268 3341 128 7772 8114 1221 669 1387 1110 248 102 277 777 398 274 197 133 8140 5389 1954 615 8068 4991 112 4073 124 546 254 86 1570 157 1114 82 1070 721 349 661 253 147 92 4153 1111 729 684 160 104 307 3077
cat_boundaries=0 1 2 3 4 5
cat_threshold=2432 534 346 4 21
is_linear=0
shrinkage=0.05


Tree=21
num_leaves=63
num_cat=11
split_feature=2 39 1 38 1 25 25 13 7 8 22 25 0 13 13 39 23 44 21 39 1 2 22 39 7 22 6 41 27 15 22 15 7 7 2 6 31 2 27 24 11 31 13 25 31 0 0 4 27 12 23 39 31 35 41 41 4 27 2 44 31 5
split_gain=15.7693 10.4671 8.5072 5.08913 4.05778 3.98838 3.21214 3.05576 4.47863 2.92164 2.52678 2.46147 4.21484 2.3999 2.38478 2.15341 2.11349 2.05867 2.04498 1.99579 2.05588 1.95474 1.92912 1.92036 3.36455 2.62902 1.91434 1.91184 1.8261 2.43546 1.74859 1.74824 1.65519 1.54417 2.1245 1.53854 1.55054 2.04562 2.30167 1.5003 1.46125 1.62134 1.84253 1.63576 1.44917 1.44775 2.18509 1.42615 1.4117 1.34296 1.57737 1.33631 1.78883 1.87992 1.62444 1.61569 3.52643 1.87757 1.33073 1.33073 1.31852 1.83754
threshold=0.24187655595729399 0 1.0573520735808823 1 -0.14505388019258622 2 3 1.2227074722068825 8.1115085689327895 0.37931757762443669 0.13158442823436525 4 0.32705784840673952 0.5882354555938758 0.69338616532923114 5 2.3905495144644449 1.0000000180025095e-35 1801.2500000000002 6 0.34574587340654134 0.13353139262452321 0.50359967964417673 7 7.9582416450496725 -0.38991000235105394 8.1706003947761712 5.5295496323529418 22.500000000000004 0.34618297120499736 0.17518201702106698 -0.18232155679395459 8.5911982596328098 7.9898542512088486 0.72333899994577477 6.477328877607305 5.9500000000000011 0.076232631899715755 4.5000000000000009 8 74.500000000000014 1.1500000000000004 0.47887532236254277 9 3.4500000000000006 0.14907372996658455 -0.011692257441370922 -0.064539146137181355 56.500000000000007 81.500000000000014 -1.0000000180025095e-35 10 0.55000000000000016 0.00041110102402858233 10.163978494623658 2648.1093750000005 -0.39304258810960707 41.500000000000007 -0.082238098236972132 0.23611111111111113 91.800000000000011 7.8834459157873171
decision_type=2 1 2 1 2 1 1 2 2 8 10 1 2 2 2 1 10 2 8 1 2 2 8 1 2 10 2 2 2 2 8 2 2 2 2 2 2 2 2 1 2 2 2 1 2 2 2 2 2 2 10 1 2 2 2 2 2 2 2 2 2 2
left_child=1 6 11 23 10 7 32 8 9 -6 58 17 19 26 22 40 21 -2 -11 20 28 51 31 -3 -25 -26 -10 -12 29 -13 -17 -14 -1 34 -19 -32 37 38 -37 -23 41 -7 43 -43 -40 46 -27 -41 -48 50 -45 54 53 55 -8 57 -57 59 -5 -53 -38 -62
right_child=2 3 -4 4 5 15 16 -9 13 18 27 12 14 -15 -16 30 -18 33 -20 -21 -22 39 -24 24 25 45 -28 -29 -30 -31 35 -33 -34 -35 -36 36 60 -39 44 47 -42 42 -44 49 -46 -47 48 -49 -50 -51 -52 52 -54 -55 -56 56 -58 -59 -60 -61 61 -63
leaf_value=0.0043685603635797042 0.00065091148421669441 0.002373574051455577 -0.039302464073889841 0.0033451042988669744 -0.00067218479428913245 0.0036193718853435248 -0.00097601001913949752 0.0012633536701709041 -0.0030190534031967024 -0.011265071304467005 -0.0086684655826259043 -0.0032704489325829558 -0.0019390738111035857 -0.0055990044918269623 -0.0068531661227701551 0.00024923404423496257 -0.0059634474734094681 -0.00038389955540408778 -0.0011649313303595426 -0.00054330617475891038 -0.011756291511047944 0.00086139203055197143 -0.016756135389036707 0.0022560060241362347 0.0032299693813283323 -0.000816953425166416 -0.010814948735559202 -0.0006674248857215353 -0.0020504682043731974 -0.01467366041382156 0.005578535647001324 -0.010512986576807853 0.0022787666103794547 -0.0058773663168009303 -0.013308343928527944 -0.0051220975860464327 0.00067475091911747994 -0.006600093226957625 -0.00056232027422481283 -0.0075785876423187836 0.00378354557423052 0.00037710870454389552 0.00041863927854887754 -0.00012053059257367259 -0.012485119718701868 0.0014554935567658383 -0.0076865029967038805 -0.0023279577103923785 -0.019228826140616197 -0.0090793340611715952 -0.0064660505940608284 0.0022081118235924842 0.0019112893683740882 0.0022322531747318588 0.0030637359159716199 0.00069064769611493898 -0.0071619651107700903 -0.0064970913408357164 -1.4740070749962161e-05 -0.0056112713077556414 -0.00016498033212678688 -0.0084127024973811148
leaf_weight=4047 1329 2390 75 2578 1189 555 112 531 54 92 76 97 46 220 166 2151 45 585 95 1041 111 170 82 2442 308 263 88 222 293 44 106 40 1219 306 74 74 624 284 590 59 780 136 941 76 53 107 200 197 54 51 43 226 1499 201 1861 42 46 57 957 61 254 160
leaf_count=4047 1329 2390 75 2578 1189 555 112 531 54 92 76 97 46 220 166 2151 45 585 95 1041 111 170 82 2442 308 263 88 222 293 44 106 40 1219 306 74 74 624 284 590 59 780 136 941 76 53 107 200 197 54 51 43 226 1499 201 1861 42 46 57 957 61 254 160
internal_value=0.000657775 0.00108196 -0.002169 0.00038763 -0.00016165 -0.00073404 0.0024013 -0.00254605 -0.00357102 -0.00226579 0.0012037 -0.00186951 -0.00318488 -0.0085124 -0.00829851 -0.000132094 0.00142359 -0.000750542 -0.00805851 -0.0021235 -0.00454137 0.00153464 -0.0124852 0.00162251 0.000847858 -0.00170418 -0.0135664 -0.0032107 -0.00305747 -0.00771127 -0.000817274 -0.00712644 0.00324616 -0.00251035 -0.00114394 -0.00182898 -0.0021348 -0.00353792 -0.00211003 -0.00168618 0.00100656 0.000227399 -0.000773237 -0.00413681 -0.0011413 -0.003568 -0.00466216 -0.00400749 -0.00796078 -0.00718232 -0.004625 0.00186922 0.000984601 -0.00123817 0.00280494 -0.00309469 -0.00910112 -0.00153623 0.00157664 0.000121528 -0.000779596 -0.00296386
internal_weight=32875 28586 4289 18744 12980 9147 9842 2269 1738 1376 3833 4214 1920 362 334 6878 4576 2294 187 1586 545 4531 168 5764 3374 932 142 298 434 141 4296 86 5266 965 659 2145 2039 1001 717 426 2582 1802 1247 306 643 624 517 256 254 170 119 4105 2132 633 1973 432 88 344 3535 287 1038 414
internal_count=32875 28586 4289 18744 12980 9147 9842 2269 1738 1376 3833 4214 1920 362 334 6878 4576 2294 187 1586 545 4531 168 5764 3374 932 142 298 434 141 4296 86 5266 965 659 2145 2039 1001 717 426 2582 1802 1247 306 643 624 517 256 254 170 119 4105 2132 633 1973 432 88 344 3535 287 1038 414
cat_boundaries=0 1 2 3 4 5 6 7 8 9 10 11
cat_threshold=23 2 1216 760 2481 648 776 4704 20 2083 20
is_linear=0
shrinkage=0.05


Tree=22
num_leaves=63
num_cat=14
split_feature=0 39 1 10 44 3 2 24 3 14 20 25 41 6 25 25 33 39 7 33 30 25 1 22 13 29 20 20 10 25 7 39 25 5 15 39 1 19 27 7 39 26 22 26 8 6 10 25 33 10 23 44 20 1 2 39 7 20 12 42 12 27
split_gain=13.881 11.0433 5.69561 3.40079 3.43166 3.08455 3.0622 2.7932 2.37143 2.30844 2.2714 2.01134 2.24331 2.13368 1.99064 1.94452 1.93241 1.86418 4.84914 2.76596 2.53625 2.7702 2.65347 2.42624 1.83908 1.82022 2.09135 2.04935 2.99676 1.65737 1.84505 2.26286 1.90286 2.76103 2.49346 1.67902 2.26175 1.6416 1.5531 1.52154 1.98639 1.49607 1.53216 1.73075 1.49138 1.73517 1.43362 1.46901 1.39555 1.47749 2.0594 2.12525 2.10827 1.65007 1.57595 1.39494 1.93961 1.63286 1.37576 1.32852 1.90784 1.56955
threshold=0.22314355131421018 0 1.0573520735808823 0.075106785789786482 1.0000000180025095e-35 0.63607955038626252 0.12676163805641097 1 -0.04189120908891119 -1.3855042635101316 0.065820885867465387 2 80.512295081967224 7.6488446694692991 3 4 25.821428571428577 5 7.8823337570392544 25.735714285714291 40.450000000000003 6 -0.23837327747925927 0.064538911762418646 0.40000007058821879 1.0000000180025095e-35 -0.11023504108139354 0.03658845785372878 -0.16727559595018301 7 8.3938428221030126 8 9 7.4493267086366837 -0.038455076471541887 10 -0.026317308317373552 0.12377628224284741 38.500000000000007 6.6695641239230161 11 9.5000000000000018 0.032363446810613268 4.5000000000000009 0.082468179136491127 9.0236948344377783 0.18217460241960517 12 26.578571428571433 -0.33530582924426516 0.57536414490356191 1.0000000180025095e-35 0.0038320567924961103 0.10661289147707677 -0.16831897521691894 13 7.9175413219842694 0.020037027224119656 49.500000000000007 0.9842509920634922 75.500000000000014 17.500000000000004
decision_type=2 1 2 2 2 2 2 1 2 2 10 1 2 2 1 1 2 1 2 2 2 1 2 8 2 2 10 10 2 1 2 1 1 2 2 1 2 2 2 2 1 2 8 2 10 2 2 1 2 2 8 2 10 2 2 1 2 10 2 2 2 2
left_child=1 6 9 14 24 11 8 58 29 -2 -9 12 -6 -13 -3 16 -8 25 39 -20 21 -21 -23 -24 59 26 -16 -27 -29 30 31 -1 -33 -34 -35 41 -37 -30 -25 -19 48 42 -32 -44 -26 -46 47 -11 -41 -50 -51 53 54 -52 -53 56 -49 -58 -7 60 -5 -61
right_child=2 3 -4 4 5 7 15 10 -10 46 -12 13 -14 -15 17 -17 -18 18 19 20 -22 22 23 38 44 27 -28 28 37 -31 35 32 33 34 -36 36 -38 -39 -40 40 -42 -43 43 -45 45 -47 -48 55 49 50 51 52 -54 -55 -56 -57 57 -59 -60 61 -62 -63
leaf_value=0.0038460722666780081 -0.0090620286514567546 0.0018748752709634971 -0.035385326572337082 0.0018595921985043837 -0.0043134924505785037 0.0020727994031381836 -0.0039143741880478264 -0.015046221275939284 0.0029193132123634378 0.0011997320976908034 -0.024699073534598194 0.0028912214989304076 -0.0087687659095940923 -0.004450604877688725 -0.0053692693171068749 0.0011816172822726727 -0.0011190016566240903 0.0050555861223027772 -0.0061452966948678158 -0.0034070170996470354 0.0019182177578723647 -0.0014942831109705306 -0.0092918154200380045 -4.3872914810815068e-05 0.0028562470612716133 0.0013586932016228495 0.0042110435631314246 0.0038485433972521412 -0.0049799106930665102 0.0032813282051566057 0.0027482593197266573 0.0019615433024595852 -9.0156472585284201e-05 -0.0002767603114035403 -0.0063514597333280036 -0.0015416743069341452 -0.0046237360550356651 -0.0080797350099188186 -0.0080204870587631833 0.0030657190814581893 0.00285392766459232 0.0031470995971186245 -0.0013157276099170442 -0.0094538438598447943 1.3320604289561428e-05 -0.0091793075317136829 -0.0042927339684323213 -0.0040661329405527746 0.0018571538434417616 -0.00098963646844124164 -0.00057512688947729945 -0.018189009535562399 -0.014333200383520909 -0.016192606459464937 -0.00068777498575360379 0.00062516994862981908 -0.0059420296253444166 -0.012710211473744196 -0.022225548887056308 -0.0062516552204038766 -0.0067896597884880526 -0.0035353266546409886
leaf_weight=930 249 4262 65 127 425 73 40 61 6041 724 48 486 93 707 76 1278 784 387 62 356 204 73 63 42 545 1339 1093 244 362 2441 45 371 213 43 65 84 40 48 40 266 625 232 68 53 2724 69 1558 297 407 808 218 40 48 46 61 277 54 61 47 40 53 75
leaf_count=930 249 4262 65 127 425 73 40 61 6041 724 48 486 93 707 76 1278 784 387 62 356 204 73 63 42 545 1339 1093 244 362 2441 45 371 213 43 65 84 40 48 40 266 625 232 68 53 2724 69 1558 297 407 808 218 40 48 46 61 277 54 61 47 40 53 75
internal_value=0.000579418 0.00092308 -0.00250304 7.84889e-05 -0.000930211 -0.00262751 0.00203234 -0.00806522 0.00237885 -0.00220428 -0.013375 -0.00189544 -0.00446125 -0.00073505 0.000581864 0.000290062 -0.00159281 5.63667e-05 -0.000697365 -0.00404281 -0.00322208 -0.00492174 -0.00921397 -0.0135274 -2.339e-05 0.000948629 0.00251709 3.2598e-05 -0.00225954 0.00152093 0.00049652 0.00133087 -0.00083926 -0.0035994 -0.0101835 -0.00208413 -0.00688889 -0.00486618 -0.00771084 0.000268318 -0.000180555 -0.000391198 -0.00401198 -0.00692623 0.000311471 -0.000155691 -0.00181528 -0.000661244 -0.000986876 -0.00154082 -0.00240998 -0.00527778 -0.0100333 -0.00256604 -0.00583333 -0.00229286 -0.00411347 -0.00969828 -0.0019084 -0.00380068 -0.00110497 -0.00797414
internal_weight=32756 29471 3285 16743 5573 1940 12728 229 10626 3220 109 1711 518 1193 11170 2102 824 6908 3746 840 778 574 218 145 3633 3162 1169 1993 654 4585 2144 1622 692 321 108 522 124 410 82 2906 2519 398 166 121 3338 2793 2971 1413 1894 1628 1221 413 149 264 101 689 412 115 120 295 180 115
internal_count=32756 29471 3285 16743 5573 1940 12728 229 10626 3220 109 1711 518 1193 11170 2102 824 6908 3746 840 778 574 218 145 3633 3162 1169 1993 654 4585 2144 1622 692 321 108 522 124 410 82 2906 2519 398 166 121 3338 2793 2971 1413 1894 1628 1221 413 149 264 101 689 412 115 120 295 180 115
cat_boundaries=0 1 2 3 4 5 6 7 8 9 10 11 12 13 14
cat_threshold=535 25 3206 818 1356 4264 1037 1095 517 1089 17 2304 888 3345
is_linear=0
shrinkage=0.05


Tree=23
num_leaves=63
num_cat=5
split_feature=0 40 38 5 7 26 22 25 10 5 21 7 2 22 25 17 25 0 15 18 2 36 5 16 41 7 18 17 10 27 9 0 8 26 13 11 0 13 22 19 18 36 36 22 38 9 3 0 18 41 42 21 30 41 9 27 9 42 22 7 9 10
split_gain=13.6249 7.70713 6.05742 5.39481 3.93453 4.89459 3.39491 3.26019 3.34992 2.6903 2.36106 2.64859 2.19973 2.19335 2.13719 2.02598 1.98811 1.97896 1.97342 1.90773 1.87683 1.81956 1.95278 1.64079 1.52206 2.37991 1.5083 1.50717 1.52602 1.64346 1.46522 2.0959 1.38315 1.32215 1.7232 1.31601 1.90052 1.31504 1.31292 1.30819 1.28555 1.24077 3.78807 1.23651 2.57709 1.75126 1.39186 1.23379 1.369 1.58053 1.34362 1.42407 1.54845 1.22724 3.32713 1.82623 1.27188 1.23413 1.42069 1.32879 1.19074 1.30809
threshold=0.18805223150293895 2.5000000000000004 0 5.9308605174151721 8.4087546104932169 27.500000000000004 0.13158442823436525 1 0.31912586304167206 8.1690237521093003 8787.5000000000018 8.552976757690816 -0.084324127446872219 0.74210266131213654 2 0.84096521103202604 3 0.40192497299249569 -2.5610727680317402 -0.40017624936053081 -0.066774957772854013 1.8052166677810071 8.0938625170410283 0.40546510810816444 422.86802884615395 7.3952309186412526 -1.1726757897665603 0.87708329462884194 0.20110204400676016 2.5000000000000004 0.081886355795737401 -0.070586135120471724 0.47771327728873553 10.500000000000002 0.40743909007382068 22.500000000000004 -0.088238857545020796 1.2727274276861267 0.25322205653754098 0.031011941190956804 1.7787094923741551 0.0099125227294012148 0.04164619515331993 0.19644743604158629 4 0.4263723920754075 -0.18959096758636071 0.65516689092742209 1.5445350263777764 37.140394088669957 0.97700845665961955 2498.3350000000005 0.55000000000000016 20.306250000000002 0.068783870610502354 7.5000000000000009 0.14772837686355908 0.9536672629695887 -0.078781205722074268 7.7758238322760027 0.76504914322537154 -0.33530582924426516
decision_type=2 2 1 2 2 2 10 1 2 2 8 2 2 10 1 2 1 2 2 8 2 2 2 2 2 2 10 2 2 2 10 2 10 2 2 2 2 2 10 2 8 2 2 8 1 10 2 2 8 2 2 10 2 2 10 2 10 2 10 2 10 2
left_child=1 2 13 -2 6 20 12 21 30 -10 11 -7 60 -1 47 26 24 18 -16 -15 -6 22 -3 33 37 -26 38 28 40 -30 41 -32 -31 -22 -35 36 -12 53 -8 -23 -18 -9 -43 45 -45 -33 -46 48 -5 -50 51 52 -49 54 -14 -56 -55 58 -57 -60 61 -4
right_child=3 7 4 14 5 10 15 8 9 -11 35 -13 16 19 17 -17 27 -19 -20 -21 23 39 -24 -25 25 -27 -28 -29 29 32 31 43 -34 34 -36 -37 -38 -39 -40 -41 -42 42 -44 44 46 -47 -48 50 49 -51 -52 -53 -54 56 55 57 -58 -59 59 -61 -62 -63
leaf_value=0.0020382452514884518 -0.034846525725389939 0.0039616667803171563 0.0045698802274956795 2.554682792353384e-06 0.0014569905595103207 -0.0070928660972765199 -0.008713130223791438 0.0032980470997391893 0.00046336720018140553 -0.015324937897616769 -0.0048719616681167409 -0.012902498327130186 -0.00074530984718575405 -0.019682386432991087 -0.011958914875592495 -0.0063429191922416365 0.0016325889690461028 -0.0086520881992686004 -0.0028155380358817639 -0.0015668645523836636 -0.0013693825650431242 0.00076699369926076615 0.002159181079365931 0.0023877334160381375 -0.0022047140548703786 -0.014367815375648699 -0.0020029508417251018 -0.0051282253112986051 -0.0058879621273129779 0.00014211748972658335 0.0031434881989426582 0.0013310384631972901 -0.0063305204644597789 -0.0077779605374529775 -0.0067193227479687735 0.00051443333331967352 -0.015806898642370542 0.006486173517948321 -0.0019114622733508941 -0.0035102867539523659 -0.007442809228043014 -0.0054462645354510491 0.0034367641849277447 0.00013071121547251455 -0.0045218589008300348 -0.005972687944463444 -0.0022000364918257388 -0.019578409252228798 -0.0021869812930943484 -0.0090414050467541498 0.0048262054372602689 -0.019593053503649108 0.00017903339717778111 0.0089013719474579818 -0.0063172087001232185 -0.0013603910064889737 -0.00073853122006656312 0.00088208344883545999 -0.0037893417020858182 -0.0084218606051551393 -0.0059500949264666312 0.00095285149657300136
leaf_weight=5022 58 3536 1094 1776 281 43 49 1268 57 61 47 50 45 51 42 172 2258 576 1195 187 90 43 2825 70 94 48 1075 197 65 771 1299 1449 63 45 99 50 57 148 83 40 59 40 110 871 75 54 280 44 97 40 43 60 92 158 80 558 490 330 64 70 60 2616
leaf_count=5022 58 3536 1094 1776 281 43 49 1268 57 61 47 50 45 51 42 172 2258 576 1195 187 90 43 2825 70 94 48 1075 197 65 771 1299 1449 63 45 99 50 57 148 83 40 59 40 110 871 75 54 280 44 97 40 43 60 92 158 80 558 490 330 64 70 60 2616
internal_value=0.000616399 0.000997809 0.000304361 -0.0021086 -0.000339861 -0.00364946 -8.12357e-05 0.00196436 0.00107085 -0.00722689 -0.00953629 -0.0157979 0.000263243 0.00170746 -0.00188477 -0.00239493 -0.000374613 -0.00314419 -0.0020315 -0.00297071 -0.00115188 0.00272967 0.00283009 -0.00386885 -0.00158635 -0.00657343 -0.00166805 0.000369451 0.000631023 -0.00111667 0.0012539 0.00076694 -0.00051497 -0.00587234 -0.00882759 -0.00567742 -0.00885714 -0.00122685 -0.00669173 -0.00458333 0.00130932 0.00263566 -0.00165563 -2.01463e-05 -0.00119804 0.000940825 -0.00471311 -0.000804438 -0.000384012 -0.00518116 -0.0041875 -0.00593909 -0.00306569 -0.00160078 -0.00258275 -0.00203082 0.000138675 -0.0014565 -0.00265512 -0.00725926 0.00119332 0.00130693
internal_weight=32770 28747 16739 4023 11479 832 10647 12008 5564 118 247 93 9268 5260 3965 1379 5498 1813 1237 238 585 6444 6361 304 2085 142 1207 3413 3216 899 5446 4028 834 234 144 154 104 1943 132 83 2317 1418 150 2729 1226 1503 355 2152 1913 137 239 196 136 1795 1147 1102 648 1022 692 134 3770 3710
internal_count=32770 28747 16739 4023 11479 832 10647 12008 5564 118 247 93 9268 5260 3965 1379 5498 1813 1237 238 585 6444 6361 304 2085 142 1207 3413 3216 899 5446 4028 834 234 144 154 104 1943 132 83 2317 1418 150 2729 1226 1503 355 2152 1913 137 239 196 136 1795 1147 1102 648 1022 692 134 3770 3710
cat_boundaries=0 1 2 3 4 5
cat_threshold=2 504 2872 3272 3
is_linear=0
shrinkage=0.05


Tree=24
num_leaves=63
num_cat=12
split_feature=9 1 20 9 25 39 10 42 5 39 21 33 5 12 39 12 13 1 4 22 8 6 8 9 39 39 5 38 22 37 7 42 25 18 30 42 1 9 30 25 20 12 25 7 31 30 31 12 10 30 20 25 29 9 8 1 22 1 5 20 23 39
split_gain=12.9937 7.70852 4.0005 3.94977 2.90808 2.96631 2.5426 2.936 2.35892 3.46363 3.16595 3.09033 2.89575 2.35114 2.32117 2.27842 2.11095 2.08717 2.14472 2.04046 1.90451 2.19362 3.30214 2.10958 1.89677 1.80778 2.0854 1.75676 2.16438 1.89325 1.81271 1.72124 2.16498 2.35472 1.83338 1.69495 1.67203 1.57536 1.5368 1.4844 1.46005 1.43822 1.91061 1.43138 1.4132 1.40133 2.71215 2.81938 1.3921 1.7721 1.38634 1.87391 2.05516 1.36986 1.54421 1.32961 1.30136 1.25063 2.16433 1.23314 1.22972 1.22927
threshold=0.162923151698559 0.079295093414279108 -0.39487805025586709 0.089347154777978124 0 1 0.48662621115039034 0.95275297619047628 7.4493267086366837 2 4005.0000000000005 28.928571428571434 7.9294957580820045 69.500000000000014 3 72.500000000000014 0.53658574063076003 -0.58168236821483166 -1.4388113718587412 -0.069594643152372723 0.297170337253643 7.9652687076402637 0.20278018908302098 0.23500284530516724 4 5 8.7760208130769986 6 0.13158442823436525 37.500000000000007 8.2048991865678484 0.89209979209979218 7 -0.61060820010355077 43.45000000000001 0.62605932203389847 0.087011376989629699 0.30803179410649439 63.550000000000004 8 -0.12775670990578941 72.500000000000014 9 7.8562141432311643 0.8500000000000002 23.950000000000006 218.95000000000002 33.500000000000007 -0.12465492157928802 19.950000000000006 -0.014753565081792819 10 1.0000000180025095e-35 0.20879345650729464 0.50988453012584734 0.14931510790870076 0.14912299857359165 -1.0000000180025095e-35 7.0831598128973443 0.032056483173502369 -0.09520332463871338 11
decision_type=8 2 10 10 1 1 2 2 2 1 8 2 2 2 1 2 2 2 2 8 8 2 10 10 1 1 2 1 10 10 2 2 1 10 2 2 2 10 2 1 10 2 1 2 2 2 2 2 2 2 10 1 2 10 8 2 10 2 2 10 8 1
left_child=3 14 -3 24 5 6 20 -8 50 10 11 12 16 61 -2 -12 -10 -16 -19 36 21 23 -23 -4 41 -15 38 -20 29 30 31 32 -29 -34 -35 -21 -11 -25 53 -32 -37 42 -1 -38 -45 46 -33 -48 -41 -50 51 52 -5 -27 -55 -46 -30 58 -58 -57 -39 -6
right_child=1 2 4 8 13 -7 7 -9 9 19 15 -13 -14 25 17 -17 -18 18 27 35 -22 22 -24 37 -26 26 -28 28 56 -31 39 45 33 34 -36 40 43 60 -40 48 -42 -43 -44 44 55 -47 47 -49 49 -51 -52 -53 -54 54 -56 59 57 -59 -60 -61 -62 -63
leaf_value=0.0021305593755711442 0.0018296596889905105 -0.046117781021360223 0.00040128256514138902 0.0032017996914370361 0.001041576676970783 -0.0013852117884469801 -0.018344647512083964 -0.0058825280431586777 -0.0046824879521199323 0.0030555669988906538 -0.0079719160845213334 0.0021497564734861002 -0.011062115141373832 0.00086750395177532115 0.0059381159425141916 -0.015042456418094367 0.00044400223860810017 -0.01877103785408693 0.0024739082971360227 -0.0086209421134147493 -0.0039270768680144596 -0.0048028775177544085 -0.010197566801459491 -0.0089239518413792886 0.0031656075792299791 0.0010392423562696348 -0.015858873171105268 0.0009368922455308174 -0.014654450575160308 -0.0020460227650676171 4.1327585064448724e-05 0.00042479313234284211 -0.014987594071121688 -0.00047014298514390628 -0.023160628494119664 -0.0050054450297467648 0.0027582745434676184 -0.012776961953424204 0.0026443131842473102 -0.0044555947626260025 0.00025394611206860679 0.0024113114338660977 -0.0022501004675776113 0.003040234141838702 -0.0062028220820622079 0.0030808553219243734 -0.013429205635069686 -0.00049334923448782935 -0.01594756331397354 -0.0024148139945798491 0.0031638088562974277 0.0016056139940927548 -0.0036470327098553031 -0.0093607986335269601 0.00028341863733235379 0.0005697695391114055 0.0013931409132281851 0.00045132103634217983 -0.0071030863898002812 -0.009271735854273563 0.00055422930828420843 -0.0013627221300837938
leaf_weight=104 3896 50 180 57 1346 1239 41 48 46 1868 47 219 41 268 527 40 127 51 749 44 541 101 61 140 5157 119 42 353 41 71 227 2276 47 147 46 48 189 44 87 118 3676 166 127 80 126 1089 52 88 43 70 2259 1182 79 388 87 137 122 165 344 40 82 1556
leaf_count=104 3896 50 180 57 1346 1239 41 48 46 1868 47 219 41 268 527 40 127 51 749 44 541 101 61 140 5157 119 42 353 41 71 227 2276 47 147 46 48 189 44 87 118 3676 166 127 80 126 1089 52 88 43 70 2259 1182 79 388 87 137 122 165 344 40 82 1556
internal_value=0.00059158 -0.000371245 -0.00173649 0.00162011 -0.00162455 -0.00296021 -0.00469175 -0.0128333 0.00104066 0.000488929 -0.00338983 -0.00169355 -0.00595349 -0.0007646 0.000461846 -0.0121023 -0.00307471 -0.000108483 -0.000369672 0.00081846 -0.0040913 -0.00600985 -0.0109816 -0.00418344 0.00269487 -0.00286794 -0.00413488 -0.000282691 -0.000603578 -0.000219317 -9.21657e-05 0.000241523 -0.00224747 -0.00577689 -0.00353093 9.02098e-05 0.00194592 -0.00700374 -0.00351173 -0.0030719 0.000206712 -0.00064951 -0.00321121 -0.000418848 -0.00217448 0.000663149 -8.27453e-06 -0.00673759 -0.00576446 -0.00995614 0.00207798 0.000788476 -0.00455782 -0.00442017 -0.00561975 -0.00373355 -0.00325409 -0.00268196 -0.00400428 -0.000926966 -0.00291339 -4.82258e-05
internal_weight=32801 16942 6420 15859 6370 2477 1238 89 10305 6728 520 433 214 3893 10522 87 173 6626 6099 6208 1149 608 162 446 5554 991 723 6048 5299 4627 4556 4098 593 240 193 3768 2440 266 681 458 3724 397 231 572 383 3505 2416 140 231 113 3577 1318 136 594 475 303 672 631 466 177 126 2902
internal_count=32801 16942 6420 15859 6370 2477 1238 89 10305 6728 520 433 214 3893 10522 87 173 6626 6099 6208 1149 608 162 446 5554 991 723 6048 5299 4627 4556 4098 593 240 193 3768 2440 266 681 458 3724 397 231 572 383 3505 2416 140 231 113 3577 1318 136 594 475 303 672 631 466 177 126 2902
cat_boundaries=0 1 2 3 4 5 6 7 8 9 10 11 12
cat_threshold=1102 1954 2304 573 1376 4135 2 1844 2571 794 1026 6661
is_linear=0
shrinkage=0.05


Tree=25
num_leaves=63
num_cat=10
split_feature=8 10 5 39 7 39 22 19 25 13 10 42 26 41 12 1 20 1 25 27 31 26 7 21 14 18 26 0 7 31 44 22 13 27 5 13 41 5 31 22 7 25 39 38 23 1 31 31 23 39 39 25 15 23 19 12 13 7 10 30 13 8
split_gain=10.9327 8.47154 6.72941 3.52358 3.83778 3.33381 3.30707 3.12316 2.96278 2.59132 2.46131 2.84579 2.43576 3.81942 4.3333 2.36651 3.7322 2.32502 2.29016 2.10861 2.0567 3.60725 2.29185 2.0214 1.92108 1.8587 1.7325 1.71541 1.79287 1.71242 1.70046 1.69905 2.20158 1.65975 1.57921 2.38994 1.56696 3.32254 2.01275 1.79234 1.56481 1.54949 2.78049 1.49736 2.132 1.48588 1.47708 1.98182 2.08613 1.74822 1.45942 1.665 1.69984 1.5966 1.4447 1.75073 1.42855 1.55062 1.40537 1.37239 1.36836 1.36183
threshold=0.12198381495371703 0.14558401118624789 5.9308605174151721 0 8.1188061827027092 1 0.43086823039027439 0.042151945899806788 2 0.307920227920228 -0.33530582924426516 0.9826073805202663 25.500000000000004 4.5042134023583555 72.500000000000014 -0.28768207245178118 0.01277589127215094 0.6440514655662507 3 37.500000000000007 4.6500000000000012 46.500000000000007 7.0606795566178935 1200.5000000000002 0.077012194647861701 0.46806660821530272 43.500000000000007 0.0333364202675921 9.4782592729828252 160.75000000000003 0.23611111111111113 0.18191457106311407 0.79255179205003323 52.500000000000007 8.7290623449007487 0.60975413444857163 422.86802884615395 7.0054844383512425 5.9500000000000011 -0.40546528667962484 7.9408490882998253 4 5 6 2.5297127291328443 -0.19969174731719572 7.5500000000000007 85.300000000000026 0.18789692788311643 7 8 9 0.23033026444539575 0.31845373111853476 -0.053529385164579273 36.500000000000007 1.146778184534625 7.068244594967247 0.011449547682197638 15.450000000000003 0.35517009345794398 0.024454401771162638
decision_type=8 2 2 1 2 1 8 2 1 2 2 2 2 2 2 2 10 2 1 2 2 2 2 10 2 10 2 2 2 2 2 10 2 2 2 2 2 2 2 10 2 1 1 1 8 2 2 2 10 1 1 1 2 10 2 2 2 2 2 2 2 10
left_child=5 3 -3 4 8 41 7 50 31 54 -10 19 -6 45 -15 -16 -17 33 24 36 21 23 -22 -21 25 -8 -26 -5 30 -18 -29 -2 -33 60 46 -36 38 -38 39 -12 -40 -1 -43 44 -44 -14 49 -48 -49 -20 -4 52 53 -52 -7 -56 57 -34 -45 -37 -9 -11
right_child=1 2 6 27 12 9 18 17 10 61 11 -13 13 14 15 16 29 -19 34 20 22 -23 -24 -25 26 -27 -28 28 -30 -31 -32 32 56 -35 35 59 37 -39 40 -41 -42 42 43 58 -46 -47 47 48 -50 -51 51 -53 -54 -55 55 -57 -58 -59 -60 -61 -62 -63
leaf_value=0.0033214380021285013 0.0033159535524588894 -0.043811892057621531 0.002289183794751772 0.0023836049160251885 -0.00065252240012345531 -0.006675432489838296 -0.0091027398883785655 0.0025425558761258244 0.0024896931824499604 -0.0052407060427954594 -0.0058748567896236246 0.00089262128904709693 -0.0095280313350405398 0.0016857284119320083 0.00032684241112692942 -0.014145874320065886 -0.0053454277029900861 -0.010812423076043806 0.0014437208632606892 0.0029193149139873512 -0.012206941135554362 -0.010167565680991267 -0.0015190315825465029 -0.0099307159298684753 0.0021671178348774182 -0.035603249648680571 -0.0051282521032152799 0.000916084642049155 -0.0069212967631756914 0.0011595798218374956 -0.0034835394786569308 0.00057404828956136519 -0.0026873253012848568 0.00099695631656428522 -0.012338661446718135 5.6098295515644809e-05 -0.001405707006577775 -0.020125389507312158 0.0041041367301489669 -0.00042047956470515316 -0.0049242400581068352 0.0031251891571062681 -0.00060311085238585766 0.0020634756658507343 -0.0053490291576778273 -0.0091122217148651846 0.0019474704933249759 -0.0023274016865499981 -0.022640077435588098 -0.0053276430646547711 0.00027580478814715181 0.00019705709775889968 -0.0059317130973743871 -0.0085609905986707251 0.0074093515366287751 -0.0040074019359581971 0.0013436228050514975 -0.013659801467016631 -0.00021928212976090884 -0.0082399557646045604 -0.0043914765334351069 0.00089486368706840074
leaf_weight=4284 2320 40 867 4825 715 42 194 72 605 131 180 647 46 311 53 54 49 44 162 54 50 81 246 42 68 52 41 2066 71 43 142 238 49 272 75 126 79 43 303 251 80 1664 419 1444 70 73 381 528 53 485 156 1105 64 46 42 50 48 53 819 41 646 4552
leaf_count=4284 2320 40 867 4825 715 42 194 72 605 131 180 647 46 311 53 54 49 44 162 54 50 81 246 42 68 52 41 2066 71 43 142 238 49 272 75 126 79 43 303 251 80 1664 419 1444 70 73 381 528 53 485 156 1105 64 46 42 50 48 53 819 41 646 4552
internal_value=0.000650169 -0.000112484 -0.00176844 0.000548922 -0.000272903 0.00174101 -0.00161708 -0.000608005 0.000324954 0.000680406 -0.000858907 -0.00168692 -0.00266171 -0.00492857 -0.00303327 -0.008775 -0.0120408 -0.00287923 -0.00311282 -0.00294681 -0.00566456 -0.00991573 -0.00309764 -0.00329897 -0.00676229 -0.00939271 -0.00140909 0.00132396 0.000195176 -0.00580645 0.000448167 0.00148584 -0.00156812 -0.00237134 -0.00236036 -0.00613169 -0.00156884 -0.00682927 -0.000773006 -0.00311343 0.00186198 0.00232465 0.00165575 0.000673181 -0.00181 -0.0129583 -0.00180435 -0.000560747 -0.00239691 -0.00364969 0.000442162 -0.000575253 -0.00404332 -0.00192118 -0.00614815 -0.00258064 -0.00629139 -0.00961165 0.00121592 -0.00276786 -0.00363004 0.000878523
internal_weight=32852 19335 5518 13817 6713 13517 5478 3272 5369 4817 2661 2056 1344 629 510 199 146 1034 2206 1409 473 177 296 96 355 246 109 7104 2279 92 2208 2708 388 990 1851 242 936 122 814 431 383 8700 4416 2752 489 119 1609 962 581 647 2238 1371 266 202 134 92 150 102 2263 167 718 4683
internal_count=32852 19335 5518 13817 6713 13517 5478 3272 5369 4817 2661 2056 1344 629 510 199 146 1034 2206 1409 473 177 296 96 355 246 109 7104 2279 92 2208 2708 388 990 1851 242 936 122 814 431 383 8700 4416 2752 489 119 1609 962 581 647 2238 1371 266 202 134 92 150 102 2263 167 718 4683
cat_boundaries=0 1 2 3 4 5 6 7 8 9 10
cat_threshold=3904 695 377 1088 2992 20 4 641 3074 520
is_linear=0
shrinkage=0.05


Tree=26
num_leaves=63
num_cat=11
split_feature=0 39 14 21 41 10 16 0 22 7 8 7 17 39 7 21 3 41 23 25 35 39 38 19 25 2 30 7 30 24 25 44 15 8 10 7 25 3 25 41 8 10 4 33 22 8 28 0 31 33 31 16 18 8 8 0 17 14 4 7 27 25
split_gain=9.80974 6.38767 4.89173 3.52899 2.95546 2.59538 2.12137 2.08918 1.79745 1.7486 1.74087 1.78956 2.33158 1.67873 4.08273 2.61094 3.41936 2.39604 1.77673 1.66107 1.98859 1.95567 1.64014 2.10563 1.60008 1.6706 1.69201 1.51953 1.65542 1.50072 1.72235 1.52133 1.50929 2.07129 1.43266 1.4284 1.8787 1.38313 1.72583 2.74999 1.33726 1.69773 1.33308 2.05654 2.83428 2.48777 2.05432 1.33053 1.30889 1.22097 1.46903 1.37877 1.46267 1.24668 1.31185 1.24807 1.39879 1.28285 1.19929 1.66821 1.32644 1.16264
threshold=0.15415103696998858 0 -3.5808791985934856 1951.2500000000002 12.777500000000002 0.05777126155493973 -3.7435868471068692 0.52336608220123104 -0.16518226027850727 6.6080650556943059 0.10900682185565751 8.9025583381990732 0.64023222849180439 1 7.9667600759180521 2750.7800000000002 -0.18959096758636071 122.31730769230771 0.34692478749452432 2 1.6318700725594175 3 4 -0.08601438521269672 5 0.36213383313747599 127.7 7.9408490882998253 1.0000000180025095e-35 6 7 0.18333333333333338 1.2357418147279298 0.24052014212476572 0.15838079515130279 6.703854655643009 8 -0.26669756615760359 9 14.271956856702621 0.17705762639175873 0.087340459490408598 0.010410345839210413 30.492857142857147 -0.09149185465316971 0.094423034881797749 1.0000000180025095e-35 -0.011692257441370922 5.6500000000000012 26.63571428571429 1.0000000180025095e-35 -0.51061582878094025 -0.16277402613420011 0.20969701554588507 0.18669622232405675 0.37981596092063935 0.29130203248716507 0.31331070092623708 0.038161154276822991 8.0978364956479787 26.500000000000004 10
decision_type=2 1 2 8 2 2 2 2 8 2 8 2 2 1 2 8 2 2 10 1 2 1 1 2 1 2 2 2 2 1 1 2 2 10 2 2 1 2 1 2 10 2 2 2 8 10 2 2 2 2 2 2 8 8 10 2 2 2 2 2 2 1
left_child=1 4 3 -2 24 13 -7 22 -8 -9 -10 29 34 37 35 16 18 61 -16 21 -21 -6 -4 -24 -1 26 -26 28 -25 32 -31 40 -12 -34 -13 -15 47 -3 39 58 41 -32 46 -44 -45 -46 -23 -37 -49 -29 -51 -52 -53 54 -54 56 -55 -58 60 -60 -39 -17
right_child=2 5 7 -5 19 6 8 9 10 -11 11 12 -14 14 15 17 -18 -19 -20 20 -22 42 23 27 25 -27 -28 49 -30 30 31 -33 33 -35 -36 36 -38 38 -40 -41 -42 -43 43 44 45 -47 -48 48 -50 50 51 52 53 55 -56 -57 57 -59 59 -61 -62 -63
leaf_value=0.0020914185520854761 -0.0036269923821774402 0.004994520806082061 0.0010451327429429301 -0.02739172072757249 0.0023064561362248401 -0.020502534431756449 0.0012659102496477218 -0.01452861801047162 0.00030961860151354302 -0.0070880040511318637 0.00055084213407755695 0.0035090980992636238 -0.020210283192604643 0.0049252229177790255 0.00017326968168090477 -0.0046739607925294279 -0.0090780170506401421 -0.019478119134720407 -0.0075420340339824588 0.0031120789833937353 -0.0013768287255835508 -0.0034918977795089026 0.000960153829180295 -0.0045194672982331189 0.00027654345877025499 -0.0088053571691328308 -0.0058185582688526499 0.00200205292464419 0.00012978693265229793 -0.00024506245990962605 -0.0063073710396805496 -0.019657837467578626 -0.0094008930650433982 0.001924019726106594 -0.017596980370228874 0.00023195945640623004 0.0016714470293970934 -0.0055713068460524961 0.0023504235363245689 0.0022542176825275104 -0.0016363466717148304 -0.0037763751503891844 0.00092827635144842604 0.00077269688820571461 -0.0051780152817261626 -0.00077771373749615787 0.0013856943338334006 -0.0067165268106544364 0.00020480193443464493 0.0017437700105783487 -0.0065981117142609293 -0.0013512707154389296 -0.0059931470890447836 0.0043262255817647401 -0.0072800278006720266 -0.0048246204420833647 -0.0062810269088604351 0.00011134356210931208 -0.0083492577981557469 -0.00098798375435232041 0.0012823502420206856 0.00015856172780381612
leaf_weight=1907 71 1021 976 57 1919 46 1267 59 1352 652 1052 64 40 622 88 184 46 54 56 4968 66 52 695 568 1813 70 72 78 1147 629 45 93 45 44 52 878 2411 266 2623 532 435 230 238 83 61 64 769 283 155 108 76 214 125 85 43 61 40 42 64 63 205 594
leaf_count=1907 71 1021 976 57 1919 46 1267 59 1352 652 1052 64 40 622 88 184 46 54 56 4968 66 52 695 568 1813 70 72 78 1147 629 45 93 45 44 52 878 2411 266 2623 532 435 230 238 83 61 64 769 283 155 108 76 214 125 85 43 61 40 42 64 63 205 594
internal_value=0.000698066 0.00106998 -0.00131718 -0.0109302 0.0019317 0.000398392 -0.000487488 -0.0010674 -0.000394466 -0.00357444 -0.000905193 -0.00163187 -0.00681529 0.000869801 0.000261056 -0.00258064 -0.0078534 -0.00136855 -0.004 0.00246929 0.00303667 0.00155771 -0.000648039 -0.00118129 0.000792131 -0.000216175 6.6278e-05 -0.00184119 -0.000976107 -0.00131507 -0.00238392 -0.00391278 4.77432e-05 -0.00616667 -0.00316239 0.000929885 0.000559281 0.00155068 0.00110948 -0.000525854 -0.00316456 -0.00588768 2.73867e-05 -0.00217002 -0.00578947 -0.0105159 0.00122263 -0.000957046 -0.00321184 -0.00353952 -0.00412579 -0.00497817 -0.00417349 -0.00596977 -0.00923077 -0.00353712 -0.00127976 -0.00590361 -0.00285476 -0.00714844 -0.00168432 -0.000654685
internal_weight=32718 27621 5097 128 12082 15539 5394 4969 5348 711 4081 2729 156 10145 5371 1022 190 832 144 8220 5034 3186 4258 3282 3862 1955 1885 2587 1715 2573 1432 803 1141 89 116 4349 3727 4774 3753 1130 710 275 1267 446 208 125 821 1316 438 872 794 686 610 396 168 228 167 82 598 127 471 778
internal_count=32718 27621 5097 128 12082 15539 5394 4969 5348 711 4081 2729 156 10145 5371 1022 190 832 144 8220 5034 3186 4258 3282 3862 1955 1885 2587 1715 2573 1432 803 1141 89 116 4349 3727 4774 3753 1130 710 275 1267 446 208 125 821 1316 438 872 794 686 610 396 168 228 167 82 598 127 471 778
cat_boundaries=0 1 2 3 4 5 6 7 8 9 10 11
cat_threshold=535 4264 3079 532 2 2613 24 57 3077 140 2051
is_linear=0
shrinkage=0.05


Tree=27
num_leaves=63
num_cat=12
split_feature=9 0 1 41 40 39 25 22 25 39 39 10 13 42 7 39 33 7 22 12 1 20 22 39 5 13 10 41 17 39 7 33 1 13 41 31 4 20 25 22 25 37 4 29 5 22 9 33 20 7 10 25 12 16 16 25 10 41 42 42 6 12
split_gain=9.40963 7.09781 4.65907 3.58284 3.04239 2.6146 3.3843 3.1404 2.40117 2.05527 1.95233 1.90371 1.79188 2.25646 1.7098 2.33041 2.46929 3.01593 1.67601 1.82314 1.58342 1.82707 1.50223 1.49801 1.81671 1.77012 1.4872 1.92854 1.45981 1.45074 2.4854 1.98127 1.83849 1.43602 1.52389 1.42081 2.84137 1.53187 1.41163 1.3986 1.36745 2.13503 2.38316 2.47307 1.88933 1.35122 1.89805 1.56749 1.60521 1.40425 1.36964 1.3477 1.37468 1.49933 1.31847 1.31137 2.22425 2.14257 1.2672 1.25657 1.33928 1.50895
threshold=0.11462643596406115 -0.011692257441370922 0.86206008520611788 13.076951535331116 1.5000000000000002 0 1 1.120838169953527 2 3 4 0.05237892118573307 0.60385208791764688 0.81302966101694929 8.1188061827027092 5 33.635714285714293 7.1982017582533979 0.2363893043797429 48.500000000000007 0.3816854145611917 -0.026368860730751561 0.74210266131213654 6 7.0752405347182528 0.41379324613565138 0.25094042445841908 422.86802884615395 -1.5278588521808756 7 8.0052030237037446 30.37857142857143 0.0084387776961873957 0.40000007058821879 5.6401639344262309 22.350000000000005 0.14694540265866254 0.01277589127215094 8 0.11787642872016117 9 18.500000000000004 -0.24846115929845955 1.0000000180025095e-35 8.3374473167787269 0.15951880586747758 0.31426071881162826 30.121428571428577 0.026150741683116811 6.8665393220360054 -0.1079496270645368 10 6.5000000000000009 1.0979658761669573 0.14662339570113184 11 0.20110204400676016 17.208013312852028 0.90180006428801041 0.86023255813953503 7.9128925414483504 35.500000000000007
decision_type=8 2 2 2 2 1 1 10 1 1 1 2 2 2 2 1 2 2 8 2 2 10 10 1 2 2 2 2 2 1 2 2 2 2 2 2 2 10 1 8 1 10 2 2 2 8 10 2 10 2 2 1 2 2 2 1 2 2 2 2 2 2
left_child=9 10 5 -4 -5 8 7 18 -3 40 55 29 23 -14 15 16 17 -13 -7 20 -20 -22 51 -11 -25 -26 27 33 39 30 45 32 -32 -17 -35 36 37 -27 54 -10 41 59 -43 -44 -42 49 47 48 50 -8 -47 -12 -53 -54 -16 -2 -57 -58 -37 60 61 -1
right_child=1 2 3 4 -6 6 11 -9 28 12 22 14 13 -15 38 26 -18 -19 19 -21 21 -23 -24 24 25 35 -28 -29 -30 -31 31 -33 -34 34 -36 58 -38 -39 -40 -41 44 42 43 -45 -46 46 -48 -49 -50 -51 -52 52 53 -55 -56 56 57 -59 -60 -61 -62 -63
leaf_value=0.00068700319135600011 0.0035797719026324903 0.0010918964257822321 0.0015307547569697526 -0.0087235186945647161 -0.039665654201638839 0.0015669499745416455 -0.0059177785799414415 -0.019077711162951386 0.00021727933977887449 0.0013851481689116515 0.0020171661806066021 -0.00047665470563732182 -0.0015524119337261234 0.0027776976644392454 0.0025161498407859956 -0.0073500118551948325 -0.012143397482899448 -0.0080493647333656354 0.001953881319087432 -0.0039330918876245421 -0.0099161202592957381 0.0026271657390770438 -0.0045732882140804313 0.0012094416946473912 -0.0043535090107861716 -0.006042148183485271 0.00041904000873771061 -0.0089833292610466929 -0.00040131493539802754 0.00061292950205366938 0.0007217558826380445 -0.013937855704658046 -0.01305763676554475 -0.012591457877626396 0.00016198726583254794 -0.0012608549337646501 0.0059487761702232932 -0.00067053894076438917 -0.0083486094865338027 -0.0071824202285958151 0.003143314267326273 0.003851137274261238 -0.00061768879084308766 -0.0061513766952639003 -0.00057863902508846563 0.0017827902952588454 0.0050722956766914929 1.0528901410113656e-05 -0.0092491998628718101 0.0027104999247596958 -0.010270850723698471 0.0050870853533851899 -0.00019260989396911117 -0.0027417069710006306 -0.019193181192408898 0.001547603656779274 0.00069655530688604388 -0.0042617646122465143 0.0016611514353846611 0.0022881563147469442 0.0038150108547589552 -0.0041120740024821944
leaf_weight=53 1773 3131 67 61 51 1692 61 61 46 984 2725 225 130 1775 76 40 66 156 601 874 56 75 79 277 88 99 507 52 3026 819 75 46 76 86 358 59 82 46 319 51 3703 63 52 43 269 58 66 90 57 271 47 289 2316 235 58 2506 78 48 207 1249 153 50
leaf_count=53 1773 3131 67 61 51 1692 61 61 46 984 2725 225 130 1775 76 40 66 156 601 874 56 75 79 277 88 99 507 52 3026 819 75 46 76 86 358 59 82 46 319 51 3703 63 52 43 269 58 66 90 57 271 47 289 2316 235 58 2506 78 48 207 1249 153 50
internal_value=0.000639905 0.000104473 -0.000648784 -0.00863889 -0.0140708 -0.000539968 -0.00120504 -6.08307e-05 0.000202714 0.00197805 0.00110896 -0.00226657 0.0010604 0.00213799 -0.00333591 -0.00251509 -0.00549127 -0.0040445 0.00014853 -0.00100809 0.000832197 -0.00412879 0.000489832 -4.88332e-05 -0.00156502 -0.0031701 -0.00117173 -0.00301676 -0.000776962 -0.00103179 -0.00246503 -0.00739899 -0.00457237 -0.00202062 -0.00119101 -0.00199393 -0.00489035 -0.00907534 -0.00602423 -0.00678571 0.00258147 0.00135305 -0.00415094 -0.00911458 0.00309064 -0.000998464 -0.00332288 -0.00529644 -0.00822086 0.00123123 -0.00448113 0.000588394 -0.000175377 -0.00054663 -0.00124138 0.00189651 0.00117669 -0.00527559 0.000486892 0.00194223 -0.00124514 -0.005625
internal_weight=32832 23450 13401 179 112 13222 6968 3359 6254 9382 10049 3609 3747 1905 1943 1490 447 381 3298 1606 732 131 5644 1842 858 581 1043 536 3123 1666 847 197 151 484 444 493 227 145 453 97 5635 1663 158 95 3972 650 318 252 162 332 105 5565 2840 2551 134 4405 2632 126 266 1505 256 103
internal_count=32832 23450 13401 179 112 13222 6968 3359 6254 9382 10049 3609 3747 1905 1943 1490 447 381 3298 1606 732 131 5644 1842 858 581 1043 536 3123 1666 847 197 151 484 444 493 227 145 453 97 5635 1663 158 95 3972 650 318 252 162 332 105 5565 2840 2551 134 4405 2632 126 266 1505 256 103
cat_boundaries=0 1 2 3 4 5 6 7 8 9 10 11 12
cat_threshold=4663 376 2614 2582 671 256 4097 3072 129 2055 1820 2099
is_linear=0
shrinkage=0.05


Tree=28
num_leaves=63
num_cat=9
split_feature=9 10 7 39 25 25 4 39 25 17 10 0 12 6 18 21 7 39 30 2 8 6 42 8 0 12 17 10 41 25 41 41 0 8 30 37 41 33 11 37 12 33 3 41 18 39 0 30 5 21 42 2 35 9 25 30 41 31 18 31 1 7
split_gain=9.05631 5.8992 8.06936 4.17522 3.04169 2.61183 2.61108 2.39592 3.62392 2.276 2.13634 2.04378 2.04338 2.52655 2.14866 1.87139 2.41295 2.93505 3.12239 2.50095 1.68351 2.0609 1.66631 1.92215 1.60739 1.55255 1.49363 1.49062 1.48922 1.48591 1.44143 1.39586 1.35575 1.30515 1.45436 1.41394 1.29939 1.36386 1.28293 1.27297 1.95012 1.24308 1.23228 1.92571 1.3099 1.23197 1.2036 1.43667 1.3105 1.19928 1.18097 1.14786 1.25316 1.14319 1.47417 1.47764 2.10686 1.72981 1.2931 1.26932 1.1083 1.24214
threshold=0.24245005140948503 0.014785035569638174 6.0238568586517021 0 1 2 0.66474707455444648 3 4 1.1530055810939681 -0.2349896685091801 0.40567836129921148 30.500000000000004 9.105006990094358 -0.70372944833499851 12025.000000000002 8.238889215766342 5 125.30000000000001 -0.082238098236972132 0.10185754852720044 9.9035585722137878 0.95275297619047628 0.18380043510588562 -0.0082088649206863967 9.5000000000000018 0.66502430591508011 -0.39122887042163595 1396.1095982142861 6 2648.1093750000005 4.8717741935483883 -0.066812697038790322 0.024454401771162638 1.0000000180025095e-35 51.500000000000007 65.050710227272745 33.507142857142874 6.5000000000000009 40.500000000000007 48.500000000000007 36.76428571428572 0.18232246588569015 1396.1095982142861 0.87879373075597722 7 0.15314768112002944 14.750000000000004 7.8592387900617497 4005.0000000000005 0.88352713178294584 -0.01283441545345587 0.0022604238517606361 0.31113012134010715 8 1.0500000000000003 50.192012288786493 10.950000000000001 1.2790797646352943 288.10000000000008 0.055919468900404119 7.1982017582533979
decision_type=8 2 2 1 1 1 2 1 1 2 2 2 2 2 8 10 2 1 2 2 8 2 2 10 2 2 2 2 2 1 2 2 2 8 2 8 2 2 2 8 2 2 2 2 8 1 2 2 2 8 2 2 2 10 1 2 2 2 10 2 2 2
left_child=3 27 -3 5 9 6 42 28 31 11 -11 15 14 22 25 16 -5 19 -19 -18 -6 26 23 -14 30 -10 32 -2 -4 49 -7 -9 -22 34 -26 51 37 -24 -25 -32 -41 46 -1 44 -44 -29 48 50 -40 -28 -48 -35 -53 54 -47 58 57 -57 -56 -55 -37 -62
right_child=1 2 7 4 20 24 -8 8 12 10 -12 -13 13 -15 -16 -17 17 18 -20 -21 21 -23 36 38 33 -27 29 45 -30 -31 39 -33 -34 35 -36 60 -38 -39 41 40 -42 -43 43 -45 -46 53 47 -49 -50 -51 -52 52 -54 59 55 56 -58 -59 -60 -61 61 -63
leaf_value=0.0035009523143012563 0.0043145147077618814 -0.058232256180197263 -0.00035374170926080257 0.00023474038193511393 0.0020359915094540753 0.0032044669135761553 -0.0024152740012542292 -0.0073942611368556024 -0.0096950487454099243 -0.018632645485782577 -0.0013938146765647814 -0.012167975770415687 -0.013221686911407625 -0.029798077326600732 7.8701188344833359e-05 0.0047114773200249644 -0.0032163603924162129 -0.0004626318172208843 -0.0044586881340861143 -0.010574623783065977 0.0030037173876965423 -0.0067250494365306045 0.0020722107118490703 0.00084416337572964053 0.00018632961678878712 -0.0048890041179959435 -0.0043748620205715395 0.0022190626186714894 -0.0066754016245607773 -1.619762159044725e-05 0.000993095066198803 0.00072880192633326428 0.00034985504327399186 0.0011639916500925454 -0.0056217438705816747 0.0018802430467343822 -0.0080454759545662904 -0.0095928287302025628 -0.010891435747908365 2.7778918498064655e-05 -0.0064317288825515226 0.00060429474577072036 -0.00010669024666348556 0.0040253616141260945 -0.0049175442757562558 0.00049439579151014943 -0.0034948309753998932 -0.00060212107541956952 -0.031115292192872148 -0.0018366932173877134 -0.012551223037525223 -0.0036236851586108239 -0.0017327277634547689 0.0010201252908942529 -6.5484106568165681e-05 -0.015321479696551527 -0.011636091069618961 -0.00092973694346279575 -0.0060989647596010298 -0.0048479748186108507 0.0015382585099249649 -0.00097821332873270221
leaf_weight=3695 962 41 2432 3235 3540 1270 75 215 48 54 101 64 77 47 367 300 101 1125 52 49 1978 70 169 74 52 65 83 1059 54 539 182 678 3957 161 43 953 150 65 96 130 55 52 240 295 48 459 40 82 49 67 40 54 128 1291 305 50 47 121 45 73 235 512
leaf_count=3695 962 41 2432 3235 3540 1270 75 215 48 54 101 64 77 47 367 300 101 1125 52 49 1978 70 169 74 52 65 83 1059 54 539 182 678 3957 161 43 953 150 65 96 130 55 52 240 295 48 459 40 82 49 67 40 54 128 1291 305 50 47 121 45 73 235 512
internal_value=0.000661529 -0.000662956 -0.00186803 0.00118431 0.000696529 0.00209977 0.00293653 -0.00167673 -0.00283011 -0.000303417 -0.00625 -0.000115689 -0.00439595 -0.00578025 -0.00176715 2.05653e-06 -0.000249835 -0.00204443 -0.00114899 -0.00838509 0.00119278 0.000727409 -0.00517318 -0.00704501 0.00112916 -0.00776316 0.000818113 0.000659416 -0.000588706 -0.00138406 0.00231074 -0.000315265 0.00107396 0.000229079 -0.00546875 0.000496576 -0.00267532 -0.000340425 -0.00572581 -0.000448369 -0.00336021 -0.00695833 0.00310587 0.000967466 -0.00193772 0.000173863 -0.00816558 -0.00515337 -0.0114726 -0.00559006 -0.00987654 -0.00242733 -0.00513661 -0.00045587 -0.00171693 -0.00338515 -0.00666667 -0.0040407 -0.0014245 0.000490843 0.0010876 -0.000354278
internal_weight=32696 9253 4841 23443 15315 8128 4353 4800 2314 5081 155 4926 1421 941 480 4862 4562 1327 1177 150 10234 6694 894 510 3775 113 6624 4412 2486 689 1637 893 5935 2138 95 2043 384 234 433 367 185 359 4278 583 288 3450 307 162 145 150 80 343 182 2391 1027 568 218 171 350 1364 1700 747
internal_count=32696 9253 4841 23443 15315 8128 4353 4800 2314 5081 155 4926 1421 941 480 4862 4562 1327 1177 150 10234 6694 894 510 3775 113 6624 4412 2486 689 1637 893 5935 2138 95 2043 384 234 433 367 185 359 4278 583 288 3450 307 162 145 150 80 343 182 2391 1027 568 218 171 350 1364 1700 747
cat_boundaries=0 1 2 3 4 5 6 7 8 9
cat_threshold=46 1217 1008 7717 2089 1024 544 4127 881
is_linear=0
shrinkage=0.05


Tree=29
num_leaves=63
num_cat=6
split_feature=1 40 20 9 25 7 9 16 25 9 15 38 15 12 17 5 25 10 25 7 20 29 41 41 27 27 31 29 6 21 0 33 20 20 23 35 0 31 30 26 31 5 27 42 15 25 12 9 30 23 17 26 18 18 18 20 16 23 13 30 30 42
split_gain=8.51491 5.08768 4.50291 3.38151 3.00376 4.15514 1.9928 1.77192 1.6504 1.85454 1.77752 1.52258 1.52062 1.70905 2.45765 2.66951 1.44793 1.87481 1.41823 2.07885 2.77752 2.96791 2.3287 1.41628 1.40378 2.39113 1.62021 1.97836 1.94802 1.55117 1.47034 1.47221 1.41786 1.44009 1.48058 1.3942 1.38164 1.36836 2.7828 3.85943 1.7503 1.40065 1.34357 1.33901 1.25039 1.44623 1.94279 1.25649 1.21466 1.20925 1.2058 1.15732 1.15727 1.35718 1.13504 1.12928 1.10503 1.1013 1.57555 1.42051 2.74653 1.42046
threshold=0.082887943896595498 1.5000000000000002 -0.39487805025586709 0.19959115620148457 0 8.552976757690816 0.094441552003811338 2.8698252467678222 1 0.35050979076256505 -0.079114954697970127 2 -0.77318988823348156 40.500000000000007 -0.064370268160526475 8.006408711448401 3 0.23628971366402898 4 7.4044611822857878 0.0070666080562934381 1.0000000180025095e-35 13.076951535331116 173.0601774042951 37.500000000000007 47.500000000000007 19.900000000000006 1.0000000180025095e-35 8.305786054458915 1700.0350000000001 -0.0065993663454033671 31.778571428571436 0.033591768850834564 -0.0084087529550607391 1.0000000180025095e-35 1.6318700725594175 -0.092477453393916317 176.60000000000005 16.150000000000002 39.500000000000007 196.50000000000003 7.9840010637404371 27.500000000000004 0.90754985754985762 -0.69314718055994529 5 73.500000000000014 0.1276485462896769 58.750000000000007 0.20067069546215119 0.56157988110339441 41.500000000000007 0.25889165304746636 1.0000000180025095e-35 -1.721034924997491 -0.12139880453590456 -0.036367644170874451 -0.33678680095999342 0.52380788143590973 14.250000000000002 1.1500000000000004 0.98449519230769245
decision_type=2 2 10 10 1 2 10 2 1 10 2 1 2 2 2 2 1 2 1 2 10 2 2 2 2 2 2 2 2 8 2 2 10 10 8 2 2 2 2 2 2 2 2 2 2 1 2 10 2 8 2 2 8 10 10 10 2 8 2 2 2 2
left_child=1 4 -2 44 5 7 18 24 9 10 52 37 -11 -14 -15 50 17 36 19 -3 -21 -22 -23 49 42 26 27 -26 32 -29 -27 57 33 -28 -35 -20 -8 -6 39 -39 41 -40 -1 -18 45 -4 -47 -48 -12 -7 -16 -19 53 -5 -10 -38 -54 61 59 60 -59 -32
right_child=2 6 3 8 11 23 16 -9 54 12 48 -13 13 14 15 -17 43 51 35 20 21 22 -24 -25 25 30 28 29 -30 -31 31 -33 -34 34 -36 -37 55 38 40 -41 -42 -43 -44 -45 -46 46 47 -49 -50 -51 -52 -53 56 -55 -56 -57 -58 58 -60 -61 -62 -63
leaf_value=2.4622492412129052e-05 -0.041559545921661091 0.0038380064862781728 0.00049761397025387957 -0.0035061172720168691 0.0024284338438449781 -0.010853120533420392 0.0031828310792855726 -0.0043753837248767368 -0.005220263849304017 -0.013124462733248209 -0.0011602599517853425 0.00058195796684345721 -0.0019527930480289586 0.0020488143432909512 -0.0084659149406683381 -0.019830462692133604 0.00086469547886972714 -0.0010599678760254002 0.0031462027905981918 0.0020122923279123558 0.00052461689819642565 -0.0015777397681156797 -0.0049453768415174248 -0.00022770991056323157 -0.0004099622610395617 0.0011236520475169595 -7.0505394567460617e-05 -0.0068045562343075116 -0.0080894575230730185 -0.012795514146379193 -0.0083541213730077956 -0.010985360852836416 0.0063381343043678916 -0.0086174787730167231 -0.007688058298254437 -0.0010348084356991561 -0.0033887677881979383 -0.0092384867813481882 0.002083369891123859 0.0032397754897156884 0.0053417989082010925 -0.0082202500069033704 0.0049398635263162606 0.0029972631039302468 0.00040030353563544119 -0.00091158441106007715 -0.0015756459756700388 -0.0084310341639076709 0.0057133927881509302 -0.0084345436704003924 0.00010974860097988362 -0.0087290691021092142 -0.0027858656472817636 -0.0085601921840288749 -0.000887628584035374 0.00014516387013331582 0.00084761743164139542 -0.00047676197140328314 0.00079694375613167793 0.0026773485434297417 -0.0049623839248256404 0.00070096712057954303
leaf_weight=1122 51 360 405 343 1997 43 854 61 237 70 694 5521 215 62 82 56 1610 67 2908 243 99 40 47 43 64 898 173 43 43 53 59 40 113 52 50 42 47 43 46 46 201 40 402 2613 4407 282 50 67 130 45 52 43 47 57 2705 1648 72 59 391 75 44 40
leaf_count=1122 51 360 405 343 1997 43 854 61 237 70 694 5521 215 62 82 56 1610 67 2908 243 99 40 47 43 64 898 173 43 43 53 59 40 113 52 50 42 47 43 46 46 201 40 402 2613 4407 282 50 67 130 45 52 43 47 57 2705 1648 72 59 391 75 44 40
internal_value=0.000593916 0.00113648 -0.000612791 -0.000536675 0.000422172 -0.000709735 0.00193043 -0.000407084 -0.00149077 -0.0026441 -0.00166295 0.000982922 -0.0051394 -0.00409188 -0.00687747 -0.00968586 0.00142525 0.000503745 0.00285963 0.00093125 -0.00140698 -0.0059893 -0.0126705 -0.00943182 -0.000267329 -0.00107598 -0.00379223 -0.00807453 -0.0021875 -0.0125773 -7.46731e-05 -0.00177715 -0.00105398 -0.00298913 -0.0076699 0.00336035 0.000782353 0.00204069 -0.00071618 -0.00838889 0.00168403 -0.00425287 0.000898361 0.00199929 0.000346316 -0.00146584 -0.00354878 -0.00902542 -0.000218182 -0.0130337 -0.00577778 -0.00585586 -0.00395192 -0.00523691 -0.000741618 -4.42215e-05 0.000375 -0.00121076 -0.000359649 -0.00424581 -0.00802885 -0.00605
internal_weight=32512 22428 10084 10033 11807 3913 10621 3782 4822 1880 1343 7894 537 467 252 190 6882 2659 3739 789 429 186 87 131 3721 2197 591 160 431 96 1606 708 388 275 102 2950 2549 2373 376 89 287 86 1524 4223 5211 804 399 117 824 88 134 110 519 400 2942 1695 119 668 569 178 103 99
internal_count=32512 22428 10084 10033 11807 3913 10621 3782 4822 1880 1343 7894 537 467 252 190 6882 2659 3739 789 429 186 87 131 3721 2197 591 160 431 96 1606 708 388 275 102 2950 2549 2373 376 89 287 86 1524 4223 5211 804 399 117 824 88 134 110 519 400 2942 1695 119 668 569 178 103 99
cat_boundaries=0 1 2 3 4 5 6
cat_threshold=3264 1606 2 1795 2054 3920
is_linear=0
shrinkage=0.05


Tree=30
num_leaves=63
num_cat=7
split_feature=10 20 9 9 39 6 8 42 0 31 20 41 39 6 39 24 12 2 38 27 27 20 9 26 26 31 0 2 38 23 8 6 2 4 27 31 6 41 41 9 6 30 17 8 4 23 11 2 18 17 20 19 33 4 6 33 44 30 39 11 31 19
split_gain=8.44187 6.11735 5.35921 3.7309 2.77101 4.03178 3.74017 2.03285 1.98689 1.89651 1.84578 2.59939 1.80183 2.63506 1.6651 1.59938 1.5872 1.50339 1.48806 1.51557 2.12829 1.56187 1.564 1.47972 1.47474 2.0272 1.47325 1.45276 1.38193 1.47775 1.91942 1.52075 1.45501 1.37069 1.36304 3.87332 2.17009 1.37002 1.33109 1.60412 1.44494 1.54944 1.42304 1.37111 1.68268 1.53114 1.59199 1.39232 1.33221 1.3079 1.28839 1.24558 2.35581 1.50852 1.21755 1.21121 1.89054 1.35725 1.4514 1.67125 1.71618 1.46112
threshold=0.14558401118624789 -0.30419504921343893 0.1222106108598419 0.21459532589739591 0 7.2795441759272119 0.25572835289413193 0.85951206140350889 0.36464311358790896 288.10000000000008 0.011235260688353515 215.02542372881359 1 9.1497516187823287 2 3 25.500000000000004 -0.28768207245178118 4 38.500000000000007 48.500000000000007 -0.0094492977248859054 0.30803179410649439 20.500000000000004 46.500000000000007 31.250000000000007 0.55961578793542299 0.098440105140860559 5 -0.18232155679395459 0.045647419950466624 7.673331494934982 0.31015492830383856 0.68634791663256378 21.500000000000004 68.850000000000023 7.8855276831811993 70.478854166666693 2.1092329545454551 0.22529673791557275 6.9705099009269835 107.00000000000001 -0.021368605655641689 0.20278018908302098 0.080043476903714175 0.057331454160069802 37.500000000000007 0.90629178862065063 0.37677453213010098 -1.4335314030871291 -0.0094492977248859054 -8.3417130608890148e-17 28.235714285714291 -0.064539146137181355 8.2697632366141764 26.578571428571433 0.18333333333333338 4.1500000000000012 6 38.500000000000007 0.75000000000000011 0.0039087939809804122
decision_type=2 10 10 10 1 2 10 2 2 2 10 2 1 2 1 1 2 2 1 2 2 10 10 2 2 2 2 2 1 10 10 2 2 2 2 2 2 2 2 10 2 2 2 8 2 8 2 2 8 2 10 2 2 2 2 2 2 2 1 2 2 2
left_child=2 -2 7 8 5 -4 9 55 49 10 34 17 18 38 24 -6 -15 -12 -5 -20 -21 -22 33 -10 54 -26 27 -8 -17 -30 -31 -32 51 -23 35 -7 -37 -36 -14 42 -41 43 -40 44 -42 -46 48 50 -47 -3 -45 52 -33 -54 -9 56 -1 58 59 -57 -61 -62
right_child=1 3 4 12 15 6 26 14 23 -11 11 -13 13 16 -16 28 -18 -19 19 20 21 22 -24 -25 25 -27 -28 -29 29 30 31 32 -34 -35 37 36 -38 -39 39 40 41 -43 -44 47 45 46 -48 -49 -50 -51 -52 -53 53 -55 -56 57 -58 -59 -60 60 61 -63
leaf_value=-0.001287961363771604 -0.035941711243920697 -0.0055741960214400928 0.0005907409932234594 0.001625231525542396 0.0012297176692026329 -0.019175493426460438 0.0011863982347384496 0.0013170344345137227 -0.0099450451338538148 0.0020156607061615865 -0.016843656442868719 -0.01378413226749256 0.00095406707184801708 -0.016055017563299658 0.0023450477080218623 0.0020907508509063798 -0.026975718891257518 -0.0030277335554297034 0.00072380111804573404 -0.011742897798522349 0.0022355265490931076 -0.0039107615773414008 -0.033997840882970747 -0.0023446210315459406 -0.0078241365847099183 0.0042105962121804091 -0.012577136926081199 -0.0069395167059603975 0.00068512631718952181 -0.0099526114211221442 0.0010327368990964321 -0.010240656483358781 -0.0059523258191412935 0.0035247936767265307 -0.0048939271699478017 0.0033422322429956224 -0.010572300414596109 0.0017547901750239491 -0.011253900145493349 0.00071831489919423563 -0.011304330456779865 0.0041815296306871082 -0.0040541246611818437 -0.0060473916994778047 0.00080272421119963872 -0.0040191676223070892 -0.0038356207632274618 -0.027340941065123706 -0.014100376773021598 0.00063105409137158156 -0.0015802966664570789 -0.00035172091467108261 -0.0052980454710560496 0.00073429229326602268 -0.0020313778635099341 0.0012130691350740316 0.00057461486334966757 0.0028814445373073843 0.0003032609014931892 -0.0051582016048686875 -0.0082934726767794949 0.0048182761417576818
leaf_weight=45 59 150 2928 457 7238 42 613 1075 71 78 45 71 158 43 6407 1102 43 93 353 54 83 56 43 107 48 49 51 129 1796 40 510 68 42 50 99 72 40 115 43 345 73 94 49 451 111 57 101 69 40 3634 911 507 169 166 40 123 54 512 494 57 41 42
leaf_count=45 59 150 2928 457 7238 42 613 1075 71 78 45 71 158 43 6407 1102 43 93 353 54 83 56 43 107 48 49 51 129 1796 40 510 68 42 50 99 72 40 115 43 345 73 94 49 451 111 57 101 69 40 3634 911 507 169 166 40 123 54 512 494 57 41 42
internal_value=0.000600178 -0.000846743 0.00104612 -0.000721852 0.000497659 -0.000574424 -0.00273292 0.00202325 0.000343175 -0.00552591 -0.00651384 -0.0102619 -0.00186703 -0.00258176 0.00234186 0.000900507 -0.0111494 -0.00618705 -0.000153568 -0.0017 -0.00442509 -0.0023176 -0.00536667 -0.00480447 0.000621423 -0.0052551 -0.000421914 0.000148049 0.000147359 -0.000365669 -0.00152362 -0.00122351 -0.00240294 -0.00205607 -0.00436314 -0.00793548 -0.00300885 -0.00176744 -0.00229325 -0.00259275 -0.00232579 -0.00286426 -0.00903226 -0.00318908 -0.00584856 -0.00420968 -0.00683417 -0.00247556 -0.0113776 0.000586526 -0.00212032 -0.00197585 -0.00404703 -0.00230655 0.00114247 0.000248357 -0.00505 0.000665355 -0.000679419 -0.00359489 -0.00744681 -0.00279762
internal_weight=32706 7705 25001 7646 16014 4376 1448 8987 3962 655 577 209 3684 2588 7619 11638 86 138 1096 639 286 232 149 178 1212 97 793 742 4400 3298 1502 1462 952 106 368 154 112 214 2502 2344 2252 1907 92 1813 382 309 198 1431 97 3784 1362 910 403 335 1115 1368 99 1269 757 263 140 83
internal_count=32706 7705 25001 7646 16014 4376 1448 8987 3962 655 577 209 3684 2588 7619 11638 86 138 1096 639 286 232 149 178 1212 97 793 742 4400 3298 1502 1462 952 106 368 154 112 214 2502 2344 2252 1907 92 1813 382 309 198 1431 97 3784 1362 910 403 335 1115 1368 99 1269 757 263 140 83
cat_boundaries=0 1 2 3 4 5 6 7
cat_threshold=2432 2613 3392 28 10 2 2094
is_linear=0
shrinkage=0.05


Tree=31
num_leaves=63
num_cat=4
split_feature=9 0 3 22 0 25 29 25 41 20 17 6 20 41 10 22 25 0 10 20 27 30 5 0 8 10 7 23 4 41 31 7 9 42 30 31 31 44 21 20 17 4 15 21 23 25 11 8 12 17 10 41 21 5 9 22 14 41 30 3 4 0
split_gain=7.38588 4.5987 3.2898 2.85899 2.72224 2.1057 2.02544 1.83157 1.95037 3.74859 3.43881 1.85362 1.76197 1.63966 1.76248 1.57151 1.96418 2.25394 1.98832 1.82084 1.49236 1.46352 1.37703 1.35862 1.35787 1.39323 1.58801 1.48188 2.11212 1.49062 1.42452 2.04064 1.534 1.34238 1.34171 2.01686 1.7657 1.42663 1.29549 1.26474 1.24248 1.55299 1.26606 1.22124 1.17417 1.42277 2.04243 1.36647 2.47025 1.15651 1.15229 1.1419 1.13971 2.03638 1.13231 1.0858 1.20036 1.06837 1.39822 1.05821 1.24772 1.1267
threshold=0.11181358192033143 -0.014580122716801201 0.61350217182287958 0.57982041832616715 0.70541757802971594 0 1.0000000180025095e-35 1 4010.1277678571432 0.0089539583338877106 -0.16521529833375267 8.1960557936839944 0.13074614504690749 260.69556451612908 0.121836239253045 0.13488893862333326 2 -0.23638963332700277 0.069332603894015868 0.069404482912147292 37.500000000000007 55.750000000000007 7.5651282365119412 0.016807118316381157 0.12299212290568096 0.038060715335996871 9.4782592729828252 0.057331454160069802 -0.31407419159051159 1.8071451355661885 10.950000000000001 7.3750990932950549 0.16187198098622993 0.84764185703758299 12.250000000000002 212.25000000000006 61.45000000000001 0.18333333333333338 3795.0000000000005 0.13551424946591531 -0.65958571068230654 0.28768207245178129 -1.6127037633657073 11062.500000000002 -0.11429074825886286 3 5.5000000000000009 0.10185754852720044 57.500000000000007 0.85952255972315361 -0.6969979491977315 52.742727272727286 2184.6600000000003 7.1992771950500138 0.22219589940794029 0.51442198529938754 0.74178346306316312 2.4550505050505054 1.2500000000000004 0.8747180602934207 0.44064662315000286 0.058840500022934179
decision_type=10 2 2 10 2 1 2 1 2 10 2 2 10 2 2 8 1 2 2 10 2 2 2 2 10 2 2 8 2 2 2 2 10 2 2 2 2 2 10 10 2 2 2 10 10 1 2 10 2 2 2 2 8 2 10 8 2 2 2 2 2 2
left_child=6 15 5 4 12 20 13 11 23 -10 -11 -8 59 14 -1 49 17 -17 -19 -20 -3 24 -5 -9 40 26 50 28 -27 -29 32 -32 -31 -25 35 36 -33 51 -23 -34 41 42 -7 -40 45 46 -16 -47 -49 -2 -26 -36 53 -35 -53 57 -57 58 -22 60 61 -4
right_child=1 2 3 22 -6 21 7 8 9 10 -12 -13 -14 -15 44 16 -18 18 19 -21 55 38 -24 33 25 27 -28 29 -30 30 31 34 39 52 37 -37 -38 -39 43 -41 -42 -43 -44 -45 -46 47 -48 48 -50 -51 -52 54 -54 -55 -56 56 -58 -59 -60 -61 -62 -63
leaf_value=0.0019476938837480124 0.0020054427576105291 0.0022375515796905581 -0.0085011733060308282 -0.0077750069575244166 -0.016914229827279522 0.00033863116097531006 -0.00049204277938754055 0.0022657866702509967 0.0023061256829954237 0.00044595236072510083 -0.0051301294364232098 -0.0029527090427100382 -0.0092833817523968777 0.0030900884051843344 -2.3657054121645005e-05 0.0035349190035519496 0.00052190478428641317 -0.0015864553109743444 -0.0082636438871400136 0.00053399928971708123 0.00079988498117805401 0.0021153776687748353 -0.019944277269348294 -0.0041042764758594799 -0.013486076150829369 -0.0058940768069073906 -0.006787694631787332 0.0032407180198193303 -0.00074179513916097621 0.00088319460845099089 -0.00060377196988020384 -0.0098911170171185545 -0.0041430448188705532 0.00045451169001514008 -0.0012260134396958596 -0.013104129674414667 -0.0035742377681476051 -0.011783923290465091 -0.0061494265757628059 0.0042770845821784777 0.00065548471625658964 0.0022844199596896834 -0.0065533516807019972 0.0029568634330640747 0.0015846289287533709 0.0022555434815533354 -0.0054622915974105214 0.0036930584064561785 -0.0026005607817148665 -0.00058250019070259348 -8.094569651271925e-05 -0.00096281275912321628 0.0013794359741964195 -0.0023776429334933912 -0.011339887878194784 -0.0022409054860334956 -0.0091745867805243363 0.001575525797565416 -0.010339057754866503 0.0018785469226432706 0.00017994101516985672 -0.0020919441660643785
leaf_weight=3281 5435 1818 69 40 76 64 199 1774 169 40 64 68 77 1969 67 272 3046 596 144 43 46 1027 65 67 45 41 43 69 1289 163 217 92 655 187 200 41 138 62 245 80 1973 56 123 64 279 162 58 63 56 506 2583 46 459 109 48 498 67 860 66 209 265 120
leaf_count=3281 5435 1818 69 40 76 64 199 1774 169 40 64 68 77 1969 67 272 3046 596 144 43 46 1027 65 67 45 41 43 69 1289 163 217 92 655 187 200 41 138 62 245 80 1973 56 123 64 279 162 58 63 56 506 2583 46 459 109 48 498 67 860 66 209 265 120
internal_value=0.000589699 0.000124984 -0.000472839 -0.00335683 -0.00235006 -0.000263758 0.0018028 0.000774626 0.0011441 -0.00286496 -0.0102857 -0.00311151 -0.001417 0.00234586 0.00175952 0.000936971 0.000184057 -0.0016651 -0.00304209 -0.0075266 0.000809566 -0.000648533 -0.0110849 0.00157104 -0.000904222 -0.00130569 -0.000465943 -0.00201941 -0.000751315 -0.00294978 -0.0032358 -0.00471006 -0.0018465 -0.000109356 -0.00615446 -0.00880515 -0.00692641 -0.00411765 0.000882573 -0.00281929 0.00014885 -0.00321721 -0.00539894 -0.00195161 -0.000546647 -0.00226044 -0.00643382 -0.000154109 -0.00420833 0.00145658 -0.000308102 -0.00264407 0.000496032 -0.00191919 -0.00715789 -0.00033485 -0.00207597 0.000678315 -0.00389381 -0.000579819 -0.00193407 -0.00502632
internal_weight=32753 23682 13640 921 816 12719 9071 3136 2869 273 104 267 740 5935 3966 10042 4101 1055 783 187 3355 9364 105 2596 8028 5812 2671 3141 1330 1811 1742 844 898 822 627 271 230 356 1336 735 2216 243 187 309 685 406 125 281 119 5941 2628 294 755 296 94 1537 565 972 112 663 454 189
internal_count=32753 23682 13640 921 816 12719 9071 3136 2869 273 104 267 740 5935 3966 10042 4101 1055 783 187 3355 9364 105 2596 8028 5812 2671 3141 1330 1811 1742 844 898 822 627 271 230 356 1336 735 2216 243 187 309 685 406 125 281 119 5941 2628 294 755 296 94 1537 565 972 112 663 454 189
cat_boundaries=0 1 2 3 4
cat_threshold=2096 2176 1216 3137
is_linear=0
shrinkage=0.05


Tree=32
num_leaves=63
num_cat=5
split_feature=1 39 20 18 22 4 30 31 41 39 26 6 33 18 26 12 41 13 35 20 41 17 19 1 27 30 22 38 31 22 33 13 39 33 26 15 16 31 11 15 20 6 26 26 30 21 33 41 39 31 27 31 41 15 31 21 11 18 14 13 42 19
split_gain=7.30993 4.19301 3.62383 2.32401 1.92965 2.4969 1.79107 4.85768 1.7909 1.72791 2.52672 2.06031 1.73863 1.70122 1.63818 1.63277 2.22698 1.68206 1.55656 1.52475 1.68403 1.50174 1.49668 1.51972 1.46784 1.85868 2.01179 1.45816 1.74501 1.43712 1.54556 2.44692 1.49661 1.43874 1.40795 1.3956 1.37377 1.58219 1.30225 1.30057 1.25593 1.23842 2.77813 1.68527 1.616 1.20731 1.16621 1.59187 1.4116 2.54553 2.23179 1.13334 1.18145 1.07097 1.94238 1.85519 1.64307 1.60042 1.31469 1.22119 1.09102 1.0703
threshold=0.10536051565782635 0 -0.30419504921343893 -0.22906138552527058 0.13158442823436525 -1.0986122886681093 17.350000000000005 208.75000000000003 2446.6156795346383 1 20.500000000000004 9.3048588514174586 30.907142857142862 2.1217309818125187 7.5000000000000009 55.500000000000007 93.667543859649143 0.99999812500234386 1.6318700725594175 -0.39487805025586709 12.777500000000002 0.7361139151008308 -0.074779713075649998 -0.51621647240086765 51.500000000000007 87.800000000000011 0.11529751088440517 2 250.20000000000005 0.40546367953877666 26.700000000000006 0.51648434971713364 3 29.614285714285717 51.500000000000007 -1.2367626271489267 1.1571669927415644 175.25000000000003 59.500000000000007 0.69314718055994529 0.014954839247300298 8.1135334305015032 28.500000000000004 38.500000000000007 53.000000000000007 11062.500000000002 29.050000000000004 50.192012288786493 4 19.900000000000006 38.500000000000007 163.05000000000004 202.70172413793105 0.093679861582846705 4.1500000000000012 8525.0000000000018 61.500000000000007 -1.2813148911484915 -1.2515828877021216 0.67796723930059466 0.88975694444444453 0.057479382005518775
decision_type=2 1 10 10 10 2 2 2 2 1 2 2 2 8 2 2 2 2 2 8 2 2 2 2 2 2 10 1 2 8 2 2 1 2 2 2 2 2 2 2 10 2 2 2 2 10 2 2 1 2 2 2 2 2 2 8 2 10 2 2 2 2
left_child=1 18 3 -2 6 -6 7 22 45 11 13 14 29 53 -4 16 38 -17 19 -1 24 -22 -3 -24 -21 26 35 41 -29 -12 -31 -32 33 51 46 -26 -16 -38 -9 -37 -36 -7 -43 44 -44 -8 48 -48 49 50 -25 52 -33 54 55 57 59 58 -11 -57 -59 -41
right_child=2 4 9 -5 5 27 8 15 -10 10 12 -13 -14 -15 36 17 -18 -19 -20 20 21 -23 23 34 25 -27 -28 28 -30 30 31 32 -34 -35 40 39 37 -39 -40 61 -42 42 43 -45 -46 -47 47 -49 -50 -51 -52 -53 -54 -55 -56 56 -58 60 -60 -61 -62 -63
leaf_value=-0.0053289896439984181 -0.032939348179443814 -0.00086201479641905021 0.0031483981981915454 -0.026220295270428684 -0.0087600724991783382 0.00076231508962162475 0.0025285547230805309 -0.0083421450244227629 -0.0098253134447204675 -0.00053464411707482425 0.0012104761114303977 -0.021709104293372219 0.0028288847283551616 -0.0078510189577913597 -0.0015497520506903963 0.00093949187654463514 3.2758114274528303e-05 -0.006895641501716893 -0.0015027134543376447 0.001878261663250934 0.0023763998873956808 9.1393675208415056e-05 0.0074630991624125972 -0.00097700910238130291 -0.003251750109651794 -0.0035762987573614707 -0.0040828962555121669 -0.0023138110932386948 -0.0051893839487750087 0.0018465122661764964 -0.0060649618846521196 -0.0047515472199717527 0.00072321809229648792 0.0018935084356880552 -8.0238679920697882e-05 0.0015962808017507023 -0.0080019946628853544 0.003250860832125882 -0.0092550597770337893 -0.0044482722442293066 -0.0019542869930299898 0.00063240193927374742 -0.012244861355791576 0.0001191747381226817 -0.0075173593959430608 -0.0079187256469162495 0.00047342834374616361 0.0023506236219953741 0.00021604285849943151 0.0032711276191647711 -0.019177808993458417 -0.0028409017593777732 -0.010049237759776286 7.2690134581810848e-05 0.00061730964261545685 -0.0065784661681729077 -0.0038117792211252305 -0.0041827168509133384 -0.005567880747645978 -0.0046094509707011551 0.0003208381661645308 0.0011139107487976271
leaf_weight=71 40 1358 306 44 41 1408 3364 48 51 40 1680 51 739 47 2298 95 41 66 77 2681 6734 722 362 45 72 70 78 469 54 319 187 72 430 66 72 686 133 54 56 72 46 254 49 47 45 43 2356 1285 770 61 70 92 50 882 301 59 161 134 48 79 422 68
leaf_count=71 40 1358 306 44 41 1408 3364 48 51 40 1680 51 739 47 2298 95 41 66 77 2681 6734 722 362 45 72 70 78 469 54 319 187 72 430 66 72 686 133 54 56 72 46 254 49 47 45 43 2356 1285 770 61 70 92 50 882 301 59 161 134 48 79 422 68
internal_value=0.000570321 0.0010229 -0.00066743 -0.0109412 0.000392297 -0.000893159 0.000691364 0.000216132 0.00161607 -0.000566408 -7.04587e-05 -0.00157378 0.000735699 -0.00141904 -0.00139506 -0.00592834 -0.00976027 -0.00243827 0.00171971 0.00176988 0.00181643 0.00225023 0.000509648 0.000904696 0.00094823 -0.000639923 -7.16477e-05 -0.000674688 -0.00296816 0.000182948 -0.00112572 -0.0021882 -0.000843882 -0.00360825 0.000664046 0.000600668 -0.00182019 -0.00593085 -0.013619 0.00118501 -0.00470588 8.2692e-06 -0.00246212 -0.00806338 -0.0118947 0.00175616 0.000803182 0.0012095 -0.000760295 -0.00465241 -0.00926724 -0.00572093 -0.00886179 -0.00120827 -0.00215261 -0.00326801 -0.00651667 -0.00175194 -0.00797753 -0.0105036 -0.000754039 -0.00319149
internal_weight=32621 23887 8734 84 12556 2367 10189 6731 3458 8650 5808 2842 3635 2173 2791 306 145 161 11331 11254 11183 7456 6425 5067 3727 1046 976 2326 523 2896 1216 897 710 280 4705 898 2485 187 104 826 118 1803 395 141 94 3407 4587 3641 946 176 115 214 122 2126 1244 943 299 644 88 138 556 140
internal_count=32621 23887 8734 84 12556 2367 10189 6731 3458 8650 5808 2842 3635 2173 2791 306 145 161 11331 11254 11183 7456 6425 5067 3727 1046 976 2326 523 2896 1216 897 710 280 4705 898 2485 187 104 826 118 1803 395 141 94 3407 4587 3641 946 176 115 214 122 2126 1244 943 299 644 88 138 556 140
cat_boundaries=0 1 2 3 4 5
cat_threshold=567 840 6 3076 256
is_linear=0
shrinkage=0.05


Tree=33
num_leaves=63
num_cat=9
split_feature=1 39 9 25 6 39 39 26 3 11 21 10 9 29 37 44 16 1 7 4 25 30 25 30 10 12 2 30 21 39 18 25 10 20 10 41 25 1 20 2 2 12 2 17 11 0 30 9 22 23 16 21 35 1 3 41 20 11 12 20 1 7
split_gain=7.32658 3.99977 2.93488 2.28178 2.18292 2.12638 2.11518 2.50824 2.53627 4.85029 3.62387 2.09381 1.98517 1.80609 2.44245 1.72201 1.7225 2.37199 1.71845 2.60828 1.91091 1.65684 3.50805 3.41405 2.6785 1.96971 1.65397 2.04076 1.66934 1.55806 2.14227 2.90569 2.38038 1.51736 1.51635 1.57191 1.47612 1.47278 1.45803 1.43241 1.38617 2.12834 1.95729 1.34988 1.31651 1.29296 1.25848 1.37205 1.25827 1.25827 1.25709 1.23455 1.34448 1.36179 1.67857 1.6878 1.83115 1.41096 1.2284 1.21665 1.21341 1.21134
threshold=0.082887943896595498 0 0.35050979076256505 1 7.6560336283832342 2 3 38.500000000000007 -0.31193346309323106 13.500000000000002 1423.5100000000002 0.05237892118573307 0.091964498946047565 1.0000000180025095e-35 42.500000000000007 0.29285714285714287 0.5877866649021195 0.29997407554865868 6.9695193441255663 -1.4388113718587412 4 49.050000000000004 5 19.950000000000006 -0.023479679291800167 29.500000000000004 0.12676163805641097 12.650000000000002 1611.2500000000002 6 -1.4934581390118511 7 0.17815793705203078 -0.051156271462718277 0.10755433847924857 269.28365384615387 8 0.3816854145611917 0.032056483173502369 0.41985421823174246 0.12444536794861262 14.500000000000002 0.16762185371973762 -0.10335290733649215 30.500000000000004 0.23511913995164904 0.15000000000000005 0.082630014951382641 0.068858614046547292 -0.91491898890127954 2.2194504586216364 2697.0000000000005 0.08835075010139877 -0.093354976173381385 -0.08478242743200147 7.8686854887674569 -0.030163348908061879 61.500000000000007 61.500000000000007 -0.059516470690675304 0.47283470688615475 8.1188061827027092
decision_type=2 1 8 1 2 1 1 2 2 2 10 2 10 2 10 2 2 2 2 2 1 2 1 2 2 2 2 2 8 1 8 1 2 10 2 2 1 2 10 2 2 2 2 2 2 2 2 10 8 8 2 8 2 2 2 2 10 2 2 10 2 2
left_child=1 12 29 15 5 -3 7 8 -6 10 -10 58 13 -1 59 16 -4 -18 45 -20 26 22 23 24 44 -26 -21 28 -28 36 31 32 -31 37 50 43 -2 -13 -9 -24 -38 42 -42 -36 -8 -7 -43 -48 -44 -49 -22 -14 53 -53 55 56 57 -55 -5 -15 -17 -32
right_child=2 4 3 11 6 18 21 38 9 -11 -12 33 51 14 -16 60 17 -19 19 20 34 -23 39 -25 25 -27 27 -29 -30 30 61 -33 -34 -35 35 -37 40 -39 -40 -41 41 46 48 -45 -46 -47 47 49 -50 -51 -52 52 -54 54 -56 -57 -58 -59 -60 -61 -62 -63
leaf_value=0.0028693247629762901 0.00083383402061503863 0.0041037824622129097 0.0015435782616929621 0.0023705837598179944 0.00050207919810835036 0.0023915521159717755 -0.00053654984762397284 0.0012941975757677225 -0.023502502862483451 -0.014008533725519213 0.0002963265936465041 -0.015147050261188851 0.0025416735204157586 -0.0035022354846499567 -0.0035953256941016528 -0.00020435890410001672 -0.019911085048808445 0.00093065025461665891 -0.017680112361425346 0.0038175801821155016 -0.00050371876853206796 0.0030413276089310583 0.00041718162446686014 -0.00061291781056697383 -0.013656880697900992 -0.005372198782130428 -0.007971430759690026 0.0034263903234049136 0.00038355917683114999 -0.0019194672289596919 -4.962496483331845e-06 -0.00013092670719807496 -0.011911802817386078 -0.007496997414312586 -0.0004890006139521289 2.3224657658721274e-05 0.00029644844043630802 -0.019590358335636028 -0.0044841076860851507 -0.013771646738066058 -0.0060135845650736465 0.00071740636212066665 0.0011252718862914165 -0.0063843150640873429 -0.0073996509574113401 -0.005259330335302223 0.0041078483891042869 0.0032035790535113215 -0.0046266807946448831 -0.0045856178436471584 -0.0079093385815425677 0.0023143207408227837 -0.0027457354399313631 -0.00046035219892286475 0.00078088899223948587 0.00053237405567303938 -0.0013250627633479247 -0.0050707270563582936 -0.0054238869679697072 0.0017634376357194672 -0.03279958610082552 -0.0018563180779762167
leaf_weight=2783 2794 1156 625 142 90 1788 86 207 55 49 110 55 1853 42 73 41 78 103 42 910 1322 621 2658 321 42 58 57 109 46 48 2101 120 54 376 47 74 1357 71 53 60 45 401 60 70 60 93 51 47 81 341 47 2772 147 67 2625 708 302 55 74 1000 47 1041
leaf_count=2783 2794 1156 625 142 90 1788 86 207 55 49 110 55 1853 42 73 41 78 103 42 910 1322 621 2658 321 42 58 57 109 46 48 2101 120 54 376 47 74 1357 71 53 60 45 401 60 70 60 93 51 47 81 341 47 2772 147 67 2625 708 302 55 74 1000 47 1041
internal_value=0.000536542 0.00103667 -0.000579574 -0.00253565 0.000303164 0.00094672 -0.000525609 -0.00335652 -0.0064918 -0.00944186 -0.00527108 -0.00460905 0.00163893 0.00257502 0.000873656 -0.00080663 -8.67408e-05 -0.00436813 0.000460355 -0.000341284 -0.000145359 -0.000107225 -0.000555386 -0.0040917 -0.008583 -0.0148515 0.00142101 -0.00253521 -0.00754808 -0.000210138 -0.00104593 -0.00578475 -0.0114159 -0.00644135 -0.00127307 -0.00544271 0.000334426 -0.0111811 0.000191571 0.000197875 -0.000578529 -0.00196689 -0.00679144 -0.00902542 -0.00421769 0.00162327 -0.000891795 -0.00273864 -0.00383803 -0.00375321 -0.00069708 0.00121278 0.000895612 0.0010023 0.000381852 -0.00122683 -0.00371765 -0.00886179 -0.000552995 0.00149569 -0.00741573 -0.000712695
internal_weight=32811 22658 10153 1612 10231 5761 4470 564 304 214 165 718 12427 3898 1115 894 806 181 4605 2724 2682 3906 3285 567 246 100 1122 212 103 8541 3364 222 102 502 1560 191 5177 126 260 2718 2383 1026 186 117 146 1881 840 439 141 388 1369 8529 6676 6529 3757 1132 424 122 216 1042 88 3142
internal_count=32811 22658 10153 1612 10231 5761 4470 564 304 214 165 718 12427 3898 1115 894 806 181 4605 2724 2682 3906 3285 567 246 100 1122 212 103 8541 3364 222 102 502 1560 191 5177 126 260 2718 2383 1026 186 117 146 1881 840 439 141 388 1369 8529 6676 6529 3757 1132 424 122 216 1042 88 3142
cat_boundaries=0 1 2 3 4 5 6 7 8 9
cat_threshold=575 2233 5120 2304 817 448 6287 1706 882
is_linear=0
shrinkage=0.05


Tree=34
num_leaves=63
num_cat=13
split_feature=2 9 8 10 38 22 39 25 44 8 18 39 22 18 12 42 19 1 0 27 11 13 25 35 39 21 1 12 26 36 39 15 5 39 22 18 18 25 21 10 25 12 15 9 11 19 31 13 4 25 21 9 7 39 7 25 30 11 9 18 31 10
split_gain=7.30368 4.3932 4.16502 3.84801 2.86617 2.46576 2.38091 2.29959 2.34156 1.97055 1.93333 1.91476 2.82951 1.7315 4.143 1.84484 1.67497 1.58768 1.58447 1.65709 1.56225 1.91779 1.53073 2.01794 1.6326 1.52081 1.50911 1.68048 1.573 1.48824 1.3943 1.37658 1.3486 1.52062 1.47961 1.57098 1.32313 1.31384 1.27473 1.25987 1.23632 1.46873 1.30991 1.28728 1.23289 1.22612 1.21791 2.39643 1.88025 1.19393 1.21303 1.15403 1.53071 1.15054 1.98117 1.47209 2.32765 1.99733 1.32879 1.13277 1.76102 1.11277
threshold=0.11778347043918204 0.091964498946047565 0.82563494565888085 0.61111051610733658 0 0.16919791381865604 1 2 1.0000000180025095e-35 0.031023541818536476 0.67991740335414186 3 -0.12279224449403481 0.84711492037031899 11.500000000000002 0.94849690539345721 -0.21935347880102321 -0.096874436654092108 0.124394700876179 31.500000000000004 59.500000000000007 0.41379324613565138 4 0.54978522568159305 5 1150.6250000000002 0.56617956982044071 82.500000000000014 28.500000000000004 1.8052166677810071 6 -1.0000000180025095e-35 7.6367119568211752 7 -0.30848763753941649 1.0114049571519066 0.17518474019666608 8 2439.3950000000004 0.15838079515130279 9 78.500000000000014 -0.70459159191308685 0.12669521635475614 83.500000000000014 0.041149591174201201 0.65000000000000024 0.46153867037958346 0.087011376989630587 10 1189.7500000000002 0.44261013852636677 8.1530367428793671 11 7.259394901486548 12 0.65000000000000024 21.500000000000004 0.76504914322537154 0.19189536251015238 37.600000000000016 -0.28108590530497629
decision_type=2 10 8 2 1 10 1 1 2 10 10 1 8 10 2 2 2 2 2 2 2 2 1 2 1 8 2 2 2 2 1 2 2 1 10 8 10 1 10 2 1 2 2 10 2 2 2 2 2 1 10 10 2 1 2 1 2 2 10 8 2 2
left_child=1 6 7 10 32 17 9 8 30 -1 -4 46 16 18 -15 -16 -13 53 19 -14 21 -20 -19 24 -24 -26 27 44 -29 37 -2 -30 49 34 -34 40 -22 -8 -21 -11 41 43 -42 -36 -7 -45 47 48 -9 50 -3 52 59 54 58 -56 -57 -58 61 60 -23 -6
right_child=2 4 3 -5 5 26 29 11 -10 39 -12 12 13 14 15 -17 -18 22 20 38 36 51 23 -25 25 -27 -28 28 31 -31 -32 -33 33 -35 35 -37 -38 -39 -40 -41 42 -43 -44 45 -46 -47 -48 -49 -50 -51 -52 -53 -54 -55 55 56 57 -59 -60 -61 -62 -63
leaf_value=-0.0014487027433672545 -0.00066628217203049318 -0.0043392513805541036 -0.0004995501945210286 -0.034819702529696947 0.0062066979678976585 5.5524307537776135e-05 0.0018119383141991881 -0.0078519916172019935 -0.0017289866649336965 0.00096502673047323411 -0.010188175209796509 -0.015511123950160181 -0.0035741633349248405 -0.014847975618360426 -0.012089754919634566 -0.00097081145303275305 0.00047627752547286156 0.00074178599194508598 -0.0093451982367243891 0.0014854372655316043 0.001686781366319766 -0.0097744665130694974 0.00054933694961253475 -0.0035599186637508651 0.0016760227423644606 -0.0021224696682693662 -0.012650255626410926 -0.0011902586432720893 -0.0046451768141483494 -0.0017596778549797774 0.0021917871323634389 -0.0050143867714525867 0.0031772631719324627 0.0014752650821500894 -0.0049111514653433332 0.0011278488401973157 -0.0049721961963709038 0.0028033001751221766 -0.0053788821349472077 -0.0023091407424702961 -0.0087531814365357421 0.0020288540826985148 0.00035066959038574513 -0.0011564107055305338 -0.0031248866028595851 -0.012786243776973717 0.00025326307476091311 -0.00016908681707876588 -0.001200778391765871 0.0033883650269447003 0.0015264256979828706 0.0019678284019914974 -0.011122774304023591 0.0020438297168690698 -0.00035080625253074447 0.00092979421043394908 -0.0084212462324521047 -0.015709310845569154 -0.0086404641143371288 0.0017665104722014099 -0.0029213798698287576 0.00014898906919177197
leaf_weight=88 439 62 116 44 397 916 1664 43 1394 574 48 46 326 41 132 172 738 3624 64 365 108 51 1576 46 210 1667 48 128 51 43 1954 72 354 2523 56 260 66 2804 96 43 47 67 314 78 147 44 1495 406 75 1631 66 51 79 3517 280 65 50 44 51 63 66 580
leaf_count=88 439 62 116 44 397 916 1664 43 1394 574 48 46 326 41 132 172 738 3624 64 365 108 51 1576 46 210 1667 48 128 51 43 1954 72 354 2523 56 260 66 2804 96 43 47 67 314 78 147 44 1495 406 75 1631 66 51 79 3517 280 65 50 44 51 63 66 580
internal_value=0.000530368 0.000973003 -0.000732397 -0.00770335 0.000619597 0.00022589 0.002258 -0.00055616 0.000351501 -0.00045391 -0.00412121 -0.00132065 -0.00225455 -0.00342058 -0.00657514 -0.00452459 0.000216561 0.000453006 -0.00260105 -0.00116117 -0.00466302 -0.00648 -2.59684e-05 -0.000770655 -0.0006326 -0.00162341 -0.00179017 -0.00146768 -0.00513889 0.00267691 0.00130117 -0.00915323 0.0015799 0.00104567 -0.000406174 -0.00152249 -0.000742857 0.00277243 0.000768398 0.000542071 -0.00291598 -0.00556641 -0.000927419 -0.00815642 -0.000596804 -0.00520325 -0.000174877 -0.00224762 -0.00848739 0.00272443 -0.0018705 -0.00482315 -0.00617308 0.00113741 -4.39782e-05 -0.00285227 -0.0065 -0.0118947 0.00115646 -0.00359116 -0.00648305 0.00156953
internal_weight=32665 24187 8478 208 18971 13469 5216 8270 3787 705 164 4483 2464 1680 345 304 784 12107 1335 787 548 374 7123 3499 3453 1877 1362 1314 251 4511 2393 123 5502 3743 1220 866 174 4468 461 617 606 245 361 178 1063 122 2019 524 118 1759 128 310 259 4984 1467 439 159 94 1028 180 117 977
internal_count=32665 24187 8478 208 18971 13469 5216 8270 3787 705 164 4483 2464 1680 345 304 784 12107 1335 787 548 374 7123 3499 3453 1877 1362 1314 251 4511 2393 123 5502 3743 1220 866 174 4468 461 617 606 245 361 178 1063 122 2019 524 118 1759 128 310 259 4984 1467 439 159 94 1028 180 117 977
cat_boundaries=0 1 2 3 4 5 6 7 8 9 10 11 12 13
cat_threshold=2 5472 2480 6197 2420 4812 276 3464 2119 2408 1024 2464 1730
is_linear=0
shrinkage=0.05


Tree=35
num_leaves=63
num_cat=10
split_feature=39 0 2 7 39 16 6 0 13 13 41 30 19 41 0 4 25 30 12 13 25 41 37 26 42 17 6 12 21 27 24 33 2 42 4 38 25 7 27 4 6 21 39 27 41 13 5 17 6 41 23 2 11 11 7 5 25 17 20 39 42 41
split_gain=5.04867 3.31037 3.24982 3.22893 3.33174 2.43722 2.09001 2.00963 2.26022 1.78428 1.69576 1.61267 1.95305 1.62503 1.52734 1.80976 1.5075 1.42166 1.65332 1.37759 2.95851 1.97706 2.37514 1.66137 1.5658 1.29329 1.27986 2.55975 1.26103 1.35106 1.30059 2.1767 1.5528 1.21124 1.49375 1.18337 1.44436 1.40364 1.23354 1.2951 1.37853 1.17099 1.81699 3.3114 1.15489 1.15258 1.14932 1.14339 2.82403 1.313 1.13511 1.1342 1.14352 1.40038 1.27668 1.13132 1.86063 2.0875 1.58744 1.29084 1.19261 1.12598
threshold=0 0.076961041136128575 1.1254143692523486 7.9667600759180521 1 0.53655290961811353 7.7432745251104222 0.16251892949777472 0.27014863648527021 0.31605902255639101 10.163978494623658 29.750000000000007 0.064133609797059704 3.8599832915622394 0.048790449883798999 0.72123633811511179 2 2.7500000000000004 75.500000000000014 0.70466601520084782 3 2648.1093750000005 5.5000000000000009 11.500000000000002 0.84764185703758299 0.3465669846015334 8.1706003947761712 41.500000000000007 3993.7500000000005 39.500000000000007 4 27.13571428571429 0.031863771125697056 0.90283241542092851 0.010410345839210413 5 6 7.8172857573495884 56.500000000000007 -0.40835151919090501 6.7372778166699705 3252.5000000000005 7 27.500000000000004 21.869967793880843 1.058824152249868 9.1590986373533756 -1.0436906801161621 8.2940907101069126 3.7869910100475943 2.0949437901148693 -0.010856564140719003 75.500000000000014 68.500000000000014 8.6729309724039414 7.0054844383512425 8 -0.65958571068230654 -0.0089537200515247151 9 0.96850198412698429 2.1721443965517246
decision_type=1 2 2 2 1 2 2 2 2 2 2 2 2 2 2 2 1 2 2 2 1 2 10 2 2 2 2 2 10 2 1 2 2 2 2 1 1 2 2 2 2 10 1 2 2 2 2 2 2 2 10 2 2 2 2 2 1 2 10 1 2 2
left_child=1 10 3 5 46 7 -6 35 -9 -7 16 12 14 -13 17 26 -1 18 -8 -12 21 -21 -23 -24 -22 33 -16 -28 -3 -30 -31 -32 -33 -19 -35 -2 37 -37 -38 -40 -41 42 43 -15 -39 -14 -5 48 -18 61 -26 52 53 54 -51 -10 57 -57 60 -58 -59 -49
right_child=2 28 -4 4 6 9 11 8 55 -11 19 13 45 41 15 -17 47 25 -20 20 24 22 23 -25 50 -27 27 -29 29 30 31 32 -34 34 -36 36 38 44 39 40 -42 -43 -44 -45 -46 -47 -48 49 -50 51 -52 -53 -54 -55 -56 56 59 58 -60 -61 -62 -63
leaf_value=0.0015391955296253316 0.0015652363565758826 0.00039804656542469555 -0.02449558536920337 0.001869828265133582 -0.017007795174313126 -0.0063601709928982108 8.8317169777017235e-05 -0.0068173636778857648 0.0010266481402345638 -0.00088345450809387989 0.0020310544918332825 -0.0052197934041705316 0.00091485400953229931 -0.01609284718152245 -0.005133755582276074 0.00076706323805833358 -0.0070470899708089734 -0.00049801433461725856 -0.004680585256272597 0.00020549279663720647 -0.0024624498997111634 -0.0044200681253537674 -0.00440075418235953 0.0027810249731215417 0.0023289200017167903 0.00044925221682691675 -0.0055718353124749867 -0.016322076694454613 0.00017678986046961175 -0.0019730520242393851 -0.0073207139008515682 -0.0068434351653270283 -0.0010485217546146064 -0.005425185951681559 -0.0045304261467338357 0.0038386531648754996 7.7649052391884439e-05 -0.020606213412226862 0.0037118946752014294 -0.008283309869880703 -0.0010011660101990343 0.0031557305554702994 0.0010747315120438858 9.49452963728165e-05 0.00040623033682944004 -0.0035835250594489377 -0.0032021119980888847 -0.00010007783207982508 0.0052026044768740225 0.0014923921969305933 -0.0011987198852767044 -0.0045901007931777177 0.005180849539970246 -0.0026005157015657511 -0.0044855379192175115 -0.0093820378774049432 -0.0046981963207063616 -0.016687487312633111 -0.00074290208446216256 0.0020238530746253865 -0.0015166908035301515 0.002018952193757285
leaf_weight=2526 3552 3107 78 669 42 42 292 62 588 1847 5324 65 245 40 82 52 51 46 60 858 217 74 53 118 3082 41 45 79 949 400 42 80 143 65 66 1157 1784 42 75 75 247 196 271 61 42 80 56 611 44 406 48 499 154 40 90 51 215 72 278 425 58 646
leaf_count=2526 3552 3107 78 669 42 42 292 62 588 1847 5324 65 245 40 82 52 51 46 60 858 217 74 53 118 3082 41 45 79 949 400 42 80 143 65 66 1157 1784 42 75 75 247 196 271 61 42 80 56 611 44 406 48 499 154 40 90 51 215 72 278 425 58 646
internal_value=0.000611931 0.00112195 -0.000142221 -8.16495e-05 -0.00167776 0.000302459 -0.00280587 0.00065509 -0.00086 -0.0013254 0.00148935 -0.00255736 -0.00366984 -0.000528391 -0.00495778 -0.00814672 0.000746843 -0.00350263 -0.00152974 0.00187417 0.00122444 -0.00101885 -0.00497967 -0.00171512 0.00196099 -0.00666667 -0.0102415 -0.01344 -3.07071e-05 -0.00116409 -0.00289039 -0.00552536 -0.00372768 -0.00851124 -0.010947 0.00103513 0.000367026 0.00172125 -0.000408303 -0.00292714 -0.00430341 0.000333919 -0.00131367 -0.00665179 -0.00447059 -0.000383435 0.00118886 -0.000115595 -0.00546875 9.39928e-05 0.00225168 -0.00109664 0.000217077 -0.000875233 -0.000140845 -0.000512441 -0.00145909 -0.00384043 -0.00271394 0.00030722 -0.00725191 0.00122019
internal_weight=32805 19562 13243 13165 2553 10612 1828 8723 1749 1889 14841 1786 1153 633 828 258 5067 570 352 9774 4450 1103 245 171 3347 218 206 124 4721 1614 665 265 223 177 131 6974 3422 1241 2181 397 322 568 372 101 84 325 725 2541 95 2446 3130 1189 690 536 496 1687 1099 459 408 640 130 1257
internal_count=32805 19562 13243 13165 2553 10612 1828 8723 1749 1889 14841 1786 1153 633 828 258 5067 570 352 9774 4450 1103 245 171 3347 218 206 124 4721 1614 665 265 223 177 131 6974 3422 1241 2181 397 322 568 372 101 84 325 725 2541 95 2446 3130 1189 690 536 496 1687 1099 459 408 640 130 1257
cat_boundaries=0 1 2 3 4 5 6 7 8 9 10
cat_threshold=4639 32 2613 1540 28 10 1328 2048 2254 256
is_linear=0
shrinkage=0.05


Tree=36
num_leaves=63
num_cat=12
split_feature=9 22 1 6 36 39 39 7 12 38 25 2 0 42 39 6 30 31 12 39 31 15 3 25 0 8 23 4 15 22 7 9 23 5 5 17 29 23 35 9 0 8 38 29 16 6 5 26 7 25 7 25 42 3 17 15 25 7 30 39 31 4
split_gain=5.81304 2.98383 2.43871 2.09091 2.77369 2.2087 2.0365 2.01954 2.0566 1.90482 1.98023 2.40901 1.80001 1.70364 1.59321 2.15225 1.91269 2.33764 3.50795 1.92317 2.56297 1.73627 1.54022 1.36417 1.56944 1.77494 1.3134 1.29943 1.57546 1.2866 1.27761 1.33219 1.24176 2.0791 1.19834 1.17442 1.63515 1.15102 1.14035 1.15678 1.12996 1.1156 1.10549 2.02844 2.21248 1.73232 2.42491 2.44995 1.62073 1.43199 1.37372 1.34857 1.71277 1.70462 1.67114 1.47969 1.34566 1.42085 1.29905 1.41741 1.50042 2.54158
threshold=0.16393674255250926 1.120838169953527 0.3816854145611917 7.4867487298136455 2.2409400756533144 0 1 8.0352517785010971 70.500000000000014 2 3 -0.12194755011196844 0.015292999918187002 0.75192307692307703 4 7.7259589055859044 22.950000000000006 217.40000000000003 39.500000000000007 5 19.900000000000006 0.30538164955118213 0.061883095966609687 6 0.32705784840673952 0.35033141402669138 0.020451979187120498 -0.76889436484822749 0.42285685082003371 0.15951880586747758 6.6549298037505364 0.19689035932288049 -1.2795128624145136 7.7298741404345774 8.0254247809639612 -0.1840987671237064 1.0000000180025095e-35 3.0324736619338934 1.4822276451492205 0.063162595168263211 0.080043476903714175 0.15612546402395511 7 1.0000000180025095e-35 -0.42028354377602944 8.2571439063210175 8.5595045776913388 39.500000000000007 7.6452953293081434 8 8.2952298520568828 9 0.92084377610693413 -0.19415601444095684 -0.20986705962223037 0.18066434672745182 10 9.8871538131124108 53.000000000000007 11 207.25000000000003 0.051293294387551043
decision_type=8 10 2 2 2 1 1 2 2 1 1 2 2 2 1 2 2 2 2 1 2 2 2 1 2 8 8 2 2 10 2 10 8 2 2 2 2 10 2 10 2 10 1 2 2 2 2 2 2 1 2 1 2 2 2 2 1 2 2 1 2 2
left_child=3 2 9 4 13 7 12 35 -9 -2 29 -12 -4 -1 15 -13 17 19 -19 20 21 34 -3 -8 -25 26 -26 28 -16 -11 31 -29 33 -32 -17 36 -5 -15 39 -7 -21 -37 56 45 -45 -44 47 50 -46 -48 -47 52 -50 -54 -55 -56 58 -58 59 60 -41 -62
right_child=1 22 6 5 -6 38 23 8 -10 10 11 14 -14 37 27 16 -18 18 -20 40 -22 -23 -24 24 25 -27 -28 30 -30 -31 32 -33 -34 -35 -36 41 -38 -39 -40 42 -42 -43 43 44 48 46 49 -49 51 -51 -52 -53 53 54 55 -57 57 -59 -60 -61 61 -63
leaf_value=-0.002536000013917196 0.001382951206829471 -0.0030300296007916743 -0.031312411800887362 -0.0084704296615908323 -0.0030703472267842647 0.0027157603161228759 0.00059590242564387967 0.0022069994019636541 -0.011274116577152144 0.0022144648123569961 0.00082801149256571567 0.0025009028165933014 -0.0056122231727529469 0.0020052995464660147 -0.00079678470576478736 -0.006739851070854494 0.0010255972047742707 -0.01360882105229088 -0.00022890357647547264 0.00047207175400644692 -0.00044337674566784685 -0.0017233441789478608 -0.023236608972487468 -0.00035408872460168471 -0.010281671362166818 -0.0049194625771050628 -0.008554289456221836 -0.0047018399046020853 -0.013360890042370351 -0.002585895854544018 -0.0086762053711162933 0.0018903224122911013 -0.00166841054623317 -0.0012039896196647487 -0.011702861733103895 0.0013998900574000086 9.5226107899647075e-05 -0.0010559994967427062 -0.0013025196377658762 -0.00017577395501913525 -0.0031362880346142799 -0.0031201671711713693 0.0024767130558799306 0.0023302101425671877 -0.0043328389070298968 0.0043843047943359133 -0.0020224847100454237 -0.0072929265080043009 4.1420313636814639e-05 0.0028311538664077341 -0.0017498108943007394 0.00016476999108094306 -0.0006528963035107424 -0.0012832700556109228 -0.007236658034667178 -0.0049091483387072058 0.0012524191479177666 -0.0041096180517753598 0.0046290445562092173 -0.00011747552293123185 -0.0061306061843167878 -0.00030777339919695296
leaf_weight=127 2522 69 47 46 51 1211 728 41 83 2089 3540 972 76 6093 95 51 602 40 50 555 157 43 103 476 48 232 79 79 40 311 71 429 2763 85 65 247 76 47 40 47 272 74 877 204 60 51 162 58 96 557 140 220 60 44 40 50 4698 57 122 185 41 40
leaf_count=127 2522 69 47 46 51 1211 728 41 83 2089 3540 972 76 6093 95 51 602 40 50 555 157 43 103 476 48 232 79 79 40 311 71 429 2763 85 65 247 76 47 40 47 272 74 877 204 60 51 162 58 96 557 140 220 60 44 40 50 4698 57 122 185 41 40
internal_value=0.000595067 -5.72197e-05 1.12001e-05 0.00127775 0.00198449 0.000813772 -0.00179016 -0.00218858 -0.00784 0.000216087 -4.09901e-05 -0.000353326 -0.00772388 0.00207961 -0.000934851 -4.08089e-05 -0.00104847 -0.00217585 -0.00989011 -0.00156031 -0.00480122 -0.00940625 -0.0065896 -0.00126112 -0.00263002 -0.00515278 -0.00988281 -0.00163448 -0.00643382 0.0012443 -0.00144837 0.00086444 -0.00185103 -0.00617834 -0.0125641 -0.000641892 -0.00479675 0.00219834 0.0010032 0.00104201 -0.000256563 0.000947205 0.000818822 -2.09124e-05 -0.00216774 0.000880282 -0.000577915 -0.00482 -0.00376532 0.000895833 -0.00205729 -0.00283757 -0.00498339 -0.00784615 -0.010963 -0.0148352 0.00124015 0.00148447 -0.00140135 -0.00313694 -0.00690647 -0.0115244
internal_weight=32634 16689 16517 15945 6318 9627 1686 567 124 14831 12309 9909 123 6267 6369 2807 1835 1233 90 1143 316 159 172 1563 835 359 127 3562 135 2400 3427 508 2919 156 116 443 122 6140 9060 9020 827 321 7809 2619 774 1845 968 249 570 719 191 510 290 194 134 90 5190 4755 435 313 128 81
internal_count=32634 16689 16517 15945 6318 9627 1686 567 124 14831 12309 9909 123 6267 6369 2807 1835 1233 90 1143 316 159 172 1563 835 359 127 3562 135 2400 3427 508 2919 156 116 443 122 6140 9060 9020 827 321 7809 2619 774 1845 968 249 570 719 191 510 290 194 134 90 5190 4755 435 313 128 81
cat_boundaries=0 1 2 3 4 5 6 7 8 9 10 11 12
cat_threshold=2432 114 2 48 5205 1024 2849 6 33 2253 128 5136
is_linear=0
shrinkage=0.05


Tree=37
num_leaves=63
num_cat=7
split_feature=0 2 39 23 1 0 13 7 38 7 2 39 7 27 33 41 24 22 3 12 41 18 12 33 39 24 14 19 4 9 3 2 12 42 19 4 36 12 30 1 0 41 12 15 13 3 17 22 5 13 1 10 18 15 21 9 10 30 17 19 33 39
split_gain=4.8748 4.13629 3.17623 2.171 2.05467 1.84801 1.75559 1.47492 1.66672 2.06954 1.78297 2.08841 2.09118 3.04914 2.00361 1.33672 1.50593 2.36854 1.82765 1.34133 1.79651 1.31652 1.64404 2.68992 1.3029 2.16934 1.69906 1.43416 1.2612 1.68142 1.25243 1.17724 1.25474 1.36969 1.53938 1.93026 1.16685 1.16617 1.16456 1.28131 1.64913 2.08441 2.30267 1.74151 1.16408 1.14806 1.11557 1.26356 1.06439 1.05607 1.0403 1.06098 1.24989 1.0461 1.03828 1.05351 1.03169 1.26923 1.14537 1.27114 1.02677 1.11693
threshold=0.095310179804324338 1.1254143692523486 0 2.5297127291328443 0.60454216454393406 -0.0082088649206863967 1.0000000180025095e-35 6.7217636430196466 1 8.2618339007559722 -0.34291792354734868 2 7.8823337570392544 20.500000000000004 28.292857142857148 21.869967793880843 3 -0.39626239132937219 0.42241676524109512 48.500000000000007 4.4064004096262162 0.92554658798690037 81.500000000000014 32.221428571428582 4 5 -0.19704577135740384 -0.13727236254620462 0.48486153785316471 0.23656147735415581 0.014061784907510423 -0.087010922444381564 17.500000000000004 0.92084377610693413 0.017991686476262755 0.2093187942197208 1.6329814928639028 62.500000000000007 76.250000000000014 0.26302845233791677 0.14030634691469726 28.918548387096777 65.500000000000014 -0.44111283774606508 1.1666670833333337 0.050471435954498663 0.29130203248716507 0.35667514393869243 7.2553981954789206 0.84615455621356406 -0.32922611711427935 -0.026796255674465638 1.4216845946342433 0.099279932104248583 4997.8150000000014 0.21616910403328379 0.10091723244457775 53.000000000000007 0.92452700127669296 0.077916148437978491 29.921428571428574 6
decision_type=2 2 1 10 2 2 2 2 1 2 2 1 2 2 2 2 1 10 2 2 2 10 2 2 1 1 2 2 2 10 2 2 2 2 2 2 2 2 2 2 2 2 2 2 2 2 2 8 2 2 2 2 10 2 8 10 2 2 2 2 2 1
left_child=1 2 3 5 7 49 -7 -4 60 10 -10 12 21 -14 -15 16 17 -13 19 -19 -21 22 -12 48 28 -26 38 -28 -2 -30 -18 54 -33 -34 35 -35 -8 -36 39 40 -27 45 43 -43 -5 -42 47 -6 -24 -1 -23 52 -52 -53 -11 -56 57 -29 59 -58 61 -9
right_child=24 -3 4 44 46 6 36 8 9 31 11 15 13 14 -16 -17 30 18 -20 20 -22 50 23 -25 25 26 27 56 29 -31 -32 32 33 34 37 -37 -38 -39 -40 -41 41 42 -44 -45 -46 -47 -48 -49 -50 -51 51 53 -54 -55 55 -57 58 -59 -60 -61 -62 -63
leaf_value=0.0028770171475975157 0.00056070952848737512 -0.030335208775164785 0.0028939002935740284 -0.004853368365902732 -0.0042718759132335665 -0.0092901454781412398 0.00096363674894028341 -0.00044231722362866844 0.0034047069616828366 0.0023257149877832662 0.00027703321277499379 0.00028980861956980552 -0.01381030907748268 -0.011122926908619241 0.0040693534216083493 0.0046486580601528427 -3.3612416436996489e-06 0.00041950389957726771 -0.01728911399127521 -0.0073274730986064504 -0.00025381644359793613 0.0046201344710445668 0.00066164848204684388 -0.012456553935925631 -0.00020071784465428672 -0.00059147238154512352 0.0034779916776967474 0.00079506939409552707 -0.00071187267194434728 -0.0065021240620286198 0.0017936907798521244 -0.010927895365545167 -8.7517189499977582e-05 -0.0064483131475526027 -0.0009857677448969703 -0.0011760913102711852 -0.003950125995479269 0.0016884581585839475 -0.0068440241185267793 -0.0022383926688396456 -0.0046599698624753272 -0.0061203768146451485 -0.0010900332272194017 -0.014360946957339998 0.0021987097499643724 0.00044307664082415496 -0.012213860441862873 0.0035804804044314584 -0.0063795970583445721 0.0016734814101359626 -0.0050404297103791851 -0.0079684527812842864 -0.0065072015800433846 0.00093942469210125468 -0.0019971689248821293 0.0031693957518755828 -0.0021714587472337647 -0.0053435388479972489 -0.0076445989624710237 0.00072354054042400606 0.0015449382865505982 0.0009002573246988904
leaf_weight=2802 1802 43 1308 59 50 42 4516 831 1089 147 1301 517 56 40 53 486 1944 132 47 85 83 49 114 41 3667 125 164 399 168 49 1401 62 265 95 49 87 40 62 43 234 80 41 40 42 45 85 52 54 153 2091 91 56 41 93 268 199 497 78 80 125 2287 1769
leaf_count=2802 1802 43 1308 59 50 42 4516 831 1089 147 1301 517 56 40 53 486 1944 132 47 85 83 49 114 41 3667 125 164 399 168 49 1401 62 265 95 49 87 40 62 43 234 80 41 40 42 45 85 52 54 153 2091 91 56 41 93 268 199 497 78 80 125 2287 1769
internal_value=0.000547616 0.000885599 0.000912466 0.00162659 0.00046774 0.00170723 0.000987171 0.000526402 0.000376233 -2.41306e-05 0.000274356 -2.72699e-05 -0.00133873 -0.00703333 -0.00143617 0.000557799 0.000271972 -0.00157714 -0.00478448 -0.00332226 -0.00627219 -0.000904639 -0.000313664 -0.00359223 -0.000551166 -0.000936788 -0.00224315 -0.00121652 0.000539409 -0.00305046 0.000752384 -0.00192713 -0.00346216 -0.00270125 -0.00505102 -0.00786885 0.00108185 -0.000401786 -0.00426917 -0.00372685 -0.00539855 -0.00747405 -0.012379 -0.0170833 -0.00552381 -0.00376506 -0.00522293 -0.00219048 -0.00173507 0.00238353 -0.00377643 -0.00494681 -0.00819549 -0.00203333 -0.000373984 -0.00152778 -0.00182627 -3.13806e-05 -0.0030441 -0.0023114 0.00111984 0.000442138
internal_weight=32814 25095 25052 9595 15457 9491 4598 15301 13993 9106 7872 6783 2088 149 93 4695 4209 864 347 300 168 1939 1609 308 7719 5700 2033 1343 2019 217 3345 1234 620 558 293 182 4556 111 690 647 413 288 123 83 104 165 156 104 267 4893 330 281 132 149 614 467 1179 477 702 622 4887 2600
internal_count=32814 25095 25052 9595 15457 9491 4598 15301 13993 9106 7872 6783 2088 149 93 4695 4209 864 347 300 168 1939 1609 308 7719 5700 2033 1343 2019 217 3345 1234 620 558 293 182 4556 111 690 647 413 288 123 83 104 165 156 104 267 4893 330 281 132 149 614 467 1179 477 702 622 4887 2600
cat_boundaries=0 1 2 3 4 5 6 7
cat_threshold=15 2 2336 2 4118 13 400
is_linear=0
shrinkage=0.05


Tree=38
num_leaves=63
num_cat=8
split_feature=1 9 10 16 9 9 0 12 4 11 22 19 6 25 18 12 25 41 5 27 25 4 38 24 22 21 14 5 1 2 41 23 17 17 18 20 22 40 25 27 4 17 12 37 31 17 6 18 31 4 10 21 20 25 31 10 16 14 1 23 41 25
split_gain=4.5319 2.64979 3.4748 2.76402 2.26562 2.0941 1.42887 1.92816 1.61714 1.80525 1.41181 1.4051 1.40501 1.50755 1.46156 1.37116 1.36473 1.47787 2.74525 1.39596 1.35785 1.52618 1.33969 1.35119 1.38373 1.33834 1.21836 1.19978 1.68658 1.19489 1.18969 1.18342 1.21604 1.67234 1.16706 1.62342 1.1605 1.10993 1.10858 1.24698 1.07418 1.07301 1.27162 1.01188 3.58666 1.00825 0.996919 1.38813 1.17125 1.12073 0.969587 0.968292 1.7445 1.67037 1.61329 0.961247 0.953604 0.94383 0.933038 1.11983 1.50771 0.920303
threshold=0.087011376989629699 0.38984335264894471 0.85614897613842278 0.5877866649021195 0.11552828281838948 0.55774150613230022 0.20633643299782858 86.500000000000014 -1.4388113718587412 50.500000000000007 -1.0000000180025095e-35 0.0039087939809804122 7.5300168728760033 0 -3.1514693917031988 27.500000000000004 1 61.619396551724144 7.6189832950791905 3.5000000000000004 2 -0.25217726909948851 3 4 0.1653699715658499 4806.2500000000009 0.68213102644299106 7.827472448175457 0.3816854145611917 0.48039698203034359 63.829930069930072 1.3364215222331419 1.0684988297636389 1.4215204746911141 1.2561779967035529 0.007528203565117293 -0.52291211785016889 3.5000000000000004 5 1.0000000180025095e-35 0.5742209539891211 0.95081753144107184 79.500000000000014 41.500000000000007 2.350000000000001 0.56157988110339441 8.2258906889533545 -0.93440054874274969 183.75000000000003 -0.062555045112323779 -0.025148566642139155 3904.1650000000004 0.1985901074876921 6 0.55000000000000016 0.51227776901457223 0.30538164955118213 0.13986940424571961 0.16194176677629815 0.12838055898188896 6.6338797814207657 7
decision_type=2 8 2 2 10 10 2 2 2 2 8 2 2 1 8 2 1 2 2 2 1 2 1 1 10 8 2 2 2 2 2 10 2 2 10 10 8 2 1 2 2 2 2 10 2 2 2 8 2 2 2 10 10 1 2 2 2 2 2 10 2 1
left_child=4 12 3 10 11 15 8 -8 9 -6 -3 37 13 34 -14 -5 17 19 -19 25 -12 -22 29 31 38 -16 45 30 -29 51 -23 32 61 -34 55 -36 -21 46 -25 -40 43 42 -26 -13 -45 -17 -1 -48 -49 -50 -43 -10 53 54 -53 -2 -44 -18 59 -38 -61 -24
right_child=1 2 -4 5 6 -7 7 -9 22 -11 20 40 14 -15 16 26 57 18 -20 36 21 27 23 24 41 -27 -28 28 -30 -31 -32 -33 33 -35 35 -37 58 -39 39 -41 -42 50 56 44 -46 -47 47 48 49 -51 -52 52 -54 -55 -56 -57 -58 -59 -60 60 -62 -63
leaf_value=0.0021003265924138571 9.629675856726399e-05 0.0027558202673379369 -0.02651219278024319 -0.0042121405528872087 -0.014313164920821318 0.0012005440009509464 -0.00084364935932565834 -0.0090117521009163478 0.0024243074558820479 0.009401985788031357 0.0018387086503463029 0.00097174501525374856 -0.01075466253017442 0.0011524513270581014 -0.0014565896466681065 -0.026742663533271156 -0.00029086394158986818 -0.0064722484108607585 0.00064603257851849867 -0.0025456334588901601 0.0024028909630646363 0.0027041649710460186 0.0019093327866275473 0.0020872146014274629 0.00043094478810373239 -0.0084220682463220457 -0.0061304190206029428 -0.006752863639045161 -0.029798389107823581 -0.0064023088187122965 -0.010379180772512498 -0.0037104385930576164 -0.015129850386191357 0.00036682530498373601 -0.0056860372946967129 0.00023267456195972185 -0.0020214828301493271 0.0024719821585108548 -0.0042966456020762725 0.00028963466395379048 -0.0015732858397468179 -0.0051781036857701957 -0.0042232715115557299 -0.0045938657576226173 0.004446344357899314 -0.012497949451780234 -0.0038350711783848024 0.0014530578577578062 -0.0040726997994842721 0.00064884016860198256 -0.0011654809466712362 -0.0058161021862592572 -0.015830531519406044 0.0024994843169792104 -4.4703639273194753e-05 -0.0091653504487984577 -0.0037371866590336328 0.0010911456807439583 -0.00085717823950212831 -0.007995480031804364 -0.00055051466545682722 -0.00065740460920624914
leaf_weight=1219 1125 281 55 77 73 68 926 41 2314 45 254 3342 44 2137 40 44 2101 51 587 72 41 100 579 3266 499 54 48 74 59 49 67 76 62 59 53 68 327 2562 47 4388 47 40 92 50 82 41 68 241 42 63 40 56 46 581 461 50 43 974 890 56 52 1404
leaf_count=1219 1125 281 55 77 73 68 926 41 2314 45 254 3342 44 2137 40 44 2101 51 587 72 41 100 579 3266 499 54 48 74 59 49 67 76 62 59 53 68 327 2562 47 4388 47 40 92 50 82 41 68 241 42 63 40 56 46 581 461 50 43 974 890 56 52 1404
internal_value=0.00052037 -0.000374077 -0.00256612 -0.00197403 0.00090661 -0.00630824 0.000552081 -0.00130682 0.000678574 -0.00512605 -0.00059293 0.00160425 -6.85324e-05 0.000717822 -0.000582968 -0.00876777 -0.000505283 -0.0014743 0.000532082 -0.00234249 -0.00197148 -0.00396307 0.000727505 0.000445503 0.000732851 -0.00821053 -0.0118284 -0.00531561 -0.00884328 0.00157334 -0.00247024 -0.000661798 -0.000441805 -0.00528688 -0.000627391 -0.00528688 -0.00194206 0.00222235 0.00092898 0.000410482 0.000867405 -0.00137063 -0.000677165 0.000969784 -0.00330827 -0.015407 0.00120257 -0.000915662 0.00037464 -0.00400943 -0.00679012 0.00168835 0.000497817 0.000900819 -0.00116477 -0.000148809 -0.00496323 0.000170123 -0.00160256 -0.00349771 -0.00788991 -0.000143649
internal_weight=32793 9890 1209 1154 22903 278 15187 967 14220 118 876 7716 8681 3433 5248 210 5204 2129 638 1491 595 341 14102 10595 8415 94 133 300 133 3507 167 2180 2104 121 1296 121 1397 4195 7701 4435 3521 714 634 3474 132 85 1633 414 346 105 80 3458 1144 1098 517 1175 135 3075 1325 435 108 1983
internal_count=32793 9890 1209 1154 22903 278 15187 967 14220 118 876 7716 8681 3433 5248 210 5204 2129 638 1491 595 341 14102 10595 8415 94 133 300 133 3507 167 2180 2104 121 1296 121 1397 4195 7701 4435 3521 714 634 3474 132 85 1633 414 346 105 80 3458 1144 1098 517 1175 135 3075 1325 435 108 1983
cat_boundaries=0 1 2 3 4 5 6 7 8
cat_threshold=2119 1225 2201 2 2 820 915 2832
is_linear=0
shrinkage=0.05


Tree=39
num_leaves=63
num_cat=10
split_feature=0 39 2 5 31 27 25 41 6 10 31 8 25 3 25 14 21 4 39 21 37 25 2 27 17 26 12 42 31 4 39 3 21 26 10 27 25 20 20 14 25 0 42 0 20 8 0 4 27 13 44 26 17 22 16 1 1 22 1 42 25 37
split_gain=5.09366 2.65906 2.53046 2.00911 2.38175 2.26906 2.25509 2.18613 3.02319 3.69202 2.0579 2.22189 1.88998 1.86744 1.80211 1.68948 1.82902 1.66744 1.65747 1.65627 1.7753 1.65563 1.89933 1.56587 1.52091 1.5612 1.51031 2.25898 1.63676 1.50682 1.49202 1.50631 1.46297 1.52758 3.17855 1.94674 1.422 1.58172 1.42085 1.41323 1.56618 1.60477 1.39771 1.618 1.89232 2.5284 2.3034 1.39359 1.39293 1.38675 1.77938 1.76405 1.36334 1.35865 1.33718 1.32782 1.33044 1.42885 1.47711 1.30738 1.33549 1.88984
threshold=0.16251892949777472 0 0.11778347043918204 7.8592387900617497 6.2500000000000009 16.500000000000004 1 2.5086232530478743 8.0834520673652381 -0.14390492720776835 182.00000000000003 0.11333264803790515 2 0.29086288308198821 3 -3.5808791985934856 1592.9150000000002 -1.4388113718587412 4 4005.0000000000005 3.5000000000000004 5 0.3418992280914433 28.500000000000004 0.016118898750107306 15.500000000000002 60.500000000000007 0.87400793650793662 21.050000000000001 -0.050645031521740595 6 0.19600203692352072 847.05500000000018 47.500000000000007 -0.13365618640710417 41.500000000000007 7 0.18736097351232806 -0.076011805910459487 0.62381997271817602 8 0.70541757802971594 0.82404540763673906 0.0089741620721666155 0.01277589127215094 0.076106573779932421 -0.070586135120471724 0.21366184009029568 5.5000000000000009 0.55950309817018307 1.0000000180025095e-35 33.500000000000007 1.4215204746911141 0.18797652139410612 1.4670622320822506 -0.034141875470397924 0.20832198342635791 -0.26225999861005594 0.075128187429554419 0.864635822262941 9 46.500000000000007
decision_type=2 1 2 2 2 2 1 2 2 2 2 10 1 2 1 2 8 2 1 8 8 1 2 2 2 2 2 2 2 2 1 2 8 2 2 2 1 10 10 2 1 2 2 2 10 10 2 2 2 2 2 2 2 10 2 2 2 10 2 2 1 8
left_child=1 2 19 4 13 6 -5 -8 48 -10 11 -11 30 32 17 16 -2 -6 -7 59 -21 22 26 -15 -25 -26 -20 -28 -29 55 -4 -32 -3 -34 35 -35 37 42 -23 40 41 -17 43 44 -22 -46 -47 54 -9 51 -51 -49 53 -41 -16 -14 57 -57 -59 -1 61 -61
right_child=15 3 12 5 14 18 7 8 9 10 -12 -13 29 23 47 39 -18 -19 21 20 36 38 -24 24 25 -27 27 28 -30 -31 31 -33 33 34 -36 -37 -38 -39 -40 52 -42 -43 -44 -45 45 46 -48 49 -50 50 -52 -53 -54 -55 -56 56 -58 58 -60 60 -62 -63
leaf_value=-0.00017352150420371344 0.0013953364079285992 0.0022175476414535073 0.0034833222902729815 -9.1888477342180104e-05 -0.01067917033298358 0.00071078215277271546 0.003196671292822847 0.0011984278808707192 -0.0012417679485263932 -0.0033335354850274855 -0.0096078885632597325 -0.011646553039626362 4.9307619392507337e-05 0.00092346542476872914 0.00087143739325645482 1.2361489540132375e-05 -0.016054980172194606 0.0031615594792464632 0.00034029198227002058 -0.0035104080043218649 0.0016186943932290554 -0.0041544119313074784 -0.017371579651649302 -0.010543537663792764 0.0019854998267551669 -0.0055216609146974153 -0.012019538019158608 -0.0054045227243762865 0.00056313048758456919 -0.00011499447116412588 0.0010529951984369851 -0.0016530580007084019 1.0878705307330121e-05 -0.0090187192224567437 0.0017756060916761429 -0.0086326544064429939 0.0015984312303337672 -0.008829065293304671 0.00071002763345730973 0.0024163526152547366 -0.0027543387240078036 -0.01084561433475684 0.00075084172147899756 -0.0064904197066891827 0.0018686917549980975 -0.00061705744544970562 -0.0089941311629226466 -0.013635218033677813 -0.0046477297411456541 0.0016977809095750588 -0.005399544842877791 -0.0013515691636307448 -0.0041796374960375504 -0.0034214933521798706 -0.0040488078407940088 -0.0022108052095873121 0.0011873886248700818 -0.0071101005798567237 -0.007396563902547843 -0.0014141363453972775 0.0028667752548078738 0.00190231861837496
leaf_weight=417 47 503 448 752 44 1993 92 121 87 57 64 68 132 179 1811 1795 70 2837 248 42 202 65 43 111 71 76 40 118 116 1425 142 67 2522 71 79 42 4265 41 545 727 1788 100 2251 70 56 40 51 49 195 194 99 51 54 280 89 118 55 53 56 374 2457 1415
leaf_count=417 47 503 448 752 44 1993 92 121 87 57 64 68 132 179 1811 1795 70 2837 248 42 202 65 43 111 71 76 40 118 116 1425 142 67 2522 71 79 42 4265 41 545 727 1788 100 2251 70 56 40 51 49 195 194 99 51 54 280 89 118 55 53 56 374 2457 1415
internal_value=0.000495827 0.000758602 0.0012359 0.000253664 0.000695436 -0.000592834 -0.00224078 -0.00428777 -0.00546374 -0.00927798 -0.0131842 -0.0093254 -0.00020825 -0.000281806 0.00138551 -0.000996503 -0.00690678 0.00221473 0.000154623 0.00154554 0.00105998 -0.00132799 -0.00325521 -0.00334475 -0.00583012 -0.00246622 -0.00246654 -0.00501818 -0.00310638 -0.00102973 0.00207335 -0.00138636 0.000135177 -0.000324125 -0.0046114 -0.00995614 0.00112226 0.000222263 0.000483092 -0.000849315 -0.00131243 -0.000301679 0.000374392 -0.00227381 -0.000871428 -0.00516892 -0.0102717 0.000332031 -0.00211356 -0.0023731 -0.000629252 -0.00742574 0.000758004 0.0011756 0.000894266 -0.00368675 -0.00561837 -0.00730263 -0.0114091 0.00227594 0.00253826 0.00146944
internal_weight=32470 27609 14177 13432 8828 4604 1436 684 592 276 189 125 2496 3654 5174 4861 117 2881 3168 11681 7018 1175 565 437 258 147 522 274 234 1839 657 209 3217 2714 192 113 6976 2711 610 4744 3683 1895 2670 419 349 147 91 2293 316 393 293 100 1061 1007 1900 414 282 227 109 4663 4246 1789
internal_count=32470 27609 14177 13432 8828 4604 1436 684 592 276 189 125 2496 3654 5174 4861 117 2881 3168 11681 7018 1175 565 437 258 147 522 274 234 1839 657 209 3217 2714 192 113 6976 2711 610 4744 3683 1895 2670 419 349 147 91 2293 316 393 293 100 1061 1007 1900 414 282 227 109 4663 4246 1789
cat_boundaries=0 1 2 3 4 5 6 7 8 9 10
cat_threshold=543 599 2208 828 6176 1075 522 3394 2866 3085
is_linear=0
shrinkage=0.05


Tree=40
num_leaves=63
num_cat=12
split_feature=10 9 9 38 39 33 39 1 41 27 35 21 13 39 3 10 24 30 29 31 30 12 30 15 31 24 20 20 19 25 27 31 25 15 39 10 10 25 20 4 11 27 13 19 23 25 31 15 23 9 13 11 11 4 9 41 27 21 16 23 42 25
split_gain=4.60583 3.89089 2.71703 2.59874 2.46051 2.16065 1.96319 2.19551 1.85793 1.91299 1.64806 1.59801 2.60941 1.53565 1.72318 1.35278 1.34547 1.33425 1.61467 3.30284 1.95349 1.31926 2.714 2.18788 1.89734 1.67038 1.49048 1.85241 1.45564 1.54979 1.41887 1.22475 1.18806 1.18692 1.18227 1.3837 1.6794 1.24349 1.63945 1.17953 1.17579 1.26675 1.33562 1.53707 1.16512 1.54735 2.1183 1.1456 1.28591 1.80993 1.10619 1.23029 1.57544 1.42496 1.29307 1.83235 1.55077 1.19581 1.09988 1.09367 1.0921 1.10384
threshold=0.14558401118624789 0.76504914322537154 0.068783870610502354 0 1 38.021428571428579 2 -0.082261815009526881 50.192012288786493 1.0000000180025095e-35 0.33358839033138693 4997.8150000000014 0.45000056250140635 3 0.39787843194406808 0.15205818344778657 4 33.650000000000013 1.0000000180025095e-35 209.65000000000001 11.050000000000002 30.500000000000004 0.15000000000000005 -0.015637989396660498 1.9500000000000004 5 -0.00043440617121251137 0.01228252252254068 0.073665558172269163 6 32.500000000000007 0.15000000000000005 7 0.28318317219213945 8 0.0049406129112941075 0.028266200946848844 9 -0.0042400980427672484 -0.19035534139704643 48.500000000000007 13.500000000000002 0.72632688503597376 -0.01860090302351421 1.3364215222331419 10 192.25000000000003 -0.14840668084544492 0.11247798342669015 0.096188284622427941 0.62857189387781698 39.500000000000007 7.5000000000000009 -0.53315677498689806 0.29670281010251653 18.580796252927403 46.500000000000007 5512.5000000000009 1.0000000180025095e-35 0.76214005204689683 0.92084377610693413 11
decision_type=2 10 8 1 1 2 1 2 2 2 2 10 2 1 2 2 1 2 2 2 2 2 2 2 2 1 10 10 2 1 2 2 1 2 1 2 2 1 10 2 2 2 2 2 8 1 2 2 8 10 2 2 2 2 10 2 2 8 2 8 2 1
left_child=2 4 34 13 8 21 17 33 9 -2 31 16 -13 -4 44 -11 47 18 60 50 -21 26 23 -23 30 -24 -6 -28 29 -27 -25 59 -17 -8 35 37 -37 38 -1 -34 41 -31 -43 -44 -15 46 -46 -9 -49 -50 51 52 -20 -54 55 56 57 -55 -22 -10 61 -5
right_child=1 -3 3 6 5 -7 7 11 10 15 -12 12 -14 14 -16 32 -18 -19 19 20 58 22 25 24 -26 28 27 -29 -30 40 -32 -33 39 -35 -36 36 -38 -39 -40 -41 -42 42 43 -45 45 -47 -48 48 49 -51 -52 -53 53 54 -56 -57 -58 -59 -60 -61 -62 -63
leaf_value=0.0062900691595290494 -0.0076494230514708361 -0.036069368423898428 0.0014648139094402485 -0.00038083083763222267 0.0019575160786027873 0.0018945326596882949 0.0013686243592065167 0.00080812625705294506 0.00043128871193315462 -0.0042134223521231749 -0.0015813982277245618 -0.0069106978237009819 -0.00037675100995397724 0.0010697551559590481 -0.0093768509741076408 -0.0019344011910842316 -0.0025603899724583826 0.0022028989795138025 0.0037645693810836392 -0.0072435789060772103 0.0002004909313372159 -0.0020159897268062438 0.00046792117656865325 -0.0099986647822049666 -0.0074381650911340734 -0.00055477497491375851 -0.0089101450919163074 -0.0013543157383917174 0.001287443518604012 -0.0043022128627728815 -0.00062359276751119779 0.0011786539516113336 -0.003804023298633709 -0.00098765894892774496 0.0022761921924504694 -0.0012808052273708727 0.00016152713554381748 0.007167418237959057 -0.0031802624260691536 0.0005484304595609103 -0.0023816580515607188 -0.0048803834765327389 -0.0051113809713713015 -0.016519482902304233 -0.00089064700191975521 0.0018267758408384142 -0.01202706682808791 0.00092055962638016892 -0.0050988939558972929 -0.0011225039258742982 0.00054647100449040076 -1.4197882239698929e-05 0.0032082653545518537 -0.013469900141690031 0.00082211510708880993 0.0012429847988485844 -0.0071717223499928266 -0.0086226721873453836 -0.0076207266052578633 -0.0043100624014407755 0.0022672759300833671 0.0016263720514479688
leaf_weight=54 63 73 3817 932 365 289 2018 819 79 80 52 59 111 2885 58 1121 1323 1998 56 45 69 173 421 52 74 164 41 229 127 54 48 1844 43 1015 1996 43 87 279 52 1972 84 82 46 41 94 200 44 560 75 841 2071 808 40 40 43 52 41 82 67 50 1870 467
leaf_count=54 63 73 3817 932 365 289 2018 819 79 80 52 59 111 2885 58 1121 1323 1998 56 45 69 173 421 52 74 164 41 229 127 54 48 1844 43 1015 1996 43 87 279 52 1972 84 82 46 41 94 200 44 560 75 841 2071 808 40 40 43 52 41 82 67 50 1870 467
internal_value=0.000522896 -0.000549687 0.00085039 0.000676961 -0.000438446 -0.00180356 0.000313286 -0.000321282 0.000154281 -0.000580792 0.00134501 -0.00112431 -0.00584795 0.00146856 0.000669806 -0.00041032 -0.000900801 0.000811666 0.000473519 -0.000286969 -0.00684066 -0.0023951 -0.00326993 -0.00708333 -0.0110286 -0.00196569 -0.000511006 -0.00332103 -0.0036289 -0.00496822 -0.00643564 0.00157801 -0.000245457 0.00068062 0.00241043 0.000237643 -0.00419847 0.0017487 -0.00273504 0.000481244 -0.00696541 -0.00908482 -0.0112059 -0.0155114 0.000826613 -0.0019469 -0.00577181 -0.000162619 -0.00099526 -0.00214831 8.19421e-05 -0.00115219 -0.00360563 -0.00505017 -0.00640927 -0.00798611 -0.0105793 -0.00764228 -0.00379562 -0.00311538 0.00126758 0.000210714
internal_weight=32778 7667 25111 22600 7594 2290 15502 6821 5304 3279 2025 3788 170 7098 3281 3216 3618 8681 6683 3414 181 2001 1366 347 174 1019 635 270 598 471 100 1973 3136 3033 2511 515 130 385 106 2015 307 223 169 87 3223 338 138 2295 1476 916 3233 1162 354 298 258 215 163 122 136 129 3269 1399
internal_count=32778 7667 25111 22600 7594 2290 15502 6821 5304 3279 2025 3788 170 7098 3281 3216 3618 8681 6683 3414 181 2001 1366 347 174 1019 635 270 598 471 100 1973 3136 3033 2511 515 130 385 106 2015 307 223 169 87 3223 338 138 2295 1476 916 3233 1162 354 298 258 215 163 122 136 129 3269 1399
cat_boundaries=0 1 2 3 4 5 6 7 8 9 10 11 12
cat_threshold=2 7811 5261 4711 28 12 2325 1177 488 577 660 3121
is_linear=0
shrinkage=0.05


Tree=41
num_leaves=63
num_cat=8
split_feature=0 2 38 20 14 36 0 20 0 27 25 33 9 7 25 9 21 22 21 2 33 12 7 11 17 2 25 24 20 22 3 15 16 20 20 11 38 27 3 25 11 30 1 16 15 11 3 31 6 0 2 24 10 22 7 30 16 36 16 15 42 0
split_gain=4.28023 2.53225 2.40443 1.9989 2.0577 1.86781 1.84863 2.83988 2.06386 1.69229 2.1087 1.8183 1.64908 1.59936 1.52577 1.49991 1.27354 1.63307 1.62213 1.48514 1.31126 2.19404 1.2705 1.23621 1.29214 1.2191 1.45118 1.45885 1.21585 2.09367 1.19049 1.24078 1.5426 1.17956 1.16496 1.13861 1.10677 1.10174 1.22578 1.09123 1.11684 1.07655 1.33672 1.23627 1.4847 2.54445 2.11488 1.07353 1.04174 1.90684 1.01805 1.00298 1.13171 0.984275 1.16431 1.11321 1.06946 1.54943 1.1318 1.41035 1.34614 1.49529
threshold=-0.014580122716801201 0.19597084107261334 0 -0.30419504921343893 1.0000000180025095e-35 1.8052166677810071 0.010672535835412946 0.15912144548310217 0.073317633917374905 39.500000000000007 1 29.992857142857151 0.091042152062763199 6.2600897239941053 2 0.099761870047946177 2951.3150000000005 0.31808203472047142 8787.5000000000018 -0.11426756723342633 28.078571428571436 51.500000000000007 7.9829472705720219 85.500000000000014 0.50490269541984933 -0.12194755011196844 3 4 -0.019547888457092984 -0.0090920686333307715 -0.12675143536894581 1.6100073237244301 0.36072374801510426 0.11417955411554981 -0.059516470690675304 42.500000000000007 5 4.5000000000000009 0.25131514256713056 6 32.500000000000007 17.650000000000002 0.43837994655876017 -1.0000000180025095e-35 -0.095258582879455642 34.500000000000007 0.019811675312931602 385.85000000000008 9.0028809565797552 0.13737415568382086 0.023810648693718853 7 0.036427496036560932 -0.1053105131576596 6.6849736424638779 29.750000000000007 0.032776392973807196 0.0017416621958448719 0.2876820724517809 1.0362634877014971 0.89528508771929838 0.055350095083164248
decision_type=2 2 1 10 2 2 2 10 2 2 1 2 10 2 1 8 10 10 10 2 2 2 2 2 2 2 1 1 10 10 2 2 2 10 10 2 1 2 2 1 2 2 2 2 2 2 2 2 2 2 2 1 2 8 2 2 2 2 2 2 2 2
left_child=2 5 -1 -3 6 9 7 15 -8 10 -2 16 39 -13 28 -5 41 18 19 20 -18 -22 -21 24 -17 35 -27 -28 29 -10 33 -32 -33 -29 -16 -14 -24 38 -36 40 -4 43 47 44 51 -46 -47 -43 -15 -50 -38 52 -11 -12 -55 56 -56 58 59 60 61 -58
right_child=1 3 12 4 -6 -7 8 -9 14 11 53 13 25 48 34 23 17 -19 -20 22 21 -23 36 -25 -26 26 27 30 -30 -31 31 32 -34 -35 37 -37 50 -39 -40 -41 -42 42 -44 -45 45 46 -48 -49 49 -51 -52 -53 -54 54 55 -57 57 -59 -60 -61 -62 -63
leaf_value=0.0021507768098984943 0.0022070161964583774 -0.028408789177741756 -0.0049585139703595248 0.0037912258911379174 0.00025383436450134901 -0.0027226947311097425 0.0016418264986716238 -0.016466941184991455 -0.0054573609853672302 -0.00060485206552183569 0.0011129964160151058 -0.017062157083757839 0.00041484900928654919 0.00089406221778032941 0.0030491096903053809 -0.0021013097337638969 -0.0013890232931539643 -0.0044933010743217578 0.0036926694134953118 -0.0025762522017573545 -0.0010772692799591529 -0.016062990820877004 0.0011479657268791941 -0.0095432129925943979 -0.0077261355730316242 0.0014330478691987455 0.0011306273473742951 -0.0020125084834366354 -0.0029205365584573212 -0.010864968662818927 -0.00015249364494897494 -0.011457269540154287 2.4872637120590035e-05 -0.0087035255590484275 -0.0047750024655415771 0.0027453455217776764 0.00090461818160073721 -0.00087883775276300941 -0.00018457093889670198 0.0028229866921914652 0.0020656558187187439 0.00093976641545058688 -0.0083795656438427103 -9.6696639695360397e-06 -0.0064146394394273519 0.0011365535287659095 -0.0050911980115097132 -0.00064528596302261022 -0.00077337628184113321 -0.007237598966544888 -0.005204140659492696 0.0011161610308637103 -0.0063951907010516233 0.0035482046688655672 0.00018461260805527433 0.0011528004554249374 -0.0067736382776709117 -0.0044133689656892785 -4.8274716632973469e-06 0.0048250532779872315 -0.0014052261725924925 -0.0063461469554572467
leaf_weight=4088 1782 59 47 53 1570 48 354 58 74 76 1921 43 1739 2647 247 399 97 75 114 187 51 53 279 48 60 1684 594 574 232 54 1607 40 48 70 53 1693 63 937 62 864 114 1295 41 690 73 95 50 41 173 40 75 190 47 220 2123 931 69 49 949 54 475 52
leaf_count=4088 1782 59 47 53 1570 48 354 58 74 76 1921 43 1739 2647 247 399 97 75 114 187 51 53 279 48 60 1684 594 574 232 54 1607 40 48 70 53 1693 63 937 62 864 114 1295 41 690 73 95 50 41 173 40 75 190 47 220 2123 931 69 49 949 54 475 52
internal_value=0.000527753 5.61019e-05 0.00122389 -0.00102089 -0.000891242 0.000358626 -0.00174582 -0.0041357 -0.00101043 0.000390186 0.000849177 -0.000219366 0.000767199 0.000711088 -0.00175 -0.0030303 -0.000971333 -0.00249246 -0.00190761 -0.00269851 -0.00641089 -0.0102857 -0.00145455 -0.00386811 -0.00305435 0.000527329 -3.24797e-06 -0.000674253 -0.00458221 -0.00860465 -0.00123617 -0.000545401 -0.00629213 -0.00306977 -0.000919847 0.0012409 8.37322e-05 -0.00165242 -0.00625 0.00265595 -0.00113372 -0.000388611 0.000569666 -0.0014689 -0.00328007 -0.00643836 -0.00256849 0.000845176 0.000856344 -0.0025 -0.00342282 -0.00106688 -0.00436567 0.000447184 7.31263e-05 -9.35571e-05 -0.000475875 -0.00143117 -0.00115937 -0.00276498 -0.00346734 -0.00815574
internal_weight=32590 19428 13162 4260 4201 15168 2631 618 2013 15120 8625 6495 9074 2903 1659 560 3592 994 919 805 201 104 604 507 459 8049 4617 2933 360 128 2339 1695 88 644 1299 3432 417 1052 115 1025 161 2598 1377 1221 531 218 145 1336 2860 213 138 313 123 6843 4922 4702 3771 1648 1599 650 596 121
internal_count=32590 19428 13162 4260 4201 15168 2631 618 2013 15120 8625 6495 9074 2903 1659 560 3592 994 919 805 201 104 604 507 459 8049 4617 2933 360 128 2339 1695 88 644 1299 3432 417 1052 115 1025 161 2598 1377 1221 531 218 145 1336 2860 213 138 313 123 6843 4922 4702 3771 1648 1599 650 596 121
cat_boundaries=0 1 2 3 4 5 6 7 8
cat_threshold=2 112 1090 305 16 6 6 18
is_linear=0
shrinkage=0.05


Tree=42
num_leaves=63
num_cat=5
split_feature=0 40 25 36 35 21 9 25 30 0 2 30 9 10 26 13 23 42 36 25 13 23 9 41 33 29 42 36 30 13 13 7 2 42 33 19 16 12 30 25 7 5 15 42 19 3 22 16 25 9 42 42 13 4 10 1 21 0 13 22 3 19
split_gain=3.63336 2.28335 2.1383 2.10288 6.12769 1.89558 1.72869 1.71599 1.95622 1.80856 1.6467 1.50473 1.35669 1.53096 1.35488 1.6676 1.44156 3.25022 1.34598 1.27592 1.25075 1.36049 1.23857 1.41087 3.02741 1.19183 1.15985 1.14173 1.137 1.12872 1.38619 1.09755 1.29692 1.11525 1.38504 1.20236 1.18391 1.06079 1.22945 2.10915 2.77484 1.61384 1.26747 1.37267 1.06474 1.02047 1.54874 2.79941 1.02037 1.35655 1.11377 1.42648 1.36599 1.19348 1.0183 1.80622 1.01822 1.11399 1.01002 0.989113 2.76631 1.92328
threshold=0.090973952114044479 2.5000000000000004 0 0.0099125227294012148 0.00041110102402858233 4005.0000000000005 1.0045027619289641 1 23.950000000000006 -0.22884157242884703 0.41985421823174246 23.950000000000006 0.17474134539464814 0.075106785789786482 32.500000000000007 0.59175192184228542 0.40546510810816461 0.94689849624060163 0.057369356491923901 2 0.45454558030886993 1.0964709577721095 0.067410426067411974 2648.1093750000005 31.707142857142859 1.0000000180025095e-35 0.61861471861471873 1.8872040090332187 116.60000000000001 0.89632579301872106 1.0678788876090179 8.6438393554663779 0.068993317915722066 0.87737200143215188 35.407142857142865 -0.10637576487071414 0.027680496635624333 1.5000000000000002 15.150000000000004 3 7.8406002449507293 7.827472448175457 -0.61838451898416957 0.90754985754985762 0.18010493939196012 -0.15662258547887384 -0.0090920686333307715 -0.21569748401640962 4 0.76504914322537154 0.98346994535519128 0.98229949874686728 0.90041574226244958 0.68634791663256378 0.2185246089095432 0.046522970175750362 931.25000000000011 0.18805223150293895 0.37047930283224406 1.0000000180025095e-35 -0.080042411815460554 0.034623121010611789
decision_type=2 2 1 2 2 8 8 1 2 2 2 2 10 2 2 2 8 2 2 1 2 10 8 2 2 2 2 2 2 2 2 2 2 2 2 2 2 2 2 1 2 2 2 2 2 2 8 2 1 10 2 2 2 2 2 2 10 2 2 10 2 2
left_child=1 6 26 5 -5 -4 7 8 9 -1 14 18 20 19 16 45 -11 -18 -6 -14 21 25 -7 54 -25 -2 -3 31 -22 -17 -31 32 -28 36 -35 -36 -34 -9 39 40 -39 -40 43 -43 -44 -16 -47 -48 -15 50 51 58 -52 56 59 -56 -54 -58 -50 -24 61 -61
right_child=12 2 3 4 11 22 -8 37 -10 10 -12 -13 13 48 15 29 17 -19 -20 -21 28 -23 23 24 -26 -27 27 -29 -30 30 -32 -33 33 34 35 -37 -38 38 41 -41 -42 42 44 -45 -46 46 47 -49 49 -51 52 -53 53 -55 55 -57 57 -59 -60 60 -62 -63
leaf_value=0.0019934328347299725 0.00028382451990170937 -0.0031622167474460693 0.0015778644068136106 -0.0042673496315171781 -0.00039695942590700666 0.0028616361879999679 -0.0072979116809444543 0.0047752271498139624 0.00043325065728446312 -0.00066072937260144903 -0.010432782424785396 -0.0027888357845510473 0.0014830356199095262 -0.0044509003399290856 -0.00073937621682263171 0.0010547730628880142 0.00036490721267713798 -0.0090869608689871043 0.0036395723861922316 -0.0015119092154628111 0.00072990362818581625 -0.0064575737491078854 0.00082107358873924861 -0.00036341020995112728 -0.0046071411167476449 -0.0032934950304496311 0.0029023705592839603 -0.0029315111068640301 -0.0041816328249387356 -0.0033462673862325199 0.0009314616031495717 0.00079289909364298596 0.00053108425835975798 0.0024178686990888264 -0.0035930444434969198 0.000646248627573392 -0.0054190028001535303 -0.0009740341852040997 0.0038564875157854916 0.00028117335929947056 -0.012199493194204027 -0.011516737576214657 0.00091784670217545216 -0.0014131137281097193 -0.0049905455348391581 0.00026925432127318174 -0.005421212946122439 -0.001648720992819348 -0.0034098605610439273 -0.025861416108546573 0.0020654656715320819 -0.0098978787775242712 0.0013085758262177645 0.0037614024311876516 -0.0054954417205899586 0.00025497870757970408 -0.0046881734396663219 -0.0037988976040197069 -0.0019461749937551302 -0.0091587996983449101 0.00058780823933640995 -0.00033452110624145303
leaf_weight=321 552 54 2022 59 82 579 85 468 1794 149 48 62 686 206 199 412 43 74 160 1041 2171 48 2157 185 50 183 2527 40 67 118 189 1355 84 429 44 223 43 103 1547 7244 52 50 960 104 61 80 48 131 283 47 384 40 62 78 66 94 43 83 1965 53 131 41
leaf_count=321 552 54 2022 59 82 579 85 468 1794 149 48 62 686 206 199 412 43 74 160 1041 2171 48 2157 185 50 183 2527 40 67 118 189 1355 84 429 44 223 43 103 1547 7244 52 50 960 104 61 80 48 131 283 47 384 40 62 78 66 94 43 83 1965 53 131 41
internal_value=0.000495879 0.000793683 0.00135186 0.00069628 -0.00298077 0.000946273 0.000381626 0.000424416 -0.000517003 -0.00167678 -0.00240952 -9.83605e-05 -0.000435138 -0.000947347 -0.0021018 -0.00137097 -0.00531835 -0.00944915 0.00168724 0.000251736 0.000398743 -0.00132015 0.000217456 -0.000221382 -0.00391949 -0.00078125 0.00212994 0.00221766 0.00100045 0.000131945 -0.00215909 0.00228963 0.00277529 0.00104976 0.00183644 -0.000988806 -0.00324219 0.000744811 0.00063772 0.000303379 -0.00527108 0.00154609 0.00014881 -0.00406452 0.000787671 -0.00372549 -0.00578846 -0.00836111 -0.00159618 -0.00134346 -0.0012113 -0.00173001 0.000614439 -0.00213483 0.000121903 -0.00372671 -0.00428571 -0.00685039 -0.00156069 0.000381872 -0.00276549 -0.00926316
internal_weight=32759 24820 10540 5741 363 5378 14280 14195 3606 1812 1491 304 7939 4918 1443 1177 266 117 242 1727 3021 783 3356 2777 235 735 4799 4745 2238 719 307 4705 3350 823 696 267 127 10589 10121 7399 155 2722 1175 154 1021 458 259 179 3191 2985 2938 2288 650 266 2542 160 188 126 2248 2382 225 94
internal_count=32759 24820 10540 5741 363 5378 14280 14195 3606 1812 1491 304 7939 4918 1443 1177 266 117 242 1727 3021 783 3356 2777 235 735 4799 4745 2238 719 307 4705 3350 823 696 267 127 10589 10121 7399 155 2722 1175 154 1021 458 259 179 3191 2985 2938 2288 650 266 2542 160 188 126 2248 2382 225 94
cat_boundaries=0 1 2 3 4 5
cat_threshold=248 1216 1592 256 1024
is_linear=0
shrinkage=0.05


Tree=43
num_leaves=63
num_cat=4
split_feature=9 10 0 39 7 39 7 42 33 39 23 10 23 7 22 10 27 31 18 31 18 21 11 23 16 19 5 6 31 30 3 44 42 36 36 8 18 0 9 10 7 31 31 3 30 22 12 27 39 30 18 3 11 22 2 31 11 8 0 5 36 30
split_gain=3.23846 2.73478 2.26262 1.97027 2.22724 1.85864 1.58278 1.68905 1.55662 1.55509 1.83405 1.52527 1.62293 1.5018 1.41091 1.50411 1.41466 1.35743 1.40411 1.32745 1.39262 1.30818 1.58761 1.27867 1.5283 1.58619 1.27414 1.27054 1.3811 2.57186 1.24828 1.24727 1.18332 1.17082 1.35811 1.15343 1.34291 1.78236 1.14765 1.12468 1.22175 1.32589 1.42367 1.4073 1.6251 1.47904 1.33332 1.28639 1.20097 1.32349 1.18661 1.13554 1.12005 2.52874 1.36392 1.11684 1.10667 1.10495 1.09833 1.09188 1.08731 1.08395
threshold=0.162923151698559 0.05777126155493973 -0.0065993663454033671 0 6.2600897239941053 1 8.2048991865678484 0.95275297619047628 38.192857142857157 2 2.5297127291328443 -0.33530582924426516 -0.1335313926245226 7.040828235864959 -0.11876614438315466 0.26121636266499643 3.5000000000000004 6.450000000000002 0.48309551890032315 1.7500000000000004 1.8402593614869931 9002.5000000000018 46.500000000000007 -0.61001208798634099 0.17435338714477813 0.089226425641126081 6.3736366817472234 7.73418618969409 231.45000000000005 11.850000000000003 0.61350217182287958 1.0000000180025095e-35 0.86023255813953503 1.8872040090332187 1.0000000180025095e-35 0.31648591350419741 0.71685043450499164 0.060671399170923575 0.16828638747530297 -0.37934836206209072 6.5876791731206135 5.9500000000000011 5.0500000000000016 0.31845373111853498 1.7500000000000002 -0.18409848283787561 2.5000000000000004 28.500000000000004 3 125.30000000000001 1.2349926318459101 -0.43387519203182062 31.500000000000004 0.265703786851404 -0.11426756723342633 2.0500000000000003 37.500000000000007 0.3976575794183822 -0.12263284091143499 7.6601936588677964 7.0063692974840213e-05 49.650000000000013
decision_type=8 2 2 1 2 1 2 2 2 1 10 2 10 2 10 2 2 2 8 2 10 8 2 10 2 2 2 2 2 2 2 2 2 2 2 10 10 2 10 2 2 2 2 2 2 10 2 2 1 2 10 2 2 8 2 2 2 10 2 2 2 2
left_child=2 5 9 17 -5 38 39 -8 14 -1 19 12 -4 -13 -6 16 -16 18 21 52 60 30 31 -18 57 56 -19 -28 -29 -30 -3 -23 -31 34 -15 36 37 58 -2 -7 -41 42 43 44 47 -46 -43 50 -48 -50 51 -42 53 -11 -54 -24 -26 -25 -9 -27 -21 -34
right_child=1 3 11 4 8 6 7 35 -10 10 -12 13 -14 33 15 -17 23 26 -20 20 -22 22 55 24 25 59 27 28 29 32 -32 -33 61 -35 -36 -37 -38 -39 -40 40 41 46 -44 -45 45 -47 48 -49 49 -51 -52 -53 54 -55 -56 -57 -58 -59 -60 -61 -62 -63
leaf_value=0.0021012587803259722 -0.0022328752961514107 -0.00039757605143434004 0.00091979346724634309 -0.028901000269980451 -0.0010829772690118531 0.0026535497431150919 0.00026554071315376459 -0.0079370302247117729 0.0023722519613420322 0.0028106017593394267 -0.0037377167459422796 0.0018728386487762861 -0.0065389446749884762 0.00010160214830178434 0.0030062854361376646 -0.0047489453375151505 0.00131100320114347 -0.010158690964235838 0.00022173293661723059 0.001580368161498028 -0.0060095045672785867 -0.0025060619071818769 -0.0037412906290904425 -0.00178013714910416 -0.0082412648296049228 -0.00099305175931922274 0.0021736450328085108 0.00050945556056354526 -0.010822916605507356 -0.014644714201994886 -0.0049593304295416467 -0.0088645368808707384 -0.006424183190569927 -0.002260045550072171 0.0019436152914482842 0.0025646351531419288 0.00022394385026201698 -0.010922623836585555 0.0018332752313753441 0.0032626926276840178 0.0020583038115617597 -0.0047177371540167851 -0.0096024544109688924 -0.007163728326843726 -0.0085931746137371309 -0.00037800974691912177 0.0020190577132321624 0.0012545173551286653 0.00017305070039436816 -0.0060029648621498736 -0.0055389482773948234 -0.0022996219646626037 0.0024378117144286011 -0.0043943267881327366 -0.00078165004846946721 0.0035794506183366433 -0.0046440273211085827 -0.0084864485518537421 -0.0005172044018930882 -0.013482720014302153 0.0031224892020171729 0.0014975687435436506
leaf_weight=3044 236 649 68 44 1237 1027 256 76 203 74 41 1301 64 7250 48 497 53 47 656 1966 46 51 116 173 41 51 1129 1420 41 68 55 67 179 42 584 57 50 45 3728 363 101 70 41 62 53 40 646 681 1421 60 72 477 305 80 457 51 44 63 88 52 427 269
leaf_count=3044 236 649 68 44 1237 1027 256 76 203 74 41 1301 64 7250 48 497 53 47 656 1966 46 51 116 173 41 51 1129 1420 41 68 55 67 179 42 584 57 50 45 3728 363 101 70 41 62 53 40 646 681 1421 60 72 477 305 80 457 51 44 63 88 52 427 269
internal_value=0.000486638 7.07774e-06 0.00100286 -0.000722792 -0.00185538 0.000559528 -2.10635e-05 -0.00251309 -0.00166058 0.00172334 0.0009774 0.000504297 -0.00481203 0.000581281 -0.00203761 -0.00341153 -0.00527567 -0.000126845 -0.00129101 0.00110995 0.00171926 -0.0024798 -0.00533217 -0.00609833 -0.00701176 -0.0103704 0.000480343 0.000605085 -0.000159252 -0.00226702 -0.00131915 -0.0097479 -0.00129594 0.000321188 0.000366305 -0.00495268 -0.00636538 -0.00811905 0.00138868 0.000258065 -0.000113747 -0.000383892 -0.00151505 -0.00125757 -0.000933333 -0.00728723 0.000402639 -0.000484234 0.00062735 -0.000164209 -0.00207373 -0.00131261 -0.000512541 -0.0043871 0.00027523 -0.00217262 -0.015407 -0.0043038 -0.00563636 -0.00610577 0.00188597 -0.000356347
internal_weight=32703 16954 15749 7304 2506 9650 5686 572 2462 6440 3396 9309 132 9177 2259 1022 525 4798 1645 3355 2439 989 285 477 424 188 3153 3106 1977 557 704 118 516 7876 7834 316 259 209 3964 5114 4087 3724 1527 1486 1424 93 2197 1331 2127 1481 650 578 916 154 762 167 85 236 164 103 2393 448
internal_count=32703 16954 15749 7304 2506 9650 5686 572 2462 6440 3396 9309 132 9177 2259 1022 525 4798 1645 3355 2439 989 285 477 424 188 3153 3106 1977 557 704 118 516 7876 7834 316 259 209 3964 5114 4087 3724 1527 1486 1424 93 2197 1331 2127 1481 650 578 916 154 762 167 85 236 164 103 2393 448
cat_boundaries=0 1 2 3 4
cat_threshold=7813 4221 2588 1026
is_linear=0
shrinkage=0.05


Tree=44
num_leaves=63
num_cat=6
split_feature=1 9 1 39 6 3 15 30 25 9 27 9 3 9 4 3 41 42 37 33 10 4 29 39 12 27 41 13 27 37 26 7 6 16 12 13 30 26 30 31 11 26 17 19 30 6 31 44 9 38 9 41 12 24 19 15 15 7 39 12 3 33
split_gain=4.03986 2.38506 2.33659 1.62858 2.10583 1.8808 1.81369 1.808 2.02931 1.89833 2.66342 1.43202 1.36038 1.60175 2.12748 1.33951 3.30372 1.43276 1.29832 1.29069 1.49135 1.26566 1.26203 1.67439 1.54507 1.82089 1.60969 1.83499 2.55817 1.5124 1.20202 1.20764 1.50429 1.19581 1.35786 1.52437 1.16505 1.14725 1.72364 3.32425 2.19536 1.23005 1.13925 1.74869 1.13621 1.09437 1.60321 1.0569 1.05549 1.0436 1.03794 1.02738 1.02555 1.17961 1.0854 1.0116 0.977724 1.02428 0.974053 1.10106 1.85112 0.944977
threshold=0.044616620446484852 0.098830079512447475 0.77139833465241259 0 7.3902012327975468 0.15154989812720168 -0.69314718055994529 7.1500000000000012 1 0.29393863447122065 28.500000000000004 0.12014120100871957 0.20381898045918814 0.41119474520870319 -0.09096935345359157 0.58778666490212006 10.623572184029614 0.66927083333333348 3.5000000000000004 28.978571428571435 0.85614897613842278 0.15415132917748633 1.0000000180025095e-35 2 11.500000000000002 9.5000000000000018 6.919005102040817 0.97142997959384847 20.500000000000004 9.5000000000000018 51.500000000000007 8.238889215766342 8.2061453065461425 0.2876820724517809 37.500000000000007 0.66666709956709969 15.450000000000003 23.500000000000004 33.650000000000013 208.75000000000003 67.500000000000014 27.500000000000004 1.0332051158551638 0.17401458759202151 2.850000000000001 7.759216248174881 251.80000000000004 0.15476190476190479 0.55774150613230022 3 0.35557118259345927 23.124509012644612 31.500000000000004 4 -0.08601438521269672 0.83034830207343047 0.11173863262238128 7.6718963802104119 5 1.5000000000000002 -0.37967880436381923 29.221428571428579
decision_type=2 10 2 1 2 2 2 2 1 10 2 10 2 10 2 2 2 2 8 2 2 2 2 1 2 2 2 2 2 8 2 2 2 2 2 2 2 2 2 2 2 2 2 2 2 2 2 2 10 1 8 2 2 1 2 2 2 2 1 2 2 2
left_child=1 18 3 4 7 -6 15 8 -2 10 -10 -12 22 42 48 17 -17 -5 -1 -4 55 30 23 24 -3 -26 -27 -28 -29 -24 31 -8 -33 34 -7 -36 -30 44 39 41 45 -39 -14 -44 49 -41 -47 -16 -15 -31 -23 -52 54 -54 -51 -21 -55 -58 -43 60 -60 -40
right_child=2 12 19 6 5 33 21 -9 9 -11 11 -13 13 14 47 16 -18 -19 -20 20 -22 50 29 -25 25 26 27 28 36 37 -32 32 -34 -35 35 -37 -38 38 61 40 -42 58 43 -45 -46 46 -48 -49 -50 52 51 -53 53 56 -56 -57 57 -59 59 -61 -62 -63
leaf_value=-0.0032745726945018054 0.00098394580875324337 0.0024043841450134447 0.0014057459703384078 -0.00618543357131869 -0.00075209029183745163 -0.020471038430917434 0.00034377034124817232 0.0025227950909577686 -0.010858602960858024 -0.0045241732571534325 -0.001471427453541825 0.0022298929765354747 0.0001967043183748179 -0.0094045746137749811 0.0021631238012407676 -0.010805334264046432 0.00016299497665918055 -0.00044389658758845391 0.0016320255745743803 -0.0058149502785804644 -0.021556678264207318 0.00074923208172564346 -0.004259074839692764 0.0012239465203398314 0.0043151699859925331 -0.0068401424177436361 0.00019053809193907373 -0.0089039515889181367 -0.0059280992909277463 0.0013262221725340727 -0.0039997047577043868 -0.010049254806364703 -0.00066809987250670395 -0.0047529706639009113 -0.00010068365200460798 -0.010392966899330253 0.00011803685766352767 -0.0074893275695530372 0.0037732971794584612 0.00017622603623085575 -0.01063393270901508 0.0026834337813034779 -0.025687253198111507 0.0018104149083191306 0.0029070078094145971 -0.010827386563468469 -0.00062319790869975696 -0.010607814714894163 -0.0045095298646410532 -0.002731519312863178 -0.0065362872988970061 0.0031719432518047203 0.00027853492544600063 -0.0026518282288389679 0.0020645980596641386 -0.019682573671009895 -0.0085310295134077129 -0.0033355747314394177 -8.9282181966563118e-05 -0.00054652844302580572 -0.005816281661252528 -0.0016694832398435134
leaf_weight=42 348 229 100 43 202 48 3656 426 75 230 45 50 1755 60 156 41 70 1526 4896 107 41 3705 42 6493 118 55 324 43 49 1438 74 70 1143 51 45 42 96 48 520 40 47 330 46 45 327 40 43 54 41 106 263 129 397 198 514 43 61 58 87 1111 50 126
leaf_count=42 348 229 100 43 202 48 3656 426 75 230 45 50 1755 60 156 41 70 1526 4896 107 41 3705 42 6493 118 55 324 43 49 1438 74 70 1143 51 45 42 96 48 520 40 47 330 46 45 327 40 43 54 41 106 263 129 397 198 514 43 61 58 87 1111 50 126
internal_value=0.000517162 0.000957134 -0.0001857 -8.0599e-05 -0.00158296 -0.00478149 0.000139782 -0.00053617 -0.00201602 -0.00437956 -0.00847953 -0.00286458 0.00064596 -0.000516682 -0.00383013 -0.00136823 -0.00665179 -0.000990446 0.00191132 -0.00460616 -0.00700521 0.000420308 0.000839043 0.00126687 -0.000735135 -0.00193149 -0.00310739 -0.00222222 -0.00613757 0.000271311 -0.000118325 -2.15604e-05 -0.00138797 -0.00839572 -0.0108456 -0.00698864 -0.00291096 0.000343739 -0.000466639 -0.00126322 -0.00789474 -0.000565458 4.33137e-05 -0.00538043 0.000982258 -0.00431452 -0.00755952 -0.000947867 -0.0097549 0.000652723 0.00107003 -0.00137405 -0.000356877 -0.00165035 0.00112721 -0.00463576 -0.00385671 -0.00754167 -0.000322989 -0.00096108 -0.00518116 0.00174652
internal_weight=32658 20085 12573 12282 1562 388 10720 1174 748 400 170 95 15147 2157 311 1680 111 1569 4938 291 191 9040 12990 7407 914 685 567 512 188 5583 4943 4869 1213 186 135 87 145 5541 2442 1796 170 1626 1846 91 3099 123 83 210 101 2772 4097 392 1334 714 620 150 317 119 1578 1248 137 646
internal_count=32658 20085 12573 12282 1562 388 10720 1174 748 400 170 95 15147 2157 311 1680 111 1569 4938 291 191 9040 12990 7407 914 685 567 512 188 5583 4943 4869 1213 186 135 87 145 5541 2442 1796 170 1626 1846 91 3099 123 83 210 101 2772 4097 392 1334 714 620 150 317 119 1578 1248 137 646
cat_boundaries=0 1 2 3 4 5 6
cat_threshold=320 2089 2064 10 21 4240
is_linear=0
shrinkage=0.05


Tree=45
num_leaves=63
num_cat=5
split_feature=1 39 0 7 39 23 11 23 30 8 26 7 39 18 41 41 13 20 20 39 26 6 26 8 2 30 31 12 31 31 13 2 18 12 18 19 2 19 18 17 13 7 39 42 11 30 10 41 14 8 36 14 21 5 18 20 6 0 14 2 20 6
split_gain=3.33701 2.85773 2.15403 2.15675 1.8338 3.32752 1.65202 1.65081 1.63034 1.60898 2.61539 1.54061 1.87239 1.70663 1.77995 1.63526 1.46633 1.36077 1.4666 1.26945 1.73851 1.68136 2.31229 1.5495 1.3195 1.23319 2.54296 1.89872 1.38527 1.18248 1.16949 1.3037 1.41885 1.13813 1.58291 1.38862 1.17662 1.13651 1.13123 1.14466 1.38037 1.12282 1.11466 1.64235 1.46136 2.45208 1.09891 1.93849 1.30535 1.09443 1.79853 1.12775 1.06073 1.30254 1.05622 1.05442 1.03749 1.01617 1.23839 1.06273 1.75887 1.01369
threshold=0.040051353749622105 0 0.23511913995164904 7.8172857573495884 1 -4.1705262468486808 16.500000000000004 1.7986628783423504 13.650000000000004 0.82563494565888085 37.500000000000007 7.0484005966910557 2 1.4216845946342433 42.093333333333341 8.8804421768707495 0.44000011199995531 0.029198589041109401 -0.055055249651155123 3 46.500000000000007 7.6169107076189952 38.500000000000007 0.16305829301163613 0.48039698203034359 35.45000000000001 208.75000000000003 28.500000000000004 231.45000000000005 32.600000000000009 0.70466601520084782 -0.27443684570176025 -0.34149186076224042 9.5000000000000018 -1.4934581390118511 -0.24033358238363201 1.0000000180025095e-35 0.01243023507478532 0.1124355782581386 -0.093863235502080741 0.71245796265909322 8.0914341105833358 4 0.94957627118644072 17.500000000000004 0.55000000000000016 -0.24719768467519684 3.6715476190476193 -0.83495756972665236 0.036374228609147609 3.1644671735503307e-07 0.76241293838848601 1726.1900000000003 7.2296554660158154 1.1469792260084521 0.3231915587508904 7.822181857209384 -0.015889363549476784 0.86172135072023248 0.57091774660673 0.14940248048670787 6.2028662358160638
decision_type=2 1 2 2 1 10 2 8 2 8 2 2 1 10 2 2 2 10 10 1 2 2 2 8 2 2 2 2 2 2 2 2 8 2 8 2 2 2 8 2 2 2 1 2 2 2 2 2 2 10 2 2 10 2 8 8 2 2 2 2 10 2
left_child=1 2 3 19 5 -5 -7 55 29 11 16 -2 13 15 -15 17 -11 18 -13 20 21 46 -23 -22 -21 26 30 -28 -29 -4 -6 -32 41 36 35 -35 -17 -8 -9 40 -40 -33 43 -41 45 56 -1 -48 -49 50 -46 -51 53 -36 -53 61 -44 -14 59 -59 -61 -3
right_child=9 7 8 4 25 6 37 38 -10 10 -12 12 57 14 -16 33 -18 -19 -20 24 23 22 -24 -25 -26 -27 27 28 -30 -31 31 32 -34 34 52 -37 -38 -39 39 42 -42 -43 44 -45 49 -47 47 48 -50 51 -52 54 -54 -55 -56 -57 -58 58 -60 60 -62 -63
leaf_value=0.0055302196359920007 0.00084375889545967517 -0.0012578215926847009 -0.00471894587125262 -0.017312841517543847 0.0003874004408230722 0.0015463772666944203 -0.0078751335573324973 0.0013707774371501886 0.0010260698916800225 -0.020478844348150917 -0.010304180525883286 -0.00051658059606301242 0.001112059486569736 -0.0029767893856528574 -0.020407036526326371 -0.0052525824342610685 0.0017910417365373365 -0.0014677992951765664 -0.0093249270071504367 0.0015453633321688752 -0.015789695630620541 -0.007345177935936204 0.0018360764173347645 -0.0044858957423923552 -0.0050592490758371647 0.0015701892636982334 -0.011989012344602229 -0.0048135321518283968 0.0012010064987582889 -0.0098785250845856293 0.0016427451269552835 -0.0054039471470499175 -0.0012522664870397993 0.0012391147903977227 0.00097960889781146024 -0.0066816391032581829 -0.0017984675966825449 -0.00013589926195080535 0.0003651058546148915 0.0016626733009722974 -0.0060941211224394935 -0.00072491787097236308 -0.0041319843991894185 -0.0013446509467694131 -0.010624026852940656 0.00014570351182712185 -0.0065156770510456348 -0.0072857215322109968 0.00083785938793346523 0.0014781455356175674 0.0017134917048242802 -0.00030914492196981529 0.0010855016551265164 -0.0015264532078529628 -0.0077812966560231681 -0.0065894755324724108 -0.0046627997003201921 -0.00017022541689466574 0.0013528288383914957 -0.00096682827538539491 -0.021309405060437166 0.0017549092099843327
leaf_weight=446 2380 90 216 55 1047 118 41 2040 165 41 60 47 1627 66 43 63 145 201 62 3992 52 56 58 118 66 511 50 45 87 59 192 70 375 46 249 89 97 51 83 605 100 59 43 72 43 154 51 72 873 553 40 114 526 452 45 40 74 5966 622 184 49 6845
leaf_count=446 2380 90 216 55 1047 118 41 2040 165 41 60 47 1627 66 43 63 145 201 62 3992 52 56 58 118 66 511 50 45 87 59 192 70 375 46 249 89 97 51 83 605 100 59 43 72 43 154 51 72 873 553 40 114 526 452 45 40 74 5966 622 184 49 6845
internal_value=0.000489782 0.000897468 0.000232207 0.000409498 -0.000756847 -0.00461956 -0.00189573 0.00143855 -0.0031746 -0.000132529 -0.00412955 -5.52073e-05 -0.000318094 -0.00171363 -0.00777273 -0.00135843 -0.00117647 -0.00466238 -0.00913636 0.000954192 -0.000184225 0.000340398 -0.00547826 -0.00497076 0.00143524 -0.000314671 -0.000895638 -0.00650273 -0.00330827 -0.00552536 -0.000306766 -0.00189383 -0.00322772 -0.000682863 -0.000212766 -0.00533088 -0.00465838 -0.00688172 0.000625158 -0.000243902 -0.00399456 -0.00773077 0.00015195 0.00172238 -0.000854224 -0.00402574 0.000803881 -0.000120361 0.000396406 0.000219849 -0.00517857 0.00085554 0.000354235 -0.000918803 -0.00284375 0.00190295 -0.00944915 4.72888e-06 -0.000263119 -0.000476613 -0.00378205 0.00194997
internal_weight=32881 19866 8925 8485 2701 265 210 10941 440 13015 246 12769 10389 1941 109 1832 186 310 109 5784 1726 1556 114 170 4058 2436 1925 182 132 275 1743 696 504 1522 1362 135 160 92 3966 1926 183 129 1743 677 1066 271 1442 996 945 795 83 712 1227 701 159 6975 117 8448 6821 6199 233 6935
internal_count=32881 19866 8925 8485 2701 265 210 10941 440 13015 246 12769 10389 1941 109 1832 186 310 109 5784 1726 1556 114 170 4058 2436 1925 182 132 275 1743 696 504 1522 1362 135 160 92 3966 1926 183 129 1743 677 1066 271 1442 996 945 795 83 712 1227 701 159 6975 117 8448 6821 6199 233 6935
cat_boundaries=0 1 2 3 4 5
cat_threshold=7552 2048 2384 256 116
is_linear=0
shrinkage=0.05


Tree=46
num_leaves=63
num_cat=2
split_feature=2 39 6 22 33 23 20 6 15 19 42 18 23 31 22 8 23 6 14 18 16 23 0 22 18 14 22 2 31 26 28 36 16 0 27 36 41 3 21 31 11 5 31 2 27 4 14 30 31 4 33 3 26 5 0 42 19 11 26 27 39 13
split_gain=3.15298 3.02792 3.68206 2.98549 2.84272 2.43601 2.27344 1.94969 1.71521 1.68568 1.60045 2.08992 1.50048 1.44411 1.52182 1.43548 1.63472 1.389 1.36351 1.7842 3.18683 1.72376 1.3392 1.30785 1.28885 1.18166 1.1219 1.11808 2.08022 1.11767 1.62368 1.15791 1.1122 1.11006 1.10734 1.74514 1.39409 1.27267 1.22182 1.81849 1.59175 1.06632 1.1565 1.07229 1.16866 1.03442 1.27907 1.01978 3.79731 1.60428 1.02876 1.37094 1.4334 1.69729 1.94996 1.86353 1.44874 1.52879 1.18612 1.00654 0.950333 0.946065
threshold=0.18074799234652475 0 7.2795441759272119 0.74210266131213654 29.63571428571429 0.22976312122453149 -0.39487805025586709 7.5891873086016082 0.34618297120499736 -0.18239341141419144 0.73827838827838843 -0.067149024988814296 0.052322238615942103 0.15000000000000005 1.2657725148148478 0.47771327728873553 0.13376928018749015 6.477328877607305 0.071983280437092581 0.86831013667906654 1.3783092883779806 -1.2183180505574003 0.045809571012691126 -0.095304021448359574 inf -0.81027619388632111 0.20142727359804988 -0.15183570498628415 81.050000000000026 11.500000000000002 1.0000000180025095e-35 2.3370899729330921 -0.51061582878094025 0.048790449883798999 18.500000000000004 0.0049098479036692082 4.8717741935483883 0.18232155679395448 2502.5000000000005 0.65000000000000024 59.500000000000007 6.3736366817472234 40.500000000000007 -0.010856564140719003 27.500000000000004 0.40546179783750219 1.0997075793580191 13.050000000000002 218.95000000000002 -1.0265389581819597 38.164285714285725 -0.082238098236972132 20.500000000000004 7.0142540965063391 -0.025205292445276136 0.9842509920634922 0.20681640249393154 11.500000000000002 17.500000000000004 1.5000000000000002 1 0.39215784313725494
decision_type=2 1 2 8 2 8 10 2 2 2 2 8 10 2 10 10 8 2 2 10 2 10 2 8 8 2 10 2 2 2 2 2 2 2 2 2 2 2 8 2 2 2 2 2 2 2 2 2 2 2 2 2 2 2 2 2 2 2 2 2 1 2
left_child=1 2 17 9 5 -5 -2 10 27 12 11 -3 -4 15 18 60 -17 -1 19 32 21 -21 23 -9 29 26 -24 -7 -29 30 -12 41 59 -6 35 37 -36 38 -32 40 -40 42 -31 -43 -45 46 -11 48 50 -49 51 -19 53 56 55 -55 57 -53 -59 -15 -8 -38
right_child=6 7 3 4 33 8 13 22 -10 45 24 -13 -14 14 -16 16 -18 47 -20 20 -22 -23 25 -25 -26 -27 -28 28 -30 31 34 -33 -34 -35 36 -37 61 -39 39 -41 -42 43 -44 44 -46 -47 -48 49 -50 -51 -52 52 -54 54 -56 -57 -58 58 -60 -61 -62 -63
leaf_value=0.0057031072191333024 -0.021536097561501516 0.0026095047165481822 -0.0010358053128283686 -0.0081337888440622935 0.0034097443600664421 -0.00025038482287703618 0.0020212211780079692 0.0015868723586450681 -0.014361353728124663 -0.00046377285141070262 -0.0023536116831894319 -0.0044356280666549815 -0.00773249860042365 -0.0071897301984649832 -0.019516620492469928 -0.022398150520965516 -0.001881878391174666 0.0010922074429181529 0.00088564270983986036 -0.0074636650713186606 -0.009350627330066889 0.00080678138654802743 -0.0033285170380565748 0.00044334457478950335 -0.0068197775073023693 0.00015334295528057551 0.00076961170009360452 -0.01098645355729708 -0.0029660952969227574 0.0010822844411970706 0.0017346992002355219 -0.0023869339891200488 0.00024673858368814039 -0.0085523881643784373 -0.0018007622725257624 -0.0025985873510176857 -0.0007097231525733667 -0.0050006750535210786 -0.0048335048288503804 0.0015204283191110415 -0.00047932512156871794 0.0033804120561946034 -0.0070220023094225816 0.0023412150088606663 0.00060833347667690928 0.001348556571405268 -0.0074813765290966672 -0.010468731453043211 -0.010596025803941877 0.003110037719762765 0.0039454696914696923 -0.0064809455434846203 0.00096987493374652088 -0.005252934043044037 -0.0012924271989892895 -0.0046494231564302036 -0.00594813980369642 0.0018801763837895285 -0.0039457564121999971 -0.0013754116360879967 -0.0021178989673101812 0.0025577175336145134
leaf_weight=354 40 89 66 41 149 120 136 4177 54 1003 43 78 45 62 56 40 53 912 1855 78 43 187 304 6323 56 3631 72 47 112 111 366 40 2229 40 44 42 109 41 57 94 55 2271 56 1146 1616 311 61 58 42 803 327 47 215 40 112 41 48 310 41 921 398 594
leaf_count=354 40 89 66 41 149 120 136 4177 54 1003 43 78 45 62 56 40 53 912 1855 78 43 187 304 6323 56 3631 72 47 112 111 366 40 2229 40 44 42 109 41 57 94 55 2271 56 1146 1616 311 61 58 42 803 327 47 215 40 112 41 48 310 41 921 398 594
internal_value=0.00056543 0.000798807 -0.000259704 -0.00192927 -0.0050266 -0.00754667 -0.000460731 0.00106529 -0.00609281 -0.000753194 0.00175713 -0.00306548 -0.00665179 -0.000381251 -0.000118741 -0.00265127 -0.00835106 0.000760967 -3.25519e-05 -0.000610622 -0.00423948 -0.00216165 0.00073649 0.00103324 0.00187704 -4.11675e-05 -0.00270557 -0.00448214 -0.00721875 0.00194062 0.000708852 0.0022801 -0.000261438 -2.63156e-05 0.00100499 -0.000495427 0.00231952 0.000187297 0.000802792 -0.00227053 -0.00654867 0.0023457 -0.00157738 0.00247616 0.00181325 -0.000272529 -0.00101408 0.000410411 -0.000175562 0.00186195 0.000126552 -0.000350877 -0.00178947 -0.00297656 -0.00688144 -0.0127439 -0.00127517 -0.000275689 0.000866477 -0.00166159 -0.00164486 0.00286222
internal_weight=32912 26814 5399 2049 563 374 6098 21415 333 1486 6908 167 111 6058 5431 627 93 3350 5375 3520 308 265 14507 10500 6741 4007 376 279 159 6685 1445 5240 3212 189 1402 655 747 613 572 206 112 5200 167 5033 2762 1375 1064 2996 2135 861 2093 1766 854 639 193 81 446 398 351 983 534 703
internal_count=32912 26814 5399 2049 563 374 6098 21415 333 1486 6908 167 111 6058 5431 627 93 3350 5375 3520 308 265 14507 10500 6741 4007 376 279 159 6685 1445 5240 3212 189 1402 655 747 613 572 206 112 5200 167 5033 2762 1375 1064 2996 2135 861 2093 1766 854 639 193 81 446 398 351 983 534 703
cat_boundaries=0 1 2
cat_threshold=2368 522
is_linear=0
shrinkage=0.05


Tree=47
num_leaves=63
num_cat=4
split_feature=0 9 20 23 9 7 23 17 18 31 33 23 3 33 21 19 15 27 3 19 20 17 41 12 25 1 30 12 10 21 25 8 30 25 20 12 19 18 41 41 27 23 22 41 31 13 31 33 41 11 15 8 11 7 18 17 8 22 23 25 6 3
split_gain=3.71457 2.32294 2.05761 2.48461 1.98264 1.50485 1.43939 1.43184 1.62785 1.40604 1.51176 1.456 1.43084 1.38613 1.41524 1.37995 1.45194 1.37935 2.17211 1.77354 2.12741 1.26626 1.2095 1.27917 1.3243 1.3061 1.21151 1.11213 2.29887 1.08479 1.42988 1.19629 1.0723 1.25442 1.36282 2.04257 1.88097 2.18167 1.94454 1.64447 1.54713 1.13263 1.08028 1.66182 2.95598 2.17288 1.31402 2.05456 1.58288 2.5043 1.17018 1.14226 1.13082 1.52612 1.16002 1.42585 1.32431 1.03666 1.03245 1.17747 1.68024 1.01747
threshold=-0.014580122716801201 0.071045009948207269 -0.39487805025586709 -0.40546510810816444 0.068783870610502354 7.2045535468847621 -1.0000000180025095e-35 1.1530055810939681 0.95857730450414891 0.35000000000000009 38.192857142857157 0.38391433489836696 -0.09531017980432431 24.257142857142863 1299.4100000000001 0.36373000725519355 0.46592353414444193 21.500000000000004 0.39787843194406808 -0.094027741932042511 0.005302302361077719 0.10989888734779331 4427.8818070818079 1.5000000000000002 0 0.39556379446007478 0.8500000000000002 12.500000000000002 -0.19516397892504053 1250.5000000000002 1 0.089296856480179945 59.650000000000006 2 0.064069948613328251 8.5000000000000018 0.04464863776591467 0.24330876708881452 6.3533452807646364 3.7869910100475943 7.5000000000000009 -1.3856658255248648 0.1653699715658499 288.32536057692317 32.600000000000009 0.60000015789482009 190.05000000000004 27.221428571428579 10.623572184029614 12.500000000000002 0.75873564462584275 0.1668651856748708 58.500000000000007 7.5514529295572146 0.063920331717957149 0.75270867566807265 0.10983557642552756 0.010380457158981631 0.22314355131420979 3 7.4089672635647448 0.49156974514231605
decision_type=2 8 10 10 10 2 8 2 10 2 2 10 2 2 8 2 2 2 2 2 10 2 2 2 1 2 2 2 2 10 1 10 2 1 10 2 2 10 2 2 2 8 8 2 2 2 2 2 2 2 2 10 2 2 8 2 8 8 10 1 2 2
left_child=4 58 3 -3 -1 9 -6 22 -9 10 12 -11 -4 -7 27 16 -10 19 -19 -14 21 -21 23 -8 25 -25 -24 28 -15 30 31 -13 33 34 42 -36 38 -38 39 -37 -40 -34 52 45 -45 46 48 -48 49 -44 -47 -50 -16 -54 56 -56 -55 -18 -2 -60 -61 -29
right_child=1 2 5 -5 6 13 7 8 15 11 -12 29 17 14 32 -17 57 18 -20 20 -22 -23 26 24 -26 -27 -28 61 -30 -31 -32 -33 41 -35 35 36 37 -39 40 -41 -42 -43 43 44 -46 50 47 -49 51 -51 -52 -53 53 54 55 -57 -58 -59 59 60 -62 -63
leaf_value=0.0026090071946685855 0.0013620674213179744 -0.034969847732808937 0.00054612823055695016 0.00073360373853517268 0.0016004001155310952 -0.0072548525048409451 0.0031604959729877261 0.00024714620445609833 -0.012950707607731139 0.0012641422124826953 0.0014860912045822573 -0.0042902516163026427 0.0015466816043778805 0.00052530290777673524 0.00069800379518591472 0.003846639754751355 -0.0097630358212753357 0.0012973758350087387 -0.0089333466656092344 -0.0056241554620710685 -0.0017770575421768833 -0.003773929538544123 -0.0027327592255656378 -0.00014979358994017606 0.00094912792455045965 -0.0094236128461793901 0.00087078039079027951 -0.0010078463946388613 -0.0089682394245282921 0.00081573975164569784 -0.0055736973405924196 0.0030862693363214277 -0.0041577961792838075 -1.6233251536892276e-05 0.0057172260093073766 -0.0030473943390433114 -0.016076319588540316 -0.0031026701835367891 -0.014675484859356014 -0.010238229225816116 0.0026075069752679817 0.00095718349302013341 -0.0081007692668046 4.4049673292802477e-05 -0.0075676854187715168 0.00074334554970237115 -0.0018605191295899583 -0.0067253762899061841 0.0025749350326647216 -0.00078422550915000205 -0.007277915004969414 -0.0054924749383094161 0.0026534898434912371 -0.0037934903977037133 0.00038768925188379142 -0.0078481353742011119 -0.0074445560002638442 -0.00019284347832656683 0.0013898046329043519 0.00083391158380363792 -0.0043718462260564778 -0.016632140652894267
leaf_weight=762 1922 41 165 44 4116 46 533 203 40 3051 184 43 43 52 1011 41 44 167 65 43 92 52 94 1874 5322 42 71 488 53 142 165 114 60 7228 96 80 51 142 48 41 175 1633 57 76 78 557 70 46 133 112 74 47 114 41 155 43 124 68 101 43 74 42
leaf_count=762 1922 41 165 44 4116 46 533 203 40 3051 184 43 43 52 1011 41 44 167 65 43 92 52 94 1874 5322 42 71 488 53 142 165 114 60 7228 96 80 51 142 48 41 175 1633 57 76 78 557 70 46 133 112 74 47 114 41 155 43 124 68 101 43 74 42
internal_value=0.000495494 5.73625e-05 -0.000134023 -0.00784884 0.00114299 -9.56646e-05 0.000991244 0.000613225 -0.00231738 0.00071181 -0.00116379 0.00114477 -0.0023328 -0.00036496 -0.000333771 -0.00559278 -0.00777778 -0.0037581 -0.00103004 -0.00649351 -0.00859043 -0.0138021 0.000759733 0.000849846 0.000675508 -0.000451479 -0.00346386 -0.00263365 -0.00731132 -0.00146237 -0.00306502 0.000505953 -0.000214756 -0.000401415 -0.00119604 -0.00328864 -0.00448885 -0.00842783 -0.00226087 -0.00733607 0.000513393 0.000953365 -0.000715589 -0.00179856 -0.00664516 -0.00111212 -0.00370172 -0.0082906 -0.00215714 -0.00561765 0.000799051 0.00110497 0.000194762 -0.00180962 -0.00339286 -0.00080402 -0.0064759 -0.00477876 0.0016114 -0.00164384 -0.00480469 -0.00169492
internal_weight=32734 19524 17384 85 13210 17299 12448 8332 396 4326 811 3515 627 12973 12927 193 152 462 232 230 187 95 7936 7771 7238 1916 165 635 105 464 322 157 12292 10599 3371 633 537 193 344 121 223 1693 2738 1250 154 1096 465 116 349 169 631 180 1488 477 363 198 165 112 2140 218 117 530
internal_count=32734 19524 17384 85 13210 17299 12448 8332 396 4326 811 3515 627 12973 12927 193 152 462 232 230 187 95 7936 7771 7238 1916 165 635 105 464 322 157 12292 10599 3371 633 537 193 344 121 223 1693 2738 1250 154 1096 465 116 349 169 631 180 1488 477 363 198 165 112 2140 218 117 530
cat_boundaries=0 1 2 3 4
cat_threshold=194 2094 1412 913
is_linear=0
shrinkage=0.05


Tree=48
num_leaves=63
num_cat=13
split_feature=2 39 27 26 10 26 41 25 25 39 25 39 13 18 27 39 13 22 7 39 11 11 7 1 11 15 39 25 10 8 5 9 26 17 25 36 22 3 1 39 3 16 18 19 13 41 2 23 1 38 21 27 42 13 23 16 9 16 21 16 1 3
split_gain=2.50121 2.22573 2.20516 2.05145 2.28696 2.05313 1.99408 2.01171 1.95463 1.80524 1.65881 1.89604 2.80741 1.45846 1.51792 2.65717 2.61875 1.55953 1.39667 5.15153 2.86262 1.76328 2.5789 1.83404 1.44816 1.37509 1.37345 1.38059 1.36387 1.36037 1.35488 1.30007 1.2972 1.26153 1.45564 4.30404 1.23836 1.21964 1.85076 1.17473 1.39126 1.90959 1.34404 1.2557 1.18554 1.17363 1.33221 1.17027 1.16779 1.13839 1.82884 1.13444 1.10703 1.63471 1.03215 1.11429 1.01972 1.18867 1.16544 1.20622 1.01561 1.18719
threshold=0.098440105140860559 0 38.500000000000007 20.500000000000004 0.85614897613842278 24.500000000000004 9.5264460253634429 1 2 3 4 5 0.41379324613565138 -0.68766112306308258 46.500000000000007 6 0.45000056250140635 0.65429583457440998 7.8823337570392544 7 17.500000000000004 59.500000000000007 8.0510512818982338 -0.13353139262452227 74.500000000000014 -1.2666482722128103 8 9 0.12701112794457939 0.083367634294561968 7.2723673074987181 0.12400854655361314 51.500000000000007 0.50490269541984933 10 1.8564225933908219e-07 0.12292020694600569 -0.12062651051473815 -0.10205930502754466 11 0.55267940380379044 0.052609028402593079 2.1217309818125187 -0.1298760558986565 0.20052910052910056 450.35265686828723 -0.16195960277843022 -0.021938796013206249 -0.053179942543170704 12 4086.1800000000007 59.500000000000007 0.91403940886699508 0.31605902255639101 -0.75317120170356311 -0.22314355131420965 0.46938884865820862 0.91629073187415555 2101.2500000000005 -0.061475702875641185 -0.13930979412100972 -0.080042411815460554
decision_type=2 1 2 2 2 2 2 1 1 1 1 1 2 10 2 1 2 10 2 1 2 2 2 2 2 2 1 1 2 10 2 8 2 2 1 2 8 2 2 1 2 2 8 2 2 2 2 10 2 1 10 2 2 2 8 2 10 2 10 2 2 2
left_child=1 6 8 4 39 -5 31 -8 -3 45 11 12 -4 -12 15 16 -15 -16 -11 20 -20 -21 23 -23 -25 48 32 30 -14 -18 -28 -1 -27 -9 35 -35 -13 38 -24 42 52 -42 43 -2 -45 -10 -47 51 -7 50 -17 -32 56 -54 55 -29 57 58 59 -41 61 -56
right_child=3 2 10 5 -6 25 7 33 9 18 13 36 28 14 17 49 29 -19 19 21 -22 22 37 24 -26 26 27 54 -30 -31 47 -33 -34 34 -36 -37 -38 -39 -40 40 41 -43 -44 44 -46 46 -48 -49 -50 -51 -52 -53 53 -55 60 -57 -58 -59 -60 -61 -62 -63
leaf_value=-0.0042064027023282014 0.0022368538493047815 0.002031645041254851 -0.0079984299436414476 0.0024506651069453969 -0.016464475460159646 0.002799830621915383 0.0019930734806165411 0.00091377780817439389 0.0020252611355714239 0.00069111487264757957 0.00049257183079557093 0.0026885905484678816 0.00091092339246871552 -0.012846535123852072 -0.00020063115672262419 5.461791666521507e-05 -0.0093450279239912157 -0.0091079862367097267 -0.0023667067996557371 0.00036650651998234294 -0.014235838174711815 -0.00090463553516813516 0.0018031559252729302 -0.010798096157361286 -0.0035266314853944179 0.0010375737819802737 0.00067034166724760805 -0.0092159512160233017 -0.017306271186533138 -0.0039668578625790003 -0.0089032271379774573 -0.00010727175975879461 -0.0032441085018554035 0.00037631049077018435 0.00035762414532916333 -0.0071073368113774675 0.00024102800721482109 0.0018820027931174021 -0.0065282886063608245 -0.001885771443482292 -0.0036994042216322688 -0.011397345925868958 -0.0063252212184237702 -0.0064544995029076476 -0.00014836969603761847 0.0029576852253656422 -0.0073619039625321169 -0.00050607358003283904 -0.0058999752449119579 0.0021140214456332215 -0.0068812060359426386 -0.0035608250198792659 -0.0029464048354449742 -1.8848283108135679e-05 -0.010331024473263584 -0.00014778031599419102 0.0042936616023382269 -0.0050778195222375162 -0.0060871520522933062 0.0027072940912871669 0.00029226066510693727 -0.00046039198475379288
leaf_weight=77 300 4066 49 1080 42 54 2559 2458 2172 1411 1136 1222 404 55 2911 113 54 69 50 1237 64 43 73 41 42 2359 72 68 42 374 48 215 92 132 528 52 891 189 79 87 64 43 48 49 1637 77 70 69 350 227 40 59 58 797 44 92 49 42 125 94 1649 88
leaf_count=77 300 4066 49 1080 42 54 2559 2458 2172 1411 1136 1222 404 55 2911 113 54 69 50 1237 64 43 73 41 42 2359 72 68 42 374 48 215 92 132 528 52 891 189 79 87 64 43 48 49 1637 77 70 69 350 227 40 59 58 797 44 92 49 42 125 94 1649 88
internal_value=0.000559911 0.000840116 0.000549326 -0.000120816 -0.00109866 0.000427755 0.00166694 0.00187522 0.00105252 0.000438928 -8.76382e-05 0.000931653 -0.00182806 -0.000622244 -0.00108871 -0.00293403 -0.00533401 -0.000553505 -0.000325617 -0.00124244 -0.01104 -0.000513119 -0.00313034 -0.0092126 -0.0135119 3.96451e-06 0.000247792 -0.000661363 -0.000604027 -0.00410256 -0.00409266 -0.00235495 0.00105808 0.00102169 -0.000827489 -0.00451282 0.00158428 -0.000862573 -0.00418301 -0.000953152 -0.00208394 -0.0075463 -0.000185819 1.50983e-05 -0.000515708 0.0015 -0.00280405 -0.00661017 -0.00279012 0.000255755 -0.00295732 -0.00986111 -0.00162809 -0.000613318 -0.000202356 -0.00403727 -0.00380653 -0.00475645 -0.00364821 -0.00107143 0.000143098 -0.00406015
internal_weight=32781 23222 17201 9559 3435 6124 6021 5729 9614 5548 7587 2608 495 4979 3843 863 483 2980 3229 1818 114 1704 467 126 83 5044 4640 2189 446 428 248 292 2451 3170 712 184 2113 341 152 3393 1359 107 2034 1986 1686 2319 147 176 404 380 153 107 1252 855 1941 160 397 348 306 181 1781 132
internal_count=32781 23222 17201 9559 3435 6124 6021 5729 9614 5548 7587 2608 495 4979 3843 863 483 2980 3229 1818 114 1704 467 126 83 5044 4640 2189 446 428 248 292 2451 3170 712 184 2113 341 152 3393 1359 107 2034 1986 1686 2319 147 176 404 380 153 107 1252 855 1941 160 397 348 306 181 1781 132
cat_boundaries=0 1 2 3 4 5 6 7 8 9 10 11 12 13
cat_threshold=22 248 2644 904 796 136 3329 2048 7224 1024 5 2869 9
is_linear=0
shrinkage=0.05


Tree=49
num_leaves=63
num_cat=8
split_feature=9 0 15 41 38 25 41 13 38 5 2 24 22 11 18 9 15 0 44 1 22 22 18 41 18 41 25 20 20 23 25 41 41 11 42 41 13 25 17 15 21 20 29 9 20 12 13 9 7 20 33 11 2 20 41 2 25 20 1 20 42 4
split_gain=3.30328 3.20686 1.47783 1.52121 1.33127 1.30249 1.33827 2.4488 1.25993 1.80295 2.20941 1.37506 1.22134 1.75635 1.38376 2.94413 1.29824 1.27371 1.4205 1.21267 1.33735 1.20103 1.2656 1.18385 1.17268 1.15512 1.65506 1.22481 1.20845 1.08789 1.08456 1.18277 1.43967 2.0984 1.07027 1.86226 1.41049 1.40137 1.24552 2.02401 1.05802 1.04288 1.29704 1.06543 1.03854 1.03785 1.03495 1.04338 1.00737 1.18951 2.43361 1.43215 1.12842 1.00477 0.985007 0.979816 1.06066 1.29856 0.896957 0.870948 1.35311 0.867155
threshold=0.068783870610502354 -0.037739558752669204 -4.3704882690088924 1691.834966013595 0 1 145.3630849753695 0.52000019199984659 2 8.1165360390935142 0.63758562421369069 3 0.14912299857359165 72.500000000000014 0.98490625904713991 0.18563786816474306 0.20330160380252774 0.20067069546215158 1.0000000180025095e-35 -0.32922611711427935 0.14912299857359165 0.13488893862333326 1.9202195113080929 532.27651127049194 -0.58146993991618057 2648.1093750000005 4 0.018924061867876662 0.0070666080562934381 1.4800561065603051 5 1.8071451355661885 7.2220202020202029 42.500000000000007 0.88185443668993024 46.782331511839715 0.99999812500234386 6 0.95081753144107184 1.0008729022455694 950.83500000000015 0.0066183797972351648 1.0000000180025095e-35 0.20086477725206883 -0.0047185291602032395 14.500000000000002 0.28571559767031601 0.082630014951382641 7.4313057010427697 0.025481216168285314 30.092857142857149 44.500000000000007 -0.10536051565782632 -0.066068405853514839 409.38281250000006 -0.11778303565638336 7 -0.026368860730751561 0.084585962520523431 -0.03852258739403186 0.96850198412698429 -0.34989660830653063
decision_type=8 2 2 2 1 1 2 2 1 2 2 1 8 2 10 10 2 2 2 2 10 8 10 2 10 2 1 10 10 8 1 2 2 2 2 2 2 1 2 2 10 10 2 10 10 2 2 8 2 10 2 2 2 10 2 2 1 10 2 10 2 2
left_child=5 4 3 23 54 6 -1 -8 9 10 -4 12 -10 14 16 44 24 53 -19 20 -6 22 -21 -3 -14 -13 27 45 -28 -30 31 -11 33 -33 35 61 -37 48 -39 -40 -17 55 -43 -44 -16 -27 -34 -48 -36 52 51 -51 -50 -15 -2 -26 57 -57 -31 60 -49 -23
right_child=1 2 8 -5 19 -7 7 -9 11 30 -12 25 13 17 15 40 -18 18 -20 21 -22 34 -24 -25 41 26 28 -29 29 58 -32 32 46 -35 37 36 -38 38 39 -41 -42 42 43 -45 -46 -47 47 59 49 50 -52 -53 -54 -55 -56 56 -58 -59 -60 -61 -62 -63
leaf_value=0.0013593021613279425 0.001474669856383341 -0.011461902249213458 0.00079432046720509736 -0.0078370890915620915 0.0033575944455572215 0.0017236916877964134 -0.006360316828978513 0.00044939545777731107 0.00091349173612658297 0.0036380993063671249 -0.013568943265732492 -0.00044740409384680141 0.00016469819238611579 -0.00083652707010584571 -0.01153447202987609 0.0018499758709849289 0.0011398031927827561 -0.004665659108332036 0.0028841915779178992 0.001103876597119167 -0.0030684489158163864 0.004614637084811548 -0.0026489830904714339 0.0029784184175532637 -0.0041999680097343714 -0.0040706628812618058 0.0020463227596140029 -0.0003358150550082086 0.0014852833041343273 -0.0047639994661223999 0.00027012943191543541 -0.013715543941853318 -0.0023546728924320618 0.00062793706170217328 0.00022909523064580038 -0.0098050563847508574 -0.0045877562638650003 0.0010854574111040167 -0.005641247899041405 0.002038259698869773 -0.0083177079980033784 -0.0015425732760500762 -0.0082514412718883764 -0.0044039979044245749 -0.0063508292900387748 -0.0018376483632979762 -0.0031187193490089262 0.00036804509832096444 0.0024061708968957426 -0.0039101370777174524 -0.0041543117524304946 0.0058882546891848679 -0.0020714098759188715 0.0026858453891522045 0.0025347326810546463 -0.0041807196031564617 0.00098004015313506165 0.0020337131941893026 -0.0042326725078322301 5.6592176961482722e-05 -0.0033097929785906848 -0.0010481806792542159
leaf_weight=231 2634 70 3347 45 1320 2403 43 41 2789 136 55 6978 523 105 51 104 562 94 54 3556 73 72 77 42 100 43 174 43 41 54 1378 61 47 45 330 60 76 1222 48 40 48 192 52 103 46 57 60 43 128 113 55 45 155 478 637 67 230 44 49 659 51 324
leaf_count=231 2634 70 3347 45 1320 2403 43 41 2789 136 55 6978 523 105 51 104 562 94 54 3556 73 72 77 42 100 43 174 43 41 54 1378 61 47 45 330 60 76 1222 48 40 48 192 52 103 46 57 60 43 128 113 55 45 155 478 637 67 230 44 49 659 51 324
internal_value=0.000515639 0.000364788 -2.61491e-05 -0.00484177 0.00104642 0.00218463 -0.000843558 -0.00623529 1.3974e-05 0.000621076 0.00136938 -0.000259318 0.000329029 -0.000397687 -0.00112577 -0.00462 -0.000659018 0.00171448 -0.00241611 0.000683972 0.00201937 0.000389559 0.000981013 -0.00168142 -0.00152058 -0.000705369 -0.00312771 -0.00737013 -0.000942249 -0.00434483 -0.000403063 -0.00156334 -0.00219235 -0.00766355 -0.000415886 -0.00242026 -0.00744526 8.42304e-05 0.00109765 -0.00460674 -0.000261438 -0.00273764 -0.00478448 -0.00817308 -0.0113776 -0.0108911 -0.00150987 -0.00108722 -0.00151732 -0.00295775 -0.00577103 -0.00257862 -0.000827465 0.00276541 0.00189062 -0.00111991 0.000160819 -0.00364754 -0.00706731 -0.000576923 -0.00505263 -0.000680101
internal_weight=32803 30085 19120 157 10965 2718 315 84 18963 5882 3402 13081 5642 2853 2122 249 1873 731 148 7694 1393 6301 3633 112 1311 7439 461 143 318 144 2480 1102 966 106 2668 532 136 2136 1310 88 152 788 347 155 97 100 860 813 826 496 213 158 283 583 3271 441 341 111 103 753 94 396
internal_count=32803 30085 19120 157 10965 2718 315 84 18963 5882 3402 13081 5642 2853 2122 249 1873 731 148 7694 1393 6301 3633 112 1311 7439 461 143 318 144 2480 1102 966 106 2668 532 136 2136 1310 88 152 788 347 155 97 100 860 813 826 496 213 158 283 583 3271 441 341 111 103 753 94 396
cat_boundaries=0 1 2 3 4 5 6 7 8
cat_threshold=2 2049 2 20 13 936 1222 537
is_linear=0
shrinkage=0.05


Tree=50
num_leaves=63
num_cat=4
split_feature=9 38 1 39 11 6 18 22 4 30 42 3 9 26 33 22 42 9 4 39 30 33 27 6 8 39 16 9 27 19 33 11 44 2 1 2 21 2 12 33 27 3 18 17 27 27 22 21 14 16 19 9 4 6 12 11 21 4 17 27 1 10
split_gain=2.81039 2.81487 2.09941 2.2943 2.13439 2.12416 2.58199 1.98415 2.2576 1.77545 2.22544 1.71125 2.10358 1.60453 2.59639 1.50949 1.32785 1.32509 1.31419 1.24297 3.33184 2.70613 1.99112 2.18285 1.23288 1.30576 1.20786 1.19702 1.46061 1.67637 2.36469 2.44643 1.42852 1.42714 1.86785 1.46764 1.36592 1.24369 1.18581 1.16556 1.15726 1.2402 1.14903 1.14412 1.25658 1.23374 1.14288 1.55838 1.14032 1.11985 1.10832 1.38749 1.68173 1.07258 1.05949 1.00007 1.34152 0.983744 1.68629 1.71009 0.973637 0.966414
threshold=0.067410426067411974 0 -0.32922611711427935 1 74.500000000000014 8.4078268070567326 -0.87094963922214264 0.13488893862333326 -0.97146327829421242 13.250000000000002 0.89699381078691431 0.73396917508020076 0.23858011993836648 27.500000000000004 29.150000000000002 -0.14310054144292014 0.83469945355191266 0.094441552003811338 0.60005614773746363 2 57.250000000000014 28.492857142857151 59.500000000000007 8.120258119755432 0.034480654868740017 3 0.074107972153721738 0.31113012134010715 22.500000000000004 0.064133609797059704 32.078571428571436 20.500000000000004 0.15476190476190479 0.18232192043045095 0.14040487055468723 -0.060624621816435013 593.2750000000002 -0.12987870123911535 36.500000000000007 38.492857142857154 35.500000000000007 -0.405465108108165 -1.8968112771360894 -0.90367710365511089 19.500000000000004 11.500000000000002 0.28038210854358653 4806.2500000000009 -0.10919929196499194 0.36072374801510426 0.16910099781680005 0.3366204733699229 0.014331294759023729 7.5300168728760033 46.500000000000007 28.500000000000004 1423.5100000000002 0.069734889695377347 -0.01627375871561609 18.500000000000004 -0.12186379432339443 0.053955811208172839
decision_type=8 1 2 1 2 2 8 8 2 2 2 2 10 2 2 10 2 8 2 1 2 2 2 2 10 1 2 10 2 2 2 2 2 2 2 2 10 2 2 2 2 2 8 2 2 2 8 10 2 2 2 10 2 2 2 2 8 2 2 2 2 2
left_child=-1 11 -3 5 7 9 -7 17 -9 27 57 24 -13 -8 -15 -6 -17 -5 19 20 22 -22 43 -24 25 38 -26 28 33 30 31 -30 49 35 -35 37 -36 48 -2 -32 -33 -42 -12 -19 45 -45 -28 60 -4 -29 51 -51 -53 -21 -54 56 -44 -11 -59 -60 -48 -47
right_child=1 2 3 4 15 6 13 8 -10 10 42 12 -14 14 -16 16 -18 18 -20 53 21 -23 23 -25 26 -27 46 32 29 -31 39 40 -34 34 36 -37 -38 -39 -40 -41 41 -43 55 44 -46 61 47 -49 -50 50 -52 52 54 -55 -56 -57 -58 58 59 -61 -62 -63
leaf_value=0.0014731667917572641 -0.0055548662116829614 0.0022507733694176555 -0.0073567654936525784 0.001821487542640251 0.001660443463624185 -0.0077356829573218796 -2.8101465396891537e-05 -0.013834537051798457 -0.00064365653324715156 0.00014082994652088264 -0.0061573107971834096 0.0024512218994634711 -0.015522201916161917 -0.0036133370761454869 -0.028370321733258781 -0.0070596729807511863 7.7817283909114633e-05 -0.0043039438621988923 0.0025488814084829174 0.0016809721882233724 -0.010471447617777766 -0.00051553658896280965 -0.0024469816451517263 -0.0077349411994270716 0.0012575190323311555 0.00034956664633310514 0.00057661733786156281 0.00097220322679472052 -0.0064442422369316481 0.0021507005301936413 0.0025586310273085612 0.0020222509687100655 -0.0049552508263083148 -0.0035804782580025141 -0.030654703393718997 0.00011240097004353087 -0.0069356455673192097 -0.0075091762921396191 -0.00093129563892548485 -0.0069226840403570416 0.0026693342756452824 -0.0082756390252760013 -0.0033157069223530931 0.0015362390778961613 0.0036902474293407251 -0.0044660713742905181 0.0027914218353730152 -0.0070204531969111379 0.00020336739534704431 0.0024290246641002419 0.0014354593083849225 -0.0010086773645935439 -0.0049738030898991929 -9.8174231794304832e-05 -0.011139222966655546 0.0039460719843517926 0.00090259527009302451 0.00046855037513861947 -0.0020263107090597319 -0.016351402115753387 -0.0004103163293852865 -0.00078886953955119429
leaf_weight=2585 40 1850 57 593 2508 63 198 66 4957 139 50 53 77 74 42 54 1141 45 397 1167 51 46 131 41 5175 140 2412 815 72 200 222 56 196 62 41 188 41 66 66 78 55 135 72 156 397 50 193 58 99 61 95 84 52 2470 47 631 539 73 57 48 901 50
leaf_count=2585 40 1850 57 593 2508 63 198 66 4957 139 50 53 77 74 42 54 1141 45 397 1167 51 46 131 41 5175 140 2412 815 72 200 222 56 196 62 41 188 41 66 66 78 55 135 72 156 397 50 193 58 99 61 95 84 52 2470 47 631 539 73 57 48 901 50
internal_value=0.000496946 0.000360572 4.02127e-05 -0.000116138 0.00019887 -0.00107226 -0.00466931 -0.000161518 -0.000882763 -0.000760618 0.000555901 0.00109303 -0.00458015 -0.00279365 -0.0074359 0.00123245 -0.000229933 0.000486149 0.000220912 -1.73722e-05 -0.0016002 -0.0103571 -0.000631458 -0.00543353 0.00117683 -0.00230769 0.00127517 -0.00153874 -0.0025783 -0.00123321 -0.00252019 -0.00551724 -0.000481125 -0.00455856 -0.00882759 -0.00304136 -0.0137349 -0.00578475 -0.00615385 0.000664452 -0.00311741 -0.00497382 0.00147718 0.00055794 0.00109327 -0.00163424 0.00056662 -0.000728534 -0.0033121 0.000190476 -0.00222059 -0.004 -0.00616848 0.000407073 -0.01055 0.00177796 0.000334967 -0.00319182 -0.00564246 -0.00966981 -0.00030137 -0.00594059
internal_weight=32578 29993 20878 19028 14320 4708 377 10617 5023 4331 1609 9115 130 314 116 3703 1195 5594 5001 4604 967 97 870 172 8985 246 8739 2722 1372 818 618 318 1350 554 144 410 82 222 106 300 246 190 1292 698 653 256 3564 1152 156 1154 339 244 183 3637 99 1242 611 317 178 105 1094 100
internal_count=32578 29993 20878 19028 14320 4708 377 10617 5023 4331 1609 9115 130 314 116 3703 1195 5594 5001 4604 967 97 870 172 8985 246 8739 2722 1372 818 618 318 1350 554 144 410 82 222 106 300 246 190 1292 698 653 256 3564 1152 156 1154 339 244 183 3637 99 1242 611 317 178 105 1094 100
cat_boundaries=0 1 2 3 4
cat_threshold=2 1376 640 5513
is_linear=0
shrinkage=0.05


Tree=51
num_leaves=63
num_cat=7
split_feature=0 2 0 20 39 8 25 20 23 25 41 2 31 8 4 40 13 7 4 28 33 15 8 21 33 2 21 12 39 6 0 25 7 0 13 14 19 31 31 17 25 15 31 20 17 7 0 6 7 3 31 19 15 21 13 6 31 9 7 12 24 17
split_gain=2.57417 2.08877 2.67743 2.77507 1.77059 1.69038 1.66701 1.60326 1.41054 1.86053 1.67073 2.07747 1.40356 1.22112 1.58549 1.27632 1.18732 1.17593 1.16749 1.12188 1.39975 1.55054 1.10833 1.86776 1.10194 1.1307 1.073 1.04115 1.10878 1.6689 1.40232 1.03631 1.05607 1.00436 1.15159 1.03793 1.09481 1.77421 1.00771 0.980336 0.965301 1.45595 1.043 1.04891 1.2498 1.19505 1.52247 1.38065 1.02872 0.961379 0.95261 0.95189 1.83561 0.891391 1.02823 1.15342 0.88978 0.886966 1.15086 0.88672 1.51103 0.97169
threshold=-1.0000000180025095e-35 0.19597084107261334 0.0055707657199244318 0.21207229043143225 0 0.029464010754302754 1 -0.014753565081792819 0.80093825107618877 2 842.11813423645333 -0.1182090433210523 0.25000000000000006 0.24052014212476572 0.29849374591933625 1.5000000000000002 0.55263194252125414 7.2421462410983937 -1.221935703174448 1.0000000180025095e-35 37.078571428571436 -1.7909585079033878 0.75842160834245542 7137.5000000000009 26.921428571428574 -0.68276550082982934 8237.5000000000018 27.500000000000004 3 8.6217613307245102 0.04725295929246754 4 7.4313057010427697 0.073317633917374905 0.53658574063076003 -1.3855042635101316 -1.0000000180025095e-35 54.850000000000016 215.05000000000004 0.34022965472962424 5 2.5744610067233196 0.25000000000000006 0.046310433379891179 0.51421785988528346 8.4398466973486794 -0.10379679368164306 8.6490306129379722 6.7641000576112846 0.36978239744200542 11.350000000000003 0.035570831372639646 0.27481902767747207 1850.4450000000004 0.45947740569254519 7.4775234225530101 0.75000000000000011 0.039551689749991022 9.8871538131124108 55.500000000000007 6 -0.01627375871561609
decision_type=2 2 2 10 1 8 1 10 8 1 2 2 2 8 2 2 2 2 2 2 2 2 8 8 2 2 10 2 1 2 2 1 2 2 2 2 2 2 2 2 1 2 2 10 2 2 2 2 2 2 2 2 2 8 2 2 2 10 2 2 1 2
left_child=4 6 3 7 8 -6 22 13 17 10 -10 -12 51 14 -3 -15 -9 -1 -8 20 21 -20 26 -24 -7 -26 -2 -23 -29 30 31 -30 -33 -14 35 49 -37 50 -39 -13 41 48 -42 44 -44 59 47 -47 -27 -35 -38 53 -53 -4 -55 -56 -22 -21 -59 -45 61 -61
right_child=1 2 12 -5 5 24 18 16 9 -11 11 39 33 15 -16 -17 -18 -19 19 57 56 27 23 -25 25 40 -28 28 29 -31 -32 32 -34 34 -36 36 37 38 -40 -41 42 -43 43 45 -46 46 -48 -49 -50 -51 -52 52 -54 54 55 -57 -58 58 -60 60 -62 -63
leaf_value=0.0022378365801815543 -0.00019849197606245435 -0.0063305721754160884 0.0010039480377752961 -0.0099510083361195895 -0.0051986210067258929 0.0018392384417899529 -0.0062721461252433263 0.0017369354802854527 0.00012223017534274122 0.00092165320688336334 -2.4603549001217183e-05 -0.0012804299302462956 0.0014246497509145281 -0.014006963166898149 0.0021101369730564773 -0.03398671092873886 -0.003201852171192432 0.0017425666032905964 -0.0080508514980364276 0.0050638843048184442 -0.00036742499524933784 0.0017374076004526198 -0.023656481168137233 0.0055869706208431652 0.0065830827193519613 0.0024268175260805636 0.0021630177821858809 0.00085770726487974886 -0.00032691378075862807 -0.0082709604056334356 0.00089565283408568868 -0.0026182319298773673 -0.0012017588547930025 -0.00070800309595224649 0.00024883086035311098 0.00038939238607311381 -0.0018803944351115688 0.0018546850272355073 -0.0037700162910355587 -0.0043923323549663719 -0.0010334868030147614 -0.0098901912984593332 0.001662961187038695 0.00228671610280141 -0.00018781617140759205 -0.0032300864862785991 -0.0074074780374010166 0.0046588501947926247 -0.00049479426254434402 -0.014023309511691659 -0.010603470098983712 -0.0048201939593999531 0.00092242779851875152 -0.0047887039415990514 -0.0052334302485537512 0.0020561942869877152 -0.025388446824595585 0.00073157184917780195 -0.011966101321609966 0.0035631495008080294 -0.0058825641174738976 -0.0028620833036358279
leaf_weight=788 5600 104 98 42 46 901 51 139 221 1853 74 40 594 54 59 43 245 2807 52 262 58 437 58 42 289 210 384 583 136 81 316 57 48 43 1806 328 90 100 58 42 658 44 2410 621 595 42 66 82 1831 42 41 74 60 42 41 93 42 6264 53 146 187 175
leaf_count=788 5600 104 98 42 46 901 51 139 221 1853 74 40 594 54 59 43 245 2807 52 262 58 437 58 42 289 210 384 583 136 81 316 57 48 43 1806 328 90 100 58 42 658 44 2410 621 595 42 66 82 1831 42 41 74 60 42 41 93 42 6264 53 146 187 175
internal_value=0.000480685 9.61489e-05 -0.000886347 -0.0037409 0.000990162 0.000519004 0.000380035 -0.00291473 0.00165781 0.000672344 -0.00248711 -0.00649681 -0.000327542 -0.0059387 -0.00326219 -0.0103571 -0.000857143 0.00227336 0.000834221 0.000881407 -0.000220872 0.000116891 -0.000251025 -0.00544554 0.000573384 0.000371075 -0.000163743 0.000385775 -0.000364157 -0.00178736 -0.000833333 -0.00369835 -0.00711207 3.54498e-05 -0.000402551 -0.00211949 -0.00139968 -0.00363793 -6.28929e-05 -0.0119277 0.000245473 -0.000656011 0.000622872 0.000906359 0.00142216 -0.000268939 -0.0039267 -0.00064 -0.000462781 -0.00726744 -0.00791667 -0.00308068 -0.00651852 -0.00138182 -0.00350282 -0.00133333 -0.00594059 0.00118465 0.001066 0.000349558 -0.00119843 0.000918675
internal_weight=32848 18720 4196 686 14128 8303 14524 644 5825 2230 377 156 3510 260 163 97 384 3595 8440 8389 1810 1710 6084 100 8257 7356 5984 1658 1221 638 557 241 105 3102 2508 702 617 289 158 82 7067 2085 4982 4324 3005 1319 190 124 2041 85 131 408 134 274 176 134 100 6579 6317 1129 508 321
internal_count=32848 18720 4196 686 14128 8303 14524 644 5825 2230 377 156 3510 260 163 97 384 3595 8440 8389 1810 1710 6084 100 8257 7356 5984 1658 1221 638 557 241 105 3102 2508 702 617 289 158 82 7067 2085 4982 4324 3005 1319 190 124 2041 85 131 408 134 274 176 134 100 6579 6317 1129 508 321
cat_boundaries=0 1 2 3 4 5 6 7
cat_threshold=535 3145 1028 1063 288 2244 28
is_linear=0
shrinkage=0.05


Tree=52
num_leaves=63
num_cat=5
split_feature=8 2 42 25 4 7 20 23 22 20 6 7 36 27 25 27 22 25 30 22 21 26 23 0 27 4 29 36 16 4 5 1 3 7 26 20 2 8 8 20 14 20 12 3 4 8 33 2 20 21 27 1 5 8 8 25 33 13 13 25 8 7
split_gain=3.02468 2.04158 2.27186 1.42891 1.30807 2.25052 1.36539 1.30168 1.29712 1.71861 2.09755 1.29589 1.28487 1.27111 1.55451 1.37657 1.92362 1.21352 1.25298 1.23677 1.50207 1.45018 1.14946 1.12224 1.25918 1.24301 1.08476 1.4676 1.10593 1.16248 1.07876 1.0346 1.02111 0.981174 1.01801 1.21869 1.2369 1.62174 1.172 0.976211 0.968563 1.0956 1.08676 0.968534 0.961029 1.05974 1.32531 1.16431 1.36615 1.77364 1.8614 1.37456 1.30588 1.26993 1.19799 1.11837 0.973045 0.958515 0.95551 1.02437 1.0426 1.38849
threshold=0.095256236733880811 -0.066774957772854013 0.99230769230769245 0 -0.16080804541977886 9.3340562387506676 -0.058098504895122534 1.0000000180025095e-35 0.53073315717158775 0.011743479390119152 7.5106513530436025 8.380645428512997 1.7361759986195575 2.5000000000000004 1 14.500000000000002 -0.33840338039978812 2 104.90000000000002 -0.012668527599453501 3802.3800000000006 27.500000000000004 0.36586706053363144 -0.14115733682264595 59.500000000000007 -0.19035534139704643 1.0000000180025095e-35 4.4163699102972172e-07 -0.62626937802033622 -0.0067644495520986494 9.0350340613542457 0.014184634991956548 0.36978239744200542 7.9752771010515549 11.500000000000002 -0.020156874658079863 -0.28768207245178118 0.13973965896656088 0.27118494049013014 0.029874899585063199 -0.31845373111853476 0.033591768850834564 9.5000000000000018 -0.053236588400511035 0.23684885760754917 0.14302383032848118 26.964285714285719 0.013858161721312713 0.014470147990428684 2200.8350000000005 34.500000000000007 0.10381804835598986 8.1085943549335955 0.32791928928941244 0.82563494565888085 3 31.035714285714292 0.39741924741924745 0.40000007058821879 4 0.039431084524416349 7.4203806191301931
decision_type=8 2 2 1 2 2 10 8 8 10 2 2 2 2 1 2 10 1 2 10 10 2 10 2 2 2 2 2 2 2 2 2 2 2 2 10 2 10 10 10 2 10 2 2 2 10 2 2 10 10 2 2 2 10 10 1 2 2 2 1 10 2
left_child=12 17 4 -4 5 6 -3 -8 11 10 -10 -5 26 -9 15 -15 40 18 19 -2 21 -21 -18 25 -25 -23 27 28 29 -1 -22 32 -19 -33 -35 -36 -37 -38 -39 57 -17 42 -42 -31 -6 -46 -47 48 49 50 -48 52 53 -50 55 -49 -57 -30 -59 -60 61 -61
right_child=1 2 3 8 44 -7 7 13 9 -11 -12 -13 -14 14 -16 16 22 31 -20 20 30 23 -24 24 -26 -27 -28 -29 39 43 -32 33 -34 34 35 36 37 38 -40 -41 41 -43 -44 -45 45 46 47 54 51 -51 -52 -53 -54 -55 -56 56 -58 58 59 60 -62 -63
leaf_value=0.0012292285412594684 0.00022028766847178476 0.0010996520929848395 0.0016006599725249576 0.001040951086844071 0.00014964466186434631 -0.0079031073361306055 -0.00011737685133333474 -0.0082647108402620195 -0.0010479834866010749 0.00098099991817879122 -0.0050492508827056073 -0.0039118189621877774 -0.0017380213755313818 0.0015071841734873865 -0.00036501317722278709 0.0025788252872054763 -0.0053817849188265397 0.0020541614713774428 0.0043496849241691591 0.0014493960301771853 -0.012107414134110091 -0.0013231641803101255 -0.0012716162179846236 -0.0036669094808999083 0.0016918623829632357 -0.0076481480602215782 0.00030231780484469336 0.0027830341189450775 0.0011643250556985084 -0.0039248809295884968 -0.0022164965820769974 0.00087637420741744755 -0.0022555335129828932 0.0034105191990355509 0.0024191408846534505 0.0027502477126573471 0.00023185396580053071 -0.007914002623760406 -0.0037570047030428301 0.0017926548294254609 -0.00056753837521565469 0.0002004913226641581 -0.0055597323693445215 -0.00035792822841055428 0.00036189759766536969 0.0012121128550927672 -0.0047725804085090549 -0.002587973511647941 -0.0098781402087673754 -0.0040906495284849598 -0.0076677848094743959 0.003694069938176156 0.0011172797629144108 -0.0053629650782625856 -0.016971393218974378 -0.0012414716939881717 0.0011774371852213332 -0.00097274792066057842 0.0016795702319305113 0.0014314367352328675 0.00034269420058525072 -0.002208480040215996
leaf_weight=257 2591 419 1446 825 5094 41 853 64 76 81 48 174 86 95 644 52 93 3555 273 200 50 98 77 226 115 43 3389 563 1151 68 48 779 104 105 126 50 55 91 48 1086 44 78 64 386 1030 359 61 788 44 72 45 81 50 43 66 909 735 70 1171 122 1131 157
leaf_count=257 2591 419 1446 825 5094 41 853 64 76 81 48 174 86 95 644 52 93 3555 273 200 50 98 77 226 115 43 3389 563 1151 68 48 779 104 105 126 50 55 91 48 1086 44 78 64 386 1030 359 61 788 44 72 45 81 50 43 66 909 735 70 1171 122 1131 157
internal_value=0.000478685 0.000168333 -0.00019207 0.00113165 -0.000486893 -0.00149703 -0.00130233 -0.00183051 -0.000148148 -0.00376214 -0.00744 0.000595 0.00122276 -0.00288366 -0.00249564 -0.0045428 -0.00589242 0.000781141 8.75515e-05 -0.000176453 -0.00192061 -0.00108346 -0.00994152 -0.00256729 -0.00100877 -0.00630282 0.00127774 0.00167289 0.00142768 -0.000414326 -0.00767677 0.00129265 0.00171995 5.57771e-05 -0.00173319 -0.00296496 -0.00502041 -0.00682051 -0.00967857 0.00169564 -0.00297071 -0.00465241 -0.00788991 -0.00193407 -0.000214864 -0.000766807 -0.00120928 -0.00156477 -0.0040806 -0.00731844 -0.0114019 -0.00141552 -0.00445652 -0.008125 -0.00116447 -0.000982326 -0.000229607 0.00131738 0.000793741 0.000950813 3.51867e-05 -0.00269643
internal_weight=32745 23108 14551 2650 11901 2524 2483 2064 1204 205 124 999 9637 1211 1147 503 408 8557 3644 3371 780 682 170 482 341 141 9551 6162 5599 711 98 4913 3659 1254 475 370 244 194 139 4888 238 186 108 454 9377 4283 3253 2894 396 178 106 218 137 87 2498 2432 1644 3802 2651 2581 1410 279
internal_count=32745 23108 14551 2650 11901 2524 2483 2064 1204 205 124 999 9637 1211 1147 503 408 8557 3644 3371 780 682 170 482 341 141 9551 6162 5599 711 98 4913 3659 1254 475 370 244 194 139 4888 238 186 108 454 9377 4283 3253 2894 396 178 106 218 137 87 2498 2432 1644 3802 2651 2581 1410 279
cat_boundaries=0 1 2 3 4 5
cat_threshold=2866 2498 1474 460 2454
is_linear=0
shrinkage=0.05


Tree=53
num_leaves=63
num_cat=8
split_feature=2 39 25 7 11 5 12 12 31 39 10 13 33 4 3 25 8 40 12 4 15 8 41 12 3 33 6 7 1 39 31 31 11 28 2 41 17 31 25 19 0 15 12 11 11 25 1 3 17 31 0 7 16 11 13 31 12 40 2 6 19 39
split_gain=2.06843 2.28942 2.96147 4.43918 1.73995 1.83291 2.35718 1.91354 1.71847 1.86727 1.66619 1.6417 1.88906 1.62545 1.57417 1.52656 1.53531 2.00562 1.73005 1.38093 1.81136 1.55784 1.35387 1.29871 1.64373 1.28711 1.26794 1.24698 1.26168 1.18092 1.16249 2.92282 1.96601 1.72941 1.58264 1.52962 1.43202 1.3098 1.13535 1.60894 1.62557 1.43906 1.11967 1.08793 1.26657 1.20837 1.58978 1.24031 1.34174 1.52559 1.14487 1.0866 1.4689 1.47693 1.53629 1.23335 1.39827 1.3086 1.43978 1.45403 1.07199 1.04038
threshold=0.12444536794861262 0 1 8.3296084919266438 6.5000000000000009 8.4712516918577343 72.500000000000014 85.500000000000014 4.5500000000000016 2 0.27787378434417015 0.22222444444444453 33.107142857142868 -1.4388113718587412 0.15837193235395833 3 0.20434210351978563 3.5000000000000004 70.500000000000014 -0.054066563375105396 -0.4718930552881932 0.062005947544853994 1878.580649882904 56.500000000000007 -0.26669756615760359 26.87857142857143 7.6064394289070592 7.0550825612230783 0.059808841987522683 4 218.95000000000002 245.65000000000003 39.500000000000007 1.0000000180025095e-35 -0.046520015634893046 3.6715476190476193 0.016118898750107306 0.55000000000000016 5 0.14471542828906947 0.078951581531208972 0.47692407209030957 4.5000000000000009 35.500000000000007 65.500000000000014 6 -0.47000389710319007 -0.26669756615760359 0.51421785988528346 70.950000000000017 0.11519646371135696 7.0233780866731097 -0.40546510810816444 85.500000000000014 0.84615455621356406 288.10000000000008 68.500000000000014 2.5000000000000004 0.22314355131421018 7.3726938206239989 0.15114312514792974 7
decision_type=2 1 1 2 2 2 2 2 2 1 2 2 2 2 2 1 8 2 2 2 2 8 2 2 2 2 2 2 2 1 2 2 2 2 2 2 2 2 1 2 2 2 2 2 2 1 2 2 2 2 2 2 2 2 2 2 2 2 2 2 2 1
left_child=1 2 3 25 -5 7 -7 23 9 11 19 12 -2 -4 38 -16 27 -18 -19 20 -11 -21 43 -6 -25 -1 -24 -17 -29 -10 37 32 36 -34 -33 -36 -32 -27 -3 -40 60 -42 -13 45 -45 46 -15 -48 50 -50 -49 -31 55 -54 -55 56 61 58 -58 -60 -41 -53
right_child=8 14 13 4 5 6 -8 -9 29 10 -12 42 -14 22 15 16 17 18 -20 21 -22 -23 26 24 -26 30 -28 28 -30 51 31 34 33 -35 35 -37 -38 -39 39 40 41 -43 -44 44 -46 -47 47 48 49 -51 -52 52 53 54 -56 -57 57 -59 59 -61 -62 -63
leaf_value=0.0022300775967048388 0.001291668236712891 0.0014908991465100842 -0.0084909431947491534 0.0014766385624503339 -0.0002780133682588354 -0.0032828552464231734 -0.010620989890653257 0.0017753277531992713 0.0011330116615409639 -0.0085030111312934045 -0.0077468901713881894 -0.0050144505045760096 -0.0041497134300784895 -0.0066978634586837144 0.00092070095479809821 0.0045063641451025052 -0.0077411256354236631 0.0022659516455116888 -0.0068770088022688889 -0.0030728570625254449 -0.0021097359590510358 0.00025611614165534953 -0.00045596751681360737 -0.0030356451226629254 -0.010611677541475642 -0.0033965686163244194 -0.010380306706965445 -0.0014977523308499685 0.0011945808050741501 0.00075921234966295657 -0.0070471496845690169 0.00134705086396759 -0.010143547032456922 -0.0013514744389956455 -0.011926628687107263 -0.00095768339195307229 0.00090826607260337711 0.00011845620804671238 0.00076551311848170958 -0.0047852339820856279 -0.0070359262883320957 0.0012345019543323719 0.00031819846582852279 0.0021260338127113984 0.00042878648215542004 0.00047901205558220313 0.0034541751319932556 0.0001041138965597723 -0.00064310159702470526 -0.01002518361465817 -0.0047370582574713192 -0.0014087176193279703 0.00022987615385615794 -9.2406225722685846e-05 -0.0095231210993058334 -0.015780954490376996 -0.0005404005370425604 -0.0003323414107150111 -0.0081206134669830326 -0.0099068243397524222 0.00015971695511404166 0.0020381656062354197
leaf_weight=515 55 5094 54 46 49 52 64 56 1948 64 200 61 40 40 679 130 60 104 40 51 226 473 184 50 42 85 40 309 161 756 45 354 48 42 46 154 50 1492 5440 42 57 40 1560 2125 3036 2265 170 505 52 40 114 246 1934 93 41 53 52 97 42 41 522 155
leaf_count=515 55 5094 54 46 49 52 64 56 1948 64 200 61 40 40 679 130 60 104 40 51 226 473 184 50 42 85 40 309 161 756 45 354 48 42 46 154 50 1492 5440 42 57 40 1560 2125 3036 2265 170 505 52 40 114 246 1934 93 41 53 52 97 42 41 522 155
internal_value=0.000540206 0.000770189 0.000268476 -0.00103093 -0.00626389 -0.00759554 -0.0125641 -0.00462121 -0.000147759 -0.00117173 -0.00285854 -0.00015634 -0.00651042 0.000749769 0.0012365 -0.000293126 -0.0017546 -0.00551219 -0.00227586 -0.0018773 -0.00463917 -0.000342857 0.00080553 -0.00771127 -0.0111828 -0.000368997 -0.00302222 -0.000499168 -0.00169851 0.000364536 -0.000871817 -0.00250676 -0.00793011 -0.0131868 -0.000684684 -0.00422886 -0.00286458 -0.000104563 0.00144025 0.000974313 -0.00135196 -0.00729592 0.000218866 0.000908601 0.00135703 0.00018199 -0.00133584 -0.00090136 -0.00181882 -0.00741935 -0.000975806 -0.000184606 -0.000646098 1.93332e-05 -0.00503704 -0.0026492 -0.00202681 -0.0051073 -0.00827206 -0.0123214 -0.000318584 -0.000236318
internal_weight=32681 24493 11815 3190 359 313 116 197 8188 2730 1014 1716 95 8625 12678 1483 804 204 144 814 290 524 8571 141 92 2831 224 600 470 5458 2316 739 185 90 554 200 95 1577 11195 6101 661 97 1621 8347 5161 3186 921 881 711 92 619 3510 2754 2068 134 686 633 232 135 83 564 401
internal_count=32681 24493 11815 3190 359 313 116 197 8188 2730 1014 1716 95 8625 12678 1483 804 204 144 814 290 524 8571 141 92 2831 224 600 470 5458 2316 739 185 90 554 200 95 1577 11195 6101 661 97 1621 8347 5161 3186 921 881 711 92 619 3510 2754 2068 134 686 633 232 135 83 564 401
cat_boundaries=0 1 2 3 4 5 6 7 8
cat_threshold=7936 1216 2969 2382 5154 248 40 2201
is_linear=0
shrinkage=0.05


Tree=54
num_leaves=63
num_cat=6
split_feature=0 38 39 15 7 39 7 26 3 4 18 13 8 20 7 39 31 31 26 6 4 13 33 21 2 2 41 4 30 24 8 5 20 21 5 8 3 26 33 3 31 16 31 41 18 20 6 35 23 8 21 7 39 14 3 0 41 19 30 1 19 8
split_gain=1.97076 1.7733 1.63402 1.58677 1.62373 1.58572 1.68668 2.1969 1.57973 1.67752 2.10475 1.60915 2.58542 3.80678 1.53552 1.68783 2.36948 1.8052 1.48159 2.78018 2.43799 1.4401 1.97378 1.78885 1.37567 1.35095 1.3721 1.23964 1.2269 1.20574 1.20999 1.05356 1.02173 0.997245 1.88735 0.997063 1.60845 1.38479 0.960402 0.922114 1.21124 1.69678 0.920786 1.96699 2.27297 1.72774 1.82585 1.44933 1.36094 1.12648 0.940525 1.63317 1.91318 2.73968 1.73032 1.81861 2.11003 1.21722 1.33559 2.02578 1.1136 1.10224
threshold=-0.0065993663454033671 0 1 -4.3704882690088924 7.0484005966910557 2 7.9667600759180521 31.500000000000004 0.19600203692352072 0.68634791663256378 1.0850220504900887 0.58639371727748701 0.047045505403703877 -0.0018265686887568484 7.259394901486548 3 8.5500000000000025 243.10000000000005 7.5000000000000009 7.6829837412084325 -0.30010359245133772 0.86510192740011438 30.192857142857147 2498.3350000000005 0.12444536794861262 -0.34291792354734868 1.8071451355661885 0.48486153785316471 47.850000000000009 4 0.29400285829513723 6.9163521151689187 0.053021035349686656 2377.5000000000005 7.2992521538572346 0.50988453012584734 0.12783318060113172 9.5000000000000018 38.021428571428579 -0.087011376989629671 1.2500000000000002 0.036394137746188944 0.65000000000000024 1878.580649882904 0.55490731512137736 -0.051156271462718277 7.5209719542383331 0.00041110102402858233 -0.22314355131420965 0.091993044212863417 10262.500000000002 8.1530367428793671 5 -1.0029164887882327 0.53698123422084498 0.016807118316381157 3.6208286985539497 0.12377628224284741 0.15000000000000005 0.098922810957549526 -0.0029146179191270913 0.034480654868740017
decision_type=2 1 1 2 2 1 2 2 2 2 10 2 10 10 2 1 2 2 2 2 2 2 2 8 2 2 2 2 2 1 8 2 10 10 2 8 2 2 2 2 2 2 2 2 10 8 2 2 8 8 10 2 1 2 2 2 2 2 2 2 2 8
left_child=1 -1 -3 -2 35 6 8 27 11 10 21 12 13 -6 -4 25 18 -18 -17 20 -20 -10 23 -23 31 -16 32 -8 -19 38 -31 -13 -27 34 -30 -5 -37 -38 39 40 -28 -42 43 45 47 46 -7 -45 -48 -47 51 54 53 -53 -44 -56 -57 58 59 -55 -61 -54
right_child=3 2 14 4 5 42 7 -9 9 -11 -12 24 -14 -15 15 16 17 28 19 -21 -22 22 -24 -25 -26 26 29 -29 33 30 -32 -33 -34 -35 -36 36 37 -39 -40 -41 41 -43 50 44 -46 49 48 -49 -50 -51 -52 52 61 57 55 56 -58 -59 -60 60 -62 -63
leaf_value=0.0012560571922776238 -0.0081669074388843448 0.0011932598488381481 0.00099278054230652626 0.00096962340764919714 -0.001786976501191371 -0.0064553825505170807 -0.012777493784272962 -0.017950294783236228 -0.0011139909084211216 0.0003514041937612367 -0.015409241009556538 -0.0046761731619695277 -0.00024494908584949543 -0.0031025509875077972 0.0035972346758139581 -0.00072464750837620293 0.00022740153320073114 0.0029372485714772101 -0.0043775788572145901 -0.00016263026776364788 -0.01348469477076715 -0.0140598547861055 0.00027560547043554024 -0.0052836044570138147 -0.0030736891209902917 -0.0014505465811383027 0.0015743191038662457 0.004471734731038627 -0.0013640037819251645 -5.754181273355378e-05 0.003519453552003587 0.0026920923721878752 -0.00078400943435421666 0.00078779992669204032 -0.0089609121089223292 0.001832188779824365 -0.020757992696299604 -0.0032878006028771046 -0.004751793977875134 0.00038551842448042461 -0.001562094162623544 -0.014879059776432261 0.00065798280412789816 -0.0043400386447950412 -0.0031391047997957828 0.0011019298550184803 -0.0032224322443116303 0.0010361570976573364 -6.6614977841969244e-05 -0.00022692010280735169 0.0020106451695637685 -0.0084508517058647648 -0.0019895855521946796 -0.00061271427401454271 -0.0086904592715009357 -0.0076671010321354887 0.00056718006739011598 0.001871937396605995 -0.00077700211050048121 -0.0042061951226535551 -0.010293442781509662 0.00023720889162978241
leaf_weight=4279 136 2636 2382 2924 64 47 69 50 286 248 45 65 409 45 505 189 614 67 66 72 56 46 55 58 256 54 56 48 43 1572 426 846 64 40 73 131 41 104 66 278 91 54 5684 47 43 605 47 98 198 1413 606 58 247 123 66 48 257 99 642 50 45 2716
leaf_count=4279 136 2636 2382 2924 64 47 69 50 286 248 45 65 409 45 505 189 614 67 66 72 56 46 55 58 256 54 56 48 43 1572 426 846 64 40 73 131 41 104 66 278 91 54 5684 47 43 605 47 98 198 1413 606 58 247 123 66 48 257 99 642 50 45 2716
internal_value=0.000434823 0.000892649 0.000506639 0.00010621 0.000145008 -6.38905e-05 -0.00119185 -0.00604167 -0.000860148 -0.00278755 -0.00448065 -1.48278e-05 -0.00233141 -0.00913636 9.44094e-05 -0.000460451 -0.00203087 -0.000554892 -0.00529948 -0.00835897 -0.0129268 -0.00341928 -0.00721875 -0.0112381 0.00101455 0.000151086 -0.000298647 -0.00224576 -0.00439732 -5.30659e-05 0.000517671 0.00192434 -0.00554622 -0.00681529 -0.0091453 0.00117151 -0.00169675 -0.00530822 -0.00211331 -0.00136458 -0.00393564 -0.00633562 0.000159316 -0.000704282 -0.00560847 -0.000302899 -0.00389078 -0.00256849 -0.00213415 0.00021793 0.000362244 0.000246612 -0.000540065 -0.00239786 0.000763706 -0.00254032 -0.000898693 -0.00177604 -0.00238095 -0.00575342 -0.0111979 0.000105918
internal_weight=32748 13683 9404 19065 18929 15729 2590 167 2423 738 490 1685 518 109 6768 4386 1220 837 383 194 122 445 159 104 1167 3166 2661 117 223 2543 1998 911 118 156 116 3200 276 145 545 479 201 145 13139 2498 188 2310 292 145 245 2018 10641 10035 3980 1017 6055 371 305 959 860 218 95 2963
internal_count=32748 13683 9404 19065 18929 15729 2590 167 2423 738 490 1685 518 109 6768 4386 1220 837 383 194 122 445 159 104 1167 3166 2661 117 223 2543 1998 911 118 156 116 3200 276 145 545 479 201 145 13139 2498 188 2310 292 145 245 2018 10641 10035 3980 1017 6055 371 305 959 860 218 95 2963
cat_boundaries=0 1 2 3 4 5 6
cat_threshold=2 29 2432 5728 2 1600
is_linear=0
shrinkage=0.05


Tree=55
num_leaves=63
num_cat=7
split_feature=1 39 30 31 0 39 33 20 9 18 31 6 37 4 31 0 21 26 30 19 22 39 41 13 4 9 8 3 15 18 29 14 9 0 25 41 7 39 19 22 4 6 21 17 30 41 41 30 11 0 39 7 9 9 17 1 33 25 13 3 14 12
split_gain=2.47535 1.93804 1.52107 2.58545 1.93313 1.5278 1.38909 2.0324 1.35563 1.32811 1.2437 2.61675 2.03477 5.17052 2.61356 1.40145 1.23987 1.33273 1.11712 1.23856 1.04869 1.22625 0.95353 0.950549 1.49845 1.4942 1.11101 0.964501 0.948114 1.19234 0.927569 0.926008 1.00485 1.21401 1.3554 1.32847 1.1682 1.00113 1.31171 1.7604 1.45615 1.82047 1.16245 1.08944 0.996223 0.986798 1.31325 1.04342 1.13377 0.97423 1.06082 1.25848 1.17034 1.58538 1.75385 2.19388 0.94152 0.928175 0.986621 0.954191 1.32744 1.27131
threshold=0.044616620446484852 0 33.650000000000013 208.75000000000003 0.20633643299782858 1 27.478571428571435 0.0089539583338877106 0.76504914322537154 0.77378527853503187 0.55000000000000016 9.2447168281078103 41.500000000000007 -0.24846115929845955 0.25000000000000006 0.044451762570834059 4005.0000000000005 11.500000000000002 15.150000000000004 0.077916148437978491 -0.22329261199262615 2 2278.044484126985 0.31605902255639101 -0.21703286147068954 0.18820714520018453 0.29400285829513723 0.73396917508020076 -1.1851246357542116 -1.8968112771360894 1.0000000180025095e-35 0.13986940424571961 0.24426610383466643 0.058840500022934179 3 422.86802884615395 9.8871538131124108 4 -0.014418703819625392 0.40551511060833112 -0.27193219762768667 7.4269676471415318 719.16500000000008 0.37718455769048914 18.350000000000005 9.5264460253634429 1.7360681114551086 47.350000000000001 70.500000000000014 0.40192497299249569 5 8.1708350671697865 0.12125429115994039 0.077331028415718581 -0.13623362268383662 0.093280477237074791 26.63571428571429 6 1.2227074722068825 -0.0078126589515403726 -0.074363645432852885 47.500000000000007
decision_type=2 1 2 2 2 1 2 10 8 10 2 2 10 2 2 2 8 2 2 2 8 1 2 2 2 10 10 2 2 10 2 2 8 2 1 2 2 1 2 10 2 2 10 2 2 2 2 2 2 2 1 2 10 10 2 2 2 1 2 2 2 2
left_child=1 8 3 9 5 6 -5 -8 10 23 11 12 14 -14 -1 16 -16 -18 19 -7 21 -2 -4 24 -3 -26 -27 -25 29 -23 -10 32 36 57 35 -35 44 -33 -39 40 41 42 -40 -41 49 46 -46 48 -48 50 51 52 53 -22 -55 -56 -52 -34 59 60 61 -59
right_child=20 2 22 4 -6 18 7 -9 30 -11 -12 -13 13 -15 15 -17 17 -19 -20 -21 31 28 -24 27 25 26 -28 -29 -30 -31 -32 37 33 34 -36 -37 -38 38 39 43 -42 -43 -44 -45 45 -47 47 -49 -50 -51 56 -53 -54 54 55 -57 -58 58 -60 -61 -62 -63
leaf_value=0.0015815575390325258 0.0021535909914931406 0.0032874992366700296 0.0016443459805481984 -0.00038261691785849067 -0.011980154270282773 -0.0019948038577220239 -0.0066620146022397936 -0.0074427716438545599 -0.0079090767952281569 0.00085031098644035037 0.0011776856760749162 -0.0072123644394192603 0.0034728356229763442 -0.0049579173383433595 0.0019144061959412723 -0.0043685782654415009 0.00025575229113222292 -0.0044354486810760192 0.0011900144289598358 -0.0095998990763922626 0.00084185962812997168 0.00068912479096513058 -0.0079201873927827182 0.00010131451015998538 -0.010280443132124987 0.0012330241218802837 -0.0068815501375373237 -0.0056255627857391697 9.2507770075870178e-05 -0.0082911395420911024 0.0011401412417258513 0.001095316813561831 -6.7639711924684563e-05 -0.0026011885553854606 0.00020150343835333053 -0.011029804978259127 -0.0060146569417295426 0.0010906483342035319 -0.0046311479009004779 -0.0073484765502972744 0.00010161274475968211 -0.0088012927671431308 0.0028051173106296685 -0.003042226792482739 0.0037767305277655811 0.00085020979054610155 -0.0075721582132914252 -2.9539759851247254e-05 0.0010627816623829231 -0.0036254239687707121 -0.003133880648225955 -0.0058840919937790904 0.00015318904981009358 -0.0014779837742779265 -0.00022149664511892454 -0.0065082030577503641 7.4996718262609381e-05 -0.012891691900964656 0.0006707610566869278 -0.006876857215285837 0.0010190582601155276 5.6948646718197011e-05
leaf_weight=1177 914 84 2520 47 40 173 41 46 48 2119 7442 75 63 46 142 47 55 88 304 47 96 44 54 5218 54 80 58 69 1236 59 45 1028 261 272 943 50 45 974 43 44 1046 58 45 100 73 1159 98 221 47 87 83 41 383 108 45 57 2215 46 107 328 98 40
leaf_count=1177 914 84 2520 47 40 173 41 46 48 2119 7442 75 63 46 142 47 55 88 304 47 96 44 54 5218 54 80 58 69 1236 59 45 1028 261 272 943 50 45 974 43 44 1046 58 45 100 73 1159 98 221 47 87 83 41 383 108 45 57 2215 46 107 328 98 40
internal_value=0.000470668 0.000813061 0.000362061 3.57954e-05 -0.00287554 -0.00221548 -0.00675862 -0.0109659 0.00134647 0.000300664 0.00140926 0.000185951 0.000611489 -0.00595455 0.0010894 -0.00282282 -0.00148601 -0.00475694 -0.000897196 -0.00361991 -8.24328e-05 0.000893966 0.00142524 -0.00010514 -0.00296029 -0.0053886 -0.00258993 4.44404e-05 -7.77776e-05 -0.00466346 -0.00462766 -0.000297305 -0.000627897 -0.00152609 -0.000533175 -0.00327327 -0.000222736 0.000386343 -0.000193882 -0.00121167 -0.000578374 -0.00523809 -0.000674157 -0.00641379 -0.000145312 0.000869293 -0.00114773 -0.00237057 -0.00565068 -0.000665918 -0.000515021 -0.00215924 -0.00167391 -0.00397394 -0.0063981 -0.011068 1.73237e-05 -0.00295119 -0.00397619 -0.00495127 -0.00205405 -0.00655172
internal_weight=32676 20182 10954 8380 698 658 134 87 9228 7682 9135 1693 1618 109 1509 332 285 143 524 220 12494 2253 2574 5563 276 192 138 5287 1339 103 93 10241 6903 2145 1265 322 4758 3338 2310 1336 1192 146 88 144 4713 1598 439 366 145 3115 3028 730 689 306 210 102 2298 880 619 512 184 86
internal_count=32676 20182 10954 8380 698 658 134 87 9228 7682 9135 1693 1618 109 1509 332 285 143 524 220 12494 2253 2574 5563 276 192 138 5287 1339 103 93 10241 6903 2145 1265 322 4758 3338 2310 1336 1192 146 88 144 4713 1598 439 366 145 3115 3028 730 689 306 210 102 2298 880 619 512 184 86
cat_boundaries=0 1 2 3 4 5 6 7
cat_threshold=567 4096 7170 3136 4744 1282 2081
is_linear=0
shrinkage=0.05


Tree=56
num_leaves=63
num_cat=8
split_feature=0 9 7 22 38 1 7 9 5 39 9 26 26 18 39 7 41 4 30 24 23 33 44 18 4 3 7 27 2 9 25 39 8 31 3 13 22 18 30 7 39 6 30 31 29 26 16 30 31 8 7 41 4 44 11 8 29 27 25 2 26 18
split_gain=1.77677 1.67932 1.45372 1.43189 1.39984 1.65033 1.3171 1.23964 1.64711 1.45836 1.94681 1.22689 3.55746 1.18707 1.34888 2.23667 1.34788 1.24291 1.41973 1.23304 1.51429 1.85781 1.18863 1.1648 1.12898 1.30076 1.0456 2.88626 1.03599 1.01346 1.00691 1.15704 1.52056 1.17148 1.32146 1.03223 1.43871 0.996132 1.25053 1.372 0.981991 1.57368 1.06939 1.85116 1.83131 2.25579 1.36006 1.16131 1.15258 1.16646 1.10424 1.98947 2.33785 1.2574 1.18272 0.9711 0.947249 1.1888 1.26237 1.0754 1.32551 1.32375
threshold=-0.014580122716801201 0.076342752247492027 7.0606795566178935 -0.26225999861005594 0 -0.22314355131420924 6.5876791731206135 0.039551689749991022 7.1484796120495551 1 0.061827322301268826 48.500000000000007 49.500000000000007 1.2349926318459101 2 7.9667600759180521 422.86802884615395 -0.095309618307012997 3.2500000000000004 3 -0.034833248244698016 35.135714285714286 0.15476190476190479 2.2859958354501284 0.17185025692665915 0.15154989812720168 7.9667600759180521 23.500000000000004 0.31722051724789996 0.58530278692017357 4 5 0.036374228609147609 7.9500000000000011 0.03390189650338727 0.3867827576606449 0.10536013330480816 -0.42814883531725589 0.25000000000000006 7.8622803617946486 6 9.2447168281078103 18.950000000000006 192.25000000000003 1.0000000180025095e-35 32.500000000000007 2.8698252467678222 16.950000000000006 241.15000000000003 0.11511093599262974 8.2495681805982013 2.2503968253968254 0.16329150785541693 0.2678571428571429 9.5000000000000018 0.052350600632176128 1.0000000180025095e-35 51.500000000000007 7 -0.19342155615202425 16.500000000000004 0.19189536251015238
decision_type=2 10 2 8 1 2 2 10 2 1 10 2 2 8 1 2 2 2 2 1 10 2 2 8 2 2 2 2 2 10 1 1 8 2 2 2 10 10 2 2 1 2 2 2 2 2 2 2 2 10 2 2 2 2 2 8 2 2 1 2 2 10
left_child=1 -1 55 -3 29 -6 -7 8 -4 10 -9 26 -13 14 15 24 17 18 -15 20 22 -22 -16 -19 25 -8 28 -28 -12 -5 31 32 -11 34 -33 36 -36 -37 -39 -40 41 -32 43 46 48 -46 47 56 49 -45 51 52 -44 54 -52 -2 57 58 59 -42 61 -61
right_child=2 3 7 4 5 6 13 9 -10 30 11 12 -14 16 19 -17 -18 23 -20 -21 21 -23 -24 -25 -26 -27 27 -29 -30 -31 40 33 -34 -35 35 37 -38 38 39 -41 42 -43 50 44 45 -47 -48 -49 -50 -51 53 -53 -54 -55 -56 -57 -58 -59 -60 60 -62 -63
leaf_value=0.0015199584025587349 0.0026080454216994317 0.0018222926394971953 -0.0011029715469497087 0.0010346703857646187 0.0015831377527117535 0.0033852021770483451 -0.0010131075036088875 -0.002607024209762214 0.0034546925480099487 -0.0090178490670729024 5.7901698335590357e-05 -0.013906300063886419 -6.4951652610296948e-05 -0.0028276643618924523 0.00053662215269877924 -0.011976238683133054 -0.0074151050182350645 0.0023117920591762377 0.00060764195416095556 0.00021449894955874156 -0.0012162055779805217 -0.0084365232362172519 -0.0044711036947014662 -0.0026325507160747663 0.00066647858992525629 -0.0056154655210566831 -0.016042223349240044 0.0012194998092933411 -0.0040591664344937243 -0.0065358186994435149 0.00045687011562469478 0.0016124992866849979 -0.00011299710584928855 0.0014373923848915271 -0.0026925594107924857 0.0037620175065027264 0.0011886592811856888 0.00030892253420241385 -0.012614878654718121 -0.00038068439909213505 0.0037152368439154928 -0.0081476511537504348 0.00083573917050025416 -0.0040060108801896711 -0.0029014132911230218 -0.0078859146450864209 -0.0028298975775672974 -0.0088203940581356235 0.0010252704183071832 0.0012671897157410187 0.00070910562775406848 0.0010372858277836316 -0.0080362635373081078 0.001666905968551986 -0.0034877492026580922 0.0003664590036803037 -0.00088836682803356242 -0.00068405710806890459 0.0009056875819417955 -0.00080601120069082694 2.0867387377589657e-05 -0.0050562680956307421
leaf_weight=1082 374 3471 47 2748 1440 199 273 45 510 52 1685 41 95 98 361 42 41 153 51 2711 154 42 58 41 170 41 73 101 386 59 3207 380 514 1869 51 72 41 147 43 60 47 66 104 41 44 43 50 54 70 47 150 1502 67 110 455 3090 1674 672 1178 58 133 56
leaf_count=1082 374 3471 47 2748 1440 199 273 45 510 52 1685 41 95 98 361 42 41 153 51 2711 154 42 58 41 170 41 73 101 386 59 3207 380 514 1869 51 72 41 147 43 60 47 66 104 41 44 43 50 54 70 47 150 1502 67 110 455 3090 1674 672 1178 58 133 56
internal_value=0.000491601 0.000938728 0.000188157 0.000770528 0.000427272 -1.27419e-05 -0.000490306 -1.24679e-05 0.00230287 -9.59053e-05 -0.00121871 -0.00102645 -0.00562044 -0.000677366 -0.000412665 -0.00273743 -0.00332468 -0.00228198 -0.0057 -3.59603e-05 -0.00203674 -0.00568528 -0.000369047 0.000358975 -0.00181443 -0.0035873 -0.00074577 -0.00445714 -0.00043195 0.00134315 0.000113637 0.000878087 -0.00116118 0.00131451 -0.000289308 -0.00224096 -0.00688172 -0.000897833 -0.00239044 -0.00658654 -0.000138225 0.000567905 -0.000491166 -0.000975288 -0.00518293 -0.0109659 -0.00071119 -0.000604183 -0.00194969 -0.00573034 0.000351612 0.00105436 -0.0040407 -0.0012919 -0.00218647 0.00111688 -0.000500131 0.000195804 0.000991175 -0.00190164 -0.00328629 -0.00721739
internal_weight=32739 13235 19504 12153 8682 5875 4435 16040 557 15483 2426 2381 136 4236 3852 526 384 343 149 3326 615 196 419 194 484 314 2245 174 2071 2807 13057 3229 566 2663 794 414 92 322 250 103 9828 3273 6555 4167 245 87 3922 3872 158 88 2388 1673 171 715 605 3464 3818 2144 1472 294 247 114
internal_count=32739 13235 19504 12153 8682 5875 4435 16040 557 15483 2426 2381 136 4236 3852 526 384 343 149 3326 615 196 419 194 484 314 2245 174 2071 2807 13057 3229 566 2663 794 414 92 322 250 103 9828 3273 6555 4167 245 87 3922 3872 158 88 2388 1673 171 715 605 3464 3818 2144 1472 294 247 114
cat_boundaries=0 1 2 3 4 5 6 7 8
cat_threshold=2 2432 2064 2 2576 24 60 1032
is_linear=0
shrinkage=0.05


Tree=57
num_leaves=63
num_cat=4
split_feature=41 39 36 7 13 38 20 13 8 39 2 12 27 8 18 4 1 8 12 7 6 19 22 42 11 11 2 17 29 41 37 6 20 7 13 3 17 26 20 12 3 39 41 12 27 42 42 26 42 20 19 41 2 11 22 17 17 26 4 41 9 10
split_gain=1.71034 1.93789 1.64627 1.61065 1.63782 2.07259 1.56434 1.54344 2.00889 1.49775 1.46447 1.43894 1.62445 1.41356 1.35987 2.61524 1.8486 1.58114 1.76849 1.56257 1.35583 1.34582 1.32271 1.41452 1.47944 1.47029 1.15842 1.30973 1.19266 1.78777 2.16869 2.32068 2.40613 3.7486 2.02759 2.05367 1.25548 1.10874 1.03181 1.13926 1.0083 1.00349 1.06103 1.26626 0.954506 1.41637 1.63537 1.40986 1.28285 1.20393 1.38199 1.82545 2.16155 1.35889 1.29891 1.16104 1.11959 0.978589 1.17699 1.33937 0.947917 1.16894
threshold=9.1148351648351653 0 1.7361759986195575 6.7217636430196466 1.3333416666666669 1 -0.39487805025586709 0.40000007058821879 0.1574374767417763 2 -0.26731396317638406 82.500000000000014 39.500000000000007 0.024454401771162638 0.64456988831643114 -1.221935703174448 -0.22314355131420924 0.11511093599262974 10.500000000000002 6.7641000576112846 8.8847117374010534 0.045684917634652829 0.1272459170447304 0.9842509920634922 35.500000000000007 64.500000000000014 0.033537176222206096 0.2702085711103806 1.0000000180025095e-35 140.08319088319089 32.500000000000007 7.5891873086016082 0.019447530642017163 7.0233780866731097 0.53963551696921874 -0.034413377986865605 1.0046743458127099 12.500000000000002 -0.051156271462718277 6.5000000000000009 0.23638877806423023 3 134.24356872635565 45.500000000000007 40.500000000000007 0.95875850340136071 0.86319073083778985 46.500000000000007 0.78516483516483526 -0.0099826497270700549 0.053706329630061792 3.7869910100475943 -0.10536051565782632 53.500000000000007 0.68992052030133333 -0.058691617415211998 1.2032970027564225 18.500000000000004 0.11778334815648074 2.4550505050505054 0.21924520644667039 -0.15981838691793634
decision_type=2 1 2 2 2 1 10 2 8 1 2 2 2 8 10 2 2 10 2 2 2 2 8 2 2 2 2 2 2 2 10 2 8 2 2 2 2 2 10 2 2 1 2 2 2 2 2 2 2 10 2 2 2 2 10 2 2 2 2 2 10 2
left_child=9 3 26 6 5 7 -2 8 -5 20 11 -11 -13 -6 15 -7 -16 -18 -19 -17 40 -4 -20 24 -24 -26 27 41 36 34 31 32 33 -31 35 -30 38 -35 -28 -40 -1 -3 -43 -44 56 46 47 57 -49 50 51 53 -53 55 -51 -48 -12 58 -46 -60 -15 -62
right_child=1 2 21 4 13 14 -8 -9 -10 10 44 12 -14 60 16 19 17 18 22 -21 -22 -23 23 -25 25 -27 28 -29 29 30 -32 -33 -34 37 -36 -37 -38 -39 39 -41 -42 42 43 -45 45 -47 49 48 -50 54 -52 52 -54 -55 -56 -57 -58 -59 59 -61 61 -63
leaf_value=-0.00013626318317068638 -0.005461458952057332 0.0016283533266333843 -0.0001893376807038592 -0.0039842470694728431 -0.0070521937298024615 -0.013444631745473029 0.0022814187557277602 0.00028666030914506035 0.00034066806093202453 0.0027529567833006227 0.00025007404677613313 0.0020195020175551178 -0.0032903269425475141 0.0022583701407574929 0.0021703895275129183 -0.0053961538160961914 -0.012829701279073798 -0.01246159234152823 0.0011069491760302998 -0.00040956953086522833 -0.009619529739059253 -0.0035363821694760684 -0.0038545153812213511 0.0033268554473404413 -0.027292694684863263 -0.0058546257625657714 -0.00050646336696273957 0.00046517369004847608 -0.006684425276452079 -0.0048595367825873146 0.0012169318526653119 -0.0048453114990047366 0.0022010415506001162 -0.0040122572069043764 0.0010904758875342898 -0.00028321870683901566 -0.00172076896587599 0.0014089015416643568 -0.0013783489617189848 0.00078740644808222317 -0.0041521501478856788 0.00091858487266110133 0.00078036441706432749 -0.0012468007666849832 0.0011393539994933803 0.0005018377479611573 0.0001991794039719393 -0.0044656234733388258 0.0017690497239712122 -0.001200357381464944 0.00072233699155978368 -0.00015207063654040722 -0.0070524041429619226 0.0051791344367902743 -0.01156298423274227 -0.0059483282675597653 -0.0040395905362119091 0.0012716055827179217 -0.012008626069738952 -0.00091041383186103101 0.0038802733341120133 -0.0014643280273272722
leaf_weight=228 110 2898 63 79 42 40 1404 2731 101 1084 5082 123 77 1055 172 58 66 54 111 1732 63 40 120 50 63 42 392 2694 84 59 161 71 103 48 870 369 72 75 106 2829 43 2485 84 53 100 970 48 40 42 1091 68 42 77 48 42 64 128 535 47 62 318 670
leaf_count=228 110 2898 63 79 42 40 1404 2731 101 1084 5082 123 77 1055 172 58 66 54 111 1732 63 40 120 50 63 42 392 2694 84 59 161 71 103 48 870 369 72 75 106 2829 43 2485 84 53 100 970 48 40 42 1091 68 42 77 48 42 64 128 535 47 62 318 670
internal_value=0.000503076 0.000745072 0.00112258 0.000176099 -0.000123917 -0.000582103 0.00166337 0.000326831 -0.00414365 -3.7605e-05 7.66795e-05 0.00164981 -0.00223881 0.00106663 -0.0016316 -0.000928454 -0.00354934 -0.00506903 -0.00396825 -0.000642099 -0.00327536 -0.00514423 -0.00276486 -0.00461956 -0.00630531 -0.0106132 0.00117177 0.0015423 0.000590649 -0.000434546 -0.00292471 -0.00509804 -0.00305944 -0.00650273 0.00054003 -0.0021696 0.00114559 -0.00149194 0.00128756 0.00160933 -0.00181985 0.00198334 0.00125712 -0.00300725 -0.000161423 -0.000830027 -0.00150412 0.000278114 -0.00590361 -0.00249831 -0.00507184 -0.006625 -0.0112917 -0.00310559 -0.00170635 -0.00610619 0.000259068 0.000966443 -0.00192857 -0.0055 0.00125489 0.000141557
internal_weight=32678 22574 13556 9018 7504 5419 1514 2911 180 10104 9770 1284 200 2085 2508 1830 678 506 440 1790 334 103 386 275 225 105 13453 8214 5239 1840 517 356 285 182 1323 453 3399 123 3327 2935 271 5520 2622 137 8486 3276 2306 826 82 1480 347 279 119 160 1133 112 5210 744 209 109 2043 988
internal_count=32678 22574 13556 9018 7504 5419 1514 2911 180 10104 9770 1284 200 2085 2508 1830 678 506 440 1790 334 103 386 275 225 105 13453 8214 5239 1840 517 356 285 182 1323 453 3399 123 3327 2935 271 5520 2622 137 8486 3276 2306 826 82 1480 347 279 119 160 1133 112 5210 744 209 109 2043 988
cat_boundaries=0 1 2 3 4
cat_threshold=2408 10 16 22
is_linear=0
shrinkage=0.05


Tree=58
num_leaves=63
num_cat=7
split_feature=9 38 2 2 39 25 27 42 8 27 19 6 22 9 27 6 4 25 11 11 31 39 21 22 44 6 1 27 39 26 41 4 11 31 30 11 19 9 22 12 27 22 12 33 33 22 11 7 30 31 12 42 28 18 30 42 22 16 18 25 1 7
split_gain=1.82651 1.60186 1.68489 1.56801 1.72189 2.09134 1.46567 2.10154 3.74444 2.09923 1.8373 1.43066 1.90216 1.5892 1.43059 1.36273 1.33067 1.51225 2.14249 2.44304 1.35029 1.29457 1.24528 1.49277 1.22916 1.21535 1.19655 1.1637 1.12869 2.78607 2.4765 2.18811 1.16807 1.07018 2.19582 2.18082 1.74559 1.37367 1.91259 1.22378 1.11045 1.18141 1.55517 1.06347 1.22599 1.37773 1.70031 1.17307 1.05987 1.50252 1.54367 1.43985 1.3554 1.24062 1.44129 1.05289 1.51615 1.00859 1.25396 0.989422 1.54904 1.6667
threshold=0.060691000881640686 0 0.80188677027751398 -0.36504798334554772 1 2 18.500000000000004 0.93798076923076934 0.051359463235631106 1.5000000000000002 0.00019496782337171149 6.8841892690640014 -0.078781205722074268 0.11105627342581643 47.500000000000007 6.7939639423100342 -0.26539100540296617 3 69.500000000000014 83.500000000000014 35.750000000000007 4 746.66500000000008 0.68992052030133333 1.0000000180025095e-35 7.0222710942220248 -0.24946150898181149 16.500000000000004 5 5.5000000000000009 19.441020733652319 -0.17435288714452743 84.500000000000014 168.25000000000003 19.350000000000005 55.500000000000007 -0.088045976038627807 0.13581423052615452 1.0000000180025095e-35 20.500000000000004 37.500000000000007 0.61908518982862593 73.500000000000014 26.921428571428574 30.792857142857141 0.16919791381865604 82.500000000000014 8.4555417248955198 40.450000000000003 218.95000000000002 36.500000000000007 0.89209979209979218 1.0000000180025095e-35 -0.32777568761282572 15.150000000000004 0.63211600429645554 -0.57294444648252218 0.60632437607867951 -0.45600476450064958 6 -0.075507552508144546 6.9875297620346597
decision_type=8 1 2 2 1 1 2 2 10 2 2 2 8 10 2 2 2 1 2 2 2 1 8 10 2 2 2 2 1 2 2 2 2 2 2 2 2 10 8 2 2 10 2 2 2 10 2 2 2 2 2 2 2 10 2 2 10 2 8 1 2 2
left_child=28 2 15 59 14 43 7 27 -9 10 -10 -11 26 -14 16 -2 17 18 20 -20 -5 -17 -8 48 25 -15 -13 57 29 -1 31 -31 -33 40 35 36 -35 38 -38 -36 -23 -42 -43 -6 47 -46 -47 -45 49 -24 -51 52 -50 -52 -55 56 -18 58 -7 60 -3 -62
right_child=1 3 -4 4 5 6 22 8 9 11 -12 12 13 24 -16 21 55 -19 19 -21 -22 33 23 -25 -26 -27 -28 -29 -30 30 -32 32 -34 34 39 -37 37 -39 -40 -41 41 42 -44 44 45 46 -48 -49 51 50 53 -53 -54 54 -56 -57 -58 -59 -60 -61 61 -63
leaf_value=-0.0028965022249172511 0.0028402913911464885 0.0023713420571701109 -0.015437085080982538 0.00065098404786086508 0.0036890326672258597 -0.0025751462185973854 0.0019128943340613125 -0.0089817347400734122 -0.010628385655906878 0.00079531732463739816 -0.0012256908172395024 -0.0031207676522099102 -0.003898512257030104 -0.00292447683142179 -0.00017865379122953932 0.00091374076651027703 -0.0087621760256824006 0.0009544541879582272 -0.0073842693094045009 0.0016416473032260142 -0.0058356969546135267 0.00087894310912152527 -0.00037632290468743793 -0.0080570703621125183 -0.0096514273359184291 -0.0015937061334493907 0.00096237026547685972 -0.0029815514077885562 0.0023818374365023182 0.007277347232830131 0.0010603329045728383 -0.0013935581864698507 -0.0011903808041256912 0.0022907833463878999 0.0025142831419851302 9.3658840774326303e-05 -0.0054048843584425148 -0.0083465168221135855 -0.0064221479359262553 -0.0002884613495018566 0.00016302002928358131 -0.0081217204906527413 0.00069442778247147245 -0.0003023621935223799 0.0017149038358428631 -0.00015435278944915987 -0.018661397578511246 -0.0091861938497006437 0.00043118561323116187 -0.017706889147000766 -0.0048077571736272248 0.00097428645589883007 -0.011156840216328167 -0.0085192916642443783 0.001058438963247599 0.0011501053963088763 0.0046382139724563971 -0.0036545624194307801 0.002233412899984365 0.0038716662687284312 0.0045953461091802874 -0.0051073850380872841
leaf_weight=51 429 562 54 201 471 208 218 56 65 185 45 43 40 68 2858 3109 62 434 75 45 50 2207 2482 43 72 259 246 57 898 45 856 40 44 47 323 153 44 98 55 901 1868 72 50 2937 1779 348 48 54 55 43 71 730 42 43 93 4390 51 130 441 1055 42 145
leaf_count=51 429 562 54 201 471 208 218 56 65 185 45 43 40 68 2858 3109 62 434 75 45 50 2207 2482 43 72 259 246 57 898 45 856 40 44 47 323 153 44 98 55 901 1868 72 50 2937 1779 348 48 54 55 43 71 730 42 43 93 4390 51 130 441 1055 42 145
internal_value=0.000458286 0.000364517 0.000907547 0.000124573 -5.62958e-06 -0.000403233 -0.00107466 -0.00220511 -0.00366204 -0.00296387 -0.00945946 -0.00217177 -0.00316872 -0.00523864 0.000547878 0.000959709 0.00103409 -0.000837469 -0.00312827 -0.00867769 -0.000575397 0.000827173 -0.000510337 -0.000732723 -0.0042625 -0.00294207 -1.72412e-05 -0.00032258 0.00194832 0.000792741 0.00139452 -0.00503846 -0.00976471 0.000384286 -0.000705918 -0.00393216 -0.00685714 -0.00891414 -0.01305 0.000342857 0.000806337 -5.02258e-05 -0.00479675 0.00028063 7.35438e-05 0.000976563 -0.00168766 -0.000583222 -0.000619382 -0.00109404 -0.00478088 0.000948068 -0.0047449 -0.00295673 -0.000145985 0.00136878 -0.00337719 0.000185898 0.000992308 0.00153463 0.000125 -0.00380319
internal_weight=32686 30752 9410 21342 19538 11372 5735 1915 1079 1023 110 913 728 439 8166 9356 5308 805 371 120 251 8927 3820 3602 399 327 289 836 1934 1036 985 129 84 5818 1621 397 244 197 99 1224 4197 1990 122 5637 5166 2175 396 2991 3559 2732 250 827 97 207 136 4503 113 779 649 1804 749 187
internal_count=32686 30752 9410 21342 19538 11372 5735 1915 1079 1023 110 913 728 439 8166 9356 5308 805 371 120 251 8927 3820 3602 399 327 289 836 1934 1036 985 129 84 5818 1621 397 244 197 99 1224 4197 1990 122 5637 5166 2175 396 2991 3559 2732 250 827 97 207 136 4503 113 779 649 1804 749 187
cat_boundaries=0 1 2 3 4 5 6 7
cat_threshold=2 653 3888 2067 1126 484 2274
is_linear=0
shrinkage=0.05


Tree=59
num_leaves=63
num_cat=4
split_feature=1 39 4 3 6 38 18 25 27 27 16 27 33 30 27 21 7 30 8 17 21 42 13 2 30 35 8 15 12 41 8 13 10 12 33 0 27 35 3 13 42 30 44 15 15 33 4 2 25 10 17 1 41 3 6 12 27 30 1 8 27 31
split_gain=1.89483 1.58643 1.42919 1.59271 1.54329 1.55443 1.61107 1.57949 1.56842 1.74975 1.92972 1.51361 1.66107 1.78113 1.46034 2.01502 1.81886 1.45625 1.43254 1.32842 1.73396 1.31467 1.28326 1.12898 1.06903 1.0352 1.0211 1.00241 1.24139 0.966635 1.00711 1.73844 1.53664 2.23721 1.09896 1.07487 0.963273 1.60088 1.34274 1.1482 1.14762 0.987019 0.999768 1.11168 1.58113 1.10296 0.986412 1.26969 1.36976 1.2519 1.19879 0.990799 1.15453 1.21492 1.09884 1.11901 1.08281 1.50114 1.07408 0.95749 1.27651 1.0788
threshold=0.040051353749622105 0 -1.4388113718587412 -0.72901791152133277 7.6560336283832342 1 -1.34657701351496 2 32.500000000000007 44.500000000000007 0.95265837604502979 39.500000000000007 29.921428571428574 7.1500000000000012 16.500000000000004 1200.5000000000002 7.5781884763109923 4.8500000000000005 0.29400285829513723 0.65103439481181857 6257.5000000000009 0.92084377610693413 0.34384930321744817 0.0069207187065671869 33.95000000000001 1.7736008712654754 0.35499874538138659 0.2876820724517809 78.500000000000014 1.7360681114551086 0.13973965896656088 1.1992507387220812 -0.048070862040311184 29.500000000000004 35.635714285714293 -0.018562872242033009 48.500000000000007 0.66966101858320537 0.36179129460457876 1.146778184534625 0.93861852433281012 118.00000000000001 1.0000000180025095e-35 -0.31017098456497988 -0.54428779215713863 36.350000000000009 0.095310179804324338 -0.022030387960464633 3 -0.036231116225118758 0.97621166414477234 -0.26236426446749078 7.0433035714285719 -0.074361293621711053 6.9236582515130403 36.500000000000007 5.5000000000000009 33.650000000000013 -1.0000000180025095e-35 0.44054331623321369 56.500000000000007 3.2500000000000004
decision_type=2 1 2 2 2 1 10 1 2 2 2 2 2 2 2 8 2 2 10 2 8 2 2 2 2 2 10 2 2 2 10 2 2 2 2 2 2 2 2 2 2 2 2 2 2 2 2 2 1 2 2 2 2 2 2 2 2 2 2 8 2 2
left_child=1 25 17 -4 5 6 -5 18 -7 10 11 -10 13 -13 19 -16 -17 -3 -8 22 -21 -20 -6 -14 59 36 29 -9 -29 -24 34 32 -32 -34 -31 -35 46 38 40 -40 41 42 43 44 -38 -45 47 48 -1 50 51 -49 53 -53 -54 -56 -57 58 -58 61 -61 -11
right_child=-2 2 3 4 14 8 7 27 9 24 -12 12 23 -15 15 16 -18 -19 21 20 -22 -23 26 -25 -26 -27 -28 28 -30 30 31 -33 33 35 -36 -37 37 -39 39 -41 -42 -43 -44 45 -46 -47 -48 49 -50 -51 -52 52 54 -55 55 56 57 -59 -60 60 -62 -63
leaf_value=0.0038219845193172225 -1.0630689677867103e-05 0.0037893927086909366 0.007321744000643832 -0.0058819461012399816 -0.010639074794926529 0.0024355394677779527 -0.00021812052032298306 0.00239322085020119 0.00066498936614611153 0.0034883502718011774 -0.0032518831629520166 -0.014911837523408423 0.0053047052724764093 -0.0015469704293832691 -0.014019503673218464 -0.0056656949947098325 0.00040948454242890187 -0.0099827244844369195 -0.0012212312479762501 -0.0083672901103735656 0.0033954276797899634 -0.010497834627399975 0.0050939036553453929 -0.0073465876459862939 0.0050801801212887335 -0.0029138789168471984 0.0030944951270223519 0.00010496595828560492 -0.010087343608300329 0.00020257503584417916 0.00070746824541662381 -0.0081370749295674449 -0.010138765800130673 0.00095031488378099615 -0.00538513165893855 -0.005201642993385395 -0.002470388774380855 -0.0031117613360232455 -0.00013155917247371462 -0.006318150447608451 0.0011014249154179619 -0.0042841618031032825 0.00078472204628645965 0.00061075800129634875 -0.010678077262166014 -0.0019740336620781775 0.0018666726392760362 0.0040788804500235106 0.0010664470516227908 0.00071095997731509403 -0.001701072256625899 -0.0074231566334089132 -0.0015951911676378057 9.8540071184908759e-05 0.0013317255386921236 0.0032725388509069631 -0.004525606781372888 0.0025212397357341505 6.3050167284510925e-05 0.0019865302967704388 -0.0043165603723577545 -0.00023212620296029259
leaf_weight=499 12937 40 343 114 74 1728 191 529 252 347 56 40 53 50 78 78 2543 51 67 71 40 76 52 40 358 43 190 247 47 402 176 51 50 68 65 67 91 42 70 43 1718 55 887 367 47 48 1864 80 2559 1276 50 68 47 62 194 46 88 57 47 44 45 615
leaf_count=499 12937 40 343 114 74 1728 191 529 252 347 56 40 53 50 78 78 2543 51 67 71 40 76 52 40 358 43 190 247 47 402 176 51 50 68 65 67 91 42 70 43 1718 55 887 367 47 48 1864 80 2559 1276 50 68 47 62 194 46 88 57 47 44 45 615
internal_value=0.000441853 0.000750749 0.000277035 0.000338992 0.000209995 0.000805102 -0.000698128 -0.000142487 0.00133004 0.000341925 -0.00222561 -0.00108945 -0.00453804 -0.00934066 -0.000517973 0.000146296 0.000383295 -0.00592391 -0.00298551 -0.00188982 -0.00709821 -0.00684028 -0.0014005 0.000159575 0.00123759 0.00117675 -0.000975936 0.00103717 -0.00128814 -0.00165773 -0.00205114 -0.00384988 -0.0026105 -0.00577957 -0.000459402 -0.00238971 0.00121046 0.000516474 0.000640217 -0.00469298 0.000829185 -0.000183823 6.93964e-05 -0.00159747 -0.00546763 -0.000300481 0.00154728 0.00118546 0.00182739 0.000210814 -0.00142568 -0.000876811 -0.00156557 -0.00572519 -0.000427083 0.000369515 -0.00192469 -0.00357513 -0.00643382 0.00043251 -0.0045 0.000893043
internal_weight=32623 19686 9338 9247 8904 4899 1271 1157 3628 1900 491 435 183 90 4005 2699 2621 91 334 1306 111 143 1195 93 1409 10348 1121 823 294 931 879 412 361 185 467 135 10305 3368 3326 113 3213 1495 1440 553 138 415 6937 5073 3058 2015 739 689 609 130 479 432 238 192 135 1051 89 962
internal_count=32623 19686 9338 9247 8904 4899 1271 1157 3628 1900 491 435 183 90 4005 2699 2621 91 334 1306 111 143 1195 93 1409 10348 1121 823 294 931 879 412 361 185 467 135 10305 3368 3326 113 3213 1495 1440 553 138 415 6937 5073 3058 2015 739 689 609 130 479 432 238 192 135 1051 89 962
cat_boundaries=0 1 2 3 4
cat_threshold=607 4 195 1072
is_linear=0
shrinkage=0.05


Tree=60
num_leaves=63
num_cat=8
split_feature=21 9 2 39 25 18 41 18 2 14 6 22 8 17 14 8 21 33 22 39 11 22 0 41 18 19 23 8 2 22 18 24 27 39 21 30 25 4 41 22 33 30 41 4 30 6 41 3 25 9 6 0 22 41 23 13 39 0 4 6 30 2
split_gain=1.7242 1.9301 1.77623 1.65214 1.39761 2.23956 1.78578 1.98081 1.41869 1.38678 1.36107 1.52207 1.33008 1.31013 1.42966 1.30343 1.21368 1.43318 1.21035 1.20412 1.72199 1.54307 1.41347 1.13123 1.07191 1.14402 1.67598 1.06753 1.05893 1.72077 1.35455 1.04712 1.03102 1.02543 1.83438 1.6125 1.02006 1.07571 0.998487 1.34463 0.979597 0.969208 0.967235 0.95412 0.963201 1.50549 0.950495 0.927735 0.92621 0.925154 0.901165 0.899097 0.896241 1.31579 0.892289 1.0011 1.04148 0.882695 1.01223 0.996485 1.2462 1.03895
threshold=850.83500000000015 0.063162595168263211 -0.014720737854791997 0 1 -1.2268052121246715 2278.044484126985 0.79279767801635936 0.13353139262452321 0.052680257828913175 7.4682905009729401 0.53073315717158775 0.18669622232405675 0.78559485462679934 0.008658062743114538 0.024454401771162638 3993.7500000000005 35.407142857142865 -0.66609198338540654 2 79.500000000000014 0.18232202849229037 0.093090666968510774 7796.7717079741387 1.2349926318459101 0.016916900751455455 0.20763936477824452 0.031023541818536476 0.074107972153722126 -0.1053105131576596 0.17518474019666608 3 29.500000000000004 4 4005.0000000000005 12.450000000000003 5 0.23314388466754424 2.1092329545454551 -0.37565313560212882 32.778571428571439 85.65000000000002 73.210916442048529 0.60005614773746363 118.00000000000001 7.8477763057357706 422.86802884615395 0.12990508659804248 6 0.10864411515723382 6.8661347114009796 0.14637938515217599 -0.53137151115634285 8.0578784119106697 -0.42732928329821201 0.28571410204086883 7 -0.71026080041244855 -1.4388113718587412 7.673331494934982 14.250000000000002 -0.10141859996608059
decision_type=8 8 2 1 1 10 2 10 2 2 2 10 8 2 2 8 8 2 8 1 2 8 2 2 10 2 10 8 2 8 10 1 2 1 8 2 1 2 2 10 2 2 2 2 2 2 2 2 1 10 2 2 8 2 8 2 1 2 2 2 2 2
left_child=36 23 3 24 5 9 12 28 -9 19 11 32 43 15 -15 -12 38 18 -18 -4 21 22 -21 -2 57 26 -26 -20 29 -8 -31 -29 41 34 -17 -36 37 40 39 -5 -1 -7 -23 44 54 -46 -43 -19 50 -14 -40 -30 53 -33 55 -6 -57 -3 -59 60 -60 -61
right_child=1 2 4 16 6 10 7 8 -10 -11 13 -13 49 14 -16 33 17 47 27 20 -22 42 -24 -25 25 -27 -28 31 51 30 -32 52 -34 -35 35 -37 -38 -39 48 -41 -42 46 -44 -45 45 -47 -48 -49 -50 -51 -52 -53 -54 -55 -56 56 -58 58 59 61 -62 -63
leaf_value=-0.0026227644473804622 0.00075487304997031053 0.010921176488618636 0.00045740975277012443 -0.006129677533711359 -0.0034232144950446367 0.0028599646696046564 0.0015177477092134547 -0.0014299712963117325 -0.0091874931611437699 -0.0083246469616309639 -0.0088463596602418228 -0.0084490501812529185 -0.0092007071387349391 -0.0073036485388084053 -0.0003814280724661255 0.00071495117454559512 0.0045767718282738578 0.0030200354068544589 -0.0030861407318934272 -0.0077701185397015737 0.0012828301207135713 0.0005215671315887976 -0.0055432442201281077 0.0026791243328938637 -0.0013439448259716139 -0.00030327986975289822 -0.0068736833454722387 0.0010800721512522222 0.0005187962405849611 -0.0015353623540635814 -0.0035794916609003117 -0.0032492958856501714 0.00027739817197411078 0.0007480830305180207 -0.00032298458932501078 -0.010893808574457792 0.001570169236311288 -0.0049383192945777329 -0.0028233490466256501 0.00071442820468393768 0.0014562649639500713 0.0031135981361544466 -0.0032084622614194647 0.0022220287070022974 0.00073005429054177147 -0.0045477881497126959 -0.00090648726033046268 -0.0014809034096331592 0.0025376683148688509 -0.00080282317120226377 0.0010749934823615422 -0.0028844400361700295 -4.1339284131318115e-05 0.0014010118795734078 0.00022871953427898675 0.00022244148183161137 -0.0027548412092704829 -0.0099951116695947417 1.1612439158670272e-05 2.5562207826181012e-05 0.0030098525097753842 -0.0023821460146229547
leaf_weight=84 1912 116 428 52 64 976 48 48 40 74 78 51 40 71 266 273 384 807 72 82 80 115 57 282 88 347 40 729 161 63 44 76 1005 3412 99 103 1619 41 76 168 158 69 41 353 49 60 54 98 1866 3279 1270 40 2554 78 3710 416 239 44 1589 1064 803 416
leaf_count=84 1912 116 428 52 64 976 48 48 40 74 78 51 40 71 266 273 384 807 72 82 80 115 57 282 88 347 40 729 161 63 44 76 1005 3412 99 103 1619 41 76 168 158 69 41 353 49 60 54 98 1866 3279 1270 40 2554 78 3710 416 239 44 1589 1064 803 416
internal_value=0.000515051 0.00042513 0.000315916 0.000756398 -3.50239e-05 0.00047243 -0.000465089 -0.00355056 -0.0102247 -0.00189636 0.000795138 0.0018205 -0.00029838 0.000281199 -0.0027071 0.000535805 0.00117704 0.000664722 0.000247817 -0.00128731 -0.00330311 -0.00515203 -0.00896429 0.00185421 -1.43867e-05 -0.0022584 -0.00627907 -4.41594e-05 -0.00187675 -0.00496795 -0.00847222 8.28972e-05 0.0020285 0.000664866 -0.00149177 -0.00512315 0.00197583 -0.00079932 0.0018963 -0.00135747 0.000452675 0.00308636 -0.00171974 0.000225879 3.0844e-05 -0.00459091 -0.00108871 0.00245585 0.00211951 -0.00107078 0.00109064 0.000519802 -0.00037146 -0.00406452 0.000145598 -0.00146528 -0.000876524 0.000250434 0.000122543 0.00020914 0.00083995 -0.000810263
internal_weight=32821 30919 28725 12737 15988 7334 8654 444 88 877 6457 2155 8210 4302 337 3965 8230 4798 3893 803 375 295 139 2194 4507 475 128 3509 356 155 107 3437 2104 3887 475 202 1902 283 3432 220 242 1099 156 4891 4538 109 123 905 3212 3319 1346 201 2708 154 4429 719 655 4032 3916 3872 2392 1480
internal_count=32821 30919 28725 12737 15988 7334 8654 444 88 877 6457 2155 8210 4302 337 3965 8230 4798 3893 803 375 295 139 2194 4507 475 128 3509 356 155 107 3437 2104 3887 475 202 1902 283 3432 220 242 1099 156 4891 4538 109 123 905 3212 3319 1346 201 2708 154 4429 719 655 4032 3916 3872 2392 1480
cat_boundaries=0 1 2 3 4 5 6 7 8
cat_threshold=3360 944 3099 8 338 1040 397 7181
is_linear=0
shrinkage=0.05


Tree=61
num_leaves=63
num_cat=8
split_feature=1 39 7 25 2 10 39 13 19 1 20 23 30 25 0 10 26 18 23 1 11 44 39 7 25 13 14 23 2 1 22 44 24 19 21 22 13 33 9 11 17 33 11 7 33 13 37 25 13 41 3 22 7 11 44 41 41 7 27 18 22 9
split_gain=1.63932 1.34794 1.59236 1.4593 2.59146 1.6598 1.59067 1.32031 1.33524 1.38125 1.56265 1.12659 1.88813 1.70642 1.10251 1.10211 1.50341 1.02014 0.931966 1.77762 1.16052 1.04124 0.928502 1.77265 1.03689 0.899559 1.05485 1.10575 1.0983 1.23662 1.05563 1.02206 0.894011 1.04787 1.26588 1.13682 1.37465 1.25343 1.02149 1.00329 1.04941 1.09658 1.45127 0.886811 1.08561 0.982175 0.885479 0.87085 1.25007 0.918173 0.868036 0.86701 1.04853 2.17534 1.17691 1.09583 1.21981 1.3347 0.871327 0.855878 1.45757 1.87096
threshold=0.0084387776961873957 0 7.040828235864959 1 0.51770662900975639 -0.39122887042163595 2 0.34384930321744817 0.12377628224284741 -0.026317308317373552 -1.0000000180025095e-35 0.73810653110817903 70.65000000000002 3 0.024098527189767797 0.089721301758114005 44.500000000000007 -0.12508698609155969 0.84768381177649477 0.095863642611209179 61.500000000000007 1.0000000180025095e-35 4 9.3340562387506676 5 0.58123122796666571 0.05715841383994847 -0.1502822030493379 -0.030526133893016279 0.071489035102831902 0.056540780875618375 1.0000000180025095e-35 6 0.038973896183180902 614.97000000000014 0.3936998594030674 0.35517009345794398 32.93571428571429 0.13485072789991295 6.5000000000000009 -0.70443962236544433 30.092857142857149 61.500000000000007 7.7440253999133821 26.278571428571436 1.6867942853659001 12.500000000000002 7 0.75969147286821714 23.124509012644612 0.8747180602934207 -0.42109216111082687 7.8823337570392544 26.500000000000004 1.0000000180025095e-35 7.3758333333333335 42.093333333333341 7.3952309186412526 32.500000000000007 0.1838639452226922 0.28038210854358653 0.38984335264894471
decision_type=2 1 2 1 2 2 1 2 2 2 10 10 2 1 2 2 2 10 10 2 2 2 1 2 1 2 2 8 2 2 10 2 1 2 8 8 2 2 8 2 2 2 2 2 2 2 8 1 2 2 2 10 2 2 2 2 2 2 2 10 8 10
left_child=1 15 -3 4 5 -4 51 14 43 -10 -11 22 13 -13 -7 -1 47 -14 -15 20 21 -20 23 24 50 26 27 30 -29 -30 -26 -31 39 35 -35 -34 37 38 -37 -24 41 -41 -43 45 -45 46 -9 -17 49 -49 -2 58 54 -54 -53 -56 -57 -58 -5 -46 -61 -62
right_child=11 2 3 6 -6 7 -8 8 9 10 -12 12 17 18 -16 16 -18 -19 19 -21 -22 -23 32 -25 25 -27 -28 28 29 31 -32 -33 33 34 -36 36 -38 -39 -40 40 -42 42 -44 44 59 -47 -48 48 -50 -51 -52 52 53 -55 55 56 57 -59 -60 60 61 -63
leaf_value=0.0013904881014600281 0.0018058275300036038 0.0013043996464055831 0.002964698870521231 0.0021471055995410551 -0.027358972304472443 -0.0019530860270050559 0.0010157922193607129 -0.0031324312718682447 -0.00091445357318218528 -0.0075139391322987196 -0.0007686478810340026 0.00060737406536229852 -0.0058892842386288691 -0.0026443553509925329 -0.0048241117155712037 0.003974796465055469 -0.0029036018887287894 -0.001563252362405599 -0.0017784553496597887 0.00092351366049495207 -0.0051015372646112276 0.001887624935964456 0.0011158795872771932 -0.015663138151517084 -0.0056053922508710538 -2.9934178814447043e-05 4.3863330011215468e-05 -0.006792182366155794 0.0030160279983987128 -0.0089105521369989716 0.0016922612036825693 -0.0014615607479421095 0.00087536815704643332 -0.0040528147719174614 7.9411247075738682e-06 -0.0010007092918741755 0.00041760325955391342 -0.0025308972706984617 0.0013405568112057034 -0.00054765273290652999 -0.00030847963971358333 -0.010029384764505087 -0.00074567398637816673 0.0024422237307742869 3.1248972345179677e-05 -0.0035279031131238633 0.00092835177955465694 0.0031308436496465448 -0.0069384659527920479 -0.001356384263000057 -0.011017632724683916 0.00025001840983219831 -0.00037258156572129455 -0.0069438711624725327 -0.0074532903478155945 0.0073276250038102958 0.00055690085398293616 -0.0063953049777152387 -0.0012340860288258067 -0.00050595243762964275 -0.007396552523049796 0.007322815714213538
leaf_weight=4532 544 2448 574 470 51 151 3645 41 361 60 49 550 46 88 41 118 61 60 73 263 57 48 407 45 45 1201 221 59 41 83 75 106 4161 44 2706 106 1953 52 93 118 1574 53 46 128 1058 44 1163 130 71 101 43 750 123 64 48 56 48 50 323 665 211 54
leaf_count=4532 544 2448 574 470 51 151 3645 41 361 60 49 550 46 88 41 118 61 60 73 263 57 48 407 45 45 1201 221 59 41 83 75 106 4161 44 2706 106 1953 52 93 118 1574 53 46 128 1058 44 1163 130 71 101 43 750 123 64 48 56 48 50 323 665 211 54
internal_value=0.000535972 0.000861786 0.000585639 0.000311859 -0.000342128 -0.000217344 0.000856299 -0.000576111 -0.000372881 -0.00286624 -0.00777273 0.000150715 -0.00132799 -0.000699074 -0.0046114 0.00155553 -0.000715767 -0.00766355 -0.00269444 -0.00179864 -0.00564246 -0.00282787 0.000278 -0.000600242 -0.000417528 -0.00100163 -0.00253566 -0.00403659 -0.0057069 -0.00411255 1.84725e-10 -0.00581579 0.000469357 0.000687596 -0.000127226 0.00104069 0.000122449 -0.00335317 -0.001525 -0.000434586 -0.00094587 -0.00419725 -0.00805 -2.3774e-05 -0.000647142 0.00103283 0.0013029 0.000356295 -0.00108626 0.000668104 0.00139632 -0.000303654 -0.0011886 -0.00460106 -0.000514166 -0.00389163 -0.00180645 -0.00515151 0.000963476 -0.000935143 -0.00204082 -0.00516917
internal_weight=32650 17689 12676 10228 4651 4600 5577 4026 3834 470 109 14961 1185 1079 192 5013 481 106 529 441 178 121 13776 2463 2418 1831 630 409 289 230 120 189 11313 9115 2750 6365 2204 251 199 2198 1791 217 99 3364 2116 1248 1204 420 302 231 587 1932 1139 187 952 202 154 98 793 1988 930 265
internal_count=32650 17689 12676 10228 4651 4600 5577 4026 3834 470 109 14961 1185 1079 192 5013 481 106 529 441 178 121 13776 2463 2418 1831 630 409 289 230 120 189 11313 9115 2750 6365 2204 251 199 2198 1791 217 99 3364 2116 1248 1204 420 302 231 587 1932 1139 187 952 202 154 98 793 1988 930 265
cat_boundaries=0 1 2 3 4 5 6 7 8
cat_threshold=117 1736 3328 2424 368 2184 2 1542
is_linear=0
shrinkage=0.05


Tree=62
num_leaves=63
num_cat=9
split_feature=0 38 9 22 25 39 15 9 21 21 38 39 2 6 12 30 17 3 20 8 20 26 39 5 33 21 11 17 23 10 18 11 8 8 16 15 2 2 22 15 3 0 33 19 6 17 29 9 16 25 39 11 9 20 17 14 37 20 5 25 9 23
split_gain=2.27266 1.65076 1.32987 1.21108 1.18752 1.32798 1.59334 1.17409 1.13071 1.71621 1.46049 1.7768 1.59638 1.3358 1.33535 1.18778 1.69883 1.14913 1.1045 1.48467 3.5866 1.03463 1.10821 1.11198 0.997445 1.01645 0.945382 1.07389 1.57038 0.998937 0.942236 1.09422 0.931947 0.920763 0.993743 0.952233 0.875527 1.31973 1.03074 1.39912 0.961071 0.898615 0.859753 1.23373 1.3226 1.47619 1.09253 2.16173 2.11792 2.03253 2.13006 1.6469 1.58225 1.74237 1.99923 2.03306 1.46869 1.4285 1.74913 1.08946 2.15204 2.47842
threshold=-0.037739558752669204 0 0.084389904237274119 -0.12675148041396941 1 2 -0.98082925301172574 0.068783870610502354 5904.1650000000009 11062.500000000002 3 4 0.60416755589163229 6.477328877607305 30.500000000000004 1.0000000180025095e-35 -0.09867783147311758 -0.074361293621711053 0.0048184949490962569 1.0000000180025095e-35 0.010298457071801123 5.5000000000000009 5 9.0625041071526411 38.335714285714296 3502.5000000000005 50.500000000000007 0.85952255972315361 0.57536414490356191 -0.40476620645578792 -0.53478071576289921 42.500000000000007 0.82563494565888085 0.14872544022268727 -0.3746934494414102 0.87859225051048606 -0.23889215828228669 1.0000000180025095e-35 -0.21309715905770898 0.02902583490858213 -0.087011376989629671 0.03872860913040866 26.921428571428574 -3.2251590956548215e-17 7.079211706129116 0.029024842958255363 1.0000000180025095e-35 0.10722729509744651 0.032776392973807196 6 7 84.500000000000014 0.14257124578026362 -0.043695226435781144 0.024350853572506995 -0.074363645432852885 35.500000000000007 0.0031985166585378742 8.5203132583900274 8 0.33224388444016645 0.15204717376195601
decision_type=2 1 8 8 1 1 2 8 10 10 1 1 2 2 2 2 2 2 10 10 10 2 1 2 2 10 2 2 10 2 8 2 8 8 2 2 2 2 10 2 2 2 2 2 2 2 2 8 2 1 1 2 10 10 2 2 10 10 2 1 8 8
left_child=1 -1 18 4 5 -4 -7 -3 10 14 12 -12 -5 -13 17 16 -16 -10 21 20 -20 -2 -23 30 25 42 27 29 -29 -9 31 -24 -6 34 -26 -35 -8 40 -39 -40 41 -38 43 -15 -45 -46 49 48 -48 -44 56 52 -52 54 55 -54 -51 58 -49 60 61 -59
right_child=2 7 3 8 32 6 36 26 9 -11 11 13 -14 24 15 -17 -18 -19 19 -21 -22 22 23 -25 33 -27 -28 28 -30 -31 -32 -33 -34 35 -36 -37 37 38 39 -41 -42 -43 46 44 45 -47 47 57 -50 50 51 -53 53 -55 -56 -57 -58 59 -60 -61 -62 -63
leaf_value=0.0014672665347162687 -0.00048731405290638932 0.0025520666537519471 0.00091381828187755423 0.00037119112244041674 0.00090837967335880845 -0.010015724870058539 0.0019479357643804622 0.003354257137899551 -0.0047398541345765079 0.0010027745401988489 0.00061781892894842384 0.0025133338367068843 -0.0099194581831145694 0.0029945135003766605 -0.0012004479138896696 -0.00471313806202691 -0.0071341786798067332 0.0020514762879950406 -0.0017934459415179594 0.00022147854656258414 0.0024073478434843924 0.0014953732038362935 -0.0026711989549520389 0.0022199552357982304 -0.005420729213166461 0.0011727435386715964 0.00096104540361590773 -0.0013124969678499207 -0.0042948685521976794 -3.4992672423685276e-06 1.4220484825270858e-05 -0.00047061691166731074 -0.0076210009352042406 0.004663470945549429 0.00023470113485085398 -0.0047487535996569314 -0.0010966920183599562 0.00079749565492404041 -0.0053836944961947837 0.0017781005135108011 -0.0013028482854476051 -0.0064546137921275785 0.00030672825569271958 -0.0036295878207312721 -0.0036108318379271319 0.00084353489116330076 -0.0031232879764822269 -0.00023361609422138047 -0.006895254450507796 0.00022379884875856028 -0.0060843376656456796 -0.0083563643481670748 -0.0042017554802282397 -0.00060374735397984334 -0.0026601191073541688 -0.014238995597078745 -0.0025800305094208506 -0.00092965722075193536 -0.014177412686182417 -0.0016904435373885256 0.0033613449075679809 -0.0091057371199685135
leaf_weight=3420 173 307 646 3390 3240 77 131 551 45 205 1749 220 73 378 42 261 44 86 43 1418 85 1621 40 73 57 256 3425 332 65 3448 183 49 75 309 174 42 84 331 43 44 150 75 1125 47 80 169 85 1073 47 690 84 43 43 477 101 57 53 101 60 610 79 213
leaf_count=3420 173 307 646 3390 3240 77 131 551 45 205 1749 220 73 378 42 261 44 86 43 1418 85 1621 40 73 57 256 3425 332 65 3448 183 49 75 309 174 42 84 331 43 44 150 75 1125 47 80 169 85 1073 47 690 84 43 43 477 101 57 53 101 60 610 79 213
internal_value=0.000482751 0.00104684 0.000174705 -7.44327e-06 0.000659588 -0.000467965 -0.0016649 0.0006561 -0.000267324 -0.00224415 -0.000153542 -0.000508716 0.000709557 -0.000880461 -0.00388309 -0.00550287 -0.0105747 0.000416667 0.00103771 1.93926e-05 -0.00511628 0.00177336 0.00209964 -0.000491573 -0.00101255 -0.00120828 0.000537586 5.23086e-05 -0.00242462 0.00029875 -0.00197802 -0.00616667 0.00119513 0.000960549 -0.00148707 0.00257102 -0.00105937 -0.00173764 9.54656e-05 -0.00471591 -0.00420968 -0.00690625 -0.00134882 0.000325926 -0.00208754 -0.00062 -0.0015773 -0.00238431 -0.00857143 -0.000891922 -0.00205901 -0.00382966 -0.00332896 -0.00251841 -0.00641089 -0.0113861 -0.000112732 -0.00199813 -0.000780423 -0.00337151 -0.00540842 -0.00739683
internal_weight=32697 11548 21149 17464 4896 1581 935 8128 12568 683 11885 8422 3463 6673 478 347 86 131 3685 1546 128 2139 1966 345 6453 5871 7821 4396 397 3999 272 89 3315 582 231 351 858 727 418 87 309 159 5615 674 296 249 4941 2268 132 2673 1548 805 762 678 201 100 743 2136 1133 1003 393 314
internal_count=32697 11548 21149 17464 4896 1581 935 8128 12568 683 11885 8422 3463 6673 478 347 86 131 3685 1546 128 2139 1966 345 6453 5871 7821 4396 397 3999 272 89 3315 582 231 351 858 727 418 87 309 159 5615 674 296 249 4941 2268 132 2673 1548 805 762 678 201 100 743 2136 1133 1003 393 314
cat_boundaries=0 1 2 3 4 5 6 7 8 9
cat_threshold=2 1666 6151 2 696 918 1690 4166 3272
is_linear=0
shrinkage=0.05


Tree=63
num_leaves=63
num_cat=9
split_feature=41 1 25 2 9 39 31 11 21 1 35 19 13 7 31 39 41 39 27 21 27 41 31 23 12 5 6 28 39 8 24 23 0 41 42 4 37 0 41 41 25 24 6 21 31 19 26 23 2 12 39 33 23 7 21 7 19 31 30 27 21 11
split_gain=1.5635 1.49395 1.33497 1.3687 1.55057 1.7506 1.79311 2.4783 2.42049 3.17302 1.30353 1.19488 1.26599 1.16245 1.37819 2.02683 1.58362 1.5826 2.05368 1.78018 2.37759 1.33499 1.15501 1.12533 1.5768 1.08739 1.06574 1.04505 1.12835 1.05783 1.03697 1.28666 1.29493 1.0811 1.02608 1.00599 1.63273 1.15018 0.961083 1.30849 1.1922 1.32162 1.7154 1.69915 1.30163 1.2098 1.29666 1.04503 0.950174 1.17914 1.17773 1.26718 1.14875 1.97201 1.20105 1.08384 1.04528 1.03964 1.67197 1.41406 1.40216 3.81177
threshold=5706.0234451450206 0.010787157094859447 0 -0.63174707572922484 0.16393674255250926 1 0.55000000000000016 42.500000000000007 5512.5000000000009 -0.093354976173381385 0.70376176146192615 0.0039087939809804122 1.4000009230776334 7.0484005966910557 1.7500000000000004 2 2278.044484126985 3 52.500000000000007 6132.5000000000009 14.500000000000002 1.9358453837597331 0.15000000000000005 1.4800561065603051 32.500000000000007 7.2805997219027283 7.7518153295508174 1.0000000180025095e-35 4 0.021341350041206315 5 0.18232155679395459 0.064538521137571983 50.992187500000007 0.96899038461538478 -0.51082562376598994 37.500000000000007 -0.092477453393916317 241.03746300780202 3.6715476190476193 6 7 8.3180409615116719 6006.2500000000009 43.500000000000007 -0.035601955120695687 42.500000000000007 0.62357463839736738 -0.23889215828228669 79.500000000000014 8 29.114285714285717 -0.69314718055994495 7.6206533606421951 1189.7500000000002 7.8754088830229749 -0.078306176371393185 202.50000000000003 0.25000000000000006 7.5000000000000009 7987.5000000000009 23.500000000000004
decision_type=2 2 1 2 10 1 2 2 8 2 2 2 2 2 2 1 2 1 2 8 2 2 2 10 2 2 2 2 1 10 1 10 2 2 2 2 10 2 2 2 1 1 2 10 2 2 2 8 2 2 1 2 8 2 10 2 2 2 2 2 8 2
left_child=1 2 10 -4 5 22 7 8 -7 -10 23 12 13 -3 17 -16 38 18 21 30 26 -15 -5 27 -25 -22 -21 28 -1 -30 -19 32 -32 -34 48 37 -37 -9 39 -17 41 -41 45 44 -44 46 -43 -40 49 -6 51 55 53 54 -52 -50 -51 58 59 -53 -61 -62
right_child=-2 11 3 4 34 6 -8 35 9 -11 -12 -13 -14 14 15 16 -18 19 -20 20 25 -23 -24 24 -26 -27 -28 -29 29 -31 31 -33 33 -35 -36 36 -38 -39 47 40 -42 42 43 -45 -46 -47 -48 -49 50 56 52 57 -54 -55 -56 -57 -58 -59 -60 60 61 -63
leaf_value=0.0010147201862199171 0.0016623866066383043 0.0009364508322085226 0.005882003730113234 0.002651673998051622 0.0015760076838425945 -0.00025398446674953151 0.00046661838492631307 0.00022634828510650291 -0.0021105333008819942 -0.01059386181408007 -0.0020501700057052696 -0.00018526932786424235 0.0024620764017888323 -0.0056519325803580239 0.00069494725253171138 0.0011329426257322215 -0.0060286437418814072 0.00011779274263369448 -0.0021391388055473732 -0.0070733973957484604 0.0015692665575894917 0.0019680733597030073 0.00075542120753097509 -0.0070373912829780729 0.00072299272005593403 -0.0046014666541526056 -0.010199578015558586 0.0016307566728876973 -0.0015340357831071774 -0.00081854264251174022 -0.0070998105202873295 0.00085720707409438722 -0.0061125698871704985 0.0021274519652261215 0.00050948603473181201 0.00046385740910946785 -0.0027794530078865515 -0.0056891577943782995 0.0025200246107783993 0.00026905289899266057 -0.00021289041778254692 -0.0029263206050192049 -0.0033058271159533536 -0.00074588681726671423 -0.0083392894252733787 0.001431732115772589 -0.0085865949023704868 -0.0016424396245056433 0.0034398494570762553 0.0051210461953544338 -0.00011177054116309823 -0.0061521260074615825 0.0001063216710841778 0.0005543816120193877 -0.0084737245118397947 -0.0014120925642043007 -0.0040488481213714006 -0.0092344119612771582 0.00041214825206506591 -0.00089843625375195702 -0.02227009761490914 -0.0014658334435618777
leaf_weight=969 519 1368 356 539 818 65 1904 42 46 45 45 6538 666 49 2450 419 57 397 92 44 53 496 2554 54 90 113 41 4306 52 438 40 67 45 45 1343 417 48 42 332 116 709 174 46 49 63 101 68 75 192 50 42 59 1509 98 44 405 191 83 245 280 47 106
leaf_count=969 519 1368 356 539 818 65 1904 42 46 45 45 6538 666 49 2450 419 57 397 92 44 53 496 2554 54 90 113 41 4306 52 438 40 67 45 45 1343 417 48 42 332 116 709 174 46 49 63 101 68 75 192 50 42 59 1509 98 44 405 191 83 245 280 47 106
internal_value=0.000443569 0.000399684 0.000711555 0.000397202 0.000300491 0.000878485 -7.82441e-05 -0.00223088 -0.0077707 -0.0129891 0.00131936 2.82046e-05 0.00043114 0.000245673 -4.80298e-05 0.000374464 -0.000722973 -0.00137559 0.000516975 -0.00277453 -0.00632936 0.00169414 0.00168009 0.00138663 -0.00296552 -0.00281437 -0.0130814 0.00149584 0.000339041 -0.00159681 -0.00131092 -0.00415865 -0.00725191 -0.00384615 -0.000297478 -0.000645454 0.000268241 -0.00564706 -0.00050627 -0.00101661 -0.00178598 -0.00336783 -0.00448242 -0.00886792 -0.0123182 -0.00257267 -0.0044856 0.00167892 -0.000684652 0.000608491 -0.00112504 -0.00218137 -0.000225939 -0.00394595 -0.00942529 -0.000443144 -0.00245868 -0.00347138 -0.00286585 -0.00454361 -0.00353687 -0.00737013
internal_weight=32756 32237 17524 11570 11214 5702 2609 705 156 91 5954 14713 8175 7509 6141 4659 2209 1482 637 845 251 545 3093 5909 144 166 85 5765 1459 490 594 197 130 90 5512 549 465 84 2152 1745 1326 617 501 158 109 343 242 407 4169 1059 3110 1417 1693 184 86 597 241 820 737 492 433 153
internal_count=32756 32237 17524 11570 11214 5702 2609 705 156 91 5954 14713 8175 7509 6141 4659 2209 1482 637 845 251 545 3093 5909 144 166 85 5765 1459 490 594 197 130 90 5512 549 465 84 2152 1745 1326 617 501 158 109 343 242 407 4169 1059 3110 1417 1693 184 86 597 241 820 737 492 433 153
cat_boundaries=0 1 2 3 4 5 6 7 8 9
cat_threshold=561 2780 5166 697 6671 28 1828 1 5642
is_linear=0
shrinkage=0.05


Tree=64
num_leaves=63
num_cat=4
split_feature=36 26 10 37 4 39 7 29 8 42 30 5 26 20 30 5 41 8 20 5 44 4 39 20 33 20 42 30 4 7 26 30 22 6 30 7 19 10 33 20 30 39 30 30 7 41 2 1 2 42 8 26 1 36 19 21 8 16 15 14 6 39
split_gain=1.51092 1.88923 1.82448 1.81689 3.15854 1.36087 1.81336 1.52834 1.68127 2.1059 2.42935 4.14222 1.75243 1.53303 1.41682 1.56312 1.42046 1.98141 1.50146 1.31331 1.31164 2.55595 1.82891 1.38181 1.60711 1.31388 1.2033 1.17785 1.13736 1.12789 1.34949 1.14747 1.37732 1.49128 1.11105 1.34069 1.85926 1.48697 1.06382 1.04044 1.46856 1.94858 1.79828 1.85181 1.57123 1.32437 1.22929 1.16645 1.02558 1.02204 2.3236 0.989696 0.991113 0.985121 0.975197 1.22148 1.31651 0.966793 1.17415 1.56233 0.966165 0.964481
threshold=7.0063692974840213e-05 19.500000000000004 0.079030426191054839 41.500000000000007 -0.17435288714452743 0 7.2509239494534841 1.0000000180025095e-35 0.25333500564983485 0.96638418079096056 0.25000000000000006 7.6031122975882903 10.500000000000002 0.03495251645695762 43.150000000000013 7.3530478702285045 4.3017370470200662 0.099431204710044227 0.024149340539233618 7.2992521538572346 0.18333333333333338 -0.032789822822990804 1 -0.030794805230570068 28.521428571428576 0.11019626532695952 0.99230769230769245 24.250000000000004 1.0565826160053355 8.2843670723383909 11.500000000000002 0.25000000000000006 1.0000000180025095e-35 8.4078268070567326 1.0000000180025095e-35 6.7217636430196466 0.10329729527053595 -0.086037749608437228 33.028571428571439 0.034300624860656971 4.8500000000000005 2 14.250000000000002 11.050000000000002 8.2272248585775483 4.6239754098360661 -0.060624621816435013 0.019418278164756501 0.0069207187065671869 0.87400793650793662 0.091103440693281454 7.5000000000000009 0.091171769499713409 2.3370899729330921 -0.1013991140031648 1647.5000000000002 0.11603590226708282 -0.70165765314453232 -0.30305917037215296 -0.20972053098206941 8.5677515953817203 3
decision_type=2 2 2 10 2 1 2 2 10 2 2 2 2 10 2 2 2 8 10 2 2 2 1 10 2 10 2 2 2 2 2 2 10 2 2 2 2 2 2 10 2 1 2 2 2 2 2 2 2 2 8 2 2 2 2 8 10 2 2 2 2 1
left_child=2 3 5 53 -5 6 34 14 9 10 19 -12 26 -14 29 -16 -17 18 -18 -9 28 23 -23 -22 -25 57 -11 38 -4 54 -31 32 33 -32 35 -1 -37 -38 39 -7 44 42 43 45 47 -42 -44 -41 61 50 -46 -49 -53 -2 55 -8 -57 -24 59 -59 -33 -40
right_child=1 -3 20 4 -6 27 7 8 -10 12 11 -13 13 -15 15 16 17 -19 -20 -21 21 22 25 24 -26 -27 -28 -29 -30 30 31 60 -34 -35 -36 36 37 -39 48 40 41 -43 46 -45 49 -47 -48 51 -50 -51 -52 52 -54 -55 -56 56 -58 58 -60 -61 -62 -63
leaf_value=0.0022961261414999722 0.00052235722127857347 0.0018960901480109479 -3.1474706023070035e-06 0.002921935288370329 -0.004585310689886225 0.00038468199099120891 -0.006301276910160275 0.0026977952777215188 0.00058816687189173079 -0.0028329548298724003 -0.015030299704009556 -0.0056746054073521738 4.6702560646914223e-05 -0.0053113776216814814 0.0010208039913032936 -0.0045047843960105095 -0.0032346978763116013 -0.0001197055580928744 0.00081251023853829124 -0.0063938545259832865 -0.0083250058866095721 0.00030968003084785075 0.0002050749739752519 -0.005770198609329368 0.00012319347775575795 0.0028391974513256148 -0.0010187921950910177 0.0014685753039959113 0.0030040855797477573 0.0033190972043978511 -0.0053441240139803199 0.00064030714749211586 0.0010421069394385093 -0.0017879324472791719 0.0018111590444678156 -6.7529450483379464e-05 -0.0016449593851301219 -0.0044459196125839979 0.0028625982541556944 0.0028224046563444568 -0.006151417389708866 0.00071763784074170491 0.0025500482120618096 -0.0081999028334770966 0.0023154829228903754 -0.0010042614399725794 -0.0049388336709196741 0.0027542301711389119 7.187127944481671e-05 -0.00049725999104284957 -0.0042238006095864011 -0.0080734819791198446 -0.0019499343398723208 -0.0018312699827029431 0.0011065097687077252 -0.0018203865799774053 0.0015279902324481327 -0.00025748065632317981 -0.0039651235879386076 -0.0093235713934610893 -0.0031571823214188903 0.00032709616065456818
leaf_weight=456 422 1027 8326 41 40 4089 41 45 271 40 50 49 345 51 159 80 90 379 43 45 57 992 103 53 91 100 45 3749 438 101 63 201 54 122 1967 702 109 52 1335 496 44 185 91 40 40 83 74 62 1181 352 77 41 75 44 1289 58 124 42 364 40 42 1339
leaf_count=456 422 1027 8326 41 40 4089 41 45 271 40 50 49 345 51 159 80 90 379 43 45 57 992 103 53 91 100 45 3749 438 101 63 201 54 122 1967 702 109 52 1335 496 44 185 91 40 40 83 74 62 1181 352 77 41 75 44 1289 58 124 42 364 40 42 1339
internal_value=0.000470145 0.00198095 0.000393452 -0.000392336 -0.0072561 0.000669702 0.00010799 -0.000637539 -0.00238323 -0.00372578 -0.00818421 -0.01355 -0.00196058 -0.000554156 -5.97118e-05 -0.00192154 -0.00310287 -0.00212476 -0.00735075 -0.0021978 -0.000138588 -0.00135106 -0.00069732 -0.00665842 -0.004 -0.00273485 -0.00843023 0.000966402 0.000116372 0.000608302 -0.00125856 -0.00236025 -0.0048125 -0.00685484 0.000967448 -0.000155303 -0.00131366 -0.00614197 0.000673608 0.000242609 -0.000812763 -0.00302124 -0.00521866 -0.00901786 0.000187937 -0.00597656 -0.00165663 0.00173333 0.00131613 -0.00203191 -0.00605932 -0.00173184 -0.00444444 0.000813705 0.00132849 -0.00171875 5.4645e-05 -0.00373636 -0.00474273 -0.0101205 6.14756e-05 0.00185794
internal_weight=32606 1574 31032 547 81 20426 7073 3787 941 670 189 99 481 396 2846 751 592 512 133 90 10606 1842 1641 201 144 649 85 13353 8764 2095 583 482 239 185 3286 1319 863 161 9604 5749 1660 517 332 167 1143 127 165 674 3855 469 117 178 116 466 1512 223 182 549 446 82 243 2674
internal_count=32606 1574 31032 547 81 20426 7073 3787 941 670 189 99 481 396 2846 751 592 512 133 90 10606 1842 1641 201 144 649 85 13353 8764 2095 583 482 239 185 3286 1319 863 161 9604 5749 1660 517 332 167 1143 127 165 674 3855 469 117 178 116 466 1512 223 182 549 446 82 243 2674
cat_boundaries=0 1 2 3 4
cat_threshold=2818 1715 5249 93
is_linear=0
shrinkage=0.05


Tree=65
num_leaves=63
num_cat=3
split_feature=41 22 39 10 26 22 6 35 39 31 12 9 3 33 1 33 33 40 41 8 3 4 18 18 18 44 15 31 5 19 0 19 11 21 31 31 4 14 15 33 10 9 11 2 0 4 18 0 3 11 2 26 26 41 0 1 30 18 6 39 31 30
split_gain=2.02414 1.82554 1.54584 2.16232 2.0474 2.10933 1.69124 1.43955 1.38067 1.347 2.67774 4.4635 1.99239 1.42709 1.32061 1.1675 1.25545 2.04286 1.79563 2.827 1.69566 1.498 2.68324 1.32873 1.30033 1.50847 1.28458 1.16601 1.89257 1.3963 1.8607 1.36478 1.27308 1.11468 2.67432 2.19786 3.3604 2.3065 1.34591 1.18341 1.09795 0.995935 0.994407 0.993343 1.20988 0.967827 0.967082 1.52547 1.22396 0.966113 1.24605 0.917563 2.17061 0.902906 0.872096 0.867294 0.838942 0.898067 1.75147 1.0288 1.93216 2.80002
threshold=7796.7717079741387 -0.031726573931293876 0 -0.10534388596619014 1.5000000000000002 0.60171473684794485 7.4682905009729401 0.08115950847818805 1 1.0000000180025095e-35 54.500000000000007 0.18207484013891354 -0.046253722292656889 24.878571428571433 -0.026317308317373552 26.778571428571436 27.750000000000004 4.5000000000000009 5.2436092513694472 0.11603590226708282 0.46505182054645161 0.23314388466754424 -0.21570224502706251 0.75422474719740396 -0.16277402613420011 1.0000000180025095e-35 -0.40546510810816444 5.9500000000000011 6.5597815977880751 0.077916148437978491 -0.061875378186193146 0.12377628224284741 6.5000000000000009 3001.2500000000005 73.65000000000002 224.65000000000003 0.24146276298810457 0.19574457712609553 -0.058394402110146786 39.164285714285718 -0.6969979491977315 0.18563786816474306 75.500000000000014 0.80188677027751398 0.044451762570834059 -0.010363385768512588 -1.34657701351496 -0.40546510810816433 0.95317701238384134 32.500000000000007 -0.10915066590167564 47.500000000000007 49.500000000000007 2.5086232530478743 0.045809571012691126 -0.037041271680349201 58.750000000000007 -3.1514693917031988 7.322846839368597 2 209.65000000000001 26.850000000000005
decision_type=2 8 1 2 2 8 2 2 1 2 2 10 2 2 2 2 2 2 2 8 2 2 10 10 10 2 2 2 2 2 2 2 2 10 2 2 2 2 2 2 2 10 2 2 2 2 10 2 2 2 2 2 2 2 2 2 2 10 2 1 2 2
left_child=1 8 6 -4 5 -5 27 9 -1 10 12 -12 14 -11 -8 -15 17 20 19 26 21 23 -23 49 25 -21 -18 28 -3 32 -31 41 -30 43 39 36 37 54 -38 42 -29 -32 -35 56 -45 -44 47 -10 -48 50 -17 -34 -53 -26 -36 -33 57 58 -6 60 -59 -62
right_child=-2 2 3 4 33 -7 7 -9 46 13 11 -13 -14 15 -16 16 18 -19 -20 24 -22 22 -24 -25 53 -27 -28 40 29 30 31 55 51 34 35 -37 38 -39 -40 -41 -42 -43 45 44 -46 -47 48 -49 -50 -51 -52 52 -54 -55 -56 -57 -58 59 -60 -61 61 -63
leaf_value=0.001134094220798184 0.001697241508919423 0.0034004690250145869 0.0017122765036791431 0.0017756460562081821 -0.0085979186172261031 -0.020366282528160362 3.3373060428459241e-05 -0.0041512302130840536 0.0073228932526964788 -0.0070160308238238064 -0.011675918139654788 0.0010639541702730838 0.0016607779593262981 0.00070620635821855944 -0.0057824870206857441 -0.0022079574899638798 -0.0010578571441417349 0.0024439067304547982 3.4748344930718096e-05 -0.005251105783975034 0.0055807136875642496 -0.0025178336573262248 -0.011912540273823581 0.0035581291234930536 -0.0028590310901070908 0.0020078086720869115 0.0021990230242951848 -0.0072079371697012021 -0.0068087065101345018 0.0013068586374717613 -0.0022159026024354293 -0.0026652129884237683 0.00010444622768968488 0.0014658070691705811 -0.0076079798488103492 -0.000230091588920223 -0.0067764119483298265 -0.011332741894680252 0.00095795763940477419 -0.0019428660366012911 0.00067648229123457157 -0.022498074136515639 -0.0043248616122315607 -0.011539241137550242 0.0011673639651224724 4.6948172880926465e-05 0.0003664952529051275 -0.0018874801935627101 -0.027615567557655697 0.00018344491226550736 -0.0087181166731874361 -0.0099151678832908405 0.0016061093592081859 -0.010925554245955345 -0.0029815138831457526 -0.0017163655286560203 0.001370986394944833 -2.9815872298995316e-05 -0.00015799474136286452 0.00048251711628015257 -0.0095371959522796076 0.00069029558767554728
leaf_weight=4365 385 320 1913 61 40 71 49 67 116 44 61 49 106 473 47 54 49 154 2210 73 42 49 55 41 50 81 175 47 76 122 41 52 1321 717 53 239 49 47 99 64 2821 40 54 40 40 99 7285 655 43 40 40 44 52 77 42 141 914 978 116 4906 66 75
leaf_count=4365 385 320 1913 61 40 71 49 67 116 44 61 49 106 473 47 54 49 154 2210 73 42 49 55 41 50 81 175 47 76 122 41 52 1321 717 53 239 49 47 99 64 2821 40 54 40 40 99 7285 655 43 40 40 44 52 77 42 141 914 978 116 4906 66 75
internal_value=0.000480946 0.000437932 0.000140072 0.000548439 0.000216623 -0.00593985 -0.000336276 -0.00109371 0.000912154 -0.000971393 -0.00412141 -0.0103604 -0.000689655 -0.000705232 -0.00587629 -0.000596343 -0.000940144 -0.00330882 -0.000524668 -0.00321146 -0.00557453 -0.00698214 -0.0117143 -0.00411932 -0.00654255 -0.00341935 0.000977778 0.000272745 -0.000590498 -0.00119312 -0.00382872 -0.00610909 -0.000491968 0.000311379 -0.000946038 -0.00378302 -0.00670103 -0.0121678 -0.0014094 0.000663102 0.000937609 -0.0115244 0.00114811 0.000567865 -0.00493827 -0.0025 0.000523428 -0.00115933 0.000701324 -0.00651852 -0.00926316 -0.000151622 -0.00484536 -0.0102734 -0.00755208 -0.00378866 0.000630637 0.000421385 -0.0033121 0.000518586 -0.000845133 -0.00630282
internal_weight=32695 32310 19846 10683 8770 132 9163 4086 12464 4019 312 110 202 3707 96 3663 3190 475 2715 505 321 279 104 175 281 154 224 5077 2209 1889 396 274 1493 8638 1463 529 290 142 148 934 2868 81 870 7175 80 153 8099 771 7328 134 94 1417 96 127 95 193 7095 6181 156 6025 1119 141
internal_count=32695 32310 19846 10683 8770 132 9163 4086 12464 4019 312 110 202 3707 96 3663 3190 475 2715 505 321 279 104 175 281 154 224 5077 2209 1889 396 274 1493 8638 1463 529 290 142 148 934 2868 81 870 7175 80 153 8099 771 7328 134 94 1417 96 127 95 193 7095 6181 156 6025 1119 141
cat_boundaries=0 1 2 3
cat_threshold=3331 2055 4160
is_linear=0
shrinkage=0.05


Tree=66
num_leaves=63
num_cat=9
split_feature=1 39 7 11 29 22 3 17 38 16 30 42 11 25 13 30 3 7 15 3 15 25 7 3 22 17 20 11 39 25 19 8 11 11 36 6 3 10 21 30 19 3 12 13 28 20 10 15 15 8 30 13 8 8 6 42 39 10 7 25 23 39
split_gain=1.35686 1.13882 3.18181 1.98513 2.11166 1.82505 1.21775 1.14807 1.45691 1.44758 1.12848 1.12084 1.31668 1.31313 1.19768 1.09285 1.28489 2.24395 1.80271 1.07388 1.07139 1.03416 1.0301 1.4509 1.50352 1.15812 1.06981 1.81943 1.00613 1.14639 1.32279 1.82547 1.60229 2.74005 1.59349 1.01844 1.00274 1.37205 2.24304 1.12514 0.97743 0.937113 1.67541 1.7365 0.934078 1.01293 1.22448 2.03795 1.14181 1.02829 1.04332 0.971524 0.930009 1.23347 1.376 0.9184 1.29489 1.99542 1.77702 1.20705 1.19584 1.40435
threshold=0.0084387776961873957 0 7.2975123859173738 66.500000000000014 1.0000000180025095e-35 0.68992052030133333 -0.72901791152133277 0.92452700127669296 1 0.08912916962838581 3.1500000000000008 0.89915254237288156 5.5000000000000009 2 1.6867942853659001 2.850000000000001 -0.082238098236972132 7.040828235864959 0.22314355131420979 0.56909660172728949 -0.77318988823348156 3 6.6549298037505364 0.61350217182287958 0.28038210854358653 0.71948537795134737 0.035667201286290827 57.500000000000007 4 5 -0.053529385164579273 0.14526634145221887 76.500000000000014 46.500000000000007 0.01069770486914519 9.1497516187823287 -0.22314355131420924 0.093760593263997563 1784.1650000000002 36.95000000000001 -0.045516630887938905 0.33969350189888609 62.500000000000007 1.058824152249868 1.0000000180025095e-35 -0.0029800538908744127 -0.18739259259821936 -0.23073685081812487 -0.8864838767881057 0.079654163263125508 50.95000000000001 0.6346975677063279 0.22715045546670451 0.16305829301163613 7.6246385588185914 0.83621460506706424 6 0.26121636266499643 8.3296084919266438 7 -0.71760896327869561 8
decision_type=2 1 2 2 2 8 2 2 1 2 2 2 2 1 2 2 2 2 2 2 2 1 2 2 10 2 10 2 1 1 2 10 2 2 2 2 2 2 10 2 2 2 2 2 2 10 2 2 2 10 2 2 8 10 2 2 1 2 2 1 8 1
left_child=1 2 15 5 -5 10 -3 21 -9 -10 -4 13 20 14 19 16 -1 -18 -19 -2 40 41 25 28 26 -14 -25 -28 35 30 -30 34 33 -33 -32 -24 -12 38 -38 -40 -13 44 -43 -44 45 48 47 -47 -8 50 51 -50 53 54 -7 60 57 -57 -58 -60 -23 -62
right_child=11 6 3 4 -6 52 7 8 9 -11 36 12 22 -15 -16 -17 17 18 -20 -21 -22 55 23 24 -26 -27 27 -29 29 -31 31 32 -34 -35 -36 -37 37 -39 39 -41 -42 42 43 -45 -46 46 -48 -49 49 -51 -52 -53 -54 -55 -56 56 58 -59 59 -61 61 -63
leaf_value=0.0013052657401122865 0.00090270882588287793 0.0059669107490111176 0.00054643406776969279 -9.7083931686748129e-05 -0.012777420290371783 -0.0081626695145680644 -0.0053346960162496924 0.0011343464961708061 -0.0056737109711305668 -0.0007019247892647751 0.00018180608938193736 0.00021964343725975911 0.0017854623617366387 -0.0013576277669058239 -0.008430306434594928 0.0022867932718980163 5.7340472926122759e-05 -0.00450135503246762 -0.012343084685599293 -0.0050567035836689474 0.0012873896307212221 -0.0030541060225784413 0.00022883990667158863 0.0010474985628547372 -0.013747351320823116 -0.0048907795111560971 0.00131851910931303 -0.0073494356055893969 0.0011130765239550685 -9.7433154172038485e-05 0.00059054196765631877 -0.0032280500135473547 -0.00048019185705088023 -0.0080197904822664184 -0.0020279774995313866 -0.0189607859830681 -0.00040597447139204684 0.00080773679466391256 -0.0038956422361957018 -0.0082256396328624984 -0.0023906844022277452 0.0015293273074935146 -0.0011256388347071025 -0.0069186134171149855 0.0015036022409330803 0.0049358940022102499 0.0018192224445740621 -0.004298672266269764 -0.0018795235329361723 0.001124195046348644 0.0023247298656106684 -0.0058260448674819871 -0.00075519395767698928 -0.017863243865731782 0.00069741630202233777 0.0015371051769845481 0.00020437396011282311 -0.026531026522040105 -0.0042921881470641401 -0.00030563672775170056 -0.0013687821631441846 0.00066493332532133133
leaf_weight=690 1113 310 294 44 56 49 58 334 49 350 214 164 590 1860 43 970 534 106 40 97 1671 75 5269 121 70 72 62 40 172 3233 165 60 56 54 44 65 103 100 43 40 68 221 71 41 4703 51 583 77 78 313 57 57 114 60 55 2528 2856 42 136 279 374 528
leaf_count=690 1113 310 294 44 56 49 58 334 49 350 214 164 590 1860 43 970 534 106 40 97 1671 75 5269 121 70 72 62 40 172 3233 165 60 56 54 44 65 103 100 43 40 68 221 71 41 4703 51 583 77 78 313 57 57 114 60 55 2528 2856 42 136 279 374 528
internal_value=0.000427486 0.000724667 -8.2316e-05 -0.00220801 -0.00891089 -0.00157502 0.000924059 0.000855216 -0.00106948 -0.00306098 -0.000352201 7.91917e-05 0.000298906 -0.000765896 0.000486551 0.000982486 7.29396e-05 -0.00146843 -0.00693878 0.000784476 0.00150473 0.000962754 7.0975e-05 -6.3217e-05 -0.00352041 0.00197587 -0.00149554 -0.00524272 4.82511e-05 -0.00057444 -0.00266014 -0.00435526 -0.00818713 -0.0115652 -0.00121429 0.000490178 -0.00179641 -0.00372822 -0.00625668 -0.0123214 -0.00167382 0.00142383 -0.00115269 -0.00610619 0.00156992 0.000368628 0.00162219 -0.0027907 -0.00121454 -0.000444664 -0.00331606 -0.00569853 -0.00505376 -0.00745455 -0.00409524 0.000533021 0.00077114 0.0016079 0.000108166 -0.00294471 -0.000884458 -0.000376523
internal_weight=32772 17683 3512 1172 100 1072 14171 13861 733 399 794 15089 11976 3113 1253 2340 1370 680 146 1210 1903 13128 10073 9411 293 662 223 102 9118 3784 551 379 170 114 209 5334 500 286 186 83 232 6310 333 112 5977 1274 711 128 563 505 192 135 278 164 104 6818 5841 2570 3271 415 977 902
internal_count=32772 17683 3512 1172 100 1072 14171 13861 733 399 794 15089 11976 3113 1253 2340 1370 680 146 1210 1903 13128 10073 9411 293 662 223 102 9118 3784 551 379 170 114 209 5334 500 286 186 83 232 6310 333 112 5977 1274 711 128 563 505 192 135 278 164 104 6818 5841 2570 3271 415 977 902
cat_boundaries=0 1 2 3 4 5 6 7 8 9
cat_threshold=2304 3 2708 2865 5676 6 189 64 676
is_linear=0
shrinkage=0.05


Tree=67
num_leaves=63
num_cat=4
split_feature=27 25 26 19 18 10 37 26 31 20 21 9 28 9 9 42 6 12 3 10 2 0 38 3 17 26 23 8 38 8 9 23 2 31 30 31 7 2 20 17 27 9 30 13 0 0 10 20 2 6 37 12 5 19 19 42 2 22 10 25 2 23
split_gain=1.48954 1.94033 1.3377 1.88011 2.67856 1.24698 1.25522 1.15683 1.26087 1.21891 2.18802 1.6578 2.88915 2.11449 1.1277 1.04094 1.64202 1.57376 1.48574 0.998926 0.967348 1.06906 1.06292 1.27282 1.76257 1.33551 0.943048 0.935173 1.25124 1.17405 1.37616 0.978069 0.922031 1.5046 2.06639 0.910776 0.890683 1.0285 0.888991 0.884787 0.925911 1.20934 0.878331 0.861502 1.30739 0.859459 1.16067 1.59697 0.794014 1.38207 1.29375 1.11265 0.998901 0.995147 0.975281 0.960003 1.41232 1.41449 1.18336 0.871396 1.11314 1.15695
threshold=39.500000000000007 0 48.500000000000007 0.025816295326766953 0.28373913970054965 0.011449547682197638 9.5000000000000018 27.500000000000004 393.5 0.039162524636687637 1050.0950000000003 0.12669521635475614 1.0000000180025095e-35 0.21616910403328379 0.65899743411060785 0.85825892857142871 9.0721276462554545 79.500000000000014 -0.20763936477824393 0.075106785789786482 -0.24334614842774724 0.40192497299249569 1 -0.51082562376598994 0.32335220277803628 31.500000000000004 -1.1570709635483944 0.070986418579119567 2 0.076106573779932421 0.10944055074706212 0.80093825107618877 -0.0088368005444658931 1.3500000000000003 18.350000000000005 330.10000000000008 8.9257078082899302 0.067774953016345854 0.28491262822305613 0.22095324629936378 42.500000000000007 0.15180927650565282 110.50000000000001 0.27014863648527021 0.042559614418796084 0.019585101315495738 -0.19943303791882136 -0.012166793809430457 0.082978249269814355 8.6359431390608368 35.500000000000007 44.500000000000007 9.1590986373533756 -0.24033358238363201 -1.7544966849639604e-16 0.89076704545454555 0.51770662900975639 -0.042056950764505947 0.2185246089095432 3 -0.048790164169431265 3.5491652450517446
decision_type=2 1 2 2 10 2 8 2 2 10 10 10 2 10 10 2 2 2 2 2 2 2 1 2 2 2 8 10 1 10 10 10 2 2 2 2 2 2 10 2 2 8 2 2 2 2 2 10 2 2 10 2 2 2 2 2 2 10 2 1 2 8
left_child=1 19 5 4 -4 6 -2 15 9 26 11 -11 13 -13 27 18 -17 -18 -8 -1 21 -3 43 24 -24 -26 -9 31 39 30 -30 -7 33 -20 -35 42 38 -38 -21 -29 -41 -42 -25 44 -22 -28 47 -47 49 59 53 -51 54 -50 -53 56 57 -55 -59 -31 -61 -62
right_child=2 20 3 -5 -6 14 7 8 -10 10 -12 12 -14 -15 -16 16 17 -19 32 36 22 -23 23 35 25 -27 45 28 29 48 -32 -33 -34 34 -36 -37 37 -39 -40 40 41 -43 -44 -45 -46 46 -48 -49 50 51 -52 52 -54 55 -56 -57 -58 58 -60 60 61 -63
leaf_value=0.0024913033310046766 -0.0045804537290287635 0.0015739288491563583 -0.00063918652281800062 0.0013130720736737535 -0.012051795437040155 0.00055289156332538831 0.0043897904116799507 -0.0022142837916956704 -0.0018037430298249797 0.0024556899101101006 0.00020797527324846097 -0.0099068993286099017 -0.0010524922481595866 -0.0053665172674980449 -0.01134286353747567 0.0015170752085806236 -0.0049811021468755858 0.0040728902040089617 0.00056678118756078161 0.00084811056778731251 0.00061231550553513426 -0.009409870938373947 0.00014916255073486995 -6.0531037954888295e-06 -0.009879115063158285 -0.010273119595615381 0.00083581942397965316 0.00077147874994630029 -0.004848594309334894 -0.0017417401660832677 0.00020663187012706053 -0.0021361573982030765 8.894760529777391e-06 -0.0067725409319912763 -0.00022698528737678109 0.0036136852931118232 0.0035863266291201452 -0.0079452188095895295 -0.0048034399685634166 -0.0018571571113665389 0.00052651031892386052 -0.0015539445846624717 0.0032910976201872169 0.0005037702055890684 -0.0032097791271046058 -0.0066623073488729454 0.00016984389500697774 0.00061898980364718528 -0.0065142244129962352 0.00063909276666055163 -0.002230861981968979 -0.0021903113341603564 -0.00081428105174103879 0.00072366828405918406 -0.0091544723389300076 0.0005223579007662502 -0.0056729971150034563 -0.0091555139168641633 -0.00027597088505707418 0.0018498051989104551 0.00025597721874571193 -0.0033575633048684218
leaf_weight=2123 48 1887 81 87 62 1111 161 84 56 65 537 40 109 68 62 3011 73 40 79 1646 102 45 132 8347 44 49 1786 1034 40 821 44 58 161 55 42 215 50 63 47 47 274 223 160 3844 65 74 397 56 107 56 43 46 46 304 61 1587 71 53 49 253 274 105
leaf_count=2123 48 1887 81 87 62 1111 161 84 56 65 537 40 109 68 62 3011 73 40 79 1646 102 45 132 8347 44 49 1786 1034 40 821 44 58 161 55 42 215 50 63 47 47 274 223 160 3844 65 74 397 56 107 56 43 46 46 304 61 1587 71 53 49 253 274 105
internal_value=0.000485333 0.000775505 9.36022e-05 -0.00367965 -0.0071875 0.000157162 0.000627971 0.000684554 3.05549e-06 0.000133665 -0.00153049 -0.00508834 -0.0071789 -0.0129358 -0.000325701 0.00130003 0.0016384 -0.00425439 -0.000821643 0.00176269 0.000513389 0.00155717 0.000358052 5.41417e-05 -0.00365044 -0.00888298 0.000702669 -0.000263118 -0.000534392 -0.0010073 -0.00682353 0.00102137 -0.0027071 -0.00519774 -0.00933673 0.000150178 0.000902048 -0.00337719 0.00118949 0.0006545 -0.000972477 -0.000331325 6.8759e-05 0.00103307 -0.00247024 0.000892394 -0.000880682 -0.00496183 -0.000882125 -0.00170776 -0.000261851 -0.0055 -0.0076948 -8.97788e-05 -0.0103241 0.000154964 -0.00180962 -0.00066339 -0.00572816 -0.00115887 0.000248834 -0.00146053
internal_weight=32760 18819 13941 230 143 13711 6942 6894 3272 3216 819 282 217 108 6769 3622 3124 113 498 3929 14890 1932 12958 8947 225 93 2397 6707 5538 3960 84 1169 337 176 97 8722 1806 113 1693 1578 544 497 8507 4011 167 2313 527 130 3876 1662 2214 209 153 2171 107 2064 477 406 102 1453 632 379
internal_count=32760 18819 13941 230 143 13711 6942 6894 3272 3216 819 282 217 108 6769 3622 3124 113 498 3929 14890 1932 12958 8947 225 93 2397 6707 5538 3960 84 1169 337 176 97 8722 1806 113 1693 1578 544 497 8507 4011 167 2313 527 130 3876 1662 2214 209 153 2171 107 2064 477 406 102 1453 632 379
cat_boundaries=0 1 2 3 4
cat_threshold=112 2 2 219
is_linear=0
shrinkage=0.05


Tree=68
num_leaves=63
num_cat=3
split_feature=9 1 2 14 5 13 14 4 39 33 31 30 9 12 22 21 35 4 27 31 13 10 10 4 39 7 33 26 21 27 14 17 1 12 30 31 21 2 16 20 12 18 8 33 10 38 27 42 8 16 33 2 12 2 12 21 12 2 19 23 26 16
split_gain=1.82411 1.35338 1.25846 1.13993 1.29443 1.49014 1.33746 1.14002 1.1171 1.10776 1.84133 2.34411 1.96643 1.05979 1.38119 1.01563 1.20119 0.992983 1.37746 1.8719 0.981703 1.40106 1.37605 0.971807 1.00672 1.49724 1.83182 1.7927 1.67064 1.44608 1.27782 1.26421 1.19383 1.23171 1.32664 1.44592 1.52833 1.3725 1.2608 1.61322 1.18699 1.13189 1.06215 1.11758 1.00096 0.972573 1.62038 1.50136 1.19045 1.27652 1.0245 0.945118 0.939881 1.17191 1.07137 1.23346 1.26421 1.18239 1.04738 1.02444 1.176 1.64332
threshold=0.046226761001741876 -0.087010922444381564 -0.13853104963369264 0.30538164955118202 6.697662990170377 0.50913261050875736 -2.0361567639722158 -0.64677841131263658 0 26.407142857142862 218.95000000000002 17.350000000000005 0.30803179410649439 17.500000000000004 -0.5109684605045709 3993.7500000000005 0.016299002889140941 -0.062555045112323779 7.5000000000000009 1.6500000000000004 0.80597075072488977 -0.10534388596619014 -0.2349896685091801 1.006836446190736 1 8.380645428512997 38.421428571428585 31.500000000000004 3502.5000000000005 36.500000000000007 -0.91629073187415466 1.0332051158551638 -0.074107442326416514 53.500000000000007 0.95000000000000007 124.35000000000001 1212.0000000000002 0.14314906272098196 0.38843194158917133 -0.012717749091729328 26.500000000000004 -0.20107182297941475 0.10983557642552756 28.678571428571434 0.121836239253045 2 17.500000000000004 0.88975694444444453 0.14302383032848118 -0.13811202577247303 28.37857142857143 0.053895556201633894 79.500000000000014 -0.31542860566350978 43.500000000000007 2652.5000000000005 12.500000000000002 0.57091774660673 0.19985200806471995 -0.49591335097502082 43.500000000000007 -0.061475702875641185
decision_type=10 2 2 2 2 2 2 2 1 2 2 2 10 2 10 8 2 2 2 2 2 2 2 2 1 2 2 2 10 2 2 2 2 2 2 2 8 2 2 10 2 10 10 2 2 1 2 2 8 2 2 2 2 2 2 10 2 2 2 10 2 2
left_child=-1 2 -2 4 5 13 -7 51 9 -4 17 -12 -13 14 -3 -10 -17 18 19 -11 -20 22 -22 24 25 26 28 30 29 31 -27 45 -31 38 -35 36 -36 41 40 -40 -34 -38 44 -44 -42 -6 47 -47 49 -49 -50 -5 54 -54 55 56 58 59 -26 60 -56 -62
right_child=1 3 8 7 23 6 -8 -9 15 10 11 12 -14 -15 -16 16 -18 -19 20 -21 21 -23 -24 -25 52 27 -28 -29 -30 32 -32 -33 33 34 35 -37 37 -39 39 -41 42 -43 43 -45 -46 46 -48 48 50 -51 -52 -53 53 -55 57 -57 -58 -59 -60 -61 61 -63
leaf_value=0.0019187232657469208 0.0013826568101822701 -0.01006312330208068 0.0035742012492288298 -0.00018821334316645555 0.0004735566930133735 -0.0051819149640728633 0.0019718879131493936 0.00051633410000668492 0.0014519999608754433 -0.0060221562628042765 -0.0081067876889782745 0.0019406055140176529 -0.012949546687724772 0.00058042640993014006 -6.5136543903390935e-05 0.00028914605461900669 -0.0029621013928873272 0.00048244238697753912 0.00087662758060728842 -6.4292761382158168e-05 -0.00064166710884240173 0.0019897140293999127 -0.0047383616884880322 0.0023035343630399005 3.9870832597886207e-05 -0.0030752387286923223 0.001736836272443784 -0.002862510637672332 0.001161031070702539 -0.0085004240895998028 -0.00041153345439660618 -0.012497296748334961 -0.00033513971503454652 0.00090831661057232246 0.00017854004036527209 5.834875998059794e-06 0.00059582999560816598 -0.0042543385882358314 -0.0020304060620375312 -0.0071762082091017688 -0.0035235410635409653 -0.0033807206942255657 -0.0047720639917917572 0.00026646661509706289 -0.0012313978095918204 0.00072017455013342457 0.0013814956961493152 -0.0068985481717647379 0.0030795698741582175 -0.003430780002474835 -0.0052707357109572847 -0.0051926079039815564 -0.0051525002753496189 0.00065838480616149805 -0.0006257422303095621 -0.00040627509333170466 0.0011066309692442822 -0.0074650803651357947 -0.0015606786925035547 2.2990565357848934e-05 -0.0047258208901168244 -0.00097822809979516197
leaf_weight=951 4508 41 115 139 1011 46 868 5265 1184 42 51 149 59 93 46 1755 47 722 345 63 99 80 77 445 1010 45 297 44 473 55 413 55 316 366 74 326 52 61 48 68 45 65 61 101 44 175 358 45 52 45 187 40 46 2182 1361 1503 1733 75 59 2340 148 169
leaf_count=951 4508 41 115 139 1011 46 868 5265 1184 42 51 149 59 93 46 1755 47 722 345 63 99 80 77 445 1010 45 297 44 473 55 413 55 316 366 74 326 52 61 48 68 45 65 61 101 44 175 358 45 52 45 187 40 46 2182 1361 1503 1733 75 59 2340 148 169
internal_value=0.000474663 0.000410061 0.0009175 0.000200294 -8.79682e-07 0.0016621 0.00248087 0.00083012 0.000352892 -0.000628792 -0.000956753 -0.00482692 -0.00244019 -0.00248619 -0.00642045 0.000944278 0.000199667 -0.000251924 -0.00158416 -0.00683962 -0.000656146 -0.00299611 -0.00548023 -0.000115018 -0.000181185 -0.000774576 -0.000479342 -0.00335984 -0.000755387 -0.00112157 -0.0024183 -0.000186625 -0.00219251 -0.0019441 -0.000772487 -0.00226252 -0.00509881 -0.00759777 -0.00355994 -0.0082906 -0.00257923 -0.00436441 -0.00513889 -0.00269939 -0.0095 3.46854e-05 -0.00119129 -0.0030297 -0.00501515 -0.00989011 -0.00314583 -0.00308333 9.21314e-05 0.00100494 -0.000150018 0.000400604 0.00102034 -0.000729116 -0.000331776 -0.000612092 -0.0015545 -0.00429245
internal_weight=32738 31787 9296 22491 17047 1094 914 5444 4788 1802 1687 259 208 180 87 2986 1802 1428 706 105 601 256 176 15953 15508 4882 4380 502 4083 3610 458 1928 1682 1627 944 578 252 178 683 116 567 117 251 162 89 1873 862 504 329 90 239 179 10626 2228 8398 4305 2802 4093 1069 4018 1678 317
internal_count=32738 31787 9296 22491 17047 1094 914 5444 4788 1802 1687 259 208 180 87 2986 1802 1428 706 105 601 256 176 15953 15508 4882 4380 502 4083 3610 458 1928 1682 1627 944 578 252 178 683 116 567 117 251 162 89 1873 862 504 329 90 239 179 10626 2228 8398 4305 2802 4093 1069 4018 1678 317
cat_boundaries=0 1 2 3
cat_threshold=6528 3008 10
is_linear=0
shrinkage=0.05


Tree=69
num_leaves=63
num_cat=7
split_feature=35 35 20 29 3 9 25 1 5 8 12 31 8 2 8 8 23 2 13 27 11 30 21 35 26 35 33 14 15 27 13 11 39 14 9 14 8 25 11 31 30 13 11 12 25 4 39 31 12 5 39 25 23 21 4 26 42 7 15 2 21 30
split_gain=1.59884 3.21908 1.18424 2.99001 1.31145 1.1798 1.61378 1.49973 1.30575 1.45545 1.14881 1.34931 1.76478 1.68431 1.11384 1.58712 1.32025 1.49365 1.51556 1.75645 1.08724 1.06596 1.04184 1.49339 1.23377 1.28116 0.997506 1.27864 1.81287 1.31715 0.954612 0.926039 1.08226 1.2659 1.2058 1.07376 0.993882 0.952986 1.45221 1.70644 0.956303 0.916051 0.900509 0.899265 0.887951 1.89359 1.53892 1.94593 1.51849 1.66899 1.34739 1.46263 1.41493 1.35043 1.79813 2.39197 1.34352 2.68297 1.61022 1.68589 1.73294 1.17388
threshold=0.00064530493784571458 0.00021502640254143066 -0.39487805025586709 1.0000000180025095e-35 -0.78592891401091103 0.24426610383466643 0 -0.087010922444381564 6.6420024002935572 0.41792730030775244 20.500000000000004 0.15000000000000005 0.43264624183285089 0.088949712637201209 0.086038773265549914 0.18013809482696139 0.063178901621531627 -0.095970459405692918 1.13043483931952 30.500000000000004 61.500000000000007 1.1500000000000004 4005.0000000000005 0.08835075010139877 3.5000000000000004 0.08115950847818805 25.621428571428577 0.51082562376599039 0.33031159249809355 21.500000000000004 0.98077017381838172 52.500000000000007 1 1.5262725664741996 0.19689035932288049 -0.12206309327721686 0.061018712653872605 2 29.500000000000004 220.34999999999999 36.95000000000001 0.75000006465518376 31.500000000000004 71.500000000000014 3 -0.59242881105261691 4 278.15000000000009 72.500000000000014 7.6031122975882903 5 6 -1.2183180505574003 4997.8150000000014 0.044452874230940694 40.500000000000007 0.87596153846153857 7.5937827422839339 -0.51694387060810276 0.12921173148000656 1344.0350000000001 32.250000000000007
decision_type=2 2 10 2 2 10 1 2 2 10 2 2 10 2 8 10 8 2 2 2 2 2 10 2 2 2 2 2 2 2 2 2 1 2 8 2 10 1 2 2 2 2 2 2 1 2 1 2 2 2 1 1 8 10 2 2 2 2 2 2 10 2
left_child=1 2 3 -1 -4 7 -7 31 -9 26 11 12 -8 20 -12 16 -16 30 19 21 -14 -19 24 -24 25 -2 27 28 29 -10 -18 32 33 34 35 -6 43 38 40 -40 41 -37 -39 -34 45 48 -47 56 49 -28 51 -46 -53 61 -55 -56 57 -48 59 -58 -61 -54
right_child=22 -3 4 -5 5 6 10 8 9 -11 14 -13 13 -15 15 -17 17 18 -20 -21 -22 -23 23 -25 -26 -27 44 -29 -30 -31 -32 -33 36 -35 -36 37 -38 42 39 -41 -42 -43 -44 -45 50 46 47 -49 -50 -51 -52 52 53 54 55 -57 58 -59 -60 60 -62 -63
leaf_value=-0.032804535278994996 0.0020612889309382563 -0.003824012075431254 0.0041457896445677399 0.0031331349883610762 0.0014819322091442673 0.0007672105265415462 0.00070462600838047229 0.0018801849787631877 -0.0078260906655826575 -0.0073780219552792075 0.0021262526543449618 0.00083275963721336332 0.0051470221082205985 -0.021399600676602959 -0.00073458555850951181 -0.00060466083581130442 -0.0031168516927464725 -0.0067461211818794142 -0.0089140491907308706 1.7567585610475954e-05 -0.0064028934065318835 -0.0069922398206327526 0.0042106493539441538 -0.002631953778163974 0.0018635390150602629 -0.0018615054912375787 0.0049993242421202668 0.0026567525360428621 -0.0051382226942272161 -0.00013108830891516598 0.0026502111626305475 0.0015785683282917265 -0.0031560231077496503 -0.0022792279335661354 0.0026357720589223928 -0.00044824129313926394 0.0016554006984088655 -0.00093479664347851309 -0.00060331220543207169 -0.0083634078769058654 0.0016257942961692988 -0.002608449705347821 0.00085097854939449361 0.0029063673141723708 0.00042475232658365435 0.000693852002754723 -0.0064557472713692695 0.0017252523472223473 -0.007918615156236505 -0.0041708842749358481 0.00041308571477837803 -0.0038367116888592778 -0.00033550698476817419 -0.0028740684900661999 0.00065453082266655517 -0.0027668669869806931 -0.00040088812653611152 -0.0011105766179181525 -0.00012526346462295778 -0.00061876103008598731 -0.010858265207078381 0.0015073573604672474
leaf_weight=54 51 48 461 80 505 2465 179 672 43 71 194 1552 47 53 303 3345 104 63 58 88 41 46 64 50 1098 75 40 79 53 278 72 2468 66 74 492 97 1065 350 64 64 100 43 200 46 1426 1046 63 321 41 46 8774 82 1069 75 120 41 217 169 1299 44 45 356
leaf_count=54 51 48 461 80 505 2465 179 672 43 71 194 1552 47 53 303 3345 104 63 58 88 41 46 64 50 1098 75 40 79 53 278 72 2468 66 74 492 97 1065 350 64 64 100 43 200 46 1426 1046 63 321 41 46 8774 82 1069 75 120 41 217 169 1299 44 45 356
internal_value=0.000428952 0.000356687 0.000376717 -0.0042963 0.00039694 0.000357155 -0.000139356 0.000550554 0.000309635 0.000217735 -0.000572612 0.000459157 -0.00249221 -0.00665493 -0.00102597 -0.00120221 -0.00330612 -0.00508102 -0.00751953 -0.00537879 -0.00235955 -0.00959091 0.00212099 -0.00243478 0.00254694 -0.00212598 0.000250191 -0.00205947 -0.00328 -0.00184783 -0.00152542 0.00125466 0.000688349 -2.74998e-05 0.000221816 -0.000516151 0.00188131 -0.00153428 -0.00345646 -0.00782946 -0.00124481 -0.00390071 -0.000178253 -0.00256637 0.000318822 -0.000402453 -0.000165366 -0.000926694 -0.00636719 -0.00252874 0.00051991 -0.000363207 -0.00133124 -0.00101986 -0.00451477 -0.00151235 -0.00155876 -0.0051073 -0.00104296 -0.00429967 -0.0100556 -0.000438289
internal_weight=32695 31357 31309 134 31175 30714 8610 22104 16470 15798 6145 1872 320 141 4273 4079 734 431 255 197 88 109 1338 114 1224 126 15727 453 374 321 176 5634 3166 1989 1915 1423 1177 918 368 128 240 140 550 112 15274 3331 3204 2158 127 86 11943 3169 1743 1661 236 161 1837 232 1605 306 89 1425
internal_count=32695 31357 31309 134 31175 30714 8610 22104 16470 15798 6145 1872 320 141 4273 4079 734 431 255 197 88 109 1338 114 1224 126 15727 453 374 321 176 5634 3166 1989 1915 1423 1177 918 368 128 240 140 550 112 15274 3331 3204 2158 127 86 11943 3169 1743 1661 236 161 1837 232 1605 306 89 1425
cat_boundaries=0 1 2 3 4 5 6 7
cat_threshold=49 7826 708 131 696 866 2352
is_linear=0
shrinkage=0.05


Tree=70
num_leaves=63
num_cat=9
split_feature=41 0 38 25 39 42 18 35 1 21 26 26 22 42 7 39 26 25 7 30 22 25 23 23 1 10 20 22 3 7 30 9 30 39 30 9 42 39 25 3 7 8 2 11 21 10 10 10 22 23 10 41 10 22 8 0 42 7 1 11 27 20
split_gain=1.33827 1.28693 1.04233 1.66053 1.86882 1.42913 1.0318 1.01522 1.20096 1.3626 1.12274 1.26696 1.11728 1.15023 0.961725 1.45479 1.38699 1.47342 1.47345 1.46056 1.29809 1.19957 1.31754 0.958927 0.957301 1.02674 1.27564 3.85057 1.11333 1.19783 0.973056 1.50222 0.955759 1.34868 1.00036 0.944997 0.939181 0.904181 1.35605 1.13705 1.03177 1.08173 1.59268 1.89193 1.01242 1.31544 1.8513 0.974379 0.90332 0.891653 1.36883 1.57335 1.69077 1.42881 1.02001 1.43954 1.26998 1.95748 1.14293 1.05112 1.9962 0.884707
threshold=5706.0234451450206 -0.014580122716801201 0 1 2 0.84680573663624525 -0.68766112306308258 0.00064530493784571458 -0.18390547411928623 789.37500000000011 49.500000000000007 48.500000000000007 -0.22881477068136713 0.84680573663624525 8.2495681805982013 3 28.500000000000004 4 8.3682550977448837 13.650000000000004 1.120838169953527 5 -1.097280363087636 -0.1502822030493379 -0.058474870727378551 -0.22395960657062816 0.0048184949490962569 0.3741536350756331 0.26687953305765794 8.8199036015631069 7.5500000000000016 0.32528890725481235 59.650000000000006 6 72.850000000000023 0.25410560292197226 0.9842509920634922 7 8 0.55267940380379044 7.2045535468847621 0.047967134202400404 0.091404239821359493 55.500000000000007 1400.8350000000003 0.18217460241960517 0.10345005952975807 0.6622921192452883 -0.69296029960093908 -0.15963014559188402 -0.030493502116850642 10.623572184029614 -0.15288878045271168 -0.087800135049670491 0.15612546402395511 -0.057156502077167375 0.86023255813953503 7.4313057010427697 -0.10205930502754466 9.5000000000000018 47.500000000000007 0.03658845785372878
decision_type=2 2 1 1 1 2 10 2 2 8 2 2 8 2 2 1 2 1 2 2 10 1 8 10 2 2 10 10 2 2 2 10 2 1 2 10 2 1 1 2 2 10 2 2 8 2 2 2 8 10 2 2 2 10 8 2 2 2 2 2 2 10
left_child=1 2 -1 -4 5 6 -5 8 -6 -10 11 12 13 -11 20 21 35 18 -18 -19 32 -16 -23 -22 -24 -26 27 28 -27 -30 -28 -32 37 34 -34 -17 -20 38 44 61 -39 42 -42 -44 45 46 -3 48 -43 54 51 53 -53 -51 55 56 -14 -58 -59 60 -56 -40
right_child=-2 14 3 4 7 -7 -8 -9 9 10 -12 -13 49 -15 15 16 17 19 36 -21 23 22 24 -25 25 26 30 -29 29 -31 31 -33 33 -35 -36 -37 -38 40 39 -41 41 47 43 -45 -46 -47 -48 -49 -50 50 -52 52 -54 -55 59 -57 57 58 -60 -61 -62 -63
leaf_value=0.00086402998997389842 0.0012085702573738596 0.0016688949065901161 0.00084962538752572387 0.0034759117462933309 0.00017563057893981349 0.0023273686980508673 -0.0030084830788727705 0.0028977746299444266 0.001626068614223103 -0.01020238595553331 0.00099386533431453658 -0.0058896112077427808 0.0018923612791190614 0.00026578918654175524 0.00052788694831258035 -0.00079278668678211335 -0.0024627596386622274 -0.0041705013200977114 -0.014518279835766312 0.0010382268053440835 0.0044405642027418339 0.002543904398681302 0.00088313648807274332 -0.021928257328380243 -0.0071655711764924378 -0.00033982096002480321 0.00082793018072828254 -0.0052050721280381381 -0.0019182817143562508 -0.02182576883451981 -0.00037971444873600779 -0.0070175490494614164 0.0016352707474901176 0.0021123516879846659 -0.00040870724673121273 0.0025896809329739195 -0.0034043844316000876 0.00035915341350172767 -0.00024625022837023884 -0.0064734419955655908 -0.00043968771175224169 0.001715536593463525 -0.00063980602716550393 -0.0055899182320286352 0.0027915039431071569 0.0037961159996350055 -0.0090618469930403584 0.0043627927640997209 -0.00017149747575589123 -0.0056016921943140459 -0.0029412567613782041 -0.0029881726768342855 -0.011395903254703686 -3.0340649646050575e-05 0.00027533493397671532 0.00053158099823831008 -0.00039389521814174941 -0.0030821644736176912 -0.0070762082662987821 0.00064886711242909297 -0.0045008879098195264 0.0014279652054810441
leaf_weight=4109 521 60 3629 98 1420 1180 185 126 156 42 173 59 54 544 2170 632 58 108 42 95 42 118 284 81 45 478 432 58 40 40 198 43 232 912 606 105 43 3793 767 52 411 230 71 42 1236 76 45 91 5090 50 269 43 42 100 68 138 104 41 79 384 50 284
leaf_count=4109 521 60 3629 98 1420 1180 185 126 156 42 173 59 54 544 2170 632 58 108 42 95 42 118 284 81 45 478 432 58 40 40 198 43 232 912 606 105 43 3793 767 52 411 230 71 42 1236 76 45 91 5090 50 269 43 42 100 68 138 104 41 79 384 50 284
internal_value=0.00046743 0.000426769 0.000807593 0.000505252 -5.07753e-05 0.00146879 -0.00170775 -0.000617253 -0.000764998 -0.00144764 -0.00176261 -0.00208656 -0.00187158 -3.40714e-05 0.000164827 -0.000431864 -0.00204296 -0.00466859 -0.00834416 -0.00156542 0.000375655 2.0424e-05 -0.000955924 -0.00471774 -0.00133416 -0.00189513 -0.00163178 -0.00327391 -0.00198569 -0.00740741 -0.000126113 -0.00266529 0.000420745 0.00151342 4.71144e-05 -0.000833333 -0.0130814 0.000264512 0.00110628 -0.000210951 4.51794e-05 -0.000366408 -0.00253333 -0.00776316 0.00212535 -0.00134615 -0.00495283 -0.000156134 -0.000244315 -0.00262825 -0.00431683 -0.00709746 -0.0125 -0.00397351 -0.0016975 -0.00352518 -0.0055914 -0.00724444 -0.0115702 -0.000178926 -0.00428571 0.000147339
internal_weight=32774 32253 13143 9034 5405 1463 283 3942 3816 2396 2240 2067 2008 586 19110 4989 1083 346 143 203 14121 3906 1736 123 1618 1334 1289 616 558 80 673 241 13998 1750 838 737 85 12248 2520 1103 9728 5935 524 113 1417 181 105 5411 5320 1422 504 235 85 150 918 416 278 224 120 502 118 1051
internal_count=32774 32253 13143 9034 5405 1463 283 3942 3816 2396 2240 2067 2008 586 19110 4989 1083 346 143 203 14121 3906 1736 123 1618 1334 1289 616 558 80 673 241 13998 1750 838 737 85 12248 2520 1103 9728 5935 524 113 1417 181 105 5411 5320 1422 504 235 85 150 918 416 278 224 120 502 118 1051
cat_boundaries=0 1 2 3 4 5 6 7 8 9
cat_threshold=2 1809 13 121 1088 476 2819 664 2599
is_linear=0
shrinkage=0.05


Tree=71
num_leaves=63
num_cat=3
split_feature=0 17 9 1 37 37 9 41 9 13 10 7 6 17 41 12 23 25 20 11 0 2 5 25 2 33 26 20 31 41 30 22 3 1 10 1 31 41 30 13 33 22 16 41 17 9 2 10 12 5 7 5 7 8 16 22 8 7 17 19 25 23
split_gain=1.56304 1.38071 1.11789 0.937495 0.907231 0.945988 0.905801 0.836946 1.16927 0.937647 0.778832 0.692745 0.992615 2.11285 2.28859 0.950254 0.934763 0.999117 1.38904 0.933765 1.52807 1.06393 0.984824 0.880149 1.27617 1.76578 1.58932 2.60031 1.4166 1.16909 1.16104 1.07296 1.02736 0.830424 0.969382 1.01941 0.8221 0.803614 1.13143 0.780764 0.906112 0.854165 0.715138 0.984652 0.77977 0.953742 1.92723 0.707574 1.11268 1.05764 1.02522 0.931732 0.676853 1.42226 1.2049 1.07961 0.962361 0.807795 1.51947 1.23723 0.80378 0.753748
threshold=-0.0065993663454033671 -1.1326138218576081 0.042998140146435368 -0.35647490392806208 46.500000000000007 42.500000000000007 0.069768416886702669 19.441020733652319 0.0257826060014603 0.71245796265909322 0.23628971366402898 7.5303005023508343 7.5408491621709315 0.2354109757425932 159.67400553441718 77.500000000000014 0.57536414490356191 0 0.029874899585063199 52.500000000000007 -0.090304930883622778 -0.010856564140719003 7.0330423485125113 1 -0.048790164169431265 29.678571428571434 12.500000000000002 0.065820885867465387 6.450000000000002 8.6992063492063512 0.15000000000000005 0.10778766049620168 -0.16086540534255042 0.10126808893981033 0.27241064691434552 0.17114713259906147 13.650000000000002 93.667543859649143 118.00000000000001 0.63951312831895923 27.13571428571429 0.013842587007638619 0.12020989123610294 5.782710597826088 -0.3674110533176938 0.28545398146675954 -0.16195960277843022 -0.30593199763336404 50.500000000000007 7.7814668958282782 8.4398466973486794 8.8564262802559544 7.0606795566178935 0.52292825945200916 0.37948962170490386 -0.63546394125161243 0.70519766509369242 7.0928204903868446 -0.087216559692991899 -0.039902635604363766 2 -0.19021442471732894
decision_type=2 2 8 2 10 10 8 2 10 2 2 2 2 2 2 2 8 1 10 2 2 2 2 1 2 2 2 10 2 2 2 8 2 2 2 2 2 2 2 2 2 8 2 2 2 10 2 2 2 2 2 2 2 8 2 8 10 2 2 2 1 8
left_child=1 10 7 -4 5 52 -3 8 9 -2 -1 16 13 15 -15 -13 36 18 19 20 22 -21 -18 47 -25 37 -27 28 30 -29 31 -28 -30 -19 35 -35 42 38 -26 -39 -41 -42 44 -44 45 -8 -47 48 51 -50 -51 -14 53 60 61 -54 -56 58 59 -57 -5 -55
right_child=2 6 3 4 -6 -7 11 -9 -10 -11 -12 12 23 14 -16 -17 17 33 -20 21 -22 -23 -24 24 25 26 27 29 32 -31 -32 -33 -34 34 -36 -37 -38 39 -40 40 41 -43 43 -45 -46 46 -48 -49 49 50 -52 -53 55 54 56 57 -58 -59 -60 -61 -62 -63
leaf_value=0.0026781854798442668 -0.00016403649347162256 0.0013821597679889749 0.0019953225851680632 0.0014279802274274034 0.0012288030646036886 -0.0017815889105551417 0.0024134084731727416 0.0023523716982138069 0.002126512588156083 -0.0018284216239701921 -0.013262147566189295 0.002818139608349709 0.0043388539992921821 -0.006259991800820229 -0.011977611191053152 -0.0028340660505264195 -0.0028193473444604791 0.00085832266228561764 0.0033556307580866829 0.0012015735213704156 -0.0069329112314986778 -0.0018879373853363192 0.00030313785187586638 0.00038236566619237748 0.0010128253314817576 0.00047477991453204232 -0.0019965813412252966 -0.0079183162613609536 -0.0041850627060233108 -0.0041496560870317618 0.00018395460095427986 -0.0025463658147246333 0.00050024760772715083 -0.0045498567734482296 0.0055072301426974841 -0.00071476816962263577 0.0016881899353317306 0.00088196461596420439 -0.0023587889677187217 0.0020393120297029516 -0.00071351242497513236 -0.006378112876303391 -0.0059608769126227807 8.545378984188784e-05 0.0018444354661870572 0.0041323775177060677 -0.0092982441341184219 0.00088464314232571172 0.00049355835408358781 -0.005376587269366722 -0.0002804097885751806 -0.00095361326697502289 0.00099770073499059965 -0.0024148525334202957 -0.021305229427391811 -0.0011551545581920454 -0.019657890611675926 -8.6658139104545858e-05 -1.6071002918097844e-05 -0.0023739721175532092 0.00013296579322969224 0.0012989218315629229
leaf_weight=624 67 833 459 1231 331 50 105 467 85 44 40 151 149 80 43 41 58 1083 116 114 55 68 46 2377 728 188 84 74 51 48 50 68 255 53 67 76 1510 94 63 43 97 54 79 567 722 44 47 2439 82 62 48 40 512 45 40 57 40 13695 191 44 1626 117
leaf_count=624 67 833 459 1231 331 50 105 467 85 44 40 151 149 80 43 41 58 1083 116 114 55 68 46 2377 728 188 84 74 51 48 50 68 255 53 67 76 1510 94 63 43 97 54 79 567 722 44 47 2439 82 62 48 40 512 45 40 57 40 13695 191 44 1626 117
internal_value=0.000407856 0.000815047 0.000115433 4.28442e-05 -1.41822e-05 -6.28929e-05 0.000701755 0.00213102 -0.000609137 -0.00397321 0.00303759 0.000592881 0.000289474 -0.00245253 -0.00754032 0.000829016 0.00106007 0.000132412 -0.00184829 -0.00349415 -0.00628125 -0.00103825 -0.00266667 0.000411558 -4.20068e-05 -0.00100896 -0.00275946 -0.00396196 -0.00237721 -0.0104878 -0.00561576 -0.00777778 -0.000228013 0.000848837 -0.00213198 -0.00465385 0.00158374 0.000319445 0.00114268 -0.00193772 -0.00374359 -0.00555921 0.000779553 -0.00049459 0.00167573 -0.00111675 -0.00483696 0.00109502 -0.000903141 -0.00357513 -0.00675676 0.00181579 -4.31841e-05 0.00062742 -0.00304527 -0.000186552 -0.00802469 -0.000269159 -0.00286689 -0.00779412 0.000939468 -0.000552147
internal_weight=32817 13716 19101 18438 17979 17648 13052 663 196 111 664 12219 7409 315 123 192 4810 1736 457 341 159 182 104 7094 4274 1897 818 630 508 122 202 152 306 1279 196 129 3074 1079 791 288 194 151 1564 646 918 196 91 2820 381 192 110 189 17598 3099 242 14499 80 13987 292 101 2857 162
internal_count=32817 13716 19101 18438 17979 17648 13052 663 196 111 664 12219 7409 315 123 192 4810 1736 457 341 159 182 104 7094 4274 1897 818 630 508 122 202 152 306 1279 196 129 3074 1079 791 288 194 151 1564 646 918 196 91 2820 381 192 110 189 17598 3099 242 14499 80 13987 292 101 2857 162
cat_boundaries=0 1 2 3
cat_threshold=2180 2099 1330
is_linear=0
shrinkage=0.05


Tree=72
num_leaves=63
num_cat=7
split_feature=37 41 30 29 4 37 44 33 25 21 2 42 5 5 27 33 4 25 33 12 39 17 7 2 20 7 33 3 9 25 5 24 22 18 12 41 42 30 0 33 33 41 14 4 16 22 4 21 25 9 5 41 27 2 10 39 11 9 31 18 20 31
split_gain=1.58921 1.87384 1.64123 2.25706 1.56017 1.7807 1.83863 1.85482 1.45878 3.34702 1.1414 1.08084 1.69411 1.48154 2.22807 1.89413 1.40882 1.20118 1.58787 1.14137 1.35581 1.26235 1.50156 1.38915 1.1299 1.04406 0.969161 0.961873 1.0971 0.933411 1.33071 1.148 2.20967 1.41646 1.47957 1.28028 1.15133 1.32244 1.46894 1.13741 1.02331 0.95565 0.933093 0.915484 0.996213 0.878071 2.01684 0.845542 0.96878 1.26208 1.23929 1.09043 1.41767 0.838356 0.79026 1.62548 1.31194 0.937114 1.08724 1.04 0.923571 1.05325
threshold=4.5000000000000009 2134.2459077380959 85.65000000000002 1.0000000180025095e-35 -0.4186308212572713 1.0000000180025095e-35 1.0000000180025095e-35 29.37857142857143 0 1876.2500000000002 -0.014720737854791997 0.81509971509971524 8.374644748053365 7.7889527486476817 31.500000000000004 30.721428571428579 0.025327493308119123 1 33.578571428571443 44.500000000000007 2 0.28704640847142243 9.392716996637434 -0.048790164169431265 -0.0111349464869902 7.5699780036358293 27.87857142857143 -0.25489224962878904 0.095304905195958023 3 9.9042098124043516 4 -0.26225999861005594 -0.10149009714626787 80.500000000000014 5.6401639344262309 0.99230769230769245 12.250000000000002 0.035932009226062885 33.992857142857154 32.550000000000018 1.2700320512820513 0.12458174783164468 0.13450190087577732 0.032776392973807196 0.34734572140277087 -0.097638469563916072 2377.5000000000005 5 0.21039976718447317 8.875744558371073 2.756753246753247 8.5000000000000018 -0.025345709032588367 0.041685098030432417 6 43.500000000000007 0.16828638747530297 4.5500000000000016 0.24330876708881452 -0.020156874658079863 250.20000000000005
decision_type=10 2 2 2 2 10 2 2 1 10 2 2 2 2 2 2 2 1 2 2 1 2 2 2 10 2 2 2 10 1 2 1 10 10 2 2 2 2 2 2 2 2 2 2 2 10 2 8 1 10 2 2 2 2 2 1 2 10 2 10 10 2
left_child=1 10 3 25 -5 6 27 -8 9 -2 11 12 13 16 24 -16 -1 18 -14 21 45 -13 23 -23 -15 -3 -25 -6 -29 30 31 -12 -33 34 36 42 37 38 -34 -40 -36 -31 -35 44 -28 47 -47 -21 49 50 51 -49 -53 54 60 56 -56 58 -57 -60 -22 -62
right_child=8 2 -4 4 5 -7 7 -9 -10 -11 29 19 17 14 15 -17 -18 -19 -20 20 53 22 -24 26 -26 -27 43 28 -30 41 -32 32 33 35 40 -37 -38 -39 39 -41 -42 -43 -44 -45 -46 46 -48 48 -50 -51 -52 52 -54 -55 55 57 -58 -59 59 -61 61 -63
leaf_value=0.0012384872279411737 0.00013085347220767322 0.0019049366590844611 -0.0025797536727919014 0.00012521581669208015 -0.0076052558512613895 -0.0024822431101186784 -0.0027009644859269481 -0.0026151611962494754 0.0014694114504969706 -0.0056001466036406178 0.0006901986052991302 0.0017248149187178855 0.00032794369254304177 0.0048611147307758441 -0.0022962943340585503 -0.0072063506170136392 -0.0035064137279470172 0.0030513112267465141 -0.013096207171129122 0.0024387698513069402 0.0010889852529676418 0.00081550556704854116 -0.0049541727853280315 0.0032562213157157184 -0.0083665786034056219 -0.0025261814971139327 0.0022953178365137878 -0.0023854544931250356 0.0016076276598749606 0.0040970172962556993 -0.0057431869483634814 0.0012432945595751519 -0.0055676990623741368 -0.0091436100904629912 -0.0020732104739063593 0.00025730619706924868 0.0034659303795687435 0.00010394871464284154 -0.0059519240166615748 0.0005375031912211118 -0.0088590919279637869 -7.5251887298273458e-05 -0.00075984950347399854 -0.0091125036812006108 -0.0013757199389767109 -0.0045876775907906326 0.0011976012088064194 -0.017279322851617738 0.0011636490285604065 0.0038078758197932988 -0.0041755815675184613 -0.0048191270807825207 0.0012495757634663728 0.0022596157007087904 -0.0014990721222744657 0.00050000322899220026 -0.0062004536719000476 0.002158200011328059 -0.0075434054467716886 -0.00046607652863171604 -0.00065475610747826494 0.0014058556889569246
leaf_weight=262 455 386 56 152 40 42 41 48 1405 46 3870 3418 168 60 67 53 74 324 42 575 1042 1386 43 43 74 54 45 40 147 159 41 1092 61 48 47 593 76 116 50 65 41 10600 58 57 87 47 114 41 1264 107 73 42 232 149 218 49 79 353 44 54 1963 326
leaf_count=262 455 386 56 152 40 42 41 48 1405 46 3870 3418 168 60 67 53 74 324 42 575 1042 1386 43 43 74 54 45 40 147 159 41 1092 61 48 47 593 76 116 50 65 41 10600 58 57 87 47 114 41 1264 107 73 42 232 149 218 49 79 353 44 54 1963 326
internal_value=0.000450236 0.000363766 -0.0017577 -0.00126183 -0.0035225 -0.00532033 -0.00400631 -0.0100556 0.00185108 -0.000478515 0.000435219 0.000787993 -0.000693333 -0.00253807 -0.00541176 -0.0103306 -0.000356083 0.00134579 -0.00158371 0.000928535 0.00050347 0.00149508 0.000364019 0.000611489 -0.000962963 0.00136054 -0.00296137 -0.00160088 -7.9787e-05 0.000164618 0.000654888 0.000716738 -0.000183791 -0.00170848 -0.00387309 -0.000292857 -0.00246612 -0.00389078 -0.00661017 -0.00323276 -0.00966292 -0.000116527 -0.0053271 -0.0045 -0.00218045 0.00142658 -0.00212963 0.0016788 0.00113352 -0.000741107 -0.00208226 -0.000712025 0.000436364 -3.84793e-05 -0.000171954 -0.00158521 -0.00443182 0.000195695 -0.00314189 -0.00616162 0.000166567 -0.000395196
internal_weight=32804 30898 1006 950 510 358 316 89 1906 501 29892 12975 1124 590 254 120 336 534 210 11851 6772 5079 1661 1618 134 440 232 227 187 16917 6158 6117 2247 1155 456 699 368 292 176 115 88 10759 106 189 132 2495 161 2334 1759 495 388 315 274 4277 4128 797 297 500 147 98 3331 2289
internal_count=32804 30898 1006 950 510 358 316 89 1906 501 29892 12975 1124 590 254 120 336 534 210 11851 6772 5079 1661 1618 134 440 232 227 187 16917 6158 6117 2247 1155 456 699 368 292 176 115 88 10759 106 189 132 2495 161 2334 1759 495 388 315 274 4277 4128 797 297 500 147 98 3331 2289
cat_boundaries=0 1 2 3 4 5 6 7
cat_threshold=13 3170 4119 306 28 416 296
is_linear=0
shrinkage=0.05


Tree=73
num_leaves=63
num_cat=6
split_feature=9 2 12 30 31 39 2 15 20 39 6 38 25 7 41 41 19 12 4 22 18 20 12 12 38 19 5 31 5 33 7 9 41 26 7 31 39 20 33 7 17 7 3 15 26 26 30 33 23 30 30 41 20 9 3 12 27 22 31 30 7 2
split_gain=1.26242 1.11079 2.02731 1.29237 2.62062 5.35367 1.90266 1.84624 1.82889 1.58376 1.67155 1.3921 1.69664 2.24604 1.84059 2.01807 1.60334 2.06773 1.77974 1.90658 1.93274 1.7483 1.69812 1.33724 2.05201 1.62225 1.52339 1.45305 1.43996 1.34469 1.45579 1.18471 1.09526 1.09135 1.2564 3.06635 1.0776 1.07178 1.05469 2.34097 1.24988 1.2057 1.77297 1.16138 1.20902 1.58551 1.8696 1.08103 1.04069 1.01019 1.00187 1.00146 1.58989 0.993104 0.982645 1.18178 1.60465 1.82405 0.976498 1.25842 1.97168 1.84937
threshold=0.067410426067411974 -0.375547673262774 78.500000000000014 17.650000000000002 218.95000000000002 0 0.11778347043918204 -0.15900145652231965 -0.034261826939257257 1 6.7939639423100342 2 3 9.0302920362670847 3.5561111111111114 1.7360681114551086 0.11387514502277828 72.500000000000014 -0.37397827190806904 0.28768246307662831 -0.91358972621455392 -0.19067305962601341 80.500000000000014 38.500000000000007 4 0.15114312514792974 6.8928689706494888 0.55000000000000016 7.0752405347182528 38.771428571428579 6.8665393220360054 0.18820714520018453 66.941004962779161 15.500000000000002 9.4782592729828252 0.65000000000000024 5 0.042490801591754425 26.700000000000006 7.9582416450496725 0.81951694963904387 7.259394901486548 0.098846005684959173 0.11735082336196735 35.500000000000007 28.500000000000004 49.050000000000004 29.992857142857151 0.7210497947338691 4.1500000000000012 11.450000000000003 1.8806779661016952 0.053021035349686656 0.091042152062763199 -0.09531017980432431 13.500000000000002 25.500000000000004 0.28038210854358653 8.5500000000000025 0.55000000000000016 7.8325434051533858 0.12676163805641097
decision_type=8 2 2 2 2 1 2 2 10 1 2 1 1 2 2 2 2 2 2 8 10 10 2 2 1 2 2 2 2 2 2 10 2 2 2 2 1 10 2 2 2 2 2 2 2 2 2 2 8 2 2 2 10 10 2 2 2 10 2 2 2 2
left_child=-1 2 -2 4 9 6 8 -8 -6 10 -3 33 13 -13 15 -15 17 21 -19 20 -20 -14 -21 24 25 27 -26 28 -12 30 -25 50 -29 34 51 -36 38 -35 41 -40 43 42 -5 44 45 47 -47 48 -41 -4 -10 52 -11 -38 -53 56 57 -56 59 -23 61 -61
right_child=1 3 49 36 5 -7 7 -9 31 11 23 12 16 14 -16 -17 -18 18 19 22 -22 58 -24 29 26 -27 -28 32 -30 -31 -32 -33 -34 37 35 -37 53 -39 39 40 -42 -43 -44 -45 -46 46 -48 -49 -50 -51 -52 54 -54 -55 55 -57 -58 -59 -60 60 -62 -63
leaf_value=0.00063266285542412258 0.0025925454870819103 0.0016612306052243041 0.00064230008423313192 0.0016210393172208537 -0.0067573408574677961 0.00038746350335067212 -0.0055202244470552103 0.003466152543030376 -0.0062331266440985187 -0.0023443559796457233 -3.9785471445646878e-05 0.00041635479829758973 -0.0088303051149644773 -0.0057804890674816901 -0.0096013461810019463 0.0045104669567359945 0.0013728448711372637 -0.011878322780516157 -0.0072046433938451095 -0.0043629007997349513 0.00044330954719607629 2.6880223998211655e-05 -0.001860024104383156 -0.0048058530115222655 -0.0062171869678434221 -0.0044253327167386681 0.0010437538023967533 0.001041073421781019 -0.011701035730135792 0.0027163077214443459 -0.0015333281316964407 -0.0016374201699325078 -0.0069471863129698082 0.00088549233138105669 -0.005511408517880575 0.00062242213142522452 0.0013231763354288409 -0.00016994313229553348 0.0013618468247372168 0.00011359809220685396 -0.0028301843422213163 0.0034004497218046285 -0.0036922072014617391 0.0013305395022624087 0.00041669415194613173 -0.0069915390572658567 -0.0037812134048733101 0.0025727209790922705 -0.00379656112991282 -0.0031259904821204117 -0.0047039100978555357 0.0010138782336456915 0.0031029039828522234 2.5062902277996676e-05 -0.0015800405520030724 0.00018814915114667648 0.00031682389636386777 -0.0085790671133578536 0.0011377205526008913 -0.008750884622363956 0.00078309563870532857 -0.0034779564205068367
leaf_weight=2589 1669 541 173 133 43 345 52 52 46 89 50 3210 50 63 41 64 316 59 49 79 195 529 157 96 59 61 1385 232 46 256 2466 62 40 3482 40 62 460 733 2319 92 45 605 46 234 192 47 73 105 97 239 41 951 62 4730 147 1582 195 42 403 105 101 40
leaf_count=2589 1669 541 173 133 43 345 52 52 46 89 50 3210 50 63 41 64 316 59 49 79 195 529 157 96 59 61 1385 232 46 256 2466 62 40 3482 40 62 460 733 2319 92 45 605 46 234 192 47 73 105 97 239 41 951 62 4730 147 1582 195 42 403 105 101 40
internal_value=0.000444762 0.000353247 0.00146734 0.000270091 3.17844e-05 -0.00310748 -0.00788274 -0.00266667 -0.0110881 0.00014326 -0.000589357 0.000441783 -0.00016356 0.00052818 -0.00508876 -0.00207031 -0.00128223 -0.001875 -0.0044537 -0.00343035 -0.00032653 -0.000740439 -0.00662447 -0.000894075 0.000141409 -0.00285227 0.00104467 -0.00165312 -0.00690722 -0.00158212 -0.00192743 -0.00836667 0.00021978 0.000888994 0.000189215 -0.00524272 0.000756074 0.00141722 0.00137284 0.000973479 -0.00121332 0.00301911 -0.000583333 -0.000772889 -0.00192751 -0.00344578 -0.00826446 -0.00145763 -0.00371053 -0.0016707 -0.0121023 0.000371457 -0.00358553 0.000278793 0.00057745 -6.10064e-05 -0.00254545 -0.00581579 -0.000347752 -0.00138531 -0.00433198 -0.00804794
internal_weight=32567 29978 2081 27897 18719 641 296 104 192 18078 5232 12846 5461 3378 168 127 2083 1767 539 480 244 1228 236 4691 1873 429 1444 368 96 2818 2562 149 272 7385 3170 102 9178 4215 3988 3204 885 784 179 840 606 414 120 294 189 412 87 3068 151 5190 2917 1966 384 189 1178 775 246 145
internal_count=32567 29978 2081 27897 18719 641 296 104 192 18078 5232 12846 5461 3378 168 127 2083 1767 539 480 244 1228 236 4691 1873 429 1444 368 96 2818 2562 149 272 7385 3170 102 9178 4215 3988 3204 885 784 179 840 606 414 120 294 189 412 87 3068 151 5190 2917 1966 384 189 1178 775 246 145
cat_boundaries=0 1 2 3 4 5 6
cat_threshold=7440 1288 10 1575 8 5222
is_linear=0
shrinkage=0.05


Tree=74
num_leaves=63
num_cat=6
split_feature=10 39 8 26 41 22 3 5 13 17 25 17 18 17 6 35 25 28 42 26 15 10 26 39 13 30 39 30 11 23 7 2 7 39 7 2 33 33 18 33 23 15 3 11 11 33 2 3 7 5 10 11 41 3 22 7 17 3 31 8 13 6
split_gain=1.40538 1.74617 1.24103 1.8846 1.18439 1.28224 1.153 1.96238 1.75066 1.15153 1.42964 1.55151 2.03235 1.51597 1.4222 1.06957 1.05825 1.28048 1.55181 1.50381 1.29871 2.2519 1.26012 1.14183 1.18692 1.86974 1.08505 2.5634 1.24035 1.04198 1.01189 0.952854 0.941774 1.67647 1.12788 1.64559 1.33444 1.13875 1.15659 1.79434 1.7024 2.01499 1.08106 1.07051 1.06872 1.04446 1.00562 0.979126 1.55888 1.1852 1.03844 0.963382 0.934567 0.932653 0.983954 0.914074 0.956707 1.20934 2.03951 0.88099 0.862508 0.859918
threshold=0.079030426191054839 0 0.92565136585932606 15.500000000000002 8.6992063492063512 -0.83921699195796584 0.69314718055994595 8.1581834386897061 0.90658826564769834 0.42464597933330289 1 0.51421785988528346 0.42205451491161355 0.71948537795134737 9.3048588514174586 1.2050539766060591 2 1.0000000180025095e-35 0.9652147610405325 42.500000000000007 -0.66940196498306215 -0.1274390432377461 18.500000000000004 3 0.86510192740011438 18.050000000000004 4 43.45000000000001 85.500000000000014 0.28092990466691786 7.4120443871700532 -0.27443684570176025 6.6549298037505364 5 7.8823337570392544 -0.064537952955430175 26.278571428571436 38.192857142857157 0.63576709988222402 27.13571428571429 0.49357886367905685 0.43300604971879625 -0.69314718055994484 16.500000000000004 50.500000000000007 27.092857142857149 -0.066774957772854013 -0.46203295959230845 8.2952298520568828 8.2941397376485124 -0.42084554211936126 32.500000000000007 44.870833333333344 0.13764678752981976 0.2363893043797429 7.7233200848154668 0.12667972823737819 0.10536051565782546 20.250000000000004 0.41792730030775244 0.87515821656505166 7.5106513530436025
decision_type=2 1 10 2 2 8 2 2 2 2 1 2 8 2 2 2 1 2 2 2 2 2 2 1 2 2 1 2 2 8 2 2 2 1 2 2 2 2 10 2 8 2 2 2 2 2 2 2 2 2 2 2 2 2 8 2 2 2 2 8 2 2
left_child=16 2 9 -4 6 -6 -3 8 -8 14 11 -11 -13 -14 31 53 17 18 19 20 21 -1 30 -22 25 -25 27 28 -19 -15 -20 -2 43 34 36 -36 -34 38 45 -40 -41 46 -35 -18 -43 -38 -42 48 59 -50 -51 -52 -26 -7 -55 56 57 -47 -59 -44 61 -33
right_child=1 4 3 -5 5 15 7 -9 -10 10 -12 12 13 29 -16 -17 32 26 22 -21 23 -23 -24 24 52 -27 -28 -29 -30 -31 -32 60 33 42 35 -37 37 -39 39 40 41 44 47 -45 -46 55 -48 -49 49 50 51 -53 -54 54 -56 -57 -58 58 -60 -61 -62 -63
leaf_value=0.0046113996646295714 -0.0037220319756111567 -8.2133838738859474e-05 0.00071170305507821006 -0.057338967801162093 -0.0037492608828489041 6.8507000954949759e-06 -0.0014802153969054343 0.0025025393641978839 -0.014500178519107995 -0.014814267515203511 -0.00064419713553226217 -0.0098211957061334707 0.0027086002941955831 -0.0010098429311779969 -0.010363420721732417 -0.0025056995645726383 -0.0014960551158099253 0.0024964998389248047 0.00085438578727868727 0.0027669636010516723 0.0005865088383690515 -0.0083262508997293365 0.002316148656955713 -0.0075188560528572828 0.005199744777180537 -0.0017026187562620922 0.0016327675359930644 -0.0056568372336062416 -0.0022692003297198515 -0.0053547823294854812 -0.0061431700842980988 5.6336259803329855e-05 0.0033782915650899352 0.0055906731612586705 -0.0020856133605348364 -0.01091649882329428 0.0028864005641154097 0.0051128684135061603 -0.0060102148539617891 -8.5949428196977726e-05 0.00019541062839594707 -0.0065193757079339823 0.00086046491972597595 0.0023321086742156714 -0.01778047230564286 -0.00067649037787016102 -0.0055496750545545419 0.0002725312105162937 -0.0031883334467886861 0.0022887821656596887 0.00049374622465536277 -0.010353865692531166 -0.005587644598249961 0.0015491220779513086 0.00029054595745598951 0.0027355886497372459 0.00049261131701941409 -0.0072742024397919507 0.00034507739473869155 -0.0047184384611834024 0.00088247257012355842 -0.0020828502733819892
leaf_weight=43 44 2853 43 40 43 1505 45 65 40 44 498 59 65 68 41 61 50 253 43 96 320 62 610 66 71 71 3129 69 43 40 41 1131 238 295 124 40 138 112 42 501 93 45 392 786 42 699 57 11869 68 46 46 40 67 1615 1648 68 411 74 52 57 828 436
leaf_count=43 44 2853 43 40 43 1505 45 65 40 44 498 59 65 68 41 61 50 253 43 96 320 62 610 66 71 71 3129 69 43 40 41 1131 238 295 124 40 138 112 42 501 93 45 392 786 42 699 57 11869 68 46 46 40 67 1615 1648 68 411 74 52 57 828 436
internal_value=0.000449788 -3.5671e-06 -0.000960275 -0.00696429 0.000402612 0.000884466 -0.000377829 -0.00463576 -0.00959302 -0.000807988 -0.00249032 -0.00529617 -0.00381974 -0.00106322 -0.000282144 0.000961698 0.000687646 0.00132533 0.000100604 -0.00140527 -0.00221113 -0.00731132 0.00182734 -0.00130034 -0.00358392 -0.00699275 0.00185122 -0.000731383 0.00127946 -0.0046789 -0.00388235 -0.000125 0.000492498 0.000404823 -0.000717146 -0.00472727 -0.000462495 -0.000826552 -0.00107512 -0.00262484 -0.0020433 -0.00552521 0.000644495 0.00212664 -0.0115341 -0.00023562 -0.00198675 0.000574327 -0.00131538 -0.00497512 -0.00218045 -0.0054023 -0.000431654 0.00104634 0.00152114 -0.000674329 -0.000986257 -0.00196731 -0.00645669 0.000322222 1.04342e-05 -0.000679209
internal_weight=32581 11212 3337 83 7875 4872 3003 150 85 3254 774 276 232 173 2480 4829 21369 4984 1490 796 700 105 694 595 275 137 3494 365 296 108 84 2439 16385 15549 2736 164 2572 2334 2222 780 738 237 12813 836 87 1442 150 12518 649 200 132 86 138 4768 3263 1304 1236 825 126 449 2395 1567
internal_count=32581 11212 3337 83 7875 4872 3003 150 85 3254 774 276 232 173 2480 4829 21369 4984 1490 796 700 105 694 595 275 137 3494 365 296 108 84 2439 16385 15549 2736 164 2572 2334 2222 780 738 237 12813 836 87 1442 150 12518 649 200 132 86 138 4768 3263 1304 1236 825 126 449 2395 1567
cat_boundaries=0 1 2 3 4 5 6
cat_threshold=364 788 560 741 2064 2304
is_linear=0
shrinkage=0.05


Tree=75
num_leaves=63
num_cat=8
split_feature=2 9 39 26 27 8 12 3 11 19 4 27 39 25 26 13 33 12 3 13 18 17 18 2 26 13 6 26 3 39 7 41 2 15 13 27 25 26 9 25 36 35 7 19 8 1 19 4 42 23 18 25 23 33 31 39 18 31 41 3 7 12
split_gain=1.4969 1.09563 1.0801 1.80416 1.3902 1.47764 1.2617 1.1476 1.08394 1.01137 1.00619 0.935431 1.09575 2.54527 1.8424 2.98829 1.54006 1.30743 1.38899 1.08997 1.15105 1.4222 1.20714 1.46528 1.16091 1.14448 1.05201 1.49798 1.67799 1.36144 1.69961 2.04415 2.06541 1.15104 1.08226 1.08223 1.0475 1.48228 1.40632 1.02881 2.06314 1.77609 1.14965 1.02516 1.02195 1.06581 1.01095 0.989699 0.977354 0.971035 1.97466 1.08145 1.0943 1.25925 1.05828 1.99215 1.43547 1.58096 1.31625 1.13728 1.00499 0.972652
threshold=-0.066774957772854013 0.039551689749991022 0 47.500000000000007 39.500000000000007 0.13443561074267027 12.500000000000002 -0.25489224962878904 72.500000000000014 -0.1298760558986565 -1.4388113718587412 39.500000000000007 1 2 48.500000000000007 0.72632688503597376 37.421428571428585 6.5000000000000009 0.14081005576610031 0.26104599793732369 1.5127114414383176 -0.058691617415211998 0.084175257717293339 0.09413340069767219 28.500000000000004 0.79255179205003323 7.1233671493048636 16.500000000000004 -0.40546316471382798 3 8.3532359786587698 5.1138286620835549 0.18074799234652475 -0.49643688631389088 0.095695970695970703 15.500000000000002 4 32.500000000000007 0.072201556073746467 5 0.0099125227294012148 0.12583465500244362 9.8871538131124108 -0.10358715860614272 0.11603590226708282 -1.0000000180025095e-35 0.02066449700330086 1.006836446190736 0.95275297619047628 -1.8017221425978351 0.72508209128576484 6 -0.054067221270275682 25.950000000000006 218.95000000000002 7 0.66148186094712058 250.20000000000005 2.9674775251189849 0.11170435321649831 9.3340562387506676 31.500000000000004
decision_type=2 8 1 2 2 8 2 2 2 2 2 2 1 1 2 2 2 2 2 2 8 2 10 2 2 2 2 2 2 1 2 2 2 2 2 2 1 2 10 1 2 2 2 2 10 2 2 2 2 8 8 1 8 2 2 1 10 2 2 2 2 2
left_child=2 -2 3 7 5 -5 -6 -1 -9 -10 -4 26 13 16 47 -16 -13 -18 48 -15 21 -21 23 25 -24 -23 27 28 -3 34 33 -32 35 36 -28 -33 -31 38 -38 40 -36 -42 -41 -35 45 -26 -47 49 -19 50 -14 -51 -53 -54 60 59 58 -58 -57 -56 61 -55
right_child=1 11 10 4 6 -7 -8 8 9 -11 -12 12 14 19 15 -17 17 18 -20 20 -22 22 24 -25 44 -27 29 -29 -30 30 31 32 -34 43 39 -37 37 -39 -40 42 41 -43 -44 -45 -46 46 -48 -49 -50 51 -52 52 53 54 55 56 57 -59 -60 -61 -62 -63
leaf_value=0.001580070569233508 0.0016627775599528582 -0.0097829368547785647 -0.0039665267406034498 -0.0021395115587933759 -0.011161250742300802 0.0034608970071694279 -0.0037741702770632602 -0.00058938913203799258 -0.0014358092043726869 0.0028519129133519373 0.00082198365688993717 0.00052266845463805973 0.00022677375663747565 -0.0040684353707165681 0.00026203571085171693 -0.010496625092712595 0.0013563316180090772 0.00025644776987096741 -0.0077043626006952628 -0.0005379805651628645 0.0015738915627076624 -0.0068576329521306979 0.00010521688517308524 -0.0081330264076965343 -0.0032330246244992229 0.00086025392756199223 -0.0032852285241519452 0.0017526970725486144 0.00014949729786968186 0.00021606343155527378 0.00093362468642703336 -0.0052388070652105573 -0.024079658918617367 0.0011926399243251291 0.0001362039743724765 0.00030394753859236097 -0.0020128509319510663 -0.0069554680319281262 -0.0006410546089409561 0.00080267439343974624 -0.0033929125064590289 -0.0010480931541454986 -0.0054777668107793831 -2.5513602744956686e-05 -0.0022066008900859814 -0.0038380295688549221 -0.00052908064750085179 0.0048569403729117715 -0.0023170262850921454 0.00036852656562020989 -0.006826666306724568 0.00061051542032662881 0.00074352500926719582 0.0018994669618736212 -0.0075964440681166815 -0.0019548220128363376 -0.0084685191770734972 -0.00036164170350401758 0.0007399139875831661 -0.0058206436870179984 -0.0063936611288452558 -0.00063824428546610458
leaf_weight=1463 612 50 80 40 51 119 88 1727 67 448 7000 927 101 40 47 44 43 71 54 404 80 49 105 44 43 40 46 1202 1163 377 98 43 44 337 1567 49 44 69 424 2938 46 46 42 3548 208 56 61 265 94 3038 49 840 280 346 76 42 41 61 248 52 67 983
leaf_count=1463 612 50 80 40 51 119 88 1727 67 448 7000 927 101 40 47 44 43 71 54 404 80 49 105 44 43 40 46 1202 1163 377 98 43 44 337 1567 49 44 69 424 2938 46 46 42 3548 208 56 61 265 94 3038 49 840 280 346 76 42 41 61 248 52 67 983
internal_value=0.000376895 0.000134904 0.000849423 0.000190583 -0.00354515 -0.00034375 -0.00717857 0.000492445 -0.000218457 0.00179264 0.00121986 7.41693e-05 -0.000315168 -0.00124678 1.51724e-05 -0.00701087 0.000370834 -0.0030038 -0.00456818 -0.00293602 -0.00265811 -0.00311573 -0.0046458 -0.00884328 -0.00344937 -0.00505556 0.000359733 0.00129346 5.35422e-05 0.000127585 -0.000443101 -0.00459574 -0.00854015 -0.000240625 0.000739992 -0.00419355 -0.00183607 -0.0032208 -0.00226013 0.000817888 -0.000182635 -0.00741935 0.00137078 0.000135101 -0.00476965 -0.00776397 -0.00521186 0.000114792 -0.00225904 -1.28512e-05 -0.00397351 8.55969e-05 -0.000580899 -0.00116978 -0.00162754 -0.00355086 -0.00158809 -0.00669903 0.000171821 -0.00870504 -0.000909091 -0.000605263
internal_weight=32727 21644 11083 4003 298 159 139 3705 2242 515 7080 21032 8899 2319 6580 91 1189 262 219 1130 1090 1010 606 133 473 89 12133 2415 1213 9718 5033 234 136 4799 4685 92 914 537 468 4639 1659 92 2980 3885 368 160 117 6489 165 6224 150 6074 3036 2196 1916 520 392 102 290 128 1396 1329
internal_count=32727 21644 11083 4003 298 159 139 3705 2242 515 7080 21032 8899 2319 6580 91 1189 262 219 1130 1090 1010 606 133 473 89 12133 2415 1213 9718 5033 234 136 4799 4685 92 914 537 468 4639 1659 92 2980 3885 368 160 117 6489 165 6224 150 6074 3036 2196 1916 520 392 102 290 128 1396 1329
cat_boundaries=0 1 2 3 4 5 6 7 8
cat_threshold=1416 738 2107 571 2824 1612 3356 4352
is_linear=0
shrinkage=0.05


Tree=76
num_leaves=63
num_cat=9
split_feature=16 37 0 14 16 17 2 25 39 25 6 39 22 17 36 25 17 39 1 17 1 27 16 6 15 17 20 33 18 2 18 13 33 44 9 12 19 12 39 15 12 9 15 19 39 22 7 27 19 9 38 42 15 18 0 1 6 16 16 40 20 9
split_gain=1.49549 1.38966 1.19027 1.36732 1.29182 1.27891 1.25921 1.20441 1.24727 1.15967 1.13489 1.15133 1.52201 1.45726 1.08693 1.07683 2.11618 1.33845 1.10938 1.39347 1.30825 1.31345 1.43987 1.18021 1.18392 1.45603 1.16365 1.15613 1.09243 1.32461 1.36519 1.79506 1.08565 1.03871 1.46583 0.997616 0.992963 0.974911 1.31932 1.09297 1.1244 1.01241 1.1688 1.0035 0.929874 1.0262 0.920012 0.897466 1.20851 0.89024 0.870877 1.10638 1.1486 0.849937 0.848965 1.21731 0.847715 0.827489 1.46397 0.833064 0.82302 2.0537
threshold=0.032776392973807196 4.5000000000000009 -0.10536051565782632 -0.3741201136179248 -3.213729430125484 0.60538232824724225 -0.023716526617315822 0 1 2 7.5300168728760033 3 0.8281706128777141 0.019756979279710995 1.8052166677810071 4 -1.1326138218576081 5 -0.12734644696893446 0.44477269264668934 0.27146479913400784 16.500000000000004 0.5877866649021195 7.0222710942220248 0.18232155679395481 0.56157988110339441 0.000463318976402246 31.178571428571434 0.25889165304746636 0.15847603492195275 0.17518474019666608 0.52631603878090105 27.921428571428574 0.18333333333333338 0.059274768506904225 6.5000000000000009 -0.033206887688420082 47.500000000000007 6 0.039608226768524275 54.500000000000007 0.13129207963692871 -1.045787243472909 -0.18239341141419144 7 -0.36206010293046398 7.5303005023508343 56.500000000000007 -0.037814209502898134 0.26578501775364033 8 0.96899038461538478 0.16040124954785109 -1.2268052121246715 -0.018562872242033009 -0.041964184421938271 6.6459721635737674 0.47577790259427127 0.30538164955118213 1.5000000000000002 -0.013794868457036898 0.080974249026183498
decision_type=2 10 2 2 2 2 2 1 1 1 2 1 8 2 2 1 2 1 2 2 2 2 2 2 2 2 10 2 10 2 10 2 2 2 8 2 2 2 1 2 2 10 2 2 1 8 2 2 2 10 1 2 2 8 2 2 2 2 2 2 10 10
left_child=1 2 5 7 -5 -1 -7 8 56 -6 50 12 13 -12 15 17 -17 32 35 28 21 22 -21 27 25 -25 -24 -23 29 30 31 -20 33 34 -2 -19 -14 44 39 40 -39 42 -40 -42 -9 -46 -30 -10 53 -22 -11 -52 -53 -49 55 -47 -4 58 -36 -59 61 -34
right_child=14 -3 3 4 9 6 -8 37 47 10 11 -13 36 -15 -16 16 -18 18 19 20 49 23 26 24 -26 -27 -28 -29 46 -31 -32 -33 60 -35 57 -37 -38 38 41 -41 43 -43 -44 -45 45 54 -48 48 -50 -51 51 52 -54 -55 -56 -57 -58 59 -60 -61 -62 -63
leaf_value=0.0014185226059405854 -0.0015892641769023148 0.0009658114384942843 -0.00093823433046854091 -0.0080397420527834051 0.0010975627738473927 0.0002724445206454168 -0.0017623398329398591 0.00092119730016875846 0.00019231366147914322 0.001389568550559482 0.00064173984427332129 7.3185401489732802e-05 -0.00064457042290719669 -0.0039577822827171942 -0.0017671383571533279 -0.0082482990298326977 0.00029049755747856458 0.0031527117647680448 -0.0064050285637329831 -0.0012314410791064835 -0.0029435438757735057 -0.0024910318362160759 -0.0131141816906244 -0.0023695005393929336 3.5468404895819102e-05 -0.00081638059918589026 -0.0045778512211114347 -0.0025350665545568214 0.00069421495823666001 0.00042223647871831725 -0.0042732084909942493 -0.00032274774723695332 -0.0018628145389412325 0.0015714901580495292 -4.0917335384345995e-05 -8.8394467284638969e-05 -0.010984428557956418 -0.0065862953692293379 0.0012268243355475046 -0.0059494094706959788 -0.0039564041875799023 0.0022174498726402732 -0.0018149028452640683 -0.00030757471252581804 -0.0077762296274271649 0.0012595993101396613 -0.00027405351578494445 -0.0017749419824988303 -0.0044871140269283046 0.0020692184631081116 0.00047626866423681194 -0.00069566079324266086 -0.012173150966922354 0.0067242959738195753 0.00028055608601650891 -0.0062115541956503095 0.0016869647664288822 -0.0042294116610522492 -0.005508686770279483 0.002002108936784716 0.0010755255460493764 0.00059602178990111627
leaf_weight=3734 56 1084 65 48 4234 102 63 390 646 893 130 3517 45 65 48 56 8193 142 52 117 45 80 44 45 319 103 71 51 446 144 56 337 89 171 155 797 74 71 96 50 86 232 210 403 77 64 449 68 88 119 814 128 46 47 401 49 762 40 79 123 1085 471
leaf_count=3734 56 1084 65 48 4234 102 63 390 646 893 130 3517 45 65 48 56 8193 142 52 117 45 80 44 45 319 103 71 51 446 144 56 337 89 171 155 797 74 71 96 50 86 232 210 403 77 64 449 68 88 119 814 128 46 47 401 49 762 40 79 123 1085 471
internal_value=0.000478392 0.000769845 0.000663314 0.00044529 0.000752376 0.00143462 -0.00286145 -0.000361271 0.00064019 0.000792199 0.000325005 -0.000168319 -0.00301538 -0.000382653 8.68852e-05 0.000113017 0.000477603 -0.000416008 -0.00103996 -0.00159742 -0.00304523 -0.00385078 -0.00703863 -0.00260434 -0.00142094 -0.00510067 -0.0109914 -0.0067803 -0.000626262 -0.00229661 -0.0036435 -0.00257692 0.000524123 -0.001248 -0.0025 0.000420213 -0.00754167 -0.0011472 -0.00214099 -0.0037037 -0.00311943 -0.000291439 -0.00218241 -0.0022551 5.09184e-06 -0.00123754 0.000474331 -0.000703488 -0.00360294 0.0010303 0.00133103 0.00029029 -0.00331429 -0.000215517 -0.000446602 -0.00425439 0.00201074 -0.0014196 -0.00331915 0.00131098 0.00119988 -0.000356506
internal_weight=32765 18782 17698 13799 9994 3899 165 3805 1676 9946 5712 3831 314 195 13983 13935 8249 5686 3417 2478 994 830 232 598 467 148 115 131 1484 589 445 389 2269 624 453 939 119 2129 1148 610 560 538 306 489 981 591 895 849 203 164 1881 988 174 115 514 113 827 397 234 163 1645 560
internal_count=32765 18782 17698 13799 9994 3899 165 3805 1676 9946 5712 3831 314 195 13983 13935 8249 5686 3417 2478 994 830 232 598 467 148 115 131 1484 589 445 389 2269 624 453 939 119 2129 1148 610 560 538 306 489 981 591 895 849 203 164 1881 988 174 115 514 113 827 397 234 163 1645 560
cat_boundaries=0 1 2 3 4 5 6 7 8 9
cat_threshold=348 6197 309 2306 199 757 3873 5418 10
is_linear=0
shrinkage=0.05


Tree=77
num_leaves=63
num_cat=9
split_feature=35 0 25 12 39 23 25 30 7 0 41 35 18 35 35 27 39 7 26 8 18 25 14 3 4 42 6 6 5 6 39 31 4 41 42 7 2 17 18 26 24 18 7 4 5 3 8 22 7 42 41 40 14 17 38 9 17 25 9 33 14 23
split_gain=1.41661 1.30241 1.16296 1.10407 1.03777 1.03347 1.46744 1.29369 0.957141 1.41369 0.956948 0.9544 0.929696 1.14559 1.26676 1.93038 0.915142 1.60539 3.23839 1.48075 1.44211 1.33347 1.40035 1.49866 1.8865 1.26263 1.206 1.19024 1.03252 0.986864 0.979417 1.122 0.965226 1.13891 0.948712 0.962323 0.937712 1.15565 1.04124 0.992075 1.08639 0.979014 0.899421 0.889505 0.888534 0.867569 0.857866 0.855453 0.966127 0.853332 1.00415 0.845549 0.833327 1.21606 0.872887 1.13389 1.27263 0.919095 0.874873 0.853989 0.852707 1.31993
threshold=0.0026632652206117794 -0.061875378186193146 0 3.5000000000000004 1 1.3364215222331419 2 0.95000000000000007 6.6549298037505364 0.70541757802971594 7.3758333333333335 1.7241927100660206 -0.24259406432244299 0.08115950847818805 0.14076157306352258 55.500000000000007 3 8.380645428512997 28.500000000000004 0.10825967079555919 1.0704077899671549 4 -0.75942355885731316 -0.20252426411147303 -0.31407419159051159 0.80374649859943992 8.4193451621079536 8.5677515953817203 6.8928689706494888 7.6169107076189952 5 44.949999999999996 -0.017347208139102396 3.7869910100475943 0.84680573663624525 7.5699780036358293 0.030025742869267184 -0.064370268160526475 0.57928743486685252 46.500000000000007 6 -0.03336025173531422 8.2730406286809401 -1.0986122886681093 6.8469637952197386 -0.20763936477824393 0.13443561074267027 -0.39626239132937219 8.1708350671697865 0.96899038461538478 2.4033672891907192 4.5000000000000009 0.14605592679632864 0.56157988110339441 7 0.12014120100871957 0.39769700658356139 8 0.039551689749991022 27.450000000000006 1.3873349442218033 -0.15963014559188402
decision_type=2 2 1 2 1 10 1 2 2 2 2 2 10 2 2 2 1 2 2 8 8 1 2 2 2 2 2 2 2 2 1 2 2 2 2 2 2 2 10 2 1 10 2 2 2 2 10 8 2 2 2 2 2 2 1 10 2 1 10 2 2 10
left_child=1 3 12 -1 10 8 7 -7 9 46 -5 -4 -2 -14 -15 -16 45 20 26 -20 21 25 23 24 -23 -18 -19 -21 -27 34 -30 36 43 49 -22 -36 37 -32 -39 40 -38 -42 -31 -24 -25 51 -3 -46 -49 50 -34 -10 54 -54 55 56 57 59 -56 -35 61 -55
right_child=2 5 11 4 -6 6 -8 -9 16 -11 -12 -13 13 14 15 -17 17 18 19 27 29 22 32 44 -26 28 -28 -29 30 42 31 -33 33 52 35 -37 39 38 -40 -41 41 -43 -44 -45 47 -47 -48 48 -50 -51 -52 -53 53 60 58 -57 -58 -59 -60 -61 -62 -63
leaf_value=0.002183590093181581 0.0018055182157100725 0.0028899474208824473 0.0023957530264418982 -0.0049024372485591133 0.0002377006668037899 -0.0013731880071290608 -0.00016477729332806278 -0.00990640770343491 0.002072208307418289 -0.01529090815455867 0.0022956049699183272 -0.00041095778172834432 0.0011736525839870313 -0.0035674854303459173 0.00081693868483228714 -0.0040852677640476013 -0.0062644736057355602 -0.0049175202076280752 -0.0050753993708000898 -0.012686839693590758 -0.0062770946014615806 -0.00053777131301596985 -0.0040657138956246928 -0.0014505081417134395 -0.00739951768848068 -0.0058335554810119983 0.00026621760444170433 0.00015594393338990234 0.00058491217078752566 0.00029177049826042842 0.00070653855541607234 0.00084110720348302883 0.000762275201968019 -0.0016891818496681907 -0.00080482838920850521 -0.0093603720304266287 0.00015913915059355952 -0.0030793478140528855 0.00032485733963598411 -0.0053202449549998084 -0.0065349522773176256 -0.00087272421738567106 -0.0050987563106123747 0.00077377293805750119 -0.0065749520621109989 9.3269577087666327e-05 0.00050619849250729809 0.00035905384118355534 -0.0032654919654222098 0.0025266525772012628 -0.004482594401987075 -0.00035197114128648552 0.0012214589134649668 8.2703411362031797e-05 0.0013153067557594024 0.0023240145487769498 -0.0022674665555081808 0.00062393347886801991 -0.00087243375574741163 -0.00030252545114984198 0.002455721462681183 -0.0042365378726233541
leaf_weight=963 208 419 529 55 7707 79 619 70 853 45 781 51 184 64 154 42 49 64 43 65 53 55 48 43 53 83 325 50 413 477 150 118 43 55 806 55 109 173 88 58 50 82 42 2640 40 7707 734 650 46 62 125 173 1034 83 60 617 78 481 1436 236 56 66
leaf_count=963 208 419 529 55 7707 79 619 70 853 45 781 51 184 64 154 42 49 64 43 65 53 55 48 43 53 83 325 50 413 477 150 118 43 55 806 55 109 173 88 58 50 82 42 2640 40 7707 734 650 46 62 125 173 1034 83 60 617 78 481 1436 236 56 66
internal_value=0.000373041 0.000308085 0.00203569 0.000797307 0.000616222 9.7235e-05 -0.00170351 -0.00596875 0.000162268 0.00153461 0.00227863 0.0036379 0.000542987 -0.000741573 -0.00287356 -0.000862944 8.03724e-05 -0.00021546 -0.00285584 -0.00886792 -8.18382e-05 0.000143908 0.000390995 -0.00148086 -0.00697248 -0.00128974 -0.000397436 -0.00581897 -0.00100377 -0.00155858 -0.000640096 -0.00162098 0.000624912 0.000171442 -0.00254645 -0.00214037 -0.002391 -0.000837378 -0.00284351 -0.00451667 -0.00307851 -0.00587413 0.000182692 0.00137226 -0.000711538 0.00046489 0.00187608 -0.000298507 0.000114778 -0.00324675 -0.00508876 0.00183057 0.000359267 0.00144758 -9.61537e-05 0.00076793 -0.000411281 0.000206986 -0.000942269 -0.0019702 -0.00206311 -0.00403333
internal_weight=32797 31565 1232 9506 8543 22059 768 149 21291 1198 836 580 652 444 260 196 20093 11360 547 158 10813 9380 8007 887 108 1373 389 115 1324 1433 1241 828 7120 4432 914 861 710 411 261 299 241 132 519 2688 779 8733 1153 736 696 230 168 1026 4202 1239 2963 1467 850 772 1496 291 205 149
internal_count=32797 31565 1232 9506 8543 22059 768 149 21291 1198 836 580 652 444 260 196 20093 11360 547 158 10813 9380 8007 887 108 1373 389 115 1324 1433 1241 828 7120 4432 914 861 710 411 261 299 241 132 519 2688 779 8733 1153 736 696 230 168 1026 4202 1239 2963 1467 850 772 1496 291 205 149
cat_boundaries=0 1 2 3 4 5 6 7 8 9
cat_threshold=1605 20 642 4345 1025 2560 20 10 168
is_linear=0
shrinkage=0.05


Tree=78
num_leaves=63
num_cat=8
split_feature=7 39 27 27 21 25 27 33 12 33 30 25 20 19 30 18 12 37 39 17 17 3 20 21 24 18 18 42 23 20 27 13 21 13 27 25 15 14 18 13 6 18 42 42 15 21 30 13 12 38 3 25 33 19 4 27 13 2 3 33 12 33
split_gain=0.895382 2.16453 2.16379 5.05616 2.01847 2.16873 1.6605 1.66695 1.46874 1.74876 1.70573 1.41914 1.25152 1.21257 2.01432 1.43599 1.0231 1.00852 0.926318 0.901739 0.828632 0.828009 1.07872 1.52967 1.57439 0.975408 1.35857 0.939487 1.78247 1.51498 1.54552 2.12443 1.13884 2.41197 0.92013 0.909854 0.849044 1.48594 1.45354 0.821812 1.09909 1.21654 1.31166 1.48076 1.71138 1.05592 0.78001 0.760447 0.739193 1.53993 1.43067 1.2053 1.1408 1.63319 1.05207 1.02634 1.22572 0.853286 0.733075 1.02889 1.0175 0.844534
threshold=7.5303005023508343 0 21.500000000000004 7.5000000000000009 985.50000000000011 1 34.500000000000007 28.650000000000002 71.500000000000014 28.550000000000008 15.150000000000004 2 -0.30419504921343893 0.0020938857982212597 139.00000000000003 -2.1175397017233171 1.5000000000000002 4.5000000000000009 3 0.088038271555107364 0.45946497920204915 -0.072283075013047413 0.013339327008449068 614.97000000000014 4 0.40080484591744686 0.46078380552441933 0.932768361581921 -0.29459427296457158 -0.029493183389568592 47.500000000000007 0.62257903286267657 800.30000000000007 0.72222433127438668 42.500000000000007 5 0.12625968972304039 0.13986940424571961 0.82517251427011518 0.58639371727748701 6.6807555439083872 1.3959534417666728 0.89258241758241763 0.85825892857142871 1.0000000180025095e-35 1140.2900000000002 30.450000000000006 0.71245796265909322 37.500000000000007 6 0.51076618170523125 7 29.63571428571429 -0.092207197813093777 -0.53315677498689806 41.500000000000007 0.76470847751628346 0.27592925536237184 0.091031090484288604 26.464285714285719 18.500000000000004 31.56428571428572
decision_type=2 1 2 2 8 1 2 2 2 2 2 1 10 2 2 10 2 8 1 2 2 2 10 8 1 10 10 2 8 10 2 2 10 2 2 1 2 2 10 2 2 10 2 2 2 8 2 2 2 1 2 1 2 2 2 2 2 2 2 2 2 2
left_child=11 2 3 -2 -4 -6 -7 -8 9 -5 -10 12 -1 17 15 -15 -3 -13 19 48 -21 25 23 -23 -25 -17 -27 35 -29 30 31 -30 33 -31 -35 47 37 -28 -39 40 45 42 43 -42 -45 -14 -43 -26 49 -19 54 -50 57 -54 -51 56 -56 -53 59 -24 61 -60
right_child=1 16 4 8 5 6 7 -9 10 -11 -12 13 39 14 -16 21 -18 18 -20 20 -22 22 58 24 27 26 36 28 29 32 -32 -33 -34 34 -36 -37 -38 38 -40 -41 41 46 -44 44 -46 -47 -48 -49 51 50 -52 52 53 -55 55 -57 -58 -59 60 -61 -62 -63
leaf_value=-0.012938642768834503 0.0014972859698643129 0.0017494092334769001 -0.0088782432297882016 -0.0070305162736060247 0.0011582089007886847 0.0049081556810271106 -0.010114718516779248 -0.00027929859745945407 -0.0068967517932122498 -0.0015365448388371032 -0.014958315955326304 -0.0016307649119056021 1.1915902431255581e-05 -0.0063956160148647195 -0.0016069019126328855 0.0017871394366288755 8.2563622955722952e-05 0.00033472432778275905 0.0008736371538015349 0.0028182575914550475 -8.1865976539799304e-05 -0.014385410507886271 -0.0010643789692401338 0.00084462725495590353 -0.0025142715417120353 -0.002625999060592629 7.1502941523328967e-05 0.0021731742270434465 -0.013414759952237993 -0.0036422656638433874 -0.0017937761047561826 -0.0036399588361955646 -4.3530292851754577e-05 0.0012906791683304141 -0.0024123825508158784 0.00034946202803794527 0.00072445214334157526 -0.00020383676388136099 -0.006904141475603239 0.0014046665636498518 0.0003072356026996017 -1.5514806474028683e-05 0.001375132941823458 -0.0057307875559083898 0.00012619331804626652 -0.0052364794718955839 -0.0039833520085193674 0.00053550302918467139 0.0016310960079480076 0.00017193395523371622 0.0033955685150468991 0.0015920347434372215 -0.0094391084172059173 -0.00039251211859451851 -0.00033090859187237423 -0.0031100152258029105 -0.0058455711637824554 -0.0045318918812044303 -0.0047700128272681599 0.0018812301951022248 0.00012763699945909354 -0.00049282414009367299
leaf_weight=40 174 844 49 40 512 43 66 61 49 74 46 42 98 41 48 543 17786 315 2230 358 248 40 46 326 61 66 242 121 46 50 92 77 270 69 56 346 532 49 42 3027 149 47 1110 44 41 63 40 45 438 66 45 178 47 75 90 64 44 40 41 361 378 44
leaf_count=40 174 844 49 40 512 43 66 61 49 74 46 42 98 41 48 543 17786 315 2230 358 248 40 46 326 61 66 242 121 46 50 92 77 270 69 56 346 532 49 42 3027 149 47 1110 44 41 63 40 45 438 66 45 178 47 75 90 64 44 40 41 361 378 44
internal_value=0.000359916 0.000147886 -0.00198222 -0.00503906 -0.000403005 0.000307467 -0.00441989 -0.00753906 -0.0102619 -0.00634783 -0.0148437 0.000682624 0.00138009 0.000289559 -0.000332259 -0.000208281 0.000276273 0.000875964 0.000953055 0.0001684 0.00177924 -0.000110294 -0.00067004 -0.00144062 -0.0011891 0.000827119 -0.000155579 -0.00199759 -0.00306266 -0.00408472 -0.00752315 -0.0111694 -0.00241031 -0.00553977 -0.00178571 -0.000198675 0.000375289 -0.0016018 -0.00701087 0.00145996 0.000539862 0.000981145 0.00135316 -0.00204255 -0.00726744 -0.0033642 -0.00471591 -0.00401709 -0.000527441 -0.001808 -0.00423437 0.000500642 -0.0017094 -0.00560976 -0.00577358 -0.00758794 -0.00503704 0.000410959 0.000746269 0.00229167 -0.000614224 -0.00552326
internal_weight=32715 19744 1114 383 731 682 170 127 209 114 95 12971 4659 8312 4032 3984 18630 4280 4238 2008 606 3943 2469 1599 1559 1474 931 1233 781 660 215 123 445 175 125 452 865 333 91 4619 1592 1431 1344 234 85 161 87 106 1402 624 309 778 340 122 264 198 134 218 870 407 463 85
internal_count=32715 19744 1114 383 731 682 170 127 209 114 95 12971 4659 8312 4032 3984 18630 4280 4238 2008 606 3943 2469 1599 1559 1474 931 1233 781 660 215 123 445 175 125 452 865 333 91 4619 1592 1431 1344 234 85 161 87 106 1402 624 309 778 340 122 264 198 134 218 870 407 463 85
cat_boundaries=0 1 2 3 4 5 6 7 8
cat_threshold=2304 1264 808 2848 16 1088 9 1108
is_linear=0
shrinkage=0.05


Tree=79
num_leaves=63
num_cat=9
split_feature=9 26 42 17 25 13 36 11 2 35 11 38 25 8 3 19 39 10 39 33 33 27 26 39 20 11 12 3 39 19 41 31 22 22 8 17 20 42 9 41 13 27 33 26 33 30 39 16 8 18 39 16 18 11 9 8 42 12 13 9 20 27
split_gain=1.26827 1.15706 1.76393 0.885595 1.11354 1.38157 1.50666 1.35331 1.34657 1.34083 1.14199 1.11996 1.44905 1.63489 1.56172 1.71042 1.10966 1.10118 1.09366 1.08586 1.31507 1.07896 1.75534 2.14323 1.66798 1.42805 1.24199 1.2891 2.15237 1.20683 1.23444 1.2008 1.07827 1.07003 1.06156 1.04353 1.02315 1.01848 1.0145 1.06882 1.01257 1.61063 1.04708 1.49728 1.0011 0.989322 1.32249 1.19338 1.68267 1.23816 1.41839 1.22522 1.19146 1.00723 0.994459 1.03186 0.967519 0.955422 1.16345 0.92123 1.91225 0.909838
threshold=0.067410426067411974 47.500000000000007 0.95275297619047628 0.87708329462884194 0 1.2500012784105439 0.65513689816026421 4.5000000000000009 0.06453648988539841 0.67474105889484193 43.500000000000007 1 2 0.084255946432736026 -0.11401921091510524 -0.011206694638300501 3 0.04514076731660089 4 27.992857142857151 27.292857142857148 38.500000000000007 48.500000000000007 5 -0.010579768578044831 37.500000000000007 46.500000000000007 0.10536087280055641 6 -0.074779713075649998 251.32374405076681 5.6500000000000012 -0.1589462293670226 0.65429583457440998 0.66644076994202683 0.33541539865812969 0.16511070452095475 0.65933268858800786 0.30803179410649439 50.992187500000007 1.0816561360250683 20.500000000000004 29.992857142857151 42.500000000000007 39.271428571428579 50.45000000000001 7 1.0159944062549084 0.24815254731687447 -0.13677907564999861 8 0.063497142650880592 0.44426744811194235 61.500000000000007 0.29930070339366571 0.081624279383140527 0.932768361581921 22.500000000000004 0.6600404701580519 0.087702735270623236 0.022101703643674458 11.500000000000002
decision_type=8 2 2 2 1 2 2 2 2 2 2 1 1 8 2 2 1 2 1 2 2 2 2 1 10 2 2 2 1 2 2 2 10 10 10 2 10 2 10 2 2 2 2 2 2 2 1 2 10 8 1 2 10 2 10 10 2 2 2 10 10 2
left_child=1 -1 -3 4 9 6 7 38 10 21 18 12 13 -12 15 -14 -13 -18 59 20 -19 26 -23 24 -24 31 61 40 29 -29 56 -25 -17 37 45 -7 -30 -20 -6 -40 -28 42 43 -42 -15 47 -47 49 52 50 51 53 -49 54 55 -10 -31 -21 -59 60 -9 -2
right_child=3 2 -4 -5 5 35 -8 8 34 -11 11 16 14 44 -16 32 17 19 33 57 -22 22 23 25 -26 -27 27 28 36 30 -32 -33 -34 -35 -36 -37 -38 -39 39 -41 41 -43 -44 -45 -46 46 -48 48 -50 -51 -52 -53 -54 -55 -56 -57 -58 58 -60 -61 -62 -63
leaf_value=0.00067093029290244083 0.00033822168338955489 0.00107770523502685 -0.0036761730066703358 -0.00036762145287597456 0.0011703158470618483 0.0015191667641001978 -0.0023260445992599708 0.00021424541576711535 -0.0013081327747070208 -0.00079460848107945875 -0.0021611366365612917 0.001793439389072625 -0.0055097446232862616 0.0027628914067071792 1.6498936208015331e-05 0.000102965843142446 0.00043090142401885239 -0.0013907518572203433 -0.0054268467878884272 0.0055806159230394042 -0.0039409274520325775 0.00026433394257201122 -0.0051759631788258174 -0.0052291084485328321 -0.0099294831556520132 0.0045836691898166913 0.0013867416795575343 0.0010719333402565312 0.00038023373460154507 -0.0071026587358379205 -3.2260191321402419e-05 0.0073308741788928617 -0.0078759375816390975 -0.0049055149184177027 -0.012103605586942297 -0.00013387088222444402 -0.0049391879734004482 -0.00030094362769544556 0.00099387141017537903 -0.0012820553534081875 -0.0031731636611251552 0.0035746300843925213 2.4393154460993358e-05 -0.0065218367735900397 -0.00046818131332273182 -0.00096224156482373484 0.0027812338375411724 0.0020803144353995287 -0.0060235216416969798 -4.0100471317658782e-05 -0.0032081963501318597 -0.003906589588837865 -0.0038388993271352605 0.00047926435313443497 -0.0075258270962355938 0.00091791095886854671 -0.0080726124864676872 0.0010105852485346198 -0.0030094519172821042 0.0011692229441747234 -0.0018124888601748698 0.0021589316691229608
leaf_weight=2439 1381 113 69 2220 1075 1597 79 208 51 53 65 739 80 402 205 92 2361 102 61 78 60 4725 52 68 48 90 1647 56 1030 53 59 42 52 59 87 674 71 2860 158 61 101 194 122 41 61 280 455 53 62 1702 512 72 91 278 53 168 76 149 120 790 74 1876
leaf_count=2439 1381 113 69 2220 1075 1597 79 208 51 53 65 739 80 402 205 92 2361 102 61 78 60 4725 52 68 48 90 1647 56 1030 53 59 42 52 59 87 674 71 2860 158 61 101 194 122 41 61 280 455 53 62 1702 512 72 91 278 53 168 76 149 120 790 74 1876
internal_value=0.00037737 0.00143211 -0.00240437 0.000285577 0.000362031 9.17149e-05 -9.56263e-05 -5.58901e-05 -0.000215493 0.00073118 0.000132266 0.000674403 -0.000841942 0.000909091 -0.00296591 -0.00591111 0.00107597 0.000624783 -0.000478658 -0.00148039 -0.00484663 0.00076792 0.000213888 -0.00348837 -0.00900901 -0.000236967 0.00118292 0.000521588 -0.000687221 -0.00482353 -0.00693122 -0.00405405 -0.00262069 -0.000969575 -0.000990944 0.0012346 0.000274281 -0.000836755 0.00148263 -0.00161364 0.00129392 -0.000784314 -0.00332075 -0.00622378 0.00197198 -0.000864214 0.00078125 -0.00126191 -0.00492754 -0.000994008 -0.00227313 -0.000616114 -0.00193103 0.000181488 -0.00197802 -0.000477273 -0.00965385 0.000100575 -0.00131481 0.000886427 -0.00155477 0.00188306
internal_weight=32752 2621 182 30131 27911 16126 13855 13776 12482 11785 8618 4566 957 528 429 224 3609 2870 4052 509 162 11732 5025 300 100 200 6707 3450 1345 244 188 110 144 2980 3864 2271 1101 2921 1294 219 2105 458 264 142 463 3777 735 3042 206 2836 1134 622 144 550 272 219 129 347 269 1072 282 3257
internal_count=32752 2621 182 30131 27911 16126 13855 13776 12482 11785 8618 4566 957 528 429 224 3609 2870 4052 509 162 11732 5025 300 100 200 6707 3450 1345 244 188 110 144 2980 3864 2271 1101 2921 1294 219 2105 458 264 142 463 3777 735 3042 206 2836 1134 622 144 550 272 219 129 347 269 1072 282 3257
cat_boundaries=0 1 2 3 4 5 6 7 8 9
cat_threshold=2609 4 1100 2116 174 2312 388 2582 3683
is_linear=0
shrinkage=0.05


Tree=80
num_leaves=63
num_cat=5
split_feature=0 41 38 11 23 39 7 27 27 8 11 39 15 12 31 11 15 21 11 7 13 22 8 14 7 41 31 22 24 16 1 14 15 21 33 35 37 23 4 4 1 39 6 6 0 10 44 10 15 30 12 42 12 33 27 31 12 7 42 7 14 27
split_gain=1.31555 1.05161 1.04644 1.02298 1.25802 1.05371 1.93207 2.34146 3.25465 1.24146 0.990441 0.981877 1.05714 0.91212 1.55553 0.886585 0.974686 0.843947 1.00139 0.834355 1.68437 1.32694 1.14895 1.05758 0.833158 0.79833 1.63396 0.783196 0.940034 1.20999 0.77794 0.762265 0.749164 0.72806 0.707514 0.693636 2.77374 2.18437 0.810042 1.53252 0.702276 0.730599 1.46281 1.29174 1.27301 1.15795 1.21347 1.82322 1.01243 1.09392 1.10828 1.03578 1.24641 1.32586 0.972631 0.932929 1.14165 1.25297 1.08868 2.2017 1.30149 1.19531
threshold=-0.033899137886026047 12126.983292410716 0 43.500000000000007 -0.044339470389783024 1 7.4313057010427697 27.500000000000004 7.5000000000000009 0.13443561074267027 35.500000000000007 2 -0.13684426535935842 5.5000000000000009 2.850000000000001 6.5000000000000009 -0.91629073187415477 2856.2350000000001 7.5000000000000009 6.6549298037505364 0.48981433904439226 -0.36206010293046398 0.19151239552444935 -1.1994848170202668 8.2618339007559722 1.4573849878934626 1.0000000180025095e-35 -0.55961486201035404 3 0.032776392973807196 -0.49643688631389121 2.4435438217159353 -0.053634726326983399 1128.2850000000001 34.264285714285727 0.0026632652206117794 45.500000000000007 0.62357463839736738 0.2093187942197208 -0.14949538210616173 -0.35647490392806208 4 6.7939639423100342 6.9236582515130403 0.013842355170278433 0.38038659925277779 0.18333333333333338 -0.1469224303050409 0.60613580357031605 0.25000000000000006 34.500000000000007 0.85270009643201561 48.500000000000007 28.978571428571435 38.500000000000007 1.0000000180025095e-35 41.500000000000007 8.1188061827027092 0.96580946814728241 8.9898630697474946 -1.0423063640732171 52.500000000000007
decision_type=2 2 1 2 8 1 2 2 2 10 2 1 2 2 2 2 2 8 2 2 2 10 10 2 2 2 2 10 1 2 2 2 2 10 2 2 8 8 2 2 2 1 2 2 2 2 2 2 2 2 2 2 2 2 2 2 2 2 2 2 2 2
left_child=2 19 11 4 32 6 10 8 -8 -10 -6 13 -13 14 -1 33 -17 27 -19 20 21 22 -2 -22 -20 26 -21 -18 29 -29 -5 -32 -4 -7 -14 36 37 38 39 -27 -38 42 -42 44 -44 46 54 -48 51 -50 -51 52 -49 -54 -45 -43 -57 -58 61 60 -60 -59
right_child=1 -3 3 30 5 15 7 -9 9 -11 -12 12 34 -15 -16 16 17 18 24 25 23 -23 -24 -25 -26 35 -28 28 -30 -31 31 -33 -34 -35 -36 -37 40 -39 -40 -41 41 55 43 45 -46 -47 47 48 49 50 -52 -53 53 -55 -56 56 57 58 59 -61 -62 -63
leaf_value=-0.0090374292142711039 -0.0065468843258454333 0.0010771809050700012 0.0026321317865292456 0.0048724124717935621 0.00086146154635181318 -1.9676009154640431e-05 0.00019396143857205338 -0.00098061362455582912 -0.0023081938796829728 -0.0095871232420422902 -0.002336359832590154 0.0022315095551361974 0.00045649784632846617 0.00031274125965957282 0.0015992775508363118 0.0023957025428992173 0.0099191726232321902 -0.0017719179050073447 0.0012745922751125635 -0.0031716582436622179 -0.00072988474372987064 0.0037464013337823957 -0.00048274542156800801 0.0028328130244463763 -0.00048397778799333797 0.00031723892907938771 0.001747318560690668 -0.0031778428920023246 -0.0029545962488838375 0.0026308562350418059 0.00059889638928637562 -0.00076422041634162418 5.6737143272588281e-05 0.0030852664693806378 0.002025911628721832 0.00056278082148147489 0.0021241494440917114 -0.0026706431959644884 0.00038663055510129582 -0.0028310373721420258 0.0026010491718116624 0.00063906009695133693 -0.0024269153434682551 0.00051274004145504049 -0.0013745376813993834 -0.0052120092176954069 -0.0053669212809098078 0.00056906157052820686 0.00025234272537849589 -0.00013994989759443508 -0.0067969443737420478 0.00077287604146010643 -0.004611336115708217 -6.3346127644915389e-05 -0.00025587982301701238 0.00032860868546125306 3.720191191053167e-05 6.3001418612688352e-05 -0.0083982605737181314 -0.017856615918488149 -0.00050337962764153605 -0.0022835964951004378
leaf_weight=41 46 113 492 304 306 298 44 169 40 41 60 1128 1212 707 52 146 40 60 626 53 79 57 71 854 518 44 452 90 214 72 3688 101 609 315 385 815 409 46 52 60 295 1358 65 1399 207 332 116 140 53 40 58 225 44 44 1238 4722 4795 1167 50 50 822 496
leaf_count=41 46 113 492 304 306 298 44 169 40 41 60 1128 1212 707 52 146 40 60 626 53 79 57 71 854 518 44 452 90 214 72 3688 101 609 315 385 815 409 46 52 60 295 1358 65 1399 207 332 116 140 53 40 58 225 44 44 1238 4722 4795 1167 50 50 822 496
internal_value=0.000405352 0.000167002 0.000828302 0.000517346 -3.62229e-05 -0.000560855 -0.00230998 -0.00535593 -0.0105159 -0.0164024 8.17441e-05 0.00154836 0.0020011 1.83738e-10 -0.00462766 -6.48534e-05 -0.000633842 -0.000987045 -0.000315353 0.000140689 0.00147563 -0.00302857 -0.00605932 0.00231799 1.74674e-05 6.54012e-05 0.00202569 -0.00292566 -0.00363395 -0.000520231 0.00107841 0.000882586 0.00141107 0.00157166 0.0011796 1.35822e-05 -4.99234e-05 -0.00586207 -0.00299363 -0.00552381 1.51718e-05 -3.21723e-05 -0.000602296 -0.00085689 -0.00417582 -0.000611111 -0.000332043 -0.00214979 -0.00104132 -0.00457237 -0.00767677 0.000143172 -0.00222707 -0.00685393 0.000164898 0.000148467 9.08884e-06 -0.000379352 -0.00126643 -0.00264355 -0.0020504 -0.000501803
internal_weight=32625 20867 11758 8233 4140 3039 660 294 125 81 366 3525 2725 800 93 2379 1766 1620 1204 20754 1107 174 117 933 1144 19647 505 416 376 162 4093 3789 1101 613 1597 19142 18327 202 156 104 18125 17716 4256 3961 272 3689 3357 720 604 151 98 453 228 88 2637 13460 12102 7380 2585 922 872 1663
internal_count=32625 20867 11758 8233 4140 3039 660 294 125 81 366 3525 2725 800 93 2379 1766 1620 1204 20754 1107 174 117 933 1144 19647 505 416 376 162 4093 3789 1101 613 1597 19142 18327 202 156 104 18125 17716 4256 3961 272 3689 3357 720 604 151 98 453 228 88 2637 13460 12102 7380 2585 922 872 1663
cat_boundaries=0 1 2 3 4 5
cat_threshold=2 2050 296 9 323
is_linear=0
shrinkage=0.05


Tree=81
num_leaves=63
num_cat=5
split_feature=41 10 4 13 36 39 6 31 9 33 8 20 20 33 13 4 5 42 23 11 5 41 20 36 8 3 11 23 13 42 2 24 38 15 13 42 8 16 5 8 42 18 31 39 8 39 31 10 3 41 8 7 9 41 4 19 17 20 16 9 10 6
split_gain=1.13974 1.12452 1.02859 1.55848 0.941966 0.966235 1.77119 1.69022 1.79688 2.04559 2.09893 2.46278 3.04234 3.5637 2.40837 1.75314 1.80055 1.50394 1.43192 1.36315 1.03117 1.10041 0.96722 0.916914 0.867224 0.830586 0.747269 1.23267 1.27238 1.0953 0.904412 1.23666 2.82233 1.47633 1.1706 1.16857 1.02289 0.910459 0.881254 1.11458 1.13655 2.4449 0.964607 1.78223 1.87828 1.61773 1.30632 1.40518 1.42709 2.26868 2.58905 1.23113 2.05234 1.26514 1.13996 1.0828 1.07876 1.22619 1.57497 2.50205 1.46192 1.14398
threshold=5706.0234451450206 -0.42084554211936126 -1.4388113718587412 1.1666670833333337 1.7361759986195575 0 6.8117598034528033 7.9500000000000011 0.46938884865820862 38.021428571428579 0.070986418579119567 -0.062681053892124819 0.11417955411554981 36.350000000000009 0.6600404701580519 0.15137319947494635 7.5763363425191725 0.88284313725490204 -0.24116315898283955 67.500000000000014 7.7133582223879733 49.452109181141445 -0.0089537200515247151 7.0063692974840213e-05 0.17850570259815454 0.35647447535767457 3.5000000000000004 -0.21523639524455015 0.32441682880394995 0.93798076923076934 0.095310179804325226 1 2 0.34618297120499736 1.4000009230776334 0.89915254237288156 0.050171457669480557 -3.213729430125484 7.440212681476253 0.63991525756007761 0.75192307692307703 -0.28355962499623916 73.65000000000002 3 0.016376077632875127 4 20.250000000000004 -0.023479679291800167 -0.2346817813361248 16.403193894855857 0.17265165414020475 8.5911982596328098 0.11638485377313439 5.3984375000000009 0.090973408637851097 -0.16472513745297415 -0.093863235502080741 0.015963607995251084 1.0000000180025095e-35 0.1570236779938298 -0.058253748613998006 8.1706003947761712
decision_type=2 2 2 2 2 1 2 2 8 2 10 10 10 2 2 2 2 2 10 2 2 2 10 2 10 2 2 10 2 2 2 1 1 2 2 2 10 2 2 8 2 8 2 1 8 1 2 2 2 2 10 2 10 2 2 2 2 10 2 10 2 2
left_child=1 2 3 -1 5 6 17 8 9 10 -8 24 13 14 19 -9 -17 18 -3 -13 22 -22 -18 -2 -12 -10 27 28 29 -7 38 32 33 34 35 -32 -34 -33 39 40 41 -28 45 44 -44 54 47 48 -47 50 -50 55 -53 -54 -40 -46 -57 61 -59 60 -60 -58
right_child=23 4 -4 -5 -6 26 7 15 25 -11 11 12 -14 -15 -16 16 20 -19 -20 -21 21 -23 -24 -25 -26 -27 30 -29 -30 -31 31 37 36 -35 -36 -37 -38 -39 42 -41 -42 -43 43 -45 51 46 -48 -49 49 -51 -52 52 53 -55 -56 56 57 58 59 -61 -62 -63
leaf_value=0.00092114100054092049 -0.00074073702134773542 -0.007005299135893402 0.0023267094294842721 -0.0091077671369129073 -0.0020749313603640497 -0.00010503421944925884 0.0010105321095715935 0.00051532949500098814 0.0024595781346678927 0.0013913022971039988 0.0029507966288712939 -0.00013518954648555643 -0.0004762215932314462 -0.0081237959342713665 -0.011514672291308073 -0.00014505835946229464 -0.0071729696826054682 0.0023270032584034417 0.00037731825559305233 -0.013114640652178843 0.00012687633590179327 -0.007925133009737656 -0.011186825901584678 0.0011587182461284355 -0.0035425105203611357 -0.0040910940258231596 0.0018338620400990555 0.0013325954204738274 0.00045298835725009862 -0.0047776011747334016 0.00047064070657347782 -0.0044990956179793255 -0.0025104036397672817 -0.0060892825568851323 0.00066807722762248162 -0.006035836343373977 0.00010124982792646939 8.7730386113034193e-05 0.00033484504145938699 -0.0012497991336311519 0.00047870911739119297 -0.0041655265734589489 -0.0030637845429777356 0.00016937124459811208 -0.0034153801816313397 1.4206932951911654e-05 0.0012682746531330791 7.7776795757203386e-05 -0.040627301128114468 -0.0013582039199485849 -0.0019924910459144188 -0.0069472333088641414 -0.0064133510505475569 0.00037862612982516512 0.0014503863792059606 0.0012321903886098782 0.0009100457605257105 -0.00015482808252030518 -0.010961581883995349 -0.0015473225421579325 -0.0026031966332541261 -0.001086407808423809
leaf_weight=72 97 40 1449 41 78 108 93 1076 139 135 47 73 88 40 72 619 54 559 63 41 77 57 41 423 152 50 46 1421 1184 58 41 78 43 74 94 143 925 4969 3748 74 5449 66 54 3124 78 247 405 689 42 321 58 51 40 137 1590 478 550 212 45 152 41 223
leaf_count=72 97 40 1449 41 78 108 93 1076 139 135 47 73 88 40 72 619 54 559 63 41 77 57 41 423 152 50 46 1421 1184 58 41 78 43 74 94 143 925 4969 3748 74 5449 66 54 3124 78 247 405 689 42 321 58 51 40 137 1590 478 550 212 45 152 41 223
internal_value=0.000367191 0.00032966 0.00163788 -0.0029386 0.000262943 0.000277024 -0.000501843 -0.00104378 -0.0027927 -0.00390162 -0.00514003 -0.00639105 -0.00914286 -0.0122026 -0.00919786 -0.000197402 -0.00189635 0.00182504 -0.00370192 -0.0046087 -0.00567391 -0.00281481 -0.00963542 0.00268714 -0.002025 0.00155263 0.000378293 0.00115621 7.40194e-05 -0.00401198 0.000289649 -0.000222205 -0.00157776 -0.00534435 -0.00379928 -0.00610811 -0.000163432 0.000135429 0.000471514 0.000989177 0.00107066 -0.00389381 0.000234006 -0.000284419 -0.00142133 0.00061259 -0.000699379 -0.00144698 -0.00307922 -0.00484597 -0.0113861 -0.00117779 -0.00462882 -0.00205056 0.00104506 -0.000733146 -0.000467097 -0.00125408 -0.00332594 -0.00610879 -0.0128736 -4.52195e-05
internal_weight=32734 32214 1562 113 30652 30574 3516 2854 930 741 606 513 314 226 186 1924 848 662 103 114 229 134 95 520 199 189 27058 2771 1350 166 24287 6367 1320 352 278 184 968 5047 17920 5635 5561 112 12285 5185 2061 7100 1762 1357 668 421 100 2007 228 177 5338 1779 1701 1223 450 238 86 773
internal_count=32734 32214 1562 113 30652 30574 3516 2854 930 741 606 513 314 226 186 1924 848 662 103 114 229 134 95 520 199 189 27058 2771 1350 166 24287 6367 1320 352 278 184 968 5047 17920 5635 5561 112 12285 5185 2061 7100 1762 1357 668 421 100 2007 228 177 5338 1779 1701 1223 450 238 86 773
cat_boundaries=0 1 2 3 4 5
cat_threshold=320 2 4 6672 4665
is_linear=0
shrinkage=0.05


Tree=82
num_leaves=63
num_cat=10
split_feature=41 0 15 14 22 21 25 41 21 10 2 13 8 25 38 39 7 0 15 25 19 19 22 16 5 16 17 13 0 39 41 21 21 8 22 24 10 13 41 7 13 0 30 25 7 15 14 7 13 13 2 18 15 30 29 7 41 0 7 39 17 38
split_gain=0.964332 0.876271 1.16984 1.1322 0.908698 0.902657 1.20616 1.30286 1.11951 1.61359 1.61278 0.951551 0.959293 0.939873 0.938063 1.00331 2.24817 0.927828 0.965248 0.937002 1.1267 2.06179 0.904419 0.900073 1.60925 1.32596 1.85989 1.22601 1.11313 0.967649 0.946722 1.18453 1.53195 1.02805 1.24388 1.3006 1.37909 0.938858 0.91903 0.907978 0.886617 0.881215 0.963172 1.47226 1.48367 1.27248 2.53163 1.50253 1.33115 1.1728 1.0633 0.960519 1.78774 1.91967 1.86799 0.923032 1.52228 1.11495 0.964025 0.859063 0.853403 0.852826
threshold=5706.0234451450206 -0.10536051565782632 -0.0096432922145130977 0.2876820724517809 0.60171473684794485 11062.500000000002 0 86.499218750000011 4476.2250000000013 -0.28108590530497629 -0.35630364172395618 1.3452339285714288 0.20107029885622948 1 2 3 7.1768299565712796 0.22314355131421018 0.045607624470466852 4 -0.065102403947110962 -1.7544966849639604e-16 0.28768246307662831 0.08912916962838581 9.0948405129309737 0.11045878518309228 0.19579880318624146 0.62500023437470709 0.031748698314580277 5 3.2754310344827591 2085.5000000000005 3336.2500000000005 0.10738532228553174 -0.14310054144292014 6 0.10345005952975807 0.53963551696921874 670.50388888888904 7.5189540067277889 0.21599006473287449 -0.10140317019790233 58.000000000000007 7 9.0302920362670847 -0.81197321439432735 -0.59259015248828406 8.9025583381990732 0.64952944752841668 0.24260091960063065 0.048981806840489923 0.39120235831932232 1.0000000180025095e-35 8.2500000000000018 1.0000000180025095e-35 8.2843670723383909 41.28441867380316 1.0000000180025095e-35 8.482649238424953 8 0.35896334603818675 9
decision_type=2 2 2 2 10 10 1 2 10 2 2 2 8 1 1 1 2 2 2 1 2 2 10 2 2 2 2 2 2 1 2 10 10 10 10 1 2 2 2 2 2 2 2 1 2 2 2 2 2 2 2 10 2 2 2 2 2 2 2 1 2 1
left_child=1 2 61 5 -5 8 7 -7 11 10 -10 14 -13 40 23 16 -16 19 -19 20 -18 -22 -15 24 27 26 -25 28 -3 -27 31 -30 -33 34 37 38 39 -32 -36 -37 -11 -17 43 55 45 46 50 48 51 -44 -45 -47 53 -53 -54 -43 57 -57 -59 -50 -6 -1
right_child=-2 3 -4 4 60 6 -8 -9 9 13 -12 12 -14 22 15 41 17 18 -20 -21 21 -23 -24 25 -26 29 -28 -29 30 -31 33 32 -34 -35 35 36 -38 -39 -40 -41 -42 42 49 44 -46 47 -48 -49 59 -51 -52 52 54 -55 -56 56 -58 58 -60 -61 -62 -63
leaf_value=6.2419694187943673e-05 0.00068363745396898216 0.00053775064533527137 0.00011786981427289738 0.00042621022754139404 -0.0078525772068043977 0.00033414044551645768 0.0022331432039578969 -0.0031769242751733887 0.0013566503071843286 -0.0056846565421616278 -0.0039233600994305401 0.00023784883622897883 0.0036422666849745076 -0.00031955963157911612 1.4131613299255437e-05 -0.0030284079789281593 0.00087110840165008298 -0.0078192025549345973 -0.008904927612585772 -0.00049332316017709245 -0.0091420949321627046 -0.0016312637222565926 -0.0071668232759353606 -1.0655236895939445e-05 -0.0042932736280791731 -0.00056438525705810162 -0.0042543787558873003 0.00084226101020880631 0.00074949053570141141 0.0001386302001667789 -0.0039058243946682677 -0.0055486400654570223 0.001028168327293609 0.00061249189882126313 0.0015805644833913068 -0.0032159465811498937 -0.0022342068165831382 -8.6398524466664835e-05 -0.00067800905451612136 0.00058812233108496094 0.00051083845454473367 0.00093599138576267815 -0.0035915290155969868 0.0019266493429719814 0.0021148213638323009 -0.00031281084103271223 -0.0030735797376530028 -0.0068135884987566677 -0.00070897804186607991 0.0016713511616730974 -0.0053742230923606799 -0.0038152201612145368 0.00025192641700355856 -0.0062519504996127644 -0.0067220529965964122 0.0014690424170968914 -0.01052449429188318 -0.0093805304106936906 -0.00040562071911616303 0.0025259538698111355 0.00094989716880916554 0.0015746416240437146
leaf_weight=844 524 1655 3992 5793 103 97 466 40 43 63 60 680 385 1588 1193 40 47 108 47 386 65 129 76 81 43 563 50 2188 52 1726 59 86 40 631 252 45 56 41 57 47 974 1478 45 88 153 679 91 42 448 663 59 57 171 54 75 200 47 54 93 436 123 2263
leaf_count=844 524 1655 3992 5793 103 97 466 40 43 63 60 680 385 1588 1193 40 47 108 47 386 65 129 76 81 43 563 50 2188 52 1726 59 86 40 631 252 45 56 41 57 47 974 1478 45 88 153 679 91 42 448 663 59 57 171 54 75 200 47 54 93 436 123 2263
internal_value=0.000388575 0.000353917 0.000844366 0.000215236 0.000813123 2.67115e-05 0.00192881 -0.00212838 -3.54244e-05 -0.000955437 -0.00706731 0.000129096 0.00157129 -0.000719837 2.39384e-05 -0.000396609 -0.00134693 -0.0034355 -0.00689103 -0.00257166 -0.00494048 -0.00682051 -0.00145075 0.00040479 0.000772892 -0.0003924 -0.00526515 0.000853167 0.000200199 -0.000111354 -0.000855889 -0.00424581 -0.00685039 -0.000344827 -0.0019086 -0.000796943 -0.00446541 -0.00693069 0.00107813 -0.000967742 0.000462786 -1.70544e-05 4.35754e-05 -0.000242546 -0.00107233 -0.00140845 -0.00485356 -0.000988283 -0.000780843 0.00174894 -0.000777027 -0.00199614 -0.00409218 -0.00933036 -0.0017004 0.000801912 -0.00134177 -0.000186781 -0.00347973 0.000644068 -0.00229075 0.00157175
internal_weight=32734 32210 7099 25111 6019 19092 603 137 18489 2804 103 15685 1065 2701 14620 6948 1975 782 155 627 241 194 1664 7672 5252 2420 131 5209 3021 2289 1366 178 126 1188 557 457 148 100 309 92 1037 4973 4933 4225 2353 2200 238 1962 1920 708 147 1036 357 111 246 1872 394 347 147 884 226 3107
internal_count=32734 32210 7099 25111 6019 19092 603 137 18489 2804 103 15685 1065 2701 14620 6948 1975 782 155 627 241 194 1664 7672 5252 2420 131 5209 3021 2289 1366 178 126 1188 557 457 148 100 309 92 1037 4973 4933 4225 2353 2200 238 1962 1920 708 147 1036 357 111 246 1872 394 347 147 884 226 3107
cat_boundaries=0 1 2 3 4 5 6 7 8 9 10
cat_threshold=546 2586 10 2338 2628 258 22 2087 4613 4
is_linear=0
shrinkage=0.05


Tree=83
num_leaves=63
num_cat=4
split_feature=35 35 23 30 27 26 39 23 7 26 39 4 36 21 1 2 39 7 27 3 26 19 9 17 3 1 2 21 26 2 1 3 16 20 4 11 25 21 26 7 4 13 16 16 9 27 6 20 19 30 41 7 11 12 12 15 41 23 19 4 23 11
split_gain=1.17732 1.40948 1.39007 1.24025 1.79265 1.1869 1.2821 2.16342 1.66083 1.16041 1.80781 1.56959 1.14994 1.31927 1.10037 1.14005 1.24047 2.29869 1.59033 2.85592 1.58622 2.80624 2.32401 1.0743 1.05216 1.15188 0.98354 1.16824 1.08054 1.27374 1.33937 1.19074 0.954574 0.939471 0.929104 0.896489 1.19068 1.11907 1.05815 2.14186 0.900049 1.01818 1.17062 1.46382 1.07074 1.81893 1.53927 1.05454 0.968712 0.939129 0.852538 0.824268 0.796538 1.06285 0.787374 0.777652 0.773558 1.37789 1.06682 0.775662 1.8577 0.77258
threshold=0.0016659109336621639 1.0729920783452356e-06 0.23640471711330815 0.25000000000000006 57.500000000000007 51.500000000000007 0 -0.28768207245178079 7.6899272846229403 49.500000000000007 1 -0.24846115929845955 0.01069770486914519 2136.2500000000005 0.074107664461508196 -0.63174707572922484 2 8.2952298520568828 20.500000000000004 -0.09531017980432431 48.500000000000007 0.023908237640808159 0.23656147735415581 0.40420044773840974 -0.18464711857039082 -0.051292652940192689 -0.018692133012153441 3252.5000000000005 12.500000000000002 -0.0088368005444658931 -0.034141875470397924 -0.010323501915781462 -0.066368372321979216 0.017072276426348721 0.34409616173187191 42.500000000000007 3 13562.500000000002 9.5000000000000018 9.1294883493214325 0.22314355131421018 1.058824152249868 -1.1408222753067441 -0.12253460353057098 0.1276485462896769 46.500000000000007 7.8855276831811993 -0.0051947124148393059 0.036763679756698857 30.050000000000004 1.6495614035087722 6.6549298037505364 4.5000000000000009 16.500000000000004 68.500000000000014 1.548292578825601 1999.8800204918036 0.13376928018749015 -0.24033358238363201 -0.76889436484822749 -0.064105992137110754 10.500000000000002
decision_type=2 2 8 2 2 2 1 8 2 2 1 2 2 8 2 2 1 2 2 2 2 2 10 2 2 2 2 8 2 2 2 2 2 10 2 2 1 10 2 2 2 2 2 2 8 2 2 8 2 2 2 2 2 2 2 2 2 10 2 2 10 2
left_child=1 5 -3 4 34 9 7 -7 -9 14 -11 -12 33 -14 15 -1 17 20 19 -19 -17 22 -22 -6 25 -20 27 -18 55 30 -30 -32 54 -4 -2 36 -29 40 39 -37 41 42 -38 61 45 46 -45 48 -46 -49 -31 -16 -8 -54 -13 -28 58 -58 -53 60 -60 -44
right_child=3 2 12 -5 23 6 52 8 -10 10 11 32 13 -15 51 16 26 18 24 -21 21 -23 -24 -25 -26 -27 28 35 29 50 31 -33 -34 -35 -36 38 37 -39 -40 -41 -42 -43 43 44 47 -47 -48 49 -50 -51 -52 56 53 -55 -56 -57 57 -59 59 -61 -62 -63
leaf_value=0.0053347496794434422 0.0005830977151742875 0.00031876254274379511 0.001248375176067444 0.0016315281613636598 1.6676394950442767e-06 -0.0050901040472328676 -0.0010256025896498663 0.00098876693170380945 -0.0016934941705619583 0.0054096544257974805 -0.004885188803036373 -0.0026819300516561935 -0.0039905552374520812 -0.00018065750804963109 0.00082298573406961286 0.00012763798258583702 0.0017325321911219795 -0.0017143157988502361 -0.0053028800697770724 -0.020407243027311232 -0.010770015741642519 0.0014874170442907835 -0.0011301775861683385 -0.0034105637288840622 0.00029940631974132787 0.0005467061468492695 0.0010926982333014199 0.00086167974336148637 0.00042392683867087822 0.0032067190946892888 -0.00017133575599354207 -0.0029824651082338807 0.0020937460702225592 -0.0021168487196159967 -0.0016067156299163451 0.0012530009476785751 -0.0077787444604283012 0.0057611530833915807 0.0013401734018389003 -0.0029914760143589405 0.0006169506884381007 0.00049789721674663113 -0.0013441811945512265 -0.00081754425694143559 -0.004604674031451538 -0.00033923017480636973 -0.0045820499654795031 0.0019016851022570635 0.00028014694436256162 -0.0040085375976750713 -1.0106052153434987e-05 0.0015139781864305238 -0.0027370838601471726 0.001410801385971024 0.0008490221787727355 -0.0014115242152078777 -0.00048438851762762488 -0.0047683543329139107 0.00081075759319341296 -0.00010796642270957144 -0.0098898948919602866 0.0016141264954061677
leaf_weight=511 395 133 49 751 46 60 66 92 59 489 56 67 45 50 680 8311 1403 111 99 45 40 75 44 53 199 40 1046 605 69 248 40 43 169 40 57 286 40 80 1573 63 208 311 62 40 61 96 60 104 42 44 3753 435 66 182 42 55 263 48 62 8196 42 172
leaf_count=511 395 133 49 751 46 60 66 92 59 489 56 67 45 50 680 8311 1403 111 99 45 40 75 44 53 199 40 1046 605 69 248 40 43 169 40 57 286 40 80 1573 63 208 311 62 40 61 96 60 104 42 44 3753 435 66 182 42 55 263 48 62 8196 42 172
internal_value=0.000338506 0.000277326 -0.00303459 0.00181121 9.05816e-06 0.000311232 -0.00204373 -0.00493243 -0.00194079 0.000351797 0.00220267 -0.000666666 -0.00583784 -0.00963542 0.000300445 0.000512763 0.000451487 1.89417e-05 -0.00329293 -0.00745223 0.00021249 -0.00471875 -0.0109412 -0.00605 -0.00135693 -0.00467857 0.000819781 0.00130451 0.000336822 -3.24986e-05 -0.0045098 -0.00875 0.000860215 -0.00172222 0.00134658 0.00085369 9.08621e-05 -0.000751315 0.00161726 -0.000871428 -0.00112812 -0.00173282 -0.00276316 -0.0022654 -0.00393973 -0.00670051 -0.0113861 -0.00176587 -0.005625 0.000939597 0.000138681 -0.000135705 6.15386e-05 0.00136546 -0.00277273 0.00172868 -0.000261965 -0.00270833 -0.000174565 -0.000301168 -0.00457143 0.00093617
internal_weight=32672 31370 317 1302 551 31053 525 211 151 30528 823 334 184 95 29705 19979 19468 8964 494 156 8470 159 84 99 338 139 10504 5250 5254 4153 152 83 278 89 452 3847 1925 1320 1922 349 1240 1032 721 681 447 196 100 251 103 148 4001 9726 314 248 109 1101 9046 311 8735 8300 104 234
internal_count=32672 31370 317 1302 551 31053 525 211 151 30528 823 334 184 95 29705 19979 19468 8964 494 156 8470 159 84 99 338 139 10504 5250 5254 4153 152 83 278 89 452 3847 1925 1320 1922 349 1240 1032 721 681 447 196 100 251 103 148 4001 9726 314 248 109 1101 9046 311 8735 8300 104 234
cat_boundaries=0 1 2 3 4
cat_threshold=2236 7938 7552 2579
is_linear=0
shrinkage=0.05


Tree=84
num_leaves=63
num_cat=9
split_feature=0 27 25 39 7 25 15 23 0 39 15 17 16 10 10 0 30 26 27 7 6 39 15 10 17 18 16 30 21 19 39 23 20 10 7 33 30 23 39 9 20 7 6 38 42 33 33 13 25 30 9 6 7 3 16 7 0 15 7 27 3 7
split_gain=1.34662 1.02636 1.73862 1.33897 1.28007 1.26165 1.23972 1.16941 1.08586 1.12825 1.38154 2.02606 2.68266 1.38187 1.23357 1.06123 1.02381 0.998652 1.50664 1.55032 2.52374 1.38929 1.91503 1.6848 1.35536 1.28851 1.13706 1.11869 1.36067 1.54104 1.06081 1.51977 1.15081 1.01509 0.996223 0.995635 1.84513 1.7897 3.71021 2.41399 1.62281 2.08934 2.06734 1.30501 1.4694 1.4798 1.22851 1.38746 1.12844 1.73876 1.06444 1.2263 1.12248 0.979083 0.972618 1.28422 1.34718 0.90511 0.878471 1.72145 0.875088 1.15796
threshold=-0.51082562376599172 40.500000000000007 0 1 6.848007761498403 2 -1.6074986727698146 -1.2183180505574003 -0.25131049972235914 3 0.011407009024373862 -0.16521529833375267 -0.49636667967222697 0.10550759937813094 0.13715736169357132 -0.077704311415271551 23.750000000000004 24.500000000000004 22.500000000000004 7.6899272846229403 7.5891873086016082 4 -0.17185025692665906 0.38038659925277779 -0.32986581809905552 -0.0094247414211086952 0.60632437607867951 7.5500000000000016 1430.6200000000001 0.0011419211836169927 5 0.15204717376195601 0.0031985166585378742 -0.0069690481891386815 9.392716996637434 29.521428571428572 34.350000000000009 -0.45501048492476309 6 0.31426071881162826 0.039162524636687637 7.4398563622014349 8.214807508526432 7 0.89076704545454555 27.092857142857149 35.135714285714286 0.38095333333333342 8 11.450000000000003 0.094441552003811338 6.7939639423100342 6.4968276677842605 0.061883095966609687 0.19529126724024584 8.0978364956479787 -1.0000000180025095e-35 -0.46254944238652879 9.2342534746616369 51.500000000000007 1.0565216441133016 6.5599237058110091
decision_type=2 2 1 1 2 1 2 8 2 1 2 2 2 2 2 2 2 2 2 2 2 1 2 2 2 8 2 2 8 2 1 8 10 2 2 2 2 10 1 10 10 2 2 1 2 2 2 2 1 2 10 2 2 2 2 2 2 2 2 2 2 2
left_child=-1 2 6 16 -5 7 -2 15 -7 10 11 -10 -13 -12 -15 -3 -4 53 19 27 -21 22 24 -23 -22 -25 -24 28 29 -19 31 -20 -33 -34 35 36 37 38 39 40 41 -11 -43 44 -38 -46 -37 -48 -40 -50 51 -49 -52 -6 -18 -56 -57 -14 -9 -60 61 -8
right_child=1 5 3 4 17 8 60 58 9 34 13 12 57 14 -16 -17 54 18 30 20 21 23 26 25 -26 -27 -28 -29 -30 -31 -32 32 33 -35 -36 46 43 -39 48 -41 -42 42 -44 -45 45 -47 47 50 49 -51 52 -53 -54 -55 55 56 -58 -59 59 -61 -62 -63
leaf_value=0.0039231450155041208 0.0014742420098310407 -0.0054126656065351655 0.0026448371404627778 0.0035680171117575391 0.0024934837125091731 0.0011322390088921057 0.0014167157098556064 0.00042635481216447553 0.0010071671102326169 -0.017311162584365717 0.0010367714539427973 -0.0044244164902511474 0.0018673066617903491 -0.0037311225877626267 0.00023287790966356823 -0.00032939589739713508 0.00083621753596729506 -4.4974162311767644e-05 0.0015394752090707197 -0.0090352246994014947 -0.0012977593385045882 4.7218958067696813e-05 0.00014425934433228492 -0.018657909084612161 -0.0048950180525896593 -0.00034871065959641472 -0.0070859982444314825 0.0010465050041905441 0.00063335767632786413 -0.0067067085176794362 0.0018053949055640826 -0.00045883740231767394 -0.0070894978632941716 -0.0016654971649346069 0.0029883877127298919 0.00017285854760603974 -0.0068911254656272214 -0.00054107188887207009 0.0022005873219653094 -0.0014005839090871549 -0.010148408472176792 0.0002634646241405566 -0.0081773658760017735 0.00022734854536541994 -0.0028909462142441607 0.00015753774639373037 -0.0040010047369093277 6.1245706350594132e-05 -0.00021897741826279305 -0.0064459005731650537 -0.012078353321749061 -0.0039423081779750048 6.5710980300204846e-07 0.00018583207484739969 0.0011542428834088103 -4.7885643716815732e-05 -0.01262704116900909 -0.00093482922323153176 -0.0048149427250085731 0.00040950054446230524 -0.022218418228953794 -5.2419247582280876e-05
leaf_weight=801 394 42 1194 469 987 539 401 4370 568 52 808 48 78 69 136 116 591 88 243 66 74 1523 247 40 76 42 79 1093 179 66 1172 185 53 56 169 1912 58 698 110 64 72 65 48 1134 63 222 59 41 173 52 45 51 604 937 182 51 41 732 42 85 40 8068
leaf_count=801 394 42 1194 469 987 539 401 4370 568 52 808 48 78 69 136 116 591 88 243 66 74 1523 247 40 76 42 79 1093 179 66 1172 185 53 56 169 1912 58 698 110 64 72 65 48 1134 63 222 59 41 173 52 45 51 604 937 182 51 41 732 42 85 40 8068
internal_value=0.000414022 0.000363233 0.000602801 0.00106414 0.000757872 2.81407e-05 9.70386e-05 0.00069117 -0.000328303 -0.000472823 0.000426531 -0.000574632 -0.0021071 0.00183925 -0.00182039 -0.00352201 0.00219565 0.000593867 0.000238501 -0.000345551 -0.00119413 -0.000886167 -0.00322382 -0.000170173 -0.00794702 -0.00710843 -0.0011315 0.000932025 -0.0016018 -0.00503226 0.00145906 -0.000392336 -0.00281356 -0.00686364 -0.000857443 -0.000974837 -0.00163407 -0.00298127 -0.00489796 -0.00879808 -0.0114076 -0.00858434 -0.00469298 -0.000416103 -0.00306497 -0.00166084 -0.00029119 -0.00193508 -0.00108381 -0.00307203 -0.00134097 -0.00634409 -0.000623077 0.00156883 0.000894919 -0.00156364 -0.00634409 -0.001418 0.000841485 -0.00324219 -2.99646e-05 5.31306e-06
internal_weight=32763 31962 18637 9734 7675 13325 8903 4655 8670 8131 2439 1426 858 1013 205 158 2059 7206 5282 3573 2147 2081 476 1605 150 82 326 1426 333 154 1709 537 294 109 5692 5523 2811 1334 636 301 237 165 113 1477 343 285 2712 800 335 225 741 92 649 1924 865 274 92 810 4497 127 8509 8469
internal_count=32763 31962 18637 9734 7675 13325 8903 4655 8670 8131 2439 1426 858 1013 205 158 2059 7206 5282 3573 2147 2081 476 1605 150 82 326 1426 333 154 1709 537 294 109 5692 5523 2811 1334 636 301 237 165 113 1477 343 285 2712 800 335 225 741 92 649 1924 865 274 92 810 4497 127 8509 8469
cat_boundaries=0 1 2 3 4 5 6 7 8 9
cat_threshold=527 546 779 4244 3072 276 3329 8 2240
is_linear=0
shrinkage=0.05


Tree=85
num_leaves=63
num_cat=8
split_feature=1 36 35 39 12 15 11 25 0 7 17 18 5 25 5 12 33 9 39 25 1 29 33 7 12 12 5 23 17 18 40 14 14 27 15 11 18 26 1 9 31 17 39 0 23 15 15 27 27 3 8 11 25 12 3 39 12 7 12 14 9 10
split_gain=1.04218 0.920582 0.860916 0.968831 1.25467 1.10385 0.851526 0.994352 0.879949 0.822398 1.2393 1.85019 2.67364 1.19243 1.51632 1.16673 2.24548 1.14764 1.1289 1.16263 1.66142 1.60731 1.48544 1.11286 1.73207 1.1233 1.84654 1.51777 1.55933 1.32246 1.58181 1.39942 1.28318 1.26458 1.21416 1.16718 1.28229 1.13221 1.59103 1.10736 1.04776 1.02022 0.946094 1.26728 1.17179 1.12678 0.939572 0.918004 0.883951 0.881671 0.877069 0.865029 0.814451 1.16236 1.09872 1.12637 1.65078 1.58968 2.36139 0.993955 0.893297 0.88316
threshold=-0.087010922444381564 1.7361759986195575 0.67474105889484193 0 1.0000000180025095e-35 0.21772348384487053 2.5000000000000004 1 0.70541757802971594 7.8689779826927007 0.39769700658356139 0.34619248429004307 7.3090051978637138 2 9.4250847755449225 34.500000000000007 25.821428571428577 0.061827322301268826 3 4 0.17114713259906147 1.0000000180025095e-35 29.114285714285717 7.8908555387814054 73.500000000000014 78.500000000000014 8.8564262802559544 0.18232155679395459 0.31198176003043049 -0.68766112306308258 4.5000000000000009 -0.83495756972665236 -0.11778303565638369 18.500000000000004 0.16040124954785109 72.500000000000014 0.42876378334726073 42.500000000000007 0.046522970175750362 0.29089621154696838 15.750000000000002 1.6741811162480411 5 0.042559614418796084 -0.93718149888163227 -0.41951567903580184 0.15415067982725841 41.500000000000007 59.500000000000007 0.098846005684959173 0.44888288455268904 43.500000000000007 6 88.500000000000014 -0.72901791152133277 7 7.5000000000000009 8.1799915326880459 64.500000000000014 -0.81027619388632111 0.13879159605853372 -0.10057093445170649
decision_type=2 2 2 1 2 2 2 1 2 2 2 10 2 1 2 2 2 10 1 1 2 2 2 2 2 2 2 8 2 10 2 2 2 2 2 2 10 2 2 10 2 2 1 2 10 2 2 2 2 2 10 2 1 2 2 1 2 2 2 2 10 2
left_child=2 6 3 5 -5 -1 7 8 -2 10 -8 12 48 17 15 16 -15 -11 19 20 21 22 -13 24 -17 27 49 42 29 31 33 -29 -28 37 -34 36 40 38 -31 -30 -35 46 43 44 -25 -46 -19 -23 -12 -27 -21 -52 53 60 -54 56 -56 59 -59 61 -6 -58
right_child=1 -3 -4 4 52 -7 9 -9 -10 13 11 18 -14 14 -16 23 -18 41 -20 50 -22 47 -24 25 -26 26 32 28 39 30 -32 -33 34 35 -36 -37 -38 -39 -40 -41 -42 -43 -44 -45 45 -47 -48 -49 -50 -51 51 -53 54 -55 55 -57 57 58 -60 -61 -62 -63
leaf_value=0.0014048482179517476 0.0016591948148514217 -0.001278041288771102 -0.001104842769506751 0.0033948155806558331 0.0013741098568427982 0.00022884182355756408 0.00026510431409985247 0.00014716249916876546 -0.0032157104625255522 0.0028342966645590198 0.00059757978741415861 -0.0025686209081681221 -0.0077366014046897818 -0.0028969422880837687 0.0011586592564425495 -0.00012629610482069623 0.00031976557215715364 -0.0001129555977293342 0.00089848593310390488 9.6707798927748469e-05 0.001423223357413011 -0.0041502729936058946 0.00023670578178485076 -0.006505070374807605 -0.0035558602535854934 0.0012008720797849061 -0.0071966471316403441 -0.0057695039763198501 0.00022971287943538796 0.00041105783555714988 -0.0035802077854646371 0.0004510237595352789 0.0019952617352820314 -0.0031110892891411746 -0.0020076032517677453 0.0029773185372376889 -0.0074516061709761555 -0.0088004683247108161 -0.0059246491579341204 -0.02113018703063349 -0.00067660037890686646 -0.015943067109076742 0.00063252434373388703 0.00055074809059708549 0.0018901821631196155 -0.0025838209364499529 0.00042858556689165899 -0.0012929054582121024 -0.0060073669055926817 -0.00036526499091045326 -0.0057956690247626032 0.00025687282323884965 0.0071775033415619324 -0.0043643065717186803 -0.0064657422583457805 0.001189299440842514 0.0003608425535738531 7.5078086102204822e-05 -0.0088882359844300544 0.00037798318205072441 -0.00032282856902013677 -0.0061964475336883894
leaf_weight=2064 778 85 73 428 385 1139 9105 1676 42 303 164 60 110 59 276 53 1319 2579 1058 767 112 74 104 40 44 567 43 65 317 45 44 189 62 55 45 63 65 42 41 41 124 44 514 168 47 184 1421 53 58 199 44 50 174 73 63 1838 65 90 68 948 1928 40
leaf_count=2064 778 85 73 428 385 1139 9105 1676 42 303 164 60 110 59 276 53 1319 2579 1058 767 112 74 104 40 44 567 43 65 317 45 44 189 62 55 45 63 65 42 41 41 124 44 514 168 47 184 1421 53 58 199 44 50 174 73 63 1838 65 90 68 948 1928 40
internal_value=0.000400305 0.000221805 0.000845686 0.000888328 0.000515464 0.00159147 0.000240843 0.00111334 0.00252708 0.00013618 0.00041199 -0.000538606 -0.00402402 -0.000221879 -0.000771918 -0.00099752 0.000210297 0.000375172 -3.87428e-05 -0.00104314 -0.00322464 -0.0052911 -0.002 -0.00154186 -0.00678571 -0.00136778 8.72412e-05 -0.00201956 -0.00329212 -0.00461172 -0.00615625 -0.00168627 -0.00496689 -0.00521789 -0.00199074 -0.00345779 -0.00502041 -0.00937984 -0.00597701 -0.000584958 -0.00280556 0.000153276 -0.000560796 -0.00223333 -0.00439338 -0.00299569 0.000237441 -0.00949219 -0.000852018 0.00108214 5.73413e-06 -0.00452632 0.000319055 -0.000383813 0.000828026 0.000613556 -0.000529183 -0.000119637 -0.00477987 0.000583492 -0.000187986 -0.00400943
internal_weight=32774 23398 9376 9303 6100 3203 23313 2496 820 20817 11759 2654 332 9058 4711 4435 1378 4347 2322 1264 403 291 164 3057 97 2960 916 2044 1091 733 479 254 150 435 107 307 244 128 86 358 179 4044 953 439 271 231 4000 127 222 766 861 94 5672 2386 3286 3112 1274 1211 158 1053 2313 105
internal_count=32774 23398 9376 9303 6100 3203 23313 2496 820 20817 11759 2654 332 9058 4711 4435 1378 4347 2322 1264 403 291 164 3057 97 2960 916 2044 1091 733 479 254 150 435 107 307 244 128 86 358 179 4044 953 439 271 231 4000 127 222 766 861 94 5672 2386 3286 3112 1274 1211 158 1053 2313 105
cat_boundaries=0 1 2 3 4 5 6 7 8
cat_threshold=615 2450 407 2306 85 2613 908 1280
is_linear=0
shrinkage=0.05


Tree=86
num_leaves=63
num_cat=4
split_feature=33 3 4 9 24 38 21 5 5 1 21 25 21 11 3 41 42 16 13 25 12 12 27 4 6 19 12 11 12 0 10 5 42 8 12 27 3 8 41 15 10 6 2 14 26 12 13 27 12 26 9 12 19 8 21 17 20 7 11 11 33 20
split_gain=0.96338 1.13082 1.20579 1.20364 0.985724 2.37782 1.38255 1.66454 1.98715 2.86811 1.96563 1.37046 1.12569 1.58763 1.36207 1.23466 1.62963 1.26169 1.23277 1.13682 1.34092 1.14782 1.12258 1.11107 1.08803 1.08355 1.03543 1.26314 1.40945 0.989991 1.00379 1.08458 0.974506 1.09002 0.994194 0.97159 1.47785 0.925339 1.72378 1.09183 0.90108 1.60212 1.27943 1.18502 0.992872 1.82074 1.96165 1.49132 1.48789 1.4315 1.08515 1.07291 0.984624 1.16012 0.922806 1.38067 1.90624 0.894047 0.988012 1.08622 0.92588 0.886374
threshold=27.407142857142862 -0.72901791152133277 -1.4388113718587412 0.068783870610502354 0 1 1070.5000000000002 8.3882784462851987 7.7647556787453444 0.095863642611209179 2640.7500000000005 2 570.50000000000011 83.500000000000014 1.221002731835634 32.843491794001139 0.85951206140350889 -0.22314355131421001 0.52380788143590973 3 17.500000000000004 77.500000000000014 19.500000000000004 0.1670676787307164 8.0834520673652381 0.024755256448569494 48.500000000000007 40.500000000000007 61.500000000000007 -0.041820110759960276 0.053955811208172839 7.1914033025772319 0.94849690539345721 0.25572835289413193 15.500000000000002 26.500000000000004 -0.080042411815460554 0.28706573813412911 44.870833333333344 0.19718182101522122 -0.016728336041816668 8.1376964128939182 -0.31542860566350978 0.20200461453319943 35.500000000000007 46.500000000000007 0.870020253164557 36.500000000000007 21.500000000000004 28.500000000000004 0.39719756612222795 59.500000000000007 -0.04683018141808213 0.29028167355832835 1850.4450000000004 -0.0064016604277394853 0.0031985166585378742 7.4483757670077191 10.500000000000002 62.500000000000007 26.87857142857143 0.004299672513031305
decision_type=2 2 2 8 1 1 8 2 2 2 10 1 10 2 2 2 2 2 2 1 2 2 2 2 2 2 2 2 2 2 2 2 2 10 2 2 2 8 2 2 2 2 2 2 2 2 2 2 2 2 10 2 2 10 8 2 10 2 2 2 2 10
left_child=40 2 -2 -3 5 6 -5 8 11 10 -10 -8 13 15 -14 19 17 -17 29 20 -6 26 -23 35 -12 -19 -22 28 -28 -18 -31 -32 -15 34 -34 36 -13 38 39 -20 41 -1 -42 44 45 46 47 -44 -49 -50 51 -46 -47 57 -53 -56 -57 58 -54 -60 -59 -37
right_child=1 3 -4 4 12 -7 7 -9 9 -11 24 23 14 32 -16 16 18 25 37 -21 21 22 -24 -25 -26 -27 27 -29 -30 30 31 -33 33 -35 -36 61 -38 -39 -40 -41 42 -43 43 -45 50 52 -48 48 49 -51 -52 54 53 -55 55 56 -58 60 59 -61 -62 -63
leaf_value=0.0022109883631124239 -0.0027277511467063333 0.00043225728588894497 0.0054686102429161347 0.0013548835836916877 0.0014026697959948289 8.6037742071319814e-05 4.0436983835030964e-05 0.0014222568234142352 -0.0061344708583891709 -0.015526333410420291 -0.0067164191239737076 -0.0080799365641542348 0.00023767943559632537 0.0019076437359983435 -0.02413098420664482 -0.0071522532844351273 0.0016528115628293011 -0.011361042624631095 -0.0036542859002517852 0.00068689347537812548 -0.00042630615453553638 -0.0046112468588112021 0.0018152049355762046 -0.0055760918812422788 0.00080470931335638134 0.00086802169533381534 -0.0065966693854121426 -0.00089669629873586243 -0.0070712206211365151 -0.0060948194712556374 0.00018561428671870728 -0.013979711435180567 -0.0015034472721994875 -0.0069294509837462357 0.0017517383255411237 -0.0018642602514073615 -0.00079989891282477861 0.0011898774052964455 -0.00023821739478434068 -0.013152700018435543 -0.008712306937049474 -6.267465675385455e-05 0.0013349449957604468 0.00087501106972262706 0.0034338476894769984 0.0024457873922279021 -0.0047422157977232288 -0.00014712905318507174 -0.00096385670473066946 -0.004872101749075969 -0.0048345265011520656 -0.0022073107968294584 -0.0055559967836170659 -0.0056562389305794235 0.0026816463644886621 0.0011026440276656576 -0.0051678998244522323 0.0020863010281549888 0.0013050121957731374 -0.00088868552838289924 -0.0011759237977587908 0.001028398201201712
leaf_weight=1560 71 2235 456 197 172 3458 373 187 47 56 131 53 14705 540 40 62 53 52 98 1504 160 44 72 56 96 67 41 45 68 71 43 44 49 53 136 99 57 397 1326 40 47 758 138 817 493 203 71 122 51 53 66 45 46 81 149 53 40 278 70 43 130 60
leaf_count=1560 71 2235 456 197 172 3458 373 187 47 56 131 53 14705 540 40 62 53 52 98 1504 160 44 72 56 96 67 41 45 68 71 43 44 49 53 136 99 57 397 1326 40 47 758 138 817 493 203 71 122 51 53 66 45 46 81 149 53 40 278 70 43 130 60
internal_value=0.000450516 0.000331456 0.00262311 0.000286609 0.00018624 -0.000450727 -0.00217147 -0.00281661 -0.00360544 -0.00679758 -0.00465455 -0.0020887 0.000342332 -0.000294862 0.00056456 -0.000666284 -0.00147959 -0.00601648 -0.00108056 0.000204082 -0.00161501 -0.00313225 0.00111111 -0.00438988 -0.00269737 -0.00295833 -0.00469841 -0.0076129 -0.0105 -0.0046934 -0.00666667 -0.00301136 0.00178434 -0.000878661 0.00094086 -0.00316667 -0.00675676 -0.000668636 -0.00124915 -0.00654676 0.00106679 0.00180681 0.000493827 0.000625424 4.68842e-06 -0.000870241 -0.00349771 -0.002 -0.00449339 -0.00885714 0.00133412 0.00185659 0.000475352 -0.000477658 -0.000572916 0.000658436 -0.00409574 0.000325704 -0.00284375 -0.000307017 0.00156479 -0.00065625
internal_weight=32828 27514 527 26987 24752 4870 1412 1215 1028 330 274 698 19882 5137 14745 4359 2253 181 2072 2106 602 430 116 325 227 119 314 154 109 211 158 87 778 238 185 269 110 1861 1464 138 5314 2318 2996 2949 2132 1286 435 364 226 104 846 780 851 648 287 242 93 567 159 113 408 159
internal_count=32828 27514 527 26987 24752 4870 1412 1215 1028 330 274 698 19882 5137 14745 4359 2253 181 2072 2106 602 430 116 325 227 119 314 154 109 211 158 87 778 238 185 269 110 1861 1464 138 5314 2318 2996 2949 2132 1286 435 364 226 104 846 780 851 648 287 242 93 567 159 113 408 159
cat_boundaries=0 1 2 3 4
cat_threshold=2 4 3888 2504
is_linear=0
shrinkage=0.05


Tree=87
num_leaves=63
num_cat=5
split_feature=41 1 25 41 12 25 22 18 23 4 27 23 10 4 26 20 33 31 31 27 30 33 4 22 22 23 30 12 41 4 33 25 42 22 30 19 23 1 10 5 1 10 5 5 8 26 22 41 8 25 44 4 21 19 21 39 27 1 18 26 8 26
split_gain=1.09703 1.05815 1.16063 1.08786 1.06239 1.05041 2.19926 2.01605 0.99509 0.959698 1.15787 2.53202 0.945786 0.96048 1.43728 1.10515 0.871223 1.09319 2.3002 1.54185 1.99539 1.44892 1.06688 0.839953 1.90802 0.854897 1.16753 0.819108 0.899183 0.869056 0.864181 0.923239 1.37877 1.23747 1.46692 2.72796 1.74376 1.36727 1.34869 1.07769 0.963566 1.15525 0.818802 0.812175 0.831868 0.809555 0.809376 0.784147 0.781855 0.772948 1.11885 0.937756 1.19968 1.19668 0.890191 0.904156 0.916959 0.814097 0.838167 0.747042 0.92337 1.08064
threshold=5706.0234451450206 -0.087010922444381564 0 2278.044484126985 39.500000000000007 1 0.13158442823436525 1.1618361500028864 0.43860568568339403 0.53639803979177192 45.500000000000007 -0.20195280710789063 0.4057890324173084 0.010410345839210413 15.500000000000002 0.02471324898716595 26.221428571428579 220.34999999999999 259.05000000000013 7.5000000000000009 15.450000000000003 29.721428571428579 -1.4388113718587412 0.28768246307662831 0.33231570689619644 -0.085846950296410082 1.0000000180025095e-35 85.500000000000014 6.5121129326047358 0.41379947468761064 27.657142857142862 2 0.96638418079096056 -0.25777028923262418 23.750000000000004 0.09114674170156388 0.22976312122453149 0.22314355131421018 -0.034326815692385264 7.7978712457693549 0.10536051565782635 0.11202070772637464 7.8902927501032503 7.1309170904190688 0.077845691507871032 10.500000000000002 0.14463848879466898 3.7869910100475943 0.29400285829513723 3 0.31666666666666671 0.3776303091147209 4503.545000000001 -1.6034215644487022e-17 850.83500000000015 4 1.5000000000000002 -0.074107442326416514 0.49141102776103934 8.5000000000000018 0.06417491786538411 31.500000000000004
decision_type=2 2 1 2 2 1 10 10 8 2 2 10 2 2 2 10 2 2 2 2 2 2 2 10 10 10 2 2 2 2 2 1 2 8 2 2 10 2 2 2 2 2 2 2 10 2 10 2 10 1 2 2 8 2 10 1 2 2 10 2 8 2
left_child=1 2 9 4 49 7 12 8 -5 -1 -11 -12 13 43 -15 -16 -4 22 19 -19 -21 42 -18 -24 -25 26 -26 28 30 -29 -6 -32 33 38 36 37 40 -36 39 -33 41 47 -20 -7 -45 -2 -38 -35 -42 50 -3 52 -52 -54 55 -51 -57 58 -56 -58 61 -61
right_child=45 3 16 5 27 6 -8 -9 -10 10 11 -13 -14 14 15 -17 17 18 21 20 -22 -23 23 24 25 -27 -28 29 -30 -31 31 32 -34 34 35 -37 46 -39 -40 -41 48 -43 -44 44 -46 -47 -48 -49 -50 54 51 -53 53 -55 57 56 59 -59 -60 60 -62 -63
leaf_value=0.0010396403013641371 -0.00049373146270331324 0.00085603219463196924 0.0026742974408857194 0.002426473302568444 0.00078090513509201584 0.00026967952040352219 -0.010864411738958106 -0.0029922857572824025 -0.00035471192976077376 0.0024178397223278748 -0.012477754075278506 0.0012028094828731638 0.0064428782006359904 -0.0037028332884952043 1.8740129011756272e-05 -0.0034845158684054275 -0.0057725777105395604 -0.0047350514157902925 0.0054749743681572561 -0.0044056163090294758 5.4211365558291509e-05 -0.006698384268508082 0.00041652377485486275 -0.0098586783375530854 -0.002559407279209606 0.0012996055650245429 0.00020212042294329003 0.00050246264361786198 4.6476289494312562e-05 -0.00072842217328533752 2.5580425298665543e-05 0.00032173775595022787 0.00011035541716221429 0.0002847008674680428 -0.0019940240868011883 -0.0099803287812903069 -0.0077636068388622238 -0.0071100876316680358 0.00098956496602967733 -0.0025932182579444843 0.0012370871476146275 -0.0045561143929831755 -8.952431501414234e-05 -0.0020047980407924002 -0.0016067244567390456 0.00098950833968987871 -0.0099757927933185123 -0.0064468719642461732 -0.0032746644451183194 0.0024687177402465009 0.0021842458811605079 0.0019051666168440982 -0.011242409011654939 -0.0035196502593255008 0.00024210176525567016 -0.004364379562705514 0.0014181598140355699 -6.8120877419957225e-05 -0.0028923147439592917 -0.0015112394054732055 0.00030943740883809166 0.00040804983088743395
leaf_weight=3734 78 3775 253 240 495 240 51 44 209 130 51 53 49 56 114 46 64 73 220 76 139 41 3960 41 53 156 71 2046 8253 263 765 42 424 146 138 41 65 46 246 47 125 69 198 45 112 458 58 77 53 453 56 45 45 48 42 55 347 2610 48 56 704 57
leaf_count=3734 78 3775 253 240 495 240 51 44 209 130 51 53 49 56 114 46 64 73 220 76 139 41 3960 41 53 156 71 2046 8253 263 765 42 424 146 138 41 65 46 246 47 125 69 198 45 112 458 58 77 53 453 56 45 45 48 42 55 347 2610 48 56 704 57
internal_value=0.000421545 0.000384222 0.000833691 0.000201769 0.000282876 -0.00125932 -0.00246547 0.000525794 0.00154444 0.00148027 -0.00161702 -0.00552381 -0.00171946 -0.0022557 -0.00493088 -0.00248447 0.000350075 0.000208129 -0.00155749 -0.0050519 -0.00289352 0.000641305 0.000511965 0.000608361 -0.00184783 -0.000355872 -0.00344 7.08974e-06 -0.00017131 0.000863637 -0.000939041 -0.00134016 -0.00202456 -0.00293328 -0.00398046 -0.0074115 -0.00266835 -0.00475676 -0.000372024 -0.00561111 -0.00127389 -0.00303754 0.00152745 -0.000791457 -0.00357595 0.00266294 -0.00794355 -0.00127232 0.00162011 0.000725845 0.0012299 -0.00246154 -0.00436667 -0.00781915 0.000264659 0.00117155 0.00044309 -0.000296186 -0.00494505 0.000746781 -7.94619e-05 -0.00425439
internal_weight=32795 32259 9313 22946 21740 1206 713 493 449 3968 234 104 662 613 216 160 5345 5092 747 288 215 459 4345 4281 321 280 124 13399 11090 2309 2837 2342 1577 1153 818 225 593 184 335 89 470 292 418 397 157 536 123 223 178 8341 3969 194 149 93 4372 1672 1219 2700 90 1164 817 113
internal_count=32795 32259 9313 22946 21740 1206 713 493 449 3968 234 104 662 613 216 160 5345 5092 747 288 215 459 4345 4281 321 280 124 13399 11090 2309 2837 2342 1577 1153 818 225 593 184 335 89 470 292 418 397 157 536 123 223 178 8341 3969 194 149 93 4372 1672 1219 2700 90 1164 817 113
cat_boundaries=0 1 2 3 4 5
cat_threshold=115 2226 533 2360 178
is_linear=0
shrinkage=0.05


Tree=88
num_leaves=63
num_cat=8
split_feature=11 10 9 31 31 39 6 19 9 14 38 22 3 39 12 25 19 20 9 18 33 9 21 6 5 33 19 10 33 8 4 19 22 33 31 12 10 23 25 39 14 24 20 18 0 22 4 13 3 44 12 12 33 6 41 25 41 42 12 13 42 20
split_gain=1.11394 1.31207 1.28094 1.17373 1.33767 1.2859 1.50896 1.32944 1.61145 1.61291 1.25624 1.71973 1.38678 1.16476 1.92907 1.24519 1.11657 1.21343 1.15822 1.196 1.42794 1.08227 2.19033 1.48592 3.40748 1.79167 1.45825 1.2753 1.06889 1.45785 1.05329 1.24661 1.04984 1.18223 1.0557 1.03998 1.03854 1.03024 0.988979 1.31482 1.3901 1.29003 1.03492 2.00455 1.31918 1.75841 0.976045 0.899977 1.00286 0.896002 1.40529 1.76511 1.1002 1.58973 0.934328 0.881958 0.873452 1.22515 0.85445 0.849087 1.06639 0.828259
threshold=2.5000000000000004 0.0082884924229578178 0.061827322301268826 128.85000000000002 22.350000000000005 0 6.7765128875245457 0.0020938857982212597 0.3366204733699229 0.099092620718544758 1 0.27291298879293052 0.064538521137571983 2 39.500000000000007 3 -0.15122083282349127 -0.010579768578044831 0.32834378306106632 -0.61060820010355077 32.692857142857157 0.061827322301268826 1189.7500000000002 7.957998562225562 8.2689966786365598 31.56428571428572 0.015900017240029644 0.10345005952975807 29.071428571428573 0.067057130831564726 -0.22580693469106936 -0.032083801757400339 -0.33840338039978812 28.521428571428576 1.2500000000000002 68.500000000000014 0.54000608367570913 -0.71760896327869561 4 5 -1.2515828877021216 6 0.000463318976402246 0.28373913970054965 0.12136214732851293 0.14912299857359165 0.20544540278419679 0.35058616110271562 0.46505182054645161 0.15476190476190479 53.500000000000007 85.500000000000014 37.850000000000009 7.822181857209384 107.92622950819673 7 57.658770161290327 0.87596153846153857 46.500000000000007 0.72856303508477438 0.88975694444444453 -0.027544617946972081
decision_type=2 2 8 2 2 1 2 2 10 2 1 8 2 1 2 1 2 10 10 10 2 10 10 2 2 2 2 2 2 8 2 2 8 2 2 2 2 10 1 1 2 1 8 10 2 8 2 2 2 2 2 2 2 2 2 1 2 2 2 2 2 10
left_child=55 2 -2 4 13 7 -7 -5 10 -10 -9 12 35 30 36 32 -17 18 19 -18 -21 22 -8 25 26 46 27 -25 -19 -30 31 -3 34 -34 -16 -12 -15 -22 41 -40 -41 -6 61 44 45 -44 -23 -31 -49 -32 54 52 53 -52 -51 -1 57 -48 -13 -26 -61 -43
right_child=1 3 -4 5 38 6 21 8 9 -11 11 58 -14 14 15 16 17 28 -20 20 37 23 -24 24 59 -27 -28 -29 29 47 49 -33 33 -35 -36 -37 -38 -39 39 40 -42 42 43 -45 -46 -47 56 48 -50 50 51 -53 -54 -55 -56 -57 -58 -59 -60 60 -62 -63
leaf_value=-0.0031103349828499444 0.0010851349311890377 -0.0037009722949400354 0.00020514095718469905 0.00051967553946566695 0.00047319127112814042 -0.0051226929875716138 -0.0029590424258862575 0.00055237244523100102 -0.018440882845565575 0.00040188369611011553 -0.0048235252171463299 -0.0014783508754940529 0.00062470157521712975 0.00061285322709206554 -0.0034304216249090472 0.00097172154857310007 -0.0031585079522625523 -0.0031682165925436354 -0.0023943361129814739 -0.00015213893954325807 -0.013554121288944856 0.00075372953535065212 0.00082361644348174579 -0.0070564817493554326 0.00039620230012391515 -0.0069925996604153738 -0.0018153957312193421 -0.014570879286195597 0.0032148713294682888 -0.022266193681603957 0.00034501613457155617 8.2714232536746363e-05 -0.0031295256137793279 0.00074014022178250146 -0.00015895308223886674 0.001115162079344181 -0.0048324592524513011 -0.002278512636730178 0.002614290442275962 -0.0036442097792028167 0.00034337753063993061 -0.0007024539247192799 0.0016984091226851642 0.0014863864819133449 -0.0078680031595230598 -0.006533867125686663 -0.0050139514528077149 -0.0010826846856845662 -0.0078838965537016362 0.0021543147561358714 -0.0054801610921575402 0.001326758770138294 0.00022739508030318438 -0.0017821063378838865 -0.0017264801151129104 0.00076025723850779345 -0.0023698271338801081 0.0018539748620332167 -0.0062455242634869585 -0.0066086799361249077 -0.00037994959117479892 0.0028144036965960552
leaf_weight=129 1185 44 14886 1270 757 68 76 497 43 43 65 41 252 1363 40 119 56 57 86 43 41 792 72 51 328 53 86 54 95 44 2782 70 60 452 49 44 66 58 730 47 782 122 57 114 48 48 44 454 55 247 40 69 43 93 81 2617 193 252 66 41 92 88
leaf_count=129 1185 44 14886 1270 757 68 76 497 43 43 65 41 252 1363 40 119 56 57 86 43 41 792 72 51 328 53 86 54 95 44 2782 70 60 452 49 44 66 58 730 47 782 122 57 114 48 48 44 454 55 247 40 69 43 93 81 2617 193 252 66 41 92 88
internal_value=0.000412327 0.000324054 0.000631844 -3.12408e-05 0.000287204 -0.000692971 -0.00155445 0.000130789 -0.00118346 -0.00770115 -0.000595238 -0.00242171 -0.000814917 -0.000100635 -0.000797078 -0.00193275 -0.00291332 -0.0034899 -0.00624561 -0.00834171 -0.0107692 -0.00132553 -0.00543624 -0.00101661 -0.0029709 -5.99249e-05 -0.00856771 -0.0125 -0.00237252 -0.00178736 0.000530173 -0.00417391 -7.35292e-05 0.00079922 -0.00505556 -0.0055 0.000555944 -0.01405 0.00120437 0.00203503 0.00064881 0.000136546 -0.001875 -0.00397388 -0.0076948 -0.00448113 0.000315913 -0.00277076 -0.00216667 0.000692789 -0.00110627 -0.00396341 -0.00661017 -0.00884328 0.00103343 0.00137605 -0.00143878 0.00026936 -0.00800926 -0.000638528 -0.00399254 0.000710901
internal_weight=32740 29994 16071 13923 9400 4523 2202 2321 1051 86 965 468 361 6607 3138 1709 1108 989 284 198 142 2134 148 1986 652 1334 191 105 705 648 3469 114 601 512 89 109 1429 99 2793 1559 829 1234 477 267 153 105 1281 553 509 3355 573 245 176 133 328 2746 489 296 107 461 133 210
internal_count=32740 29994 16071 13923 9400 4523 2202 2321 1051 86 965 468 361 6607 3138 1709 1108 989 284 198 142 2134 148 1986 652 1334 191 105 705 648 3469 114 601 512 89 109 1429 99 2793 1559 829 1234 477 267 153 105 1281 553 509 3355 573 245 176 133 328 2746 489 296 107 461 133 210
cat_boundaries=0 1 2 3 4 5 6 7 8
cat_threshold=3690 3 6678 37 1128 5409 13 1
is_linear=0
shrinkage=0.05


Tree=89
num_leaves=63
num_cat=3
split_feature=35 35 0 39 3 14 4 33 1 27 39 22 31 10 4 7 12 26 33 33 31 4 15 31 42 33 3 18 1 18 18 4 18 18 11 9 7 42 23 0 19 15 6 29 18 22 18 7 2 44 39 19 22 14 2 0 6 11 6 41 41 10
split_gain=1.46289 1.93199 0.94499 0.907152 0.92484 0.84284 1.09678 1.23722 1.17863 1.04158 1.15019 1.05984 1.05697 1.31609 1.05752 0.929833 1.09111 1.36408 0.849758 0.838851 1.13591 1.23329 2.2023 0.827929 0.98091 1.97871 1.07304 0.871674 0.787487 0.783069 0.816339 0.876161 1.22036 1.1013 0.822647 0.758413 0.783634 0.783979 1.40003 0.71341 0.803212 0.704539 0.868271 1.32812 0.773369 1.32192 0.688703 1.17095 1.63133 0.688283 0.653974 1.08866 1.47042 1.20417 1.34387 1.33029 1.186 1.79105 1.47173 1.28352 1.41479 1.30694
threshold=0.00064530493784571458 0.00021502640254143066 -0.041820110759960276 0 -0.52712315915807506 -0.97346099110802287 -0.12902803286987294 26.13571428571429 0.13353139262452321 59.500000000000007 1 0.081423872431919925 1.1500000000000004 0.33507272674483884 0.12525250644447275 8.4699705816440574 42.500000000000007 28.500000000000004 34.414285714285718 28.335714285714285 1.0000000180025095e-35 -0.43078291609245362 -1.0976309340841846 0.15000000000000005 0.9842509920634922 33.107142857142868 -0.068992871486951199 2.2859958354501284 -0.51621647240086765 0.91187625545516016 -0.73325227162905005 -0.4186308212572713 0.29156083304242519 0.67991740335414186 65.500000000000014 0.11462643596406115 6.9584697224626408 0.88975694444444453 -0.23616689295461077 -0.040821708805887529 -1.0000000180025095e-35 -1.6074986727698146 7.0222710942220248 1.0000000180025095e-35 -1.7798267516245729 0.047119611937066784 0.57155857128730647 7.7339263383195904 -0.052969427341850832 0.18333333333333338 2 0.00019496782337171149 0.081423872431919925 0.020619287202735984 0.60416755589163229 0.0033240752520473653 8.1376964128939182 1.5000000000000002 8.2458682627528912 18.580796252927403 74.814263322884031 0.15838079515130279
decision_type=2 2 2 1 2 2 2 2 2 2 1 8 2 2 2 2 2 2 2 2 2 2 2 2 2 2 2 10 2 10 10 2 10 10 2 10 2 2 10 2 2 2 2 2 8 8 10 2 2 2 1 2 8 2 2 2 2 2 2 2 2 2
left_child=1 2 3 -1 -5 6 8 -8 19 10 12 18 -9 14 -14 16 -11 -18 -12 -4 -21 -22 -23 24 29 -26 -27 35 -7 30 -6 -32 34 -34 -33 49 37 38 -37 40 -30 -38 43 -43 45 -44 -2 -48 -49 -25 -41 53 -53 54 -52 -56 -54 -58 -59 -60 61 -61
right_child=46 -3 5 4 23 28 7 9 -10 15 11 -13 13 -15 -16 -17 17 -19 -20 20 21 22 -24 27 25 26 -28 -29 39 -31 31 32 33 -35 -36 36 41 -39 -40 50 -42 42 44 -45 -46 -47 47 48 -50 -51 51 52 56 -55 55 -57 57 58 59 60 -62 -63
leaf_value=0.00075700529953046927 0.00074064424210599003 -0.002732332812974963 -0.00028144371835850477 0.0027308135540479493 0.0011522077237822036 0.004749036880904816 -0.003191274648996541 0.00096209016742597594 0.00061247699362680435 0.0015750673423911164 0.00042047936323635264 0.0016529857348914015 -0.0015352298452827931 0.0017562103099793742 -0.010302743877185114 -0.0070951012400594753 -0.0083848842336479035 0.00085341322355149342 -0.0032048288816628519 0.00019055290092056499 -0.00018190108401027572 -0.0027313414248651396 -0.0068670318123174789 0.0011162680515383371 -0.0026826461483237451 0.00072193445537085781 -0.0031130605999901873 -0.003216993930749733 -0.0017018739297144118 0.0031639132735522186 0.0027131400431787897 -0.0076556443515000214 0.0015872797120932121 -0.0020837023667738866 -0.0028785908094804387 -0.012116281686011863 0.0042287176390134766 0.00099763333936697478 0.005443792045256312 0.00024009285345310329 0.00036672358224078836 -0.004317313113790521 -0.0057652637014797203 0.00021440222327658178 -2.7916862015326614e-05 0.00039502823427846182 0.00046656820680034952 0.002943618503893079 -0.0028009109269274391 -0.0022693557875194791 4.5017818014798001e-05 0.00019942207089900985 -0.00021350868177621554 0.00076006722746664937 -0.011209600442700265 -0.0039444198781248656 0.0027257989931931989 -0.0055458028240572528 0.0010154253090912111 -0.0030599701775443191 -7.6329494888428991e-05 -0.016317136165829221
leaf_weight=5021 1016 42 67 602 85 209 50 56 80 71 182 433 40 47 48 45 47 65 73 49 48 54 45 735 45 98 57 42 47 116 48 45 53 42 40 40 125 701 57 5200 53 71 43 55 2506 49 205 43 74 51 4067 2779 3343 2575 53 118 74 82 170 131 117 51
leaf_count=5021 1016 42 67 602 85 209 50 56 80 71 182 433 40 47 48 45 47 65 73 49 48 54 45 735 45 98 57 42 47 116 48 45 53 42 40 40 125 701 57 5200 53 71 43 55 2506 49 205 43 74 51 4067 2779 3343 2575 53 118 74 82 170 131 117 51
internal_value=0.000427824 0.000358659 0.000373199 0.000753636 0.000320098 0.000174769 -0.000966022 -0.000228843 -0.00344477 0.000121841 0.000903409 0.00184549 -0.00245049 -0.00496323 -0.00853933 -0.0028821 -0.00127717 -0.00433628 -0.000683594 -0.00505682 -0.00670051 -0.00888513 -0.01205 0.000101861 -0.00159524 -0.00447761 -0.00176282 0.000340706 0.000264552 -0.000244186 -0.00154459 -0.00310044 -0.00469613 -0.00078125 -0.00901163 0.000409337 0.000105537 0.00148936 -0.00270408 0.000230635 -0.0039604 -0.000282456 -0.000451376 -0.00448819 -0.000253944 -0.00473118 0.0020463 3.09599e-05 -0.00394068 0.00181703 0.000253185 7.00024e-05 -0.000380112 0.00051585 -2.35886e-06 -0.0043314 -0.000997732 -0.00299521 -0.00397645 -0.00288298 -0.00485 -0.00759563
internal_weight=32676 31338 31296 10727 5706 20569 1500 1157 343 1107 879 688 191 135 88 228 183 112 255 263 196 147 99 5104 629 200 155 4475 19069 429 313 228 180 95 85 4433 3647 798 97 18860 100 2849 2724 126 2598 92 1338 322 117 786 18760 13560 6747 6813 4238 171 3968 625 551 469 299 182
internal_count=32676 31338 31296 10727 5706 20569 1500 1157 343 1107 879 688 191 135 88 228 183 112 255 263 196 147 99 5104 629 200 155 4475 19069 429 313 228 180 95 85 4433 3647 798 97 18860 100 2849 2724 126 2598 92 1338 322 117 786 18760 13560 6747 6813 4238 171 3968 625 551 469 299 182
cat_boundaries=0 1 2 3
cat_threshold=1685 2560 625
is_linear=0
shrinkage=0.05


Tree=90
num_leaves=63
num_cat=8
split_feature=41 36 2 39 25 3 39 4 3 14 4 0 26 5 9 26 36 16 36 9 42 42 26 9 26 35 41 22 22 9 3 26 41 18 38 17 27 39 9 15 3 39 31 15 42 22 39 7 39 18 27 20 31 3 1 7 10 17 17 3 3 42
split_gain=1.31377 1.23395 1.1721 1.3922 1.34749 1.50854 1.21019 1.38816 1.27182 1.23282 1.58234 1.0784 1.01984 0.9833 1.12522 0.931694 0.908327 0.919284 0.873395 0.870315 0.798553 1.49046 1.25278 1.24291 1.56367 1.07649 1.09272 1.33652 1.00794 0.945783 1.26984 0.801925 1.33107 0.984524 1.09875 2.34179 2.11638 1.08907 1.12928 0.957851 0.953614 0.891774 1.65226 1.85465 0.819577 0.997806 1.21237 0.932265 1.99551 1.82756 1.29803 1.29344 1.54655 1.29016 1.06651 0.912557 1.0966 0.896262 0.895108 0.891306 0.975971 0.7891
threshold=5706.0234451450206 1.7361759986195575 -0.048790164169431265 0 1 -0.49254890260831979 2 -0.866616167534631 0.58778666490212006 -0.2632007155244484 0.3321360089309327 -0.63932534042946088 43.500000000000007 7.6434229155777054 0.31113012134010715 11.500000000000002 0.3547704035464524 -5.3765258856816116 0.24677607814616678 0.035256407133271994 0.9842509920634922 0.98130677847658998 35.500000000000007 0.086905454946781702 24.500000000000004 1.683330784999579e-08 51.852708333333339 -0.5109684605045709 -0.097206692273214573 0.25616669218450866 0.20773625461480452 23.500000000000004 1.8071451355661885 -0.12508698609155969 3 -0.021368605655641689 37.500000000000007 4 0.15402751622641148 -1.6074986727698146 -0.12062651051473815 5 15.750000000000002 -0.021521645182673851 0.92637759710930456 0.18191457106311407 6 7.9408490882998253 7 -1.2813148911484915 48.500000000000007 0.067673288562167769 37.600000000000016 -0.061875339888431739 -0.075507552508144546 7.1438884834555028 0.17463434698263305 0.052120286455963789 -0.70443962236544433 0.23638877806423023 0.27871340246902016 0.90081967213114766
decision_type=2 2 2 1 1 2 1 2 2 2 2 2 2 2 10 2 2 2 2 10 2 2 2 10 2 2 2 8 8 10 2 2 2 10 1 2 2 1 10 2 2 1 2 2 2 10 1 2 1 8 2 10 2 2 2 2 2 2 2 2 2 2
left_child=1 2 3 -1 16 13 8 -8 -7 -10 -11 -5 18 14 -6 -2 17 -4 -9 -19 21 31 23 24 -22 26 28 -28 -25 30 -30 33 -33 34 -21 37 -37 39 -39 -36 -35 42 43 -42 47 59 57 50 58 -50 -34 52 -51 -54 -52 61 -57 -47 -49 -46 -61 -56
right_child=15 -3 4 11 5 6 7 12 9 10 -12 -13 -14 -15 -16 -17 -18 19 -20 20 22 -23 -24 25 -26 -27 27 -29 29 -31 -32 32 44 40 35 36 -38 38 -40 -41 41 -43 -44 -45 45 46 -48 48 49 51 54 -53 53 -55 55 56 -58 -59 -60 60 -62 -63
leaf_value=0.0010274318779996913 -0.00032902612404077532 -0.0014446315685861463 -0.0068077019966264491 0.0053490633132332113 -0.010183224429358068 0.00047432582407292171 -0.003358676134151545 -7.1368504720236334e-05 0.0025081816688653736 0.00022469607955659084 -0.015283588452954825 0.00021955198025709776 -0.0024991068409654228 0.00070049425413959464 -0.0029307802625656298 0.0011628170325277247 0.0034712670399373591 0.0032242566588670547 -0.0022238891102068811 0.00056573367676556461 -0.00021521810309977534 -0.0058506214342639281 0.00095297246098284278 0.0030373992247974303 -0.0035182691138184608 -0.0010374689743473543 -0.0013480156969831189 0.0012790851766889175 -0.00045328447145510844 0.000502002948377491 -0.0052252583274713382 0.0028364124656994976 0.00052157542939551278 0.0033607337370327034 -0.0044698432987089094 -0.00062632552698498739 -0.0095395127936406914 -0.005775454011828874 -0.00024929146226119802 0.0023506352646268285 -0.010162435093025463 0.00088221181748527298 0.0042161308481291522 -0.00017366645873512603 0.00086932301543048325 -0.0033734766316073396 0.00010150169444018698 -0.0055682950730739332 0.0064819952849318983 -0.0051421013048904606 0.0016668938459680487 -0.020280015245601999 -0.0075392913428314126 7.8162420259409038e-06 -0.0041592315295703366 0.0002401934848970569 -0.0042675288181350446 -0.0046266704368585192 0.00056906643035033167 -0.0064611443227030434 9.4026681132123886e-05 -0.00072509585537045116
leaf_weight=1967 90 78 42 321 40 2525 56 6977 48 48 53 9623 88 58 48 426 139 225 68 663 178 42 1479 153 54 47 44 767 152 82 61 229 738 260 40 66 57 57 128 203 43 1275 104 132 1006 78 189 42 42 48 71 47 50 107 44 144 96 52 287 57 314 42
leaf_count=1967 90 78 42 321 40 2525 56 6977 48 48 53 9623 88 58 48 426 139 225 68 663 178 42 1479 153 54 47 44 767 152 82 61 229 738 260 40 66 57 57 128 203 43 1275 104 132 1006 78 189 42 42 48 71 47 50 107 44 144 96 52 287 57 314 42
internal_value=0.000458842 0.000418648 0.000433997 0.000827317 0.000201873 -0.00021008 -0.00013534 -0.000472916 0.00077095 -0.0037 -0.00681373 0.000584631 -0.00041141 -0.00523809 -0.00853933 0.00295938 0.000606656 0.000551405 -0.000344167 0.000582733 0.000511719 0.000209506 0.00118787 0.000188434 -0.00317597 0.000788064 0.00106746 0.00216133 -0.00091314 -0.00261824 -0.00436916 0.000268922 -0.000226656 0.000871575 -0.000230452 -0.00185943 -0.00794355 -0.00013986 -0.00293367 0.00202756 0.00160882 0.00113826 -0.00139655 -0.00440341 -0.00047178 0.000312316 -0.00220312 -0.00122797 -0.00278045 -0.00567213 -0.00037412 -0.00747036 -0.00570388 -0.00325949 -0.00267588 -0.00388379 -0.00228216 -0.00567376 -1.47057e-05 0.000896227 -0.00119624 -0.00827586
internal_weight=32690 32174 32096 11911 20185 10009 9863 7189 2674 149 101 9944 7133 146 88 516 10176 10037 7045 9995 9770 6753 3017 1538 232 1306 1259 811 448 295 213 6711 3683 3028 1214 551 123 428 185 243 1814 1554 279 175 3454 1696 319 1758 623 294 1135 252 205 157 397 326 240 130 329 1377 371 86
internal_count=32690 32174 32096 11911 20185 10009 9863 7189 2674 149 101 9944 7133 146 88 516 10176 10037 7045 9995 9770 6753 3017 1538 232 1306 1259 811 448 295 213 6711 3683 3028 1214 551 123 428 185 243 1814 1554 279 175 3454 1696 319 1758 623 294 1135 252 205 157 397 326 240 130 329 1377 371 86
cat_boundaries=0 1 2 3 4 5 6 7 8
cat_threshold=70 3378 305 9 679 1154 2572 4632
is_linear=0
shrinkage=0.05


Tree=91
num_leaves=63
num_cat=8
split_feature=41 36 2 3 4 30 25 22 2 39 14 25 42 23 11 44 11 26 4 29 5 24 14 22 2 11 23 13 30 0 22 13 42 0 41 17 25 9 6 6 18 22 18 8 25 39 25 13 21 27 30 33 26 30 23 13 27 11 40 9 4 5
split_gain=1.02388 1.16017 1.01978 0.888142 0.765645 1.0183 0.752658 0.849662 0.653553 1.08794 1.24825 1.1566 1.63047 1.4736 1.14347 0.883449 0.887043 1.75087 1.09561 0.827138 1.29219 1.12256 1.55272 1.2639 0.929774 1.75174 1.23024 0.844999 1.64224 1.99897 0.818891 0.880424 1.09637 0.782012 0.788205 1.55517 0.767911 0.86788 0.74637 2.2012 2.09215 1.53134 1.05355 1.36602 0.985613 0.894492 1.18037 1.11434 1.74083 1.91738 1.3985 1.25447 1.15686 1.12017 1.12897 1.24744 1.09986 1.00941 0.99197 0.967301 0.886076 1.43612
threshold=5706.0234451450206 1.7361759986195575 -0.63174707572922484 -0.69314718055994484 -1.4388113718587412 15.150000000000004 0 -0.71556746849096398 -0.075508007053393097 1 1.7068099508303567 2 0.77315608919382517 0.074107972153721738 23.500000000000004 0.47222222222222227 4.5000000000000009 1.5000000000000002 -0.14949538210616173 1.0000000180025095e-35 8.9195360864759738 3 -0.10064352577968737 -0.31361778204392649 -0.32414550939776759 67.500000000000014 -0.29459427296457158 1.0350438596491232 15.750000000000002 -0.096459633278172849 0.265703786851404 0.36363667355385992 0.9533066860465117 0.057158413839948803 3.6715476190476193 0.024350853572506995 4 0.10328318714589256 7.1233671493048636 7.2289134300479807 -2.027377540214101 0.40546367953877666 1.1126994521253584 0.29028167355832835 5 6 7 0.870020253164557 1831.2500000000002 23.500000000000004 0.15000000000000005 27.13571428571429 25.500000000000004 15.750000000000002 0.027980913348228945 0.57796355391444487 40.500000000000007 40.500000000000007 3.5000000000000004 0.035256407133271994 -0.7184648992576198 6.5834293167733948
decision_type=2 2 2 2 2 2 1 10 2 1 2 1 2 8 2 2 2 2 2 2 2 1 2 8 2 2 8 2 2 2 8 2 2 2 2 2 1 10 2 2 10 10 10 10 1 1 1 2 8 2 2 2 2 2 8 2 2 2 2 10 2 2
left_child=1 2 3 -1 5 -4 7 -5 9 10 -6 12 13 -11 -13 16 17 -10 -19 27 21 22 23 -21 25 26 -23 -14 29 -29 33 32 -32 -20 35 -35 37 -33 44 40 -40 42 43 -42 -18 46 -41 51 56 50 -50 -48 -52 54 -53 -56 -49 -54 -51 -47 61 -46
right_child=-2 -3 4 6 8 -7 -8 -9 15 11 -12 14 19 -15 -16 -17 38 18 30 20 -22 24 -24 -25 -26 -27 -28 28 -30 -31 31 36 -34 34 -36 -37 -38 -39 39 45 41 -43 -44 -45 60 59 47 48 49 58 52 53 57 -55 55 -57 -58 -59 -60 -61 -62 -63
leaf_value=0.0058448266456471607 0.00077721637074136985 -0.0020764320866167498 0.00014848312373351804 0.002152359488115299 0.00085258352631739111 -0.0064422669447169005 0.0041015523520337707 -0.006269979500021259 -0.010550737149817579 4.9193682559621414e-05 -0.00082304905188491061 -0.00022800447120600227 0.0014397590793870792 -0.0075404586219512369 0.0010677455432238517 0.001401431398673355 -2.2365936880023509e-05 -0.0021312862974724052 0.0014178280794133454 -0.00020040944626438379 -0.0046019845320786354 -0.0049084447307981022 -0.00037093689550541536 -0.0097003427360960164 0.00029714876200692149 -0.0065449649263539886 0.00053954953641227783 0.00048940961595565107 0.0040054405895459796 -0.011544573859670762 -6.2695125407054731e-05 -0.00074892331924535115 -0.0046922319230864361 0.00013754520447811346 0.00079253569076647573 -0.0053439561326403913 0.0012385988154308223 0.0001993198740204442 -0.0066997411699669454 0.00027635848853323582 -0.00044274076974842489 -0.0042484006090309908 -0.0035201840403401839 0.0058563376177088178 -0.0026336083195969552 0.0032639906495878705 0.0015935204539038823 -0.0048901075814336004 -0.0057313064525580694 -0.0010250128654941712 0.0015059561089926408 -5.5520339517138833e-05 -0.0093471585794587565 0.00032114222943484678 -0.0046981199812579574 -0.00071164372792564866 -0.0094708740209968612 -0.0011837922812804145 0.00062854649498005728 3.6043198116670828e-05 0.00086390493039416013 0.00089344998891434748
leaf_weight=284 494 73 41 52 3849 44 188 65 42 52 105 1395 468 72 2507 377 2263 48 1070 40 60 52 148 48 663 41 177 47 84 44 126 69 64 71 537 45 567 448 48 504 732 57 103 92 49 315 156 49 52 115 40 130 40 265 64 94 50 41 135 10904 1775 49
leaf_count=284 494 73 41 52 3849 44 188 65 42 52 105 1395 468 72 2507 377 2263 48 1070 40 60 52 148 48 663 41 177 47 84 44 126 69 64 71 537 45 567 448 48 504 732 57 103 92 49 315 156 49 52 115 40 130 40 265 64 94 50 41 135 10904 1775 49
internal_value=0.000409884 0.000375163 0.000389562 0.00244915 0.000351003 -0.00436046 0.000571896 -0.00246094 0.000363879 0.000701309 0.00134174 0.000269081 -0.000707523 -0.00624 0.000769231 0.000209849 0.000167138 0.000950454 0.0010916 -0.000341698 -0.00110163 -0.000730769 -0.0037247 -0.00910112 6.88561e-05 -0.00239852 -0.000673913 0.00111025 -0.00184659 -0.00646739 0.00121248 0.000250981 -0.00287958 0.00192285 0.000558104 -0.00316239 0.000801843 -0.000596591 3.36591e-05 -0.000140845 -0.00236205 -0.00185787 -0.00136315 -0.000763636 0.00062364 3.62796e-05 -0.00101661 -0.00184783 -0.00361377 -0.00220519 -0.00623563 -0.000570422 -0.0032377 -0.00168773 -0.00384083 -0.00666667 -0.00955 -0.00664634 0.00059761 0.000199911 0.00146762 -0.00313131
internal_weight=32679 32185 32112 589 31523 85 305 117 31438 9852 3954 5898 1996 124 3902 21586 21209 3087 3045 1872 1229 1169 236 88 933 270 229 643 175 91 2997 1274 190 1723 653 116 1084 517 18122 13986 1032 984 927 824 4136 12954 1735 1231 522 423 173 709 121 553 288 158 99 81 250 11219 1873 98
internal_count=32679 32185 32112 589 31523 85 305 117 31438 9852 3954 5898 1996 124 3902 21586 21209 3087 3045 1872 1229 1169 236 88 933 270 229 643 175 91 2997 1274 190 1723 653 116 1084 517 18122 13986 1032 984 927 824 4136 12954 1735 1231 522 423 173 709 121 553 288 158 99 81 250 11219 1873 98
cat_boundaries=0 1 2 3 4 5 6 7 8
cat_threshold=227 4710 3202 2 3248 93 2370 1304
is_linear=0
shrinkage=0.05


Tree=92
num_leaves=63
num_cat=5
split_feature=0 41 1 18 11 15 25 11 4 22 3 4 3 9 23 17 7 39 30 30 22 22 20 15 22 11 15 17 9 3 31 11 41 7 12 30 12 12 25 42 31 31 17 19 7 25 3 20 23 42 11 17 23 22 22 9 20 31 39 29 14 42
split_gain=1.098 1.00229 0.913775 0.833946 0.771446 0.729929 0.727696 0.725092 0.795901 0.71546 1.17469 1.18965 0.662085 0.643851 0.722948 0.994379 0.625944 0.931477 1.11005 1.22943 1.0866 1.21282 1.73159 1.12153 1.07742 1.02927 1.32575 1.06845 1.02531 0.966242 0.933174 1.68014 1.0745 0.928233 0.73272 0.713041 0.60704 1.33603 0.596242 0.810454 0.860482 1.51266 2.31809 1.80325 1.48456 1.36171 1.37458 2.01449 1.50166 1.41519 1.26304 1.21767 1.36205 1.17182 1.20786 1.19 1.12381 1.03252 1.00064 1.08113 1.35646 1.66122
threshold=-0.061875378186193146 12126.983292410716 -0.51621647240086765 -2.3238855437980299 42.500000000000007 -0.22314355131420965 0 2.5000000000000004 -0.10536051565782632 1.120838169953527 0.050471435954498663 0.42381388313986484 -0.72901791152133277 0.17692017328746149 0.27214071196765804 0.71948537795134737 7.0233780866731097 1 104.90000000000002 68.050000000000026 0.068858614046547292 0.2363893043797429 0.014470147990428684 0.43300604971879625 -0.196709424681593 29.500000000000004 0.41100498938761915 0.28704640847142243 0.23858011993836648 -0.087011376989629671 13.650000000000002 28.500000000000004 37.140394088669957 8.1530367428793671 34.500000000000007 3.2500000000000004 72.500000000000014 48.500000000000007 2 0.89915254237288156 21.050000000000001 13.950000000000003 -0.0110380294898742 0.025816295326766953 8.1188061827027092 3 0.22314355131420929 -0.017330742412320101 -0.09520332463871338 0.93798076923076934 64.500000000000014 -0.38793001076471789 -0.25051086100728209 0.28038210854358653 0.44427887859366533 0.21459532589739591 -0.12775670990578941 11.350000000000003 4 1.0000000180025095e-35 0.29725152346793166 0.93700396825396837
decision_type=2 2 2 8 2 2 1 2 2 10 2 2 2 8 10 2 2 1 2 2 8 8 10 2 10 2 2 2 10 2 2 2 2 2 2 2 2 2 1 2 2 2 2 2 2 1 2 10 10 2 2 2 10 10 10 10 10 2 1 2 2 2
left_child=3 2 -2 -1 5 -5 -6 8 -7 38 -11 -12 -9 14 -8 -16 -14 25 19 20 24 22 -22 35 30 -18 27 33 -21 -25 31 32 -19 -27 -32 -23 37 -37 -4 -40 41 45 -43 -44 -42 57 58 -48 49 50 -49 -51 -53 56 55 -55 -46 -41 -47 -60 61 -61
right_child=1 -3 9 4 6 7 13 12 -10 10 11 -13 16 -15 15 -17 17 18 -20 28 21 23 -24 29 -26 26 -28 -29 -30 -31 34 -33 -34 -35 -36 36 -38 -39 39 40 44 42 43 -45 53 46 47 48 -50 51 -52 52 -54 54 -56 -57 -58 -59 59 60 -62 -63
leaf_value=0.0041202360708826593 0.0030498337749086724 0.00062395905852285875 -6.2559988929187965e-05 0.00040872280815618567 0.0019957854167399051 -0.0020184542445834609 0.0014205612268579088 0.0035859128628369132 0.0014503820077429834 0.0034642497585337302 -0.011981638183576032 -0.0056518119470468147 0.0018897035758901537 0.00013120408042387966 0.00037646161281550415 -0.0019744158790723329 0.0009628302398439428 0.00095985810707221997 0.0020411499886900178 -0.00029236362122657546 -0.0014381083855620246 0.00083293542213995226 -0.004635573149388012 -0.0048131648142069406 0.0016790775951199951 -0.0030658447151966708 0.0019418798237124839 -0.0031861879212502528 -0.0033620610167171372 -0.0014984736666905159 -0.0062827095328561334 -0.0060640329248354691 -0.0052939022282392709 0.0013815096400269043 0.0017817901289368888 0.0027312877971886829 0.00046596841474826067 -0.005852954205460191 -9.5239591380460146e-05 0.0037840290678261366 0.00061925596696197445 0.00060707507224338553 -0.0039253999968991201 -0.0004557180714159499 -0.0038457557310035335 0.00071708190044302803 0.00058084469311215888 -0.011510020140743019 -0.00017563285122677738 0.0018807529195288199 -0.0033328955229332971 -0.0017977574479813533 -0.0080833200218032499 -0.0093618120732317078 -0.00018486590507474105 -0.0066851624370943014 0.00011146299062823611 -0.0014308524045855504 0.00021182530952285847 0.00057267747742891189 0.00049360857123801878 -0.0017455043763144398
leaf_weight=242 220 130 5348 1423 1045 47 1399 157 462 70 50 62 228 1943 322 50 850 48 72 51 60 153 43 70 196 75 99 54 60 63 42 40 41 74 181 41 71 50 4202 324 5014 100 69 69 54 1951 347 71 296 68 61 165 41 40 101 40 1679 45 1301 193 290 628
leaf_count=242 220 130 5348 1423 1045 47 1399 157 462 70 50 62 228 1943 322 50 850 48 72 51 60 153 43 70 196 75 99 54 60 63 42 40 41 74 181 41 71 50 4202 324 5014 100 69 69 54 1951 347 71 296 68 61 165 41 40 101 40 1679 45 1301 193 290 628
internal_value=0.000407388 0.000219062 0.000194105 0.000852046 0.000778047 0.000327231 0.00122794 -7.81013e-05 0.00165686 0.000162919 -0.00295082 -0.00610619 -0.000391844 0.000891275 0.00158296 -0.000375335 -0.000578295 -0.000813141 -0.00173241 -0.0021057 -0.00159545 -0.00316123 -0.00802885 -0.00202673 -1.82147e-05 0.00022356 -0.00227723 -0.00458333 -0.00709821 -0.00585821 -0.00167139 -0.00503846 -0.00116667 -0.00236667 0.000290179 -0.000395569 -0.00269939 -0.00538043 0.000188239 0.000331877 0.000527881 9.05317e-05 -0.00380753 -0.00798561 0.000907779 0.000251643 4.79441e-05 -0.00157619 -0.00311522 -0.00508599 -0.00932331 -0.00301818 -0.00492754 -0.000276762 -0.00409341 -0.00864197 0.000123991 0.00314474 0.000438818 -0.0002435 -0.00138939 -0.00242701
internal_weight=32781 23029 22899 9752 9510 4751 4759 3328 509 22679 182 112 2819 3714 1771 372 2662 2434 1282 1210 1099 551 103 448 548 1152 302 203 111 133 352 129 89 149 223 315 162 91 22497 17149 12947 6019 238 138 6928 5781 5412 1049 702 406 132 274 206 1914 181 80 1733 369 4363 2412 1111 821
internal_count=32781 23029 22899 9752 9510 4751 4759 3328 509 22679 182 112 2819 3714 1771 372 2662 2434 1282 1210 1099 551 103 448 548 1152 302 203 111 133 352 129 89 149 223 315 162 91 22497 17149 12947 6019 238 138 6928 5781 5412 1049 702 406 132 274 206 1914 181 80 1733 369 4363 2412 1111 821
cat_boundaries=0 1 2 3 4 5
cat_threshold=1312 4821 1156 32 6712
is_linear=0
shrinkage=0.05


Tree=93
num_leaves=63
num_cat=10
split_feature=2 12 8 1 21 38 21 25 0 5 41 3 42 33 25 26 18 23 23 3 30 26 11 21 39 23 33 24 25 31 0 27 10 4 12 39 18 4 15 15 2 5 21 0 30 33 1 25 23 0 3 23 33 27 39 0 23 10 25 20 8 19
split_gain=1.13712 1.24313 1.49865 1.24315 1.17223 1.01771 1.04533 1.2239 0.895775 0.975647 1.36325 0.87489 0.87633 2.12727 1.40275 1.29127 1.25473 1.011 1.15266 1.08936 1.07545 1.69477 1.92355 1.61328 1.06954 1.07581 1.03218 0.872225 1.2124 1.03778 1.03566 1.02999 1.23263 1.3787 1.3668 0.986257 0.987678 0.982349 1.60935 1.07538 1.47746 0.940825 1.2915 0.919852 0.892453 0.917262 0.881339 0.975649 1.46799 1.91364 1.23501 1.21171 1.30194 1.09156 1.20074 1.29998 1.37264 1.22832 1.10113 1.79325 1.20751 1.08174
threshold=-0.36504798334554772 81.500000000000014 0.13758303658425416 -0.093354976173381385 2640.7500000000005 0 3795.0000000000005 1 -0.11778364541285356 8.875744558371073 87.665776209677432 0.77318950361794914 0.9842509920634922 39.164285714285718 2 46.500000000000007 0.97138364676565481 0.98410795328480594 2.3905495144644449 -0.012676885722143981 1.0000000180025095e-35 8.5000000000000018 8.5000000000000018 570.50000000000011 3 -0.19021442471732894 33.892857142857146 4 5 81.050000000000026 0.30618940541574263 29.500000000000004 0.073279557331623849 0.18232163679396154 53.500000000000007 6 1.1810223719815691 -0.36559567929301057 -1.1851246357542116 0.60613580357031605 -0.090016026463220808 7.8592387900617497 5612.5000000000009 0.33647223662121345 1.4500000000000004 28.192857142857147 -0.36772439550978481 7 -1.097280363087636 -1.0000000180025095e-35 -0.25489224962878904 0.22314355131420979 30.292857142857141 54.500000000000007 8 -0.10140317019790233 -0.22992702910878512 -0.13021315364782457 9 -0.022464703944375854 0.14752846857979926 0.11917382680239975
decision_type=2 2 10 2 8 1 10 1 2 2 2 2 2 2 1 2 10 10 10 2 2 2 2 10 1 10 2 1 1 2 2 2 2 2 2 1 10 2 2 2 2 2 8 2 2 2 2 1 8 2 2 10 2 2 1 2 10 2 1 10 8 2
left_child=1 -1 -3 -4 -5 6 11 8 -8 -10 -11 12 15 14 -14 -2 -17 20 19 -19 21 -16 -23 -24 -25 26 -26 30 29 35 46 43 -33 34 -34 -29 44 38 -30 41 -41 -40 -43 -32 -37 -46 -7 48 49 -48 51 -50 -53 -49 55 56 57 -55 59 -56 61 -60
right_child=5 2 3 4 -6 27 7 -9 9 10 -12 -13 13 -15 17 16 -18 18 -20 -21 -22 22 23 24 25 -27 -28 28 37 -31 31 32 33 -35 -36 36 -38 -39 39 40 -42 42 -44 -45 45 -47 47 53 50 -51 -52 52 -54 54 58 -57 -58 -59 60 -61 -62 -63
leaf_value=0.002406353964538185 0.0011423536315217757 -0.0049321153524878245 0.0010413563698629263 0.00048265524368643769 -0.0067268993693050672 0.0022013350782376074 0.0011758886060762568 0.00019373894104624662 -0.00034003192537364487 -0.0015794048593115494 -0.0087937545908616747 -0.011396479509954927 0.0015477278754678437 -0.0014954972936518708 0.00062200368670232433 5.6344796973495663e-05 -0.0078706979211312453 -7.2916323025799378e-05 7.3838184402712521e-05 -0.0027261291096020083 0.00038358324815410919 0.0022871442990481778 -0.0041915618615472041 0.00094228923689110191 -0.0041080757733842387 -0.00062073169622317874 -0.0016441039307309342 0.00092098004873048889 -0.0015737656772018692 -0.000359515889810744 -0.0039395282514124389 0.00059038816907954351 -0.018402637598522936 -0.0021710786873594926 -0.0023257941266105644 -0.0011909792281348357 0.0036103877276824239 -0.00021842128674784837 0.00038714647365826495 0.0019666421222787754 -0.0094578362881886681 -0.0044473001778419369 -0.00063688043720540257 0.001405243942126702 -0.0037234652509571505 0.0015249481907659253 0.00074939925043487085 0.00056653506774512132 -0.0010698942791744904 -0.0053883384742020252 8.8121760598504852e-05 -0.0030088017906158082 -0.00060837953513624265 -0.00032589115641896526 0.00084734327860870563 0.00061586743336648948 0.00010333908817058545 -0.0057823789285863098 -0.00068683197559956841 -0.0060642087418569515 0.00039426378976936444 -0.0036684399857013607
leaf_weight=1806 2858 59 218 46 40 475 181 1498 614 160 52 60 619 46 272 223 51 44 75 44 1946 85 69 110 40 226 46 1149 44 1017 65 157 63 228 51 469 102 4178 349 45 64 41 83 370 42 291 62 5697 375 92 3348 45 40 48 78 1081 110 70 266 134 433 46
leaf_count=1806 2858 59 218 46 40 475 181 1498 614 160 52 60 619 46 272 223 51 44 75 44 1946 85 69 110 40 226 46 1149 44 1017 65 157 63 228 51 469 102 4178 349 45 64 41 83 370 42 291 62 5697 375 92 3348 45 40 48 78 1081 110 70 266 134 433 46
internal_value=0.000366395 0.00147235 -0.00119505 0.000229508 -0.00482759 0.000287769 0.000722937 -0.000149641 -0.00148821 -0.00220073 -0.00511737 0.00104475 0.00109845 0.00056859 0.000707297 0.00171082 -0.00156364 0.000247642 -0.00356707 -0.00741573 0.000472272 -0.00101296 -0.00254766 -0.00375 -0.00257683 -0.00399381 -0.00885057 9.61404e-05 -0.000320862 0.000454398 0.000342451 -0.00126203 -0.00281 -0.0044898 -0.00895652 0.00110273 -0.000142076 -0.000816199 -0.00266348 -0.0019554 -0.00640909 -0.000917721 -0.00464 0.000516055 -0.000734745 0.00124252 0.000463672 0.000379423 -0.000261767 -0.00503226 -6.82592e-05 -0.00249458 -0.00784884 0.000697893 -0.000229378 0.000753788 -0.00266376 -0.00638655 -0.00156508 -0.00466368 -0.000628307 -0.00300319
internal_weight=32696 2169 363 304 86 30527 9319 2505 1007 826 212 6814 6754 3622 3576 3132 274 2957 163 88 2794 848 576 491 422 312 86 21208 7874 3070 13334 934 499 342 114 2053 904 4804 626 582 109 473 124 435 802 333 12400 11925 3962 154 3808 460 85 7963 2266 1309 228 118 957 212 745 312
internal_count=32696 2169 363 304 86 30527 9319 2505 1007 826 212 6814 6754 3622 3576 3132 274 2957 163 88 2794 848 576 491 422 312 86 21208 7874 3070 13334 934 499 342 114 2053 904 4804 626 582 109 473 124 435 802 333 12400 11925 3962 154 3808 460 85 7963 2266 1309 228 118 957 212 745 312
cat_boundaries=0 1 2 3 4 5 6 7 8 9 10
cat_threshold=2 426 2304 1538 28 3364 3731 325 4493 144
is_linear=0
shrinkage=0.05


Tree=94
num_leaves=63
num_cat=9
split_feature=37 37 11 11 22 25 24 20 10 4 25 44 3 23 25 4 16 16 25 31 39 6 5 10 3 29 27 23 5 33 20 8 42 12 4 4 42 26 14 39 13 25 16 5 8 10 22 33 18 31 26 39 5 27 23 22 26 31 16 13 31 33
split_gain=0.987452 0.911518 4.26892 1.06069 1.84773 1.5272 1.12854 0.961423 0.945886 1.22453 1.38372 1.23503 1.99038 0.923561 0.871223 0.806254 0.803451 0.77892 0.777932 1.19509 1.32341 1.80459 5.64689 2.99661 2.23589 1.47952 1.7269 1.59787 1.48168 1.38888 2.07142 2.4374 1.36963 1.16699 1.14964 1.54347 1.64076 1.14528 0.987363 0.944016 1.10109 2.23211 1.27634 1.41923 1.20048 1.18178 1.5355 1.50026 1.14039 1.03721 1.5062 2.48811 2.91859 2.42088 1.12016 1.01541 0.945612 0.909637 1.36127 1.42804 1.35493 1.12684
threshold=45.500000000000007 40.500000000000007 77.500000000000014 81.500000000000014 0.11143602868861884 0 1 0.014470147990428684 0.024935001502225166 -0.12516314295400607 2 1.0000000180025095e-35 0.22314355131420929 -0.22314355131420974 3 0.15906469462968745 -0.061475702875641185 0.18232155679395454 4 355.85000000000008 5 8.7352958719511538 9.0350340613542457 -0.011939338877344328 -0.074361293621711053 1.0000000180025095e-35 36.500000000000007 0.35667494393873261 7.6367119568211752 27.407142857142862 0.055028322639201231 0.14302383032848118 0.95275297619047628 18.500000000000004 0.13928775791779915 -0.010363385768512588 0.85951206140350889 33.500000000000007 -0.0084541843797194521 6 0.62857189387781698 7 1.7064287660897779 9.0625041071526411 0.92565136585932606 -0.14997263116338241 -0.18922229481675593 28.421428571428574 -1.7798267516245729 5.6500000000000012 43.500000000000007 8 7.5090258942316686 45.500000000000007 -3.6154404259036665 -0.061858162041505162 15.500000000000002 14.950000000000005 0.55252577492258792 0.34384930321744817 1.9500000000000004 30.93571428571429
decision_type=10 10 2 2 10 1 1 10 2 2 1 2 2 10 1 2 2 2 1 2 1 2 2 2 2 2 2 10 2 2 10 10 2 2 2 2 2 2 2 1 2 1 2 2 10 2 8 2 8 2 2 1 2 2 8 8 2 2 2 2 2 2
left_child=1 3 -3 18 8 6 -6 16 14 -10 11 12 -11 -9 15 -5 -8 -18 19 20 34 23 -23 33 -24 26 -25 29 -28 -27 31 -31 -32 -22 35 -1 -37 38 -38 49 41 42 43 -41 -42 46 47 -43 -47 50 -20 52 -52 -54 -51 -56 -46 58 59 -50 -61 -59
right_child=-2 2 -4 4 5 -7 7 13 9 10 -12 -13 -14 -15 -16 -17 17 -19 39 -21 21 22 24 25 -26 27 28 -29 -30 30 32 -33 -34 -35 -36 36 37 -39 -40 40 44 45 -44 -45 56 48 -48 -49 57 54 51 -53 53 -55 55 -57 -58 61 -60 60 -62 -63
leaf_value=0.00031059150556069989 0.00072685173687718485 0.0011495332641485786 -0.0032670803285421769 0.0025104201916716384 3.7513483666568247e-05 0.00048178456660043028 -0.0031143534637719239 -0.0060946847264127871 -0.0048976114229403594 -0.00058163529210339046 0.0010569408371093538 0.00055951250703293101 -0.0026621314266236599 0.00011481155950146061 0.00088072548603794314 -0.0011930733692219464 -0.0079474615938415621 -0.0041076279040459544 0.00014587845686873905 0.0029868630923514826 0.0025537921935974948 -0.0095123161046108649 -0.0095722912271731294 0.00034520490366837569 0.0025598558399785448 -8.0804024124596937e-06 -0.0042812306599124541 0.0025265549637510511 -9.8141155355102915e-06 -0.0088985769633713758 0.00088572123915461084 -0.0067790195191173774 -0.0078174840082712461 -9.1032726784873676e-05 0.0014077002546934942 -0.0039521605756895417 -0.0013261161452522265 -0.004015146580236357 0.0020396176263735998 0.00087862939830496509 0.00023280777614691651 -0.0033795045931109082 -0.011841339712332167 -0.0078071397889352473 0.0036853578975789116 -0.0060375377626878121 0.0012016288774951988 -0.0010495328688296726 -0.0052260677412284354 -0.0049834341770512835 0.0058150810078353779 -8.0434620352642163e-05 -0.018204990230882276 -0.0038471187025474226 0.0010418726895243583 0.00021164634584557127 -0.018574546065489358 -0.00071443660812893983 0.00018816172525897617 9.9375495770073055e-05 -0.0032488164112265275 0.0016197070302096024
leaf_weight=733 635 75 40 1090 185 417 75 44 132 126 1370 129 44 76 1314 82 40 52 4038 219 400 51 53 245 127 61 68 59 58 47 46 91 40 910 433 52 76 99 142 1320 4985 50 49 42 47 87 348 146 102 59 42 722 58 66 3150 6046 66 671 84 148 209 152
leaf_count=733 635 75 40 1090 185 417 75 44 132 126 1370 129 44 76 1314 82 40 52 4038 219 400 51 53 245 127 61 68 59 58 47 46 91 40 910 433 52 76 99 142 1320 4985 50 49 42 47 87 348 146 102 59 42 722 58 66 3150 6046 66 671 84 148 209 152
internal_value=0.000368287 0.000329488 -0.00409483 0.00034558 0.00100058 -0.00107303 -0.00298137 -0.00491611 0.00143074 0.000557714 0.00092515 -0.0021129 -0.00497076 -0.00165289 0.00206273 0.00305156 -0.00752976 -0.0106452 0.000218556 -0.00042278 -0.000631593 -0.00139832 -0.0055819 -0.000925469 -0.00138122 -0.00352654 -0.00133064 -0.00588406 -0.00606299 -0.00743007 -0.00924444 -0.0130216 -0.00310345 0.000495805 0.000501294 -0.000353581 -0.00298649 -0.0016195 0.000410959 0.000331968 -8.45366e-05 -0.000780287 0.000741913 0.00103448 0.000380467 -0.0018501 0.000128441 -0.00340101 -0.00260316 0.000581666 -4.05908e-06 -0.00186727 -0.00717514 -0.01144 0.000894015 0.00093835 -0.00469298 -0.00224579 -0.00383272 -0.00490217 -0.00339385 -0.00119539
internal_weight=32623 31988 115 31873 5176 889 472 287 4287 1801 1669 299 170 120 2486 1172 167 92 26697 4010 3791 2256 231 2025 180 715 371 344 126 285 224 138 86 1310 1535 1102 369 317 218 22687 8506 3408 1411 1362 5098 1997 544 196 1453 14181 4926 888 166 124 9255 9196 113 1366 543 459 357 823
internal_count=32623 31988 115 31873 5176 889 472 287 4287 1801 1669 299 170 120 2486 1172 167 92 26697 4010 3791 2256 231 2025 180 715 371 344 126 285 224 138 86 1310 1535 1102 369 317 218 22687 8506 3408 1411 1362 5098 1997 544 196 1453 14181 4926 888 166 124 9255 9196 113 1366 543 459 357 823
cat_boundaries=0 1 2 3 4 5 6 7 8 9
cat_threshold=853 6 69 742 130 750 7191 2085 1024
is_linear=0
shrinkage=0.05


Tree=95
num_leaves=63
num_cat=2
split_feature=2 3 9 2 5 33 11 20 4 14 14 10 12 4 38 7 25 36 17 33 26 4 30 20 19 22 13 41 26 9 7 13 42 10 44 6 31 42 19 19 3 33 11 2 14 27 27 42 22 44 2 19 4 7 33 33 20 4 33 22 7 30
split_gain=0.942875 0.865065 0.740934 1.06687 0.879906 1.35067 0.86195 1.12824 1.25294 1.21297 1.09454 1.60425 1.27694 0.950276 0.841633 1.13963 0.929138 1.50792 1.29091 1.06892 1.36311 1.76815 1.74469 2.13873 1.80104 2.06006 1.31261 1.27267 1.2352 2.33566 2.30754 1.09201 1.19671 1.08619 1.16784 1.03646 0.991281 1.07903 1.0901 1.37399 0.96436 0.912517 1.29954 0.894025 0.884287 1.38961 1.48129 1.34836 1.6798 1.30527 1.24269 2.61998 1.14861 1.06669 1.04363 1.54339 1.29243 0.989663 0.953027 2.68924 0.876922 0.882391
threshold=-0.68276550082982934 -0.58961727272238951 0.091964498946047565 1.0000000180025095e-35 8.5476860017021625 33.707142857142863 5.5000000000000009 -0.0062204572302140887 0.10188296135499898 -0.48139977505668335 0.26477650318631213 0.12442773480974668 75.500000000000014 0.057929324989110416 0 6.7971779464679516 1 0.48946375658529101 0.87708329462884194 30.792857142857141 20.500000000000004 0.014331294759023729 1.0000000180025095e-35 -0.046191814056790244 -0.079952886901847306 -0.36206010293046398 0.6742179863147606 32.843491794001139 25.500000000000004 0.19825592937248657 7.8622803617946486 0.38095333333333342 0.90754985754985762 0.028266200946848844 0.18333333333333338 9.0460757767044075 85.300000000000026 0.88975694444444453 -0.06225252094215266 -0.027832416151994579 -0.03267835709738786 29.807142857142864 16.500000000000004 0.80188677027751398 0.31331070092623708 19.500000000000004 13.500000000000002 0.96899038461538478 0.032363446810613268 1.0000000180025095e-35 0.078204676476294935 -0.056029072194392356 -0.51082562376598994 7.7154863498428812 29.721428571428579 30.335714285714285 -0.018403330321166967 0.18232163679396154 26.521428571428576 0.064538911762418646 6.7641000576112846 39.650000000000006
decision_type=2 2 8 2 2 2 2 10 2 2 2 2 2 2 1 2 1 2 2 2 2 2 2 10 2 10 2 2 2 10 2 2 2 2 2 2 2 2 2 2 2 2 2 2 2 2 2 2 10 2 2 2 2 2 2 2 10 2 2 8 2 2
left_child=1 -1 3 -2 6 -6 -5 -8 13 -10 11 12 -11 -9 15 -4 18 44 19 27 21 -21 -23 -24 -25 -26 -27 28 29 30 -16 32 -29 -33 36 -22 40 -38 -39 -40 -35 42 -31 -17 45 46 54 48 50 -50 52 -52 -48 -49 58 56 -56 -53 59 -18 -20 -62
right_child=2 -3 14 4 5 -7 7 8 9 10 -12 -13 -14 -15 16 43 17 -19 60 20 35 22 23 24 25 26 -28 31 -30 41 -32 33 -34 34 -36 -37 37 38 39 -41 -42 -43 -44 -45 -46 -47 47 53 49 -51 51 57 -54 -55 55 -57 -58 -59 -60 -61 61 -63
leaf_value=0.0050765992717371955 0.00047763548954995105 0.00012087735490494559 0.0023298498305555841 0.00047869448427807965 0.0014786864969388279 -0.0018669331526187942 0.00020225851660644542 -0.00012110289798663902 0.00057318266839318009 -0.00069160099106422158 -0.00013228396127492622 -0.0035784091922483083 -0.0014614680365344231 0.00069499968355261508 -0.020079154094980147 0.00021612780077194006 -0.0058705798475838225 -0.0024499625092397402 -0.0028535207311915708 0.0010959104096117534 0.001818506926698266 0.0011686541780192414 0.0013271242970865761 0.00047776742565093115 -0.0020428804699447268 -0.0062670521529409441 -0.011951814552225241 0.00034101787976716785 0.00077690378785344428 -0.0044034585030626383 -0.0013336196608129919 0.00031470756854100839 -0.0045089394349499415 -0.0040156564812329548 -0.0066569533738664744 -0.0034331171493478876 0.0031874472501084959 0.00046336080250913901 -0.0055005399800080179 -0.0030653126014431502 0.00099865221803416455 0.0066464066244798174 0.0059853783385485203 -0.014936774697444772 0.00020263703604421064 3.6687848852615168e-05 -0.0063978842710122885 0.0032606927682908397 -0.0013001849287937062 -0.012354958759445226 0.00018799220426203816 -0.0078368636346043494 5.4882506060074075e-05 -0.0022873716518309428 -0.0052562811014594301 -0.00047887081574651721 -0.00041160125163922459 -0.0040712607265837438 0.0010028421024059527 0.00047693047415394389 -2.6220956984598421e-05 -0.0057669354777875846
leaf_weight=272 3434 192 323 473 245 51 767 548 46 89 70 47 43 107 44 7005 42 72 65 546 2112 232 79 57 69 41 60 54 2111 40 94 835 52 45 63 74 60 94 42 234 284 98 44 49 2733 4845 48 110 59 46 55 40 259 92 79 1263 76 41 902 145 432 102
leaf_count=272 3434 192 323 473 245 51 767 548 46 89 70 47 43 107 44 7005 42 72 65 546 2112 232 79 57 69 41 60 54 2111 40 94 835 52 45 63 74 60 94 42 234 284 98 44 49 2733 4845 48 110 59 46 55 40 259 92 79 1263 76 41 902 145 432 102
internal_value=0.000388152 0.00262366 0.000355926 0.000861341 7.23765e-05 0.00262626 -0.000273847 -0.000794528 -0.00194532 -0.00464527 -0.00602 -0.00808333 -0.00518797 -0.000724085 0.000242334 0.000695046 6.58555e-05 -0.000234933 0.000472505 0.000652378 0.00132987 -0.000119815 -0.00215213 -0.00462541 -0.00708333 -0.00964912 -0.0141667 0.000123957 0.000865543 -0.00202492 -0.00690647 -0.000898526 -0.00579439 -0.000582026 -0.0018712 0.00204847 -0.00132237 -0.00290023 -0.00390836 -0.00548736 0.000742424 0.00169399 -0.00211765 0.000562722 -0.000186877 -0.000449216 -0.0012477 -0.00319574 -0.00448087 -0.0101415 -0.00311937 -0.00708029 -0.0013474 0.000295567 -0.000663875 -0.00155743 -0.00625 -0.0127439 0.0005 -0.00273936 -0.00175833 -0.00108411
internal_weight=32731 464 32267 5920 2486 296 2190 1717 950 295 249 179 132 655 26347 7377 18970 10907 8063 7464 3270 1084 538 306 227 170 101 4194 2431 320 138 1763 106 1657 822 2186 759 430 370 276 329 182 84 7054 10835 8102 3257 750 548 105 443 136 307 202 2507 1418 155 81 1089 187 599 534
internal_count=32731 464 32267 5920 2486 296 2190 1717 950 295 249 179 132 655 26347 7377 18970 10907 8063 7464 3270 1084 538 306 227 170 101 4194 2431 320 138 1763 106 1657 822 2186 759 430 370 276 329 182 84 7054 10835 8102 3257 750 548 105 443 136 307 202 2507 1418 155 81 1089 187 599 534
cat_boundaries=0 1 2
cat_threshold=2 3632
is_linear=0
shrinkage=0.05


Tree=96
num_leaves=63
num_cat=5
split_feature=1 25 35 12 14 5 7 21 12 6 27 42 42 35 31 39 31 7 20 22 39 5 30 20 12 13 0 22 20 0 22 13 21 31 8 8 39 30 7 0 4 15 7 3 10 39 14 14 27 30 14 6 21 15 31 1 27 8 40 40 13 8
split_gain=0.838831 0.894804 1.48479 1.26381 1.30166 1.28675 2.13773 1.55475 1.3522 1.23837 1.26995 1.58117 3.33351 1.38182 1.21424 1.19461 1.31292 1.10304 1.18653 1.48392 1.31503 1.68923 1.61881 2.83215 1.40335 1.37811 1.34528 1.34984 1.12072 1.73519 2.29906 1.11617 1.07224 1.06591 0.983471 0.975861 0.964815 1.67852 2.14558 0.960276 1.41893 1.40778 1.00479 0.955526 0.94022 0.935677 1.34892 0.924319 0.923082 0.920403 0.901665 0.901038 1.51135 1.13579 1.02333 1.1423 1.01066 0.881895 1.23091 0.867382 0.865147 0.861038
threshold=-0.35647490392806208 0 1.1539452304982694 84.500000000000014 0.29725152346793166 8.402747906361995 8.3296084919266438 4165.5000000000009 72.500000000000014 7.7432745251104222 35.500000000000007 0.98373876255949244 0.98130677847658998 1.193063900055533e-08 5.0500000000000016 1 280.60000000000008 6.936224538603958 0.053021035349686656 0.60171473684794485 2 7.5260958950865016 0.75000000000000011 -0.078094184253739721 53.500000000000007 0.57142872448968673 -0.054021785363873136 0.050391923457482585 0.001822333241062587 0.071458963982145032 0.15415111938750475 0.22222111111111112 1423.5100000000002 14.950000000000005 0.341031532175531 0.61603974764997138 3 54.050000000000004 7.8823337570392544 0.12634908812172488 0.090973408637851097 -0.58778666490211906 8.7616068169315753 0.36978239744200542 -0.58862684762583262 4 0.60621142937398431 1.3751910830770326 30.500000000000004 6.0500000000000007 0.020619287202735984 7.7762539090989078 1500.8350000000003 -0.23778263213955061 0.8500000000000002 -0.11858273856620148 15.500000000000002 0.029464010754302754 3.5000000000000004 3.5000000000000004 0.73684507618263795 0.16970341200836528
decision_type=2 1 2 2 2 2 2 10 2 2 2 2 2 2 2 1 2 2 10 10 1 2 2 10 2 2 2 10 10 2 10 2 10 2 8 8 1 2 2 2 2 2 2 2 2 1 2 2 2 2 2 2 8 2 2 2 2 8 2 2 2 8
left_child=-1 2 9 4 5 6 17 8 -8 10 15 12 32 33 -9 16 -2 31 19 20 21 22 23 -19 25 -25 34 -28 -29 48 -31 -3 61 50 51 44 37 49 -39 57 41 -41 -43 60 -17 -45 -47 -48 -30 -11 -13 52 -22 56 55 -55 -54 58 -7 -50 -6 -12
right_child=1 3 -4 -5 43 39 7 14 -10 36 11 13 -14 -15 -16 35 -18 18 -20 -21 26 -23 -24 24 -26 -27 27 28 29 30 -32 -33 -34 -35 -36 -37 -38 38 -40 40 -42 42 -44 45 -46 46 47 -49 59 -51 -52 -53 53 54 -56 -57 -58 -59 -60 -61 -62 -63
leaf_value=0.0012153477742579354 0.00042047665725533125 -0.0048350689659308471 -0.0024544527941949036 0.00041201227220924577 0.00070986415192095861 0.00018858914820493072 0.00074051393279457361 -0.0018440206773226596 -0.0029518651889249297 -0.0015537218177646413 -4.2731393581165761e-05 -0.0011671525278350728 -0.014539704266080528 -0.00078070150858752438 -0.009191486123854866 -0.0027119286740736543 -0.0025351804153240986 0.0013439638815810979 0.00025422656142529571 -0.0054649866349970868 0.0012108834300457378 -0.0085541863628793065 0.00019973888590085187 -0.0046251701140739452 -0.00073733520701878925 -0.012720635015281376 -0.00018135167797180593 -0.000324588185037208 0.00024316584481968019 -0.00436943886383339 -0.0030446435823821157 0.00047440070371353079 0.0013953928453916682 0.0023177279803504505 -0.002644967253543482 -0.0032105010874771177 0.00013704632007521925 -0.00055126500520986444 -0.010350660890895036 0.0029655633378692738 0.00095802851179310137 -0.00036707886247654549 -0.0052301059775873501 0.00051807685219674678 0.0029241127738713836 -0.008636947450440453 0.0015454107671846453 -0.0018532933147420349 -0.00015552336635847754 0.0012886466995436904 0.0026427049605990036 0.001218041785100343 -0.00080184497577526898 -0.00083095284039745902 -0.00086406094471928917 -0.0017687099859412675 0.0018420956749274223 0.00048048936666946298 -0.0036500621287308154 -0.0032423310041264906 0.00010260633330797366 -0.0021359733296407407
leaf_weight=2056 1400 40 50 2402 1852 43 162 60 59 120 723 180 40 55 56 41 42 94 1501 88 293 41 239 44 53 43 2728 628 130 44 110 1431 578 742 83 65 6115 53 49 42 252 51 63 101 2028 62 75 47 54 191 154 523 53 48 218 49 128 1916 50 67 1596 371
leaf_count=2056 1400 40 50 2402 1852 43 162 60 59 120 723 180 40 55 56 41 42 94 1501 88 293 41 239 44 53 43 2728 628 130 44 110 1431 578 742 83 65 6115 53 49 42 252 51 63 101 2028 62 75 47 54 191 154 523 53 48 218 49 128 1916 50 67 1596 371
internal_value=0.000422673 0.000356991 0.00067151 0.000124504 -4.36981e-05 -0.000307357 -0.000580613 -0.00448225 -0.0020045 0.000705515 0.0011986 0.000409634 -0.000548745 0.00185954 -0.0091453 0.00182555 0.000695114 -0.000429504 -0.000682507 -0.00100886 -0.000908129 -0.00329524 -0.0025 -0.00544681 -0.00992908 -0.0138068 -0.000661893 -0.00115497 -0.00269342 -0.00474138 -0.00890323 0.000818614 -0.000203228 0.00225627 0.000662608 0.00257343 0.000220555 -0.00208726 -0.0076699 0.000717535 -0.00149144 -0.00522293 -0.00808696 0.000767274 0.00277536 -0.00201049 -0.004 -0.00113821 -0.0021627 -0.000304487 -8.95521e-05 0.000997715 -6.96201e-05 -0.0017505 -0.00356013 -0.00780612 0.0014011 0.00116667 -0.00356383 -0.00528688 0.000997391 -0.00112329
internal_weight=32672 30616 12997 17619 15217 11484 9067 337 221 12947 6419 2843 1712 1131 116 3576 1442 8730 7259 5758 5670 514 473 234 140 87 5156 3761 1033 405 154 1471 1672 1076 1395 2134 6528 413 102 2417 408 156 114 3733 2069 285 184 122 251 311 334 1312 789 496 315 97 181 2009 93 121 3448 1094
internal_count=32672 30616 12997 17619 15217 11484 9067 337 221 12947 6419 2843 1712 1131 116 3576 1442 8730 7259 5758 5670 514 473 234 140 87 5156 3761 1033 405 154 1471 1672 1076 1395 2134 6528 413 102 2417 408 156 114 3733 2069 285 184 122 251 311 334 1312 789 496 315 97 181 2009 93 121 3448 1094
cat_boundaries=0 1 2 3 4 5
cat_threshold=2864 277 256 2432 6280
is_linear=0
shrinkage=0.05


Tree=97
num_leaves=63
num_cat=1
split_feature=37 2 8 20 20 40 31 1 31 33 29 14 40 1 14 8 14 33 18 18 11 31 4 31 7 30 8 40 20 21 14 42 22 44 22 22 40 21 30 31 11 2 31 10 31 31 36 27 37 33 31 0 16 8 42 10 8 10 9 25 43 1
split_gain=1.04412 0.867349 0.695164 0.738445 2.67028 0.837048 0.685821 0.682414 0.705608 0.636388 1.00138 0.883264 1.06703 1.76303 1.20944 0.994488 1.28481 0.90852 1.1027 1.45789 0.839942 0.838108 1.28161 1.4282 1.26812 1.48494 1.622 1.28718 1.10354 1.39995 1.20828 1.51989 1.04922 1.02187 0.988167 0.958882 1.23795 2.48263 1.87616 1.14991 1.11432 0.987443 0.81301 1.42511 1.00653 0.779261 0.772374 0.756777 1.61527 1.01687 1.28131 1.22897 1.13378 1.10576 1.09451 1.67576 2.51137 1.05487 0.989997 0.954032 1.09296 1.09292
threshold=60.500000000000007 -0.63174707572922484 0.016376077632875127 0.004299672513031305 0.0089539583338877106 1.5000000000000002 304.50000000000006 -0.060623408581184972 21.050000000000001 26.87857142857143 1.0000000180025095e-35 0.014633747355627504 2.5000000000000004 0.25782910930209951 -0.049161466384208145 0.31648591350419741 -0.023419831858425774 26.63571428571429 -0.54904179363459116 0.40808441569059445 79.500000000000014 208.75000000000003 0.11544374447514684 327.60000000000008 8.9470285191871586 12.250000000000002 0.040831973278556095 1.5000000000000002 -0.042652850281343586 7137.5000000000009 0.033759913975806917 0.932768361581921 0.24855575038826117 0.31666666666666671 -0.60578870185557754 1.0000000180025095e-35 3.5000000000000004 4317.2650000000012 18.350000000000005 289.85000000000002 39.500000000000007 -0.33647180804981497 268.55000000000007 0.1167561295602746 251.80000000000004 234.20000000000002 0.092318585144358964 57.500000000000007 9.5000000000000018 29.807142857142864 20.250000000000004 0.018208729414014971 1.7064287660897779 0.036374228609147609 0.86319073083778985 0.026616352151115578 0.12394656435852999 -0.18306723743908379 0.071045009948207269 0 1.0000000180025095e-35 0.057415010953145725
decision_type=10 2 8 10 10 2 2 2 2 2 2 2 2 2 2 8 2 2 8 10 2 2 2 2 2 2 8 2 10 10 2 2 8 2 8 10 2 10 2 2 2 2 2 2 2 2 2 2 8 2 2 2 2 8 2 2 10 2 10 1 2 2
left_child=1 7 3 6 -5 -6 -3 -1 -9 10 11 12 15 14 20 -4 -17 18 -16 -20 -14 47 23 33 25 27 -27 32 30 42 31 -28 -24 34 -23 36 37 38 40 41 -36 -40 43 44 -30 -42 -38 59 -49 51 58 52 53 -50 55 56 -52 -53 -51 61 -61 -11
right_child=-2 2 9 4 5 -7 -8 8 -10 21 -12 -13 13 -15 17 16 -18 -19 19 -21 -22 22 24 -25 -26 26 28 -29 29 -31 -32 -33 -34 -35 35 -37 46 -39 39 -41 45 -43 -44 -45 -46 -47 -48 48 49 50 54 57 -54 -55 -56 -57 -58 -59 -60 60 -62 -63
leaf_value=0.0033379521223263183 0.0012398952787361795 0.0029908724291554979 0.001366524322298994 -0.0021492115678527607 -0.0015852366223975346 0.0018943447128087262 -0.00085470063156912676 -0.0014749534464723881 0.0039130224730208546 0.00097025272211520249 0.0013199444433504637 0.00078356566422177519 0.00022083622185919564 -0.0072715392775836085 0.0014196511415370042 0.0023658475311998284 -0.0054015307258046897 0.00087725560616153195 -0.0066786395240263866 -0.00018716362415003017 -0.0025354276282380916 0.0044398092740088818 -0.0029707818286996701 0.002831113624804264 0.0026150138294458057 -0.00093332715381486619 -0.0053139312188631577 0.0012751717558424241 -0.0031179416922313009 -0.001846919716321521 0.00027368524329032882 -0.00046064827915929141 -0.010192935072947731 -0.002527937832863628 0.00021414574439358486 0.00053890120630243385 0.00074829664833328893 -0.0034172136563097549 -0.0033339455837484754 -0.0035569245670073642 -0.00728060950030332 0.00197295653565108 0.00072026828098015953 0.00036188132486026888 -0.0031677933606508732 -0.001758419295466297 -0.0014065945629887198 -0.00466370510383784 -0.0021403609785571624 0.00227870352837037 -0.0068218150902183824 -0.0047745027685522738 -0.002184474525550532 0.00015204100278351889 0.0013616702387136534 0.0020507086892357228 0.00083363905593983399 -0.00080486439818705123 -0.00021511910213363396 9.2999327757388418e-05 -0.013960032529045522 0.0001025353910698211
leaf_weight=507 336 612 690 50 45 145 40 52 48 3372 947 928 398 46 47 54 59 49 57 67 52 130 107 364 190 44 87 44 132 70 76 67 49 54 49 552 553 93 64 112 40 348 406 345 42 57 41 49 50 131 40 82 42 1208 1122 82 49 796 1693 12477 49 2267
leaf_count=507 336 612 690 50 45 145 40 52 48 3372 947 928 398 46 47 54 59 49 57 67 52 130 107 364 190 44 87 44 132 70 76 67 49 54 49 552 553 93 64 112 40 348 406 345 42 57 41 49 50 131 40 82 42 1208 1122 82 49 796 1693 12477 49 2267
internal_value=0.000435855 0.000407147 0.000371491 0.00174692 -0.000622406 0.00209424 0.00261868 0.00227796 -0.00148515 0.000331883 0.000977909 0.000443219 -0.000299342 -0.00170153 -0.00104322 0.000951493 -0.00337719 -0.0040724 -0.00578488 -0.00824 0.000443459 0.00025248 -0.000405635 0.000319366 -0.00147892 -0.00197619 -0.00134252 -0.00597015 -0.000999184 -0.000276104 -0.00411255 -0.00664516 -0.00808917 -0.000183858 -2.45079e-06 -0.000290576 -0.00100515 -0.00233639 -0.00126677 0.000133334 -0.0062585 0.00135593 0.000242981 -0.00106731 -0.00474286 -0.00933673 0.000705883 0.000367716 -0.000155285 -7.0808e-05 0.000508339 -0.000899495 7.68641e-05 0.000349484 0.00171175 -0.00200581 -0.00672222 -0.00234357 -0.000345205 0.000521579 0.000277579 0.00106106
internal_weight=32854 32518 31911 892 240 190 652 607 100 31019 3394 2447 1519 716 670 803 113 220 171 124 450 27625 4116 2457 1659 1469 1269 200 1225 995 230 154 156 2093 2039 1909 1357 763 670 524 146 412 925 519 174 97 594 23509 5344 5295 3117 2178 1300 1258 1293 171 89 878 1824 18165 12526 5639
internal_count=32854 32518 31911 892 240 190 652 607 100 31019 3394 2447 1519 716 670 803 113 220 171 124 450 27625 4116 2457 1659 1469 1269 200 1225 995 230 154 156 2093 2039 1909 1357 763 670 524 146 412 925 519 174 97 594 23509 5344 5295 3117 2178 1300 1258 1293 171 89 878 1824 18165 12526 5639
cat_boundaries=0 1
cat_threshold=624
is_linear=0
shrinkage=0.05


Tree=98
num_leaves=63
num_cat=4
split_feature=31 39 6 26 8 22 42 8 12 12 14 2 18 7 30 20 13 39 30 6 38 20 2 19 23 11 4 20 4 23 4 0 12 12 41 11 11 31 0 25 7 36 2 23 30 31 7 6 15 11 11 22 7 41 4 2 16 20 7 1 0 20
split_gain=0.703831 2.41487 1.82706 1.26833 0.977941 1.31078 1.36981 2.16151 1.8715 1.33705 1.08129 1.42242 1.02437 1.33721 0.892245 1.24152 0.939547 0.885007 1.17606 1.24225 1.36636 1.28673 1.18855 0.950902 0.946351 0.878756 1.98998 1.5619 0.83269 0.855722 1.04799 1.09895 0.788096 0.827794 1.04164 1.69658 1.36941 0.885796 1.80463 0.873367 1.53614 1.13468 1.33875 2.26625 1.14855 2.81074 2.71901 2.55383 1.63414 1.08467 1.05967 1.25533 1.59214 1.36014 1.25255 1.13622 1.01271 1.0019 0.901666 1.15314 0.897266 0.80489
threshold=0.55000000000000016 0 9.3048588514174586 7.5000000000000009 0.20969701554588507 0.050391923457482585 0.9842509920634922 0.099431204710044227 27.500000000000004 62.500000000000007 0.052680257828913175 0.0039610434056562846 0.53214627404338177 7.3132974622550506 0.15000000000000005 -0.057215995730029945 0.39215784313725494 1 81.200000000000031 7.1894531133543973 2 -0.032148843087187275 -0.030526133893016279 -5.5130172099888056e-17 3.2096386233855871 81.500000000000014 -0.14167928007670968 0.02471324898716595 -0.20066978637041541 -0.16663935720747244 0.40546510810816511 0.068993726079154008 79.500000000000014 73.500000000000014 14.854248623131395 35.500000000000007 27.500000000000004 146.85000000000005 0.0089741620721666155 3 7.6899272846229403 0.066858494993362674 -0.054798195356218209 0.47009003299834223 25.150000000000002 210.85000000000005 8.3071297203521315 8.1278186157914334 -0.18428733787836934 27.500000000000004 81.500000000000014 0.0066432182136029767 7.8172857573495884 5.6401639344262309 -0.050645031521740595 -1.0000000180025095e-35 0.058374985773246298 0.000463318976402246 8.1188061827027092 0.093280477237074791 0.13155449130998556 -0.021896336005449199
decision_type=2 1 2 2 10 8 2 10 2 2 2 2 10 2 2 10 2 1 2 2 1 10 2 2 10 2 2 10 2 10 2 2 2 2 2 2 2 2 2 1 2 2 2 10 2 2 2 2 2 2 2 8 2 2 2 2 2 10 2 2 2 10
left_child=1 2 3 -1 5 25 9 8 -8 -7 11 -11 13 -9 -3 -16 -17 24 -19 -20 -21 22 23 -22 32 -5 -27 -28 -6 30 31 -30 33 39 35 36 37 38 -35 40 -2 44 -43 49 45 -41 47 48 -47 -44 51 52 -42 -54 56 -56 -55 -51 -53 61 -61 -60
right_child=17 14 -4 4 28 6 7 12 -10 10 -12 -13 -14 -15 15 16 -18 18 19 20 21 -23 -24 -25 -26 26 27 -29 29 -31 -32 -33 -34 34 -36 -37 -38 -39 -40 41 50 42 43 -45 -46 46 -48 -49 -50 57 -52 58 53 54 55 -57 -58 -59 59 60 -62 -63
leaf_value=0.00048081079906338477 0.00069503915248764051 0.00066751748510129579 -0.0078465649747462615 3.8330823854805259e-05 0.0010145079008825398 0.0002107906026976492 -0.001502409211397926 6.186499914489093e-05 -0.0051923939887285756 -0.002446696527226773 0.0009592680194074329 -0.0054429172324820295 0.0001594930112239067 -0.0040302633361892597 -0.0057750641452595924 -0.002749978887571454 0.00073643324560963754 0.00013164513117258059 0.00079052976046850533 -4.1009787835634106e-05 -0.0034147173635350955 -0.0011468043574414766 -0.0044233332533898861 0.0026972045272825071 -0.0012379190423155312 0.0028354226253437293 -0.0052819567324282491 -0.0010998614074893061 -0.0048465988498089477 0.00038319333445941583 0.004994763513923077 -0.0078167967871319854 0.0010436034351134942 -0.00043257922046399016 0.00030069690534551848 0.00029134273051922925 -0.005751294302045986 0.00016470250567056862 -0.013604158378674999 0.00056584125052055014 -0.0051194349048704251 0.00084915533301506906 0.00061711497968867197 -0.0033164200752011648 0.0018894284060105822 -0.0055418345506481215 0.0027777035896729605 -0.0072303597432159909 -0.00041668577283221074 -0.00021054394671189436 0.0023679045472827752 0.00052192916068578702 0.0003397458427644418 -0.010355448105251104 0.00070610754449245241 -0.0011306341910655993 -0.0019255354010551341 -0.0017057682891738397 -0.0013345961330070585 -0.001083376465279198 -0.0044534778114406091 0.00051694323537311549
leaf_weight=549 678 2733 102 556 367 232 62 40 46 60 47 44 79 45 50 41 198 14084 296 511 46 255 99 41 43 87 71 45 105 222 48 72 2315 86 428 212 40 101 43 3958 60 99 75 40 1927 59 99 40 107 60 135 171 155 44 63 47 47 40 77 57 45 159
leaf_count=549 678 2733 102 556 367 232 62 40 46 60 47 44 79 45 50 41 198 14084 296 511 46 255 99 41 43 87 71 45 105 222 48 72 2315 86 428 212 40 101 43 3958 60 99 75 40 1927 59 99 40 107 60 135 171 155 44 63 47 47 40 77 57 45 159
internal_value=0.000402059 -9.23414e-05 -0.0011263 -0.000887329 -0.00141768 -0.00221201 -0.00384909 -0.00655678 -0.0120183 -0.00191406 -0.00555921 -0.00838095 -0.00290909 -0.00668605 0.000893505 -0.00174138 -0.000229166 0.000510748 0.000261357 -0.00120897 -0.00208814 -0.00408186 -0.0073262 -0.00301136 0.000841941 -0.000796052 -0.00360294 -0.00786325 -3.68096e-05 -0.00148437 -0.00365044 -0.00542135 0.000870684 0.000662078 -0.000768386 -0.00236025 -0.00498155 -0.0034632 -0.00619231 0.00082009 -0.000177244 0.00108519 -0.00184127 -0.00405093 0.00123566 0.000777439 -0.00383987 -0.00710145 -0.00431138 -0.0015625 -0.00136664 -0.00197084 -0.0040048 -0.00271709 -0.00542079 -0.0018018 -0.00972826 -0.00495049 -0.000303921 -0.00179941 -0.00621359 0.000126582
internal_weight=32743 5901 2879 2777 2228 1414 655 272 108 383 151 104 164 85 3022 289 239 26842 15332 1248 952 441 186 87 11510 759 203 116 814 447 225 177 11467 9152 910 482 270 230 129 8242 1738 6504 314 215 6190 4263 305 206 166 175 1060 925 416 356 201 110 91 100 509 338 102 236
internal_count=32743 5901 2879 2777 2228 1414 655 272 108 383 151 104 164 85 3022 289 239 26842 15332 1248 952 441 186 87 11510 759 203 116 814 447 225 177 11467 9152 910 482 270 230 129 8242 1738 6504 314 215 6190 4263 305 206 166 175 1060 925 416 356 201 110 91 100 509 338 102 236
cat_boundaries=0 1 2 3 4
cat_threshold=5379 5219 3 33
is_linear=0
shrinkage=0.05


Tree=99
num_leaves=63
num_cat=12
split_feature=6 18 1 17 3 23 14 22 25 19 16 4 4 5 25 22 6 1 21 41 25 39 25 8 40 1 38 7 7 33 41 25 14 3 4 39 5 4 31 33 39 26 12 31 5 25 29 10 41 19 20 5 4 41 26 42 44 7 24 38 1 26
split_gain=0.833135 1.05728 1.58397 1.28119 1.08753 3.04654 1.08541 0.925027 0.881018 1.01416 0.860753 0.901816 0.794326 0.770311 0.889828 1.00182 0.756034 1.26023 0.992404 0.70726 1.39211 0.706416 1.00925 0.724461 0.705572 0.701572 0.859825 1.09801 1.47549 1.67187 1.56435 1.52473 1.15182 1.58348 1.47362 1.12548 1.11293 1.19 1.02247 1.38382 2.38555 1.37137 1.71648 1.25884 1.17838 1.57101 1.58696 1.06208 1.32713 0.901655 0.894846 0.886916 1.42271 1.33711 1.28231 1.27505 1.68264 0.849658 0.876407 2.54972 1.67125 1.71868
threshold=6.6978340512575008 -0.61060820010355077 -0.27193309048403197 0.53384864677462329 0.11170435321649831 0.2876820724517809 0.52298427759134414 -0.76186219708003511 0 -0.074265769345708374 -2.2994502864872475 0.95847676107126401 -0.22580693469106936 9.4250847755449225 1 -0.051556594904791427 9.348412297989789 -0.026317308317373552 9912.5000000000018 1.4573849878934626 2 3 4 0.22715045546670451 4.5000000000000009 -0.32922611711427935 5 8.552976757690816 8.5782887295868431 39.164285714285718 42.093333333333341 6 0.74178346306316312 0.22647135260434273 0.15906469462968745 7 8.875744558371073 -1.0000000180025095e-35 14.35 29.464285714285719 8 45.500000000000007 40.500000000000007 12.850000000000001 8.135016225404728 9 1.0000000180025095e-35 -0.11853143967685707 277.96208355367537 -0.002010594815125544 -0.013247487541925103 6.8296662200178941 -0.017347208139102396 3185.607731694829 10.500000000000002 0.9842509920634922 1.0000000180025095e-35 7.0233780866731097 10 11 0.082887943896595498 38.500000000000007
decision_type=2 10 2 2 2 8 2 8 1 2 2 2 2 2 1 10 2 2 10 2 1 1 1 8 2 2 1 2 2 2 2 1 2 2 2 1 2 2 2 2 1 2 2 2 2 1 2 2 2 2 10 2 2 2 2 2 2 2 1 1 2 2
left_child=1 2 -1 -3 6 -6 -5 21 9 -4 -9 13 -8 16 15 -15 19 -18 -19 20 24 22 -2 -24 -12 -21 27 35 30 31 -29 32 33 34 36 -27 -30 -38 39 40 41 47 -43 -41 -40 46 49 -37 -49 -46 -48 52 53 -28 -54 56 -56 -53 59 -59 -61 -62
right_child=7 3 8 4 5 -7 12 10 -10 -11 11 -13 -14 14 -16 -17 17 18 -20 25 -22 -23 23 -25 -26 26 51 28 29 -31 -32 -33 -34 -35 -36 38 37 -39 44 43 -42 42 -44 -45 45 -47 50 48 -50 -51 -52 57 54 -55 55 -57 -58 58 -60 60 61 -63
leaf_value=-0.011997290246651332 0.0067249318738703406 0.0018010456430815514 0.00018724997154771829 0.001610655796022104 0.00079994568199145846 -0.0038379160057468763 0.00084739652310862005 0.0012353896074445948 0.0014800677511202624 -0.0047099226349740526 -0.0012673013848627807 0.0025361047801121441 -0.0025297396318419534 0.0014044879384695851 0.00078349905393653579 -0.010458366228703248 0.00072620710590079072 -0.015424193647773836 -0.00046516654097151534 0.00093223106976474026 0.0024481710891297906 0.0022150412414075195 -0.0032037918380825414 0.00024211438938301607 0.00021579856746627914 0.0010151996109504511 0.0002463259512460718 -0.00029113532465912422 -0.00068512771894217533 -0.0030524322696404162 -0.006167956360843164 0.00032532463478963187 0.0018758976291025726 -0.0048035877791625641 0.0014575450151529151 0.0027358070677587624 -0.010108083395962275 -0.00083112055879016949 0.00055316135412662433 0.0001134559457487023 0.0013763230247893965 -0.0077023254591104514 -0.0025939926749177751 -0.0028363584722069994 -0.0018602121445950735 0.00075958552702885828 -0.0035729715400818225 -0.0052273075427097622 -8.3303764204331488e-05 0.00055465138981324101 -0.00030614113172595188 0.00051619666220670485 0.0007154816684794606 -0.0056218252831766588 -0.0052545917133806665 -0.000287351689431618 -0.000805350801381515 -1.3107074603366831e-05 -4.7607439647862692e-06 -0.0014012977087317282 -0.0083845804842118989 -0.00012237185041871667
leaf_weight=48 113 1301 93 199 90 54 52 620 229 51 75 723 67 78 679 45 67 46 50 1668 334 761 65 86 41 1177 295 60 182 48 50 889 48 60 85 61 40 40 2478 2112 169 45 40 70 60 217 52 48 45 81 65 1283 55 40 58 51 55 2029 12196 623 144 59
leaf_count=48 113 1301 93 199 90 54 52 620 229 51 75 723 67 78 679 45 67 46 50 1668 334 761 65 86 41 1177 295 60 182 48 50 889 48 60 85 61 40 40 2478 2112 169 45 40 70 60 217 52 48 45 81 65 1283 55 40 58 51 55 2029 12196 623 144 59
internal_value=0.000370274 0.0013135 -0.000936019 0.00185091 -0.000410367 -0.004 0.00122257 0.000302827 0.000173797 -0.00277419 0.000251549 0.000211986 -0.00254167 0.000167234 0.00169365 -0.00212687 0.000122481 -0.00326219 -0.00690722 0.000142863 0.00210643 0.00177875 -0.000472727 -0.00305556 -0.00251968 0.000109788 4.38057e-05 0.000462772 -0.000758483 -0.000315865 -0.00630631 1.48701e-05 -0.00230687 -0.00322304 -0.00191092 0.000736498 -0.00376426 -0.00864197 0.000434822 -0.000289463 -0.00295843 -0.00602 -0.0113372 0.000210719 0.00107143 -0.00120798 -0.00375465 -0.00341935 -0.00675532 -0.000316901 -0.00817797 -0.000160364 -0.00212613 -7.44046e-05 -0.00525 -0.00745455 -0.0103947 -9.36637e-05 -0.000198977 -0.000985694 -0.00330944 -0.00727941
internal_weight=32745 2184 421 1763 462 144 318 30561 373 144 29536 28916 119 28193 802 123 27391 163 96 27228 450 1025 264 151 116 26778 25110 8222 1502 1392 110 1344 455 407 347 6720 262 80 5543 2590 408 239 85 2182 2953 475 258 154 93 141 117 16888 554 335 219 164 113 16334 15051 2855 826 203
internal_count=32745 2184 421 1763 462 144 318 30561 373 144 29536 28916 119 28193 802 123 27391 163 96 27228 450 1025 264 151 116 26778 25110 8222 1502 1392 110 1344 455 407 347 6720 262 80 5543 2590 408 239 85 2182 2953 475 258 154 93 141 117 16888 554 335 219 164 113 16334 15051 2855 826 203
cat_boundaries=0 1 2 3 4 5 6 7 8 9 10 11 12
cat_threshold=536 258 1538 1152 369 2 418 624 3333 928 2 9
is_linear=0
shrinkage=0.05


Tree=100
num_leaves=63
num_cat=1
split_feature=21 18 35 35 1 35 4 22 5 17 39 33 31 42 33 23 0 6 13 20 30 31 1 20 14 8 18 16 31 41 13 0 21 8 14 22 8 3 6 6 21 42 8 42 23 17 7 26 13 33 16 16 20 1 18 20 18 33 18 33 6 16
split_gain=1.22081 0.95404 0.825484 2.55136 0.770205 1.23096 1.90766 2.07417 0.934437 1.31126 1.01745 1.51629 1.01197 1.51108 1.00239 1.68206 1.93275 1.4907 1.82046 1.98014 1.07403 1.23168 1.25597 1.0103 1.13248 1.00308 0.967431 2.54176 1.14013 2.08253 0.956635 0.863012 0.881988 0.827714 1.16289 0.998497 0.809183 0.812632 1.8441 1.36309 1.48209 1.10531 1.08865 0.79549 0.784106 0.768136 0.764906 1.26995 1.33634 2.4938 1.08161 1.05179 1.20138 1.17079 1.35499 1.70514 1.03556 1.15868 1.03086 1.00111 0.919838 0.789859
threshold=10262.500000000002 -2.3238855437980299 0.00064530493784571458 0.00027566700097768826 -0.087010922444381564 7.9901246458415512e-09 0.010410345839210413 -0.13340265693842412 6.6626413048862938 1.2691970635006595 0 38.192857142857157 6.2500000000000009 0.87705802968960878 30.235714285714291 -1.3856658255248648 0.019585101315495738 7.4089672635647448 0.76470847751628346 -0.047475763404329706 5.1500000000000012 153.25000000000003 -0.013601207102253097 0.016574469024403266 0.062520356981333639 0.19931636713045323 1.4216845946342433 0.49009453519745 4.1500000000000012 277.96208355367537 0.6600404701580519 0.22778393087071216 4693.9650000000011 0.1304148853864649 -0.66772162556521797 0.32285348642234685 0.062005947544853994 0.11440899982456677 7.5209719542383331 6.95882721036378 1570.5000000000002 0.94957627118644072 0.39106422553067877 0.93700396825396837 0.28688525953414207 -1.0871758934004203 8.2495681805982013 41.500000000000007 0.54545440377811383 29.264285714285723 -0.45183508623255414 -0.036367644170874451 -0.13804703027790957 -0.043413313762572063 0.78315400322448858 -0.012166793809430457 0.53988584743559043 28.450000000000006 0.3625801794014773 37.721428571428575 8.1880759970811567 -0.49636667967222697
decision_type=10 8 2 2 2 2 2 10 2 2 1 2 2 2 2 8 2 2 2 10 2 2 2 10 2 10 8 2 2 2 2 2 8 10 2 10 8 2 2 2 8 2 8 2 10 2 2 2 2 2 2 2 10 2 10 10 10 2 8 2 2 2
left_child=1 -1 3 4 -3 8 -7 -8 9 45 11 12 13 44 15 16 -14 -17 30 -20 43 25 -23 -24 -25 -22 28 -28 36 -30 -19 33 -33 35 -35 -16 -15 42 39 41 -41 -39 -38 -21 -10 -6 -12 51 49 -49 -50 59 -53 54 55 -54 -52 -58 -57 -48 -55 -61
right_child=-2 2 -4 -5 5 6 7 -9 10 -11 46 -13 14 26 31 17 -18 18 19 20 21 22 23 24 -26 -27 27 -29 29 -31 -32 32 -34 34 -36 -37 37 38 -40 40 -42 -43 -44 -45 -46 -47 47 48 50 -51 56 52 53 60 -56 58 57 -59 -60 61 -62 -63
leaf_value=0.0009165841193472077 0.001028536460158053 0.00032694772259299733 0.00034241332939894715 -0.0025020829221083134 -0.00035888702549037821 8.1847277618727853e-06 -5.9738312181388077e-05 -0.0025880892658035185 0.0012312831351052097 -0.0095423555940672266 0.00019765214227195874 0.0016694667496919607 -0.0089809936692810018 0.0018161605396301674 0.00015544902396463141 0.00049590221535487542 0.001801766052719562 -0.00028501577752624647 -0.0080923769280774917 -0.00090736301549489964 -0.0038732914546591849 -0.0069517712296530698 0.0038026815261187246 -0.005100681234124914 0.00089122845520097466 -0.0041084391693054978 -0.0053188018824136627 0.00097506687709092139 -0.0051293196570485165 0.00019645568042149934 0.0015497890019950987 0.00065015192827217209 -0.0045788257255683831 -0.0010247023792781358 0.003344873321158133 -0.0021889068035394438 -5.6577068577449069e-05 -0.0081931184583792973 0.00086180280911626937 -0.0045260837685183282 -0.0075728673723249474 0.00054209793010667772 -0.0034639531063397223 0.0012687400314998279 -0.0034951984213066156 0.0021054404957592666 0.00078040335277109374 0.00060203628745917129 -0.0028589521895711722 -0.010995939723809557 0.0012110689629185956 -0.0042119603312244644 -0.0033486523879750958 -0.001734472180560023 0.00047774527508954708 0.00059661097383885094 0.0014154039932723367 -0.0021516393545130473 -0.0038544710644115854 -0.0023879593946043551 7.5068943311774349e-05 0.00024702344113923693
leaf_weight=736 1118 8565 1306 40 75 227 67 58 205 61 10433 489 41 69 278 983 40 528 44 43 68 62 92 60 41 40 41 45 55 57 181 111 40 42 361 40 504 54 133 45 59 86 73 74 67 1072 1068 65 122 71 244 59 57 46 85 61 40 91 40 70 1592 101
leaf_count=736 1118 8565 1306 40 75 227 67 58 205 61 10433 489 41 69 278 983 40 528 44 43 68 62 92 60 41 40 41 45 55 57 181 111 40 42 361 40 504 54 133 45 59 86 73 74 67 1072 1068 65 122 71 244 59 57 46 85 61 40 91 40 70 1592 101
internal_value=0.000423416 0.000365935 0.000323474 0.000269096 0.000286397 0.000123109 -0.00280453 -0.00773809 0.000173259 0.00152192 8.91892e-05 -0.000512398 -0.000791336 -0.00186412 -0.000285489 -0.000833333 -0.00786585 -0.000572846 -0.00173015 -0.0039619 -0.00301455 -0.0043544 -0.00244141 -0.000438144 -0.00387255 -0.00880734 -0.00261457 -0.00770115 -0.00222271 -0.00699115 -7.74646e-05 0.00115693 -0.00226974 0.00187673 0.00337871 -3.13478e-05 -0.00169434 -0.0020733 -0.00387566 -0.00644898 -0.0107619 -0.00319149 -0.000891003 0.00114407 0.00150183 0.00190331 0.000306889 -0.000298977 -0.00234227 -0.00671533 -0.00113454 0.000108491 -0.000618238 -0.000395855 -0.00362705 -0.0063522 0.000199468 -0.00337121 -0.00240196 0.00124597 8.54181e-05 -0.00229651
internal_weight=32721 31603 30867 29561 29521 20956 352 125 20604 1208 19396 5151 4662 1493 3169 2297 81 2216 1233 524 480 363 255 193 101 108 1221 86 1135 112 709 872 151 721 403 318 1023 954 377 244 104 140 577 117 272 1147 14245 3812 633 136 497 3179 1940 1881 243 158 375 131 101 1239 1638 171
internal_count=32721 31603 30867 29561 29521 20956 352 125 20604 1208 19396 5151 4662 1493 3169 2297 81 2216 1233 524 480 363 255 193 101 108 1221 86 1135 112 709 872 151 721 403 318 1023 954 377 244 104 140 577 117 272 1147 14245 3812 633 136 497 3179 1940 1881 243 158 375 131 101 1239 1638 171
cat_boundaries=0 1
cat_threshold=2305
is_linear=0
shrinkage=0.05


Tree=101
num_leaves=63
num_cat=7
split_feature=21 0 2 4 9 25 18 12 8 2 15 24 2 0 2 13 25 9 20 9 13 39 42 11 7 22 33 4 18 7 9 7 16 3 39 42 13 19 22 33 0 39 42 23 20 33 22 7 23 35 7 7 31 33 39 7 17 37 20 19 9 3
split_gain=0.780069 0.819082 0.856929 1.04904 0.94677 0.927895 1.38859 1.57126 0.949378 1.46073 0.801128 0.840881 0.900413 0.966253 1.24465 0.762621 0.72109 1.2317 1.13813 0.885996 0.882718 1.31618 2.21852 1.29163 1.70705 1.08409 1.13474 1.10912 1.2256 1.81345 1.56364 2.46367 1.39548 1.03563 1.55587 1.71921 2.32401 1.00275 1.01591 0.9833 1.12522 0.875045 0.988137 1.40971 1.26244 1.16439 1.08982 1.25052 1.98924 1.26788 0.885498 0.878167 0.874987 0.845434 0.80961 0.886793 1.15379 0.855959 0.805855 0.931348 0.967162 0.885668
threshold=10262.500000000002 -0.037739558752669204 -0.63174707572922484 -1.4388113718587412 0.23858011993836648 0 -0.25758027641513487 60.500000000000007 0.43264624183285089 -0.11178480759489771 -0.021521645182673851 1 -0.25489224962878904 -0.096459633278172849 0.16762185371973762 0.84000168000672015 2 1.0000000180025095e-35 -0.30419504921343893 0.0257826060014603 0.56730918365830896 3 0.96580946814728241 62.500000000000007 7.1146858005522686 0.27291298879293052 26.407142857142862 -0.34989660830653063 -0.35458583966113683 8.1353796056180272 0.061827322301268826 7.4313057010427697 0.11045878518309228 0.63607955038626252 4 0.92247596153846168 0.86510192740011438 -0.12055629940223629 0.025053292913942593 27.992857142857151 0.060671399170923575 5 0.9652147610405325 -1.0000000180025095e-35 -0.085536928403963153 25.950000000000006 -0.18409848283787561 7.5937827422839339 0.43860568568339403 0.0033541460891726113 8.2843670723383909 7.9752771010515549 228.30000000000004 29.264285714285723 6 6.7641000576112846 -0.80294345615727292 71.500000000000014 0.005302302361077719 0.12668276544400478 0.26007240679786425 -0.11778303565638336
decision_type=10 2 2 2 8 1 10 2 8 2 2 1 2 2 2 2 1 10 10 10 2 1 2 2 2 8 2 2 10 2 10 2 2 2 1 2 2 2 10 2 2 1 2 10 10 2 10 2 10 2 2 2 2 2 1 2 2 10 10 2 10 2
left_child=1 2 -1 -4 -5 6 7 -6 9 -9 11 -7 -13 14 15 -14 17 -3 -18 -19 21 22 23 -20 52 37 -27 -28 53 30 31 -30 -31 41 -35 -36 -37 38 39 -23 -41 51 43 45 -45 50 -46 48 -48 -49 -43 -22 -25 -29 -21 56 -56 -57 61 60 -60 -39
right_child=-2 16 3 4 5 10 -8 8 -10 -11 -12 12 13 -15 -16 -17 18 19 20 54 33 25 -24 24 -26 26 27 28 29 32 -32 -33 -34 34 35 36 -38 58 -40 40 -42 42 -44 44 46 -47 47 49 -50 -51 -52 -53 -54 -55 55 57 -58 -59 59 -61 -62 -63
leaf_value=0.0030525043547315217 0.00096818051351757353 0.0031671371868369409 -0.005381112093955343 0.00050647578677780344 0.00058290936366567987 0.0022211145206699539 0.0017062249261239407 -0.0010028177279211117 -0.00016117685306772273 -0.0071889885461186272 -0.00090920840575177452 0.0014403761580855619 -0.0037882426281539332 0.0015861286973163414 0.0031043185103597978 -0.0021387034126853807 -0.023093194348159075 -0.0019292155421660427 0.00027031066248675025 0.00035947094193565033 0.0025158741356429005 -0.00022067995482228837 -0.0082343664614586125 -0.00039584091418867626 -0.00216842709852173 0.00051518384516372731 0.0021937770864081849 0.0010396114049536359 -0.0046725493077705293 -0.010117499714745709 -0.00013117271799872391 -0.00024237780707992126 -0.0012683314420717301 0.0013615109263580049 -0.00036704306462982466 -0.0031811842215174694 -0.0083377939427761553 -0.00022354560337659526 0.00076576615468836344 -0.0042288995145120453 -0.0013239381991551197 -0.00068067108806307017 0.00018797105440849113 0.0029162500114415664 -0.00020266415566813639 0.00011214980179807798 -0.0047769570197512467 0.00024369384043261547 -0.01090102894107761 -0.0022379830129369352 -0.0024984914315358802 0.00014218816182164494 0.0055845675861374081 -0.0025269093190191847 -0.0037399495595602534 -2.7388577659694831e-05 0.0008347726537557724 -0.00051718616206929775 -0.00018741128871639697 -0.0012747580031256753 0.0033927459116972003 0.00064938289364243674
leaf_weight=401 1129 150 46 7350 350 373 1081 47 78 60 911 103 53 61 51 92 46 42 118 4232 1186 58 44 90 73 227 96 209 49 63 364 69 61 114 73 44 40 183 114 40 48 58 1579 41 147 1034 90 86 48 40 45 1709 41 122 62 5537 586 40 538 81 92 732
leaf_count=401 1129 150 46 7350 350 373 1081 47 78 60 911 103 53 61 51 92 46 42 118 4232 1186 58 44 90 73 227 96 209 49 63 364 69 61 114 73 44 40 183 114 40 48 58 1579 41 147 1034 90 86 48 40 45 1709 41 122 62 5537 586 40 538 81 92 732
internal_value=0.000430366 0.00038419 0.000731145 0.000645585 0.000678541 -3.06653e-05 0.000817456 -0.00125933 -0.00497312 -0.00800926 -0.000864048 0.000361036 -0.00134771 -0.00296512 -0.00467005 -0.00702055 0.000197401 0.000482646 -0.000110067 0.000418572 -7.31185e-05 -0.000708796 -0.00350133 -0.00213622 -0.00453659 -0.000370605 -0.00150674 -0.00220986 -0.00273454 -0.00406919 -0.00267081 -0.00764706 -0.00944 0.0002794 -0.00273897 -0.00574405 -0.0109412 0.000386858 -0.00249042 -0.00523809 -0.00853933 0.000414743 -0.000160428 -0.00104088 -0.00339956 -0.000101054 -0.00423544 -0.00615094 -0.00942446 -0.00251968 -0.00514423 0.00104095 -0.00109848 -0.000286144 0.000447983 8.41888e-05 0.00183359 -0.000119218 0.000848187 -0.000414326 0.000237718 0.0018286
internal_weight=32727 31598 11057 10656 10610 3260 1616 535 185 107 1644 733 360 257 196 145 20541 10649 9892 10499 9846 3512 366 322 204 3146 1260 1033 937 606 482 118 124 6334 271 157 84 1886 260 146 88 6063 3168 1589 452 1137 411 264 138 126 103 2895 131 331 10457 6225 648 5577 1626 711 630 915
internal_count=32727 31598 11057 10656 10610 3260 1616 535 185 107 1644 733 360 257 196 145 20541 10649 9892 10499 9846 3512 366 322 204 3146 1260 1033 937 606 482 118 124 6334 271 157 84 1886 260 146 88 6063 3168 1589 452 1137 411 264 138 126 103 2895 131 331 10457 6225 648 5577 1626 711 630 915
cat_boundaries=0 1 2 3 4 5 6 7
cat_threshold=2865 21 2110 144 2056 5304 6864
is_linear=0
shrinkage=0.05


Tree=102
num_leaves=63
num_cat=7
split_feature=2 39 23 8 22 8 16 25 39 23 39 33 20 44 3 37 13 27 14 40 8 41 24 22 8 8 9 15 23 13 15 13 7 7 2 33 10 9 20 2 20 7 20 27 22 27 21 39 26 19 17 17 39 9 1 26 27 19 31 5 31 15
split_gain=1.16155 1.15489 1.07971 1.23215 1.15051 1.08626 1.2525 0.894934 1.2194 1.83303 1.21776 1.81109 1.9586 1.39203 1.86594 1.1382 1.24655 2.13785 2.01655 1.72472 1.08979 1.21449 1.07807 2.07667 1.82481 1.33861 1.07631 1.02381 1.42458 1.23658 1.26876 1.01814 1.12178 1.14301 1.14589 1.01491 1.00692 1.34982 1.08011 1.40192 1.19226 1.15035 1.48896 0.936163 0.910295 0.903783 0.894926 0.835301 1.13107 1.29431 1.26268 1.25295 1.14576 1.82858 1.06404 1.02814 1.1721 1.33963 0.982974 1.0879 1.29366 0.958244
threshold=-0.048790164169431265 0 -0.40546510810816444 0.031023541818536476 -0.73450587959729707 0.42480303328175523 -0.16697558556574441 1 2 -0.057158413839948456 3 26.778571428571436 -0.011662560499526973 0.18333333333333338 0.053612190654738441 51.500000000000007 0.73333410852713188 1.5000000000000002 -0.17154547782614046 1.5000000000000002 0.22916885010661672 59.236707470182061 4 -0.17149310944028504 0.12943535194282321 0.082468179136491127 0.048256036326574998 -0.69314718055994495 0.20763936477824452 0.89632579301872106 -1.1343916212631944 1.110531674208145 6.936224538603958 7.1222334855091374 0.19183423471301622 26.87857142857143 0.32701778180634383 0.29670281010251653 0.028556588141686521 0.11374433803181817 0.0031985166585378742 7.8562141432311643 -0.018991399706480581 27.500000000000004 -0.44229895827070892 56.500000000000007 3495.8350000000005 5 20.500000000000004 -0.016412828051828515 0.088038271555107364 -0.05301681313748307 6 0.31426071881162826 0.074107664461508196 42.500000000000007 15.500000000000002 -0.014418703819625392 172.75000000000003 7.7546189951111515 185.34999999999999 0.093679861582846705
decision_type=2 1 8 8 8 8 2 1 1 8 1 2 10 2 2 10 2 2 2 2 8 2 1 10 10 10 8 2 10 2 2 2 2 2 2 2 2 10 10 2 10 2 10 2 10 2 10 1 2 2 2 2 1 10 2 2 2 2 2 2 2 2
left_child=1 -1 5 -4 -5 -3 -7 10 9 20 11 43 13 -13 -15 16 -10 18 -18 31 45 -22 -21 -24 25 -25 -12 28 -28 -30 -31 32 -19 34 44 -29 38 -38 39 41 -41 42 -35 -2 -34 46 -9 58 49 -49 51 -51 53 61 -53 -50 57 -57 -37 -60 -61 -52
right_child=7 2 3 4 -6 6 -8 8 15 -11 26 12 -14 14 -16 -17 17 19 -20 22 21 -23 23 24 -26 -27 27 35 29 30 -32 -33 33 36 -36 47 37 -39 -40 40 -42 -43 -44 -45 -46 -47 -48 48 55 50 52 54 -54 -55 -56 56 -58 -59 59 60 -62 -63
leaf_value=0.00083663876772504533 -2.6262753192175848e-05 0.0014669784264698944 -0.0023086400032233524 0.0030218121865489352 7.266770345444762e-05 0.0043345327835822289 -0.0038805753637468337 -0.0016180743750680287 -1.6081994909256208e-05 0.00137041128345676 0.0019531530384110426 -0.00034807436609245179 0.00056538521303551908 -0.00075282567534726372 -0.0048862611230841924 0.001313609988327683 -0.0032480822034118458 0.00096562727757625803 -0.0040902422481831876 -0.00017013196757848805 -0.0088913836402879642 0.0002276935335933904 -0.00079795246417295972 -0.0035968800386534314 -0.0016373052586677863 -0.00442180189275949 0.00010314691419996767 0.0020304256261574724 -0.0013950963353175851 -0.0040278598532860086 -0.0097921238003596551 0.00059545125038196667 -0.0032253741763529236 -0.0047753363526458689 0.00015984735774986238 0.001115853304700819 -0.0047313077663368487 5.8775267936813509e-05 0.00089718022702617707 0.0011959538230366317 -0.006303876642435609 -0.003409196404162998 0.0020294070405441054 -0.0040630632202137617 -0.003359751042901718 -0.0028696000634621712 0.0030037375140614681 0.00034067088480515146 0.00061706928240360466 -0.0039810800304970759 -0.0018285250188382778 -0.00025317812160750348 0.001425596972350269 -0.011899207829830413 -0.004346998475833831 0.0010201786945663351 -7.697818722440624e-07 -0.0039941925108070032 0.0046640773563291918 -0.0057216699170450098 -0.0002657674201758289 0.00015291356441805254
leaf_weight=2559 42 1284 77 525 7545 56 77 67 5335 1115 280 516 847 63 43 189 40 319 59 353 80 61 342 40 58 45 1128 685 209 40 42 571 43 58 45 1784 42 41 379 152 42 84 61 71 52 71 157 472 2603 118 91 40 226 50 53 50 558 75 116 58 322 153
leaf_count=2559 42 1284 77 525 7545 56 77 67 5335 1115 280 516 847 63 43 189 40 319 59 353 80 61 342 40 58 45 1128 685 209 40 42 571 43 58 45 1784 42 41 379 152 42 84 61 71 52 71 157 472 2603 118 91 40 226 50 53 50 558 75 116 58 322 153
internal_value=0.000379884 0.000768311 0.000513838 0.00029271 0.000353116 0.00178773 -0.0025 0.00015167 -0.000191182 0.00109155 0.000467616 -0.000809793 -0.000343537 -0.00247191 -0.00766355 -0.00043057 -0.000520093 -0.00136894 -0.00855 -0.00110521 -0.0016476 -0.00524648 -0.00299166 -0.00448589 -0.00961806 -0.0142442 0.00068911 0.000593306 -0.000637324 -0.00375 -0.00891566 -0.000267196 -0.00103108 -0.001855 -0.00602837 0.000827633 -0.0011686 -0.00636905 -0.00060489 -0.00242462 0.000615385 -0.00531863 -0.002125 -0.00688596 -0.00911458 8.44596e-05 0.00164444 0.000641802 0.000243334 -0.00106728 -0.00238388 -0.00563679 -0.00105566 -0.00304918 -0.00994681 0.000724065 -0.00100146 -0.00535714 0.00141859 -0.000543259 -0.00183727 -0.00134694
internal_weight=32759 12123 9564 8147 8070 1417 133 20636 9901 1551 10735 1582 1469 622 106 8350 8161 2826 99 2727 436 141 838 485 143 85 9153 8873 1419 291 82 1889 1318 999 140 7454 859 83 776 397 194 203 119 113 95 295 224 6769 4489 1203 731 211 520 294 93 3286 683 125 2280 496 380 244
internal_count=32759 12123 9564 8147 8070 1417 133 20636 9901 1551 10735 1582 1469 622 106 8350 8161 2826 99 2727 436 141 838 485 143 85 9153 8873 1419 291 82 1889 1318 999 140 7454 859 83 776 397 194 203 119 113 95 295 224 6769 4489 1203 731 211 520 294 93 3286 683 125 2280 496 380 244
cat_boundaries=0 1 2 3 4 5 6 7
cat_threshold=198 2866 56 20 20 4609 3138
is_linear=0
shrinkage=0.05


Tree=103
num_leaves=63
num_cat=1
split_feature=1 41 12 21 4 31 22 12 31 30 40 19 1 17 18 33 8 16 3 12 18 4 33 20 33 7 0 44 9 30 14 20 17 13 20 22 4 7 38 6 9 30 18 30 9 27 31 0 1 9 21 31 13 16 3 27 4 20 20 20 30 8
split_gain=0.828358 0.657211 0.714589 1.27914 0.882279 0.83334 2.07259 1.53746 1.2057 1.35876 1.38489 1.32685 0.934886 0.934218 1.04889 1.45229 0.923558 1.78195 0.920887 0.878067 0.868104 0.95038 0.864465 1.17958 1.00395 0.924672 1.3485 1.62029 0.872963 0.833694 0.822906 0.846745 0.807628 0.966633 0.859397 1.78465 0.876322 0.803556 1.16634 1.06712 0.980486 1.31684 2.34623 1.17424 1.05929 1.01883 1.66686 1.99628 1.56112 1.36688 1.01171 0.996243 1.12669 1.0398 1.23249 1.08531 1.32064 1.76578 2.20802 1.446 1.24726 0.947851
threshold=-0.62229043611110313 5706.0234451450206 44.500000000000007 11563.750000000002 -1.221935703174448 0.55000000000000016 -0.53137151115634285 8.5000000000000018 208.75000000000003 11.850000000000003 1.5000000000000002 0.0056620752731410869 0.43837994655876017 0.97621166414477234 0.83596990154201423 30.335714285714285 0.27694415583507725 -0.03166437941769961 -0.072283075013047413 26.500000000000004 0.56326868446522693 -0.18023002158306498 29.464285714285719 -0.0038568624947864509 28.521428571428576 8.31786639424889 1.0000000180025095e-35 1.0000000180025095e-35 0.12945376280977536 63.050000000000011 1.2535377540348491 0.011235260688353515 0.10989888734779331 0.75000006465518376 0.010750397763327486 0.03509580962734684 -0.02985259550248642 8.2730406286809401 0 9.4086332446902556 0.32834378306106632 0.55000000000000016 -0.24259406432244299 10.750000000000002 0.27838676028620185 52.500000000000007 0.8500000000000002 0.11227868884559068 0.0084387776961873957 0.15402751622641148 3953.7500000000005 5.1500000000000012 1.2133346666666669 -0.69314718055994529 0.11778321422784367 11.500000000000002 0.49419875131978769 0.026150741683116811 0.018307906658995076 -0.0094492977248859054 4.1500000000000012 0.33221658816678012
decision_type=2 2 2 10 2 2 8 2 2 2 2 2 2 2 8 2 8 2 2 2 10 2 2 10 2 2 2 2 10 2 2 10 2 2 10 8 2 2 1 2 8 2 10 2 10 2 2 2 2 10 8 2 2 2 2 2 2 10 10 10 2 10
left_child=-1 2 5 4 -4 6 7 -2 12 10 11 -10 13 29 15 -15 17 -14 -18 32 21 -9 24 -24 25 26 27 28 -21 -7 -16 -32 33 34 35 36 -11 -6 -39 40 44 42 -42 -43 45 51 -47 48 50 -49 -48 -40 53 54 -53 -55 57 58 59 60 -57 -45
right_child=1 -3 3 -5 37 8 -8 20 9 19 -12 -13 16 14 30 -17 18 -19 -20 22 -22 -23 23 -25 -26 -27 -28 -29 -30 -31 31 -33 -34 -35 -36 -37 -38 38 39 -41 41 43 -44 61 -46 46 47 49 -50 -51 -52 52 -54 55 -56 56 -58 -59 -60 -61 -62 -63
leaf_value=0.0026723320289824921 0.0004679932279061842 0.00055195415113460701 -0.0056658232942037971 0.0021236373080704279 9.2769422001743099e-05 0.00047490089831654886 9.4567369623509674e-05 4.7906535159726597e-05 -0.0011861950328945069 -0.0039178664372791156 0.00066522986489784197 -0.0083408394905732132 -0.0058449643524086589 0.00067157730905512299 0.001323600049498515 -0.0049448146523164193 -0.0081341285154952533 0.0011920066247318138 0.0017778683632859449 -0.0019921806641889834 -0.011359183631623271 -0.01285741780957728 -0.0049818317025382818 6.1537020084453879e-05 0.0024618701806479394 0.00024977881443656911 0.00015887140930096507 -0.010693149426312458 0.0033563458717369623 0.0020093599407740971 -0.0099746105641081717 0.0027987764456203199 0.0019379506612413765 0.0008995838174161605 0.0014689974053557677 -1.6637658018301976e-05 -0.0041898293869755149 0.0004259378380635987 0.00034336903025200251 0.0011356709428685771 -0.0026449675139643474 0.0036832222826036322 -0.020057448895940945 -0.01967122810518385 0.0033200750450984289 -0.0052141061418488439 0.0022085447099311488 -0.00043011876644440832 0.0011392523557265265 -0.0063926682033825901 -0.0015178207419004098 -0.00079757210385046423 0.00059488564725045415 0.0002888606209332916 -0.0063680690203428625 -0.0037332097859908864 0.0024669207771111936 6.0643793661221482e-05 -0.0055557498282647975 0.00018776823446071101 -0.0013543017234058756 -0.001148061932512097
leaf_weight=611 77 521 46 674 12757 7479 2708 56 75 68 119 67 54 71 171 61 62 47 283 56 53 46 45 48 127 123 171 55 73 405 40 43 586 288 188 209 42 758 864 217 59 73 45 46 133 48 64 71 228 81 420 77 225 192 43 45 60 181 40 106 67 95
leaf_count=611 77 521 46 674 12757 7479 2708 56 75 68 119 67 54 71 171 61 62 47 283 56 53 46 45 48 127 123 171 55 73 405 40 43 586 288 188 209 42 758 864 217 59 73 45 46 133 48 64 71 228 81 420 77 225 192 43 45 60 181 40 106 67 95
internal_value=0.0003917 0.000357088 0.000328109 0.000117126 3.25668e-05 0.000595128 -0.000153009 -0.00467811 0.000794067 -0.000213584 -0.00360687 -0.00692308 0.00106459 0.00118486 -0.00121447 -0.00481203 -0.00116331 -0.00534314 7.22545e-05 0.000213942 -0.00753205 -0.00475728 -0.00123033 -0.00569149 -0.000536303 -0.00158664 -0.00287921 -0.00583784 -0.00273077 0.00130247 0.000666667 -0.00339286 0.000944284 -9.42209e-05 -0.00140748 -0.00298437 -0.00810811 5.14829e-05 -0.00054494 -0.000930965 -0.00115962 -0.0037931 -0.00838095 -0.00153488 -0.000874066 -0.0010807 -0.00245345 -0.0019422 -0.000827489 -0.00712418 -0.00243299 -0.000420831 -0.00146577 -0.00233374 -0.00661157 -0.00158237 -0.00281 -0.00376136 -0.00640927 -0.00438356 -0.00831858 -0.00419014
internal_weight=32843 32232 31711 17715 17041 13996 2940 232 11056 2340 261 142 8716 8270 386 132 446 101 345 2079 155 102 698 93 605 478 355 184 129 7884 254 83 1381 795 507 319 110 16995 4238 3480 3263 318 104 214 2945 2812 912 864 712 152 484 1900 1036 811 120 691 499 439 258 218 112 141
internal_count=32843 32232 31711 17715 17041 13996 2940 232 11056 2340 261 142 8716 8270 386 132 446 101 345 2079 155 102 698 93 605 478 355 184 129 7884 254 83 1381 795 507 319 110 16995 4238 3480 3263 318 104 214 2945 2812 912 864 712 152 484 1900 1036 811 120 691 499 439 258 218 112 141
cat_boundaries=0 1
cat_threshold=4
is_linear=0
shrinkage=0.05


Tree=104
num_leaves=63
num_cat=3
split_feature=35 35 7 37 12 25 1 18 21 13 12 12 5 41 30 26 26 22 16 17 17 2 39 26 17 21 23 19 14 33 19 25 2 16 13 6 17 14 12 12 12 16 16 10 23 13 3 3 30 22 5 37 23 1 23 16 23 5 12 18 1 8
split_gain=1.00026 1.50335 1.09748 1.05604 1.58526 1.12326 1.05356 0.941471 1.01174 0.922663 1.06016 1.00262 0.988084 0.919015 1.70354 1.12932 1.30307 0.84641 0.782418 0.736786 0.794359 0.728185 0.903666 0.854903 0.842964 1.30754 1.41136 1.12772 0.967043 0.889901 0.872438 1.19093 1.02397 1.1121 1.0953 1.23743 0.857403 1.36236 0.969753 0.830117 0.807658 1.23181 1.20294 0.927665 0.8398 0.833451 0.750536 0.81529 1.16502 0.732185 0.752185 0.728146 0.712683 0.97584 0.741713 0.751992 0.705138 0.699101 0.691771 0.691445 0.96217 0.676635
threshold=0.0026632652206117794 1.193063900055533e-08 6.6695641239230161 49.500000000000007 46.500000000000007 0 0.087011376989629699 -0.27076240629834253 4204.1650000000009 0.50913261050875736 16.500000000000004 76.500000000000014 6.3736366817472234 2446.6156795346383 74.15000000000002 14.500000000000002 9.5000000000000018 -0.18232130679401709 -0.061475702875641185 -2.226618337934152 0.38394845350407153 -0.014720737854791997 1 49.500000000000007 0.30713539354803104 3904.1650000000004 1.0000000180025095e-35 0.20681640249393154 0.29725152346793166 26.521428571428576 1.0000000180025095e-35 2 -0.41330981597986755 -1.2987834539471719 0.5000004076089174 7.8855276831811993 0.41715505941810332 -0.0084541843797194521 68.500000000000014 84.500000000000014 32.500000000000007 0.88408794865275697 1.7064287660897779 0.073279557331623849 -2.6491586832740173 0.870020253164557 -0.16705408466316693 0.0050125418235444927 0.25000000000000006 0.74210266131213654 6.7577004016519684 15.500000000000002 -0.51933462635053795 0.091171769499713409 -0.43777693661845068 0.22825865198098041 0.074107972153721738 7.7739435607530778 69.500000000000014 0.48309551890032315 -0.015168078460880972 0.10185754852720044
decision_type=2 2 2 10 2 1 2 10 10 2 2 2 2 2 2 2 2 10 2 2 2 2 1 2 2 10 10 2 2 2 2 1 2 2 2 2 2 2 2 2 2 2 2 2 10 2 2 2 2 10 2 10 8 2 8 2 8 2 2 10 2 10
left_child=1 2 9 4 6 18 17 -2 -9 10 12 -12 -1 21 15 16 -15 -3 -5 -11 -21 22 52 24 27 36 28 29 -27 -24 31 32 -31 -34 35 -35 37 -26 -39 -36 42 43 46 44 58 -45 -38 48 -48 50 -33 -19 -4 54 55 -54 -40 -52 -42 60 -22 -55
right_child=7 3 13 5 -6 -7 -8 8 -10 19 11 -13 -14 14 -16 -17 -18 51 -20 20 59 -23 23 -25 25 26 -28 -29 -30 30 -32 49 33 34 39 -37 40 38 56 -41 41 -43 -44 45 -46 -47 47 -49 -50 -51 57 -53 53 61 -56 -57 -58 -59 -60 -61 -62 -63
leaf_value=-0.0060769842975714385 0.0013085900469073789 0.00062811210956375532 0.0018845417596568945 0.00031306369438983294 -0.0019086067047287649 0.0017666134353647384 -0.0013274187385634109 0.00038645528448506697 -0.0016568100207593516 -0.0031778872965124889 0.00096259385471194378 -0.00091804022029982684 0.0011986271749968938 -7.9955929250007565e-05 -0.0029302125031259074 9.2082870688774379e-05 -0.0021271901141062997 -0.0019259746960213259 -0.00079733899014413582 0.0024927769740904996 0.0020297855659981048 5.785925491526544e-05 0.0031611661900251826 0.0021523121216739704 -0.0033425112858559824 -0.0085272666537707792 9.2551656641068223e-05 -0.0017212089706377951 -0.0031004289153088302 0.0016371272207007703 0.00070279809183173506 -0.002368281809742143 -0.0053767016856988356 -0.0039483310575592553 2.3709731213046302e-05 -0.0036826005942340507 0.0024277394220515486 0.0010836686285011139 0.00027852024134531416 -0.0035610242424276984 0.00075582272575211147 0.001751082931478485 -0.007806591126758031 -0.011012458030179841 0.00099011904530783238 0.0040679005645790703 0.00044376451212859846 0.00028853278301523938 -0.0060378134299224756 -0.0055329655852206575 0.0020899984353339833 -2.6536987036256481e-05 0.00011551535758285107 -0.002849092059424269 0.00059032564133111988 -0.0014684167093122577 -0.0020010220775721864 -0.00031228133127520949 -0.004358633703327384 0.0012501746242654626 -0.0085561212361002989 -0.00028773527381119904
leaf_weight=65 392 115 713 45 49 138 44 779 71 51 146 43 40 74 78 515 40 67 67 1020 42 15889 360 200 113 43 87 83 49 104 1636 62 59 40 351 57 202 237 43 56 63 285 62 44 389 42 50 79 54 47 857 81 100 52 4412 42 61 634 66 353 56 511
leaf_count=65 392 115 713 45 49 138 44 779 71 51 146 43 40 74 78 515 40 67 67 1020 42 15889 360 200 113 43 87 83 49 104 1636 62 59 40 351 57 202 237 43 56 63 285 62 44 389 42 50 79 54 47 857 81 100 52 4412 42 61 634 66 353 56 511
internal_value=0.000427069 0.000371923 0.000420541 -0.00209226 -0.00383753 0.000398407 -0.00248377 0.00181818 0.000881316 0.00161255 -0.000949152 0.00128947 -0.00495283 0.000345692 -0.00143362 -0.000563492 -0.00504348 -0.00126894 -0.00317073 0.00210768 0.00231318 0.000390296 0.000678358 0.000271989 0.000170203 -0.000687817 -0.00475 0.000559006 -0.00903226 0.000671904 0.000452101 -0.00018298 -0.00193953 -0.00281028 -0.0020396 -0.00678571 -0.000279173 -0.00215385 -0.000570175 -0.000894608 0.000359013 0.00123034 -0.00137277 -4.95866e-05 0.000751445 -0.00482759 -0.000323834 -0.00263587 -0.00552381 0.000558659 0.000749678 -0.00375839 0.00112994 0.000925166 0.00116795 -0.00237762 -0.00457143 0.000975201 -0.00273077 0.000564159 -0.00313131 -0.00103723
internal_weight=32605 31363 30757 606 356 250 307 1242 850 1816 294 189 105 28941 707 629 114 263 112 1522 1471 28234 12345 6515 6315 1969 179 4346 92 4263 3903 2267 667 563 504 97 1790 454 341 407 1336 889 447 604 518 86 385 183 104 1600 1553 148 5830 5117 4554 142 104 1491 129 451 98 563
internal_count=32605 31363 30757 606 356 250 307 1242 850 1816 294 189 105 28941 707 629 114 263 112 1522 1471 28234 12345 6515 6315 1969 179 4346 92 4263 3903 2267 667 563 504 97 1790 454 341 407 1336 889 447 604 518 86 385 183 104 1600 1553 148 5830 5117 4554 142 104 1491 129 451 98 563
cat_boundaries=0 1 2 3
cat_threshold=19 623 2182
is_linear=0
shrinkage=0.05


Tree=105
num_leaves=63
num_cat=6
split_feature=19 7 6 14 11 26 25 4 3 41 5 23 14 13 7 21 27 33 21 19 27 27 8 25 1 44 30 19 25 9 27 22 14 22 24 33 21 2 14 16 2 25 4 3 11 13 16 31 26 20 4 31 27 27 21 36 19 33 35 26 25 33
split_gain=0.875416 0.753307 0.856606 0.812633 0.80975 1.01756 1.00248 0.9838 1.11685 0.950565 0.940229 0.928079 1.84401 1.13169 1.20836 1.17288 0.931925 0.892164 0.867526 0.861129 0.856315 0.842645 0.788371 1.05845 1.64875 0.912548 0.91937 0.901765 1.02261 2.21278 1.58209 1.42323 1.05369 0.84805 0.7584 1.33118 1.01463 1.1127 1.00319 1.03939 0.866746 0.825861 1.37469 1.21224 1.13173 1.05428 0.903456 0.880985 0.82327 1.15366 0.776158 0.759225 0.752304 0.918884 1.14683 1.46644 0.969044 0.92126 1.48173 1.10494 2.43143 1.26388
threshold=-0.34322369477975967 7.040828235864959 7.0470206081195661 3.4541189367206955 4.5000000000000009 51.500000000000007 0 0.74480069240981017 0.20773625461480452 122.31730769230771 7.1914033025772319 1.3899360378154448 -0.23802188420587986 1.4622358788952805 8.7217543874136236 1215.5200000000002 12.500000000000002 29.964285714285719 614.97000000000014 0.19202529751176728 55.500000000000007 24.500000000000004 0.2430317533792706 1 0.69314718055994595 0.21111111111111114 18.950000000000006 -0.15568748359182674 2 0.23172947910563091 4.5000000000000009 0.03509580962734684 0.13086104408314017 0.74210266131213654 3 29.63571428571429 2226.5650000000005 0.54210900813846064 -0.2031442122364002 -0.62626937802033622 0.16475374372487919 4 0.24146276298810457 0.25131514256713056 63.500000000000007 0.87515821656505166 -1.0000000180025095e-35 13.650000000000002 18.500000000000004 0.05182266920163895 0.17185025692665915 5.0500000000000016 4.5000000000000009 8.5000000000000018 1399.6050000000002 0.0013603689394812398 -0.053529385164579273 29.992857142857151 0.44806718013098962 18.500000000000004 5 39.021428571428579
decision_type=2 2 2 2 2 2 1 2 2 2 2 10 2 2 2 10 2 2 8 2 2 2 10 1 2 2 2 2 1 10 2 10 2 10 1 2 10 2 2 2 2 1 2 2 2 2 2 2 2 10 2 2 2 2 8 2 2 2 2 2 1 2
left_child=-1 2 3 -2 5 6 17 8 11 -8 21 18 -13 14 15 -14 -17 19 -6 -3 -18 -10 27 -24 25 33 -27 28 30 -30 -20 -32 -33 -25 35 51 37 38 39 40 -36 42 -40 50 -45 47 -44 -46 -37 -50 -43 -12 -29 54 -54 56 -56 58 -55 60 61 -59
right_child=1 4 -4 -5 7 -7 9 -9 10 -11 34 12 13 -15 -16 16 20 -19 22 -21 -22 -23 23 24 -26 26 -28 52 29 -31 31 32 -34 -35 36 48 -38 -39 41 -41 -42 43 46 44 45 -47 -48 -49 49 -51 -52 -53 53 57 55 -57 -58 59 -60 -61 -62 -63
leaf_value=0.0011844476597016116 0.0002141427383286305 -0.00019808748750027344 0.0018034952548670775 -0.0013531306251484113 -0.0018243954216466869 -0.0012008133106728134 0.0024950171873624988 0.00097329779806329105 -0.001757006137537559 5.9845234577644033e-05 -0.0044834344616032328 0.0012374172237249095 -0.003481809318071408 0.00039083382830204906 -0.0045155286529341664 -0.0021068863105916371 0.0013149489434480142 0.00050741363588260868 -0.0059914414909901931 -0.00053585891002712934 -0.0018252195274067271 -0.0043461681506627263 0.0013980606892771007 0.00044092413198822973 -0.016983603439109301 -0.0044238565751234813 0.00030550927881936265 0.0006488749783892917 0.00050298014350788351 -0.004456454259373824 9.150131754004358e-05 -0.0050001343348515248 0.00077963405309384591 -0.0051008401620485574 0.0016269067486425941 -0.00030580882257636853 0.00042346606043687138 -0.0047639208978064833 0.0010425845633080238 0.0022291775815690032 -0.0049874540885396744 -0.0073850886048840896 -0.0051030875673906207 0.00054092279978723351 -0.0010583116602758092 0.0038235534465441675 -0.0031835177207337178 -0.0048834902736413889 -0.0019987436244621594 -0.014206000392672898 -0.0016759983538229186 0.00038323937818390114 0.0026789116433668129 -2.4646467696172895e-05 0.0013299907905778869 -0.0033525930477194808 -0.0005642220833107876 -0.001973097057828911 -0.0020142367809440945 0.00067356063833119175 0.00019526747248702463 0.00012987439625473138
leaf_weight=782 4591 686 529 59 74 63 1063 650 63 479 46 165 44 75 59 77 145 836 56 42 58 74 1871 1861 40 66 67 1401 461 62 273 81 41 58 48 126 1172 68 229 197 42 51 53 171 52 42 87 43 136 49 47 272 84 6120 154 54 823 138 51 2545 2899 52
leaf_count=782 4591 686 529 59 74 63 1063 650 63 479 46 165 44 75 59 77 145 836 56 42 58 74 1871 1861 40 66 67 1401 461 62 273 81 41 58 48 126 1172 68 229 197 42 51 53 171 52 42 87 43 136 49 47 272 84 6120 154 54 823 138 51 2545 2899 52
internal_value=0.000404372 0.000363969 0.000916023 0.000698775 0.000257423 0.00100789 0.00113614 0.000156923 0.000102719 0.00203477 -0.000785272 0.000239277 -0.00165865 -0.00328976 -0.00438802 -0.00316923 -0.0019573 0.000234921 0.000300523 -0.00104252 -0.000171568 -0.00481884 0.000321408 0.000949798 0.000171184 0.00037019 -0.0036194 0.000158538 -0.00131282 0.000215356 -0.00301948 -0.00195707 -0.00642276 0.000648438 -0.000595157 -0.00211719 -0.000168612 -0.00123784 -0.000837253 0.00168403 -0.00274725 -0.00177191 -1.31577e-05 -0.00328537 -0.0018123 -0.00518116 -0.00390071 -0.00807292 -0.00447115 -0.00658602 -0.00818182 0.000125392 0.000258693 0.000139308 -0.00123208 -0.00169089 -0.00124233 0.000268931 -0.000153111 0.000731145 9.54694e-05 -0.00522388
internal_weight=32803 32021 5179 4650 26842 3169 3106 23673 23023 1542 3068 19955 623 458 383 324 280 1564 19332 728 203 137 19258 3963 2092 2052 133 15295 974 523 451 395 122 1919 2931 629 2302 1130 1062 287 90 775 369 406 308 137 140 95 311 185 98 318 14321 12920 1115 1031 977 11805 6171 5634 3089 190
internal_count=32803 32021 5179 4650 26842 3169 3106 23673 23023 1542 3068 19955 623 458 383 324 280 1564 19332 728 203 137 19258 3963 2092 2052 133 15295 974 523 451 395 122 1919 2931 629 2302 1130 1062 287 90 775 369 406 308 137 140 95 311 185 98 318 14321 12920 1115 1031 977 11805 6171 5634 3089 190
cat_boundaries=0 1 2 3 4 5 6
cat_threshold=1573 2613 411 2 2764 16
is_linear=0
shrinkage=0.05


Tree=106
num_leaves=63
num_cat=6
split_feature=0 7 25 28 29 10 35 37 37 0 8 9 35 35 37 3 33 33 17 38 23 20 20 10 23 3 9 2 24 17 9 19 25 30 30 2 22 20 15 13 31 6 42 17 31 10 11 8 25 9 7 17 11 15 8 13 23 23 25 4 22 13
split_gain=0.853741 0.753888 0.879794 1.34473 0.956165 1.12543 0.805252 1.19247 1.15996 0.920468 1.48018 0.917116 1.05853 0.954257 1.7971 1.74965 0.777389 0.941329 0.749903 0.869783 1.09742 0.858626 1.38856 1.59123 1.28981 0.846484 1.11236 0.737634 1.01625 0.815236 1.04861 0.70729 0.612516 0.774229 1.38151 1.4011 0.555044 0.548085 0.642521 0.748305 0.642612 0.736853 0.771872 0.739546 0.635832 0.520575 0.591331 0.992427 0.869348 0.881411 1.45508 0.848431 0.875598 0.774523 1.06438 1.49655 1.3825 0.645165 1.18563 1.27692 0.775045 0.674301
threshold=-0.10536051565782632 6.6695641239230161 0 1.0000000180025095e-35 1.0000000180025095e-35 0.067394446844919034 0.0026632652206117794 45.500000000000007 37.500000000000007 -0.10140317019790233 0.11157268758660796 0.13775723597625347 1.6318700725594175 0.067329771153303755 18.500000000000004 -0.2114987374050363 38.26428571428572 28.050000000000008 0.39121264918542054 1 -0.54128772781632339 -0.035466379193855459 -0.012166793809430457 -0.10293116702983295 0.57536414490356191 -0.72901791152133277 0.76504914322537154 0.1331051135956183 2 0.083022174528099804 0.25209378379071518 0.09114674170156388 3 41.45000000000001 11.450000000000003 -0.11426756723342633 -0.037390199887010318 -0.059516470690675304 0.94303557335139521 0.69338616532923114 221.85000000000002 7.2038256684847921 0.94782214156079869 0.65103439481181857 13.950000000000003 0.34358064018827245 36.500000000000007 0.12861137609900161 4 0.14478021980742786 7.9829472705720219 0.11887720101861544 48.500000000000007 0.081770950546220314 0.14872544022268727 1.0511039638050559 0.58808037531210955 0.052322238615942103 5 -0.44183257370757895 -0.98722270184461125 0.88640833676536868
decision_type=2 2 1 2 2 2 2 8 10 2 10 10 2 2 10 2 2 2 2 1 8 10 10 2 10 2 8 2 1 2 10 2 1 2 2 2 8 10 2 2 2 2 2 2 2 2 2 10 1 10 2 2 2 2 10 2 8 8 1 2 10 2
left_child=18 2 -2 4 -4 -6 7 8 16 10 -9 12 -8 -13 -15 -16 17 -3 25 37 -21 24 23 31 -22 -1 45 -5 -29 -30 -31 -23 -24 34 35 -34 -12 -20 39 -39 41 -41 43 -43 -44 46 47 48 49 50 -27 52 -48 -49 -55 -56 -57 58 59 -54 -60 -62
right_child=1 6 3 27 5 -7 11 9 -10 -11 36 13 -14 14 15 -17 -18 -19 19 20 21 22 32 -25 -26 26 -28 28 29 30 -32 -33 33 -35 -36 -37 -38 38 -40 40 -42 42 44 -45 -46 -47 51 53 -50 -51 -52 -53 57 54 55 56 -58 -59 60 -61 61 -63
leaf_value=0.0053163490595073398 0.002314973079816522 -0.00039119723674226157 0.00038076465672477039 0.0011853810527099507 -0.00083179743781590376 -0.011943912266347605 0.0010927612366443693 -0.0014651037774458607 -0.0020056718772534696 6.479169394904765e-05 -0.00094121326229766567 0.0018372038664962065 -0.00055098073696559821 0.0021274427808446288 0.00020580444156992426 -0.0038258240155025023 -0.0014599421957238305 0.00025330510746326322 -0.0012209992779563035 -0.0026698777288677827 0.002405082369013628 0.00091331281022538266 0.00090399287192438724 -0.003515889574184475 -0.0025965252922301673 0.0017729590185280371 -0.0012817651658793879 0.0020066645350921026 3.7107324468831912e-05 -0.0036869012999536919 -0.001225772485934203 -0.004238098622028297 0.0037483921898640062 0.0017420497062598688 -0.0068319582694100697 -0.0045768520984356955 0.0015800736493561292 0.0019767178017322897 0.0022556063183308715 0.0015396310506896062 0.0045782517885053125 -0.00053223268132490068 -0.0033396512156788094 0.0023553681496736954 -0.0007977379556549822 0.004467119005391239 0.0039554375756279195 0.00019958528042578704 0.0026851337576070341 0.0036600151963426114 -0.0019218485777018847 0.0018624773687991065 -0.0030607965794466441 -0.0024517084219239271 0.00045777380361940352 -0.012902954029510312 0.0023992902812713449 0.00082791923351456737 -0.0042372522318851755 -0.00014089621861150848 0.0014619739429138226 -0.00091583553978139779
leaf_weight=271 387 41 90 543 76 56 712 71 45 22682 50 79 62 93 44 62 48 165 75 48 316 55 135 48 41 56 47 119 111 40 42 40 75 47 67 65 72 255 233 66 54 53 52 52 59 130 345 1200 310 62 52 716 48 61 312 73 42 943 46 93 345 175
leaf_count=271 387 41 90 543 76 56 712 71 45 22682 50 79 62 93 44 62 48 165 75 48 316 55 135 48 41 56 47 119 111 40 42 40 75 47 67 65 72 255 233 66 54 53 52 52 59 130 345 1200 310 62 52 716 48 61 312 73 42 943 46 93 345 175
internal_value=0.000377884 0.000243276 0.00134471 0.00058364 -0.00286995 -0.00556391 0.000176663 0.000115211 -0.00301667 0.000156278 -0.0032732 0.00152897 0.0024129 -0.000931899 -0.002775 -0.00719626 -0.00168627 -0.000338164 0.000860553 -1.08871e-05 -0.00107067 -0.000679775 -0.00195122 -0.00614583 0.00121508 0.00116085 0.00101444 0.00148949 -0.000447284 -0.00262255 -0.00650602 -0.00234375 -0.000397436 -0.00181132 -0.00319712 -0.00035461 8.1301e-05 0.00109341 0.00147879 0.000599662 -0.000949555 -0.00190813 -0.00331797 -0.000235849 -0.00620536 0.00108683 0.00100307 0.000387275 0.00239085 -0.000552486 -0.00330275 0.00149521 0.000964429 -0.00018354 -0.00186094 -0.000969626 -0.00581897 0.000484555 -0.000656779 -0.00457237 0.000398614 0.000959693
internal_weight=32853 25690 1464 1077 222 132 24226 23174 299 22875 193 1052 774 278 199 106 254 206 7163 1836 937 889 532 143 357 5327 5056 855 312 193 82 95 389 254 207 140 122 899 824 591 336 282 216 105 111 5009 4879 2168 480 170 108 2711 1995 1688 488 427 115 1650 707 141 566 520
internal_count=32853 25690 1464 1077 222 132 24226 23174 299 22875 193 1052 774 278 199 106 254 206 7163 1836 937 889 532 143 357 5327 5056 855 312 193 82 95 389 254 207 140 122 899 824 591 336 282 216 105 111 5009 4879 2168 480 170 108 2711 1995 1688 488 427 115 1650 707 141 566 520
cat_boundaries=0 1 2 3 4 5 6
cat_threshold=1314 10 5 2569 329 1027
is_linear=0
shrinkage=0.05


Tree=107
num_leaves=63
num_cat=5
split_feature=2 7 25 27 12 10 6 10 9 38 21 17 12 27 19 7 18 1 30 42 15 30 6 1 9 30 6 9 22 22 15 7 9 8 25 2 30 6 11 12 25 12 8 42 22 10 22 12 12 25 8 10 21 41 21 0 41 17 16 8 22 16
split_gain=1.02183 0.715278 1.08575 1.29416 1.74299 2.16507 1.1603 0.88258 1.06627 1.1799 1.6922 1.36359 1.11265 1.43902 1.15956 1.10895 1.10524 1.08255 1.58654 0.95049 0.939826 1.03567 0.89774 1.04945 0.89195 0.88185 1.01707 1.77012 0.92319 1.02639 1.1321 0.876127 0.863983 1.54058 1.34289 1.50616 1.2329 1.07968 1.35284 0.994222 1.8852 1.23149 1.21619 1.54557 1.33597 1.27218 1.06 1.0245 0.8938 1.78333 1.32169 1.62142 1.2496 1.73379 2.35872 1.03658 0.9353 0.901247 1.11198 1.09139 0.894086 0.844122
threshold=-0.075508007053393097 6.703854655643009 0 47.500000000000007 44.500000000000007 0.016567345733754294 6.6807555439083872 -0.065019572386702848 0.35557118259345927 1 1062.3200000000004 0.43742024699901805 6.5000000000000009 19.500000000000004 -0.039902635604363766 8.216608324632011 -1.2268052121246715 -0.057157384428811124 32.250000000000007 0.84344362745098056 0.38136755652910387 0.55000000000000016 8.582815340213596 -1.0000000180025095e-35 0.31113012134010715 33.650000000000013 8.2458682627528912 0.16828638747530297 0.31808203472047142 -0.18232130679401709 0.16040124954785109 7.8406002449507293 0.19564409763406856 0.297170337253643 2 0.48039698203034359 6.3500000000000014 6.8841892690640014 81.500000000000014 38.500000000000007 3 4.5000000000000009 0.091103440693281454 0.9536672629695887 -0.18232130679401709 0.22657657695410019 -0.042056950764505947 12.500000000000002 56.500000000000007 4 0.047967134202400404 0.038060715335996871 5012.5000000000009 8.0578784119106697 2995.8350000000005 -0.029061711222699845 29.785109289617491 0.033648140886706319 -0.080042707673536412 0.088519073173782242 0.11787642872016117 -0.19826996504639857
decision_type=2 2 1 2 2 2 2 2 10 1 10 2 2 2 2 2 8 2 2 2 2 2 2 2 10 2 2 10 10 8 2 2 8 10 1 2 2 2 2 2 1 2 10 2 10 2 10 2 2 1 8 2 8 2 10 2 2 2 2 10 10 2
left_child=-1 2 -2 -4 5 -5 -7 8 9 16 12 15 -11 -14 -15 19 -3 18 -13 -12 -19 -22 23 -17 25 28 -27 -28 29 30 -18 -30 37 -34 35 -35 -37 38 -9 40 41 -39 43 -43 -45 -44 -42 61 49 -41 51 -51 53 54 -52 -54 -55 59 -59 -58 -60 -48
right_child=1 7 3 4 -6 6 -8 32 -10 10 11 17 13 14 -16 22 24 20 -20 -21 21 -23 -24 -25 -26 26 27 -29 31 -31 -32 -33 33 34 -36 36 -38 39 -40 48 46 42 45 44 -46 -47 47 -49 -50 50 52 -53 55 56 -56 -57 57 58 60 -61 -62 -63
leaf_value=0.00028545984796913063 0.0021967536466543339 0.0015696084382114479 0.00048874333316315151 0.00036976675190811416 0.00063109766519185359 -0.0030369598078606578 -5.2908119417573787e-05 -1.4174511192407865e-05 0.00078695749688108155 0.00070794227328590848 -0.0019758199113090228 -0.0035808749251303889 -0.007144888911664299 0.0012822435284504895 -0.0023492125661781814 -0.00055103255006474507 -0.0038441058187123956 0.0021676592000044763 -0.0097161880109385562 0.00035363727961492189 -0.0032852358384932649 0.0024321883449635131 0.00011021216923444041 -0.0042512551408741012 -0.0032899304925389661 0.0022786050548781202 -0.0078237402308411804 0.0041332078384790439 -0.0011506376200558373 1.0748597209340804e-05 0.00052084348805982172 -0.00019837163763931779 -0.00039942669614805948 -7.1082423075898393e-05 0.00069056500519335169 -0.019681714192265543 -0.0057237648082448054 -0.0038446032743239527 -0.0018588361024606645 0.00053577755057321113 0.0014867741410933258 0.00020889388823572708 0.00096297896874091764 -0.0038226317667512926 -0.00030464487774596339 -0.0066985304150926732 -0.0013028970754826509 0.000758261113001037 0.00011458010679919106 -0.0027076835450230647 9.444816359035005e-07 -0.00023411911099629359 -0.0016347583566008628 0.0034677406142780013 -0.0099450748084962542 0.0011382341722375813 -0.0014110909015206518 -0.0032519817321297571 -0.0001202096273568019 0.0019338445535988054 -0.0028054255891067931 -2.4951323710586332e-06
leaf_weight=10585 356 177 779 88 147 109 41 185 373 46 43 94 42 42 83 74 94 61 40 608 52 41 79 50 43 232 43 60 48 877 47 56 3571 370 2004 50 41 61 79 781 1659 118 280 40 77 43 91 722 5802 70 48 77 106 49 62 281 45 41 122 111 53 212
leaf_count=10585 356 177 779 88 147 109 41 185 373 46 43 94 42 42 83 74 94 61 40 608 52 41 79 50 43 232 43 60 48 877 47 56 3571 370 2004 50 41 61 79 781 1659 118 280 40 77 43 91 722 5802 70 48 77 106 49 62 281 45 41 122 111 53 212
internal_value=0.000264178 7.12452e-05 0.00111769 0.000357447 -0.00200777 -0.00464435 -0.00827815 -5.80898e-06 -0.000741339 -0.00105176 -0.00214129 -0.00139108 -0.00623832 -0.008125 -0.00535714 -0.000385965 -0.00015699 -0.00435986 -0.00762963 0.000621166 -0.00148387 -0.00462766 -0.00360294 -0.00624 -0.0005996 -0.000387517 0.00186012 -0.00225962 -0.00105966 -0.000598626 -0.00454225 -0.00552381 0.000139404 -0.000342885 0.000618411 -0.00179025 -0.00755435 0.000398984 -0.00275472 0.000475256 0.00120006 -0.00127778 -0.000554562 -0.0032839 -0.00733051 0.00143519 0.00176994 0.000511696 0.000162113 -0.000795885 -0.00211431 -0.00652027 -0.00142546 -0.00299812 -0.00855856 0.000734536 -0.00152844 -0.00238606 -0.00447005 0.000509554 -0.00269886 -0.00192434
internal_weight=32761 22176 1520 1164 385 238 150 20656 3405 3032 1355 1142 213 167 125 854 1677 288 134 651 154 93 203 124 1500 1457 335 103 1122 1018 141 104 17251 6036 2465 461 91 11215 264 10951 3303 619 558 235 117 323 2684 1025 7648 1846 1065 147 918 531 110 387 421 372 216 156 175 303
internal_count=32761 22176 1520 1164 385 238 150 20656 3405 3032 1355 1142 213 167 125 854 1677 288 134 651 154 93 203 124 1500 1457 335 103 1122 1018 141 104 17251 6036 2465 461 91 11215 264 10951 3303 619 558 235 117 323 2684 1025 7648 1846 1065 147 918 531 110 387 421 372 216 156 175 303
cat_boundaries=0 1 2 3 4 5
cat_threshold=1376 3 1154 196 2514
is_linear=0
shrinkage=0.05


Tree=108
num_leaves=63
num_cat=8
split_feature=13 7 39 15 25 44 9 30 10 25 31 1 14 21 18 5 41 30 13 41 25 14 30 21 2 41 31 26 37 6 12 10 44 41 41 27 13 2 15 18 41 9 33 25 14 39 27 25 31 18 10 20 9 25 10 17 22 2 21 12 9 5
split_gain=0.715072 0.73952 1.43033 1.79122 2.30881 2.0544 2.13279 1.96979 1.46393 1.26846 1.13255 1.28888 1.11397 0.982218 0.937194 0.848131 0.811927 1.31437 0.859474 1.105 1.36118 1.31824 1.4728 1.11956 0.799727 0.792766 1.52592 0.789325 1.12258 0.762986 0.73913 1.04313 1.09249 2.53327 2.34635 1.37055 2.02864 1.33589 1.3339 1.44303 0.926418 1.07789 1.42616 1.1273 0.865564 1.49737 1.53062 1.17458 0.938621 0.864905 0.819192 1.31885 1.28236 1.14447 1.60975 0.914128 0.808401 1.24722 1.25549 1.67963 1.20903 1.64426
threshold=2.8944805194805201 6.9695193441255663 0 0.011407009024373862 1 0.18333333333333338 0.35557118259345927 16.600000000000005 -0.15981838691793634 2 1.0000000180025095e-35 -0.2093502291818736 -0.17154547782614046 2067.3350000000005 -0.055370526908610058 6.7399091627468977 173.0601774042951 100.80000000000003 0.60385208791764688 21.869967793880843 3 -0.1483190454794103 0.65000000000000024 798.50000000000011 0.10337205023816944 422.86802884615395 198.15000000000001 20.500000000000004 17.500000000000004 7.3902012327975468 48.500000000000007 -0.39122887042163595 0.2678571428571429 30.718465909090913 66.026587301587327 24.500000000000004 0.58123122796666571 -0.092397536360383267 0.099279932104248583 -0.61060820010355077 55.243766578249343 0.046226761001741876 29.492857142857151 4 -0.55961578793542244 5 51.500000000000007 6 18.550000000000001 -1.4584805407778101 -0.29721993208892167 0.040833364066278896 0.17052062847049945 7 -0.42084554211936126 1.1530055810939681 0.23092616309167788 0.078204676476294935 1647.5000000000002 14.500000000000002 0.21322143509024269 8.5742839991180286
decision_type=2 2 1 2 1 2 10 2 2 1 2 2 2 8 10 2 2 2 2 2 1 2 2 10 2 2 2 2 8 2 2 2 2 2 2 2 2 2 2 10 2 10 2 1 2 1 2 1 2 10 2 10 10 1 2 2 10 2 10 2 8 2
left_child=1 16 3 9 -5 6 7 8 -6 10 -3 -12 14 -10 -13 -4 18 27 19 20 -1 -21 23 -23 -9 -11 -27 28 -18 -14 31 -17 40 37 -35 -36 -37 38 39 -34 56 42 -42 49 45 46 48 -47 -32 -43 51 55 -53 -54 -55 -46 -33 -58 59 -59 61 -60
right_child=-2 2 15 4 5 -7 -8 24 13 25 11 12 29 -15 -16 30 17 -19 -20 21 -22 22 -24 -25 -26 26 -28 -29 -30 -31 44 32 33 34 35 36 -38 -39 -40 -41 41 43 -44 -45 50 47 -48 -49 -50 -51 -52 52 53 54 -56 -57 57 58 60 -61 -62 -63
leaf_value=-0.0045355045821158946 0.0031948152519783641 -0.0077223815750795139 -0.0040063376178719901 -0.00011592710650995156 -0.0032616199710739564 -0.0090512739531429832 0.00055886112624771358 -0.0020836545151575094 -0.006116946306503843 0.0024195877912413667 0.0041688627991664749 -0.00027665686945578977 0.0007718258565944454 -0.013895990793959982 -0.0037884865646776039 0.0023342315753062505 -0.0017632283381594028 -0.00054127012221711582 0.00029545062445450145 0.00066140427805957015 0.0026248226327515913 -0.0049894446467034677 -0.00013552965723317992 -0.0041298644014658541 0.0044790551316622245 0.0039837180822247407 -0.0063461780409848085 0.0022871370406603417 0.00035474583455465775 -0.0031421459235848048 -0.0071931303309169456 0.00023451864456557221 -4.9840247178326103e-05 -0.021944880481416844 0.0014027253986003756 -0.005355448585605771 5.0018627944180968e-05 0.0008307597289830093 0.00045848845480122842 -0.0042112305657058336 -0.0011181866892515102 0.0017787857152540339 0.00083997974035509887 0.0010842548846686424 0.00058252887221158238 -0.00065518956890836045 0.00060269826360278265 0.00036270454442411326 -0.0021430104790335597 7.0239309394913006e-06 0.00011996687893422256 -0.0030892162506558369 0.0026972400175333594 -3.75671791292165e-05 -0.0057334625997634801 -0.0072332807766951101 0.00036237334791196295 -0.0096785214245900027 -0.00011952166348537705 -0.0032902674087733233 0.00066839459790087703 -0.0074474476326083427
leaf_weight=104 190 67 55 476 41 50 157 81 44 539 110 90 138 40 58 618 41 61 1578 89 268 40 82 43 46 94 40 886 1214 88 99 5119 81 41 55 54 54 534 77 68 45 132 49 2456 470 674 117 1085 177 1470 11412 52 103 60 46 48 469 47 85 56 121 41
leaf_count=104 190 67 55 476 41 50 157 81 44 539 110 90 138 40 58 618 41 61 1578 89 268 40 82 43 46 94 40 886 1214 88 99 5119 81 41 55 54 54 534 77 68 45 132 49 2456 470 674 117 1085 177 1470 11412 52 103 60 46 48 469 47 85 56 121 41
internal_value=0.000352617 0.000334753 0.000240702 -0.000993087 -0.00264423 -0.00511702 -0.00403659 -0.00687747 -0.0113095 0.000261225 -0.00150356 -0.000680412 -0.00208 -0.0150588 -0.00543624 0.000343162 0.000937146 0.00161598 0.000258504 -0.00130781 0.000428955 -0.00384314 -0.0064759 -0.011131 -0.00246094 0.00170322 -0.0017037 0.00182306 0.00101513 0.000132159 0.000356512 0.000651932 0.000540027 -0.00106736 -0.006 -0.00326219 -0.00651376 0.000262812 -0.00295154 -0.0057 0.000693688 0.00126655 -0.004 0.0013895 0.000116077 -0.000808174 -0.00355198 -0.000172316 -0.00566787 0.000347179 0.000279282 -0.00128846 -0.00417939 -0.00240476 -0.0057265 0.000173411 0.000292979 -0.00116463 -0.0034188 -0.00802885 -0.00147177 -0.00488189
internal_weight=32825 32635 28229 2159 935 459 409 252 125 1224 551 484 374 84 148 26070 4406 2202 2204 626 372 254 165 83 127 673 134 2141 1255 226 26015 11672 11054 964 204 163 108 760 226 149 10090 4152 94 4058 14343 2152 393 1759 276 1602 12191 779 261 209 106 518 5938 819 350 103 247 126
internal_count=32825 32635 28229 2159 935 459 409 252 125 1224 551 484 374 84 148 26070 4406 2202 2204 626 372 254 165 83 127 673 134 2141 1255 226 26015 11672 11054 964 204 163 108 760 226 149 10090 4152 94 4058 14343 2152 393 1759 276 1602 12191 779 261 209 106 518 5938 819 350 103 247 126
cat_boundaries=0 1 2 3 4 5 6 7 8
cat_threshold=256 1682 1606 904 645 3072 2345 481
is_linear=0
shrinkage=0.05


Tree=109
num_leaves=63
num_cat=1
split_feature=2 12 20 27 7 21 14 35 27 36 7 35 10 33 4 7 7 21 27 36 15 33 39 26 3 30 12 27 17 13 27 7 4 27 21 5 17 17 26 27 4 19 5 31 19 14 23 19 21 19 30 15 26 41 2 33 41 31 21 1 21 17
split_gain=0.838162 1.10175 1.02032 1.96466 0.800901 0.785695 0.761274 0.707646 1.0799 2.05344 0.962361 0.818976 1.18115 1.78294 1.63088 0.944918 0.77187 0.850936 0.765274 1.4023 2.31287 0.75502 0.73305 1.47083 1.46877 1.38839 1.48679 1.39999 1.41397 2.10356 1.10011 1.85359 2.23313 1.65272 1.16518 1.18424 1.0865 2.50726 1.46176 1.08076 1.02935 1.24406 1.15515 1.03487 1.00441 0.945592 0.935893 1.34403 0.924879 0.882809 0.816187 0.888151 0.77443 0.733406 0.893182 0.881981 0.702801 1.15882 0.661979 1.00315 0.65415 0.652779
threshold=-0.34291792354734868 78.500000000000014 0.096775997024097712 37.500000000000007 6.4683555916310196 2502.5000000000005 -0.38341832190712294 0.0026632652206117794 57.500000000000007 1.8468525474843153e-05 7.3647036598012763 1.0729920783452356e-06 -0.17082649431896166 29.921428571428574 0.010410345839210413 6.936224538603958 6.6695641239230161 1249.7850000000001 14.500000000000002 0.022402253249436739 0.02902583490858213 37.507142857142867 0 14.500000000000002 -0.12675143536894581 0.75000000000000011 57.500000000000007 31.500000000000004 0.12667972823737819 0.70000007499996253 33.500000000000007 7.9667600759180521 -1.0000000180025095e-35 43.500000000000007 1900.8350000000003 7.9437011849220829 -0.58503674990599241 0.065014853195458869 6.5000000000000009 18.500000000000004 -0.050645031521740595 -0.015271678231105276 7.3324506428105538 27.150000000000009 0.15114312514792974 -0.45392549004185406 1.0303952125268678 0.0075257511184161343 1784.1650000000002 -0.081936536043111005 53.000000000000007 0.2513144282809065 51.500000000000007 10.163978494623658 0.11686424898728955 37.564285714285724 2648.1093750000005 234.20000000000002 1430.6200000000001 0.061390617348792371 2600.8350000000005 0.60538232824724225
decision_type=2 2 10 2 2 8 2 2 2 2 2 2 2 2 2 2 2 10 2 2 2 2 1 2 2 2 2 2 2 2 2 2 2 2 10 2 2 2 2 2 2 2 2 2 2 2 8 2 10 2 2 2 2 2 2 2 2 2 10 2 10 2
left_child=1 4 6 -4 5 -1 -3 11 18 10 -10 16 -13 -14 15 -15 17 61 19 -9 60 58 23 24 39 26 36 28 29 -28 31 44 -33 40 35 48 -26 38 -38 46 43 49 -43 -32 52 -36 -18 -48 53 -42 51 -46 56 54 -35 -55 -25 -58 59 -19 -21 -2
right_child=7 2 3 -5 -6 -7 -8 8 9 -11 -12 12 13 14 -16 -17 22 21 -20 20 -22 -23 -24 30 25 -27 27 -29 -30 -31 33 32 -34 34 45 -37 37 -39 -40 -41 41 42 -44 -45 50 -47 47 -49 -50 -51 -52 -53 -54 55 -56 -57 57 -59 -60 -61 -62 -63
leaf_value=0.0024048708065960828 0.0012581167322258087 -0.0020482434346936252 0.0026233798331302925 -0.0091755714115450814 0.0018913637286740764 -0.010437417832011155 0.0004238183331173472 0.00039326520970226159 -0.00037533591646430643 0.00085324709482797957 -0.0033763821425082836 0.00046078541205191371 0.00082132524024194952 0.0012249803566388247 -0.0051819007878473287 -0.0012922005865393274 9.3596528057606583e-05 -0.0020335485002808715 0.0016027452440282473 0.0019189265099255109 -0.0017355430169950948 -0.0052654723086877431 0.00011425804829400937 0.0015223387029511329 0.00016647164321604533 0.0017181497061056997 5.409802033042137e-05 0.0019300789562767926 0.00022453009235560344 -0.007324618969582395 -0.0045977203559696726 -0.0095925053339555918 7.2490657091645058e-05 -0.0057446519647605535 -0.0011726474672989712 -0.011099243610020487 -0.0081824958706869632 -0.00064979965338966047 -0.0023456651655563775 0.0014517970002478064 -0.0040172503441385891 -0.0017321647388984164 -0.0073612190983286772 0.0012642217967647584 0.0023210166342704738 0.0046797644051678943 1.612057799366875e-05 -0.0032759884579656399 -0.0038905087915707664 7.6111308284646011e-05 -0.0027517602172614192 -0.0052435337403768387 -0.0019925486987472682 -4.706853900703353e-05 0.00018906087674444799 0.0040217545943384593 0.00090945906456477371 -0.002443136847737992 0.0042147469873573878 0.0027037347814103663 -0.00046006529697073702 -0.00058132180034082073
leaf_weight=46 1194 77 58 57 1867 43 313 338 40 125 40 109 77 41 48 90 133 72 507 52 49 77 21056 1515 55 114 45 100 83 45 42 40 64 61 43 49 51 202 76 273 58 85 65 114 103 300 53 42 74 71 77 56 89 1464 50 144 142 53 122 52 41 231
leaf_count=46 1194 77 58 57 1867 43 313 338 40 125 40 109 77 41 48 90 133 72 507 52 49 77 21056 1515 55 114 45 100 83 45 42 40 64 61 43 49 51 202 76 273 58 85 65 114 103 300 53 42 74 71 77 56 89 1464 50 144 142 53 122 52 41 231
internal_value=0.000353534 0.00124086 -0.000839921 -0.0049569 0.00177823 -0.00283333 0.000383632 0.000281644 0.00147527 -0.00182039 -0.00802469 0.000232869 -0.00211749 -0.00396887 -0.00669444 -0.00375 0.000262693 0.00128073 0.00216093 0.000727651 -0.00342657 -0.00103395 0.000196951 -0.000288811 -0.0017989 -0.0031671 -0.00405015 -0.00122263 -0.00393678 -0.00824176 0.000114496 0.000955608 -0.00552381 -0.0005723 -1.14362e-05 -0.000510038 -0.00605195 -0.00713636 -0.0126172 0.000308765 -0.00338303 -0.00519643 -0.00827815 -0.000127388 0.00128929 0.00265988 -0.00222707 -0.00598958 -0.000298216 -0.00157692 -0.00177215 0.00028125 0.00169167 -6.10463e-05 -0.00397321 0.000211312 0.0019287 -0.000892857 0.000323887 -0.00224 0.0012234 0.00180575
internal_weight=32853 2461 505 115 1956 89 390 30392 1192 205 80 29200 365 256 179 131 28835 1748 987 480 142 323 27087 6031 1272 771 657 273 173 90 4759 2139 104 2620 2185 1842 384 329 127 501 435 279 150 156 2035 343 228 95 1793 129 236 159 1799 1719 111 1608 1710 195 246 124 93 1425
internal_count=32853 2461 505 115 1956 89 390 30392 1192 205 80 29200 365 256 179 131 28835 1748 987 480 142 323 27087 6031 1272 771 657 273 173 90 4759 2139 104 2620 2185 1842 384 329 127 501 435 279 150 156 2035 343 228 95 1793 129 236 159 1799 1719 111 1608 1710 195 246 124 93 1425
cat_boundaries=0 1
cat_threshold=2306
is_linear=0
shrinkage=0.05


Tree=110
num_leaves=63
num_cat=2
split_feature=33 38 7 44 20 24 0 6 22 42 9 3 33 33 33 5 5 31 4 41 10 15 42 26 4 17 26 9 18 33 8 12 11 6 31 21 19 16 41 31 0 15 4 4 0 31 0 26 12 31 19 31 42 31 33 19 21 0 11 26 41 5
split_gain=0.719127 0.889781 0.987284 0.867959 0.869449 0.833798 0.899319 1.08108 0.812669 0.946198 0.805485 0.777548 0.948067 1.80222 1.38196 0.924536 2.07788 1.3771 2.04266 2.71007 1.74577 1.37689 0.911025 0.906988 1.23384 1.11235 1.04767 1.39708 0.839983 0.923986 0.775086 1.228 1.23255 1.10012 1.74059 1.24117 1.14907 1.13604 1.07188 1.16508 1.19935 1.16239 1.07219 1.35199 1.58125 1.08646 1.06758 0.999844 0.959866 2.01164 1.87821 1.65093 0.921332 0.880041 0.963461 0.870869 0.827952 0.823726 0.799451 0.858826 0.784194 0.779342
threshold=38.164285714285725 0 6.6399108446429524 0.5634920634920636 -0.21831846471262356 1 0.04725295929246754 8.7061490255127314 -0.1053105131576596 0.96799795186891979 0.36018694969163523 0.30499326346826466 26.578571428571433 26.221428571428579 27.13571428571429 8.1165360390935142 7.7647556787453444 70.950000000000017 0.22314355131420929 8.8804421768707495 -0.30593199763336404 0.081770950546220314 0.88975694444444453 36.500000000000007 0.53639803979177192 0.97621166414477234 33.500000000000007 0.2503564560228328 -0.41405964279487278 28.928571428571434 0.26611854783771605 14.500000000000002 43.500000000000007 7.2128963293295483 10.15 1630.7500000000002 0.1171458671898027 0.036394137746188944 7.8686854887674569 2.1500000000000008 0.13155449130998556 -1.3180513842907995 0.11191791620398518 0.1670676787307164 -0.064538521137571955 5.9500000000000011 -0.38946412160001648 40.500000000000007 82.500000000000014 44.949999999999996 0.059961392162521172 4.0500000000000016 0.93798076923076934 228.30000000000004 33.107142857142868 -0.056029072194392356 699.83500000000015 -1.0000000180025095e-35 27.500000000000004 26.500000000000004 23.124509012644612 7.4846844647537685
decision_type=2 1 2 2 10 1 2 2 8 2 8 2 2 2 2 2 2 2 2 2 2 2 2 2 2 2 2 10 10 2 8 2 2 2 2 10 2 2 2 2 2 2 2 2 2 2 2 2 2 2 2 2 2 2 2 2 10 2 2 2 2 2
left_child=1 2 -1 4 -2 6 7 -4 9 11 -8 12 13 22 -14 16 23 20 21 -20 -18 28 -3 24 26 -25 -16 -28 29 -19 31 32 -10 36 35 -35 57 -37 39 40 -33 -41 45 -44 -45 -43 52 -48 56 50 51 -50 -32 54 -46 -42 60 -34 -51 -60 -40 -62
right_child=3 8 5 -5 -6 -7 10 -9 30 -11 -12 -13 14 -15 15 -17 17 18 19 -21 -22 -23 -24 25 -26 -27 27 -29 -30 -31 46 38 33 34 -36 37 -38 -39 48 41 55 42 43 44 53 -47 47 -49 49 58 -52 -53 -54 -55 -56 -57 -58 -59 59 -61 61 -63
leaf_value=0.0017114408925102684 -0.0083076109662578897 -0.0026054498333720434 0.0012600442172422885 -0.0025838622938411282 0.0007696626836683182 9.8390872933812933e-05 -0.00012004959348368818 -0.00015689336911873681 0.00018031640198289947 0.00098156055610871228 0.0039799574995569558 0.0010788738258456808 0.0025255098331980713 -0.0070932840284297543 0.00011295376999026785 0.000295409517646041 -0.0065450959011288173 0.0032433106291922583 -0.013403103559111616 0.00023695670753124767 0.00010890702618494038 0.0006646811367012318 0.0023737211640326647 0.002809474371110266 -0.0086916697636235038 -0.0013656260907964305 -0.0052081151677948398 0.00061574355647371485 -0.0066464966077401022 -0.0080689729020793511 0.0011593548896219096 0.0015821431223701716 0.0012377989830046222 -0.0097955349117458991 -0.00018203673827328105 -0.0025816523636369268 -0.0035911283681462009 -0.0037874851671383554 -0.001562301817481581 -0.010941343029179025 -0.0050642139173537352 -0.0087683319480300111 -0.0037728370781706399 -0.0046083612426736217 0.00078690811326618008 0.00018437215923347591 4.4787315910270372e-05 0.0026715498726848363 -0.0009113184014155611 0.0011529542317973937 0.00074121809476977892 -0.0077364640896342256 -0.0021146930810030432 -0.0048922000881136173 -0.00076071893840225712 -7.4651253121522996e-05 0.00043266100430955151 -0.00037623427998018338 -0.0094259346091800453 -5.1791619668916148e-05 7.8208410778319489e-05 -0.0012108759450841439
leaf_weight=495 55 51 1792 47 2807 12583 894 395 152 2164 92 508 166 50 1155 1024 42 47 79 41 351 125 46 449 43 49 54 71 85 50 55 369 99 49 116 50 58 47 44 45 40 54 55 58 214 366 1277 379 63 217 64 61 83 64 41 85 1779 132 41 205 425 115
leaf_count=495 55 51 1792 47 2807 12583 894 395 152 2164 92 508 166 50 1155 1024 42 47 79 41 351 125 46 449 43 49 54 71 85 50 55 369 99 49 116 50 58 47 44 45 40 54 55 58 214 366 1277 379 63 217 64 61 83 64 41 85 1779 132 41 205 425 115
internal_value=0.00039923 0.000325963 0.000575268 0.00114948 0.00126092 0.000506442 0.00122959 0.00179845 2.6543e-05 0.00042099 -2.02632e-05 6.68617e-06 -0.0002287 -0.00415541 -7.69831e-05 -0.000279596 -0.000774035 -0.00286236 -0.00482477 -0.0103306 -0.00072335 -0.0026461 -0.000153061 0.000167399 -0.000517371 0.00198397 -0.000234192 -0.00456349 -0.00540984 -0.00219388 -0.000353469 -0.000667449 -0.00260653 -0.00370471 -0.00604563 -0.00965986 -0.00156897 -0.00627551 -0.000357467 -0.00150503 0.000444445 -0.00257795 -0.00215709 -0.003903 -0.00281746 -0.000356294 0.00054039 0.000893181 0.000172471 -0.00152607 -0.00587302 -0.00944 -0.00366906 -0.00142187 -9.76561e-05 -0.00376984 0.000640863 2.15519e-05 0.000247845 -0.0017004 -0.000991453 -0.000462107
internal_weight=32712 29803 16251 2909 2862 15756 3173 2187 13552 6650 986 4486 3978 147 3831 3665 2641 820 427 120 393 307 97 1821 1323 498 1280 125 182 97 6902 5108 703 551 262 146 289 97 4405 1391 494 897 852 432 377 420 1794 1656 3014 651 188 124 138 319 255 125 2363 231 463 246 584 540
internal_count=32712 29803 16251 2909 2862 15756 3173 2187 13552 6650 986 4486 3978 147 3831 3665 2641 820 427 120 393 307 97 1821 1323 498 1280 125 182 97 6902 5108 703 551 262 146 289 97 4405 1391 494 897 852 432 377 420 1794 1656 3014 651 188 124 138 319 255 125 2363 231 463 246 584 540
cat_boundaries=0 1 2
cat_threshold=3 2
is_linear=0
shrinkage=0.05


Tree=111
num_leaves=63
num_cat=8
split_feature=2 41 7 2 25 17 31 34 44 39 44 33 11 25 17 39 7 2 11 17 31 18 1 36 39 33 12 39 41 33 25 12 17 37 37 27 14 11 27 8 2 15 39 30 33 31 31 7 13 10 30 7 41 0 15 42 42 11 2 41 23 4
split_gain=1.28336 0.983262 0.837843 0.887281 1.31103 0.760581 1.52444 0.757703 0.722332 1.64459 0.807291 0.827278 0.694821 0.999471 1.20409 0.977904 1.72031 1.39736 1.27844 1.16177 1.15465 0.925491 1.11224 0.894466 1.24421 1.89944 1.28069 0.797816 0.88633 1.24388 0.79777 1.75299 1.5677 1.09595 1.38216 0.919337 0.890986 0.824781 1.46864 1.91731 1.26982 0.978524 1.02389 1.18288 0.991136 1.54852 1.02241 0.997464 1.00655 0.855162 1.30825 1.00136 1.02224 0.838653 0.829697 0.775204 0.765896 0.75023 1.20874 1.01934 0.815803 0.748303
threshold=-0.075508007053393097 7796.7717079741387 6.6695641239230161 0.045745056185307227 0 0.38394845350407153 24.050000000000004 1.0000000180025095e-35 0.38750000000000007 1 0.5634920634920636 28.492857142857151 20.500000000000004 2 0.97621166414477234 3 7.6899272846229403 0.021621312199875401 42.500000000000007 0.56157988110339441 115.10000000000004 0.62595604965342455 0.024692612590371702 7.0063692974840213e-05 4 28.864285714285717 66.500000000000014 5 2.5803225806451615 28.907142857142862 6 83.500000000000014 -0.45188066831301382 18.500000000000004 45.500000000000007 42.500000000000007 -1.1994848170202668 83.500000000000014 52.500000000000007 0.021341350041206315 0.35157165057755352 -1.518827846213423 7 0.15000000000000005 27.292857142857148 215.05000000000004 160.75000000000003 8.2048991865678484 0.27777888888888896 -0.11853143967685707 0.75000000000000011 7.8172857573495884 12.405458089668619 0.02109386063590302 0.2876820724517809 0.84168755221386815 0.81892697466467967 39.500000000000007 0.095310179804325226 93.667543859649143 0.35667494393873261 -1.0000000180025095e-35
decision_type=2 2 2 2 1 2 2 2 2 1 2 2 2 1 2 1 2 2 2 2 2 10 2 2 1 2 2 1 2 2 1 2 2 10 10 2 2 2 2 8 2 2 1 2 2 2 2 2 2 2 2 2 2 2 2 2 2 2 2 2 8 2
left_child=7 2 3 -2 -5 -6 -7 -1 12 10 11 -10 13 14 23 16 17 18 -14 21 -18 22 -20 24 25 -4 -27 28 29 -15 31 32 57 36 35 -35 -34 38 49 -40 -39 -41 43 -43 45 46 -44 48 -46 50 51 54 -53 -42 -32 -26 -33 58 -17 -59 -61 -51
right_child=1 -3 8 4 5 6 -8 -9 9 -11 -12 -13 15 27 -16 30 20 -19 19 -21 -22 -23 -24 -25 55 26 -28 -29 -30 -31 37 56 33 34 -36 -37 -38 40 39 41 53 42 44 -45 47 -47 -48 -49 -50 61 -52 52 -54 -55 -56 -57 -58 59 -60 60 -62 -63
leaf_value=0.00031449565809284273 0.0018251029912006709 0.00072709351090041415 0.00026852963377966107 0.0027595137362467839 9.4446069214617378e-05 -0.00032431452215813674 -0.0034692779038943801 0.0021541574710228295 -0.0029192763221302168 0.0015024033992908732 -0.0022599076875745965 0.00056502152248304779 -0.0036903253738154273 0.0012038085841692464 -0.00076463723812766036 0.00095513013766135757 -0.0082594019712810274 6.8191611183573327e-05 -0.0021746592042242332 -0.003767903555816788 -0.0035635412897529004 0.0020526316112020947 0.0019073584947595828 0.0026407350373292516 -0.0018468038695805718 -0.006147163622319823 -0.0010425434400712025 3.564850458827616e-06 0.0006688544633738125 -0.0027236757341216975 0.00059618244554355453 -0.0010478900079725296 -0.0025983748164343824 -0.0037298825519678012 0.00074496594118682053 -0.0014511778188547805 -0.00037249990937241335 0.00084986810707190661 -0.0040063280649993696 -0.0053669814721244435 -0.0054804626232918263 -0.003807800330333698 -0.0017048661124427695 0.0015022114501373003 -0.0035393592538843243 -0.0023649681336319287 0.0019656813200123581 -0.0034200687082427423 0.0001258493187864047 0.00048833609938289647 0.00024026320727049572 -0.00019595522468884863 -0.0077193137539669603 -0.0001547806543047284 -0.0022103383659001414 6.8497450408443227e-05 0.0006361361702537701 0.0013858704747160781 -0.0019024628059684376 -0.0047669027407820528 0.00032069312059366563 9.6951249247619222e-06
leaf_weight=10043 420 327 72 262 465 136 45 501 48 564 40 134 61 67 52 79 40 597 60 50 44 57 47 68 55 57 54 2428 2518 62 80 83 45 50 44 45 3466 1370 40 44 46 46 72 473 49 58 53 40 414 1742 300 53 61 67 42 795 628 492 59 69 56 2411
leaf_count=10043 420 327 72 262 465 136 45 501 48 564 40 134 61 67 52 79 40 597 60 50 44 57 47 68 55 57 54 2428 2518 62 80 83 45 50 44 45 3466 1370 40 44 46 46 72 473 49 58 53 40 414 1742 300 53 61 67 42 795 628 492 59 69 56 2411
internal_value=0.00034904 0.000133316 9.25674e-05 0.00130926 0.000429043 -0.000791476 -0.00354396 0.000803224 1.38701e-05 0.00149936 -0.002103 -0.000765027 -4.52888e-05 0.000391716 -0.00093213 -0.000246416 -0.0017787 -0.00113402 -0.00407609 -0.00223256 -0.00858823 -0.000181818 -0.00291667 -0.000585299 -0.000952611 -0.00456186 -0.00888393 0.000693079 0.00129233 -0.00273077 -0.000128297 -0.000608543 -0.000981616 -0.00141057 -0.00575 -0.00911458 -0.00123719 0.000201419 -6.02106e-05 -0.00155426 0.00125674 -0.001204 -0.000932836 0.000745283 -0.00218077 -0.00535326 -0.00218254 -0.00106151 -0.000398707 0.000350746 -0.001527 -0.0043038 -0.00765217 -0.00381579 -0.00113821 -0.000116144 0.00169242 0.00109127 -0.00223022 0.00183657 -0.00218254 0.000593404
internal_weight=32746 22202 21875 1328 908 646 181 10544 20547 786 222 182 19761 6228 1153 13533 956 872 275 214 84 164 107 1101 1033 183 111 5075 2647 129 12577 5116 4405 3650 139 95 3511 7461 5978 1289 1483 1249 1205 519 686 183 125 503 463 4689 536 236 114 113 122 850 711 755 138 617 125 4153
internal_count=32746 22202 21875 1328 908 646 181 10544 20547 786 222 182 19761 6228 1153 13533 956 872 275 214 84 164 107 1101 1033 183 111 5075 2647 129 12577 5116 4405 3650 139 95 3511 7461 5978 1289 1483 1249 1205 519 686 183 125 503 463 4689 536 236 114 113 122 850 711 755 138 617 125 4153
cat_boundaries=0 1 2 3 4 5 6 7 8
cat_threshold=1314 4620 1536 2048 514 6810 1101 1321
is_linear=0
shrinkage=0.05


Tree=112
num_leaves=63
num_cat=8
split_feature=2 9 44 39 3 3 9 31 20 3 39 44 25 20 4 9 1 0 22 7 25 25 4 6 20 33 27 10 10 20 13 6 25 17 18 9 27 18 10 3 25 18 22 7 30 23 7 7 42 7 10 9 31 39 27 2 3 31 17 41 22 17
split_gain=0.857924 0.980374 0.840441 1.06303 0.965338 1.3255 0.791752 1.33045 2.26032 0.759928 1.10878 1.55802 1.9629 1.71423 1.27122 1.90362 1.54697 1.04716 0.760961 0.748353 1.94792 1.38317 1.12402 1.25773 1.36077 1.86407 0.756986 0.873896 1.25896 0.814573 0.742096 0.910164 1.00129 1.38634 0.875063 0.847089 1.34381 1.56364 1.41549 1.39387 1.02253 1.22565 1.50971 0.843598 0.787022 0.764631 1.20446 0.717759 1.30267 0.713559 0.852054 0.713408 0.68235 1.66543 1.55279 2.00552 1.35747 1.70528 2.41933 1.09351 1.10059 1.0663
threshold=-0.075508007053393097 0.097115027894571951 0.38750000000000007 0 -0.024097551579060458 0.11778321422784367 0.039551689749991022 245.65000000000003 -0.005706442919606214 -0.72901791152133277 1 0.21111111111111114 2 -0.055055249651155123 -0.33647223662121245 0.1800547677889594 -0.1069113143221183 0.40567836129921148 0.060626820822044535 7.8689779826927007 3 4 -0.33647223662121245 8.4459309175140742 0.021372048750024485 29.921428571428574 11.500000000000002 -0.19127705970853712 -0.14069640294278682 -0.0066450016646801046 0.82051410256410262 9.0460757767044075 5 -0.04054887995193051 -0.61060820010355077 0.20501403077415165 19.500000000000004 1.3959534417666728 -0.35538400023050393 -0.39039736377956608 6 0.31633665584916448 -0.058236298707245164 8.5238913688970932 24.250000000000004 -1.0000000180025095e-35 9.2342534746616369 8.1436343601505854 0.95275297619047628 7.7690273030243509 0.1167561295602746 0.35050979076256505 5.9500000000000011 7 2.5000000000000004 0.011754111869943797 0.43178206577676553 1.9500000000000004 -0.15455137088648049 2.4550505050505054 0.064538911762418646 -0.044302598652266038
decision_type=2 8 2 1 2 2 8 2 10 2 1 2 1 10 2 10 2 2 10 2 1 1 2 2 10 2 2 2 2 10 2 2 1 2 10 8 2 10 2 2 1 10 8 2 2 10 2 2 2 2 2 10 2 1 2 2 2 2 2 2 8 2
left_child=1 -1 6 4 -4 -6 7 -2 -9 18 17 30 -13 -14 16 -16 -15 19 -3 21 22 26 -21 24 25 -24 -11 -28 -29 -30 35 32 33 34 -32 36 -12 38 39 -38 41 42 -40 47 -43 46 -33 49 -49 50 -37 -22 53 54 55 -8 59 -58 -59 60 -55 -54
right_child=2 9 3 -5 5 -7 52 8 -10 10 11 12 13 14 15 -17 -18 -19 -20 20 51 -23 23 -25 -26 -27 27 28 29 -31 31 45 -34 -35 -36 43 37 -39 40 -41 -42 44 -44 -45 -46 -47 -48 48 -50 -51 -52 -53 61 56 -56 -57 57 58 -60 -61 -62 -63
leaf_value=0.00083451282580481422 0.0016564309106514186 0.0032552584543248907 0.0051982493322274437 0.0016985448920991777 -0.0022777434458439265 0.00041501475722990791 -0.0070609295283210003 0.00084053458877298868 -0.0015675306713471727 0.0010344864096749483 0.0002388275857154907 0.0024311780968191668 9.4213397164584045e-05 0.0020000497636257328 -0.0014265990082996921 -0.016174423763217774 -0.0030403517463887739 -0.0088138970506994457 -0.0016541390090352083 0.0013759004426207669 0.00067483498555502845 0.0017740468720579584 -0.0016187717003367981 0.00071067325501631892 -0.00072831115335098505 -0.0040089662035783114 0.00078006405752548797 -0.003549259621307923 -0.0019982019473792898 0.00051198122975273453 -0.0014974499419184617 -0.018548829410430623 0.0013752225464652079 0.00037245917561138124 -0.0093151109760112507 0.00011359078497029077 -0.0019879386513894518 -0.0055059078400502039 -0.0068064153366824828 -0.0064765085155272656 0.00047032983909019193 -0.0019987340427002386 -0.00052394639174514442 0.0048505122524789548 0.0030157558644635825 0.00090972610092574413 0.001602210944642136 0.0010182930521628207 -0.0058950571457867702 0.0036458906780044136 -0.0035622514291668234 -0.00078003753215529544 0.00031172115482616225 -0.0025111402403689082 -0.00029435935929146605 -0.0013607508115874988 -5.2113459955583827e-05 -0.00019197415529777562 -0.0089979550145837996 0.00021863986753241525 0.0034796884859744403 -1.8916882419047913e-05
leaf_weight=1398 460 464 54 582 73 132 56 51 63 214 331 122 72 68 56 67 40 42 55 119 1268 1790 56 74 86 54 179 50 56 100 43 55 1567 207 40 560 64 48 58 40 310 42 55 165 47 52 46 67 61 175 78 45 5260 85 2869 114 208 60 42 4122 42 7961
leaf_count=1398 460 464 54 582 73 132 56 51 63 214 331 122 72 68 56 67 40 42 55 119 1268 1790 56 74 86 54 179 50 56 100 43 55 1567 207 40 560 64 48 58 40 310 42 55 165 47 52 46 67 61 175 78 45 5260 85 2869 114 208 60 42 4122 42 7961
internal_value=0.000354956 0.000725418 0.000178548 0.00172803 -0.000944444 -0.00254854 0.000117557 0.00194783 -0.00286956 0.000537599 0.000426182 -0.000114361 -0.00299296 -0.00504777 -0.00730603 -0.0107661 -0.00330275 0.00101713 0.00239423 0.00110093 0.000299472 0.00167155 -0.0027625 -0.00461255 -0.00670051 -0.0103604 -0.000418033 -0.0017487 -0.00396135 -0.00171974 0.000183609 0.000870214 0.001176 -0.00149502 -0.00696429 -0.000473359 -0.00153112 -0.00282707 -0.00213938 -0.00742857 -0.00105263 -0.00370892 -0.00732456 0.000478772 0.0005 -0.00282468 -0.00534314 -0.000100849 -0.00356589 0.000448403 -0.000328638 0.00121979 6.70031e-05 -0.000310567 -0.00121475 -0.00584795 0.000294311 -0.00289389 -0.00815534 0.000528235 -0.00402344 0.000283997
internal_weight=32820 10586 22234 841 259 205 21393 574 114 9188 8669 4536 425 303 231 123 108 4133 519 4091 1702 2389 389 270 196 110 599 385 206 156 4111 2010 1857 290 83 2101 995 664 616 104 512 202 113 1106 89 153 101 941 128 813 638 1313 20819 7598 3039 170 4559 310 102 4249 127 13221
internal_count=32820 10586 22234 841 259 205 21393 574 114 9188 8669 4536 425 303 231 123 108 4133 519 4091 1702 2389 389 270 196 110 599 385 206 156 4111 2010 1857 290 83 2101 995 664 616 104 512 202 113 1106 89 153 101 941 128 813 638 1313 20819 7598 3039 170 4559 310 102 4249 127 13221
cat_boundaries=0 1 2 3 4 5 6 7 8
cat_threshold=4876 6694 593 776 7 130 880 7233
is_linear=0
shrinkage=0.05


Tree=113
num_leaves=63
num_cat=6
split_feature=10 9 2 8 25 39 23 31 10 19 42 33 6 22 23 2 36 19 15 24 16 6 14 33 6 3 9 18 22 27 23 4 9 3 22 13 24 9 9 14 18 33 3 2 10 27 3 31 39 31 22 38 33 31 31 31 31 31 15 10 16 9
split_gain=1.14082 1.2939 1.17736 1.62788 0.75036 0.858303 1.25543 1.18631 1.08411 1.83727 1.00954 1.59239 1.34347 1.25225 1.0388 1.89875 1.43189 1.01738 1.34848 1.16275 0.957847 0.957702 0.985811 0.931151 1.04828 0.979035 1.28186 1.75112 0.907107 0.89088 1.46983 1.17611 1.36731 2.55272 0.877522 1.17437 0.874849 0.788809 0.858798 0.772011 1.50509 1.8049 1.04388 0.768808 0.95835 0.761249 1.36014 1.7589 1.83216 1.69974 2.03885 1.66461 2.79126 2.72012 2.80252 2.60622 3.7777 1.46074 1.20923 0.986699 0.965094 0.926126
threshold=-0.42084554211936126 0.19190306469275212 -0.32414550939776759 0.19467250608948591 0 1 -2.2106236739135805 298.75000000000006 0.51227776901457223 -0.050917082076170413 0.97646733111849404 39.064285714285724 7.4089672635647448 0.54671591762331107 -0.44628710262841914 -0.15818534996939923 3.1644671735503307e-07 0.041149591174201201 0.21125388123254887 2 0.08912916962838581 7.957998562225562 -0.25650469876072685 29.307142857142864 8.9309400320396808 1.0000000180025095e-35 0.072201556073746467 0.39120235831932232 0.064538911762418646 20.500000000000004 0.28688525953414207 0.17185025692665915 0.11552828281838948 -0.16705408466316693 0.1401641433557044 0.60000015789482009 3 0.11368564950351491 0.11638485377313439 -0.97346099110802287 -1.0459835035997391 30.264285714285723 -0.20763936477824393 -0.16831897521691894 -0.032498178009932481 58.500000000000007 0.33493526499453902 124.35000000000001 4 231.45000000000005 -0.94541969146083771 5 29.807142857142864 83.65000000000002 93.750000000000014 21.050000000000001 5.6500000000000012 100.95000000000003 -0.41951567903580184 0.023235081878547174 -0.10484331006241597 0.34553039818057613
decision_type=2 10 2 10 1 1 8 2 2 2 2 2 2 10 10 2 2 2 2 1 2 2 2 2 2 2 10 10 8 2 10 2 10 2 10 2 1 8 10 2 10 2 2 2 2 2 2 2 1 2 10 1 2 2 2 2 2 2 2 2 2 8
left_child=1 2 -1 -4 5 6 -2 8 10 -10 37 13 -13 14 15 -12 17 18 19 21 -20 22 -17 24 25 28 27 -27 43 31 -31 32 33 -16 35 -32 -25 -7 -39 40 42 -42 -40 -8 -45 61 47 51 49 50 -49 57 53 -53 -55 56 -54 -47 -59 -50 -60 -6
right_child=4 -3 3 -5 45 7 23 -9 9 -11 11 12 -14 -15 29 16 -18 -19 20 -21 -22 -23 -24 36 -26 26 -28 -29 -30 30 34 -33 -34 -35 -36 -37 -38 38 39 -41 41 -43 -44 44 -46 46 -48 48 59 -51 -52 52 55 54 -56 -57 -58 58 60 -61 -62 -63
leaf_value=0.00118823644956179 -0.0081703005699759104 0.0022208491351850073 -0.00013043543001369298 -0.0061741329642809135 0.00029382057998896373 0.00028891416971212871 0.0019717446941391772 0.0021045718258750736 0.0023658158953189963 -0.0092495534424989253 0.001566984580010929 -0.00063695347778422971 -0.0027358908154430685 -0.0046860270712996222 0.0016657507121747663 -0.0015968040437613084 0.0013912590511931512 -0.00036602619609788493 -0.00909722197670732 -0.00057363248840361977 -0.0033338774617411534 -0.0094803567981814572 0.00049766653484279138 0.0011705844671666531 -0.0086527733559688211 -0.0021576290612156704 -5.8280657553068362e-05 -3.0402671674753839e-05 0.0015336075534262733 0.0014631397414831251 -0.0018328504681667007 0.001156305129190217 -0.00011356301847243637 -0.0028545528793923018 0.00044567885835414739 0.00012659045244849972 3.4077850089376693e-06 -0.0020279173068245082 -0.0047687091467381358 -1.7325913184982097e-05 -0.0012748831226620039 -0.0059111353700237491 0.00071142387714442793 -0.0026387358600265696 0.00033901331701480903 0.00033915332256114768 0.0010582830458484046 -0.00097786405277697176 0.0010387588162238713 0.00038274982425700482 -0.010990948518344009 -0.00099828269133595839 -0.00023547749636070129 -0.017779006112764454 -0.0070351795935441191 0.00017807581145409522 -0.017283364393427019 -0.0041041832816196477 0.0015163338642269293 -7.3691237755071364e-05 -0.00090408663151880775 -0.0001906654861034408
leaf_weight=264 42 1179 101 42 14626 975 93 364 45 52 178 43 40 40 44 41 63 148 40 161 44 40 42 1186 65 48 456 49 481 340 70 128 231 84 62 92 759 56 42 3135 66 48 141 146 71 535 655 53 1005 52 42 69 110 41 46 265 66 47 41 1020 149 2133
leaf_count=264 42 1179 101 42 14626 975 93 364 45 52 178 43 40 40 44 41 63 148 40 161 44 40 42 1186 65 48 456 49 481 340 70 128 231 84 62 92 759 56 42 3135 66 48 141 146 71 535 655 53 1005 52 42 69 110 41 46 265 66 47 41 1020 149 2133
internal_value=0.000349465 0.00165722 -0.000772059 -0.00440972 0.00028295 -6.77254e-05 0.000581157 -0.000389601 -0.000546056 -0.00576531 -0.000465989 -0.00142081 -0.00815476 -0.00111412 -0.000917634 -0.0023285 -0.00371552 -0.00458414 -0.00598916 -0.00431579 -0.0115294 -0.00772388 -0.00517857 0.000691505 -0.000287234 1.48701e-05 -0.00159747 -0.00678571 0.00114268 9.98101e-05 0.00145133 -0.00146516 -0.00293056 -0.00705426 -0.00168889 -0.00361963 0.00140031 -5.26432e-05 -0.000404127 -0.000302942 -0.0027349 -0.00721739 8.15219e-05 -0.00096463 -0.00259174 0.000454307 -0.000147724 -0.000535008 0.000349747 -0.00484177 -0.00911458 -0.00193796 -0.0038898 -0.00968153 -0.0155114 -0.00191176 -0.00661017 -0.00037037 -0.00363445 0.000749018 -0.00183246 0.00060531
internal_weight=32792 1586 407 143 31206 10251 3396 6855 6491 97 6394 1931 83 1848 1808 757 579 516 368 284 84 123 83 3354 1409 1344 553 97 791 1051 564 487 359 128 224 162 1945 4463 3488 3432 297 114 183 310 217 20955 4196 3541 2172 147 95 1369 597 156 87 441 176 772 237 2025 190 16759
internal_count=32792 1586 407 143 31206 10251 3396 6855 6491 97 6394 1931 83 1848 1808 757 579 516 368 284 84 123 83 3354 1409 1344 553 97 791 1051 564 487 359 128 224 162 1945 4463 3488 3432 297 114 183 310 217 20955 4196 3541 2172 147 95 1369 597 156 87 441 176 772 237 2025 190 16759
cat_boundaries=0 1 2 3 4 5 6
cat_threshold=1161 348 3 21 144 3
is_linear=0
shrinkage=0.05


Tree=114
num_leaves=63
num_cat=11
split_feature=2 39 8 21 22 25 18 19 42 1 18 11 25 42 27 8 11 11 41 8 15 19 31 22 12 13 13 10 8 8 33 21 12 31 35 35 39 22 35 21 25 3 3 41 13 8 26 44 39 25 41 31 18 2 10 31 41 25 39 25 39 8
split_gain=1.04945 0.812494 1.03245 0.992305 0.958442 0.863181 1.20567 0.966359 1.65683 0.780845 0.775227 1.12659 1.05502 0.83786 1.7486 0.825083 0.850116 1.06656 1.65574 1.31897 1.07303 1.52267 0.81811 0.798342 1.33964 0.775067 0.833987 0.750254 0.69996 0.665634 0.656601 1.13212 1.24277 0.65506 0.63017 0.927547 0.795563 1.31248 1.07693 2.14256 1.36127 1.65401 0.936828 1.06622 2.14444 1.32469 0.927925 0.889333 0.923619 1.07964 1.37565 0.842687 0.76649 1.26301 0.839454 0.885002 0.765752 1.33123 1.31433 1.329 1.20041 1.19164
threshold=-0.01283441545345587 0 0.03282727936187009 3751.6650000000004 0.45601597881830774 1 -0.067149024988814296 0.033347232585229022 0.96459899749373446 -0.51621647240086765 -0.21570224502706251 79.500000000000014 2 0.76705426356589157 35.500000000000007 0.25572835289413193 31.500000000000004 14.500000000000002 1776.807091346154 0.18815090805181858 0.37119921679139761 0.10329729527053595 209.65000000000001 -0.048789914169494505 22.500000000000004 0.307920227920228 1.4622358788952805 -0.6969979491977315 0.61603974764997138 0.15612546402395511 29.178571428571434 4607.5300000000016 27.500000000000004 100.95000000000003 1.6318700725594175 0.014421267812719728 3 -0.13340265693842412 3.5901944302834707e-09 2798.2450000000003 4 -0.13733791144028815 0.019811675312931602 1218.8793103448277 0.49472690000708236 0.063214135890676787 17.500000000000004 0.38750000000000007 5 6 8.4716631355932233 220.34999999999999 1.3445961699568501 0.11686424898728955 0.27241064691434552 83.65000000000002 7.0433035714285719 7 8 9 10 0.46808605669068176
decision_type=2 1 8 8 8 1 10 2 2 2 8 2 1 2 2 10 2 2 2 8 2 2 2 10 2 2 2 2 8 10 2 10 2 2 2 2 1 8 2 8 1 2 2 2 2 10 2 2 1 1 2 2 8 2 2 2 2 1 1 1 1 8
left_child=1 2 -1 27 9 6 -6 8 -8 -4 12 15 29 14 -14 16 17 25 19 20 21 22 -19 -18 -25 -12 -27 -3 -29 -5 -15 32 -32 -28 35 36 37 -2 40 46 41 -39 -43 44 45 -44 -40 56 51 50 -50 -49 54 -54 -42 -56 58 -58 59 61 -59 -38
right_child=34 3 4 10 5 -7 7 -9 -10 -11 11 -13 13 30 -16 -17 23 18 -20 -21 -22 -23 -24 24 -26 26 33 28 -30 -31 31 -33 -34 -35 -36 -37 47 38 39 -41 52 42 43 -45 -46 -47 -48 48 49 -51 -52 -53 53 -55 55 -57 57 60 -60 -61 -62 -63
leaf_value=-0.00097020855090281454 0.0012402155488969177 -0.001153022300812173 0.0033037069044047026 0.0022471306900796006 0.0012875048571012804 0.001543598060723526 -0.00054399425213133036 0.00018888280733004131 -0.011460725782142469 -0.0001952660133951505 -0.0022751923269869814 0.0015981260824949998 0.00089677426776242674 0.00077696772172883668 -0.0053251704159696135 0.00058831629577638296 0.0001026545676408278 0.00061947674054326364 -0.0024402546562557448 -0.0075125632549109707 0.0024121633355224312 -0.0066965300278508709 -0.0028166490789155677 -0.0024687378655412215 0.00051343655994766303 0.00034392578649646076 0.00038157916661822172 0.00084770946612847228 -0.00083242910883824851 0.00064725746980236188 0.003996368394565626 0.0015051786556052661 -0.0011751717516831973 -0.0024831161037356174 -0.00072602354373970236 0.00059958804958512493 -0.0038265712808917725 -0.006793548899887431 -0.0015160986119714245 8.457689684813784e-05 0.00010639713654318016 4.4976958940881391e-05 -0.0011303854513568321 0.0011997658963636285 -0.0033772796824758119 0.000185508296969221 -0.0014939431562529147 0.0024151365209155976 0.003088402328433628 0.0031422526628606829 -0.0071118993038917794 -0.00035101962002045186 -0.00093263393356683504 0.0020849295734089476 0.00025067915820236849 -0.0031865141847379286 0.00047446686776495884 0.00040598982965820275 7.479027534682918e-05 -0.00022177539134403043 -0.00012623008998134224 0.0006104993549097056
leaf_weight=62 228 78 309 613 153 1163 72 124 49 2546 48 492 71 686 40 554 1060 164 66 90 88 43 66 40 44 460 42 4262 40 528 50 131 98 44 60 513 289 48 77 146 1657 275 64 58 67 126 73 478 51 110 51 49 87 40 44 40 4938 1256 3422 760 3345 92
leaf_count=62 228 78 309 613 153 1163 72 124 49 2546 48 492 71 686 40 554 1060 164 66 90 88 43 66 40 44 460 42 4262 40 528 50 131 98 44 60 513 289 48 77 146 1657 275 64 58 67 126 73 478 51 110 51 49 87 40 44 40 4938 1256 3422 760 3345 92
internal_value=0.000405229 0.000725464 0.000164848 0.000977899 0.00025583 0.0012516 -0.000757946 -0.00294715 -0.00610656 -0.000288865 0.000532705 4.69414e-05 0.00125564 0.000119595 -0.00397321 -0.000339857 -0.000764627 -0.0017491 -0.00340734 -0.00231195 -0.000953038 -0.0025 -0.000865801 0.00019214 -0.00447059 -0.000302521 0.00023766 0.00154074 0.0016291 0.00230469 0.000595238 -0.00144643 -0.00442953 -0.00425287 0.000155598 0.000172423 0.000112187 -0.000624794 -0.00092401 -0.00377104 -0.000586358 -0.00255778 -0.00186125 -0.00371835 -0.0050969 -0.00235602 -0.00794702 0.000262928 0.0019527 -0.000852018 -0.00433628 0.00303903 0.000101118 -0.00363281 0.000376005 -0.00447059 0.000174431 0.000429245 -0.000358238 -0.00181858 -0.000183218 -0.00419643
internal_weight=32820 14376 4478 9898 4416 1561 398 245 121 2855 5518 3301 2217 1076 111 2809 2255 1111 517 451 361 273 230 1144 84 594 546 4380 4302 1141 965 279 148 86 18444 18384 17871 3030 2802 296 2506 638 590 315 257 190 150 14841 739 212 102 527 1868 127 1741 84 14102 9539 4563 1141 4601 381
internal_count=32820 14376 4478 9898 4416 1561 398 245 121 2855 5518 3301 2217 1076 111 2809 2255 1111 517 451 361 273 230 1144 84 594 546 4380 4302 1141 965 279 148 86 18444 18384 17871 3030 2802 296 2506 638 590 315 257 190 150 14841 739 212 102 527 1868 127 1741 84 14102 9539 4563 1141 4601 381
cat_boundaries=0 1 2 3 4 5 6 7 8 9 10 11
cat_threshold=1456 146 1596 6 3329 3249 2346 3378 1176 1074 1232
is_linear=0
shrinkage=0.05


Tree=115
num_leaves=63
num_cat=5
split_feature=10 42 17 19 17 19 30 18 27 16 33 39 5 3 20 20 24 33 12 33 15 1 14 30 15 20 16 39 38 21 12 3 17 7 9 42 42 8 5 8 42 33 7 18 18 17 8 5 12 7 7 21 4 30 9 39 8 17 9 11 11 15
split_gain=0.918827 0.984638 0.712871 0.574764 0.644572 2.37271 0.904957 1.00186 0.878585 1.11301 0.796272 1.62499 1.55871 0.994204 1.1632 1.94514 0.973875 1.20462 0.861912 0.858237 1.20184 1.27297 1.54792 0.831699 0.750495 0.830478 1.05843 0.669351 1.4246 1.84496 1.19901 1.98902 0.954354 0.891375 1.84356 1.34434 1.30815 2.43817 1.13222 2.3343 0.838445 1.30984 2.37003 1.08329 0.821453 1.0994 0.820355 1.26823 0.804667 0.779512 0.775439 0.767215 0.72818 0.725779 0.971998 0.966137 1.59661 1.26409 1.17854 1.50396 1.24448 1.32748
threshold=-0.47730733735677772 0.92084377610693413 1.2032970027564225 -0.34322369477975967 -1.6505919422959325 0.01243023507478532 3.4500000000000006 -2.3238855437980299 20.500000000000004 -1.995671658614377 38.192857142857157 0 8.875744558371073 0.068993157201318503 -0.013247487541925103 0.000463318976402246 1 39.064285714285724 23.500000000000004 37.964285714285722 0.58850516622781301 -0.044892093761051292 -0.11778303565638369 0.45000000000000007 -0.19102728167720592 -1.0000000180025095e-35 -0.11294610208482324 2 3 12025.000000000002 32.500000000000007 0.77318950361794914 0.9004817385958428 8.2618339007559722 0.37048208067970567 0.96580946814728241 0.90521114106019784 0.49779905210750508 9.2104438730828058 0.091993044212863417 0.80374649859943992 31.907142857142862 7.9498198604023225 0.13831447068513048 0.12079573995966221 0.95081753144107184 0.031023541818536476 8.6853915326411499 9.5000000000000018 6.9788604923732018 9.0302920362670847 1249.7850000000001 -1.0265389581819597 33.650000000000013 0.45176003662192071 4 0.10983557642552756 -0.70443962236544433 0.29089621154696838 11.500000000000002 62.500000000000007 0.34618297120499736
decision_type=2 2 2 2 2 2 2 10 2 2 2 1 2 2 10 10 1 2 2 2 2 2 2 2 2 10 2 1 1 10 2 2 2 2 10 2 2 10 2 10 2 2 2 8 10 2 8 2 2 2 2 8 2 2 10 1 10 2 10 2 2 2
left_child=1 -1 -3 -2 5 6 7 -5 -9 -10 19 -12 13 23 -15 -16 17 -17 -18 27 21 22 -21 24 25 26 -13 52 30 32 48 33 40 -32 35 38 -36 -38 46 -40 41 42 43 -30 -34 -46 47 -35 51 -47 -50 -29 -6 54 55 56 -54 -58 60 -60 -59 -62
right_child=3 2 -4 4 10 -7 -8 8 9 -11 11 12 -14 14 15 16 18 -19 -20 20 -22 -23 -24 -25 -26 -27 -28 28 29 -31 31 -33 44 34 36 -37 37 -39 39 -41 -42 -43 -44 -45 45 49 -48 -49 50 -51 -52 -53 53 -55 -56 -57 57 58 59 -61 61 -63
leaf_value=0.0040859183940794089 0.00064215780093171502 0.0010375381758468199 -0.0053695518704780527 0.00049374253861506144 -0.0065124866080745695 -0.01040317203943002 0.0011097425346403777 0.0001834311304717 -0.0011892204367680279 -0.011521086012214295 0.0019886096004794371 -0.00036865353465435289 -0.0016277802426959255 0.0018311353971657354 -0.0041156933583787461 0.00027628187116164469 -0.0013793687645095335 -0.007932522171008656 0.001970814914938215 -0.0052072986537387836 -0.0027851052176496756 0.00078393452018134203 0.00034668586422805956 0.0034910672277371872 0.00092047745350760956 0.00041200016565501676 -0.0020949371167983859 -0.00058780817007553774 0.00055055819553787987 -0.004582320196487237 0.00041930677785247708 -0.010859642675285058 -0.0064741410001993779 -0.0061983985381342532 0.0013381397524844562 -0.0005126711201144617 -0.021148522901639575 -0.0095133981733408028 0.0007655272070716194 -0.018020446972699028 8.7677950129495732e-05 0.0014079486253080987 -0.010603728447335517 -0.0035468650398070116 -0.00096521540958042237 -0.0016915156449414501 0.0010078824794938154 0.00074570797874022208 0.0015414019807280987 4.8105484309993478e-05 -0.0016471315463329594 0.00040469951677589097 0.00021765547603385521 0.0002103289027641793 0.0016107611009922513 -3.144079212983135e-05 -0.0058505773922247527 -0.0013694230156728042 -0.0030905713432362921 0.00047208861956133524 -0.0044431835727489445 -0.0078013632249580578
leaf_weight=376 706 726 49 96 62 64 220 43 40 41 1079 69 46 153 40 58 44 62 124 42 73 201 59 190 529 145 48 76 85 46 2769 69 48 40 43 476 47 49 104 40 4989 111 56 43 42 41 1322 42 1624 324 92 982 412 3655 491 8022 77 386 82 475 152 43
leaf_count=376 706 726 49 96 62 64 220 43 40 41 1079 69 46 153 40 58 44 62 124 42 73 201 59 190 529 145 48 76 85 46 2769 69 48 40 43 476 47 49 104 40 4989 111 56 43 42 41 1322 42 1624 324 92 982 412 3655 491 8022 77 386 82 475 152 43
internal_value=0.000310009 0.00169705 0.000676547 0.000259418 0.00022714 -0.00154455 -0.000226757 -0.00248869 -0.00544 -0.00847561 0.000256583 0.00109544 2.63333e-05 0.000314423 -0.00154564 -0.00322188 -0.00176471 -0.00496183 0.000782123 0.000178462 -0.00219415 -0.000792079 -0.00534314 0.00122709 0.000511364 -0.001673 -0.00478814 0.000210993 0.000460541 -0.000133713 0.000902261 0.000440824 -5.31357e-05 0.000559497 -0.000201016 0.000182716 -0.00575 -0.00896907 0.000897353 -0.00331034 0.000136235 -0.00244932 -0.00502703 -0.00124031 -0.00224781 -0.00150735 0.00133096 -0.00349398 0.00173694 -0.000614754 0.00240536 0.000651558 -3.35302e-05 -9.06041e-06 -0.000226802 -0.000337306 -0.00144383 -0.00236431 -0.0019403 -0.000295699 -0.00351375 -0.0067602
internal_weight=32740 1151 775 31589 30883 504 440 220 124 81 30379 2587 1508 1462 481 328 288 120 168 27792 375 302 101 981 791 262 117 27417 13560 5785 7775 5001 5739 4932 2163 2024 139 96 1548 144 5284 295 184 128 455 407 1404 82 2774 365 1716 1058 13857 13795 10140 9649 1627 1215 1138 557 581 195
internal_count=32740 1151 775 31589 30883 504 440 220 124 81 30379 2587 1508 1462 481 328 288 120 168 27792 375 302 101 981 791 262 117 27417 13560 5785 7775 5001 5739 4932 2163 2024 139 96 1548 144 5284 295 184 128 455 407 1404 82 2774 365 1716 1058 13857 13795 10140 9649 1627 1215 1138 557 581 195
cat_boundaries=0 1 2 3 4 5
cat_threshold=2373 10 6405 3 256
is_linear=0
shrinkage=0.05


Tree=116
num_leaves=63
num_cat=0
split_feature=1 6 6 9 35 35 12 29 23 20 3 5 22 18 0 21 27 6 27 8 5 6 9 22 22 1 4 3 5 5 7 21 0 7 41 22 41 16 14 41 23 8 8 42 6 8 12 29 11 12 14 17 27 4 23 5 20 27 12 5 42 14
split_gain=1.17596 0.853314 0.918661 0.680386 0.636099 2.234 1.24948 2.36514 1.54876 0.947084 0.885923 0.730781 0.765266 0.70335 0.723123 0.698933 1.17725 0.677614 0.604026 0.571728 0.566414 0.842133 0.538976 0.622797 0.675556 0.538644 2.46301 0.53579 0.566119 1.26371 1.32808 0.558408 1.12528 0.672015 0.897286 0.880398 0.896427 0.972555 1.04257 0.763138 0.709491 0.760038 0.747667 1.08149 0.722453 0.690178 0.640467 0.783677 0.631481 0.623146 0.603209 0.601284 0.569481 0.898561 1.09693 1.45757 0.781906 0.749323 0.57447 1.32713 1.99881 0.725675
threshold=-0.13005312824819756 8.4193451621079536 8.3786072566347354 0.077331028415718581 0.00064530493784571458 3.5901944302834707e-09 22.500000000000004 1.0000000180025095e-35 -0.44628710262841914 0.046310433379891179 -0.080042411815460554 6.6626413048862938 -0.39626239132937219 -1.2813148911484915 -0.16927387788572543 1249.7850000000001 58.500000000000007 7.8394386884520193 42.500000000000007 0.20608715484290954 8.1605328238870616 8.214807508526432 0.10158086405796482 -0.087800135049670491 -0.012668527599453501 -0.12493721985586335 -0.26539100540296617 -0.78592891401091103 8.3154367920393248 8.2456838754751018 8.2272248585775483 3365.8350000000005 0.10938603271890025 7.2045535468847621 277.96208355367537 0.32285348642234685 3185.607731694829 -0.036367644170874451 0.008658062743114538 1396.1095982142861 0.4213511113263127 0.14083046782212946 0.1668651856748708 0.96261355695317974 6.8311881550629456 0.16443822603829525 14.500000000000002 1.0000000180025095e-35 63.500000000000007 57.500000000000007 -0.64662716492505201 1.0332051158551638 8.5000000000000018 -0.44183257370757895 -0.15963014559188402 7.9602878667631014 -0.017842214028682139 4.5000000000000009 80.500000000000014 7.9214061695371685 0.89915254237288156 -0.78292737823625902
decision_type=2 2 2 8 2 2 2 2 8 10 2 2 8 8 2 10 2 2 2 10 2 2 10 8 10 2 2 2 2 2 2 10 2 2 2 10 2 2 2 2 10 10 10 2 2 10 2 2 2 2 2 2 2 2 8 2 10 2 2 2 2 2
left_child=1 2 3 -1 5 11 8 10 -7 20 -8 15 13 17 -15 -2 19 -13 -4 -17 -6 -22 -10 -24 -25 26 -14 -5 29 31 -31 33 51 39 52 36 37 -36 -39 40 41 -29 43 -43 46 -38 47 -44 -49 -40 -48 -33 53 -35 -55 56 -56 -58 61 60 -60 -54
right_child=4 -3 18 27 9 6 7 -9 22 -11 -12 12 25 14 -16 16 -18 -19 -20 -21 21 -23 23 24 -26 -27 -28 28 -30 30 -32 32 -34 34 35 -37 45 38 49 -41 -42 42 44 -45 -46 -47 50 48 -50 -51 -52 -53 58 54 55 -57 57 -59 59 -61 -62 -63
leaf_value=0.0020555864877325461 0.0010459121818765761 0.0014013832191769658 -3.5440211121764486e-05 0.0050180169274457185 0.00049238352645049604 -0.00098272972413580395 0.00061821267033096905 -0.0033658275421690666 0.00045449265438239492 -0.00087680762429170683 -0.00041245334828036588 0.00046796417944989371 -0.0033132741210836533 0.0040822737959891392 0.000303377429970338 0.0060797259520955016 -0.0095256674964546116 -0.0022806963237331445 -0.0029114568810494046 -0.00081867302917722283 -0.0020009415101431105 0.00050841676800049244 0.00018447649594084908 -0.0013296184996503119 2.935453293836794e-05 3.6702386912274899e-05 0.00024982606482967036 0.0015427532877483807 0.0020379994637916804 5.3303190467513141e-05 -0.0058181695743077522 0.0022599379486816676 -0.0056009878386279032 0.0023865934184270302 -7.3954118193743655e-05 0.0020346367685495853 -0.00013918416748772826 -0.0083714571949277169 -0.0019350850844457612 0.0033259929630071587 0.0028280427487934563 3.4090652536934718e-05 0.00035556199632396989 -0.0033060929951807295 0.0014287779716219179 0.0028501279637612505 -0.003709691344814517 -0.00033956981048464241 -0.0047606081298594847 0.00024931885730300642 0.00073906330504831027 -0.00020174286702957664 -0.0017218308756810352 0.00054552279522037761 0.0041973246526818301 -0.0065164685651319977 -0.00029090427466420282 -0.0067968533284453354 -0.010309070636195477 0.0043525164830870667 -0.00069495192534715174 0.00083816571472087762
leaf_weight=156 1100 1442 40 291 979 53 45 50 105 70 71 76 40 238 1737 58 56 105 44 104 40 84 49 44 50 20328 152 244 163 70 71 634 71 110 86 49 70 59 41 187 218 52 48 41 437 48 44 40 46 43 179 42 191 63 47 48 52 48 49 91 188 1259
leaf_count=156 1100 1442 40 291 979 53 45 50 105 70 71 76 40 238 1737 58 56 105 44 104 40 84 49 44 50 20328 152 244 163 70 71 634 71 110 86 49 70 59 41 187 218 52 48 41 437 48 44 40 46 43 179 42 191 63 47 48 52 48 49 91 188 1259
internal_value=0.000396493 0.000965789 0.000688924 0.000767438 0.000238736 0.000184163 -0.00323718 -0.00670659 -0.00130795 0.00137564 -0.00273504 0.000250886 0.000184328 0.0010802 0.00135375 0.001395 -0.00118721 -0.0018956 -0.00447059 0.000981595 0.0017346 -0.00144 0.000361446 -0.00163194 -0.004 9.01517e-05 -0.00253886 0.000673308 0.000554581 0.00045903 -0.00419014 0.000595732 0.0018516 0.000365286 -0.0001337 -0.00231738 -0.00320402 -0.00502174 -0.00753472 0.00119063 0.000774074 0.000269435 -0.000411036 -0.00462766 8.80505e-05 0.000336135 -0.00157821 -0.0042963 -0.00712644 -0.00388235 6.69645e-05 0.00248154 0.000270145 -0.00151761 -0.00312741 -0.00497449 -0.00246622 -0.00495049 0.00064081 -0.0012462 -0.00321429 0.00106823
internal_weight=32736 7102 5660 5576 25634 24461 467 166 301 1173 116 23994 22676 2156 1975 1318 218 181 84 162 1103 124 248 143 94 20520 192 5420 5129 4966 141 4825 747 4078 2542 396 347 229 143 1536 1349 1131 887 93 794 118 357 134 86 84 223 676 2146 368 258 195 147 100 1778 328 237 1450
internal_count=32736 7102 5660 5576 25634 24461 467 166 301 1173 116 23994 22676 2156 1975 1318 218 181 84 162 1103 124 248 143 94 20520 192 5420 5129 4966 141 4825 747 4078 2542 396 347 229 143 1536 1349 1131 887 93 794 118 357 134 86 84 223 676 2146 368 258 195 147 100 1778 328 237 1450
is_linear=0
shrinkage=0.05


Tree=117
num_leaves=63
num_cat=4
split_feature=13 4 13 41 7 3 35 27 30 35 3 37 23 37 25 7 22 37 35 12 31 8 22 13 9 17 23 12 11 15 0 0 21 0 13 15 44 13 11 7 39 4 8 44 3 4 17 3 23 8 8 25 8 4 8 11 21 39 33 23 4 30
split_gain=0.858487 0.824899 2.17792 0.750096 0.788675 0.756728 0.616078 1.03987 1.94513 1.11333 1.60592 0.905002 1.05658 0.872501 0.843988 0.840945 0.790969 0.92843 0.97722 0.64114 1.35189 1.08624 0.986541 2.7378 0.962648 0.892065 2.14984 2.12173 0.839654 0.727184 0.694217 0.732625 1.54688 1.12162 1.3109 1.8416 0.757591 0.814143 1.02566 0.730399 1.7397 1.21321 1.19937 1.31683 1.10905 1.0288 1.00077 1.42149 1.09796 1.36159 0.96834 1.29441 1.27672 1.51579 1.19031 1.12197 1.58465 1.17008 1.66339 1.33643 1.36479 1.08544
threshold=2.5850326938441905 -1.4388113718587412 1.0511039638050559 1.2700320512820513 9.766165133163156 -0.78592891401091103 0.00064530493784571458 58.500000000000007 1.0000000180025095e-35 1.6318700725594175 0.029047482646701542 45.500000000000007 0.43860568568339403 40.500000000000007 0 7.3855223733059558 -0.1053105131576596 33.500000000000007 0.13318488280150578 40.500000000000007 0.35000000000000009 0.61603974764997138 0.65429583457440998 0.54545482880785057 0.51184007184642077 1.1530055810939681 0.020451979187120498 19.500000000000004 3.5000000000000004 0.34618297120499736 -0.81093021621632866 -0.37469344944140998 10262.500000000002 -0.43422703017725789 1.1142994373541926 -1.0000000180025095e-35 0.15476190476190479 0.66666628726311961 3.5000000000000004 8.3071297203521315 1 0.14694540265866254 0.18987081658664412 1.0000000180025095e-35 0.13764678752981976 0.080043476903714175 -0.1422116934248476 0.77318950361794914 -0.47401326094144286 0.28396949423407475 0.072015352304430624 2 0.08114228548739158 0.025327493308119123 0.18669622232405675 81.500000000000014 2498.3350000000005 3 28.864285714285717 -0.18232155679395459 0.61547247011501283 40.450000000000003
decision_type=2 2 2 2 2 2 2 2 2 2 2 8 10 10 1 2 10 10 2 2 2 10 10 2 10 2 10 2 2 2 2 2 8 2 2 2 2 2 2 2 1 2 10 2 2 2 2 2 8 10 8 1 8 2 8 2 8 1 2 8 2 2
left_child=1 2 -1 4 -3 -5 11 9 15 14 -11 12 13 -7 16 -9 17 18 -8 20 21 28 25 -24 -23 -22 29 -28 -13 -27 -21 32 33 36 35 -35 37 -32 -39 42 41 44 50 -44 45 -41 -45 48 49 -48 -33 52 53 -52 -53 56 -54 58 61 -59 -61 -58
right_child=-2 3 -4 5 -6 6 7 8 -10 10 -12 19 -14 -15 -16 -17 -18 -19 -20 30 22 24 23 -25 -26 26 27 -29 -30 -31 31 39 -34 34 -36 -37 -38 38 -40 40 -42 -43 43 46 -46 -47 47 -49 -50 -51 51 54 55 -55 -56 -57 57 59 -60 60 -62 -63
leaf_value=0.0013409274285167124 0.0022240867532322163 0.0019236441254620248 -0.0070053808369454004 0.0027346731209318418 -0.0014041349202266161 -1.4908706055033315e-06 -0.0014878045519069374 -9.453391657634485e-05 0.00052749738112107451 0.0020265402395726693 -0.0020314881789087543 0.0037228196305078101 -0.0014265848208642384 -0.001274924999461247 0.001219045166828078 -0.0027298726627742013 -0.0017625421616886902 0.001436640493113776 0.00034860199039867006 0.0048680107373097166 0.00037955724252333603 -0.0096834566220137478 -0.0051737773267574467 0.00065345228106630131 -0.00060961450420023025 -0.0065306936421555056 -0.006395743235697921 0.00017308877103343247 -0.00012930946924392595 0.0014156573572986671 0.0031249272053184129 0.00025658341369771178 0.0021973492155289011 -0.00023142313595123651 0.00036147365233949808 -0.0070840014124456622 0.0046758694477947241 0.0065071389848947621 -0.0039536728183812977 -0.0013626799466009494 1.3295590293123151e-05 -7.5698753921459434e-05 0.0011404842467104357 0.00094850144169118973 0.00063607232066729415 -0.0014364507069539907 0.00022180076988956274 -0.0087537131655312274 2.5956786678037806e-05 -0.0087549371585980869 -0.0025294300703138021 5.8336851768152529e-05 4.7374029273386758e-05 -0.00021165843031302673 -0.0063455278813181791 0.00084957786472518644 -0.0031573932114653085 -0.0030299416616564484 -0.0012176668985165199 0.00017465069338586274 -0.00635232956239131 -0.0079120375034420539
leaf_weight=70 270 323 41 396 47 296 55 41 103 47 41 88 60 43 751 46 45 113 91 72 9227 42 55 190 43 40 53 43 1961 165 60 2569 162 45 43 50 52 43 153 400 3584 383 2761 470 41 47 59 53 843 72 76 3372 740 132 84 270 40 179 206 498 54 49
leaf_count=70 270 323 41 396 47 296 55 41 103 47 41 88 60 43 751 46 45 113 91 72 9227 42 55 190 43 40 53 43 1961 165 60 2569 162 45 43 50 52 43 153 400 3584 383 2761 470 41 47 59 53 843 72 76 3372 740 132 84 270 40 179 206 498 54 49
internal_value=0.000334063 0.000310451 -0.00397321 0.000325402 0.00256065 0.00029923 0.000271708 0.00132309 -0.00209424 0.00189248 -0.00348315 0.000224899 -0.0021375 -0.00104412 0.00234375 -0.00755682 6.34922e-05 0.00113462 -0.0014966 0.000256848 0.000540393 -0.000599531 0.000789339 -0.0023374 -0.00610465 0.000869976 -0.00180464 -0.00793814 -0.000368292 0.00109223 6.56742e-05 4.5478e-05 -0.00165846 -0.00317673 -0.00690647 -0.0101562 -0.00148867 -0.002607 -0.00416244 0.000106577 -0.000443222 -0.00243197 0.000302123 0.000983799 -0.00411043 -0.00483259 -0.00021028 -0.00108463 -0.000646154 -0.00488636 -4.8972e-05 -0.000412208 -0.00134368 -0.00507177 0.000196135 -0.000967108 -0.00142615 -0.00269718 -0.00531046 -0.00154313 -0.00034358 -0.0111667
internal_weight=32448 32178 111 32067 370 31697 31301 1333 190 1143 88 29968 399 339 1055 87 304 259 146 29569 11907 2134 9773 245 85 9528 301 96 2049 205 17662 17590 608 446 138 95 308 256 196 16982 4455 871 12527 4258 488 447 1497 1027 974 131 8269 5700 2244 208 3456 2036 1766 1026 295 731 552 89
internal_count=32448 32178 111 32067 370 31697 31301 1333 190 1143 88 29968 399 339 1055 87 304 259 146 29569 11907 2134 9773 245 85 9528 301 96 2049 205 17662 17590 608 446 138 95 308 256 196 16982 4455 871 12527 4258 488 447 1497 1027 974 131 8269 5700 2244 208 3456 2036 1766 1026 295 731 552 89
cat_boundaries=0 1 2 3 4
cat_threshold=588 1536 936 2309
is_linear=0
shrinkage=0.05


Tree=118
num_leaves=63
num_cat=8
split_feature=2 1 42 25 39 2 3 18 25 39 31 26 13 30 19 4 23 9 41 39 6 19 4 1 9 17 9 42 20 10 31 31 19 18 41 41 23 33 23 14 27 26 33 39 5 42 42 26 13 26 3 39 19 1 39 19 13 13 5 33 6 42
split_gain=0.884422 0.867885 0.89761 1.89279 1.40727 2.76087 0.966265 0.883577 0.838737 1.08535 1.21519 0.916436 0.797169 0.942457 0.912031 0.775139 1.17457 0.761927 1.79331 0.791066 1.34694 1.07541 1.03462 1.35673 1.13507 1.32756 1.06357 1.9037 1.96479 1.15579 1.44904 1.47757 1.66063 1.17354 1.56715 1.41745 0.980801 0.849347 0.845471 0.831622 0.973305 0.831155 1.48217 1.00899 2.76259 1.99936 1.61051 1.22455 1.4387 0.930024 1.80402 0.859034 1.13877 0.826339 0.793889 0.794077 0.749618 0.995343 0.913018 0.816601 0.801191 0.749146
threshold=-0.075508007053393097 -0.12734644696893446 0.87066905615292722 0 1 -0.18232155679395443 -0.419751794330192 -0.34149186076224042 2 3 316.75000000000006 1.5000000000000002 0.73333317777798535 14.250000000000002 0.017991686476262755 -0.76889436484822749 0.12286750374797829 0.035256407133271994 14.271956856702621 4 7.1154527850313825 0.092953203051585206 -0.14167928007670968 0.18752362001688774 0.12945376280977536 0.41027153980526571 0.051067671585053459 0.82785560344827591 -0.00043440617121251137 0.073279557331623849 12.850000000000001 56.150000000000013 0.041149591174201201 -0.44134420906324318 6.7859426229508211 4.1259920634920642 -0.65795635758647386 29.178571428571434 0.40515231485429731 0.13086104408314017 32.500000000000007 20.500000000000004 34.264285714285727 5 7.8592387900617497 0.96580946814728241 0.9536672629695887 11.500000000000002 0.23363438591864991 17.500000000000004 0.12516314295400613 6 0.15114312514792974 -0.15702574921367549 7 0.04866349408937768 1.0350438596491232 0.89632579301872106 8.0422896980992657 29.492857142857151 7.4599467799493313 0.95275297619047628
decision_type=2 2 2 1 1 2 2 10 1 1 2 2 2 2 2 2 8 10 2 1 2 2 2 2 8 2 10 2 10 2 2 2 2 10 2 2 8 2 8 2 2 2 2 1 2 2 2 2 2 2 2 1 2 2 1 2 2 2 2 2 2 2
left_child=1 7 3 -3 5 -5 -6 -1 9 10 11 -2 -8 14 -14 16 -11 18 -10 41 21 -21 23 24 25 37 27 -24 -29 36 33 32 38 -31 35 -35 -28 -22 -32 40 -23 43 -43 44 45 46 -19 48 -45 -47 -51 -50 -53 -26 -36 -56 57 58 59 -33 -61 -9
right_child=8 2 -4 4 6 -7 12 61 17 15 -12 -13 13 -15 -16 -17 -18 19 -20 20 22 39 26 -25 53 -27 29 28 -30 30 31 56 -34 34 54 -37 -38 -39 -40 -41 -42 42 -44 47 -46 49 -48 -49 51 50 -52 52 -54 -55 55 -57 -58 -59 -60 60 -62 -63
leaf_value=0.0016634618655771726 -0.0029788249129535692 0.00080924232449174581 0.00022176968021389191 0.001541285324282173 -0.0041868241158205168 -0.0062024310292600922 0.00033059655573388041 0.0009930371670392082 -0.0016496418853340713 0.00043513454722920596 -0.00048666929980655427 0.00057381207574083183 -0.0047264047330669709 0.00038748755172259334 -0.00034826652874384522 -8.6005807326728582e-05 -0.0042448460053568704 -0.0010184484655103149 0.0021750441496243954 0.00084803707740936521 -0.0040904725987045377 -0.0054555606982730903 0.0035385549002909435 -0.0052092008741170277 -0.0031301485363072947 -0.0031187037669273849 -0.0011079618003686203 -0.0004597226214688946 -0.003347234083287084 0.0021230791438824593 6.5330991505507119e-05 0.0010276013590299585 -0.0076181548344483006 5.9605125683593533e-05 0.0025257043015951253 -0.0081865416412545636 0.00048645936742737565 0.001342910245835406 -0.003832064245081162 0.0014950275430430906 -0.00018856812826254234 0.00023799434789170679 0.0028067116251047942 -0.0020644982536911025 -0.0054207050152686835 0.0011388287075612972 -0.0017856948792575708 -0.00020303169952334485 0.0031547612950593197 0.00011436208664945722 -0.0050600120240089884 0.00044038937882726184 -0.0030925935865290404 0.0012538821559079014 0.00035133663875381834 -0.0013488431768833562 0.0018244035670250077 -0.010624326525233024 -0.0036276515129410633 8.4741554936594975e-05 -0.0037530885569089893 1.8412584373207633e-06
leaf_weight=1616 53 290 4894 43 60 65 257 1565 54 53 78 1801 48 80 40 6898 69 324 227 1119 42 64 57 46 69 41 73 70 41 143 58 173 51 54 130 45 1064 65 44 90 66 4844 886 67 50 272 42 980 465 121 42 556 61 159 99 40 78 50 75 72 49 1571
leaf_count=1616 53 290 4894 43 60 65 257 1565 54 53 78 1801 48 80 40 6898 69 324 227 1119 42 64 57 46 69 41 73 70 41 143 58 173 51 54 130 45 1064 65 44 90 66 4844 886 67 50 272 42 980 465 121 42 556 61 159 99 40 78 50 75 72 49 1571
internal_value=0.000386697 0.000764008 0.000352198 -0.00111425 -0.00270695 -0.00764706 -0.00146169 0.00126446 0.000207478 -0.000166239 0.000880083 0.00114286 -0.00064554 -0.00331361 -0.00685393 -0.000455127 -0.00439024 0.000460352 0.00303192 0.000404622 -0.000156913 0.00115299 -0.00076497 -0.00304965 -0.00204244 -0.00543624 -0.000372922 -0.00420118 -0.00799107 -9.13439e-05 -0.00120052 -0.00276498 -0.00704545 0.000791016 -0.000704607 -0.00605 0.0010413 -0.0024537 -0.00330097 -0.0020362 -0.00458015 0.000676528 0.00102949 1.86202e-10 -0.00144432 -0.000741895 -0.00346049 0.000581776 0.0016913 0.00154817 -0.00143293 0.00213296 0.000851911 0.000174673 0.00127778 -0.00136667 -0.00143574 -0.00227381 -0.00136486 -0.000101695 -0.0032377 0.000774626
internal_weight=32699 10529 5777 883 593 108 485 4752 22170 8952 1932 1854 425 168 88 7020 122 13218 281 12937 4227 1339 2888 422 376 148 2466 168 111 2298 1161 650 153 511 368 99 1137 107 102 220 130 8710 5730 2980 851 801 366 2129 1149 435 163 1082 617 228 269 139 497 419 369 294 121 3136
internal_count=32699 10529 5777 883 593 108 485 4752 22170 8952 1932 1854 425 168 88 7020 122 13218 281 12937 4227 1339 2888 422 376 148 2466 168 111 2298 1161 650 153 511 368 99 1137 107 102 220 130 8710 5730 2980 851 801 366 2129 1149 435 163 1082 617 228 269 139 497 419 369 294 121 3136
cat_boundaries=0 1 2 3 4 5 6 7 8
cat_threshold=1541 1540 1225 248 7691 1026 513 176
is_linear=0
shrinkage=0.05


Tree=119
num_leaves=63
num_cat=9
split_feature=22 13 18 24 25 20 2 24 15 4 14 34 39 8 19 23 4 25 8 15 1 8 12 15 8 7 25 10 23 30 8 19 39 13 25 2 41 14 0 8 30 39 5 22 26 1 12 0 20 10 21 42 19 10 10 26 37 13 7 12 4 44
split_gain=1.04136 1.02355 0.951406 0.925504 0.826507 1.55428 1.08244 1.21634 1.19049 0.901487 0.906727 0.769106 0.800927 0.862463 0.945824 1.02826 1.23533 0.753111 0.967464 1.20941 0.750821 0.717644 1.15062 0.960983 1.13855 0.704746 1.27862 1.06479 1.52205 0.957636 0.941351 0.990413 0.880927 1.27815 1.50386 1.6297 1.41435 1.20263 1.56667 1.03623 0.955979 1.14093 1.08734 0.924246 1.41076 1.26239 1.77831 1.08771 0.862267 1.14253 1.03295 1.15685 0.898235 1.06763 0.837642 1.52795 1.20175 1.17921 1.05863 1.87211 0.971493 1.19159
threshold=-0.24114833012111034 1.3452339285714288 -0.35458583966113683 0 1 -0.21831846471262356 -0.34291792354734868 2 0.69314718055994562 0.13450190087577732 -0.91629073187415466 1.0000000180025095e-35 3 0.038093836530767151 0.013273827504826573 0.12838055898188896 0.014331294759023729 4 0.15962660195053369 0.18931536182778766 0.071489035102831902 0.11682004754253776 17.500000000000004 -0.17714633567196444 0.084255946432736026 6.8146372016139329 5 0.23628971366402898 2.3905495144644449 1.5500000000000003 0.42480303328175523 0.081369301443645944 6 0.71245796265909322 7 0.435318071257846 5.2436092513694472 -1.0423063640732171 -0.16251892949777466 0.036374228609147609 133.65000000000001 8 7.8048509317991801 -0.09149185465316971 26.500000000000004 -0.093354976173381385 44.500000000000007 0.0089741620721666155 -0.049988432201817985 -0.26007024270189433 16050.000000000002 0.90754985754985762 0.042151945899806788 -0.37934836206209072 0.023235081878547174 24.500000000000004 34.500000000000007 1.3333329166666668 6.9973230244156577 42.500000000000007 -0.02985259550248642 0.29285714285714287
decision_type=8 2 8 1 1 10 2 1 2 2 2 2 1 10 2 10 2 1 10 2 2 10 2 2 10 2 1 2 8 2 8 2 1 2 1 2 2 2 2 10 2 1 2 8 2 2 2 2 10 2 8 2 2 2 2 2 10 2 2 2 2 2
left_child=4 11 -3 17 5 -1 -7 8 9 10 -8 25 13 -13 15 -15 -17 20 -19 -20 -4 22 -9 24 -24 26 27 29 -29 30 31 -2 33 34 35 48 37 -35 -39 -38 54 -42 -43 44 45 -36 -47 -48 -27 52 -51 -52 53 -50 57 60 58 -34 59 -57 61 -56
right_child=1 2 3 -5 -6 6 7 21 -10 -11 -12 12 -14 14 -16 16 -18 18 19 -21 -22 -23 23 -25 -26 32 -28 28 -30 -31 -32 -33 40 36 43 -37 39 38 -40 -41 41 42 -44 -45 -46 46 47 -49 49 50 51 -53 -54 -55 55 56 -58 -59 -60 -61 -62 -63
leaf_value=-0.013871076265473268 -0.00010921935436983008 0.0020040010999576893 0.0029491460861956476 0.0005936292155309783 0.0006936863901118842 0.0031508884568520329 -0.0020844931025415076 -0.0030801143273616449 -0.0087326093495043357 -0.0027891125866032346 0.00047366785028580882 -0.0016172623017395122 0.0014106983902036751 0.00022850405079504816 0.0011147568045327663 -0.00099595038711529317 0.00016753619390957788 -5.1590749022406157e-05 -0.0021833313267877802 -0.0053473845369239742 -0.0017850574970185587 0.00054767339599501232 0.00025295483573965782 0.00050149656888452666 -0.0074684342064609503 0.0011937329971313014 0.0011350865803073664 5.4612831814379737e-05 -0.0043784976742832866 0.0017566992575175325 0.0066382668155340746 -0.0038958022889213247 0.00024236938319626463 -0.0037306778353179515 0.0021030037222530304 -0.013491584444558034 -0.0031431379158769791 -0.002154278513887083 -0.0011462893711849894 -0.00023430676601779744 0.00076480676660203037 -0.0027593806491159104 -0.00026596591084729321 0.00038497423151685078 0.00047496203160498685 0.00066492426595834357 -0.0071389601972727205 -0.001703166846641046 -0.00073193946521520135 9.3632120653816677e-05 -0.016781193355973705 -0.0018598017203979322 -6.1283588736547038e-05 -0.0042855281263271833 -0.00031239332688730623 4.9089465751147797e-05 0.00093831891897496172 -0.0033082413871503378 -0.00026413662613367084 -0.0022673442653087855 0.00037362130320179178 -0.0022635580878565416
leaf_weight=58 222 681 92 1186 4610 349 49 77 42 124 243 47 799 205 193 40 47 99 58 51 44 1135 74 222 43 131 1109 78 56 164 52 56 6831 42 54 48 40 67 466 3018 100 40 63 2337 313 50 50 49 41 456 42 74 55 55 308 60 206 50 2739 49 2542 40
leaf_count=58 222 681 92 1186 4610 349 49 77 42 124 243 47 799 205 193 40 47 99 58 51 44 1135 74 222 43 131 1109 78 56 164 52 56 6831 42 54 48 40 67 466 3018 100 40 63 2337 313 50 50 49 41 456 42 74 55 55 308 60 206 50 2739 49 2542 40
internal_value=0.000432584 0.000285064 0.00131329 0.00062051 0.000971965 0.000218377 0.00041967 -2.7363e-05 -0.00226013 -0.00148681 3.41299e-05 0.000188205 0.00135511 -0.000165746 0.000462963 -0.00133106 -0.00585227 -0.0016338 -0.00347032 -0.00686364 0.00122449 0.000643406 -0.0011271 0.000132353 -0.00351695 0.000118038 0.00108458 -0.000719875 -0.00466667 0.000343435 -0.00120846 -0.00236559 3.57547e-05 -0.000400054 0.000246273 -0.00152245 -0.00106907 -0.00334201 -0.00268727 -0.000640732 0.000282997 -0.00311274 -0.00644737 0.00080831 -0.00110251 -0.00433824 -0.0067 -0.01055 -0.00102924 -0.0017058 -0.000680628 -0.00487179 -0.00555921 -0.00845361 0.000337206 -9.75608e-05 -0.00087725 0.000712729 -0.00114426 -0.00595455 0.000726392 -0.00174785
internal_weight=32721 25695 2211 1530 7026 2416 2358 2009 458 416 292 23484 1331 532 485 292 87 344 208 109 136 1551 416 339 117 22153 1737 628 134 494 330 278 20416 7388 3755 902 3633 575 533 3058 13028 203 103 2853 516 203 149 99 854 723 572 116 151 96 12825 5944 3054 6881 2848 109 2890 348
internal_count=32721 25695 2211 1530 7026 2416 2358 2009 458 416 292 23484 1331 532 485 292 87 344 208 109 136 1551 416 339 117 22153 1737 628 134 494 330 278 20416 7388 3755 902 3633 575 533 3058 13028 203 103 2853 516 203 149 99 854 723 572 116 151 96 12825 5944 3054 6881 2848 109 2890 348
cat_boundaries=0 1 2 3 4 5 6 7 8 9
cat_threshold=2 649 2 2580 432 2129 3329 1030 4226
is_linear=0
shrinkage=0.05


Tree=120
num_leaves=63
num_cat=5
split_feature=2 8 31 20 26 13 0 7 39 31 20 9 16 9 21 39 31 26 42 4 21 30 27 13 26 13 8 9 2 4 4 31 41 39 33 21 8 7 26 9 3 26 26 27 16 31 39 30 20 8 39 3 8 26 8 17 17 11 4 19 33 4
split_gain=0.811278 0.783022 1.76457 1.1559 3.23675 0.855608 0.715186 0.822815 0.901148 1.5741 1.72624 1.56852 1.12112 0.815184 0.80287 0.79914 1.06648 1.60947 1.31939 1.36928 0.848866 0.920134 1.87465 0.795547 0.755155 0.842323 0.733839 1.26663 0.770399 0.729457 0.684369 0.67908 1.4672 1.12044 1.63298 1.82039 1.58163 1.02983 1.31718 1.4588 1.3459 1.14245 1.13638 1.05557 1.02214 0.977965 1.20923 1.08523 1.11336 1.08873 0.996495 1.85877 1.51913 0.97736 1.06952 2.53639 0.987147 0.950266 1.09241 1.37537 1.99521 0.877832
threshold=-0.1182090433210523 0.016376077632875127 316.75000000000006 0.005302302361077719 41.500000000000007 0.41379324613565138 -0.15879742646209258 8.2952298520568828 0 3.2500000000000004 0.011235260688353515 0.17052062847049945 -0.070220069199898413 0.4990252044267986 1249.7850000000001 1 6.450000000000002 45.500000000000007 0.93700396825396837 -0.48391269166586953 1200.5000000000002 0.15000000000000005 39.500000000000007 0.61538523668686862 29.500000000000004 0.66396892799298646 0.23832431530730794 0.22845298610759449 -0.16831897521691894 0.041180485844378285 -1.0265389581819597 22.350000000000005 1.5877684407096173 2 36.807142857142871 6683.7500000000009 0.53649740122001222 7.1982017582533979 48.500000000000007 0.094441552003811338 0.19600203692352072 20.500000000000004 18.500000000000004 31.500000000000004 -1.0000000180025095e-35 150.20000000000002 3 14.250000000000002 -0.073992866587677272 0.040831973278556095 4 0.2001869733914359 0.24578534410524369 38.500000000000007 0.11428128349137777 0.16744897559890162 -0.49667568351067021 84.500000000000014 0.077033209113415171 -0.029971978284304476 37.564285714285724 -0.74523630021201093
decision_type=2 8 2 10 2 2 2 2 1 2 10 10 2 10 8 1 2 2 2 2 10 2 2 2 2 2 10 10 2 2 2 2 2 1 2 10 10 2 2 10 2 2 2 2 2 2 1 2 10 8 1 2 8 2 10 2 2 2 2 2 2 2
left_child=6 2 3 5 -5 -2 14 15 13 23 12 -12 -11 -9 24 -8 17 20 -19 -20 -17 26 -23 -10 29 -26 27 28 -22 -1 -18 33 -33 34 -3 36 -36 41 -39 -40 -41 42 43 -35 -42 50 -47 48 -48 -49 51 -34 -53 54 55 -50 -55 58 -44 -60 -61 -51
right_child=1 31 -4 4 -6 -7 7 8 9 10 11 -13 -14 -15 -16 16 30 18 19 -21 21 22 -24 -25 25 -27 -28 -29 -30 -31 -32 32 45 37 35 -37 -38 38 39 40 44 -43 57 -45 -46 46 47 49 53 61 -52 52 -54 56 -56 -57 -58 -59 59 60 -62 -63
leaf_value=0.0027190523619150374 -0.001032006771201875 0.00087260838017689342 -0.00092650373838036679 0.0012991802600874486 -0.0027020143067356503 0.0022694048175801308 0.00090132646271432002 0.00027722132399567715 0.0015929448282174293 -0.0060538840070820891 -0.0033384077306735671 0.0017505502676958551 -0.0012986619400404593 -0.0071178049659927252 0.0012371826099208138 0.00075786991678732367 -0.0021385360431607505 0.00074725546524383266 -0.012495662848800054 -0.00094786153513636787 -0.00084586203080513423 1.1778511220242154e-05 -0.013618644956595267 -0.00033262127428575243 0.0020744972741965901 -0.0020981183484321368 0.001743832856755119 -0.0029477977659608415 0.0021816531049383323 -0.0015804187247277707 0.00049192113322545767 0.0017940389703548195 3.5222890737365766e-05 -0.00022436516064232266 0.00017283215980656082 -0.0025261279598340178 -0.0020822051300472474 -0.00016195318499313 -0.0074455584377417523 0.00016956115256072136 -0.0047174326680671404 0.001287004905068995 0.0003025840245474872 0.00042486040586449375 -9.0551143607730506e-05 0.00030409423735136668 -0.008200972424184598 -0.0025282143130536299 -0.0069871240975879672 -0.0023265098256397675 0.0005013338181655058 -0.00073164576991893195 -0.013837283736414152 -0.0012369329754580863 -0.0012822007966407909 0.00049409324452737472 0.00061170402835641934 -0.0029000296858824998 0.0017105363105391121 -0.0078430905843890706 1.0610797651429633e-05 2.430471716079112e-05
leaf_weight=218 51 1872 47 163 60 565 1599 841 128 50 49 94 83 51 2252 546 69 40 42 42 72 51 41 74 54 121 86 54 65 48 1372 361 979 1196 505 72 45 5315 68 168 46 577 114 1139 40 2462 47 89 54 84 4095 121 43 49 261 41 250 53 42 42 43 3368
leaf_count=218 51 1872 47 163 60 565 1599 841 128 50 49 94 83 51 2252 546 69 40 42 42 72 51 41 74 54 121 86 54 65 48 1372 361 979 1196 505 72 45 5315 68 168 46 577 114 1139 40 2462 47 89 54 84 4095 121 43 49 261 41 250 53 42 42 43 3368
internal_value=0.000410009 0.00026643 0.00172492 0.00225595 -0.000825893 0.00337115 0.000842442 0.000512844 -0.000547046 -0.00226994 -0.00476534 -0.0009375 -0.00884328 0.000398671 0.00150891 0.000868873 0.000301084 -0.000918269 -0.00624 -0.00976471 -0.000191048 -0.00204054 -0.00634409 0.00103448 -0.000441176 -0.00298295 -0.000593525 -0.00231771 0.000253623 0.00123596 0.00118239 0.0002117 0.000468915 -6.7472e-05 0.000866268 -0.00134831 -0.000362976 -0.000331488 -0.000738737 -0.00383901 -0.00207843 0.000383536 -5.89352e-05 0.00031036 -0.00712644 0.000373828 -2.60958e-05 -0.000537141 -0.00233286 -0.0001821 0.000885665 -0.000420277 -0.00533333 -0.00179116 -0.00355742 -0.00807292 0.000316667 -0.00298305 -0.00163223 -0.00480469 -0.00843023 -4.05443e-05
internal_weight=32669 24527 886 839 223 616 8142 5449 1370 478 276 143 133 892 2693 4079 2480 1039 124 84 915 369 92 202 441 175 277 191 137 266 1441 23641 12304 11337 2494 622 550 8843 5637 322 254 3206 2629 2335 86 11943 6705 4243 702 3541 5238 1143 164 655 356 95 299 294 241 127 85 3452
internal_count=32669 24527 886 839 223 616 8142 5449 1370 478 276 143 133 892 2693 4079 2480 1039 124 84 915 369 92 202 441 175 277 191 137 266 1441 23641 12304 11337 2494 622 550 8843 5637 322 254 3206 2629 2335 86 11943 6705 4243 702 3541 5238 1143 164 655 356 95 299 294 241 127 85 3452
cat_boundaries=0 1 2 3 4 5
cat_threshold=2105 4635 752 1126 244
is_linear=0
shrinkage=0.05


Tree=121
num_leaves=63
num_cat=3
split_feature=35 35 33 2 11 22 21 33 21 13 22 6 33 8 23 15 10 1 19 15 21 12 8 15 35 15 27 25 39 3 19 26 12 30 30 19 21 39 9 21 30 6 15 13 29 33 3 11 6 19 3 8 9 27 13 21 26 13 8 26 3 9
split_gain=0.767085 1.22336 0.856757 0.765646 0.817248 0.855099 1.02688 1.53519 1.02253 1.27426 1.12952 1.24355 0.791984 0.953161 0.738826 1.19684 1.17397 1.37371 0.989211 0.820322 1.44353 1.3367 0.937051 0.690309 0.898874 1.08379 0.740215 0.656912 0.927724 1.1341 1.92734 0.916572 1.12787 1.62569 0.900446 1.3065 1.59779 0.854931 1.14185 0.842154 0.770118 0.75878 0.928059 0.749895 0.736769 0.892705 1.15471 0.853523 1.48309 1.46178 0.871 0.834316 1.35148 1.30168 0.79153 0.7045 1.17173 1.0217 0.786718 0.867812 1.01508 1.34312
threshold=0.00041110102402858233 0.00014421331483109164 39.785714285714299 -0.1182090433210523 82.500000000000014 -0.87481324304390118 3904.1650000000004 34.507142857142874 14062.500000000002 0.307920227920228 0.028894807505429339 9.0028809565797552 26.835714285714285 0.034480654868740017 0.53899650073268734 -1.0000000180025095e-35 -0.086037749608437228 -0.090936959305565321 -0.092207197813093777 0.17427326773077037 4997.8150000000014 63.500000000000007 0.2430317533792706 4.0121196598301454 0.60531846381492826 -0.45198512374305705 6.5000000000000009 0 1 0.66497630359324911 0.032157194339578248 33.500000000000007 26.500000000000004 20.550000000000004 116.60000000000001 -0.0056633793660111143 3101.2500000000005 2 0.046226761001741876 891.00000000000011 48.250000000000007 6.7939639423100342 -1.045787243472909 0.20052910052910056 1.0000000180025095e-35 35.635714285714293 0.043172140796488019 65.500000000000014 7.8394386884520193 -0.096716078610793246 -1.0000000180025095e-35 0.27694415583507725 0.27838676028620185 31.500000000000004 0.29551770250931858 8987.5000000000018 40.500000000000007 1.7500002757354971 0.36711093790326293 38.500000000000007 0.17971754475942439 0.19075828630527858
decision_type=2 2 2 2 2 8 10 2 10 2 10 2 2 8 10 2 2 2 2 2 10 2 10 2 2 2 2 1 1 2 2 2 2 2 2 2 8 1 8 8 2 2 2 2 2 2 2 2 2 2 2 10 10 2 2 10 2 2 10 2 2 10
left_child=1 2 3 4 5 -1 12 8 9 -8 14 -12 -7 -14 15 -11 17 -16 -17 20 -20 -22 -21 24 -2 26 -26 28 31 39 -31 34 40 -34 44 -36 -37 41 -39 -30 -33 42 -29 -43 45 51 -47 49 -49 50 -46 54 53 -53 -5 -40 58 -58 59 60 -57 -62
right_child=23 -3 -4 27 -6 6 7 -9 -10 10 11 -13 13 -15 16 18 -18 -19 19 22 21 -23 -24 -25 25 -27 -28 37 29 30 -32 32 33 -35 35 36 -38 38 55 -41 -42 43 -44 -45 47 46 -48 48 -50 -51 -52 52 -54 -55 -56 56 57 -59 -60 -61 61 -63
leaf_value=0.0028510312952640254 0.00077744718933137177 -0.0014327308230429924 0.0016110684465278535 -0.007121833775330589 0.0014589077674776654 0.0012788338068087013 -0.0021710409488134388 0.0024148423432924669 0.0038526760353925354 0.00093490779274739248 -0.0068529589118043188 -2.1686885395274562e-05 -0.0031477686647493801 0.00021645448864729901 -0.00038719462132925269 0.004998006057997992 0.0009388204068513144 -0.00091924953492918268 0.00011348735354368517 0.0012021978242421143 -0.0056882578421052739 -0.00061741127786564239 -0.0047074707525289628 -0.0014962279861536207 0.00028626575023329618 0.00022728652694478148 -0.0003273470953573768 -0.001855018983024525 0.00089179259191050604 -1.1595184732468871e-05 -0.0080747561751398772 -0.0032388755928191709 -0.0026073817718256587 -0.0075014432758912482 0.0030241490735024388 -0.00055980679705096151 -0.0024210225078021546 0.0015929962187573969 0.00023043590028304917 2.3479398887210927e-05 0.0034756152618064268 0.00057166380949892886 0.00099424032472630376 -0.00016370980949899404 -0.0042842026757328221 -2.5654504061796177e-05 -0.0010175480732961927 0.00084381321853754787 -0.0026388099673243376 -0.00043682536538119585 -0.0012381410716070908 -0.0090673836878846469 0.00049012696135823793 -0.0021192660020102664 0.00039725282337275242 -0.00041828518155718965 0.0019107595951299832 -0.0037894329218362008 0.0012315867521070789 -0.0043200262076612071 -0.0024665828977243134 -9.5467275169120114e-05
leaf_weight=357 1017 41 565 64 1068 555 64 193 92 280 40 41 41 4533 71 42 60 41 53 111 41 40 65 40 42 221 59 42 246 113 49 63 45 44 41 41 45 244 9463 4514 48 320 528 3888 45 97 41 249 73 437 41 41 100 78 1116 280 234 59 75 43 47 55
leaf_count=357 1017 41 565 64 1068 555 64 193 92 280 40 41 41 4533 71 42 60 41 53 111 41 40 65 40 42 221 59 42 246 113 49 63 45 44 41 41 45 244 9463 4514 48 320 528 3888 45 97 41 249 73 437 41 41 100 78 1116 280 234 59 75 43 47 55
internal_value=0.00036441 0.000313538 0.000324985 0.000289433 0.000717679 0.000513317 0.000379478 -0.00091498 -0.00167466 -0.00216316 -0.00166479 -0.0072561 0.000691033 0.000474317 -0.00109317 -0.000300158 -0.00398844 -0.00699115 -0.00223796 -0.00321543 -0.00614815 -0.0103049 -0.000960452 0.00151812 0.00171269 -0.000588235 -0.00485294 0.000143824 -0.000234886 0.000174336 -0.00392638 -0.000976103 -0.00422886 -0.00838889 -0.000719123 -0.00480469 -0.00827586 0.000332919 0.000585101 0.00031506 -0.000848214 -0.00022134 0.00148862 -0.000453789 -0.00049937 0.000152796 -0.00366906 -0.0016844 0.000340557 -0.00292939 -0.00885057 0.000532143 -0.00229545 -0.005875 0.00105843 0.000505021 -0.000925692 0.00158163 -0.00239521 -0.0032277 -0.00245431 -0.00669903
internal_weight=32682 31303 31262 30697 7788 6720 6363 1234 1041 949 885 81 5129 4574 804 632 172 112 352 310 134 81 176 1379 1339 322 101 22909 7631 4922 162 2709 200 89 2509 127 86 15278 10500 4760 111 4778 570 4208 2382 1537 138 845 322 523 86 1399 219 119 1180 10256 793 293 500 425 382 102
internal_count=32682 31303 31262 30697 7788 6720 6363 1234 1041 949 885 81 5129 4574 804 632 172 112 352 310 134 81 176 1379 1339 322 101 22909 7631 4922 162 2709 200 89 2509 127 86 15278 10500 4760 111 4778 570 4208 2382 1537 138 845 322 523 86 1399 219 119 1180 10256 793 293 500 425 382 102
cat_boundaries=0 1 2 3
cat_threshold=201 6658 278
is_linear=0
shrinkage=0.05


Tree=122
num_leaves=63
num_cat=5
split_feature=12 31 36 30 41 10 42 33 22 22 7 26 15 31 19 22 42 1 4 26 8 5 24 28 6 1 8 1 15 15 22 18 12 13 25 6 25 18 23 23 1 22 30 16 19 26 18 14 19 15 19 6 41 9 24 13 7 41 41 4 9 38
split_gain=0.667646 1.44481 1.85844 1.61783 1.94101 2.07656 1.31081 1.14648 1.39683 1.21219 1.06354 1.35105 1.04146 0.964503 0.854239 0.826384 2.42372 1.33703 0.733049 1.10102 1.07197 0.982297 1.28917 1.02499 0.979471 0.946371 0.727935 0.673737 0.82025 0.910287 0.940402 0.851523 0.798059 0.882851 1.0645 0.722898 0.741243 0.931051 0.821781 0.746037 0.806286 0.750222 1.09381 1.2635 1.35324 0.786394 0.758541 0.849136 0.710197 1.0575 1.18108 1.48999 1.04176 1.08561 1.13621 1.64158 1.13929 1.03887 0.969988 1.14807 1.04021 0.787983
threshold=40.500000000000007 205.60000000000005 0.13391404452277947 10.750000000000002 77.407886904761924 0.029787033107820719 0.74589722894807653 29.807142857142864 -0.20875392100576443 -0.025277179948706971 9.6569273354777092 12.500000000000002 0.074851260627907937 0.35000000000000009 -0.22993213470550272 -0.49036490446032044 0.93798076923076934 -0.23253364792430317 -0.078781205722074241 36.500000000000007 0.053410585350685859 8.1085943549335955 0 1.0000000180025095e-35 7.9128925414483504 -0.058474870727378551 0.70519766509369242 -0.064538249398367484 0.039608226768524275 0.15415067982725841 0.032363446810613268 0.97138364676565481 88.500000000000014 0.5614501172219406 1 9.105006990094358 2 -0.20107182297941475 0.6830805751704293 0.40636276121672804 -0.18965446594314181 0.14912299857359165 0.15000000000000005 0.068992871486951005 -0.04683018141808213 36.500000000000007 -0.78083257191894972 -1.0000000180025095e-35 0.0084575181812690716 1.3257700469822429 -0.094027741932042511 7.5804883392839253 357.00894170911158 0.4263723920754075 3 1.0762428776571762 7.6538502584584602 394.03835978835986 20.778719397363471 -0.5778007202450256 0.0257826060014603 4
decision_type=2 2 2 2 2 2 2 2 8 10 2 2 2 2 2 8 2 2 2 2 10 2 1 2 2 2 10 2 2 2 10 8 2 2 1 2 1 10 10 10 2 8 2 2 2 2 10 2 2 2 2 2 2 8 1 2 2 2 2 2 10 1
left_child=1 10 3 4 5 -3 12 18 -9 -10 13 -12 -5 15 -2 16 -1 -18 -8 20 -20 22 -22 -24 -21 -26 -17 28 35 30 -30 -31 48 34 -34 36 37 -16 39 41 -41 -38 43 44 -43 46 -44 -48 49 58 51 -51 53 -50 55 -55 -56 -54 59 -29 -61 -59
right_child=14 2 -4 6 -6 -7 7 8 9 -11 11 -13 -14 -15 27 26 17 -19 19 24 21 -23 23 -25 25 -27 -28 32 29 31 -32 -33 33 -35 -36 -37 38 -39 -40 40 -42 42 45 -45 -46 -47 47 -49 52 50 -52 -53 57 54 56 -57 -58 61 -60 60 -62 -63
leaf_value=0.00061710074681819548 0.00080143429570051828 -0.0019206381755313203 -0.0014938547273167149 -0.0070853360889647429 0.00073597552812773028 -0.010070709848587302 0.0015534530455557684 0.0021085158457537973 -0.0020487166168476141 -0.00017489971030810938 -0.0029730187103620752 0.0016041250053271889 0.00024626504005657857 0.00047190529282742447 9.0713134554160698e-05 0.0002497679482160033 -0.0086472336808959497 -0.0041391901451070532 -0.00089635540632955534 0.0026544773948292688 0.00073082767758721472 0.0012427435725335648 -0.0026056305668693898 -0.0037747497844684108 -0.0072597334909387167 8.333537774105648e-05 -0.011549671218322649 -0.0026389087147756702 -0.0003606044791142378 -0.00015450646104982771 -0.0021376099037298132 0.0006310937847064166 -0.0010786282429176425 0.0012772276978125282 0.00069165121985512515 0.0029229239158401511 0.00045727888656823406 0.0014798440007814128 0.001836558835658506 0.00031154796040041161 -0.0019931265563512238 -0.0050788646868817795 0.0031331228095909814 -0.006366117504277409 0.0015431819809007203 0.0031139217559750334 -0.0047824180554727784 -0.00044935976266624036 -7.1079384029380741e-06 -0.0038783722172600929 -3.1223333808174023e-05 -7.8113587975945712e-05 -0.0022636008185796873 -0.0014097689421623217 -0.012982503198049104 -0.018609285000798999 0.0036094204487934888 4.671065467267621e-05 0.00025960718601966584 -0.0021397361456540419 -4.7785559845016595e-05 -0.00083438988481936897
leaf_weight=118 906 70 40 47 94 63 762 100 46 50 72 64 41 8322 767 2100 41 58 68 312 104 216 54 90 49 126 46 50 289 1496 77 684 116 457 168 204 789 764 153 48 40 53 67 44 75 128 75 171 4191 40 149 46 49 52 74 48 89 337 3801 53 2454 538
leaf_count=118 906 70 40 47 94 63 762 100 46 50 72 64 41 8322 767 2100 41 58 68 312 104 216 54 90 49 126 46 50 289 1496 77 684 116 457 168 204 789 764 153 48 40 53 67 44 75 128 75 171 4191 40 149 46 49 52 74 48 89 337 3801 53 2454 538
internal_value=0.000428952 0.000704349 -0.000424346 -0.000235499 -0.00423246 -0.00809701 0.000205712 0.0004727 -0.00314721 -0.00742268 0.000947607 -0.00343066 -0.00573034 0.00100365 0.000243566 0.000112098 -0.0028211 -0.00855 0.000872615 -4.90177e-06 -0.00157598 -0.000709677 -0.00285141 -0.00567742 0.00171107 -0.00127841 0.000409874 0.000170629 0.000610971 -6.6745e-05 -0.00237057 0.000320954 -3.46101e-05 0.0015566 -0.000631579 0.00112163 0.000935433 0.00172179 0.000190448 -0.000167673 -0.00460674 0.000114042 -0.00119707 -0.00456647 -0.0020155 0.000124435 -0.00122611 -0.00251012 -0.000133227 0.000214589 -0.00307203 -0.00770115 -0.000559583 -0.000242424 -0.00335227 -0.00720721 -0.000488506 -0.00208649 0.000336531 -0.000416341 -0.000265151 -0.00168379
internal_weight=32695 13153 2332 2292 227 133 2065 1977 196 96 10821 136 88 10685 19542 2363 217 99 1781 1019 532 464 248 144 487 175 2146 18636 5924 2546 366 2180 12712 741 284 3378 3174 1531 1643 1490 88 1402 613 172 128 441 313 246 11971 6593 235 86 5378 4454 263 100 163 924 6358 2557 2507 875
internal_count=32695 13153 2332 2292 227 133 2065 1977 196 96 10821 136 88 10685 19542 2363 217 99 1781 1019 532 464 248 144 487 175 2146 18636 5924 2546 366 2180 12712 741 284 3378 3174 1531 1643 1490 88 1402 613 172 128 441 313 246 11971 6593 235 86 5378 4454 263 100 163 924 6358 2557 2507 875
cat_boundaries=0 1 2 3 4 5
cat_threshold=20 2138 567 5 2
is_linear=0
shrinkage=0.05


Tree=123
num_leaves=63
num_cat=2
split_feature=10 31 8 0 6 39 33 6 7 22 41 4 31 30 6 9 0 13 42 16 10 39 35 35 7 4 30 5 11 41 23 26 41 19 9 10 37 6 0 19 1 4 7 13 10 33 8 42 44 4 33 11 27 9 1 31 23 4 22 10 33 33
split_gain=0.743414 0.84836 0.909537 1.16659 1.02634 0.854028 1.79685 1.31794 1.77557 1.46717 1.78493 1.77385 1.36694 1.27744 1.56101 2.02674 1.05508 0.871142 0.979138 0.825517 0.811902 0.809009 1.09331 2.54985 0.956909 0.976008 0.934416 1.16154 1.30696 1.1315 0.94829 0.899962 1.30657 1.02241 0.858555 0.915983 0.987387 0.836658 1.6605 1.77153 2.00638 0.925079 1.45238 1.39046 1.2664 1.50024 0.813753 1.02565 3.16144 1.07566 1.11977 1.28023 1.08344 0.979265 0.906627 1.4021 0.803696 0.773104 0.9792 1.31715 1.52867 1.52349
threshold=0.023235081878547174 132.00000000000003 0.53649740122001222 0.70541757802971594 6.5381678535954739 0 31.56428571428572 7.66462016252905 7.5937827422839339 -0.42871697973730688 68.143039772727278 0.12260232209233159 228.30000000000004 45.250000000000007 7.957998562225562 0.18563786816474306 0.045809571012691126 0.82932289113413049 0.96899038461538478 0.13190315794459509 0.57076451452902399 1 0.00064530493784571458 0.00021502640254143066 8.4699705816440574 -1.4388113718587412 50.95000000000001 6.7399091627468977 16.500000000000004 301.62152777777777 0.04800921918636037 17.500000000000004 7.8686854887674569 1.7058391097903263e-17 0.13967515995660676 -0.14069640294278682 25.500000000000004 7.0702313217237522 0.042559614418796084 -0.0047336979700586855 0.05264339564766108 0.048790164169431278 6.9584697224626408 0.57142872448968673 -0.20889221610142703 30.37857142857143 0.10550303531464471 0.91266209000762788 1.0000000180025095e-35 -0.041242432218536955 35.564285714285724 80.500000000000014 30.500000000000004 0.097115027894571951 -0.43070329191838658 104.75000000000003 0.40546510810816461 -0.084081504304713825 -0.1053105131576596 -0.076221232655846002 29.992857142857151 27.87857142857143
decision_type=2 2 10 2 2 1 2 2 2 10 2 2 2 2 2 10 2 2 2 2 2 1 2 2 2 2 2 2 2 2 10 2 2 2 8 2 10 2 2 2 2 2 2 2 2 2 10 2 2 2 2 2 2 10 2 2 8 2 10 2 2 2
left_child=21 2 3 20 -4 -3 7 9 -9 10 12 -12 -7 14 16 19 -10 -11 -19 -16 -2 22 23 24 25 -1 27 28 -23 -28 -31 -26 -33 -34 -24 -36 -37 38 41 -40 -41 42 -29 -44 -45 -46 47 48 -27 50 -49 52 -52 56 55 -48 -51 58 -39 60 61 -60
right_child=1 5 4 -5 -6 6 -8 8 13 17 11 -13 -14 -15 15 -17 -18 18 -20 -21 -22 26 34 -25 31 46 29 37 -30 30 -32 32 33 -35 35 36 -38 57 39 40 -42 -43 43 44 45 -47 54 49 -50 53 51 -53 -54 -55 -56 -57 -58 -59 59 -61 -62 -63
leaf_value=-0.0037707118146834482 0.00014147226799294987 3.2549650141578793e-05 -0.012595913664973986 -0.0079191910410404773 -0.000532652969258637 -0.0022576633562219257 -0.0048498972126682941 -0.0065199163863383343 0.00078117704112813321 0.00069327553422813225 -0.00059348238813227631 -0.0054380394148807135 0.0035591032674380796 2.4222429785468092e-05 -0.001830813585086515 -0.013024844084809736 -0.0023089553412666084 0.0018879325599967134 -0.0073032999394918698 0.00013496479686218589 0.0028899546076076883 -0.0010809978690874975 0.0010468510949284916 -0.0020051924416394965 9.9396460725925681e-05 -0.007642400486127761 0.0016532917599435982 0.0021217404827856162 0.001516616138688793 0.00048396626270646607 -0.0034615119522032906 -0.0043564467695881353 0.0009517634623517334 -0.001199821488201103 0.00055839401973377476 -0.0019915648900885033 0.00021603732760519276 0.00027440527864994044 0.00012039384589534086 -0.001117062850626595 -0.0057080022931791713 -0.0018365231071660435 0.0013268017703649188 0.00046294960883519937 -0.00052805618989768834 -0.0067684057050294913 0.00032442072579306949 0.00046452187870996961 0.0012007017449419237 0.00014645782943733792 -0.0017055583187576601 0.002243196905275871 -0.00039578582564493654 -6.0212309452393667e-05 0.00033438304634247375 -0.0016768275090914373 -0.00109481655784917 0.00053807451584299163 7.777909821502299e-05 0.00034555665846424055 -4.5964699585842743e-05 -0.0023896661983998867
leaf_weight=57 9184 3156 58 68 482 79 71 43 114 566 58 47 137 394 66 64 91 76 40 54 314 48 423 43 131 54 1763 190 680 118 63 54 53 72 100 45 72 3494 71 56 47 88 204 96 44 58 142 599 89 41 47 60 136 188 2425 67 102 3773 123 536 592 356
leaf_count=57 9184 3156 58 68 482 79 71 43 114 566 58 47 137 394 66 64 91 76 40 54 314 48 423 43 131 54 1763 190 680 118 63 54 53 72 100 45 72 3494 71 56 47 88 204 96 44 58 142 599 89 41 47 60 136 188 2425 67 102 3773 123 536 592 356
internal_value=0.000414888 0.00015894 0.000423469 0.000536218 -0.00157116 -0.000369784 -0.00120356 -0.000904371 -0.0023821 0.000313745 -0.00246894 -0.00778302 0.000138249 -0.00183036 -0.00385897 -0.00718919 -0.000849514 0.00162518 -0.00230769 -0.00330578 0.000583219 0.000637895 9.97807e-05 -0.000183444 -6.13708e-05 0.000145958 0.000854081 0.000667496 0.00259259 0.00186118 -0.0018956 -0.00273312 -0.00502778 -0.00218254 0.00202808 -0.000527523 -0.00351695 0.000523178 -0.00097076 -0.00531429 -0.00947115 0.000146843 0.000860034 -0.000843672 -0.0038191 -0.0076699 0.000240446 -0.000774487 -0.00475694 -0.000285349 0.000664294 -0.00219262 -0.0042663 -0.00269578 0.000747628 -0.00240476 -0.00579861 0.000667042 0.000265582 -0.000755597 -0.00176772 -0.00386458
internal_weight=32562 15162 10106 9566 540 5056 1900 1829 826 1003 321 105 216 783 389 184 205 682 116 120 9498 17400 5000 4360 4317 4007 12400 10456 728 1944 181 310 179 125 640 217 117 9728 854 174 103 680 592 402 198 102 3950 1316 143 1173 842 243 183 331 2634 209 143 8874 5101 1607 1071 479
internal_count=32562 15162 10106 9566 540 5056 1900 1829 826 1003 321 105 216 783 389 184 205 682 116 120 9498 17400 5000 4360 4317 4007 12400 10456 728 1944 181 310 179 125 640 217 117 9728 854 174 103 680 592 402 198 102 3950 1316 143 1173 842 243 183 331 2634 209 143 8874 5101 1607 1071 479
cat_boundaries=0 1 2
cat_threshold=3627 2562
is_linear=0
shrinkage=0.05


Tree=124
num_leaves=63
num_cat=3
split_feature=6 20 23 39 33 42 7 26 13 41 7 30 31 21 14 7 15 0 33 2 14 41 0 22 30 12 12 13 12 0 26 1 41 14 20 0 35 23 31 33 39 26 21 20 12 20 6 21 19 15 42 3 41 19 10 35 7 5 39 9 1 7
split_gain=0.758428 0.897515 1.5167 0.72501 1.25079 1.37468 1.71366 3.5999 1.67947 1.47207 1.92984 1.18229 1.08094 1.38474 1.07874 1.25481 1.1551 1.09671 1.02205 1.00813 1.14643 1.02026 0.966247 1.35469 1.82904 0.965333 0.9378 1.05446 0.977395 0.920664 1.84133 0.909101 0.871687 0.794078 1.1122 0.909933 0.882824 0.771321 0.746088 2.22435 1.06161 1.45054 1.39463 1.23119 1.26135 1.03624 1.65186 0.882684 0.834552 0.898708 0.917342 0.769064 1.26235 0.731694 0.724978 0.702219 1.02389 2.18027 0.718669 1.59166 1.32926 0.74433
threshold=6.6807555439083872 -0.30419504921343893 -0.32230940474710584 0 38.192857142857157 0.96747752511898477 7.3952309186412526 48.500000000000007 0.90658826564769834 42.093333333333341 7.8172857573495884 42.250000000000007 3.6500000000000008 1026.2500000000002 0.071983280437092581 7.1222334855091374 0.064179725219353681 -0.2097191796288915 34.335714285714296 -0.10915066590167564 1.5262725664741996 91.016129032258078 -0.0082088649206863967 -0.25777028923262418 1.0000000180025095e-35 81.500000000000014 32.500000000000007 0.39215784313725494 28.500000000000004 -0.15879742646209258 17.500000000000004 -0.0037037058877977809 35.367543859649132 0.31331070092623708 -0.043695226435781144 -0.18232155679395354 1.6046269889151417 0.21980307603068197 0.65000000000000024 27.092857142857149 1 10.500000000000002 5480.0000000000009 -0.035466379193855459 21.500000000000004 -0.049988432201817985 7.6399988834572214 14600.000000000002 -0.025791658370585304 -0.34985402346950462 0.98449519230769245 -0.017987491349690018 1878.580649882904 0.013273827504826573 0.15489497040132563 0.00014421331483109164 7.7758238322760027 7.8834459157873171 2 1.0000000180025095e-35 0.45516475404233653 8.2272248585775483
decision_type=2 10 10 1 2 2 2 2 2 2 2 2 2 8 2 2 2 2 2 2 2 2 2 10 2 2 2 2 2 2 2 2 2 2 10 2 2 10 2 2 1 2 10 10 2 8 2 10 2 2 2 2 2 2 2 2 2 2 1 10 2 2
left_child=1 2 -1 4 5 6 12 8 37 11 -11 -10 13 -2 15 16 31 -16 26 20 -5 29 23 -20 -25 -14 28 -28 -7 -22 -31 -15 -27 36 35 -35 38 -8 39 -21 45 51 43 44 -43 46 -41 55 -45 -50 -51 52 -42 -48 -47 58 -57 -58 60 -60 -40 -61
right_child=3 -3 -4 19 -6 18 7 -9 9 10 -12 -13 25 14 17 -17 -18 -19 22 33 21 -23 -24 24 -26 32 27 -29 -30 30 -32 -33 -34 34 -36 -37 -38 -39 47 40 41 42 -44 48 -46 54 53 -49 49 50 -52 -53 -54 -55 -56 56 57 -59 59 61 -62 -63
leaf_value=-0.016794137514865044 0.0005124892571080706 0.00064567018008492201 0.0014298970452407312 0.00048229745876946482 0.0024418275065192312 -4.250347270567849e-05 0.00063827611728037694 -0.0065645531977423224 0.00086927547109562874 -0.0071934668351837832 -0.01687026391976092 -0.0036005654813569578 0.00042461648641954337 -0.0051994254119364222 -0.0093507642251785261 -9.0956563478960216e-05 -0.0002973273984256338 0.0006154934434620525 0.0019545869743167565 -0.0053789243941035625 0.00025868949330909479 0.0023286341181097208 2.9126016599922925e-05 -0.0052382570704419306 -0.00048949770776494309 -0.0039933643328480461 -0.0017734826063316566 0.00042624410672341428 -0.0046839811559513979 0.00078493341509578817 -0.0068099712528430075 -0.010242708144995998 -0.00054687383399888668 -0.0032622951303300958 0.00044101811973419017 -0.00029862875603834239 -0.0006443081046341579 -0.0042440143855666402 -9.6965170251293441e-05 -0.0045971137638142921 -2.6352233881808036e-05 -0.00033686047272573835 -0.0035166924557868194 0.00018701222185168602 -0.0055319692455649411 0.00078789047276527861 0.0012043343300332057 0.0019713977119287691 0.0012228826155583242 -0.00056914662008066257 -0.0025646647846464836 0.00026935891720249574 -0.0019872162688585049 -0.0023761542936644934 -0.00026871936604459925 0.0010096245433828842 -0.0036748560093593911 0.00062842100876268599 -0.0019244071920138427 0.00023103344721489189 -0.0064329831317518184 -6.1344113712442376e-05
leaf_weight=64 162 1920 84 5923 427 509 306 45 82 106 54 65 1058 55 44 71 44 113 48 49 53 59 189 45 60 57 89 1683 57 49 75 54 125 74 3950 458 65 51 2311 41 225 43 53 209 41 919 53 297 58 172 69 346 50 40 204 384 44 179 52 5747 51 2670
leaf_count=64 162 1920 84 5923 427 509 306 45 82 106 54 65 1058 55 44 71 44 113 48 49 53 59 189 45 60 57 89 1683 57 49 75 54 125 74 3950 458 65 51 2311 41 225 43 53 209 41 919 53 297 58 172 69 346 50 40 204 384 44 179 52 5747 51 2670
internal_value=0.000397785 0.00132431 -0.00241611 0.000335152 -0.000179144 -0.000394355 -0.00123947 -0.0033169 -0.00237594 -0.00508117 -0.00838509 -0.0014527 -0.000411995 -0.00227022 -0.00391361 -0.00613333 -0.00866883 -0.000727848 0.000391645 0.000450168 0.00100568 -0.00240506 -0.00215743 -0.0050974 -0.00825472 0.000402901 0.000765284 0.00133108 -0.00100529 -0.00429775 -0.00664 -0.0114091 -0.00295082 0.000268894 0.000849877 -0.00129456 8.76646e-05 -4.18993e-05 0.000114272 -0.000656821 -0.000449683 -0.00146437 -0.00313467 -0.00242833 -0.008 0.000579653 -0.00355556 0.000283316 -0.00149312 -0.00318333 -0.00452479 0.000249196 -0.00172101 0.000159575 0.00108096 0.000213306 0.00186678 -0.000825893 0.000120477 0.000335495 -0.000648967 0.000390235
internal_weight=32680 2068 148 30612 5599 5172 2492 709 664 307 160 147 1783 543 381 224 153 157 2680 25013 6159 236 342 153 105 1240 2338 1772 566 177 124 109 182 18854 4482 532 14372 357 14307 2572 2523 1266 645 592 84 1257 134 11735 508 299 241 621 275 93 1123 11438 607 223 10831 8469 2362 8417
internal_count=32680 2068 148 30612 5599 5172 2492 709 664 307 160 147 1783 543 381 224 153 157 2680 25013 6159 236 342 153 105 1240 2338 1772 566 177 124 109 182 18854 4482 532 14372 357 14307 2572 2523 1266 645 592 84 1257 134 11735 508 299 241 621 275 93 1123 11438 607 223 10831 8469 2362 8417
cat_boundaries=0 1 2 3
cat_threshold=2304 221 131
is_linear=0
shrinkage=0.05


Tree=125
num_leaves=63
num_cat=7
split_feature=39 25 6 27 6 2 12 20 20 33 42 30 31 23 8 9 41 0 4 5 39 31 8 27 26 35 35 41 16 2 27 9 3 3 25 20 9 31 16 4 24 1 9 1 16 21 25 4 39 6 41 21 0 31 9 9 2 14 33 31 4 21
split_gain=0.876189 1.29811 1.76375 1.80343 1.11499 1.0964 1.10665 1.09767 1.21464 1.08852 1.05372 1.65332 1.00865 0.883026 0.866369 1.27646 1.19467 1.10902 0.819846 0.893317 1.87515 1.31847 1.24829 1.02708 2.09135 1.6392 1.03134 1.90651 1.85672 2.0963 0.954749 1.92523 1.96896 0.908824 0.874374 1.39484 1.41463 1.0484 0.865262 2.1978 0.864231 1.25895 1.14545 0.890828 1.16037 0.862118 1.01259 1.71702 1.47254 1.3671 1.29509 1.18319 1.17778 1.03218 2.26825 1.22436 1.12538 1.08598 1.61581 1.92746 2.00074 1.4251
threshold=0 1 9.2447168281078103 39.500000000000007 6.477328877607305 0.28768207245178129 42.500000000000007 0.064069948613328251 0.0061844262661626057 36.692857142857157 0.97100840336134464 24.250000000000004 2.350000000000001 -1.0261228994356728 0.21872301071503492 0.071045009948207269 12.777500000000002 0.098800584744093381 -1.4388113718587412 7.7647556787453444 2 0.35000000000000009 1.0000000180025095e-35 35.500000000000007 14.500000000000002 0.66033599379996555 0.14729017449581575 4010.1277678571432 -0.18550442766325356 -0.051292268071787987 43.500000000000007 0.052912885375864638 0.38784316473300967 0.49156974514231605 3 -0.024346320095754208 0.10061315430861759 215.85000000000005 1.6111350289681081 0.29213820851863576 4 -0.046520015634893046 0.14670389068176792 0.048790164169431278 0.052609028402593079 9912.5000000000018 5 -0.060206557168971823 6 8.1960557936839944 89.159016393442641 3701.1400000000008 0.044451762570834059 0.55000000000000016 0.10158086405796482 0.10236737684124711 -0.0088368005444658931 -0.33647223662121262 29.464285714285719 59.800000000000011 0.31045516617165309 5387.5000000000009
decision_type=1 1 2 2 2 2 2 10 10 2 2 2 2 8 8 10 2 2 2 2 1 2 10 2 2 2 2 2 2 2 2 10 2 2 1 10 10 2 2 2 1 2 10 2 2 10 1 2 1 2 2 8 2 2 10 10 2 2 2 2 2 8
left_child=1 5 -3 -4 -2 6 10 8 14 -10 13 -12 -7 -1 15 -8 -17 -18 -6 20 21 -20 -22 24 26 30 27 33 -29 -30 31 -25 40 -24 35 37 -37 -32 -26 -40 -33 42 -42 -43 -45 46 47 48 49 -21 52 -50 -51 54 -48 56 -55 58 -57 -60 61 -61
right_child=4 2 3 -5 18 12 7 -9 9 -11 11 -13 -14 -15 -16 16 17 -19 19 45 22 -23 23 25 38 -27 -28 28 29 -31 34 32 -34 -35 -36 36 -38 -39 39 -41 41 43 -44 44 -46 -47 53 -49 51 50 -52 -53 -54 55 -56 57 -58 -59 59 60 -62 -63
leaf_value=-0.0020487060217847099 0.0018402407245522159 0.00071185825394363608 0.0012381690178947724 -0.0039338229790293429 -0.0033222662068301055 0.00022031833453710432 0.0010681541200104562 0.0016220474045300711 -0.0068245746760360621 0.00092748026243890118 0.001554606287365189 -0.0093628750102431029 -0.0027959943132877352 0.0017100044876854762 0.0017565889598777961 -0.0072789395372293607 -0.00044100701906570907 -0.0022052622032012002 -0.00023645437903996766 0.00086008549188454928 -0.0036595152759180214 0.0019147762183112868 -5.9387415623760891e-05 -0.0028278741144540172 0.00061644696218442685 -0.0022171316990952971 0.0008859598865923415 8.6188408132586709e-05 -0.00050394106209905977 -0.0039775026515692672 0.0019524053761875557 0.00028102995066312707 -0.0051130348649379362 -0.0044991632581776299 6.672324013972247e-05 -0.00074459068833108088 -0.0031532079446479934 -0.003586516051376032 0.0011318438956365653 -0.0028776771565602989 -0.003240123312504996 0.0011901891759512962 -0.00050288650852980683 0.0021423978636325807 -0.0020927291312050058 0.00058471451064261756 -0.0017408919663591577 0.00060763267612580669 -0.0070239728202207367 -0.00042670877468188232 0.0023124472474947023 -0.0024770632233221466 -0.0028147735707737039 0.00058834937572999806 -0.00079283895194713248 -5.7897118604319459e-05 -5.5743032197146097e-05 -0.00015965319779597258 -0.00090043847550704903 -7.5758248532930579e-06 -0.011707486904090007 -0.0034432842049076208
leaf_weight=40 591 4696 89 60 61 80 155 210 80 41 73 40 120 652 105 50 219 44 501 683 40 2245 1748 40 3578 48 125 52 51 41 87 558 60 49 4201 75 76 52 166 50 70 89 86 71 52 811 41 2369 50 331 66 140 109 650 323 490 883 3658 206 79 76 54
leaf_count=40 591 4696 89 60 61 80 155 210 80 41 73 40 120 652 105 50 219 44 501 683 40 2245 1748 40 3578 48 125 52 51 41 87 558 60 49 4201 75 76 52 166 50 70 89 86 71 52 811 41 2369 50 331 66 140 109 650 323 490 883 3658 206 79 76 54
internal_value=0.00036094 0.000867702 0.00130251 -0.00403333 0.000228247 -0.000236979 0.000172515 -0.00102762 -0.00198561 -0.00651639 0.00151985 -0.0029386 -0.00373134 0.00225108 -0.00101916 -0.0019403 -0.00377389 -0.0024053 0.00017812 0.000192224 0.000454194 0.00162495 0.000172098 0.000203483 0.000665416 -0.000282968 -0.000614417 -0.000898558 -0.00641379 -0.0106452 -0.000202066 -0.00157741 -0.00113475 -0.000453281 0.000112422 -0.00249169 -0.00588816 0.00103571 0.00136232 -0.00170507 -0.000560949 -0.00240106 -0.00585987 4.69485e-05 -0.00270161 -0.000145644 -0.000270349 0.000383081 -0.00101812 -0.0003375 -0.00230769 -0.00497512 -0.00328798 -0.000649049 -0.00323288 -0.000495325 0.000726858 -0.000906003 -0.00245585 -0.0047476 -0.00811905 -0.00436567
internal_weight=32636 6754 4845 149 25882 1909 1709 904 694 121 805 113 200 692 573 468 313 263 25291 25230 14211 2746 11465 11425 5860 5565 2066 1941 144 92 5517 1026 986 1797 4491 290 151 139 3794 216 926 368 156 212 123 11019 10208 3748 1379 1189 506 190 440 6460 364 6096 1533 4563 905 415 209 133
internal_count=32636 6754 4845 149 25882 1909 1709 904 694 121 805 113 200 692 573 468 313 263 25291 25230 14211 2746 11465 11425 5860 5565 2066 1941 144 92 5517 1026 986 1797 4491 290 151 139 3794 216 926 368 156 212 123 11019 10208 3748 1379 1189 506 190 440 6460 364 6096 1533 4563 905 415 209 133
cat_boundaries=0 1 2 3 4 5 6 7
cat_threshold=248 536 5121 128 22 2071 4609
is_linear=0
shrinkage=0.05


Tree=126
num_leaves=63
num_cat=8
split_feature=27 37 14 2 39 25 4 41 42 25 22 16 22 25 20 2 41 0 33 21 5 21 41 8 0 25 19 11 18 39 22 42 42 4 42 13 17 5 0 11 41 33 8 27 19 8 37 19 30 39 38 1 5 11 11 33 14 13 0 17 11 13
split_gain=0.852333 2.14232 1.75222 0.983724 1.26325 1.35521 1.23128 0.950109 0.945656 1.44565 1.74978 0.869728 0.86643 1.65708 1.10463 0.991189 1.14317 1.16248 0.856274 1.14641 1.36664 1.4374 2.3487 1.22982 0.995897 0.968602 0.985492 1.55572 2.04477 1.39552 1.31024 1.08617 0.968325 1.79977 2.18347 2.49883 1.28651 1.13279 0.987159 0.838233 0.932497 2.06374 1.7676 0.911338 0.817797 0.940095 0.803963 0.875419 0.795875 1.34264 1.80608 1.33421 0.962333 0.933454 0.86335 0.784995 0.775969 0.763631 1.40892 0.758736 0.754067 1.56805
threshold=57.500000000000007 19.500000000000004 0.05715841383994847 -0.01283441545345587 0 1 0.098407473412586391 1.2700320512820513 0.69309262166405039 2 0.23092616309167788 0.10015952153727727 -0.14924963639285599 3 -0.099733739524148615 0.80188677027751398 2.756753246753247 0.15314768112002944 29.614285714285717 2921.7350000000001 8.6293685974028751 3101.2500000000005 5.782710597826088 0.12679697655848329 0.012499541645833114 4 -0.035601955120695687 48.500000000000007 -1.143694076666393 5 -0.37565313560212882 0.98290473407364132 0.90081967213114766 0.077033209113415171 0.85053191489361712 0.64952944752841668 0.7361139151008308 8.4435762912517216 -0.050838832814851458 85.500000000000014 60.507812500000007 33.992857142857154 0.12679697655848329 6.5000000000000009 -5.5130172099888056e-17 0.090172367977799997 44.500000000000007 0.20681640249393154 11.850000000000003 6 7 -0.057157384428811124 7.6104274571751915 26.500000000000004 40.500000000000007 28.292857142857148 0.10890983503073005 0.72632688503597376 0.013842355170278433 0.42464597933330289 76.500000000000014 0.76470847751628346
decision_type=2 8 2 2 1 1 2 2 2 1 8 2 10 1 10 2 2 2 2 10 2 10 2 10 2 1 2 2 10 1 10 2 2 2 2 2 2 2 2 2 2 2 8 2 2 10 10 2 2 1 1 2 2 2 2 2 2 2 2 2 2 2
left_child=3 2 -2 8 12 6 11 -7 9 10 -1 60 -5 -14 -15 16 17 -16 19 32 21 22 -21 -22 -25 26 -20 -28 -29 30 -30 -31 33 56 -35 -36 48 -37 -38 46 43 42 -42 -41 45 -23 47 -9 49 50 -34 52 53 -52 55 -53 -3 58 -47 -58 61 -6
right_child=1 18 -4 4 5 7 -8 39 -10 -11 -12 -13 13 14 15 -17 -18 -19 25 20 23 44 -24 24 -26 -27 27 28 29 31 -32 -33 36 34 35 37 38 -39 -40 40 41 -43 -44 -45 -46 57 -48 -49 -50 -51 51 54 -54 -55 -56 -57 59 -59 -60 -61 -62 -63
leaf_value=-0.0086185064254076238 -0.00024905481300471164 0.00094307197830945783 -0.0026956888317719034 0.00052705906824606263 -0.00015316400046723173 0.0029054637995858511 0.00054908449869084321 -0.00029391496929164862 0.00040646066734607909 0.00018104885704220107 -0.00070252441332417171 0.00031121579530295158 0.00072333616321222443 -0.0045228675050474612 -0.00051190156067264117 -0.011114130321943494 -2.3477970612134793e-05 -0.0063179629685971312 0.00095496129249463566 -0.010461753993090137 0.0018940363376731715 -0.0034914138066312636 0.00015739741962954111 -0.0056657651718179866 -0.013193414906562806 0.00041097835799797073 0.00015222148636707391 -0.0074779914615601094 -0.00056954808144386794 0.0017885964245202099 -0.012406819278238883 -0.0012767335813531325 0.00049430008448222312 -2.7464495499692238e-05 2.7703153137147295e-07 -0.020880919391519849 -0.0020867149943796692 -0.0039473962419956186 -0.00011201982306600671 -0.0020881023039493194 -0.0049148212915999731 0.00033542133437399342 -0.00080874286575671273 0.0013478825596577599 0.00046949162027522088 0.00053308746080739085 0.00056019030144857434 0.0010524291799795553 0.00063141061683627596 0.0011913898686592679 -0.0074641643110237108 -0.0045357982301576357 -0.00023408654713593128 -0.0016666367237309705 0.0014508211947425631 -0.00015595484307155103 -0.0022286842760569632 0.0012591208244989967 -0.0061492378839025927 0.0018450678996844807 0.0002085704319277486 -0.0021657567767499205
leaf_weight=48 62 261 46 4130 425 102 1563 3240 10494 156 78 488 1289 43 45 46 1469 40 376 44 44 64 60 88 54 2670 342 40 51 129 55 69 200 133 52 40 67 40 100 46 42 54 44 124 386 87 184 217 1463 224 40 40 41 40 58 67 79 144 65 61 269 135
leaf_count=48 62 261 46 4130 425 102 1563 3240 10494 156 78 488 1289 43 45 46 1469 40 376 44 44 64 60 88 54 2670 342 40 51 129 55 69 200 133 52 40 67 40 100 46 42 54 44 124 386 87 184 217 1463 224 40 40 41 40 58 67 79 144 65 61 269 135
internal_value=0.000441447 -1.14168e-05 -0.00697248 0.00058554 0.000309017 -0.000170651 0.000657212 -0.000759104 0.000944604 -0.00190813 -0.00562044 -0.000466616 0.000779019 0.000122741 -0.000928053 -0.000718301 -0.000501608 -0.00610465 8.61738e-05 -0.000418006 -0.00185149 -0.000998825 -0.00647619 -0.00572192 -0.00797203 0.000632199 -0.000643057 -0.00177584 -0.00414493 -0.00272131 -0.00700855 -4.78467e-05 7.64884e-05 -0.0016042 -0.00479323 -0.00932331 0.000555318 -0.0148148 -0.00366071 -0.000884362 -0.00337621 -0.00638298 -0.0111494 -0.000877193 -0.000227577 -0.00193906 -0.000671334 -0.000842973 0.000880865 -0.000492264 -0.00195171 -0.00444444 -0.00856557 -0.0117284 -0.00165663 -0.00430556 0.00050995 -0.000740741 -0.00320261 -0.00248227 -0.00145181 -0.00249554
internal_weight=32653 7882 108 24771 13995 6933 2880 4053 10776 282 126 1317 7062 2932 1643 1600 1554 85 7774 4042 1036 850 104 186 142 3732 1062 686 344 304 106 198 3006 666 265 132 2340 80 167 3951 310 140 86 170 746 360 3641 3457 2173 710 486 286 121 80 165 107 401 296 152 140 829 560
internal_count=32653 7882 108 24771 13995 6933 2880 4053 10776 282 126 1317 7062 2932 1643 1600 1554 85 7774 4042 1036 850 104 186 142 3732 1062 686 344 304 106 198 3006 666 265 132 2340 80 167 3951 310 140 86 170 746 360 3641 3457 2173 710 486 286 121 80 165 107 401 296 152 140 829 560
cat_boundaries=0 1 2 3 4 5 6 7 8
cat_threshold=1976 1586 1162 2449 656 6664 3334 12
is_linear=0
shrinkage=0.05


Tree=127
num_leaves=63
num_cat=1
split_feature=4 7 29 33 18 19 41 12 10 39 13 4 7 19 22 4 3 29 11 13 3 4 12 20 41 22 33 22 11 10 8 7 41 20 27 18 13 41 33 12 27 18 10 7 11 23 15 33 3 3 7 18 19 19 0 14 12 37 5 33 41 27
split_gain=0.812913 0.621623 1.07603 0.99461 1.15236 1.22894 0.931143 0.878815 0.774575 0.773899 0.926332 1.10966 0.981819 1.40779 1.36377 1.25909 1.25451 1.19632 1.56284 2.47389 1.43643 1.3878 1.74031 1.11224 1.15751 1.06168 1.05143 1.38418 1.31541 1.93532 1.11933 0.981245 0.971065 0.936432 1.13659 0.921886 0.908482 0.946821 0.906691 2.23709 1.81022 1.61535 0.931716 0.897761 1.44914 1.02123 0.8597 0.8597 0.844014 0.899804 1.28958 1.27076 1.27142 1.62305 1.00604 0.949837 0.994644 0.946827 0.839287 1.50581 0.859852 1.6043
threshold=1.0565826160053355 6.6695641239230161 1.0000000180025095e-35 28.26428571428572 -0.61060820010355077 -0.06225252094215266 1878.580649882904 28.500000000000004 0.019873908141756939 0 0.71245796265909322 -1.4388113718587412 7.8754088830229749 0.1171458671898027 -0.10053309141756879 0.68634791663256378 -0.20252426411147303 1.0000000180025095e-35 85.500000000000014 0.93140734442155537 -0.037939175897881754 0.15415132917748633 78.500000000000014 -0.023765890332406499 56.393725198412703 0.15951880586747758 25.335714285714293 -0.064696078039866226 14.500000000000002 0.13433719236282785 0.2430317533792706 8.0837172616332413 28.918548387096777 0.0066183797972351648 36.500000000000007 0.61798035919982763 1.058824152249868 23.124509012644612 39.164285714285718 12.500000000000002 53.500000000000007 0.383906801306866 -0.19516397892504053 8.2730406286809401 34.500000000000007 0.30255647161913629 -0.17185025692665906 30.907142857142862 -0.0078126589515403726 -0.044040201593010135 7.2045535468847621 -0.48776445820306452 -0.033206887688420082 -0.094027741932042511 0.0055707657199244318 0.71556975736324102 56.500000000000007 40.500000000000007 9.5884009233558718 30.93571428571429 5.2436092513694472 51.500000000000007
decision_type=2 2 2 2 10 2 2 2 2 1 2 2 2 2 8 2 2 2 2 2 2 2 2 10 2 8 2 8 2 2 10 2 2 10 2 10 2 2 2 2 2 10 2 2 2 10 2 2 2 2 2 10 2 2 2 2 2 10 2 2 2 2
left_child=1 2 -1 -4 5 7 -6 -5 -8 10 32 -12 14 15 -13 26 -16 18 21 -20 33 -18 25 -24 -25 35 -14 28 29 -28 43 -32 -3 34 47 -23 58 -38 42 41 -41 46 -11 45 -45 -30 -40 -19 49 50 -44 52 53 -51 57 -53 -57 -52 59 60 61 -29
right_child=-2 9 3 4 6 -7 8 -9 -10 38 11 12 13 -15 16 -17 17 20 19 -21 -22 22 23 24 -26 -27 27 36 30 -31 31 -33 -34 -35 -36 -37 37 -39 39 40 -42 -43 48 44 -46 -47 -48 -49 -50 51 54 55 -54 -55 -56 56 -58 -59 -60 -61 -62 -63
leaf_value=0.0020084421012156596 0.0028913417331030032 0.00046954805553985757 0.0021328907033482942 -0.00059735159742546531 0.00078107041599726498 -0.0052845318008777932 5.0869822678192514e-05 0.0013233599019775181 -0.0014101539902328436 0.000901561995851556 -0.0049508005732216663 0.00078998142294008696 -0.0036944458152976326 0.00060121370459176912 0.0004432110820304117 0.0020254010058287824 6.3348537454540824e-05 0.0025091942703541845 -0.0048596165181523437 0.00035415306914727412 0.00045678509248797184 -0.0012756278432737361 -0.0065142259325395458 -0.0093307613336313117 0.00074872510916637895 -0.00043014271774329704 0.0012226776995186755 -0.0045868300392180646 0.00017053335183962889 -0.0014369759313843204 -0.0069090363710046553 -0.0014952534258310713 5.7978785678401769e-06 0.00025024794045890638 -0.0055638977155286033 -0.0090422674963967463 0.0017736660101905423 -0.0025959678241706725 -0.0023914793514690446 0.0011001808064578465 -0.0044173210563527429 -0.0016191131768158442 0.00086822762527064684 -0.0081187026870542314 -0.00029608097546484518 -0.0031047795674153367 0.0011503399022559674 -0.0014000621291926161 0.00025413033906514508 -0.00039118233229987111 -0.00012580602402384309 0.00011010130463127834 -2.4079034849166289e-05 -0.0061894693137376717 0.00026311597109043909 -0.0023440825188942114 0.00041517358555570962 -0.0016261587941066595 0.00048211096396432438 0.00018129148451397805 -0.0010956302998627707 -0.0016844547715249682
leaf_weight=717 568 2680 122 76 674 72 99 56 61 2042 45 1523 43 258 704 101 546 44 49 48 727 68 45 52 46 281 104 43 128 42 45 40 6111 100 54 41 180 65 45 332 42 61 393 42 58 44 44 45 8014 56 2197 495 75 48 1314 40 47 58 108 197 250 76
leaf_count=717 568 2680 122 76 674 72 99 56 61 2042 45 1523 43 258 704 101 546 44 49 48 727 68 45 52 46 281 104 43 128 42 45 40 6111 100 54 41 180 65 45 332 42 61 393 42 58 44 44 45 8014 56 2197 495 75 48 1314 40 47 58 108 197 250 76
internal_value=0.000393661 0.000360558 0.00124334 0.000301464 -0.000202117 -0.00356098 0.000622755 -0.000676692 -0.00279503 0.000305897 5.0851e-05 -0.000414864 -0.000357373 -0.00133151 4.91543e-05 -0.00189534 -0.000596282 -0.00119702 -0.00226848 -0.00831633 0.000102987 -0.00171759 -0.00352996 -0.00822917 -0.00515151 -0.00179028 -0.00226808 -0.00203092 -0.0041369 -0.000136054 -0.00576816 -0.0107558 0.000381597 -0.00321721 -0.00579861 -0.00595455 -0.000875 0.00172764 0.000556027 -0.00148571 0.000586667 -0.00662252 0.000628891 -0.00417582 -0.00792079 -0.00196532 -0.00227778 -0.00227778 0.000469854 -6.033e-05 0.000242241 -0.00163386 -0.00530556 -0.00885714 -5.74228e-05 -0.000497427 -0.00528409 -0.000698138 -0.00182222 -0.00259259 -0.00447297 -0.00795833
internal_weight=32781 32213 1877 1160 1038 204 834 132 160 30336 15033 6242 6197 1824 4373 1566 2850 2146 1176 97 970 1079 533 143 98 390 1465 1422 503 146 357 85 8791 243 143 109 919 245 15303 524 374 150 14779 272 100 172 89 89 12737 4723 3962 761 179 104 3569 582 87 2255 674 566 369 119
internal_count=32781 32213 1877 1160 1038 204 834 132 160 30336 15033 6242 6197 1824 4373 1566 2850 2146 1176 97 970 1079 533 143 98 390 1465 1422 503 146 357 85 8791 243 143 109 919 245 15303 524 374 150 14779 272 100 172 89 89 12737 4723 3962 761 179 104 3569 582 87 2255 674 566 369 119
cat_boundaries=0 1
cat_threshold=3333
is_linear=0
shrinkage=0.05


Tree=128
num_leaves=63
num_cat=6
split_feature=2 22 39 31 27 8 10 22 16 9 41 9 39 19 10 25 11 7 1 27 30 6 7 22 13 26 6 27 13 27 27 8 26 25 41 6 12 7 31 25 7 39 20 8 41 7 26 17 18 27 2 13 19 19 13 8 31 1 12 10 15 17
split_gain=1.19783 0.752074 1.29312 1.06462 1.2446 1.32298 0.821775 0.837397 0.817888 0.659568 0.645786 0.854787 1.71185 1.45542 1.65847 1.05764 1.32101 1.25889 0.883497 1.6347 1.37674 1.14257 2.68475 1.20503 1.00453 0.970036 0.833707 0.756687 0.702044 1.19227 0.732845 0.638455 1.25165 0.938769 1.42465 1.57923 2.889 1.76283 0.63484 0.695035 1.58548 1.01582 1.17478 0.862916 0.786895 1.06779 1.46976 1.02573 1.75003 2.25778 1.06125 0.987571 1.20363 0.9859 0.878519 1.71032 1.82224 1.13281 2.12928 0.91466 0.89468 0.872561
threshold=-0.10915066590167564 0.074405328376167729 0 0.45000000000000007 36.500000000000007 0.16970341200836528 -0.36707833347631208 0.20763900420257839 4.6836487498262409 0.58530278692017357 56.393725198412703 0.29089621154696838 1 0.024755256448569494 -0.33530582924426516 2 42.500000000000007 6.8319006093407824 -0.13005312824819756 58.500000000000007 19.350000000000005 8.4193451621079536 8.2730406286809401 -0.32398680725996859 0.59175192184228542 27.500000000000004 7.8855276831811993 26.500000000000004 0.36009508995726075 15.500000000000002 2.5000000000000004 0.016376077632875127 2.5000000000000004 3 19.441020733652319 8.8463715418659827 42.500000000000007 7.8172857573495884 355.85000000000008 4 9.077505566663854 5 0.1536775145266038 0.047967134202400404 1.5368112014453479 8.4555417248955198 43.500000000000007 0.31198176003043049 0.31633665584916448 17.500000000000004 0.51770662900975639 0.29551770250931858 -0.081936536043111005 0.10589139536335826 0.97142997959384847 0.1682608989285557 12.350000000000003 0.068993115388736218 48.500000000000007 -0.097990512456862064 0.54713912964115397 0.45946497920204915
decision_type=2 10 1 2 2 10 2 10 2 10 2 8 1 2 2 1 2 2 2 2 2 2 2 8 2 2 2 2 2 2 2 10 2 1 2 2 2 2 2 1 2 1 10 10 2 2 2 2 8 2 2 2 2 2 2 10 2 2 2 2 2 2
left_child=1 8 3 -3 -5 -6 7 -4 10 31 11 12 13 14 -1 26 18 -18 21 24 -21 22 23 25 -20 -17 -14 -26 29 -28 -30 32 -2 -34 35 36 -35 -38 39 40 41 42 43 -33 -43 47 53 50 49 -49 51 52 -46 -47 57 56 -56 -50 60 -57 -59 -51
right_child=9 2 6 4 5 -7 -8 -9 -10 -11 -12 -13 15 -15 -16 16 17 -19 19 20 -22 -23 -24 -25 27 -27 28 -29 30 -31 -32 38 33 34 -36 -37 37 -39 -40 -41 -42 44 -44 -45 45 46 -48 48 54 61 -52 -53 -54 -55 55 59 -58 58 -60 -61 -62 -63
leaf_value=-0.00033635069252840617 -0.0048785000020194888 -0.0028809973781184998 -0.0016375108765202654 0.00038391486143782478 0.00024915021173011853 -0.0052806820265683093 0.0005357292112859657 0.00018611697671581983 -0.0025820064208753823 0.0025542815068776855 0.00079583695224372394 0.0013967304067015456 0.0033234521073207805 0.00063654705221097773 -0.012746020238698256 -0.0034568468017160989 -0.0020126863785828687 0.00071200723615021696 0.00030581060576477244 -0.0070618339736410532 -0.00093136663158597795 0.0026260727492951989 -0.0050954351390179904 0.0029105649184072825 -0.0052665067094861467 0.0015873564475691578 0.0028154952968876702 0.0004270764534806664 -0.0014814354761919024 -0.0047468687832820378 0.00064437707113225396 -0.0002270462156322704 0.0023352903845222242 0.0020520007791855208 0.00086345776790544733 0.0014707830619487476 -0.00073301771670731175 -0.0077062666055870838 0.00063634144899571703 7.4690423267491956e-05 0.0025288629220651219 0.0012131378979475767 -0.0042326373487694543 0.00029215979277362112 0.0010449976876866617 -0.0026751280213970596 -0.0046454719052960473 -0.0088690044373607984 0.00068462985225286113 0.00018904386255378899 -0.0060906882642291328 4.6932445000610773e-05 -0.0030874140901681457 0.0032478378429040759 -0.0024900080483331571 -0.010226760083812075 -0.0014560159522174466 -0.0073581018734112423 0.00021391403475826015 0.00072988086590084758 -0.0046950955213646353 -0.0039805545431686956
leaf_weight=44 41 55 49 108 55 62 1046 105 78 479 2677 1055 576 67 62 45 59 889 119 40 70 151 47 126 70 41 49 52 53 64 711 265 444 85 264 58 63 54 551 15220 347 98 73 2079 43 314 69 43 326 41 122 2341 58 43 41 42 76 41 156 134 49 58
leaf_count=44 41 55 49 108 55 62 1046 105 78 479 2677 1055 576 67 62 45 59 889 119 40 70 151 47 126 70 41 49 52 53 64 711 265 444 85 264 58 63 54 551 15220 347 98 73 2079 43 314 69 43 326 41 122 2341 58 43 41 42 76 41 156 134 49 58
internal_value=0.000418856 0.000924531 -0.000101283 -0.00309278 -0.00165929 -0.00521186 0.000619323 -0.00277419 0.001137 0.000237987 0.00119341 0.000819859 0.000427158 -0.0042663 -0.00813084 0.000696502 -0.000148256 0.00109589 -0.00169947 -0.00353693 -0.00855856 -0.000121654 -0.00213462 0.00028169 -0.00121901 -0.00425287 0.00168374 -0.00439024 0.000723235 -0.0029386 0.00126797 0.000200719 0.00143069 0.00179567 0.000317757 -0.00229885 -0.00438424 -0.00944915 0.000145818 0.00010394 -0.000313682 -0.000489789 0.000323312 0.000520256 -0.000968095 -0.00107929 -0.00344262 -0.000796472 -0.00214782 -0.00727273 -0.000265107 -3.68398e-05 -0.00485294 -0.00213687 -0.00129908 -0.00352041 -0.00817797 -0.000157068 -0.00271255 -0.00039548 -0.00879121 -0.00305
internal_weight=32743 8625 1480 280 225 117 1200 154 7145 24118 7067 4390 3335 173 106 3162 1709 948 761 351 110 410 259 212 241 86 1453 122 877 113 764 23639 1009 968 524 260 202 117 22630 22079 6859 6512 2417 2344 4095 3997 426 3571 1007 142 2564 2442 101 357 865 293 117 572 246 176 90 99
internal_count=32743 8625 1480 280 225 117 1200 154 7145 24118 7067 4390 3335 173 106 3162 1709 948 761 351 110 410 259 212 241 86 1453 122 877 113 764 23639 1009 968 524 260 202 117 22630 22079 6859 6512 2417 2344 4095 3997 426 3571 1007 142 2564 2442 101 357 865 293 117 572 246 176 90 99
cat_boundaries=0 1 2 3 4 5 6
cat_threshold=1035 256 3605 175 1220 4188
is_linear=0
shrinkage=0.05


Tree=129
num_leaves=63
num_cat=5
split_feature=22 22 23 39 25 31 33 20 30 8 4 13 2 41 3 12 25 30 21 8 21 6 33 31 22 9 19 25 15 15 33 6 6 2 21 12 8 8 5 12 17 2 42 12 42 6 42 4 14 9 9 21 4 4 44 19 20 8 23 25 3 13
split_gain=0.765334 0.681086 1.18145 0.678996 1.14415 1.09662 2.17701 1.27583 1.59684 1.57798 1.25261 1.51475 1.08099 0.979767 1.40827 0.967958 1.45707 0.970583 1.25669 1.09179 0.961059 0.938938 1.12803 0.854463 1.32275 1.05872 0.853115 0.835881 1.25457 1.3394 1.12409 1.06826 2.10004 1.06246 1.41057 1.00316 1.36697 0.994144 0.945364 0.97745 0.863868 0.829964 2.038 0.876487 1.03448 1.24764 2.33375 1.59419 1.09336 0.907744 1.28748 1.13144 0.825423 1.5563 1.12605 1.23841 1.07024 1.4308 1.0481 2.70099 1.22255 0.930417
threshold=-0.22329261199262615 -0.22311391857163684 0.014893112022579038 0 1 6.2500000000000009 37.635714285714293 -0.058098504895122534 4.1500000000000012 0.063214135890676787 -1.0265389581819597 1.1666670833333337 0.091404239821359493 7.8686854887674569 0.094105307474797076 29.500000000000004 2 9.6000000000000032 2200.8350000000005 0.075262270748732429 1647.5000000000002 9.105006990094358 31.26428571428572 2.0500000000000003 0.13488893862333326 0.13775723597625347 0.05877798190701549 3 0.064179725219353681 0.13581369492855402 28.550000000000008 8.9543166052062357 8.8291423365586237 0.033537176222206096 1700.0350000000001 32.500000000000007 0.14630706111895073 0.49779905210750508 8.6995199564078973 80.500000000000014 -0.069110570875674945 0.11146493448609941 0.95275297619047628 82.500000000000014 0.92084377610693413 7.2627030785278412 0.96638418079096056 0.29849374591933625 0.029852963149681225 0.18688466398103162 0.33224388444016645 1316.6650000000002 0.26236426446749 0.68634791663256378 1.0000000180025095e-35 0.04866349408937768 0.0026512268795652817 0.36711093790326293 0.04800921918636037 4 0.03390189650338727 0.61904928571428586
decision_type=8 8 8 1 1 2 2 8 2 8 2 2 2 2 2 2 1 2 8 8 8 2 2 2 10 10 2 1 2 2 2 2 2 2 8 2 10 8 2 2 2 2 2 2 2 2 2 2 2 10 10 8 2 2 2 2 10 10 10 1 2 2
left_child=-1 2 -2 5 21 6 7 9 12 -3 11 -7 20 14 -8 16 17 18 -12 -19 23 -5 -23 -9 26 -26 -25 28 37 30 -30 32 35 -31 -35 36 -29 38 -17 -40 -37 42 -14 44 -43 49 47 -47 -48 -46 51 -51 54 56 55 58 57 -54 -42 60 61 -60
right_child=1 3 -4 4 -6 10 13 8 -10 -11 15 -13 41 -15 -16 27 -18 19 -20 -21 -22 22 -24 24 25 -27 -28 31 29 33 -32 -33 -34 34 -36 40 -38 -39 39 -41 52 43 -44 -45 45 46 48 -49 -50 50 -52 -53 53 -55 -56 -57 -58 -59 59 -61 -62 -63
leaf_value=0.00033807230323945636 -0.0024712450544088077 -0.0047560269442201222 0.0019279580140292539 0.00062818573319902782 7.5058130183416983e-05 8.2279453504287457e-05 0.0042793832871784385 0.00057774754758901784 -0.009200234151208693 0.00041486450068433257 -0.0023653598707805289 -0.0053137100986793374 -0.007119708645002467 0.0015497901176414496 -0.0052923683571413672 0.00043625549311363611 0.0017075830873492016 -0.00058706786947882188 8.2562155780896266e-05 0.0017733417721132159 -0.00044404163680107238 -0.014680918766568817 0.0028024588766791935 0.00049301429346755631 -0.00044043014156661852 -0.0080036110574041534 -0.00078433916044552763 0.00063731317653728959 -0.0079069539366826581 3.1162236618621443e-05 -0.0026767353830512639 0.0020375295888661765 -0.0035112309503896599 -0.0051856864833511049 -0.00065672647061455021 0.00041366984786044231 -0.0023992157481392521 -0.00483125862251646 -0.0027328016775288949 0.00093322168843868163 -4.4993870492027549e-05 0.00014532646058386977 -0.00016207787494282514 0.0014102060892562103 0.00049287583092701788 -0.0085690685921394113 -0.0039317320606469652 -0.0043081577064387686 0.001666955328422639 -0.00026834451081613001 0.0010470217159578418 -0.0094387691297731537 -0.00098366632633714091 0.0017121728723594248 0.0012068014678080026 0.00059441243584905249 5.7080707046650658e-06 -0.010405014644448651 -0.0030422044488005472 0.00079848336143399613 -9.9144237375036834e-05 -0.0020760214567172373
leaf_weight=7389 71 40 54 2851 9517 87 50 848 48 617 56 53 52 803 50 871 1260 75 70 347 1148 46 40 118 66 70 46 45 41 325 45 373 72 78 143 1287 48 40 81 43 599 210 68 85 101 59 60 41 55 69 73 63 231 189 684 399 186 43 49 113 42 42
leaf_count=7389 71 40 54 2851 9517 87 50 848 48 617 56 53 52 803 50 871 1260 75 70 347 1148 46 40 118 66 70 46 45 41 325 45 373 72 78 143 1287 48 40 81 43 599 210 68 85 101 59 60 41 55 69 73 63 231 189 684 399 186 43 49 113 42 42
internal_value=0.000424207 0.00029406 -0.00337302 0.000312303 0.000575211 5.71186e-05 -0.000537079 -0.00104495 -0.00144773 0.000965046 0.000415939 -0.00425532 -0.00131148 0.00167589 -0.0029703 0.000499492 0.00151465 -0.000644007 -0.00448819 0.000496454 -0.000727035 0.00143657 -0.00367816 0.00029591 -0.00199336 -0.00562044 0.0010303 0.00019687 -0.000753873 -0.00251185 -0.00827586 0.000557444 0.00032134 -0.00159049 -0.00425676 0.000476251 -0.00462766 0.000313707 0.00062751 -0.00344 0.000600259 -0.0027428 -0.00661157 -0.00216646 -0.00272541 -0.00391762 -0.0068287 -0.0123762 -0.00193965 -0.00185668 -0.00376214 -0.00669173 7.17612e-05 -0.00146923 0.00059098 -0.000305221 -0.00303688 -0.00501818 -0.00138889 -0.00412955 -0.00857639 -0.0124457
internal_weight=32825 25436 125 25311 12454 12857 4840 3937 3280 657 8017 140 3232 903 100 7877 1808 548 126 422 2296 2937 86 1148 300 136 164 6069 1667 632 86 4402 4029 546 221 3957 93 1035 995 124 3864 936 120 816 731 521 215 100 115 306 205 132 2577 649 1928 1244 460 274 845 246 133 91
internal_count=32825 25436 125 25311 12454 12857 4840 3937 3280 657 8017 140 3232 903 100 7877 1808 548 126 422 2296 2937 86 1148 300 136 164 6069 1667 632 86 4402 4029 546 221 3957 93 1035 995 124 3864 936 120 816 731 521 215 100 115 306 205 132 2577 649 1928 1244 460 274 845 246 133 91
cat_boundaries=0 1 2 3 4 5
cat_threshold=3333 2082 1217 291 3144
is_linear=0
shrinkage=0.05


Tree=130
num_leaves=63
num_cat=12
split_feature=2 8 24 38 36 39 19 1 7 1 0 0 23 39 15 25 0 19 16 16 1 0 13 19 23 25 30 9 39 1 10 27 4 11 16 10 18 0 15 16 25 22 19 17 4 19 25 7 39 7 4 42 8 30 39 18 11 2 18 11 9 25
split_gain=0.825444 0.746544 0.702766 2.95362 1.46767 1.50993 1.39256 1.28763 1.5038 1.64014 0.987367 1.19109 1.55501 0.937979 0.927126 0.91092 1.94037 0.918628 0.694022 1.06363 1.01081 0.829955 0.676776 1.04638 1.0445 1.57969 1.36939 2.1359 1.27924 1.29645 1.2553 1.70977 1.35141 1.19457 0.795331 0.692295 0.673553 0.676642 0.793723 1.11462 0.721834 0.703225 0.689721 1.00012 0.879942 0.677343 0.651434 1.38892 1.1367 1.13561 0.970328 0.936309 0.933904 0.932057 1.31245 1.38748 1.3319 1.5652 1.05741 0.926488 1.83557 0.936782
threshold=-0.12194755011196844 0.029464010754302754 0 1 0.0047152835034589514 2 0.11387514502277828 0.082887943896595498 7.2255132810602314 0.20406899271296733 0.044451762570834059 -0.041820110759960276 0.020451979187120498 3 0.64185388617239503 4 0.13737415568382086 -0.16472513745297415 0.10015952153727727 -0.18232155679395459 0.031748698314580277 0.027039539034409369 0.5432098552050203 -0.29725294138699015 1.6494592662708689 5 51.500000000000007 0.059274768506904225 6 0.061390617348792371 0.04335602733923772 9.5000000000000018 0.36986399579266133 71.500000000000014 -2.8195609708590967 0.01821773521844872 0.86831013667906654 -0.15879742646209258 0.44392453179621999 0.058374985773246298 7 -0.42109216111082687 0.10877842902260658 0.2966472830643892 -0.032789822822990804 0.18545866257545396 8 8.6555305759956536 9 8.2843670723383909 -0.97146327829421242 0.596322537112011 0.066034582029296976 2.5500000000000007 10 0.40080484591744686 83.500000000000014 0.011754111869943797 0.71685043450499164 18.500000000000004 0.29930070339366571 11
decision_type=2 8 1 1 2 1 2 2 2 2 2 2 10 1 2 1 2 2 2 2 2 2 2 2 8 1 2 10 1 2 2 2 2 2 2 2 8 2 2 2 1 8 2 2 2 2 1 2 1 2 2 2 10 2 1 10 2 2 10 2 10 1
left_child=1 -1 3 4 5 7 -7 10 -9 -10 11 14 -13 15 -2 16 17 -5 19 21 -21 -19 24 -24 -4 26 27 -26 29 -27 33 -32 -33 -29 -25 -28 -3 -38 39 -39 45 -40 43 -42 -45 -41 47 48 -36 -50 -48 -52 -51 54 -53 -56 -57 -58 -59 -49 61 -61
right_child=2 36 22 13 -6 6 -8 8 9 -11 -12 12 -14 -15 -16 -17 -18 18 -20 20 -22 -23 23 34 25 28 35 30 -30 -31 31 32 -34 -35 46 -37 37 38 41 40 42 -43 -44 44 -46 -47 50 59 49 52 51 53 -54 -55 55 56 57 58 -60 60 -62 -63
leaf_value=-0.0019785120208918447 -0.00022828762438087161 0.00026407353957278004 6.8049271314864291e-05 -0.0020242546566700981 -0.0031455830100836726 0.00133533845699327 -0.0055848131934195357 -0.0031524943437689773 -0.011314161610599727 -0.0018036300869462034 0.00096185203694711574 -0.0059483317643233532 2.85147097076114e-05 0.00032868857257636132 -0.0025420596110401414 0.00011658965345082308 -0.0044408224484782845 0.0011214760662705634 0.0012323623433713241 -0.00019999461451319746 -0.002975507709617289 -0.0001763231255888666 0.0017713731149016272 -0.0041917393666043258 -0.00364299758061341 -1.1606931344137174e-05 -0.00038797258390161553 0.0018820230152897068 0.0001475549777662177 -0.004981344791964 0.00069195996593161401 -0.0081606465348477604 -0.0017983377381011888 -0.0014599004944130392 0.0013220359451569462 0.00091008400108444701 0.0023211763138629854 0.00095802116955275127 -0.000569350325938566 0.00096634449080402682 0.00038693660776707581 0.0020678583179243905 0.0017136949728619292 -0.0050047995401520445 -0.00021265375701947178 -0.0038138475604214159 -0.0030113976262517426 0.0006303444555931097 0.00021891495429402223 -0.0012166682061509873 -0.0016713008582818227 0.00037123755222362356 -0.00041033639386439213 0.00039830850099351067 5.8184751596635912e-05 -0.00038133163468745618 -0.0030804267020159933 -0.0032535639525960967 0.00025599945902098293 0.0004993986872436581 -0.017525065556702663 -0.0013562213392376158
leaf_weight=41 299 6341 5093 47 45 252 44 66 64 55 55 74 48 2465 40 821 78 75 162 60 41 42 381 51 58 76 68 95 1008 63 48 75 55 55 1743 82 498 233 73 167 63 400 81 71 48 40 45 347 3415 40 46 1389 152 2558 1321 903 70 45 63 109 43 333
leaf_count=41 299 6341 5093 47 45 252 44 66 64 55 55 74 48 2465 40 821 78 75 162 60 41 42 381 51 58 76 68 95 1008 63 48 75 55 55 1743 82 498 233 73 167 63 400 81 71 48 40 45 347 3415 40 46 1389 152 2558 1321 903 70 45 63 109 43 333
internal_value=0.000377292 0.000816681 0.000233742 -0.000306565 -0.00264957 -0.00226954 0.000749186 -0.00350421 -0.00712366 -0.0104583 -0.00226306 -0.00301948 -0.00723577 0.000343241 -0.00148529 -0.000725505 -0.00237403 -0.00108645 -0.000262467 -0.00210046 -0.00583333 0.00114407 0.000365405 0.000576025 -3.98405e-05 -0.00111936 -0.00332724 -0.00496124 -5.61311e-05 -0.00436667 -0.00337386 -0.00620112 -0.0091603 1.85031e-10 0.000498264 0.000662252 0.000851422 0.00174328 0.00108751 2.1307e-05 -0.00138004 0.00266878 -0.00304745 -0.00486339 -0.00754167 0.000848624 0.000523647 0.000889714 0.00118669 0.000673024 0.000170516 0.000222796 -0.00305699 0.000274803 -0.000222837 -0.000928305 -0.0022597 -0.00620112 -0.00238532 -0.0010084 -0.0024177 -0.0014447
internal_weight=32719 8056 24663 4833 1042 997 296 701 185 119 516 461 122 3791 339 1326 505 427 380 218 101 117 19830 13054 6776 1683 536 386 1147 139 328 178 130 150 12673 150 8015 1674 1176 703 470 473 263 182 119 207 12622 6182 5350 3607 6440 6395 192 6349 3791 2402 1081 178 108 832 485 442
internal_count=32719 8056 24663 4833 1042 997 296 701 185 119 516 461 122 3791 339 1326 505 427 380 218 101 117 19830 13054 6776 1683 536 386 1147 139 328 178 130 150 12673 150 8015 1674 1176 703 470 473 263 182 119 207 12622 6182 5350 3607 6440 6395 192 6349 3791 2402 1081 178 108 832 485 442
cat_boundaries=0 1 2 3 4 5 6 7 8 9 10 11 12
cat_threshold=2 4 7940 2140 2693 1345 2066 3717 2403 1592 2261 32
is_linear=0
shrinkage=0.05


Tree=131
num_leaves=63
num_cat=6
split_feature=10 4 30 25 3 2 1 16 10 39 30 21 9 0 27 13 39 20 39 25 14 4 26 37 33 3 16 33 23 33 41 23 10 20 16 20 20 2 12 39 17 20 41 13 20 18 21 20 9 11 42 23 2 2 16 6 42 15 20 7 16 41
split_gain=0.62049 0.897375 1.49055 0.671079 0.696324 0.658474 0.909268 1.10065 0.589769 0.981258 0.865838 0.861311 0.533107 0.531703 0.693518 0.490418 1.32007 1.078 1.02526 0.925158 1.084 1.40388 0.990879 1.25339 1.19071 1.17531 1.03795 0.956605 1.32387 2.12275 1.29669 0.88478 1.69239 1.11987 0.854743 0.850962 0.968256 1.10343 0.829135 1.42988 1.28622 1.27808 1.37986 1.32387 1.33882 0.802282 0.953036 1.1808 1.18005 0.831662 0.859402 0.820203 1.00577 0.932148 0.994818 2.06197 0.810534 0.793344 0.896349 1.21455 0.788276 0.840389
threshold=-0.42084554211936126 -1.4388113718587412 12.250000000000002 0 -0.10536051565782632 -0.58962465035603617 -0.32922611711427935 0.51082562376599083 0.57076451452902399 1 53.000000000000007 3802.3800000000006 0.21168941598352775 0.0333364202675921 25.500000000000004 0.59469380443555742 2 0.15912144548310217 3 4 -1.0423063640732171 -0.35667494393873284 20.500000000000004 38.500000000000007 34.335714285714296 -0.061875339888431739 2.8698252467678222 34.621428571428574 -1.0000000180025095e-35 38.492857142857154 29.785109289617491 1.2562629267375292 0.12701112794457939 0.004299672513031305 4.109353644090679 0.035667201286290827 -0.00043440617121251137 0.06453648988539841 2.5000000000000004 5 -0.33886269876242842 -0.0062204572302140887 43.935416666666676 0.50455755025653282 0.014470147990428684 -0.95381514893366937 2498.3350000000005 -0.022464703944375854 0.16711751986262433 80.500000000000014 0.74239631336405543 -0.11778303565638361 -0.53181882349073939 0.30010509245058886 0.022060016297994259 7.4089672635647448 0.87596153846153857 0.34618297120499736 0.010298457071801123 7.8622803617946486 0.46846036342811864 116.34904233870969
decision_type=2 2 2 1 2 2 2 2 2 1 2 8 10 2 2 2 1 10 1 1 2 2 2 10 2 2 2 2 10 2 2 10 2 10 2 10 10 2 2 1 2 10 2 2 10 8 10 10 10 2 2 8 2 2 2 2 2 2 10 2 2 2
left_child=1 2 -1 -3 5 -5 7 -7 15 10 -10 -11 13 14 -8 16 38 31 -17 20 21 -20 23 27 26 -25 -24 -22 35 30 -30 -18 33 -33 -28 36 -29 -38 39 -2 -41 42 -42 44 -43 46 -21 48 -48 50 -47 -52 -53 -54 55 -55 -49 -51 -59 -60 -40 -62
right_child=8 3 -4 4 -6 6 12 -9 9 11 -12 -13 -14 -15 -16 18 17 -19 19 45 22 -23 24 25 -26 -27 34 28 29 -31 -32 32 -34 -35 -36 -37 37 -39 60 40 41 43 -44 -45 -46 49 47 56 -50 57 51 52 53 54 -56 -57 -58 58 59 -61 61 -63
leaf_value=0.0035961864683259279 0.0013473397427275172 0.0034420849255284098 -0.0039876566191041152 0.0042091884806498524 -0.006913949102908286 -2.9968917199709302e-05 -0.0046798875381145856 -0.0080846452606626092 0.0033842711805450935 -0.014150379455825432 -0.00093275769047130534 6.2407201281380371e-05 0.0018393429465520432 -0.0023806252739812031 0.0011737151705359544 0.00045779495744335163 -0.00010007971747974104 -0.012381537468109756 -0.003679954183553406 0.0007205940655739166 0.00039881763108672919 -8.5079991956801913e-05 0.00045201069675795741 -3.8007737194456037e-05 0.0025916233995666098 -0.00095911872560099695 -0.0056839915809060396 0.00031489656760764134 -0.010767061014014846 0.00013829733022643708 -0.00065937164056888349 -0.0016959992171508235 0.0018612717127231269 -0.0086743741255695794 5.1055806658855474e-05 0.0055673023203596872 -0.00011663180766869413 -0.0071663045737626711 7.1047791089296812e-05 0.001280890158951284 0.0018880153133203688 -0.0050346734261886052 -0.0029846918247170063 -0.00010967934148032911 -0.0033269046247045618 -0.0036090918472386126 0.00022911495633332136 -0.0021027947630394622 -0.0032937606342780023 0.00051877420187051179 0.00025580601846763711 -0.0071512887796352691 -0.00014619963530948941 -0.00089559576174902714 -0.00010016512314084113 -0.0099447319310060466 0.0010851876191361315 0.00057541412997646557 -0.0057068575544265672 0.0032738486759408486 0.00068135349965663117 -9.4584440539763741e-05
leaf_weight=49 110 561 48 215 58 192 45 41 450 41 89 63 162 40 125 5015 2387 54 62 702 917 348 2978 65 627 55 46 194 42 112 66 57 50 40 46 85 64 40 7573 55 57 51 48 41 40 73 52 58 55 753 1356 67 3664 88 190 63 244 189 68 53 1247 276
leaf_count=49 110 561 48 215 58 192 45 41 450 41 89 63 162 40 125 5015 2387 54 62 702 917 348 2978 65 627 55 46 194 42 112 66 57 50 40 46 85 64 40 7573 55 57 51 48 41 40 73 52 58 55 753 1356 67 3664 88 190 63 244 189 68 53 1247 276
internal_value=0.000437575 0.00141835 -0.00321429 0.00173264 0.000832396 0.00121803 0.000371287 -0.00207265 0.000389194 0.00188665 0.00271818 -0.00243478 0.00190349 0.000236967 0.00146199 0.000357588 0.000110036 -0.000888803 0.00051985 0.000291074 0.000770233 -0.00170316 0.000961971 -6.09383e-05 0.00141563 -0.00495868 0.00100944 0.000328731 -0.00121689 -0.00429864 -0.00926605 -0.000741617 -0.00449324 -0.00831633 -0.00419355 0.000559896 -0.000702341 -0.00457143 0.000382795 -0.00183623 -0.00359736 -0.00531513 -0.00117925 -0.00857143 -0.0119022 -6.83058e-05 0.00117356 -0.000743902 -0.00523148 -0.000278751 -0.000526172 -0.000453122 -0.000807758 -0.000705192 -0.00320175 -0.0062171 0.000858086 0.00100094 -0.0011254 -0.00446721 0.000481478 0.00151903
internal_weight=32702 1536 97 1439 878 820 605 233 31166 643 539 104 372 210 170 30523 12086 2588 18437 13422 5747 410 5337 1640 3697 120 3070 1520 603 220 108 2534 147 97 92 383 298 104 9498 402 292 237 105 132 91 7675 1111 409 107 6564 5501 5428 4072 4005 341 151 302 1063 310 121 9096 1523
internal_count=32702 1536 97 1439 878 820 605 233 31166 643 539 104 372 210 170 30523 12086 2588 18437 13422 5747 410 5337 1640 3697 120 3070 1520 603 220 108 2534 147 97 92 383 298 104 9498 402 292 237 105 132 91 7675 1111 409 107 6564 5501 5428 4072 4005 341 151 302 1063 310 121 9096 1523
cat_boundaries=0 1 2 3 4 5 6
cat_threshold=828 7496 4949 1204 1329 576
is_linear=0
shrinkage=0.05


Tree=132
num_leaves=63
num_cat=2
split_feature=13 19 22 39 6 30 8 31 3 42 11 19 22 13 0 22 14 9 17 15 9 41 13 17 13 1 19 16 9 38 15 7 17 17 7 8 9 22 13 7 31 3 41 16 2 30 17 4 31 4 6 30 21 8 3 22 30 42 9 42 0 17
split_gain=0.809178 0.813776 0.908599 0.872299 0.922078 1.14543 1.06247 1.25318 1.52617 1.62162 1.86656 0.9628 1.35087 2.25617 0.845687 1.0957 1.46579 0.984562 0.929824 1.5744 1.73702 1.3802 0.918378 0.880669 0.948286 1.57794 0.950789 0.861367 1.05069 0.819355 1.25322 0.865196 0.87102 1.09882 0.84574 2.88001 1.09394 0.794968 0.773786 0.764456 0.803713 2.2052 1.32238 0.761794 0.751122 0.717364 1.00829 0.721635 0.678828 1.32781 1.39879 1.1459 1.31309 1.06716 1.36931 1.60321 1.63925 1.52021 0.989301 0.959983 1.23852 1.25284
threshold=0.62500023437470709 -0.24033358238363201 -0.81042118969799015 0 7.6064394289070592 22.250000000000004 0.20969701554588507 0.45000000000000007 -0.24956737113404068 0.95275297619047628 82.500000000000014 0.16426006723742689 -0.14310054144292014 0.80000029999985012 -0.18881140566501783 0.060626820822044535 -0.78292737823625902 0.21168941598352775 0.011287762781142742 -0.049309088003705252 0.17591727591853348 77.407886904761924 0.84000168000672015 0.21578318374454311 0.80597075072488977 -0.053179942543170704 0.05481938389797552 0.45334816833531072 0.14257124578026362 1 -1.6127037633657073 7.1844346054782617 -0.68209798810508449 -0.83239252099078886 8.011399760394907 0.031023541818536476 0.052912885375864638 -0.075646292133442233 0.71245796265909322 7.7440253999133821 218.95000000000002 0.098846005684959173 471.56232152300373 4.6836487498262409 -1.0000000180025095e-35 0.15000000000000005 -0.1840987671237064 -0.46154030195565582 174.25000000000003 0.13450190087577732 6.9898481817749856 8.5500000000000025 3101.2500000000005 0.099431204710044227 -0.0047471116802197946 -0.28030167103659775 98.200000000000031 0.90521114106019784 0.10410324687568666 0.90521114106019784 -0.037739558752669204 1.0000000180025095e-35
decision_type=2 2 8 1 2 2 8 2 2 2 2 2 10 2 2 8 2 10 2 2 10 2 2 2 2 2 2 2 10 1 2 2 2 2 2 8 10 8 2 2 2 2 2 2 2 2 2 2 2 2 2 2 10 10 2 10 2 2 10 2 2 2
left_child=48 -2 45 29 5 39 7 8 -6 -10 44 -7 -13 -14 17 16 22 27 -18 20 21 -20 -16 -21 25 26 -25 28 -9 34 -31 -32 33 -33 37 36 -36 -4 -17 40 43 42 -42 -5 -11 46 47 -3 -1 53 -51 52 -52 54 58 56 57 -56 -50 -57 -61 -62
right_child=1 2 3 4 6 11 -8 14 9 10 -12 12 13 -15 15 38 18 -19 19 23 -22 -23 -24 24 -26 -27 -28 -29 -30 30 31 32 -34 -35 35 -37 -38 -39 -40 -41 41 -43 -44 -45 -46 -47 -48 -49 49 50 51 -53 -54 -55 55 59 -58 -59 -60 60 61 -63
leaf_value=7.5686852519721477e-05 0.00090279418252483699 0.001180575437396227 0.00010666644502079387 0.00013020377056641689 -0.0028205558790605815 0.00074748850672630245 0.0002849584633616387 0.00072142435620897944 0.00040252017897062165 0.00031510848016957449 -0.0056167587213009082 0.0012482896873670546 0.0033004262128903832 -0.0063951601576017029 -0.0025270604987090266 0.00059176634151094764 0.00035953084006532529 0.0005310749791743206 -0.0020354391702671558 0.00085089892518442017 0.0014940085166983328 -0.00027239148290415159 -0.0053364553902746532 -0.0036707119129423282 0.00028640634074290086 -9.4276981548398512e-05 -0.007428723286566569 -0.0080528560940872351 -0.001003206132565691 -0.0049086023744233757 -0.0050117380304383913 0.0001602323632096474 0.00045487483972432195 -0.0033649571379068353 -0.0021283682571922257 0.0011640989518181422 -0.0010544057451485241 0.0020888556726849227 2.6926932039257601e-05 -0.0050603210029477189 -0.0053684370638203208 0.0029528246037076977 0.001083960323664481 -0.0013481981687059976 -0.0041916617096719316 0.0038900172778544928 0.0010246915733882452 -0.0080974708977775804 0.0010565767647784609 -0.0011893407610107248 -0.0089084125843813654 -0.00022536548772071017 -0.00030077190845627068 0.00054893161380103106 -0.0030586792325838072 0.0015614180202908206 0.0003635374126344013 -0.0013028714672933461 -0.001534369161671276 0.0019435853514877461 -0.0013792746631162078 -0.00024779787477034217
leaf_weight=10606 903 54 178 4848 78 1673 1790 54 187 54 47 151 43 53 46 364 458 74 76 155 57 52 59 43 201 127 40 46 75 53 50 120 2369 55 65 1441 95 544 968 50 73 76 40 58 59 356 177 45 389 40 52 995 57 1272 53 56 41 57 148 60 73 144
leaf_count=10606 903 54 178 4848 78 1673 1790 54 187 54 47 151 43 53 46 364 458 74 76 155 57 52 59 43 201 127 40 46 75 53 50 120 2369 55 65 1441 95 544 968 50 73 76 40 58 59 356 177 45 389 40 52 995 57 1272 53 56 41 57 148 60 73 144
internal_value=0.000383969 0.00059954 0.000525087 0.000456375 0.000227721 0.000597934 -0.000283702 -0.000813008 -0.00334507 -0.00191092 -0.00559006 0.00163977 -0.00127016 -0.00587629 -0.000440262 -0.000177559 -0.00120152 -0.00322 -0.000706611 -0.00178856 -0.00577957 -0.00899225 -0.00683962 -0.00047619 -0.00168689 -0.00402844 -0.00934524 -0.00525568 -0.00311538 0.00101385 0.000408202 0.000566474 0.000695482 -0.00269886 0.0016988 0.00106429 -0.0052795 0.00312586 0.000832708 0.0002089 0.00026982 -0.00292105 -0.00732456 0.000393316 -0.0020614 0.00238547 0.000469314 -0.00355 9.71947e-05 -0.00051338 -0.00190393 -0.00156561 -0.00640909 0.000180907 -0.0010225 -0.00294845 -0.00720395 -0.0103604 0.000715614 -0.00100299 -0.00221223 -0.00396789
internal_weight=32723 18680 17777 17145 12175 7065 5110 3320 425 347 160 1920 247 96 2895 2646 1314 249 1209 751 185 128 105 566 411 210 83 175 129 4970 2647 2594 2544 175 2323 1601 160 722 1332 5145 5095 189 113 4906 113 632 276 99 14043 3437 1144 1104 109 2293 1021 484 151 110 537 333 277 217
internal_count=32723 18680 17777 17145 12175 7065 5110 3320 425 347 160 1920 247 96 2895 2646 1314 249 1209 751 185 128 105 566 411 210 83 175 129 4970 2647 2594 2544 175 2323 1601 160 722 1332 5145 5095 189 113 4906 113 632 276 99 14043 3437 1144 1104 109 2293 1021 484 151 110 537 333 277 217
cat_boundaries=0 1 2
cat_threshold=696 5
is_linear=0
shrinkage=0.05


Tree=133
num_leaves=63
num_cat=5
split_feature=2 11 26 10 41 9 26 15 1 21 26 2 20 18 2 9 41 33 5 39 16 15 8 8 20 9 12 23 18 17 19 17 27 18 18 20 33 13 21 35 35 39 38 24 5 26 21 2 41 12 26 18 21 27 5 38 30 7 0 26 29 22
split_gain=0.64427 1.02073 0.954431 1.68425 1.35785 0.895522 0.900726 0.902853 1.01471 1.01017 1.52814 1.26076 0.81529 0.81237 0.9874 1.40309 1.03317 1.38223 0.778391 0.751955 0.99018 0.6653 0.662907 0.823592 1.29708 1.66112 1.85192 0.932099 0.710082 0.863839 0.760429 1.29282 0.827351 0.705691 0.95272 0.927229 0.89112 1.20712 1.27635 0.788936 1.13926 0.95866 1.15538 1.25954 1.3239 1.49992 1.12477 1.17849 1.12091 1.5413 1.18012 1.04983 1.83881 1.18749 0.99194 0.959126 1.69569 1.41335 1.53739 1.45948 1.10818 1.42681
threshold=-0.22314355131420924 79.500000000000014 51.500000000000007 -0.0038147605282938808 76.389344262295097 1.0045027619289641 23.500000000000004 2.3683511091530129 -0.11858273856620148 2652.5000000000005 26.500000000000004 -0.56029585150048511 0.28491262822305613 -0.28355962499623916 -0.32414550939776759 0.22084848614033531 50.992187500000007 29.221428571428579 7.8440441219656982 0 -0.11294610208482324 0.011407009024373862 0.49779905210750508 0.084255946432736026 -0.041573279997843861 0.051067671585053459 7.5000000000000009 -1.097280363087636 1.1126994521253584 0.41027153980526571 -0.069137964363643348 -0.1968682856359448 27.500000000000004 0.8999881157107279 0.84711492037031899 -0.064287324347574851 29.435714285714294 0.81578708449382209 3204.0000000000005 0.54978522568159305 0.014421267812719728 1 2 3 8.3374473167787269 7.5000000000000009 1699.5000000000002 -0.20661261002142381 16.403193894855857 40.500000000000007 28.500000000000004 -0.87094963922214264 3331.5000000000005 6.5000000000000009 7.7978712457693549 4 127.7 8.4398466973486794 -0.080657903017454111 24.500000000000004 1.0000000180025095e-35 0.053897588467410759
decision_type=2 2 2 2 2 8 2 2 2 8 2 2 10 8 2 10 2 2 2 1 2 2 10 10 10 10 2 8 10 2 2 2 2 8 10 10 2 2 8 2 2 1 1 1 2 2 8 2 2 2 2 10 8 2 2 1 2 2 2 2 2 10
left_child=1 5 22 4 18 6 -1 8 12 21 -11 -12 13 -8 15 16 17 -15 -4 -5 -21 -10 23 24 25 -2 -27 -28 30 -30 31 32 -29 34 39 -35 -36 38 -38 40 41 42 43 44 45 -25 -44 -48 49 -47 -51 52 54 -54 -49 -43 57 60 -59 -60 -57 -62
right_child=2 -3 3 19 -6 -7 7 -9 9 10 11 -13 -14 14 -16 -17 -18 -19 -20 20 -22 -23 -24 33 -26 26 27 28 29 -31 -32 -33 -34 35 36 -37 37 -39 -40 -41 -42 55 46 -45 -46 48 47 51 -50 50 -52 -53 53 -55 -56 56 -58 58 59 -61 61 -63
leaf_value=0.0010446716633826503 -0.0045510058222443623 0.0025129873786620838 -0.0055679528527501961 0.0015219672585384649 -0.0020279768997727462 -0.015505800724149615 0.0020080756606121347 -0.0042324571495720329 -0.00047133803399276034 -0.0052796799276756965 -0.0090421099409158934 -8.6801193808577935e-05 -0.0055631872258185043 -0.0082326407883929718 0.0011033536940286809 0.00077147712390983553 -0.00011420358038592509 0.0002848271389613661 0.0025712622046124033 -0.0020538753262264809 0.00019642798411521149 0.00095061324235513423 0.0011163825120596843 -0.0067054254988926573 0.00022017818118268609 -0.00091692405377183622 -0.0020703015021245178 -0.004459342950553064 -0.0028389371588643363 0.0017029310243225522 0.00082371152606360324 -0.002046974807974888 0.0019710838000144395 0.0025210754984269826 0.00050338569143112738 9.3440924905019949e-05 0.00066324924241137687 -0.004881427764179839 -0.00089232423184996588 -0.0021022903657204575 0.0014302302563294225 6.8056312173961513e-05 0.0007369237695366087 0.00039998430294374478 0.0012474905962492615 0.00017703148116630474 -0.0014188657372918492 -0.0001668485610299131 6.1366126292188345e-05 -0.011773202351769292 -0.00049416404582938494 -0.00058533131861039514 -0.0018042977630707453 0.0012687126869645538 -0.0061967822058670288 -2.9875490763028067e-05 -0.0031566160021767979 -0.0053675807144375693 0.00035567098861070132 -0.003656027998391256 -0.0012065599168418566 0.0017245246970876628
leaf_weight=1629 45 742 41 120 61 43 479 46 189 73 50 368 48 73 298 302 126 47 42 74 122 153 1343 72 6790 50 40 40 43 41 525 40 65 432 150 3103 69 69 67 101 280 2310 685 4001 288 73 59 107 451 49 49 2791 112 740 45 1746 62 42 68 44 431 121
leaf_count=1629 45 742 41 120 61 43 479 46 189 73 50 368 48 73 298 302 126 47 42 74 122 153 1343 72 6790 50 40 40 43 41 525 40 65 432 150 3103 69 69 67 101 280 2310 685 4001 288 73 59 107 451 49 49 2791 112 740 45 1746 62 42 68 44 431 121
internal_value=0.000394464 0.000938505 0.000304093 -0.00195228 -0.00641379 0.000616561 0.000696806 4.8824e-05 0.000194835 -0.00118105 -0.00263211 -0.00145585 0.00102984 0.0012632 0.000330579 -0.000928962 -0.0037247 -0.00702479 -0.00220238 9.46374e-05 -0.00178744 0.00090379 0.000341715 0.000286345 0.000722005 -0.00107303 -0.000568047 2.51574e-05 0.000423841 -0.00388235 0.000968704 -0.00222603 0.000707547 0.000106617 -4.24317e-05 0.000742364 -0.00259831 -0.00473301 -0.0019708 1.93511e-05 4.99079e-05 -1.1849e-05 0.000279031 0.000803965 -0.000795569 -0.00198561 -0.000297802 -0.00063035 -0.0011878 -0.00462209 -0.00868687 -0.000520284 0.000865672 0.00177022 -0.00418301 -0.000585315 -0.00125941 -0.00105585 -0.00567742 -0.00256637 -0.000743801 -0.00269439
internal_weight=32765 4666 28099 460 144 3924 3881 2252 2206 833 491 418 1373 1325 846 548 246 120 83 316 196 342 27639 26296 7679 889 844 794 754 84 670 145 105 18617 15082 3535 355 205 136 14727 14626 14346 9522 4983 982 694 4539 3854 622 171 98 3795 1004 852 152 4824 2514 2452 154 112 2298 552
internal_count=32765 4666 28099 460 144 3924 3881 2252 2206 833 491 418 1373 1325 846 548 246 120 83 316 196 342 27639 26296 7679 889 844 794 754 84 670 145 105 18617 15082 3535 355 205 136 14727 14626 14346 9522 4983 982 694 4539 3854 622 171 98 3795 1004 852 152 4824 2514 2452 154 112 2298 552
cat_boundaries=0 1 2 3 4 5
cat_threshold=780 7213 6 2 3
is_linear=0
shrinkage=0.05


Tree=134
num_leaves=63
num_cat=6
split_feature=3 9 41 11 0 25 11 31 39 41 5 41 31 17 33 30 6 19 20 22 33 4 17 0 20 8 1 22 30 30 0 25 5 23 26 39 27 23 11 4 39 0 11 1 31 31 31 17 3 17 23 19 15 26 27 41 33 0 14 15 39 5
split_gain=0.935847 0.755979 0.806962 0.738987 0.632848 0.665764 0.616046 0.593831 1.03455 1.09401 1.23839 1.1233 0.91519 0.989047 1.49728 0.901581 1.15307 1.03359 0.835438 0.675821 0.826926 0.633493 0.547378 0.535589 0.525722 0.801106 0.553995 0.468586 1.336 0.454273 0.451882 1.44053 0.804727 1.43091 0.438333 1.39769 1.16673 0.905613 0.708162 0.678492 0.772418 1.03724 0.916888 0.480863 0.888392 1.22655 1.1974 1.27861 0.949579 0.944076 0.879847 0.908339 0.900157 1.40273 1.61699 1.26201 1.18796 1.12327 1.11066 1.24653 0.831431 0.950089
threshold=-0.72901791152133277 0.035256407133271994 19.441020733652319 36.500000000000007 -0.050838832814851458 0 77.500000000000014 259.05000000000013 1 471.56232152300373 7.9059329438100425 3.032492668621702 255.65000000000006 0.092262107917597827 27.035714285714292 35.850000000000009 8.4988412636614843 0.00019496782337171149 -0.0084087529550607391 1.0131658581829439 25.335714285714293 -0.032789822822990804 0.12667972823737819 -0.026668247082161308 -0.057215995730029945 0.11076020971935033 -0.029558773115388345 -0.14310054144292014 24.550000000000008 96.250000000000014 0.70541757802971594 2 7.7050012036884388 -0.51933462635053795 51.500000000000007 3 16.500000000000004 -0.22314355131420974 9.5000000000000018 0.95847676107126401 4 0.12634908812172488 9.5000000000000018 -0.082261815009526881 230.40000000000006 234.20000000000002 22.350000000000005 1.2032970027564225 -0.16086540534255042 0.033648140886706319 0.13376928018749015 0.15114312514792974 -0.23073685081812487 43.500000000000007 48.500000000000007 3.6208286985539497 35.921428571428585 -0.098768790324170727 -0.78292737823625902 -0.86186654560334819 5 7.0416782700384797
decision_type=2 8 2 2 2 1 2 2 1 2 2 2 2 2 2 2 2 2 10 10 2 2 2 2 10 10 2 10 2 2 2 1 2 10 2 1 2 8 2 2 1 2 2 2 2 2 2 2 2 2 10 2 2 2 2 2 2 2 2 2 1 2
left_child=4 2 3 -2 -1 -6 -5 12 9 10 27 -12 30 14 -14 17 -17 -13 -18 20 21 -10 -7 -15 25 -22 -27 -9 -29 -30 34 -32 33 -33 39 38 -37 -38 -36 43 -41 42 -42 44 46 -46 50 -48 49 -47 51 52 55 -54 57 56 -3 -55 59 -57 61 -52
right_child=1 7 -4 6 5 22 -8 8 19 -11 11 15 13 23 -16 16 18 -19 -20 -21 24 -23 -24 -25 -26 26 -28 28 29 -31 31 32 -34 -35 35 36 37 -39 -40 40 41 -43 -44 -45 45 48 47 -49 -50 -51 60 -53 53 54 -56 58 -58 -59 -60 -61 -62 -63
leaf_value=0.0032711034036568354 0.0025952324403582024 -0.00018630741854964631 0.00099531790813227826 -0.00080557312364163173 0.0037224978186539658 -0.0023917139511888136 0.00098282541309836335 0.0031816004721444539 -0.001948160122786563 -0.0058071582843810185 -0.0053380044951749743 1.3967980123216051e-05 -0.0044138972576743835 -0.00031554762496614612 -0.00061711728108857649 0.0018812975555385183 0.00010776303607436308 -0.0048990160137765129 -0.0031314425554209453 -0.0034107887816750152 -0.0014195602061087109 0.00021982346316015626 0.0015375451434849173 0.0011776830250236035 0.00091258734459468891 -0.0012460004456809554 0.0027533144125643596 -0.0088050625607163403 0.0031593806081027832 -0.00045132700928096387 0.0025035458620368688 -0.018925035581096348 -0.0010196561740795195 -0.0035367731625745983 -0.00020229445613744002 -0.0050421259465614991 -0.0021123000523167101 1.4891824990569789e-05 0.001227649167093516 0.0040929503153870695 0.00036419750766034445 0.0014816382486036992 -0.0021067541643974078 6.1438758230326443e-05 -0.0028336193353452797 -0.006517992384963517 0.0009119897034876724 -0.0012792454893817136 0.00063433977175800422 0.00020653665109756378 0.0016620522424042493 0.0011779153226620911 -0.00011422575924233973 -0.0008232060573329415 -0.00016061792322050194 0.00078652426398825772 -0.0036014883694311809 -0.0075042105372810086 0.0020947707304597631 -0.0031384945175349428 0.0007040637579031968 -0.0012116092816883892
leaf_weight=409 51 102 376 54 104 52 40 344 40 71 67 59 52 40 92 247 44 50 41 49 73 76 49 70 1817 68 88 42 89 77 130 44 81 67 61 60 70 119 199 454 52 72 44 18717 60 54 2896 84 187 63 227 309 1610 75 145 185 46 71 555 66 914 157
leaf_count=409 51 102 376 54 104 52 40 344 40 71 67 59 52 40 92 247 44 50 41 49 73 76 49 70 1817 68 88 42 89 77 130 44 81 67 61 60 70 119 199 454 52 72 44 18717 60 54 2896 84 187 63 227 309 1610 75 145 185 46 71 555 66 914 157
internal_value=0.000458145 0.000421107 0.00230843 -0.000856164 0.00239024 0.000121359 -0.00347368 0.00038989 0.00102004 -0.000214536 0.000188502 -0.00159136 0.000315256 -0.00266667 -0.00537931 -0.000667421 0.000630631 -0.00459091 -0.00436046 0.00164491 0.00178456 -0.00230769 -0.00263393 0.000900901 0.00201759 -0.00023913 0.00178344 0.0018264 -4.78467e-05 0.00197605 0.000342424 -0.00151703 -0.00413793 -0.00709821 0.00036413 -0.00108824 -0.00367308 -0.00186842 0.00147601 0.000391402 0.00202247 -0.000893855 -0.0043299 0.000353077 0.000682721 -0.00172603 0.000800753 0.00157665 -0.000426229 -0.00394068 0.000282321 -0.000167456 -0.000446428 -0.00107518 -0.0042637 0.000806283 -0.00342282 -0.00795918 0.00158612 -0.00117063 0.00137798 -0.000582278
internal_weight=32707 32093 521 145 614 205 94 31572 3342 1131 1060 508 28230 254 144 441 332 109 85 2211 2162 116 101 110 2046 229 156 552 208 166 27976 322 192 111 27654 509 249 189 260 27145 622 168 96 26523 7806 364 7442 2980 304 117 4462 3164 2855 1901 291 954 148 146 806 251 1298 384
internal_count=32707 32093 521 145 614 205 94 31572 3342 1131 1060 508 28230 254 144 441 332 109 85 2211 2162 116 101 110 2046 229 156 552 208 166 27976 322 192 111 27654 509 249 189 260 27145 622 168 96 26523 7806 364 7442 2980 304 117 4462 3164 2855 1901 291 954 148 146 806 251 1298 384
cat_boundaries=0 1 2 3 4 5 6
cat_threshold=185 4880 773 4870 3160 2432
is_linear=0
shrinkage=0.05


Tree=135
num_leaves=63
num_cat=3
split_feature=2 14 8 6 23 9 8 38 9 8 42 4 2 2 11 19 9 18 3 5 12 23 1 19 27 13 0 8 41 4 12 25 1 11 4 17 19 18 25 12 27 8 12 23 42 41 11 23 41 18 41 6 2 12 19 0 16 18 41 41 41 12
split_gain=0.819493 0.811 0.968204 0.952498 1.00263 0.957079 0.841066 0.74742 0.938789 1.3043 0.885754 1.97008 1.61934 2.6853 1.09211 1.0538 1.3867 0.998482 0.967414 1.14264 0.903888 1.00699 0.963382 0.939033 0.804879 0.706612 1.10592 0.741724 1.13775 1.83554 1.16525 1.13638 1.41913 0.962615 0.893553 0.699446 0.810391 1.10263 0.84694 1.12134 0.833908 0.96222 1.4448 1.61667 1.44009 2.12355 0.957848 1.45436 1.3473 1.18252 1.05834 1.25479 0.935181 1.43371 1.19476 0.92571 1.21372 1.44553 0.873674 1.17285 1.44066 0.845458
threshold=-0.044451762570834046 0.18931536182778766 0.92565136585932606 9.0721276462554545 -0.48520957539111037 0.18937299000010946 0.21324098145436629 0 0.080062704195361323 0.036374228609147609 0.82200460829493094 0.095310179804324338 -0.15415067982725847 -0.092397536360383267 37.500000000000007 0.042151945899806788 0.18333402945071861 -0.62445564529171393 0.22314355131421018 7.2374425641167077 73.500000000000014 -0.12891455465105003 -0.077357041872485141 -0.0056633793660111143 26.500000000000004 0.307920227920228 -0.074107972153722099 0.19622479218610728 116.34904233870969 0.219659759277155 61.500000000000007 1 0.0064768870366465068 28.500000000000004 0.28519746109512495 -0.1484214599532003 -0.15122083282349127 0.19189536251015238 2 84.500000000000014 36.500000000000007 0.0968817816983297 67.500000000000014 0.69314718055994562 0.91734972677595639 14.271956856702621 57.500000000000007 -1.0261228994356728 747.92777777777781 1.1618361500028864 1599.9025631017437 7.3335166231310787 0.061875362228754234 38.500000000000007 -0.050917082076170413 -0.16927387788572543 0.20807304768043891 -0.13677907564999861 18.580796252927403 154.52512779122952 60.507812500000007 52.500000000000007
decision_type=2 2 10 2 8 8 10 1 10 8 2 2 2 2 2 2 10 10 2 2 2 10 2 2 2 2 2 8 2 2 2 1 2 2 2 2 2 8 1 2 2 8 2 10 2 2 2 8 2 8 2 2 2 2 2 2 2 10 2 2 2 2
left_child=7 35 3 -3 -5 -6 -7 -1 -9 -10 11 12 15 -14 17 16 -11 20 -16 -20 -12 23 -23 -22 -18 26 -19 28 31 30 -30 32 33 -27 -33 -2 37 -37 -38 40 41 -40 -43 44 45 -44 48 -48 52 55 51 -50 53 -42 -55 -49 61 -58 -59 60 -60 -57
right_child=1 2 -4 4 5 6 -8 8 9 10 14 -13 13 -15 18 -17 24 25 19 -21 21 22 -24 -25 -26 27 -28 -29 29 -31 -32 34 -34 -35 -36 36 38 -39 39 -41 46 42 43 -45 -46 -47 47 49 50 -51 -52 -53 -54 54 -56 56 57 58 59 -61 -62 -63
leaf_value=0.00038032596444072546 0.00014317476096077929 0.00026416837935672215 -0.013031250752062594 -0.0056451283854414376 0.00057934560387486514 -0.0027798380761732155 0.0015797637298602671 0.00085986971218588587 -0.0020058110714191806 -0.0010705242888101301 0.0011307537089108777 0.005347596635797044 -0.0061100861446932719 0.00095065568451294384 0.00055812677868137973 0.0027277680363750187 0.0026607298370348847 -0.0033028721184928168 -0.0031651077361116373 0.00015744399806973537 0.0045848510912021813 7.064913286668347e-05 -0.007862724055873016 -0.004441804584785056 -0.001120514402526295 0.0003278113484465404 0.00013228762840300195 7.9668731647944971e-05 -0.0036744695935640318 0.0010322022772560875 -0.0027661837459724212 0.0017780176086821344 -0.0036586651754377045 -0.0049414300884457335 -0.0028310384741403981 -0.0031920943858140122 0.00026912985886464765 0.00061725568227678079 0.00038098706460762638 0.00042937718880786067 0.00093161264168350642 -4.3469217733243454e-07 -0.00015629616987476236 -0.0022852383318128699 -5.0388524533814664e-05 -0.0088616519703843249 -0.0015698325143908732 -0.0024902950993687207 -0.00014541311960864306 0.00058601192215443603 -0.00037006849387085224 -0.0046566513905382618 0.00040533162999795998 -0.0043275767324103039 -0.00082959390105406036 0.00015620935791895132 -0.0062061540616747601 0.00028889480221013192 -5.4843204293445818e-05 -0.00020189136595978759 -0.0046310406194210564 -0.00094874592137639843
leaf_weight=6604 5918 5773 42 58 149 50 45 517 56 56 386 111 76 44 2429 96 43 43 56 127 77 46 40 43 68 161 49 827 47 62 80 155 52 61 44 76 1192 69 1148 961 155 1629 77 51 312 47 55 44 46 104 127 43 933 49 460 427 40 99 52 94 42 142
leaf_count=6604 5918 5773 42 58 149 50 45 517 56 56 386 111 76 44 2429 96 43 43 56 127 77 46 40 43 68 161 49 827 47 62 80 155 52 61 44 76 1192 69 1148 961 155 1629 77 51 312 47 55 44 46 104 127 43 933 49 460 427 40 99 52 94 42 142
internal_value=0.000445156 0.000250853 0.000733083 0.000785879 -0.00194719 -0.000530612 -0.00442708 0.000765032 0.000351356 0.00015461 0.000235796 -0.00177778 -0.00347656 -0.00826446 0.000444004 -0.00126894 -0.00366071 -0.000384084 0.0011328 -0.00236413 0.00136594 -0.00130435 -0.0054023 0.00165289 -0.000401786 -0.00103982 -0.00526882 -0.000775168 -0.00202112 -0.00528947 -0.00871094 -0.000706751 -0.00273684 -0.00107623 0.00211905 4.58558e-05 -0.000245428 -0.00393836 -0.000180672 -0.000386821 -0.000634612 -8.57579e-05 -0.000717997 -0.00310451 -0.00210526 -0.00664 -0.00124957 -0.00241364 -0.000542999 -0.00199043 -0.00423963 -0.00838889 -4.06757e-05 -0.00147368 -0.0027549 -0.00255048 -0.00219621 -0.0046189 -0.00335069 -0.00534392 -0.00926316 -0.000798245
internal_weight=32965 20509 6117 6075 302 244 95 12456 5852 5335 5279 494 383 120 4785 263 167 2173 2612 183 592 206 86 120 111 1581 92 1489 662 189 127 473 274 222 199 14392 8474 145 8329 7137 6176 3264 2116 487 436 124 2912 1099 1813 1044 216 89 1597 664 509 940 896 327 287 188 94 569
internal_count=32965 20509 6117 6075 302 244 95 12456 5852 5335 5279 494 383 120 4785 263 167 2173 2612 183 592 206 86 120 111 1581 92 1489 662 189 127 473 274 222 199 14392 8474 145 8329 7137 6176 3264 2116 487 436 124 2912 1099 1813 1044 216 89 1597 664 509 940 896 327 287 188 94 569
cat_boundaries=0 1 2 3
cat_threshold=6 2410 32
is_linear=0
shrinkage=0.05


Tree=136
num_leaves=63
num_cat=4
split_feature=5 20 25 6 14 21 39 7 20 16 27 42 22 13 31 22 18 12 14 25 42 18 39 31 41 8 16 3 33 41 20 22 19 14 27 19 20 0 4 5 7 13 41 31 27 20 14 16 18 20 17 41 4 41 8 13 20 41 7 30 33 20
split_gain=0.504581 1.07552 0.832299 0.748612 0.722756 0.878188 1.09021 1.4047 1.13655 1.49918 0.890746 0.987977 1.17139 2.16611 1.28225 0.978926 1.00696 0.974005 1.2462 0.850582 1.64961 1.10316 1.07723 1.03983 1.76484 1.13025 1.44915 1.05096 1.25257 1.77167 1.47976 1.50238 1.04994 0.996068 1.52794 1.57153 1.41964 1.28678 1.14224 0.96 1.35488 0.986307 0.935115 1.16703 0.887621 0.823933 1.00391 1.26655 0.998832 0.883959 0.810541 0.800126 0.888091 0.939553 0.785763 0.759137 0.98645 0.745045 0.740204 0.730188 0.720247 0.721706
threshold=9.0948405129309737 0.16511070452095475 0 9.105006990094358 0.2876820724517809 2652.5000000000005 1 8.3682550977448837 0.061034243068000975 -0.18232155679395459 1.5000000000000002 0.93700396825396837 -0.13340265693842412 0.44444507936507943 231.45000000000005 0.081423872431919925 0.36951043313954202 73.500000000000014 -0.62599506754761547 2 0.93798076923076934 0.6515914030715052 3 74.600000000000023 1218.8793103448277 0.22916885010661672 -0.60948863896768557 -0.1643026941485459 26.578571428571433 122.31730769230771 0.025481216168285314 -0.98722270184461125 0.057479382005518775 -0.48139977505668335 29.500000000000004 0.077916148437978491 -0.035466379193855459 0.1723722160407766 -1.0000000180025095e-35 7.8048509317991801 8.0686927772341317 0.41379324613565138 5.1138286620835549 158.90000000000006 56.500000000000007 -0.023140212792749196 -0.17154547782614046 -0.25589807960430927 -0.0094247414211086952 0.053021035349686656 0.11887720101861544 77.407886904761924 -0.14532005452676519 52.742727272727286 0.10738532228553174 0.76470847751628346 0.0026512268795652817 2.3403882045539386 7.9752771010515549 14.750000000000004 38.421428571428585 -0.002637791318171219
decision_type=2 10 1 2 2 8 1 2 10 2 2 2 10 2 2 10 10 2 2 1 2 8 1 2 2 8 2 2 2 2 10 10 2 2 2 2 10 2 2 2 2 2 2 2 2 10 2 2 10 10 2 2 2 2 10 2 10 2 2 2 2 10
left_child=3 2 -2 4 5 57 -7 19 10 -10 -9 17 14 -14 51 16 -15 -12 -19 20 39 33 -21 -24 25 26 -25 -28 29 -29 31 54 -26 37 35 36 -35 -22 -36 -8 41 -41 43 -43 -40 -38 47 -47 -48 50 -50 52 -13 -54 -30 -46 -57 -1 59 -44 61 -23
right_child=1 -3 -4 -5 -6 6 7 8 9 -11 11 12 13 15 -16 -17 -18 18 -20 22 21 60 23 24 32 -27 27 28 30 -31 -32 -33 -34 34 38 -37 45 -39 44 40 -42 42 58 -45 55 46 48 -49 49 -51 -52 -53 53 -55 -56 56 -58 -59 -60 -61 -62 -63
leaf_value=0.0014164702266866195 0.0010930505734918232 -0.0034986803368533695 5.6422902506286294e-05 -0.010150383982398318 0.00024285316909054946 0.00025249495705604062 0.0018185494768515088 -0.0040809562677914871 -0.0060209481677612224 -0.002081804442481237 0.00044051212127260432 0.0029766102955538685 -0.004441118154143245 -0.00015887414883337866 -0.0075588430813757785 0.0010812198925671788 -0.00088806272264622596 -0.0032847492769547629 -0.00030641913980324959 0.00045344290791795108 0.00021925902457609338 -0.0005271689955021273 9.6760352809121912e-05 -0.0092244747502591776 0.00031143538624472765 0.0015928918219036638 0.0014082739162795 -0.0047317231502354761 -0.0010179933234100633 -0.002274868727067766 0.0014686842138917015 2.3133219139716868e-05 -0.00095965016851865784 -0.0047373060911837872 0.0007049192115856272 -0.002200128833548684 0.00082341337348866377 -0.0012658158126458256 0.0011829957247857638 0.0016538228040448477 0.0004368248323404452 -0.0014968364126579138 -0.0049275675358444147 -0.011197347930228136 -0.0050438260402028805 0.00025798943018337902 0.00056440986467555694 -0.0022745156939300774 -0.001289873157950821 -0.006763040953744354 0.0012436834825858044 0.0014481664980856577 -0.00015015638948806065 -0.0022329542325470924 -0.0058573584603715811 -0.0076239072198479143 0.0006003492456338605 0.00014817567242787072 -0.0034693437337891147 0.0041446851532571391 -0.0012014211709421132 0.0015026729515621587
leaf_weight=230 872 57 826 45 7600 3690 576 57 72 125 507 70 41 75 72 52 65 43 166 3858 337 169 1389 51 342 89 77 49 59 51 59 88 79 71 187 71 43 40 45 75 302 63 50 52 71 45 95 77 91 42 51 125 120 45 44 40 40 8608 40 62 42 217
leaf_count=230 872 57 826 45 7600 3690 576 57 72 125 507 70 41 75 72 52 65 43 166 3858 337 169 1389 51 342 89 77 49 59 51 59 88 79 71 187 71 43 40 45 75 302 63 50 52 71 45 95 77 91 42 51 125 120 45 44 40 40 8608 40 62 42 217
internal_value=0.000442473 0.00126708 0.001495 0.000395805 0.000405253 0.000267602 2.88562e-05 -0.000223448 -0.00157396 -0.00512626 -0.00108409 -0.000828509 -0.00221471 -0.0050641 -0.000669746 -0.00279793 -0.00496454 0.000460251 -0.00240476 1.57098e-05 -0.000675541 -0.0016507 0.000348223 -0.000487856 -0.00172902 -0.00354753 -0.00450939 -0.00353972 -0.00470085 -0.00940594 -0.00278884 -0.00492187 0.000722749 -0.00235338 -0.00320103 -0.00480409 -0.00382752 -0.000171957 -0.000742187 0.000737101 -0.000589147 -0.00274052 -0.00416045 -0.0075431 -0.00340101 -0.00276404 -0.00347015 -0.00723577 -0.00180357 -0.00394595 -0.00202797 0.000554017 -0.00116525 -0.00316265 -0.00899038 -0.00523026 -0.00185185 0.000660708 -0.00156863 0.000530974 0.000559441 0.00124031
internal_weight=32792 1755 1698 31037 30992 23392 14554 10864 1635 197 1438 1381 665 233 432 192 140 716 209 9229 2994 1774 6235 2377 988 567 478 427 350 100 250 191 421 1346 969 586 515 377 383 1220 644 342 267 115 196 444 401 122 279 184 142 360 235 165 103 151 80 8838 152 112 428 386
internal_count=32792 1755 1698 31037 30992 23392 14554 10864 1635 197 1438 1381 665 233 432 192 140 716 209 9229 2994 1774 6235 2377 988 567 478 427 350 100 250 191 421 1346 969 586 515 377 383 1220 644 342 267 115 196 444 401 122 279 184 142 360 235 165 103 151 80 8838 152 112 428 386
cat_boundaries=0 1 2 3 4
cat_threshold=3780 248 652 5888
is_linear=0
shrinkage=0.05


Tree=137
num_leaves=63
num_cat=4
split_feature=2 17 39 39 15 11 30 3 19 4 0 4 30 41 21 0 26 42 27 21 22 8 22 3 31 41 41 27 20 27 27 33 31 20 8 7 26 22 11 26 2 24 15 0 6 41 33 27 26 20 41 30 18 18 31 20 29 24 17 10 33 4
split_gain=1.08847 0.901832 0.998674 0.726635 1.08355 0.707398 0.763634 0.872957 0.966913 1.62203 0.912976 0.891291 0.672433 1.05659 0.920459 0.852316 0.900642 1.04195 1.49225 1.30451 1.0903 1.62308 1.63579 1.076 1.04146 0.8013 1.01329 0.97886 1.0727 0.835972 0.792687 1.87075 1.34527 0.752265 0.72806 0.693074 0.884882 0.667254 0.770977 0.886777 0.787887 1.34792 1.4744 1.41952 1.01128 0.822226 0.80788 1.39227 1.06089 1.03962 0.849051 0.805659 0.845464 2.38516 1.0271 0.752483 0.748959 1.03582 0.798589 0.731227 1.02519 0.721677
threshold=-0.084324127446872219 0.78559485462679934 0 1 0.14310084364067341 4.5000000000000009 80.050000000000026 0.2318016140573245 0.16910099781680005 0.32542278505016059 0.24703982719096332 -0.66905084849159369 55.750000000000007 9.8211263881544166 1128.2850000000001 0.0033240752520473653 6.5000000000000009 0.93861852433281012 39.500000000000007 3001.2500000000005 -0.26225999861005594 0.15488955994173045 0.068858614046547292 -1.0000000180025095e-35 24.050000000000004 28.918548387096777 32.843491794001139 9.5000000000000018 0.069404482912147292 6.5000000000000009 40.500000000000007 35.707142857142863 5.0500000000000016 0.11814678202919077 0.5935898189491664 8.238889215766342 25.500000000000004 0.09173461519180251 12.500000000000002 36.500000000000007 0.098440105140860559 2 0.13332588501784717 -0.074107972153722099 8.6359431390608368 3817.1821084529506 29.521428571428572 56.500000000000007 32.500000000000007 0.031278376293954128 45.676854395604401 4.6500000000000012 -0.89328616701801467 -0.44134420906324318 108.95000000000002 -0.048798997206637086 1.0000000180025095e-35 3 -0.75131056180843137 -0.055921802247824275 29.007142857142863 0.26731444704680568
decision_type=2 2 1 1 2 2 2 2 2 2 2 2 2 2 10 2 2 2 2 10 8 8 8 2 2 2 2 2 10 2 2 2 2 10 10 2 2 8 2 2 2 1 2 2 2 2 2 2 2 10 2 2 8 10 2 10 2 1 2 2 2 2
left_child=-1 3 -3 4 12 -4 7 10 9 -9 11 -7 13 15 -15 16 -2 18 -18 23 -19 -22 -23 -20 -25 -16 -27 28 29 35 -29 -32 -33 -24 -14 36 -28 38 -5 40 46 42 43 -42 45 51 47 49 50 55 -49 -43 -53 -54 -55 -40 57 -41 -59 60 -60 -48
right_child=1 2 5 37 -6 6 -8 8 -10 -11 -12 -13 34 14 25 -17 17 20 19 -21 21 22 33 24 -26 26 27 30 -30 -31 31 32 -34 -35 -36 -37 -38 -39 39 56 41 44 -44 -45 -46 -47 61 48 -50 -51 -52 52 53 54 -56 -57 -58 58 59 -61 -62 -63
leaf_value=0.0002783528826762731 0.0016735976156647238 0.00037970284505949465 0.00057154811100821874 0.00055447336443525182 0.0006231625909789894 -0.0089538040560386018 -0.0024739212629757926 -0.002673290208044651 8.4811075470156151e-05 -0.010666842270514627 0.0033693584056003253 -0.00027925161047096105 0.00088791360030540114 0.00067202223901525549 0.0010087018537420854 0.00016266322945582734 7.596644410999712e-05 0.0013422937889649357 0.00516240167981222 -0.0051071859382825395 -0.0078701153936583269 -0.0053608419238150365 0.0022658020745050709 -0.0039119123708402015 0.00019181198779847711 -0.00061087877380912932 -0.00099885387478845702 0.00041414006645347539 -0.01141573661463992 -0.0014064860805907443 5.2963615652949967e-05 1.3090434470967167e-05 -0.002194286847236947 -0.0045706439411840579 -0.005741938740294333 0.00039190741806464821 0.00018024180644676138 -5.231607821053392e-05 0.0023557451403672879 0.0011909552110873588 0.0034480845094850207 0.00069147364520791559 -0.004149032746692977 -0.0021193356202632838 -0.0049157541880654604 -0.00056612627926731242 8.475102488287136e-05 -0.0018364206551123295 0.00038118871351939805 0.0026080067352723139 -0.0019486285246949776 0.0031927355580082788 -0.0022720988327662776 -0.0026207725374842415 0.00056505459465933366 -0.00067317696365743352 0.0021877207613115878 -0.0061795652219550808 0.00025075671973466768 0.00025709514532129817 -0.0027445500209102407 0.0016102921224895137
leaf_weight=10119 122 340 185 1609 2642 40 88 93 82 57 92 868 759 1352 327 836 425 64 55 58 53 40 40 47 41 46 40 528 42 64 444 45 58 41 40 87 70 6165 56 169 48 464 72 111 59 42 1460 40 51 134 88 41 47 59 144 319 518 45 59 471 54 191
leaf_count=10119 122 340 185 1609 2642 40 88 93 82 57 92 868 759 1352 327 836 425 64 55 58 53 40 40 47 41 46 40 528 42 64 444 45 58 41 40 87 70 6165 56 169 48 464 72 111 59 42 1460 40 51 134 88 41 47 59 144 319 518 45 59 471 54 191
internal_value=0.00039821 0.000206134 -0.000853196 0.000299766 0.000660141 -0.00140171 -0.00181681 -0.00149229 -0.00424893 -0.00662252 -0.000849151 -0.00133113 0.000274236 5.58264e-05 0.000616946 -0.000899616 -0.00189463 -0.00246243 -0.00138756 -0.00492574 -0.00527197 -0.00731429 -0.00405738 -0.00232639 -0.00573034 -0.00013984 -0.000652631 -0.000406091 -0.00291118 -0.00169847 0.000302045 -0.00103102 -0.00706731 6.09758e-05 0.00161875 -7.57574e-05 -0.0027027 5.82743e-05 0.000417979 9.69852e-05 -0.000326816 -0.00143842 -0.0047314 -0.00221875 -0.000484429 -1.87968e-05 0.000190171 -0.00124819 -0.00502778 8.82355e-05 -0.00744186 0.000363757 -0.00169521 -0.00278884 -0.000416666 -0.0012633 0.0011997 0.000237797 -0.000710937 -0.000222222 -0.00381579 0.000789952
internal_weight=32846 22727 1845 20882 8366 1505 1320 1232 232 150 1000 908 5724 4925 3103 1822 986 864 626 201 238 174 121 143 88 1751 1424 1378 303 261 1075 547 103 81 799 197 110 12516 6351 4742 3426 1087 231 159 856 797 2339 688 179 509 128 755 291 250 203 375 1316 798 629 584 113 1651
internal_count=32846 22727 1845 20882 8366 1505 1320 1232 232 150 1000 908 5724 4925 3103 1822 986 864 626 201 238 174 121 143 88 1751 1424 1378 303 261 1075 547 103 81 799 197 110 12516 6351 4742 3426 1087 231 159 856 797 2339 688 179 509 128 755 291 250 203 375 1316 798 629 584 113 1651
cat_boundaries=0 1 2 3 4
cat_threshold=1057 4600 2 4
is_linear=0
shrinkage=0.05


Tree=138
num_leaves=63
num_cat=5
split_feature=0 18 13 11 10 3 12 39 10 11 39 18 8 16 5 39 30 42 39 33 18 30 12 12 2 41 18 22 19 20 5 2 3 41 39 13 22 9 42 14 22 19 2 22 42 26 11 19 11 18 5 4 41 11 13 42 33 33 9 41 42 3
split_gain=0.629795 0.882088 0.661935 1.08988 1.06939 1.46315 1.04777 1.04178 1.00805 0.963089 1.03648 1.05175 0.981091 1.19504 0.912302 1.30479 1.10263 1.43901 0.9975 1.03119 0.919497 0.940155 1.27514 1.32201 1.38513 1.25783 1.11268 1.64652 1.06947 0.941922 0.898532 0.892199 1.04653 2.08283 0.873999 1.35906 0.840505 1.03579 0.81082 0.764075 0.751947 0.93729 0.779651 0.724847 1.39529 1.53208 0.941259 1.52414 0.939937 0.965529 0.913694 0.871198 1.1522 0.825095 1.34739 0.908194 0.789139 0.768965 0.814753 1.2545 0.718222 0.803188
threshold=-0.061875378186193146 -2.3238855437980299 0.5432098552050203 88.500000000000014 -0.011939338877344328 0.17971754475942439 2.5000000000000004 0 0.075106785789786482 87.500000000000014 1 -0.077880541327971495 0.12299212290568096 -0.62626937802033622 8.135016225404728 2 33.650000000000013 0.81509971509971524 3 25.892857142857149 1.7787094923741551 42.250000000000007 50.500000000000007 44.500000000000007 -0.014720737854791997 111.12586805555557 1.4499957414886873 0.31132436416093162 -0.002010594815125544 -0.048798997206637086 9.0948405129309737 0.023810648693718853 -0.15415067982725847 13.076951535331116 4 0.69696984848484866 -0.069594643152372723 0.12572422767635336 0.7154761904761906 -0.55961578793542244 0.084946328309939409 0.22456402650999149 0.12921173148000656 -1.0387007092824456 0.94494949494949509 11.500000000000002 10.500000000000002 -0.0047336979700586855 32.500000000000007 -1.1726757897665603 7.8752145472642319 -0.36559567929301057 14.271956856702621 76.500000000000014 0.48583960155829403 0.85825892857142871 25.892857142857149 26.13571428571429 0.051067671585053459 42.884887005649723 0.98130677847658998 -0.10105507167229753
decision_type=2 8 2 2 2 2 2 1 2 2 1 8 10 2 2 1 2 2 1 2 8 2 2 2 2 2 10 8 2 10 2 2 2 2 1 2 8 10 2 2 8 2 2 10 2 2 2 2 2 10 2 2 2 2 2 2 2 2 8 2 2 2
left_child=1 -1 3 6 -5 8 7 -2 -6 14 -11 12 -12 -14 15 -4 38 -18 19 -19 21 26 23 24 -23 28 29 -28 -26 34 43 32 33 -9 35 -16 37 -24 -17 -20 41 -31 -42 44 51 -46 47 -47 -48 -50 -51 52 -8 54 -53 -56 -45 -58 59 -59 61 -21
right_child=2 -3 9 4 5 -7 30 31 -10 10 11 -13 13 -15 20 16 17 18 39 60 -22 22 36 -25 25 -27 27 -29 -30 40 -32 -33 -34 -35 -36 -37 -38 -39 -40 -41 42 -43 -44 56 45 46 48 -49 49 50 -52 53 -54 -55 55 -57 57 58 -60 -61 -62 -63
leaf_value=0.0039774065995869384 0.00066566141974013383 0.00019950779314939851 0.0035167657041041446 0.0022609345772644958 -0.0012847565584491623 8.6727435925598853e-05 -1.6360622238822753e-05 0.0015158071060527676 -0.009416770071925094 0.0017286711426083576 0.00025129160588510901 0.00027924981096591272 0.00084600950254072919 -0.0049415515280442843 -0.006093753550015896 0.0035083299542894002 -0.0037400459794791141 -0.005143758241076931 -0.0001507717275038358 0.0011155576706954433 0.001198716823003193 0.0015510195958523528 0.00099592006153322097 -0.0052654701227376555 -0.0042226866290730148 -0.0034648844279442413 0.00072117763052818233 -0.013004135069140483 0.00018605781040619839 -9.703117924115424e-06 0.00076930309448717616 -0.0038782901760469357 0.00093313610222339966 -0.0038391684360569202 -9.2742316976795805e-05 -0.00077102870895150296 0.00025791489034391723 -0.0019515024376616911 3.5397664460109506e-05 0.00086510458928629273 0.00015758031091865304 -0.0011929398970154654 0.0018209270463966421 0.0013999741443119257 -0.0085497613714370629 0.00054802714152812773 0.00094479016615279696 -0.0045284531275481222 -0.0030774644518624722 0.0014165404727197899 -0.0019111163034704851 8.6062424761802598e-05 -0.023803169824607895 0.00069720958878672972 -0.00074367631639054199 -0.0070801140092524896 -0.001605741219167978 0.00025832205403807979 7.1942613530386417e-05 -0.0032510399363580942 0.0017513627065950212 -0.0010354026205971086
leaf_weight=238 109 9513 293 64 59 57 66 43 41 514 63 296 42 56 40 107 50 49 191 107 176 85 49 59 76 42 66 51 99 1061 518 46 70 51 320 66 425 81 6995 1539 1244 60 500 158 60 45 94 56 41 103 73 692 40 319 82 72 69 56 4765 40 163 223
leaf_count=238 109 9513 293 64 59 57 66 43 41 514 63 296 42 56 40 107 50 49 191 107 176 85 49 59 76 42 66 51 99 1061 518 46 70 51 320 66 425 81 6995 1539 1244 60 500 158 60 45 94 56 41 103 73 692 40 319 82 72 69 56 4765 40 163 223
internal_value=0.000386549 0.000723442 0.000244172 -0.000127376 -0.00358108 -0.00579114 -2.73828e-05 -0.00282812 -0.00940594 0.000437159 0.00195988 0.000181624 -0.00305556 -0.00616162 0.000333029 0.000605577 0.000500265 0.00144641 0.0016322 -0.000253164 -0.000255499 -0.0004 -0.00182116 -0.00412983 -0.00277228 -0.00488532 -1.76003e-05 -0.00478814 -0.00298295 0.000153402 9.4558e-05 -0.00475113 -0.00321212 -0.00663158 -0.00203747 -0.0057265 -0.000314748 -0.00381679 0.000191469 0.00221137 0.000479763 -0.000530303 0.00112894 -5.7816e-05 -0.0009375 -0.00325581 -0.00215496 -0.00632353 -0.000785256 -0.00259174 -0.000960452 -7.46853e-05 -0.00439252 0.000321613 -0.000495868 -0.00470968 0.000243663 0.000131819 0.000206705 -0.0043299 0.000435223 -0.000906344
internal_weight=32828 9751 23077 7889 221 157 7668 319 100 15188 971 457 161 98 14217 9717 9424 2322 2272 542 4500 4324 916 361 302 217 3408 117 175 3291 7349 210 164 94 426 106 555 130 7102 1730 2865 1121 1744 6831 1743 472 412 101 311 217 176 1271 106 1165 846 154 5088 4930 4861 96 493 330
internal_count=32828 9751 23077 7889 221 157 7668 319 100 15188 971 457 161 98 14217 9717 9424 2322 2272 542 4500 4324 916 361 302 217 3408 117 175 3291 7349 210 164 94 426 106 555 130 7102 1730 2865 1121 1744 6831 1743 472 412 101 311 217 176 1271 106 1165 846 154 5088 4930 4861 96 493 330
cat_boundaries=0 1 2 3 4 5
cat_threshold=2626 4270 24 2561 5168
is_linear=0
shrinkage=0.05


Tree=139
num_leaves=63
num_cat=5
split_feature=27 27 26 7 18 22 41 25 35 17 30 23 41 0 5 5 31 41 13 22 20 20 7 35 37 42 22 36 35 6 12 27 25 30 20 18 4 4 0 4 17 41 30 3 22 0 30 40 35 31 10 38 13 2 22 12 4 30 40 24 23 38
split_gain=0.577716 1.5005 2.81979 1.79116 2.43109 2.32649 2.34656 1.38486 1.2971 1.17335 2.25876 1.00989 0.97658 1.3185 1.13345 1.59524 0.970331 1.24332 0.901626 0.869468 0.819615 1.19576 1.11759 0.816752 1.52465 2.39603 1.52861 0.798804 0.795613 0.795895 0.789303 0.734868 0.696988 0.984184 0.949505 1.57154 1.21817 1.37148 0.910194 1.39064 1.26463 1.3179 1.82691 1.6345 1.14438 1.1233 1.0376 0.998997 0.967182 1.32788 1.86876 0.846671 1.49999 1.51881 0.920966 0.861378 1.13143 0.976718 0.797561 0.771995 0.766743 0.736439
threshold=5.5000000000000009 16.500000000000004 42.500000000000007 7.7758238322760027 1.0000000180025095e-35 -0.078781205722074268 36.311088709677428 0 0.67474105889484193 -2.226618337934152 34.850000000000001 -2.8470991274965427 4.7861904761904768 -0.18232155679395354 8.818317153537139 8.0610503039685586 178.40000000000001 99.958168456755246 0.60385208791764688 -0.039891272868526111 -0.037720417367667992 -0.053854894736792551 6.703854655643009 0.011597479105874706 55.500000000000007 0.93798076923076934 0.010380457158981631 0.0028937400973313827 1.3198624413618047e-05 7.079211706129116 52.500000000000007 3.5000000000000004 1 114.30000000000003 -0.064287324347574851 0.46078380552441933 -0.013793048159658648 0.18805237928642396 -0.11778303565638336 0.044452874230940694 0.92452700127669296 30.718465909090913 76.850000000000023 0.067467450813421884 -0.13975807762592288 -0.079922578600505542 5.6500000000000012 2.5000000000000004 0.00027566700097768826 11.350000000000003 0.13186297537162875 2 0.67000896829052903 -0.082238098236972132 0.60171473684794485 48.500000000000007 -0.4186308212572713 0.45000000000000007 3.5000000000000004 3 1.0303952125268678 4
decision_type=2 2 2 2 10 10 2 1 2 2 2 8 2 2 2 2 2 2 2 8 10 10 2 2 8 2 10 2 2 2 2 2 1 2 10 8 2 2 2 2 2 2 2 2 10 2 2 2 2 2 2 1 2 2 10 2 2 2 2 1 10 1
left_child=7 2 9 30 -5 6 -6 12 23 10 -2 -11 13 -1 15 19 20 -18 -9 -15 21 31 -22 24 25 -3 28 -26 29 -27 -4 -14 33 34 35 36 -13 -38 -34 40 41 -40 43 45 -42 -43 48 -45 49 -41 -51 52 53 -36 55 -53 -57 -58 -55 -54 -48 -59
right_child=1 8 3 4 5 -7 -8 18 -10 11 -12 32 16 14 -16 -17 17 -19 -20 -21 22 -23 -24 -25 27 26 -28 -29 -30 -31 -32 -33 38 -35 51 -37 37 -39 39 46 44 42 -44 47 -46 -47 60 -49 -50 50 -52 54 59 58 -56 56 57 61 -60 -61 -62 -63
leaf_value=0.0049846378754152942 9.6775406289287486e-05 -0.0014152742212191055 0.00092202729484293106 2.3829371456681937e-05 -0.00062552602307401411 -7.4022265420586758e-05 -0.017490692164697046 0.00019900999317482135 -0.0015391361514170455 -0.0035318744127236499 -0.0033885149702504581 -0.00065848127432344204 0.0010593556408788527 -0.0032146045595765208 0.001143462081520678 -0.0071950171569817815 -0.0015902695494900776 0.0019576010082592108 0.0010804126286645503 0.00077112473534685414 -0.00031556459119820536 -0.0018511093424047123 0.00098339886931670382 0.00072774064744949012 0.00016976623154035093 0.00025759315070872672 -0.00089656536405583538 0.0020742410819967298 0.00097975304337138795 -0.00060334991093755367 -0.0011942857159997714 -0.0010755944182163095 0.0016679921058471267 0.001520992310515056 -0.0084813675337722869 0.0015742838172732058 -0.0062634151124548055 -0.0023891476868844312 0.00098554274610082658 0.00059788266739589256 -2.8233635334054896e-05 -0.002521926856148137 -0.0048726179053968349 -0.00092543752467746801 -0.0050453369272124623 0.00030645029411557905 0.0013878472237713706 -0.0050944271771129045 -0.00064271145584422914 -0.0052378942761276233 0.00038676864340427648 0.0011490900700929355 -0.0006131698030715035 -0.0084706453695292255 -0.0033080116343051375 -0.0036846872582476059 0.00094495779623304267 0.0003172912127303761 0.00083605298132246133 0.00053066152463464755 -0.0010932617219260319 -0.00045563899512440103
leaf_weight=43 61 60 102 109 61 72 77 1113 53 50 41 80 89 68 43 57 40 41 1625 50 69 57 648 475 21227 201 66 148 77 66 74 55 633 129 51 96 51 60 493 583 42 54 40 45 42 460 549 53 40 42 77 782 133 40 73 79 208 169 41 168 40 309
leaf_count=43 61 60 102 109 61 72 77 1113 53 50 41 80 89 68 43 57 40 41 1625 50 69 57 648 475 21227 201 66 148 77 66 74 55 633 129 51 96 51 60 493 583 42 54 40 45 42 460 549 53 40 42 77 782 133 40 73 79 208 169 41 168 40 309
internal_value=0.000497231 0.000418715 -0.000262282 -0.00388105 -0.00610937 -0.00924171 -0.0130216 0.00106027 0.000610754 4.64318e-05 -0.00524272 0.000141782 -0.000314713 -0.00303435 -0.00461187 -0.00639205 0.000395 -0.00481707 0.00168789 -0.00302521 0.00085963 -0.00195545 0.00165042 0.000629452 0.000584775 -0.0022293 -0.000851581 0.000646754 0.000492754 -0.000802239 0.000169492 0.000482759 0.000204839 -0.000425403 -0.00066211 -0.00335069 -0.00596354 -0.00933036 0.000691324 0.000273331 -0.000939024 -0.000501745 -0.0019755 -0.00128874 -0.00682353 -0.00015534 0.00139264 -0.00717172 0.000148049 0.000583215 -0.00420833 -0.00028481 -0.00221847 -0.00669173 0.000245248 0.000507106 -0.000685378 -2.91119e-05 -0.00237805 -0.000314569 0.00295763 -0.00127349
internal_weight=32680 28682 6309 495 319 210 138 3998 22373 5814 102 5712 1260 261 218 175 999 81 2738 118 918 201 717 22320 21845 470 410 21375 344 267 176 144 5662 2469 2340 287 191 111 3193 2560 1229 1145 652 612 84 514 1331 98 742 702 119 2053 433 132 1620 1547 765 686 81 301 589 478
internal_count=32680 28682 6309 495 319 210 138 3998 22373 5814 102 5712 1260 261 218 175 999 81 2738 118 918 201 717 22320 21845 470 410 21375 344 267 176 144 5662 2469 2340 287 191 111 3193 2560 1229 1145 652 612 84 514 1331 98 742 702 119 2053 433 132 1620 1547 765 686 81 301 589 478
cat_boundaries=0 1 2 3 4 5
cat_threshold=140 394 4 10 8
is_linear=0
shrinkage=0.05


Tree=140
num_leaves=63
num_cat=6
split_feature=44 0 9 11 2 2 21 39 25 13 11 6 31 11 3 6 5 0 33 12 9 12 33 20 33 19 19 26 0 21 11 14 25 9 42 23 40 9 41 14 42 11 16 39 22 41 31 41 3 22 42 22 33 22 39 2 25 11 33 3 0 41
split_gain=0.64817 0.771426 0.566602 0.898514 0.567678 0.950139 0.731027 0.973879 0.986125 1.20942 1.43111 1.30684 1.15888 2.88147 2.31681 1.18052 1.2202 1.57481 1.17073 0.962353 0.882417 0.829098 1.30782 2.22552 0.797161 0.647724 1.12841 0.632605 0.612764 0.688207 0.651911 0.81913 0.748542 1.41311 1.3507 0.720419 1.26414 0.802684 1.12313 0.778502 0.749062 1.4905 2.52683 1.00873 0.79535 1.16146 1.1419 1.75907 0.770949 0.679529 0.637324 0.613721 0.605609 0.867272 0.603774 0.593248 1.35314 1.06978 1.17616 1.45418 1.93251 1.18073
threshold=0.41428571428571431 0.11227868884559068 1.0000000180025095e-35 71.500000000000014 -0.048790164169431265 -0.051292268071787987 13025.000000000002 0 1 1.1400005700005702 81.500000000000014 6.7765128875245457 3.350000000000001 68.500000000000014 -0.10536051565782632 7.4181612266933099 7.7298741404345774 -0.026668247082161308 28.650000000000002 84.500000000000014 0.061827322301268826 55.500000000000007 29.37857142857143 0.026150741683116811 29.464285714285719 0.04866349408937768 0.085507099016376362 19.500000000000004 -0.15879742646209258 3204.0000000000005 76.500000000000014 -0.91629073187415466 2 0.17052062847049945 0.9842509920634922 -1.0261228994356728 3.5000000000000004 0.30803179410649439 66.026587301587327 0.35369193168672602 0.92637759710930456 24.500000000000004 -0.075350990380846902 3 -1.0000000180025095e-35 44.870833333333344 0.75000000000000011 150.01309523809527 -0.22314355131420924 -0.037390199887010318 0.86023255813953503 -1.0000000180025095e-35 41.235714285714295 0.053897588467410759 4 -0.03407580374309082 5 6.5000000000000009 27.657142857142862 0.0084879179024430779 0.0033240752520473653 140.08319088319089
decision_type=2 2 8 2 2 2 10 1 1 2 2 2 2 2 2 2 2 2 2 2 8 2 2 10 2 2 2 2 2 8 2 2 1 10 2 8 2 10 2 2 2 2 2 1 10 2 2 2 2 8 2 10 2 10 1 2 1 2 2 2 2 2
left_child=2 -2 3 -1 5 6 7 8 24 10 11 -10 13 19 -15 27 17 18 -17 25 -9 -18 -23 -24 -4 -13 -27 -14 54 -30 32 -32 33 34 50 36 -34 40 39 -39 41 42 -37 48 46 -46 47 -42 -43 -36 -31 -33 55 -54 -22 56 -6 -58 -59 60 61 -60
right_child=1 -3 4 -5 52 -7 -8 20 9 -11 -12 12 15 14 -16 16 21 -19 -20 -21 28 22 23 -25 -26 26 -28 -29 29 30 31 51 35 -35 49 37 -38 38 -40 -41 44 43 -44 -45 45 -47 -48 -49 -50 -51 -52 -53 53 -55 -56 -57 57 58 59 -61 -62 -63
leaf_value=-0.00053934155223388605 0.0009157433408131416 -0.0011669495380027099 0.003466147603697903 0.0017501125902231272 0.00020793645152792948 0.0019765826731491963 0.0024052096836991218 0.0014244027434327647 0.00082939038656155192 0.0013660515612266902 0.0017667769862997431 0.00016937767734016653 -0.0015504347547964734 -0.0059101885992349848 -0.0010669206919706618 -0.008171054566443103 0.00053962802829783739 -0.00048951218963199034 -0.0018810057659828881 -0.0017216965619089039 4.0840301468513153e-05 0.00012959569470922643 -0.0039558075239438245 -0.00081699448956142539 -0.00012417067774292005 -0.0033649093278332837 -0.00023521392446872194 0.0016780466143690371 0.0003212953641240254 -0.003382230689903841 -0.0036424254518900266 0.0010921602647764228 -0.004257102770077157 0.002835477554940239 -8.4662704657277458e-05 -0.0046303642253971416 0.00072690683781534383 7.0386853220337129e-05 -0.0051494464816293928 -0.011284526636163864 1.2321732713451481e-05 0.00083947052356600136 -0.00012473411203572948 0.0026532224587787531 0.0012824811266112582 -0.0035718300972197021 0.00036731542755688671 -0.0056952010224490569 -0.0032953480724997233 -0.00082757719491266383 0.0011296924959792018 -0.00066541207148627718 -0.0044938360209842033 0.0009613360478738643 0.0017578828650143992 6.287864810185665e-05 -0.003937858167943232 0.0014770444628339509 -0.0072184744601250629 0.0005156758924251088 0.00017219702068638871 -0.00021381552683519419
leaf_weight=61 496 61 271 173 462 126 225 348 184 236 293 259 84 75 40 40 187 57 40 51 808 110 42 58 106 59 85 287 2962 42 44 564 42 328 49 79 52 168 80 52 79 50 164 170 52 43 1044 40 77 64 188 46 48 42 1462 18950 46 122 72 125 78 49
leaf_count=61 496 61 271 173 462 126 225 348 184 236 293 259 84 75 40 40 187 57 40 51 808 110 42 58 106 59 85 287 2962 42 44 564 42 328 49 79 52 168 80 52 79 50 164 170 52 43 1044 40 77 64 188 46 48 42 1462 18950 46 122 72 125 78 49
internal_value=0.000434021 0.00212366 0.000404764 0.00285106 0.000386791 0.000658454 0.000612434 0.000557795 -0.000302912 -0.000712011 -0.00112449 -0.00169379 -0.00218983 -0.00395614 -0.0109914 -0.00107616 -0.00257944 -0.00663043 -0.0111111 -0.00215385 0.000799846 -0.00116834 -0.00331754 -0.00742574 0.0020232 -0.00132426 -0.004 0.00108871 0.000702286 0.000454475 -1.84762e-05 0.00140458 -0.000343924 0.00110704 -0.00111919 -0.000789832 -0.00505263 -0.000600286 -0.00299003 -0.00113122 -0.000200111 -0.00175601 -0.00465164 0.000620806 0.000468626 -0.00390625 0.000829038 -0.00379167 -0.00264493 -0.00557018 0.00108225 0.00188216 0.000223556 -0.00384615 0.00140907 0.00024215 -0.000973822 -0.00276342 -0.00205817 -0.00363077 -0.006275 -0.0102049
internal_weight=32797 557 32240 234 32006 12012 11886 11661 2564 2187 1951 1658 1474 569 115 905 534 137 80 454 9097 397 210 100 377 403 144 371 8749 6479 3517 654 2863 671 343 2192 94 2098 300 220 1798 540 243 297 1258 95 1163 119 127 113 230 610 19994 90 2270 19904 954 492 446 324 199 121
internal_count=32797 557 32240 234 32006 12012 11886 11661 2564 2187 1951 1658 1474 569 115 905 534 137 80 454 9097 397 210 100 377 403 144 371 8749 6479 3517 654 2863 671 343 2192 94 2098 300 220 1798 540 243 297 1258 95 1163 119 127 113 230 610 19994 90 2270 19904 954 492 446 324 199 121
cat_boundaries=0 1 2 3 4 5 6
cat_threshold=289 640 21 1542 1170 3126
is_linear=0
shrinkage=0.05


Tree=141
num_leaves=63
num_cat=6
split_feature=27 39 25 9 12 11 18 12 35 33 27 27 9 14 16 16 33 35 35 9 17 11 11 6 20 15 33 21 27 3 39 9 33 39 42 30 7 33 20 9 5 6 17 16 21 15 7 30 41 30 3 31 21 27 7 6 39 12 25 2 14 2
split_gain=0.747714 1.7816 2.24798 1.27321 0.959518 1.34215 1.44757 1.4087 0.953834 1.30807 1.63262 0.876299 1.74598 2.10299 1.68193 1.12481 0.874769 0.81628 1.12977 0.814732 0.788443 1.05229 1.03074 0.822248 1.06016 0.744386 0.74009 0.952863 0.706371 0.660144 0.805202 1.0629 0.650537 1.01765 0.990552 1.22728 1.47009 0.948634 1.63907 1.18968 1.31629 1.4886 1.25468 1.23951 1.12997 1.02316 0.945761 0.872698 1.47142 0.874254 1.30788 1.89861 1.71165 1.21772 1.17451 1.15179 1.12714 1.4962 1.08929 1.25817 0.947579 0.945376
threshold=5.5000000000000009 0 1 0.41854841191421771 30.500000000000004 58.500000000000007 -0.47364246053811077 45.500000000000007 0.66966101858320537 31.707142857142859 12.500000000000002 7.5000000000000009 0.10722729509744651 0.39104453003981671 -0.24209543305070366 -0.051293294387550363 26.87857142857143 0.14971659230463619 0.11834791707880239 0.090197792132272817 0.30201275288181889 14.500000000000002 69.500000000000014 7.9363400278070939 0.076871326313207811 -0.058394402110146786 34.178571428571438 2652.5000000000005 55.500000000000007 -0.72901791152133277 2 0.26578501775364033 27.407142857142862 3 0.81302966101694929 62.050000000000004 8.552976757690816 27.835714285714289 0.049548934084961617 0.11552828281838948 7.4165065410354574 7.9208361632284463 0.069389690151551178 0.084581736108221964 2101.2500000000005 0.058454944928905135 8.0052030237037446 81.200000000000031 288.32536057692317 1.0000000180025095e-35 -0.04189120908891119 2.0500000000000003 5752.5000000000009 16.500000000000004 8.2952298520568828 8.4078268070567326 4 69.500000000000014 5 -0.048790164169431265 0.89023459613123157 -1.0000000180025095e-35
decision_type=2 1 1 10 2 2 10 2 2 2 2 2 10 2 2 2 2 2 2 8 2 2 2 2 10 2 2 8 2 2 1 10 2 1 2 2 2 2 10 10 2 2 2 2 8 2 2 2 2 2 2 2 10 2 2 2 1 2 1 2 2 2
left_child=1 2 3 4 26 6 -6 -8 11 10 -10 12 13 14 -2 -16 -14 18 29 -17 23 -22 -23 -4 -25 -7 -1 -28 -19 30 31 -13 34 -34 35 -31 46 38 39 43 44 42 -42 -35 -41 -45 -37 49 -49 50 51 56 53 -53 58 -56 57 60 -55 -60 -39 -52
right_child=8 -3 20 -5 5 25 7 -9 9 -11 -12 17 16 -15 15 19 -18 28 -20 -21 21 22 -24 24 -26 -27 27 -29 -30 32 -32 -33 33 37 -36 36 -38 47 -40 40 41 -43 -44 45 -46 -47 -48 48 -50 -51 61 52 -54 54 55 -57 -58 -59 59 -61 -62 -63
leaf_value=0.0019180556663473205 0.00052371939909926196 0.00050872219636329409 0.0032604986843699085 0.0036923216287411951 -0.0055864247052136795 -0.001417497179932265 -0.0054588421101806816 0.00066628444771311187 -0.00016691791830140436 0.00075583559580952319 -0.0013022344542782879 -0.0043771803706846475 -0.0027477158187053201 0.00093979232565858306 -0.0037006983456754961 -0.00054261254042381468 0.00013209872558211705 0.0014418695108936791 -0.00056345711375539286 -0.0014898020514537771 -0.0057910323229617327 0.0038890416514986317 -0.0063911251730213031 0.0012233512980155232 -0.0054830661171085425 -0.0023932892776581689 0.00022154596285372101 -0.0026241686998541413 -0.0011946189760166908 0.00010923626145255975 0.0037568271355861737 0.0036465373239035824 0.00021130948495357404 0.00096889712252927094 0.00031049121099603681 -0.0020698719503562993 -0.0073543657527889708 2.6692302072661384e-06 0.0010587321232482974 0.00071866764379250594 -0.0081125344898670716 -0.0031198371980998979 -0.0015830226373837514 -0.0012979678237830861 -0.0063562511112440741 6.7245816857898323e-05 0.0024103021402999739 -1.1771173918152899e-05 -0.0018048313899571415 0.00012517005291721737 0.00047204199665443458 -0.0038813795175381307 -0.0049007380564826944 0.00015210656006013656 -0.0048111576585176943 -0.0012350616679621944 0.0005221913675443285 -0.0027558970743380407 -0.00049342865913389034 -0.0056611643394884024 -0.0011095334695633452 -5.5209366687686975e-05
leaf_weight=77 65 2621 350 91 49 67 41 118 77 55 49 57 74 68 48 82 889 273 43 40 40 75 43 177 40 63 48 59 44 197 371 46 7124 141 4066 41 40 393 160 86 48 117 42 42 74 52 40 396 161 8077 965 59 74 365 49 59 1070 93 101 59 42 2225
leaf_count=77 65 2621 350 91 49 67 41 118 77 55 49 57 74 68 48 82 889 273 43 40 40 75 43 177 40 63 48 59 44 197 371 46 7124 141 4066 41 40 393 160 86 48 117 42 42 74 52 40 396 161 8077 965 59 74 365 49 59 1070 93 101 59 42 2225
internal_value=0.000427842 0.00107197 -0.000415122 -0.00262019 -0.00361377 -0.00519174 -0.00267943 -0.00034375 0.000339075 -0.00326923 -0.00606299 0.000362058 -0.000923441 -0.00422697 -0.00646186 -0.00906433 0.000119295 0.00042172 0.000392015 -0.00642276 0.0014606 -0.00163522 0.000756303 0.00235035 -6.88072e-05 -0.0091603 -0.000702703 -0.00337963 0.00294025 0.000405079 0.00225263 -0.00162281 0.000371896 0.000261382 0.000928164 -0.00175549 -0.00569672 2.67364e-05 -0.00169069 -0.00288557 -0.00466033 -0.00728365 -0.0120879 -0.000105932 -0.00124224 -0.00452632 -0.00176829 0.000119107 -0.001819 0.00019843 -0.000284428 -0.00117548 -0.00322034 -0.00243867 -0.00179022 -0.00651376 -0.000193871 -0.00205937 -0.000807985 -0.00409357 -0.000860092 0.000376058
internal_weight=32698 3959 1338 613 522 338 208 159 28739 181 126 28558 1266 303 235 170 963 27292 26975 122 725 158 118 567 217 130 184 107 317 26932 474 103 26458 22074 4384 318 121 14950 762 602 367 207 90 235 160 94 81 14188 557 13631 5554 2364 766 692 633 108 1598 528 525 160 435 3190
internal_count=32698 3959 1338 613 522 338 208 159 28739 181 126 28558 1266 303 235 170 963 27292 26975 122 725 158 118 567 217 130 184 107 317 26932 474 103 26458 22074 4384 318 121 14950 762 602 367 207 90 235 160 94 81 14188 557 13631 5554 2364 766 692 633 108 1598 528 525 160 435 3190
cat_boundaries=0 1 2 3 4 5 6
cat_threshold=5408 141 2064 4337 1026 1049
is_linear=0
shrinkage=0.05


Tree=142
num_leaves=63
num_cat=3
split_feature=20 8 25 0 8 33 0 6 13 0 21 21 33 24 4 1 1 16 4 10 14 27 4 21 22 30 17 27 11 31 9 11 27 25 27 21 33 41 17 8 9 4 12 6 8 7 8 8 33 27 15 31 20 4 42 20 22 13 15 3 1 33
split_gain=0.591493 1.18632 0.789294 0.819054 0.72574 0.805896 0.814972 0.740637 1.11171 0.718535 0.697875 0.903957 0.814162 1.05411 1.54273 1.11415 1.09415 1.42782 1.04826 1.03724 0.922899 1.06768 0.672459 0.707556 0.737234 0.640995 0.94636 0.675556 0.570635 0.557663 0.544567 0.924249 0.523289 1.0088 0.78135 1.01723 0.91527 1.59747 1.44645 1.76256 1.30112 1.04942 1.31202 1.78183 2.06775 1.23422 1.79875 1.06152 1.01057 1.76607 0.983522 1.29777 0.874181 0.983172 1.52465 0.898156 1.27509 0.865522 0.863794 0.850701 0.892983 0.798013
threshold=-0.055055249651155123 0.021341350041206315 0 -0.11247798342669001 0.063214135890676787 35.135714285714286 -0.036367391644537943 8.5267362495124193 0.54968721198626513 -0.25131049972235914 6387.5000000000009 1500.8350000000003 29.007142857142863 1 0.30458686664259421 0.057415010953145725 -0.15180753676566325 -0.095293893424622564 0.064538521137571983 0.098657348106389278 -0.15874838907588737 53.500000000000007 -0.22580693469106936 1726.1900000000003 0.039274173429554339 1.1500000000000004 0.10163485894844905 22.500000000000004 20.500000000000004 175.25000000000003 1.0000000180025095e-35 70.500000000000014 40.500000000000007 2 29.500000000000004 9456.2500000000018 28.492857142857151 3185.607731694829 0.39121264918542054 0.11157268758660796 0.14053112277372853 -0.050645031521740595 34.500000000000007 7.7829026103680574 0.25333500564983485 7.7154863498428812 0.15837464136434101 0.17572584715887712 39.164285714285718 19.500000000000004 0.2965954655629231 284.40000000000003 0.18736097351232806 0.30458686664259421 0.78516483516483526 0.081323736643916941 0.017634934480902035 1.146778184534625 0.11173863262238128 0.2001869733914359 -0.018520899777901608 28.735714285714291
decision_type=10 10 1 2 10 2 2 2 2 2 10 8 2 1 2 2 2 2 2 2 2 2 2 10 10 2 2 2 2 2 8 2 2 1 2 10 2 2 2 10 8 2 2 2 8 2 10 8 2 2 2 2 10 2 2 10 8 2 2 2 2 2
left_child=1 -1 4 -4 7 9 -7 8 -3 28 11 29 -13 19 15 16 -15 -18 -17 25 -21 -22 -8 24 -24 26 27 -14 -6 -5 31 -2 33 -32 36 -36 -35 40 -39 -40 48 42 -42 44 45 46 -44 -45 61 -50 51 -43 53 57 -55 56 -56 59 -49 60 -52 -38
right_child=30 2 3 10 5 6 22 -9 -10 -11 -12 12 13 14 -16 18 17 -19 -20 20 21 -23 23 -25 -26 -27 -28 -29 -30 -31 32 -33 -34 34 35 -37 37 38 39 -41 41 50 43 47 -46 -47 -48 58 49 -51 52 -53 -54 54 55 -57 -58 -59 -60 -61 -62 -63
leaf_value=-0.0041988344364388992 -0.00059418807558909406 -0.0032001878117208955 0.00096778312741026696 0.0012581904188037638 -0.0089244430330684184 0.0025699030765855891 -0.0010220785371156487 0.0025440920546189326 0.00039112345049254328 0.0014923120865469384 0.0010355253508371261 0.00029023410631725692 -0.0021283014363475904 -0.0013999693610270989 0.00083185810084624671 0.00081811509699870151 -0.0018221529881965249 -0.0096398813112886991 -0.002778064724886938 0.00034472694779611487 -0.0010685781546217361 -0.0059654338863687076 0.00016827921514903221 0.0023186494531963592 -0.0037217792063124183 0.0017802470441395353 0.0015634472257971593 4.4041580875842138e-05 0.0013213021144031247 -0.0024208411595464194 0.00034821386760026571 0.0016858564701528137 1.7471868241605852e-05 0.00016042891339775733 0.00071203251655142243 -0.0060586529129823992 -0.0004124751115879736 -0.00025548638306371538 -0.0021753246820247632 -0.00012253804604283984 -8.3413316682011027e-05 0.00028144827802443941 -8.6638664094687492e-05 0.00016216811190544937 -0.0013373568056460712 -0.0079863849334971902 -0.011001552630506919 -0.0022219633047762823 0.0053574413595639482 -0.0014633927958759242 -0.0020064540502442345 -0.012397453135513097 0.0030468252065983656 0.0046255450154896243 0.0015191194741919576 -0.012290402362399118 -0.0059746784593221296 0.0033797496582394326 0.00023160943777542249 -0.0050578331599614532 0.002400202340584379 0.00033274263465003562
leaf_weight=72 79 48 606 290 58 182 57 58 67 1427 247 370 44 45 93 62 40 55 40 68 76 47 83 98 47 121 86 50 141 40 6831 193 11634 2329 1277 45 88 263 52 41 977 1117 63 180 148 49 76 122 40 52 73 44 46 40 51 43 61 60 96 41 106 1844
leaf_count=72 79 48 606 290 58 182 57 58 67 1427 247 370 44 45 93 62 40 55 40 68 76 47 83 98 47 121 86 50 141 40 6831 193 11634 2329 1277 45 88 263 52 41 977 1117 63 180 148 49 76 122 40 52 73 44 46 40 51 43 61 60 96 41 106 1844
internal_value=0.000465177 0.000983259 0.00108242 0.000439147 0.00174791 0.00201289 0.000181624 -0.00135057 -0.00366379 0.00253841 -0.000101408 -0.000500654 -0.0011394 -0.00201087 -0.0041185 -0.00633745 -0.00921986 -0.0122396 -0.0023301 -0.000477137 -0.00335937 -0.00592742 -0.00148601 -0.000262009 -0.00267176 0.00134106 -0.000552486 -0.004 -0.000275 0.00181269 0.000378347 0.00260073 0.00035658 0.000539801 0.000203498 0.00133031 1.9746e-05 -0.000317804 -0.00355742 -0.00888298 -0.000104282 -0.00070271 -0.00157418 -0.00317007 -0.0058457 -0.00931217 -0.00682143 -0.000902255 0.000898766 -0.00419355 0.000184195 0.000993976 -0.00161877 -0.0022584 -0.00497449 -0.00721154 -0.00477876 -0.000355872 -0.00324201 -0.00180995 -0.000305555 0.0011433
internal_weight=32879 4718 4646 2380 2266 2093 467 173 115 1626 1774 1527 1197 827 335 242 140 95 102 492 191 123 285 228 130 301 180 94 199 330 28161 272 27889 16255 9424 1322 8102 5773 356 93 5417 3393 1711 734 336 188 139 398 2024 92 1682 1161 521 475 195 155 112 280 218 220 179 1932
internal_count=32879 4718 4646 2380 2266 2093 467 173 115 1626 1774 1527 1197 827 335 242 140 95 102 492 191 123 285 228 130 301 180 94 199 330 28161 272 27889 16255 9424 1322 8102 5773 356 93 5417 3393 1711 734 336 188 139 398 2024 92 1682 1161 521 475 195 155 112 280 218 220 179 1932
cat_boundaries=0 1 2 3
cat_threshold=2453 25 3696
is_linear=0
shrinkage=0.05


Tree=143
num_leaves=63
num_cat=3
split_feature=41 29 36 30 36 26 8 19 19 1 11 11 21 33 21 41 15 27 25 41 17 2 33 27 9 11 4 19 31 9 33 23 10 1 3 15 33 2 23 0 17 15 5 6 25 41 31 17 4 4 2 25 1 33 20 33 1 11 4 31 19 8
split_gain=0.751852 1.31997 1.66502 1.49698 1.32827 1.23988 1.49402 1.18141 0.802358 0.833858 0.995754 1.30739 1.16527 1.35418 0.75525 1.1776 1.37202 0.934803 0.68953 0.746574 0.690499 0.729652 0.674958 0.654296 0.641231 0.612364 0.569053 0.558204 0.905489 0.545378 0.884748 1.09338 0.863976 1.07658 0.835589 0.904927 0.674683 0.911753 0.990761 0.826673 0.846744 0.94917 0.793005 0.852262 1.14511 1.26441 0.785344 0.72857 0.73538 0.728526 1.43912 1.52607 0.782328 0.775269 0.726839 0.721508 0.699919 0.672465 0.987821 0.637167 0.634308 0.80935
threshold=1691.834966013595 1.0000000180025095e-35 0.0027470710691243259 75.550000000000011 0.0015888970962071695 13.500000000000002 0.055570496495307452 -0.056029072194392356 -0.04683018141808213 -0.13005312824819756 20.500000000000004 31.500000000000004 1423.5100000000002 39.271428571428579 1170.2500000000002 3630.055184331798 -0.69314718055994495 36.500000000000007 0 2446.6156795346383 0.44477269264668934 1.0000000180025095e-35 31.907142857142862 57.500000000000007 0.085334965268319227 7.5000000000000009 -0.078781205722074241 0.073665558172269163 153.25000000000003 0.47918065018033451 35.135714285714286 1.3899360378154448 0.29064411235166215 0.22778509366276237 0.31845373111853498 -0.723985817566004 38.550000000000011 0.0039610434056562846 -1.486731159596977 0.52336608220123104 -4.3491797264668595 -1.0113524644683987 8.1690237521093003 7.7518153295508174 1 3.4338797814207651 13.950000000000003 -0.68209798810508449 -1.4388113718587412 -0.17435288714452743 -0.29686970592156919 2 -0.065934146810423741 28.235714285714291 -0.10344842382566435 37.150000000000013 0.043083104208368812 3.5000000000000004 -0.10536051565782632 0.35000000000000009 0.0039087939809804122 0.28706573813412911
decision_type=2 2 2 2 2 2 10 2 2 2 2 2 10 2 10 2 2 2 1 2 2 2 2 2 10 2 2 2 2 10 2 10 2 2 2 2 2 2 8 2 2 2 2 2 1 2 2 2 2 2 2 1 2 2 10 2 2 2 2 2 2 8
left_child=29 2 3 4 5 6 -2 14 -9 -10 24 -12 13 18 15 16 -3 -18 -13 -20 21 -21 26 27 -11 -25 -8 -4 -29 36 31 -31 34 -34 35 -32 39 -38 -39 40 -1 42 43 -42 -45 -46 -47 49 -49 50 -43 53 -53 -52 -40 -51 -41 58 -50 -60 61 -56
right_child=1 7 23 -5 -6 -7 22 8 9 10 11 12 -14 -15 -16 -17 17 -19 19 20 -22 -23 -24 25 -26 -27 -28 28 -30 30 32 -33 33 -35 -36 -37 37 38 54 56 41 47 -44 44 45 46 -48 48 57 55 51 52 -54 -55 60 -57 -58 -59 59 -61 -62 -63
leaf_value=-0.0030349454510916036 -0.00098539343701594946 -0.0048358424066895656 0.0010009074336630481 -0.002016769763460006 -0.0016670897962425088 0.00078080220248672718 -0.0001745507732702283 -0.0014138055576600772 0.00070141281800615045 -0.00056826212172515062 -0.0013302568841279463 0.0010351251700062947 -0.002741574426097623 -0.00089205269378785134 0.0012368498030213189 0.00020249122555710534 0.0010005412981103654 -0.0018353472388915985 -0.00070133029667518996 0.00086808687951985073 0.00027741551911823282 -0.00087616749360163294 -0.001016337173926112 0.00063480616267671207 0.00041387460168793944 -0.00037255108753715303 0.001077648460178923 0.00033485184665150584 -0.00064938045195691684 0.0017250024964036229 -0.0026283357115361151 -0.010623504336231073 -0.022525979936101337 0.0042880524513839195 -0.018424413546957598 0.002169427488584467 0.0019047336677737023 -0.00074469584753065446 -0.0021751892934710375 -0.0066352779960344409 0.00066149009916226915 0.0021714402713816252 0.0010840609374917045 0.00054017201892258323 -0.0053282477935014628 -0.0021762777040554753 0.00015321055150595503 -0.0017691250621354939 -0.0025300239150289013 9.8823373572013871e-05 -0.00022992216060073188 -0.00094892930776314477 0.0019627755953024874 -0.005202319590367638 -0.00060911622556295236 -0.0025137153213070783 -0.00017791369818081912 0.00010149538531073479 0.0029696932375800952 0.00031166347715203246 0.00057768571518348718 0.0020087657635871098
leaf_weight=56 41 46 469 76 44 394 146 46 154 41 67 106 67 42 143 160 60 44 40 45 60 69 78 43 107 41 91 68 41 1167 40 41 40 43 41 183 860 53 49 89 968 88 781 229 57 57 147 66 67 690 40 67 71 74 381 51 377 20415 195 1929 394 97
leaf_count=56 41 46 469 76 44 394 146 46 154 41 67 106 67 42 143 160 60 44 40 45 60 69 78 43 107 41 91 68 41 1167 40 41 40 43 41 183 860 53 49 89 968 88 781 229 57 57 147 66 67 690 40 67 71 74 381 51 377 20415 195 1929 394 97
internal_value=0.000476889 -0.00030212 0.000691455 -0.000746268 -0.000100629 0.000399468 -0.00173669 -0.00147535 -0.00257988 -0.00220275 -0.00299225 -0.00406439 -0.00303488 -0.00190083 0.000583701 -0.000803858 -0.00397351 -0.000761905 -0.000778816 -0.00235556 -0.00102857 -0.00330435 -0.000553797 0.00257919 0.000604027 -0.00152941 0.000777311 0.00317789 -4.54544e-05 0.000550595 0.00146208 0.00210091 -0.000761494 -0.00517857 0.00064151 0.00185268 0.000500547 0.00142779 0.000379487 0.000436357 0.000473723 0.000487054 0.00147098 0.000781357 -0.000916497 -0.00310662 -0.00136585 0.00039425 0.000454726 -0.000873382 -0.00278592 -0.00470356 -0.000738255 -0.00864 0.000764642 6.73873e-06 -0.00164882 0.000470209 0.00130246 0.00149176 0.00109966 -0.000125261
internal_weight=32732 2829 1532 870 794 750 356 1297 844 798 644 496 429 362 453 310 150 104 320 214 174 114 315 662 148 84 237 578 109 29903 1555 1208 347 83 264 223 28348 1834 974 26514 26048 25992 2239 1458 490 261 204 23753 22672 1081 340 252 138 114 921 741 466 22606 2191 2124 872 478
internal_count=32732 2829 1532 870 794 750 356 1297 844 798 644 496 429 362 453 310 150 104 320 214 174 114 315 662 148 84 237 578 109 29903 1555 1208 347 83 264 223 28348 1834 974 26514 26048 25992 2239 1458 490 261 204 23753 22672 1081 340 252 138 114 921 741 466 22606 2191 2124 872 478
cat_boundaries=0 1 2 3
cat_threshold=2308 2599 3203
is_linear=0
shrinkage=0.05


Tree=144
num_leaves=63
num_cat=6
split_feature=2 42 9 39 38 25 9 42 4 7 5 13 14 41 20 14 10 25 30 7 17 27 21 21 11 17 13 7 42 4 31 16 25 39 9 36 11 0 0 13 31 11 1 7 9 27 12 8 37 42 2 17 12 18 11 0 8 17 9 1 20 14
split_gain=0.927705 1.04933 1.70543 0.857361 1.10943 1.47363 1.60412 0.983554 0.899411 0.739472 1.19432 1.18571 1.5228 1.18386 1.17028 1.60653 1.39091 1.10021 1.68541 2.12508 2.67175 1.56266 1.03465 1.15894 1.00166 0.958742 1.15202 0.939313 0.912375 1.4164 0.980082 0.805862 0.777209 1.10201 0.971197 0.985067 1.12161 1.07352 1.16474 0.964019 1.54009 1.50955 1.1878 1.07059 1.05151 1.16375 1.04123 0.920515 1.14159 1.16469 1.8815 1.37268 1.73586 1.32186 3.38609 2.19692 1.36552 1.10742 2.87474 1.49261 0.994263 0.885275
threshold=-0.375547673262774 0.81602564102564112 0.48820045946088475 0 1 2 0.23656147735415581 0.57601438109912695 -0.064539146137181355 7.8482592883275339 7.5953831795490876 1.262863740295485 -0.3265465357032728 99.958168456755246 -0.030794805230570068 1.0997075793580191 0.38038659925277779 3 41.050000000000011 8.4087546104932169 0.09664369817719011 19.500000000000004 3001.2500000000005 2995.8350000000005 55.500000000000007 -0.10936626615288779 0.66396892799298646 8.0264271790311792 0.89915254237288156 0.43175131979365849 192.25000000000003 1.2537679939593804 4 5 0.37048208067970567 0.082530655554128488 1.0000000180025095e-35 0.027039539034409369 0.52336608220123104 0.57455709689993373 348.15000000000009 66.500000000000014 -0.034141875470397924 7.4398563622014349 0.081886355795737401 33.500000000000007 21.500000000000004 0.31991259225798618 45.500000000000007 0.96850198412698429 0.038993802258112005 -0.3575491104218409 71.500000000000014 0.53214627404338177 28.500000000000004 -0.050838832814851458 0.089296856480179945 0.37078716631560843 0.20086477725206883 0.098922810957549526 0.043537346301388183 -0.38341832190712294
decision_type=2 2 10 1 1 1 10 2 2 2 2 2 2 2 10 2 2 1 2 2 2 2 10 10 2 2 2 2 2 2 2 2 1 1 10 2 2 2 2 2 2 2 2 2 10 2 2 10 10 2 2 2 2 10 2 2 10 2 10 2 10 2
left_child=1 2 -1 4 5 6 -2 -6 -8 22 -11 14 27 -14 15 16 17 18 19 20 21 -12 23 32 -17 -25 -27 -13 29 30 -24 -16 33 39 35 36 -35 47 -39 40 41 -5 -43 44 45 -44 -46 48 49 57 51 -51 53 54 -53 -56 -55 59 -59 60 -38 -34
right_child=3 -3 -4 9 7 -7 8 -9 -10 10 11 12 13 -15 31 24 -18 -19 -20 -21 -22 -23 28 25 -26 26 -28 -29 -30 -31 -32 -33 61 34 -36 -37 37 38 -40 -41 -42 42 43 -45 46 -47 -48 -49 -50 50 -52 52 -54 56 55 -57 -58 58 -60 -61 -62 -63
leaf_value=0.0004842631436578736 -0.004612297900296069 0.00095678326150751302 -0.016059370667722939 0.0007864714284297324 -0.0015446732628844986 0.00066524966346512109 -0.0072202125360558162 0.0005571552185117542 0.00028623739160073042 -0.0026219511057988931 -0.0039443743422796556 -0.0060638767321551709 0.00036729819678899033 -0.00095326928301525573 3.6721189486359942e-05 -0.0037204760200720819 -0.0045662002126361564 0.00010083289138798949 0.00030970078790571766 2.6092985944252619e-05 -0.0042040608997577188 0.00038129791033142705 0.0023355302117779903 0.00088409579336810428 -0.0010806915215764987 -0.009340226959039891 -0.0025893382141334801 -0.00096726504019926062 0.0022006810109832459 -0.0073995393151506219 -0.0081004054403420386 0.00089805994015816366 -8.4967955566175478e-05 -0.0023614113517606912 0.00065892514173614342 0.00053567879296617887 -8.1805058971441005e-05 6.6316230120959404e-05 -0.0082657175698517167 0.00084281744536339692 -0.00086828155146010722 0.00097991363900743942 -4.8907007999831332e-05 -0.0060676960561951892 -0.00061038608881977823 -0.0018613873434940324 0.002655218170610131 0.00029751719045687972 0.00030826690778961254 0.001890183891849353 0.00076248922805152968 -0.0064418669366325459 0.00016802839839350208 -0.0020999759276033683 -0.0028174094005093868 0.00022452410658625575 1.9878683997473046e-05 -0.006702286845884713 -0.0010737756263072308 -0.006548914419605676 -0.0025206161507813542 0.00023446050165051467
leaf_weight=164 70 1837 55 699 45 398 88 3771 60 80 44 45 159 41 7004 44 88 1321 242 107 50 43 137 74 42 41 78 47 996 59 60 386 1876 56 494 204 227 946 42 1133 40 166 62 53 88 73 112 153 162 104 209 43 150 73 68 56 121 52 69 48 53 7460
leaf_count=164 70 1837 55 699 45 398 88 3771 60 80 44 45 159 41 7004 44 88 1321 242 107 50 43 137 74 42 41 78 47 996 59 60 386 1876 56 494 204 227 946 42 1133 40 166 62 53 88 73 112 153 162 104 209 43 150 73 68 56 121 52 69 48 53 7460
internal_value=0.000396411 0.0014244 -0.00184091 0.000327549 0.000970065 -0.000988836 -0.00419214 0.00128822 -0.0014094 0.000218706 -0.000126744 -7.60553e-05 -0.00320819 -0.000746268 2.18739e-05 -0.00105701 -0.000751582 -0.000450774 -0.00245473 -0.00542857 -0.00952899 -0.00414773 0.000422361 0.000309107 -0.00770115 -0.00353093 -0.00629167 -0.00849462 0.00180367 -0.000856031 0.00118687 0.000311189 0.000358444 -9.8838e-05 -0.000688416 -0.00104688 -0.00130649 -0.0011525 0.000141557 0.000709889 -0.000220247 9.17067e-05 -0.00185586 -0.00336761 -0.00230655 -0.00569853 1.85338e-10 -0.00195721 -0.00235028 -0.00285322 -0.00173333 -0.003125 -0.00418945 -0.00606354 -0.00931548 -0.00504 -0.00323077 -0.0049 -0.00897541 -0.00337386 -0.0019573 0.000639778
internal_weight=32768 2056 219 30712 4432 616 218 3816 148 26280 9743 9663 292 200 9371 1981 1895 1807 486 244 137 87 16537 15285 86 193 119 92 1252 256 197 7390 15092 5756 3330 2836 2632 2576 988 2426 1293 1253 554 388 335 135 200 1588 1435 1273 824 615 511 361 167 124 194 449 121 328 280 9336
internal_count=32768 2056 219 30712 4432 616 218 3816 148 26280 9743 9663 292 200 9371 1981 1895 1807 486 244 137 87 16537 15285 86 193 119 92 1252 256 197 7390 15092 5756 3330 2836 2632 2576 988 2426 1293 1253 554 388 335 135 200 1588 1435 1273 824 615 511 361 167 124 194 449 121 328 280 9336
cat_boundaries=0 1 2 3 4 5 6
cat_threshold=56 8 1542 328 1095 5253
is_linear=0
shrinkage=0.05


Tree=145
num_leaves=63
num_cat=6
split_feature=0 39 33 25 7 42 8 7 30 18 9 19 1 42 31 0 19 41 41 39 7 31 8 30 3 41 26 4 33 25 41 27 19 9 2 23 17 30 2 3 25 0 31 18 25 31 18 30 23 33 23 17 30 27 33 31 4 11 1 33 7 7
split_gain=0.758643 0.836302 0.923265 0.81661 1.02785 0.979866 1.25724 1.6373 1.78639 1.57042 0.977201 0.972007 1.28272 0.882748 1.00552 0.875387 1.52519 1.14685 0.950636 2.06195 1.99449 1.41461 1.57793 1.5434 1.53716 1.34978 1.23621 0.963753 0.869823 1.31911 1.30534 0.867882 0.9914 0.973809 0.864455 1.1221 1.36248 0.850237 0.839307 0.814399 1.10604 0.926896 1.17322 0.80571 0.783284 0.965966 1.46694 1.48241 1.3679 1.3332 1.53572 1.25825 1.05803 0.97821 0.864255 1.52775 1.47859 1.62201 1.22367 1.43516 1.15747 1.11705
threshold=-0.55004633691927152 0 38.092857142857149 1 9.2847827722529939 0.98130677847658998 0.20608715484290954 7.699476493787575 0.15000000000000005 -1.4584805407778101 0.21924520644667039 -0.030926899642160735 0.017822423001602864 0.9842509920634922 14.35 0.70541757802971594 -0.092207197813093777 6.2100111234705242 4.9818121693121702 2 7.9103460060708661 205.60000000000005 0.027709138822932237 35.850000000000009 -0.010323501915781462 2.5086232530478743 11.500000000000002 0.12866294854351382 29.807142857142864 3 3.1053588516746413 40.500000000000007 0.05877798190701549 0.27409486937297683 0.10536051565782635 -0.1335313926245226 -0.22349031018359786 87.800000000000011 0.35157165057755352 -0.44628687762864988 4 -0.22884157242884703 70.950000000000017 0.63576709988222402 5 0.55000000000000016 -0.0094247414211086952 1.0000000180025095e-35 -0.65795635758647386 32.378571428571441 -0.315352725374135 -0.3575491104218409 0.25000000000000006 47.500000000000007 30.264285714285723 19.900000000000006 0.095310179804324338 74.500000000000014 -0.041964184421938271 26.964285714285719 7.333583174047841 7.3952309186412526
decision_type=2 1 2 1 2 2 8 2 2 10 10 2 2 2 2 2 2 2 2 1 2 2 10 2 2 2 2 2 2 1 2 2 2 10 2 8 2 2 2 2 1 2 2 10 1 2 8 2 10 2 10 2 2 2 2 2 2 2 2 2 2 2
left_child=-1 2 44 4 28 15 7 13 11 -10 -11 -9 -13 -7 -15 18 -17 -18 19 20 25 22 -21 24 -23 -5 -27 -28 29 30 -3 -8 33 43 35 -32 -37 -16 -24 40 -20 -42 -43 -33 -2 46 49 -48 -49 53 -51 -52 -47 -46 55 56 57 61 -57 -60 -59 -54
right_child=1 3 -4 5 -6 6 31 8 9 10 -12 12 -14 14 37 16 17 -19 39 21 -22 23 38 -25 -26 26 27 -29 -30 -31 34 32 -34 -35 -36 36 -38 -39 -40 -41 41 42 -44 -45 45 52 47 48 -50 50 51 -53 54 -55 -56 58 -58 60 59 -61 -62 -63
leaf_value=0.0032606597556841688 0.00016401698918561711 -0.011090365738332433 0.00050645771898708784 0.00043745915892715146 -0.0075719572724838625 -0.0086742381052205154 0.001313502498609906 -0.0033153598661232078 -0.004911697804433345 0.00013370663299802957 -0.0041114036429891589 -0.00038110808744885698 -0.0022179114138591539 -0.00018111265339225408 0.0010274297669335796 0.0024038962839767627 -0.0083288642586880537 -0.016495971525345425 0.0046965742284927657 -0.001868064864337088 -0.007078341311806075 -0.0084524870754393525 0.00058285635216844553 0.0019171555351093967 -0.0011010734151492595 -0.0086649606890584607 0.00016555678977547839 -0.002578609189205508 0.00070945592941850733 0.00028103164053249879 -0.0031651204003697469 0.00023551436379656371 0.0010154771681148056 -0.011724096503607166 0.0013893978216709978 -0.0038601024234455623 7.4831677637652102e-05 -0.00092559410404765793 -0.0029658242572510349 0.00028269957694803625 -0.0028767211158276318 -0.0081273579951392505 0.00073949306848231696 -0.0044718618537629594 5.3821693344151486e-05 0.00025234553432129734 0.00017204328821872607 -0.0040736992123431206 5.7325242532630092e-05 -0.0017551822840044832 -0.0036199050813949933 -0.0068979447476632261 0.00015335407151308546 -0.0029610342510291085 6.4087958660770963e-05 0.00047075620459457486 3.2903522429330414e-05 -0.0011589181563993786 0.00015533312248139857 -0.00085897427572617267 -0.0068376694938343547 -0.0024844202284475961
leaf_weight=689 3004 58 1154 131 76 40 437 62 42 369 45 134 69 804 464 46 40 44 116 46 57 46 1179 111 62 42 60 41 3185 5830 49 130 85 46 163 57 273 47 92 4850 50 45 80 42 186 1990 556 56 66 87 40 52 63 51 1799 1043 204 45 562 1322 49 199
leaf_count=689 3004 58 1154 131 76 40 437 62 42 369 45 134 69 804 464 46 40 44 116 46 57 46 1179 111 62 42 60 41 3185 5830 49 130 85 46 163 57 273 47 92 4850 50 45 80 42 186 1990 556 56 66 87 40 52 63 51 1799 1043 204 45 562 1322 49 199
internal_value=0.000453702 0.000418506 9.88916e-05 0.000621948 0.000948774 0.000303061 -0.000486333 -0.001117 -0.00304017 -0.00113786 -0.000192771 -0.00629699 -0.00458333 -9.21827e-05 0.000132979 0.000614932 -0.00343511 -0.00741176 0.000690541 -0.000275696 -0.00378655 0.000504202 0.00112671 -0.00320455 -0.00743119 -0.00210909 -0.00545139 -0.00240196 0.000995736 0.000660862 -0.00155483 0.00128205 -0.000773026 -0.00255708 -0.000810313 -0.00211842 -0.0010574 0.00186523 0.00145833 0.00104142 -0.00152397 -0.00389785 -0.00178571 -0.000809248 -3.7802e-05 -0.000286362 -0.00167123 -0.00023564 -0.00520325 -0.0040048 -0.00725 -0.0117204 -7.83288e-05 -0.00153361 -0.000448269 -0.000907397 -0.00329768 -0.00523809 -0.000449112 -0.00120955 -0.0108421 -0.00319392
internal_weight=32862 32173 12528 19645 9691 9954 2816 2076 721 456 414 265 203 1355 1315 7138 130 84 7008 1867 331 1536 1317 219 108 274 143 101 9615 6430 600 740 303 218 542 379 330 511 1271 5141 291 175 125 172 11374 8370 1094 678 122 416 179 92 7276 237 5286 3487 560 356 2927 1884 94 262
internal_count=32862 32173 12528 19645 9691 9954 2816 2076 721 456 414 265 203 1355 1315 7138 130 84 7008 1867 331 1536 1317 219 108 274 143 101 9615 6430 600 740 303 218 542 379 330 511 1271 5141 291 175 125 172 11374 8370 1094 678 122 416 179 92 7276 237 5286 3487 560 356 2927 1884 94 262
cat_boundaries=0 1 2 3 4 5 6
cat_threshold=773 3425 1040 32 28 644
is_linear=0
shrinkage=0.05


Tree=146
num_leaves=63
num_cat=3
split_feature=2 27 39 44 18 8 6 23 7 4 14 18 31 10 13 39 15 27 13 10 1 18 26 31 31 23 30 4 15 3 9 9 9 10 13 30 5 13 1 15 30 5 18 21 10 3 13 31 30 23 17 23 18 27 22 6 18 37 39 31 37 7
split_gain=1.01105 0.824222 1.24684 1.27489 1.77505 1.14014 1.48461 1.4331 1.71542 1.23122 1.11886 1.0664 0.998318 0.962032 0.950789 0.768457 0.787145 1.37835 1.16224 0.715085 1.54082 0.704236 0.700453 0.821736 1.12573 1.52122 1.39579 1.30121 1.24738 1.08507 1.06557 1.28955 1.07675 0.965394 0.929905 1.23608 0.848524 0.811452 0.682695 0.80237 2.27707 0.871375 0.907749 0.672594 0.6715 0.667323 0.769524 1.50127 1.14753 0.665925 0.664582 0.973763 1.03681 1.18021 1.39484 1.0332 1.19783 0.795 0.77922 1.46413 3.33264 1.01742
threshold=-0.375547673262774 57.500000000000007 0 0.23611111111111113 1.3241820223672323 0.038093836530767151 7.571184353305493 0.11778303565638341 8.4087546104932169 -0.17435288714452743 1.2042500757999892 -0.20107182297941475 1.3500000000000003 0.0049406129112941075 0.49992061751018746 1 0.39204208777602406 35.500000000000007 0.81081190650405721 0.26691557663528004 0.11466244103063829 0.42876378334726073 36.500000000000007 265.90000000000003 78.350000000000023 0.60671084676193432 3.9500000000000006 0.10188296135499898 -0.8864838767881057 -0.12062651051473815 0.3366204733699229 0.23858011993836648 0.27409486937297683 0.053955811208172839 0.73333410852713188 1.4500000000000004 6.7186725854648151 0.81578708449382209 -0.018520899777901608 0.19718182101522122 30.450000000000006 7.1267060748372701 0.20843550176961548 1050.0950000000003 0.036427496036560932 -0.036249031330341179 0.52380788143590973 160.75000000000003 15.150000000000004 0.24116205681688843 0.92452700127669296 -0.47401326094144286 0.95857730450414891 14.500000000000002 0.13158442823436525 7.4520072160482371 1.7787094923741551 18.500000000000004 2 6.2500000000000009 25.500000000000004 6.7431416239996773
decision_type=2 2 1 2 8 8 2 8 2 2 2 10 2 2 2 1 2 2 2 2 2 10 2 2 2 10 2 2 2 2 10 10 10 2 2 2 2 2 2 2 2 2 10 8 2 2 2 2 2 8 2 10 10 2 10 2 10 8 1 2 8 2
left_child=15 50 3 5 11 6 14 8 10 -10 12 -5 -7 -11 -3 16 -1 21 -19 -9 -21 -18 23 24 26 27 34 44 -29 -27 31 -30 -33 -31 36 37 -4 -36 -14 41 -41 -40 -43 -24 45 46 47 -26 -48 -20 57 -52 -53 54 55 -54 -57 -2 -59 60 -60 -62
right_child=1 2 22 4 -6 7 -8 19 9 13 -12 -13 38 -15 -16 -17 17 18 49 20 -22 -23 43 -25 25 29 -28 28 30 33 -32 32 -34 -35 35 -37 -38 -39 39 40 -42 42 -44 -45 -46 -47 48 -49 -50 -51 51 52 53 -55 -56 56 -58 58 59 -61 61 -63
leaf_value=0.0004973569663122724 0.00060780757353539445 -0.00023498845820409074 -0.0014805688995291142 -0.0050866413864389861 -0.0054968299403120816 -0.0018953242073465487 5.2642559523351467e-05 0.00017891851320173756 -0.0042716152695246512 0.0012057946593509886 -0.0031202695129310433 0.0012389409271515092 0.0010749543127664344 -0.0029205773886360042 -0.00085679933246493123 0.0021196322894251923 -0.0014676776588548079 -0.0054656519971583092 0.0026902711635040499 -0.0032720480869245167 0.00085768331836186685 0.0027557596725401785 -0.0030441976709296692 0.00048412861736273224 -0.0053380574633433717 -0.0065812935819766216 0.0029070644501089588 -0.0089851720386255052 -0.00022852266681600686 0.00048560980666446625 0.0021187273993233196 -0.0082073574772802659 -0.0032758849275228313 -0.0060509853191849901 -0.0033897644088628181 -0.010232126300895176 0.00035956586215382615 0.0001967937443002671 0.0020747453086363541 1.4009632227789587e-05 -0.0093572879231766989 -0.00059268139880147954 0.00065579931775136156 0.00064400993056197987 -0.0004596048299706758 0.0017488647212368651 -0.0014844915100845687 0.0028173843211328773 0.0010651588638521373 -0.0025035112584062126 0.00036978808671472065 0.00017334587331841779 0.00077243442454730802 -0.00022997691891663902 -0.0082669005020131938 -0.0036978982534671373 -0.0010430360823980218 0.00035258621149690669 -0.0027609413388821175 0.0002014600795143457 0.00046065338691455497 -6.8958226893519651e-05
leaf_weight=986 509 40 73 42 41 53 75 1346 45 46 43 59 306 62 43 786 58 58 47 40 76 110 71 260 57 41 312 40 342 47 63 42 60 44 77 64 556 333 71 98 45 158 78 1408 184 184 47 59 262 47 608 322 56 290 44 40 40 6591 67 8436 774 5417
leaf_count=986 509 40 73 42 41 53 75 1346 45 46 43 59 306 62 43 786 58 58 47 40 76 110 71 260 57 41 312 40 342 47 63 42 60 44 77 64 556 333 71 98 45 158 78 1408 184 184 47 59 262 47 608 322 56 290 44 40 40 6591 67 8436 774 5417
internal_value=0.000446604 0.00037384 -8.58803e-05 -0.000923326 -0.00552448 -0.000675933 -0.00477987 -0.000411264 -0.00186382 -0.00672078 -0.000984759 -0.00191176 -0.000561728 -0.00376147 -0.00934524 0.00150979 0.000744116 -0.00140187 -0.0048366 0.000587833 -0.00316239 0.00171598 0.000416218 -4.76474e-06 -0.000247576 -0.00121521 0.000759181 -0.000708426 -0.00258212 -0.00631579 -0.00189961 -0.00276404 -0.0076699 -0.00320652 -7.69926e-05 -0.00174737 0.00118254 -0.000729927 -9.24701e-05 -0.00133038 -0.00440972 0.000113637 -0.00135021 0.00131419 0.000585642 0.00138525 0.000293427 -0.00316239 0.00159677 -0.00136842 0.000520371 -0.000535332 -0.00168979 -0.00318471 -0.00635359 -0.00379562 -0.00740741 0.000588208 0.000541436 0.00033798 -0.000241252 -0.000120316
internal_weight=32679 30587 7393 2767 142 2625 158 2467 1005 153 852 101 809 108 83 2092 1306 320 152 1462 116 168 4626 3147 2887 1472 1415 1340 547 132 507 444 102 91 1103 474 629 410 756 450 143 307 236 1479 793 609 425 116 309 94 23194 1400 792 470 180 136 80 21794 21285 14694 6258 6191
internal_count=32679 30587 7393 2767 142 2625 158 2467 1005 153 852 101 809 108 83 2092 1306 320 152 1462 116 168 4626 3147 2887 1472 1415 1340 547 132 507 444 102 91 1103 474 629 410 756 450 143 307 236 1479 793 609 425 116 309 94 23194 1400 792 470 180 136 80 21794 21285 14694 6258 6191
cat_boundaries=0 1 2 3
cat_threshold=526 3458 760
is_linear=0
shrinkage=0.05


Tree=147
num_leaves=63
num_cat=7
split_feature=44 2 0 3 33 39 25 39 5 11 1 21 10 2 41 30 31 33 30 33 11 18 1 2 33 12 9 16 23 6 25 39 31 18 25 22 2 44 15 23 11 1 9 41 41 15 16 5 30 11 16 41 25 3 21 23 14 10 21 33 31 27
split_gain=0.812035 0.651775 0.623964 0.603847 0.834786 0.573705 1.44736 1.08225 1.70606 1.63937 1.41627 1.29175 1.21027 1.19713 1.44998 1.73859 1.15226 1.26964 1.23411 1.13546 1.48685 2.44648 1.58572 1.12268 1.03944 1.03407 1.03195 1.35429 1.01656 1.11255 1.48985 1.72856 1.76158 1.56096 1.51351 1.69031 1.24993 1.23299 1.73328 1.28597 1.28367 1.1593 1.17473 1.1436 1.12518 1.3178 1.10371 1.4154 1.08386 1.12439 0.972886 1.19345 1.00768 1.15475 1.52902 0.958633 0.946867 0.923688 0.899618 0.899899 1.80428 2.3687
threshold=0.43650793650793657 -0.63174707572922484 0.098800584744093381 -0.56786497581230566 29.864285714285721 0 1 2 7.9059329438100425 6.5000000000000009 -0.43070329191838658 3252.5000000000005 0.083211960102887353 0.21387020864661424 4.6239754098360661 57.250000000000014 227.20000000000007 26.87857142857143 32.250000000000007 29.864285714285721 71.500000000000014 -0.021497401298630165 -0.11181410057951478 -0.090016026463220808 29.007142857142863 75.500000000000014 0.1800547677889594 -0.60948863896768557 0.057331454160069802 7.1831037548411301 3 4 107.10000000000001 -0.91358972621455392 5 0.24855575038826117 0.63758562421369069 0.29285714285714287 -0.41951567903580184 0.33691836935079117 4.5000000000000009 0.026669313938506359 0.11181358192033143 7.7036666666666678 3.032492668621702 0.02902583490858213 -1.0972803630876358 7.6601936588677964 136.90000000000003 43.500000000000007 0.18975653528147299 1.8071451355661885 6 0.064538521137571983 2197.5000000000005 0.10295693366520321 -0.78292737823625902 -0.43752922320163806 1930.6450000000002 32.93571428571429 73.65000000000002 20.500000000000004
decision_type=2 2 2 2 2 1 1 1 2 2 2 10 2 2 2 2 2 2 2 2 2 8 2 2 2 2 10 2 8 2 1 1 2 10 1 8 2 2 2 8 2 2 10 2 2 2 2 2 2 2 2 2 1 2 10 10 2 2 10 2 2 2
left_child=1 3 -2 -1 -5 6 7 12 19 -10 -11 16 -3 14 15 24 -12 -18 -19 -9 21 22 -21 -14 -13 -23 27 -16 50 -30 31 32 34 -32 35 -31 46 39 -39 40 -33 55 -43 -44 -40 -46 47 -35 49 56 -7 -52 53 -53 -55 -42 -48 -41 59 60 61 -58
right_child=2 5 -4 4 -6 28 -8 8 9 10 11 13 23 -15 26 -17 17 18 -20 20 -22 25 -24 -25 -26 -27 -28 -29 29 30 33 37 -34 36 -36 -37 -38 38 44 57 41 42 43 -45 45 -47 48 -49 -50 -51 51 52 -54 54 -56 -57 58 -59 -60 -61 -62 -63
leaf_value=0.0027945976974608094 0.00091905057749064225 0.00088458294384512767 -0.00013502967148618176 -0.0021847733821223204 0.00098417376692326521 0.00026053329232153402 0.0004099846683044849 0.00071991547118091916 0.00092693682206946562 -0.0068391700186378277 0.00023523224063116803 0.0020777643175803706 -0.020966075388157247 -0.0052782959213289061 -0.0034542402992266182 -0.0088771341003747294 6.2887680193325502e-05 -0.0064889249121942915 -0.00087661010190612796 -0.0077964580350878762 0.00022458956766796147 0.00046963872154896503 -0.0063128571339387948 -3.2465070432656962e-05 -0.004727783070372347 -0.0043622339032035563 0.00076565192939396197 -0.0005021213898259955 0.00013043957921187566 -0.0039934782731160341 0.00042995329848346457 0.001225236603827751 -0.0066548163586750524 0.00013570156439909621 -0.00029596249684008972 -0.0020845709143115215 -0.0048925450014952855 0.00026562196624937626 -0.0010332786880129048 -0.0066405272390963029 -0.002095236613133536 -0.0054027531401982538 -0.0029001467623357481 0.00021658265737415608 -0.0039410245699386271 -0.00032941931880633849 -0.0016902328074103528 -0.0086778969103369543 -0.0033667114119756789 0.00033593712238680584 -0.0027978713790079309 -6.9277802863856802e-06 0.00015942356136567186 -0.00038153149618990107 -0.0050972099035724557 -9.2969332890891241e-05 -0.0023501180150832949 0.0001306721803613698 0.00029650619540663113 0.00040462034215541068 -9.4854223968790518e-05 -0.0011036551913313466
leaf_weight=316 466 1155 72 95 147 5668 7226 1179 299 48 569 49 44 68 62 47 151 72 86 41 305 151 59 473 48 46 113 380 4083 61 729 46 52 40 208 89 54 56 56 54 40 40 46 49 40 66 88 48 53 1405 56 367 1565 129 73 178 84 1278 692 289 919 237
leaf_count=316 466 1155 72 95 147 5668 7226 1179 299 48 569 49 44 68 62 47 151 72 86 41 305 151 59 473 48 46 113 380 4083 61 729 46 52 40 208 89 54 56 56 54 40 40 46 49 40 66 88 48 53 1405 56 367 1565 129 73 178 84 1278 692 289 919 237
internal_value=0.000468569 0.000436303 0.00239332 0.0021288 0.000246914 0.000406359 0.000666693 5.04034e-05 -0.000418869 -0.00142499 -0.00202774 -0.00177704 0.00110517 -0.00327474 -0.00265 -0.00710345 -0.000466439 -0.00291935 -0.00603774 0.000704265 -0.00106136 -0.00357383 -0.00990099 -0.000897683 -0.00321429 -0.000328283 -0.00148381 -0.00257336 0.000231675 -7.67077e-05 -0.000459417 -0.0014789 -0.0043943 6.23792e-05 -0.0032312 -0.0068323 -0.000333759 -0.000844388 -0.00438356 -0.00040127 -0.0028875 -0.00391243 -0.00753676 -0.00442708 -0.00699386 -0.01 -0.000226919 -0.00573034 -9.68682e-05 5.38377e-06 0.000666752 -0.000228206 -3.74705e-05 -0.00181897 -0.00487685 -0.00164384 -0.00067316 0.000345086 -0.000470297 -0.00114706 -0.00173247 -0.00495342
internal_weight=32705 32167 538 558 242 31609 12671 5445 3773 1992 1693 1645 1672 767 699 144 878 309 158 1781 602 297 100 517 97 197 555 442 18938 11080 6997 2359 410 4638 358 150 3909 1949 218 1731 399 353 135 95 162 106 3855 88 3767 3714 7858 2190 2134 569 202 218 2309 1332 2221 1529 1240 321
internal_count=32705 32167 538 558 242 31609 12671 5445 3773 1992 1693 1645 1672 767 699 144 878 309 158 1781 602 297 100 517 97 197 555 442 18938 11080 6997 2359 410 4638 358 150 3909 1949 218 1731 399 353 135 95 162 106 3855 88 3767 3714 7858 2190 2134 569 202 218 2309 1332 2221 1529 1240 321
cat_boundaries=0 1 2 3 4 5 6 7
cat_threshold=4856 968 104 2083 2304 2050 1041
is_linear=0
shrinkage=0.05


end of trees

feature_importances:
month=423
commodity_id=419
roll_mean_30=358
mandi_liquidity=358
price_vs_nbr=346
roll_std_30=327
rain_30d_sum=327
lag_7=300
tmax_7d_mean=291
rain_7d_sum=288
roll_std_7=283
days_to_festival=274
days_since_min_90=273
price_arrival_elasticity=273
lag_3=264
lag_30=263
lag_1=257
lag_14=253
spread_pct=251
days_since_max_90=243
price_vs_ma30=234
nbr_price_mean_k4=232
arr_zscore_seasonal=230
week_of_year=217
mandi_data_quality=216
nbr_arr_change=215
roll_mean_14=214
arr_momentum=206
arr_vs_ma30=202
arr_lag_3=184
roll_mean_7=182
arr_lag_7=145
arr_lag_1=140
mandi_id=86
shock_active_bearish=78
imputed_share_14d=65
days_since_shock=54
dow=53
shock_active_bullish=51
harvest_season_flag=47
perishability_class=40
festival_demand_effect=11
unseasonal_rain_flag=2
days_since_observation=1

parameters:
[boosting: gbdt]
[objective: quantile]
[metric: quantile]
[tree_learner: serial]
[device_type: cpu]
[data_sample_strategy: bagging]
[data: ]
[valid: ]
[num_iterations: 800]
[learning_rate: 0.05]
[num_leaves: 63]
[num_threads: 0]
[seed: 42]
[deterministic: 1]
[force_col_wise: 0]
[force_row_wise: 0]
[histogram_pool_size: -1]
[max_depth: -1]
[min_data_in_leaf: 40]
[min_sum_hessian_in_leaf: 0.001]
[bagging_fraction: 0.8]
[pos_bagging_fraction: 1]
[neg_bagging_fraction: 1]
[bagging_freq: 1]
[bagging_seed: 400]
[bagging_by_query: 0]
[feature_fraction: 0.8]
[feature_fraction_bynode: 1]
[feature_fraction_seed: 30056]
[extra_trees: 0]
[extra_seed: 12879]
[early_stopping_round: 0]
[early_stopping_min_delta: 0]
[first_metric_only: 0]
[max_delta_step: 0]
[lambda_l1: 0]
[lambda_l2: 1]
[linear_lambda: 0]
[min_gain_to_split: 0]
[drop_rate: 0.1]
[max_drop: 50]
[skip_drop: 0.5]
[xgboost_dart_mode: 0]
[uniform_drop: 0]
[drop_seed: 17869]
[top_rate: 0.2]
[other_rate: 0.1]
[min_data_per_group: 100]
[max_cat_threshold: 32]
[cat_l2: 10]
[cat_smooth: 10]
[max_cat_to_onehot: 4]
[top_k: 20]
[monotone_constraints: ]
[monotone_constraints_method: basic]
[monotone_penalty: 0]
[feature_contri: ]
[forcedsplits_filename: ]
[refit_decay_rate: 0.9]
[cegb_tradeoff: 1]
[cegb_penalty_split: 0]
[cegb_penalty_feature_lazy: ]
[cegb_penalty_feature_coupled: ]
[path_smooth: 0]
[interaction_constraints: ]
[verbosity: -1]
[saved_feature_importance_type: 0]
[use_quantized_grad: 0]
[num_grad_quant_bins: 4]
[quant_train_renew_leaf: 0]
[stochastic_rounding: 1]
[linear_tree: 0]
[max_bin: 255]
[max_bin_by_feature: ]
[min_data_in_bin: 3]
[bin_construct_sample_cnt: 200000]
[data_random_seed: 175]
[is_enable_sparse: 1]
[enable_bundle: 1]
[use_missing: 1]
[zero_as_missing: 0]
[feature_pre_filter: 1]
[pre_partition: 0]
[two_round: 0]
[header: 0]
[label_column: ]
[weight_column: ]
[group_column: ]
[ignore_column: ]
[categorical_feature: 24,25,38,39]
[forcedbins_filename: ]
[precise_float_parser: 0]
[parser_config_file: ]
[objective_seed: 16083]
[num_class: 1]
[is_unbalance: 0]
[scale_pos_weight: 1]
[sigmoid: 1]
[boost_from_average: 1]
[reg_sqrt: 0]
[alpha: 0.1]
[fair_c: 1]
[poisson_max_delta_step: 0.7]
[tweedie_variance_power: 1.5]
[lambdarank_truncation_level: 30]
[lambdarank_norm: 1]
[label_gain: ]
[lambdarank_position_bias_regularization: 0]
[eval_at: ]
[multi_error_top_k: 1]
[auc_mu_weights: ]
[num_machines: 1]
[local_listen_port: 12400]
[time_out: 120]
[machine_list_filename: ]
[machines: ]
[gpu_platform_id: -1]
[gpu_device_id: -1]
[gpu_device_id_list: ]
[gpu_use_dp: 0]
[num_gpu: 1]

end of parameters

pandas_categorical:[[0, 1, 2, 3, 4], [1, 2, 3, 4, 5, 6, 7, 8, 9, 10, 11, 12], [3, 6, 11, 14], [1, 2, 3, 4, 6, 7, 8, 9, 10, 11, 12, 13, 14]]
