tree
version=v4
num_class=1
num_tree_per_iteration=1
label_index=0
max_feature_idx=44
objective=quantile
feature_names=lag_1 lag_3 lag_7 lag_14 lag_30 roll_mean_7 roll_mean_14 roll_mean_30 roll_std_7 roll_std_30 price_vs_ma30 days_since_max_90 days_since_min_90 spread_pct arr_lag_1 arr_lag_3 arr_lag_7 arr_vs_ma30 arr_zscore_seasonal arr_momentum price_arrival_elasticity nbr_price_mean_k4 price_vs_nbr nbr_arr_change dow month week_of_year days_to_festival festival_demand_effect harvest_season_flag rain_7d_sum rain_30d_sum rain_forecast_7d tmax_7d_mean unseasonal_rain_flag shock_active_bearish shock_active_bullish days_since_shock mandi_id commodity_id perishability_class mandi_liquidity mandi_data_quality days_since_observation imputed_share_14d
feature_infos=[-2.8134107167600364:2.9957322735539913] [-2.5902671654458267:2.7080502011022105] [-2.8622008809294686:2.9957322735539913] [-3.1498829533812494:3.218875824868201] [-3.0910424533583156:3.218875824868201] [4.052246075469971:10.46310334047155] [4.1328936620566648:10.46310334047155] [4.4870250709645587:10.46310334047155] [0:2.6669669761961048] [0:1.4536170984055254] [-2.2878113378681944:2.3026109694785584] [0:89] [0:89] [0:16.37142857142857] [-8.6236171414272604:8.4657104053920698] [-8.7582395272519964:8.4980103719994649] [-8.6251682860815357:8.6259354824204717] [-7.5348100162628535:5.8247001161970875] [-7.4661934379622323:6.2980306798943877] [-1.7500262753021854:1.4186296650765369] [-0.6145602448000721:0.74229486839195358] [160:35000] [-4.6051701859880909:2.7785497473069753] [-7.7345588443547566:8.128880142125638] -1:3:4:2:1:0 -1:5:4:3:6:2:9:10:7:8:0:1:11 [1:52] [0:60] [0:1] [0:1] [0:430.90000000000003] [0:681.69999999999993] none [23.014285714285712:42.828571428571429] [0:1] [0:3.2752563032437774] [0:3.8204239710373695] [0:127] -1:1:2:3:0 -1:10:11:12:8:2:9:1:0:3:7:4:5:6 [1:5] [0.82222222222222208:20605.443333333336] [0.33333333333333337:1] [0:2] [0:0.69999999999999996]
tree_sizes=5418 5648 5667 5710 5682 5661 5697 5668 5753 5689 5695 5729 5746 5715 5719 5690 5691 5768 5757 5760 5796 5773 5757 5717 5717 5768 5748 5732 5705 5797 5762 5776 5778 5723 5699 5695 5759 5772 5720 5718 5744 5791 5794 5814 5761 5843 5813 5810 5699 5786 5787 5736 5787 5748 5784 5768 5773 5773 5730 5726 5779 5778 5753 5726 5794 5822 5766 5829 5750 5766 5688 5859 5732 5704 5821 5739 5736 5722 5768 5727 5814 5835 5692 5723 5741 5739 5790 5753 5756 5787 5829 5797 5790 5806 5753 5834 5778 5794 5777 5786 5771 5715 5826 5855 5781 5825 5803 5785 5821 5791 5832 5732 5835 5807 5798 5861 5826 5776 5759 5757 5851 5795 5816 5793 5830 5785 5803 5817 5846 5767 5776 5796 5837 5856 5792 5833 5784 5827 5823 5825 5794 5813 5807 5784 5841 5820 5821 5785 5816 5800 5882 5845 5813 5805 5859 5772 5839 5914 5785

Tree=0
num_leaves=63
num_cat=4
split_feature=1 39 2 3 25 0 0 2 31 0 5 7 2 5 3 0 15 42 6 6 21 39 5 26 27 26 1 26 33 12 9 0 31 31 2 11 14 30 30 9 23 26 7 39 3 13 9 5 4 0 2 42 3 3 8 12 33 33 1 15 12 3
split_gain=189.315 40.9086 31.2113 19.754 19.6108 14.1432 12.1648 10.7695 9.10746 8.04385 7.74958 7.44122 6.87626 5.90354 5.76648 5.6618 4.53227 4.52184 4.50294 3.83439 3.52169 3.45922 3.35336 3.26747 5.63571 5.67929 3.12302 4.04515 3.3122 3.16997 3.02307 2.8448 2.74847 3.09477 2.76921 3.18225 2.73805 2.61438 2.54364 2.53825 2.47705 2.44243 2.40512 2.57586 2.76237 2.39934 2.37287 2.33274 2.28737 2.27932 2.27718 3.4828 2.25755 2.25474 2.15322 2.08624 2.08154 2.09106 2.0694 2.0649 2.05987 2.00113
threshold=-0.27193309048403197 0 -0.56029585150048511 -0.39039736377956608 1 -0.30318656667995952 -0.35667494393873284 -0.1814438689772446 8.5500000000000025 -0.55004633691927152 7.0831598128973443 6.2600897239941053 -0.31542860566350978 7.1484796120495551 -0.16705408466316693 -0.15879742646209258 0.69314718055994529 0.9533066860465117 6.6628664858834528 7.3638590162562032 500.62500000000006 2 6.6083176282128608 16.500000000000004 24.500000000000004 23.500000000000004 0.035094829663703038 36.500000000000007 34.892857142857146 9.5000000000000018 0.28545398146675954 0.013842355170278433 56.150000000000013 24.050000000000004 -0.33647180804981497 52.500000000000007 0.22164695543417604 0.95000000000000007 22.050000000000004 0.37662030067147806 -0.40618698097770162 35.500000000000007 8.1353796056180272 3 -0.51082562376598994 0.73333410852713188 0.21459532589739591 6.8928689706494888 -0.82987108255126951 -0.59051534872101852 -0.077848149023914001 0.93700396825396837 -0.49254890260831979 0.24116225162239904 0.25333500564983485 75.500000000000014 28.550000000000008 27.792857142857148 -0.15702574921367549 -0.40546510810816444 48.500000000000007 -0.16086540534255042
decision_type=2 1 2 2 1 2 2 2 2 2 2 2 2 2 2 2 2 2 2 2 8 1 2 2 2 2 2 2 2 2 10 2 2 2 2 2 2 2 2 10 8 2 2 1 2 2 10 2 2 2 2 2 2 2 10 2 2 2 2 2 2 2
left_child=2 4 9 17 8 14 59 21 22 52 20 -8 18 50 36 -9 46 42 -13 23 -10 32 -2 -14 25 53 29 28 -28 -22 -20 39 33 34 35 -5 56 -16 -15 -12 -27 -19 43 -3 -45 -17 -11 -29 -48 -39 51 -7 -1 -25 -53 -32 57 -4 -26 -6 -31 -42
right_child=1 3 5 7 6 13 11 15 10 16 31 12 19 38 37 45 -18 41 30 -21 26 -23 -24 24 58 40 27 47 -30 60 55 -33 -34 -35 -36 -37 -38 49 -40 -41 61 -43 -44 44 -46 -47 48 -49 -50 -51 -52 54 -54 -55 -56 -57 -58 -59 -60 -61 -62 -63
leaf_value=0.3376354843758449 0.30262631563923603 0.29357123672962188 0.30127877146005633 0.30363058212156774 0.30451166104789956 0.30360469967112352 0.30373146280113589 0.2879912295074879 0.29010575482189188 0.30106070237739041 0.2949367797942708 0.30623988041754269 0.28629801406675026 0.29292989468722047 0.29815681814127259 0.28100551590323447 0.29224316535873029 0.28482042711309347 0.28787370158037806 0.28381003366709823 0.30001158126928756 0.28689298043427625 0.28589338885935833 0.29629397362172832 0.29464833316174238 0.30041365461743652 0.28640354772462151 0.31558368985189988 0.30637252894635408 0.308417007184147 0.30402454065293727 0.29224799186631856 0.28746929868397775 0.30127877146005633 0.29113172817140764 0.29268011746132067 0.30062617065111041 0.31853212347760473 0.29624567024449533 0.30331416089251489 0.2967853047269301 0.29238853309217561 0.29458394274645378 0.30761970538597155 0.30012667627385775 0.28313349634408952 0.33806873016889083 0.29680690510406826 0.31621502480974434 0.30028036007856967 0.29819671529792852 0.29556821546356532 0.31540227278737093 0.31004879574968525 0.3119830215082523 0.28853529758618918 0.30694472245854032 0.30700893357626347 0.28625952073163036 0.29950136010329798 0.30605582435574552 0.28831794292324275
leaf_weight=159 97 121 71 56 50 69 64 1154 67 58 434 64 1569 786 199 10734 42 166 290 2828 44 1242 577 40 86 44 88 55 44 78 118 561 266 40 241 40 150 50 378 73 82 77 223 59 90 6172 63 54 178 184 118 89 59 40 63 60 303 54 833 171 42 289
leaf_count=159 97 121 71 56 50 69 64 1154 67 58 434 64 1569 786 199 10734 42 166 290 2828 44 1242 577 40 86 44 88 55 44 78 118 561 266 40 241 40 150 50 378 73 82 77 223 59 90 6172 63 54 178 184 118 89 59 40 63 60 303 54 833 171 42 289
internal_value=0.287612 0.286383 0.299421 0.285166 0.289228 0.297038 0.287864 0.284868 0.293291 0.310102 0.295437 0.287466 0.287294 0.293955 0.30161 0.284493 0.305211 0.293204 0.292729 0.286795 0.300769 0.288464 0.288467 0.288046 0.289788 0.294083 0.302522 0.298818 0.29287 0.307864 0.291008 0.29307 0.291405 0.294203 0.292608 0.299744 0.304884 0.29721 0.292257 0.295782 0.291709 0.287621 0.295951 0.299121 0.303338 0.284262 0.307365 0.305909 0.309562 0.300788 0.299756 0.30275 0.317636 0.306201 0.298401 0.296118 0.306936 0.312484 0.28747 0.299371 0.312062 0.290357
internal_weight=32596 29523 3073 20681 8842 2514 6628 19945 2214 559 1540 6407 6343 1503 1011 18060 341 736 532 5811 472 1885 674 2983 1414 495 405 241 132 164 468 1068 643 377 337 96 578 433 1164 507 415 243 493 270 149 16906 299 109 241 234 339 221 218 80 152 178 428 125 919 221 120 371
internal_count=32596 29523 3073 20681 8842 2514 6628 19945 2214 559 1540 6407 6343 1503 1011 18060 341 736 532 5811 472 1885 674 2983 1414 495 405 241 132 164 468 1068 643 377 337 96 578 433 1164 507 415 243 493 270 149 16906 299 109 241 234 339 221 218 80 152 178 428 125 919 221 120 371
cat_boundaries=0 1 2 3 4
cat_threshold=3328 2320 137 179
is_linear=0
shrinkage=1


Tree=1
num_leaves=63
num_cat=7
split_feature=1 39 3 10 25 22 22 7 22 22 21 16 39 10 6 31 23 25 12 2 4 12 10 3 19 31 7 10 39 7 4 41 15 2 17 2 13 3 10 33 27 31 42 2 16 12 1 33 7 39 41 1 10 42 12 12 41 39 21 17 16 3
split_gain=152.901 42.6847 25.8022 18.7446 15.8081 10.3634 9.66352 10.6837 8.34617 8.33514 7.53358 7.26618 7.13005 6.35827 5.79349 6.71101 5.70866 5.48096 5.24271 5.12396 4.84988 4.11118 3.86225 3.84411 3.81083 3.76233 3.75725 3.74328 3.6662 3.60087 3.55033 5.71666 3.46014 3.38844 3.29275 3.25922 3.16086 3.15401 3.09374 2.89674 3.56426 2.88765 4.58878 2.79499 2.66428 2.98828 2.37546 2.33125 2.32565 2.2885 3.04634 2.28214 2.24756 2.73947 2.2106 2.17601 2.08217 2.05293 2.04336 2.04313 2.0012 1.98958
threshold=-0.27193309048403197 0 -0.61601291166346417 -0.2349896685091801 1 -0.46973416009343033 -0.28778222312824536 6.3634065535336513 -0.12921293837741996 -0.2762427664360072 2377.5000000000005 -0.22314355131420965 2 -0.11853143967685707 7.8133506664337151 21.050000000000001 -0.048790164169432097 3 25.500000000000004 -0.84474031005381833 -0.22314355131421013 45.500000000000007 -0.37934836206209072 -0.28768207245178029 -0.078306176371393185 154.55000000000004 7.3750990932950549 -0.13698448194324928 4 7.8095203664864785 0.018503423760211749 55.243766578249343 0.40546510810816444 -0.1814438689772446 -0.72767872536002554 -0.375547673262774 1.1142994373541926 -0.12962893312241161 -0.058253748613998006 34.414285714285718 35.500000000000007 93.750000000000014 0.94689849624060163 -0.56029585150048511 0.37948962170490386 17.500000000000004 -0.38416593228539359 29.614285714285717 6.7817245069548102 5 7.3758333333333335 -0.18390547411928623 -0.097990512456862064 0.9533066860465117 31.500000000000004 33.500000000000007 8.2269383135257517 6 2439.3950000000004 -0.80294345615727292 0.55252577492258792 -0.29670402539681534
decision_type=2 1 2 2 1 10 10 2 10 8 8 2 1 2 2 2 10 1 2 2 2 2 2 2 2 2 2 2 1 2 2 2 2 2 2 2 2 2 2 2 2 2 2 2 2 2 2 2 2 1 2 2 2 2 2 2 2 1 8 2 2 2
left_child=2 4 12 17 8 11 7 -6 14 29 24 13 26 25 15 38 21 -3 39 -14 -18 -17 36 32 55 -4 -1 60 37 52 31 -23 43 -11 61 -26 41 -7 47 -10 -41 -19 -43 -13 45 -21 -45 -2 51 -31 -51 -8 53 -5 -22 -9 -47 -35 -49 -24 -12 -30
right_child=1 3 5 9 6 28 48 10 18 33 27 23 19 -15 -16 16 20 22 -20 44 54 30 59 -25 35 -27 -28 -29 34 49 -32 -33 -34 57 -36 -37 -38 -39 -40 40 -42 42 -44 46 -46 56 -48 58 -50 50 -52 -53 -54 -55 -56 -57 -58 -59 -60 -61 -62 -63
leaf_value=0.035368805354606896 0.0030558844383171305 -0.0012900191621551416 0.016036545992370674 0.010186544086338355 0.017343923235725027 0.011461268239012156 0.0088031284067358676 0.0052981847562802832 0.0037196074311445673 -0.0011191734647576002 0.0089752607350574165 0.026815444924681978 0.06439561209039972 0.0053473696243428043 0.0017774348134847366 0.013298304621329266 0.030900595138021208 0.005089385243025376 7.1127615364786686e-05 0.030342639197954404 0.019797276617988302 0.029787435879006598 0.0056392478506602003 0.0078329140729563214 0.013597793941394954 0.019020582364507353 0.0087098716674476693 -0.0015232173421254173 0.01191151031124291 -0.004016741327941417 0.00010634465399253501 0.0015285444306610248 0.010222069100726561 -0.0081611241772770876 0.0040773571560420553 0.0044197688866767504 0.027483566763020596 0.01846498233325844 0.0017521803001263583 0.013137488151989049 0.00051026637461070725 0.020762074397385602 0.00012235731883132017 0.019455252049962454 0.014925089756175609 0.021989998651549471 0.0078769153126002512 0.0095378858370596467 -0.0041174346976584342 0.0040360460268934464 -0.0028930984064936636 0.00026823118977179795 0.0011006502023624043 -0.00011047934060972404 0.010142684400319247 0.019362925093972631 0.024438101535582901 -0.0052725232475869721 0.017476572988772723 0.0021156979511383132 -0.0034385623019716665 0.012632042387833553
leaf_weight=49 62 464 257 111 65 46 43 41 345 1138 429 44 115 95 310 238 59 72 1121 93 76 47 51 552 46 94 82 1346 44 1061 179 54 108 4090 846 291 42 77 320 74 40 57 43 116 78 57 93 45 2786 269 764 545 724 81 124 62 86 11238 45 450 96 83
leaf_count=49 62 464 257 111 65 46 43 41 345 1138 429 44 115 95 310 238 59 72 1121 93 76 47 51 552 46 94 82 1346 44 1061 179 54 108 4090 846 291 42 77 320 74 40 57 43 116 78 57 93 45 2786 269 764 545 724 81 124 62 86 11238 45 450 96 83
internal_value=-0.000171838 -0.00126654 0.0105521 -0.00251258 0.00162977 0.00833673 6.94312e-05 0.00251157 0.00447778 -0.00288443 0.0019442 0.0112537 0.0202317 0.0164877 0.00708654 0.008604 0.0114589 0.00360593 0.00192916 0.0233068 0.0175192 0.00840077 0.00630165 0.00868162 0.00782313 0.0195881 0.00771127 0.000558225 0.00471285 -0.000464963 0.00427046 0.0117157 0.0126934 -0.00332665 0.00354167 0.00522189 0.012 0.0125746 0.00389006 0.00642391 0.0133043 0.00890173 0.0143564 0.0158858 0.0204127 0.0230802 0.0133571 0.00973856 -0.00165037 -0.00160859 8.14164e-05 0.00120543 0.00214831 0.006943 0.0136816 0.0162019 0.0182986 -0.00352208 0.0148352 0.0039741 0.00413498 0.0110547
internal_weight=32559 29544 3015 20655 8889 2455 5750 2376 3139 19476 2311 1359 560 446 1559 1249 777 1179 1580 429 259 518 715 913 440 351 131 1871 1096 3010 280 101 361 16466 973 337 214 123 472 459 114 172 100 253 314 236 209 152 3374 2094 1033 588 916 192 200 103 143 15328 90 501 525 127
internal_count=32559 29544 3015 20655 8889 2455 5750 2376 3139 19476 2311 1359 560 446 1559 1249 777 1179 1580 429 259 518 715 913 440 351 131 1871 1096 3010 280 101 361 16466 973 337 214 123 472 459 114 172 100 253 314 236 209 152 3374 2094 1033 588 916 192 200 103 143 15328 90 501 525 127
cat_boundaries=0 1 2 3 4 5 6 7
cat_threshold=3328 2352 2066 2062 128 4177 20
is_linear=0
shrinkage=0.05


Tree=2
num_leaves=63
num_cat=7
split_feature=0 1 39 3 1 25 31 2 5 8 2 2 6 0 22 30 22 22 2 2 22 37 6 16 5 22 25 27 5 20 22 26 27 5 2 22 6 4 41 39 5 25 16 22 30 22 19 16 4 30 39 3 23 15 0 8 1 21 39 2 15 1
split_gain=147.929 49.6123 27.1454 17.9863 14.8041 14.1449 8.9074 7.69023 6.6871 6.58399 5.98383 5.69948 5.38774 5.08966 4.61015 4.43114 4.25698 4.18705 4.65155 3.94012 3.8513 3.65791 3.63571 3.57852 3.57125 3.97739 4.31063 5.49386 4.53521 3.71175 3.37822 3.26976 3.53242 2.79082 2.85661 2.71188 3.95241 2.80725 2.69077 2.61811 2.78457 3.01043 2.49062 2.54894 2.43244 2.41829 2.36239 2.28042 2.22581 3.73847 2.21191 2.20934 2.17654 2.3711 2.16755 2.11995 2.1071 2.09509 3.23776 2.0982 2.05345 2.02641
threshold=-0.31568491043185171 -0.18232155679395465 0 -0.52712315915807506 -0.40088588027111344 1 9.7500000000000018 -0.15183570498628415 7.0831598128973443 0.32393779025764163 -0.31542860566350978 -0.24940442992921016 6.95882721036378 -0.40546510810816433 -0.16776198856517652 0.35000000000000009 -0.24114833012111034 -0.28030167103659775 -0.375547673262774 -0.84474031005381833 -0.12921293837741996 37.500000000000007 7.3335166231310787 -0.089948731708533 7.7378252759268191 -0.20479395810076526 2 11.500000000000002 7.0238435800113121 -0.014268143383859438 -0.49036490446032044 36.500000000000007 25.500000000000004 7.1111602819264519 -0.087504313193861968 -0.35665855022735854 7.6064394289070592 -0.057125223705198895 80.512295081967224 3 7.7546189951111515 4 -0.080042707673536412 -0.81042118969799015 1.2500000000000004 -0.09149185465316971 -0.039902635604363766 0.20807304768043891 -0.29259094294269022 82.300000000000026 5 -0.54851587313755334 0.038540558477787819 0.40546510810816461 0.027039539034409369 0.2430317533792706 0.25782910930209951 2161.2500000000005 6 -0.44761165780137485 0.40546510810816444 0.035094829663703038
decision_type=2 2 1 2 2 1 2 2 2 10 2 2 2 2 10 2 8 10 2 2 10 10 2 2 2 10 1 2 2 10 8 2 2 2 2 8 2 2 2 1 2 1 2 8 2 10 2 2 2 2 1 2 10 2 2 10 2 10 1 2 2 2
left_child=3 4 5 9 19 6 -3 30 20 60 22 13 45 14 52 -13 21 18 23 -2 31 -9 54 -14 25 26 27 28 -12 -30 -4 61 -33 34 -21 36 37 -10 51 40 -35 -42 -11 -44 -22 -6 -43 50 49 -18 -29 -20 53 -5 -7 -28 -57 58 -32 -60 -1 -8
right_child=1 2 7 11 12 10 8 16 35 42 24 15 17 -15 -16 -17 48 -19 38 33 44 -23 -24 -25 -26 -27 55 47 29 -31 57 32 -34 39 -36 -37 -38 -39 -40 -41 41 46 43 -45 -46 -47 -48 -49 -50 -51 -52 -53 -54 -55 -56 56 -58 -59 59 -61 -62 -63
leaf_value=0.018830968299977373 0.05306846821110444 -0.00043058699104004528 0.0058529152626077283 0.02182730134464142 0.011927020135431322 0.010892410823200409 0.016607313973434373 -0.0026099932815117199 0.022649209738183379 0.044242849307502809 0.016855916679077151 0.0069121551299980172 0.015602189579309431 0.0076637767764847729 0.0085736367118685129 0.013958641856031979 -0.0042674859014649102 -0.00043768476429820337 0.013331009313320966 0.022516720309787082 0.026239620999902569 0.0054135106636317848 0.0011477775007240299 0.0058841095637924348 -0.0041926787850128855 -0.0026311528120143706 -0.0027206645936581945 0.0080664383509582906 -0.0015657836817236403 0.01298484462514652 -0.0025783165833865632 0.011673743317095534 0.026607049831454527 0.010450677794326416 0.011588555823885946 0.0037644700522566385 -0.0011559378458380091 0.007525694767133672 -0.001061903286293391 0.0046335321887944377 0.0021681381162333888 0.026588282219972472 0.053471671517488439 0.027489993999326584 0.0025929734330259317 0.0019430974952215588 0.010083088182861452 -0.0044998214028330865 -0.0063014019609724447 0.011582340799243328 -0.0010921513180895983 0.0040663591951280607 0.014424795132029612 0.010152811347453314 0.012473629553839113 0.0087465147516028966 -0.003450018600336037 -0.0031054484083377853 0.014198257563555104 0.0018559842333188276 0.0098597489985888503 0.0031091543201084478
leaf_weight=144 51 648 307 164 261 109 41 2680 40 128 55 367 73 211 82 532 1109 1047 53 128 40 75 204 147 1419 2317 577 248 66 81 481 47 47 76 60 809 42 47 280 203 107 49 40 115 161 96 105 169 13267 65 164 933 96 40 77 193 122 834 61 509 42 54
leaf_count=144 51 648 307 164 261 109 41 2680 40 128 55 367 73 211 82 532 1109 1047 53 128 40 75 204 147 1419 2317 577 248 66 81 481 47 47 76 60 809 42 47 280 203 107 49 40 115 161 96 105 169 13267 65 164 933 96 40 77 193 122 834 61 509 42 54
internal_value=-0.0001395 -0.000986542 -0.00172366 0.0131728 0.00447003 0.000772341 0.00441369 -0.00272385 0.00677953 0.0217128 -0.00047402 0.0104756 0.00281909 0.0142845 0.0177285 0.00795 -0.00308077 0.00200671 0.00371217 0.0105833 0.0122762 -0.00127903 0.00549872 0.0104072 -0.00090632 -0.000140247 0.00171539 0.00438917 0.0115271 0.00685811 6.38383e-05 0.0173947 0.024 0.00961591 0.0148677 0.00448349 0.0111923 0.0172159 0.00254144 0.0077634 0.0103879 0.00818702 0.0265317 0.0219551 0.00740099 0.00856145 0.012303 0.00196735 -0.00342439 -0.00133617 0.00397094 0.003769 0.020598 0.023561 0.0105348 -0.000675527 0.00261076 -0.000729057 0.000755702 0.00327022 0.0142781 0.0106771
internal_weight=32795 30834 27165 1961 3669 7777 1976 19388 1328 469 5801 1492 2890 593 382 899 17196 2533 1486 779 390 2755 390 220 5411 3992 1675 783 202 147 2192 189 94 728 188 938 129 87 1266 540 337 261 283 155 201 357 154 581 14441 1174 412 986 300 204 186 892 315 1885 1051 570 186 95
internal_count=32795 30834 27165 1961 3669 7777 1976 19388 1328 469 5801 1492 2890 593 382 899 17196 2533 1486 779 390 2755 390 220 5411 3992 1675 783 202 147 2192 189 94 728 188 938 129 87 1266 540 337 261 283 155 201 357 154 581 14441 1174 412 986 300 204 186 892 315 1885 1051 570 186 95
cat_boundaries=0 1 2 3 4 5 6 7
cat_threshold=3328 2320 1633 5705 1110 3072 54
is_linear=0
shrinkage=0.05


Tree=3
num_leaves=63
num_cat=5
split_feature=1 39 1 2 25 2 7 22 2 7 3 10 10 22 22 26 22 6 18 33 8 22 7 8 7 10 21 22 25 16 17 27 8 10 27 7 27 4 21 39 5 10 30 39 4 33 12 8 16 34 8 5 2 30 18 22 7 26 27 33 23 19
split_gain=112.337 33.5237 25.0383 15.8386 13.8453 9.00338 8.05521 7.24036 6.55892 5.97025 5.41968 5.10204 5.0663 5.02273 4.52483 4.50841 4.33655 5.09925 4.67029 4.57217 4.2523 4.09039 3.98911 3.88729 3.70159 3.58474 3.4841 3.36797 3.24252 3.21608 3.16773 2.961 2.94393 2.91246 2.76087 5.28119 4.94908 3.1625 2.66022 2.63132 2.46062 2.42753 2.42562 2.37997 2.47745 2.22885 2.22882 2.30744 2.20673 2.14875 2.10898 2.07778 2.03982 2.03041 2.61527 1.98427 1.97022 2.40211 4.12005 3.93263 2.09406 1.9094
threshold=-0.27193309048403197 0 -0.51621647240086765 -0.17625730556669247 1 -0.74721440183022059 6.2600897239941053 -0.45934297130005491 -0.41330981597986755 6.4683555916310196 -0.39039736377956608 -0.14997263116338241 -0.24066522839472346 -0.60578870185557754 -0.22311391857163684 47.500000000000007 -0.12921293837741996 7.7259589055859044 -0.0094247414211086952 27.707142857142859 0.36711093790326293 -0.22311391857163684 7.2255132810602314 0.22715045546670451 7.541536524627368 -0.0052703822673563208 1423.5100000000002 -0.76186219708003511 2 0.22117913948853521 -0.31212115082932651 17.500000000000004 0.39106422553067877 -0.47730733735677772 35.500000000000007 7.068244594967247 26.500000000000004 0.10848103824329904 3953.7500000000005 3 7.5456290303072331 -0.22938416344613707 3.2500000000000004 4 -0.60613625811556371 26.578571428571433 18.500000000000004 0.37348239592415017 -0.10821358464023266 1.0000000180025095e-35 0.18987081658664412 6.9431622937592996 0.11146493448609941 19.950000000000006 0.32367853973357935 -0.12675148041396941 7.4911353455148051 16.500000000000004 24.500000000000004 35.135714285714286 -0.021938796013206249 0.065526250967818542
decision_type=2 1 2 2 1 2 2 10 2 2 2 2 2 8 10 2 8 2 8 2 10 8 2 10 2 2 10 10 1 2 2 2 8 2 2 2 2 2 10 1 2 2 2 1 2 2 2 8 2 2 8 2 2 2 10 8 2 2 2 2 10 2
left_child=2 4 5 13 9 29 -6 12 24 15 50 27 20 41 25 -2 17 18 19 -11 30 38 46 -15 55 28 61 53 48 32 -4 52 -1 -30 35 36 -18 -38 -12 -23 -29 -3 -13 44 -32 -36 -9 -48 -10 -37 -5 -35 -20 54 -7 -8 57 -16 59 60 -59 -25
right_child=1 3 7 10 6 11 8 22 14 16 21 42 -14 23 56 -17 34 -19 31 -21 -22 39 -24 26 -26 -27 -28 40 33 -31 43 -33 -34 51 45 49 37 -39 -40 -41 -42 -43 -44 -45 -46 -47 47 -49 -50 -51 -52 -53 -54 -55 -56 -57 -58 58 -60 -61 -62 -63
leaf_value=0.023273963810663833 0.01978279607640944 0.025505293518709494 0.015109129189287404 9.8010822366824857e-05 0.012990837650433507 0.021729894571328109 0.019048058030739577 0.0013218587751661042 0.010751312856080516 0.028590362205068498 0.0013709809173038877 -0.0012370649546954964 0.0067275452887979818 -0.0005735364981538756 -0.0034226810942632824 0.0008691448763969256 0.0075858340259960999 -0.0017766649381793882 0.016152357948478968 0.015978822796200026 0.022115341669526185 -0.0076607150959162153 0.0020245974597608396 0.010506842631464347 0.0026511709383678734 -0.00048490421811598315 0.00092796965221800341 0.018871283342614686 0.015246663015037279 0.034156258632670917 0.0085799775755721168 0.0070718924461721641 0.070822679103087066 0.0056763646707549652 0.0086636641170957009 0.0011214687661513791 0.022921891813665721 0.0094363492212687569 -0.0029373131241004634 -0.0049780931778740196 0.013937180497895852 0.0058737387921718141 0.012929992859786785 0.0041696587420938565 0.014244095607644603 -0.0017435673074972847 0.010927814737584716 0.011172337237010053 0.0048428019026711374 0.016715012629089587 0.0093355156043350273 -0.0018230107912889184 0.0024674071647291631 0.024636861270931554 0.015983076644213244 0.0077932059162580314 -0.0051354217444737928 0.0065925516333695394 -0.0020219800795781831 0.012770533827799725 -0.0014285883263889772 0.0043210936374156132
leaf_weight=47 88 120 133 204 59 133 67 63 165 42 988 81 604 1528 1064 40 180 111 58 110 101 3144 740 162 147 1586 334 145 59 60 55 217 98 221 83 593 65 40 2269 11735 156 145 58 221 79 505 101 54 273 59 124 472 40 69 86 107 1305 170 689 80 168 66
leaf_count=47 88 120 133 204 59 133 67 63 165 42 988 81 604 1528 1064 40 180 111 58 110 101 3144 740 162 147 1586 334 145 59 60 55 217 98 221 83 593 65 40 2269 11735 156 145 58 221 79 505 101 54 273 59 124 472 40 69 86 107 1305 170 689 80 168 66
internal_value=-0.00030305 -0.00124684 0.00877796 -0.00234254 0.00132804 0.0156156 0.000179135 0.00580623 1.29285e-05 0.00472569 -0.00283618 0.0129767 0.00840452 0.0015174 -0.000345435 0.0151938 0.00410409 0.00778929 0.0100748 0.0172549 0.0117034 -0.00295143 0.00256517 0.000693447 0.00697205 0.00115952 0.00424511 0.0150085 0.00323258 0.0248786 0.00973415 0.00656645 0.0289384 0.00116645 0.00270314 0.00438699 0.0100524 0.0186321 -0.00134592 -0.00330276 0.0112417 0.00798872 0.00432143 0.00723314 0.0122759 1.69767e-05 0.00849315 0.0116987 0.00659243 0.00189893 0.00352583 0.000266569 0.0137374 0.0188927 0.0163864 0.0118857 -0.00154731 -0.00062385 0.00100632 0.00491647 0.00253687 0.00899563
internal_weight=32766 29682 3084 20819 8863 933 6632 2151 6573 2231 18464 728 1193 2355 6252 128 2103 578 467 152 589 18136 958 2090 321 2776 562 589 1190 205 488 315 145 752 1525 937 285 105 3257 14879 301 265 139 355 134 588 218 155 438 652 328 693 98 288 219 174 3476 2171 1107 418 338 228
internal_count=32766 29682 3084 20819 8863 933 6632 2151 6573 2231 18464 728 1193 2355 6252 128 2103 578 467 152 589 18136 958 2090 321 2776 562 589 1190 205 488 315 145 752 1525 937 285 105 3257 14879 301 265 139 355 134 588 218 155 438 652 328 693 98 288 219 174 3476 2171 1107 418 338 228
cat_boundaries=0 1 2 3 4 5
cat_threshold=3328 2320 616 4 1288
is_linear=0
shrinkage=0.05


Tree=4
num_leaves=63
num_cat=9
split_feature=1 9 3 1 1 25 39 3 7 9 39 22 33 7 22 9 3 7 22 25 30 3 22 22 22 11 6 39 27 9 5 3 20 1 22 22 39 5 25 17 4 17 3 22 6 31 14 5 25 12 4 12 7 13 39 33 4 22 22 5 42 20
split_gain=126.988 34.1775 19.5911 17.1985 10.3693 7.99352 7.60667 6.39124 5.90806 5.74501 5.64934 5.38257 5.44564 5.04706 4.91491 4.45692 4.50098 4.26053 4.10547 3.92248 3.70232 3.64111 3.59236 3.53225 3.31263 3.15785 3.0794 3.30933 3.72774 3.07139 3.04586 2.99407 2.87863 2.79874 3.8532 2.7883 2.78404 3.14305 3.59086 2.69883 2.69087 2.68309 2.55684 2.52711 3.415 2.49488 2.47555 2.45387 2.6912 2.45126 3.46914 2.3028 2.2769 2.21773 2.18025 2.17558 2.13789 2.06689 2.02661 2.00243 2.03635 2.00101
threshold=-0.31838557872968826 0.22529673791557275 -0.35223750795551728 -0.51621647240086765 -0.09531017980432431 0 1 -0.18959096758636071 7.7074881479855089 0.27838676028620185 2 -0.13975807762592288 26.464285714285719 6.3634065535336513 -0.59319528364034835 0.16711751986262433 -0.31193346309323106 7.7960734901655782 -0.23631421219600401 3 1.3500000000000003 -0.86291777228445488 -0.24869701972685834 -0.71556746849096398 -0.81042118969799015 59.500000000000007 7.6915453546755401 4 12.500000000000002 0.11181358192033143 7.0054844383512425 0.061883095966609687 -0.059516470690675304 0.25131471399527344 -0.64857120981557481 -0.28030167103659775 5 6.9788015635916842 6 -0.13108057955489946 -0.79850769621777073 -0.078565136196819804 -0.72901791152133277 -0.24114833012111034 7.8314278341205377 24.050000000000004 -0.28768207245178062 7.8976903015464552 7 21.500000000000004 -0.24846115929845955 12.500000000000002 6.7217636430196466 0.64516342224145695 8 26.521428571428576 -0.02985259550248642 -0.18409848283787561 -0.76186219708003511 7.5260958950865016 0.86023255813953503 -0.047475763404329706
decision_type=2 10 2 2 2 1 1 2 2 10 1 8 2 2 8 10 2 2 8 1 2 2 10 8 10 2 2 1 2 10 2 2 10 2 10 10 1 2 1 2 2 2 2 8 2 2 2 2 1 2 2 2 2 2 1 2 2 8 8 2 2 10
left_child=3 4 10 7 14 8 13 9 11 41 61 25 -13 -6 17 -5 36 53 59 26 -9 40 30 -10 46 39 27 28 -15 -16 32 -27 -7 34 -34 47 -17 -38 -39 -4 -11 -1 -20 44 -8 -30 -18 48 -31 50 -29 -52 -14 -2 -50 -25 58 -47 -23 60 -12 -3
right_child=1 2 5 15 6 22 43 20 23 21 18 12 52 19 29 16 24 -19 42 -21 -22 56 -24 55 -26 31 -28 49 45 35 -32 -33 33 -35 -36 -37 37 38 -40 -41 -42 -43 -44 -45 -46 57 -48 -49 54 -51 51 -53 -54 -55 -56 -57 -58 -59 -60 -61 -62 -63
leaf_value=0.016292554114218021 0.0062596309046350001 0.011429472790842872 0.021586175367449778 0.0012827745441394301 0.01141634148668721 -0.0010395799299903977 0.0018979688558469479 0.0087397058270011971 0.0077626845312302548 0.074547475461350918 0.032086675293995733 0.022456626471166068 0.0096768751619595167 0.012972114614189387 -0.0029948976668555454 0.0061549267064520841 0.014358657449121652 0.0016042425861787033 0.01746351838744277 -0.0033957130385905542 0.018882512369059287 0.031064844293771699 -0.0045483905840177771 0.0063904424376927185 0.0050910761254757955 0.0085522373292320486 -0.0036600195746135933 -0.0047904878178332121 -0.001945205048494739 -0.0015216128996587818 -0.00041204214711163147 0.00015955441699305956 0.0072286379371975587 -0.0062064640764354336 0.017051695527681623 -0.0013015500792843751 0.026613484027804352 0.0058640435461952143 0.016286508110605856 0.0095341673933440601 0.036808840109528167 0.010052645060538703 0.0070649736982440932 -0.0059010228829817768 -0.0042769512424113828 0.0087259394573216634 0.0083450558134324556 -6.5780437941514837e-05 0.003355999212935841 -0.00084517903008021224 0.004902353239627455 0.015712240119247097 0.0011257297600725481 0.014318977184521214 0.010315702701831556 -0.0016773346072434102 0.024008720519215945 0.0022688065318415339 0.020599179192187834 0.013570987397853108 0.02674374149094072 0.0049388857920887805
leaf_weight=91 62 79 98 250 53 145 634 155 67 76 40 71 277 55 1266 151 75 205 45 1976 146 73 2063 116 471 136 356 91 100 167 1719 180 106 52 74 1403 66 120 159 172 50 146 255 11738 1382 45 208 728 259 524 64 48 1057 53 229 1405 48 49 183 95 75 423
leaf_count=91 62 79 98 250 53 145 634 155 67 76 40 71 277 55 1266 151 75 205 45 1976 146 73 2063 116 471 136 356 91 100 167 1719 180 106 52 74 1403 66 120 159 172 50 146 255 11738 1382 45 208 728 259 524 64 48 1057 53 229 1405 48 49 183 95 75 423
internal_value=-0.000246898 -0.00113715 0.00149697 0.0106561 -0.00220984 0.000640908 -0.00276496 0.0158514 0.00236908 0.0185853 0.00803554 0.00418926 0.00250711 -0.00062426 -3.65893e-05 0.00729514 0.00851319 0.005919 0.0117083 -0.000873377 0.00975165 0.0220418 -0.000850121 0.000100691 0.00606622 0.00821124 0.00122115 0.00268168 0.00751923 -0.000508267 0.000605626 0.00479495 0.00466931 0.00811159 0.0110497 0.000419805 0.0122133 0.014677 0.0126964 0.0121771 0.0292913 0.0122479 0.00813953 -0.00328514 -0.00165097 0.00451282 0.0103345 0.00201228 0.00423018 0.000901083 0.00556372 0.0114159 0.00178277 0.0135776 0.00603206 -0.000397504 0.0189508 0.0103158 0.0170039 0.0172986 0.0217672 0.00397661
internal_weight=32705 30237 8750 2468 21487 7738 17115 968 3579 667 1012 1991 1405 3361 4372 1500 1250 320 510 3308 301 430 4159 1588 754 586 1332 976 249 4052 2096 316 377 232 180 2786 496 345 279 270 126 237 300 13754 2016 194 283 1383 655 727 203 112 1334 115 488 1521 304 94 256 210 115 502
internal_count=32705 30237 8750 2468 21487 7738 17115 968 3579 667 1012 1991 1405 3361 4372 1500 1250 320 510 3308 301 430 4159 1588 754 586 1332 976 249 4052 2096 316 377 232 180 2786 496 345 279 270 126 237 300 13754 2016 194 283 1383 655 727 203 112 1334 115 488 1521 304 94 256 210 115 502
cat_boundaries=0 1 2 3 4 5 6 7 8 9
cat_threshold=2360 3328 3778 2385 1024 2608 2250 133 4358
is_linear=0
shrinkage=0.05


Tree=5
num_leaves=63
num_cat=12
split_feature=1 39 1 10 25 3 25 10 9 9 5 2 10 9 1 16 22 37 9 17 31 10 22 33 25 3 22 21 11 20 16 2 39 9 33 21 39 14 17 22 9 23 33 20 6 2 11 39 5 39 22 22 23 16 21 39 20 33 25 31 39 25
split_gain=108.641 25.346 22.3932 13.3651 9.69653 8.48039 7.58882 6.56938 6.90529 6.26979 7.19318 6.03266 5.74578 5.9661 5.23037 4.17824 3.91419 4.86036 3.60981 3.57082 3.41679 3.41035 3.29962 3.28024 3.16776 5.48598 3.14152 4.50998 3.50651 3.014 2.84477 2.85382 2.67692 2.61293 2.59743 2.41925 2.96908 2.65265 2.40662 2.3621 2.31872 2.31202 2.27264 2.13649 2.13475 2.13458 2.11115 2.11014 2.97799 2.05836 2.02749 2.02133 2.02051 2.01841 1.97097 1.94763 1.91388 1.91327 1.87952 1.85972 1.82809 2.11664
threshold=-0.24946150898181149 0 -0.51621647240086765 -0.2349896685091801 1 -0.18959096758636071 2 -0.20889221610142703 0.22353851346697032 0.13129207963692871 7.1111602819264519 -0.15183570498628415 -0.17082649431896166 0.31426071881162826 -0.74037805588429639 -0.69314718055994495 -0.14585466718334952 44.500000000000007 0.17474134539464814 -0.34779244490154965 268.55000000000007 0.10755433847924857 -0.60578870185557754 29.721428571428579 3 -0.52712315915807506 -0.33535042091125183 4407.5000000000009 69.500000000000014 -0.11023504108139354 0.12020989123610294 -0.014720737854791997 4 0.28545398146675954 39.021428571428579 1189.7500000000002 5 -0.2632007155244484 0.54275808902546807 -0.52291211785016889 0.23656147735415581 0.43078291609245423 27.407142857142862 -0.005706442919606214 6.6184920549402504 0.18074799234652475 80.500000000000014 6 7.7739435607530778 7 -0.58297270436834825 -0.66609198338540654 0.69314718055994562 -0.42951444898799845 5845.5000000000009 8 -0.033560258152804251 32.93571428571429 9 7.1500000000000012 10 11
decision_type=2 1 2 2 1 2 1 2 10 10 2 2 2 10 2 2 8 10 10 2 2 2 8 2 1 2 8 10 2 8 2 2 1 10 2 10 1 2 2 8 10 8 2 10 2 2 2 1 2 1 10 10 8 2 10 1 10 2 1 2 1 1
left_child=2 4 5 6 9 14 47 8 19 -2 20 18 13 44 15 -1 17 60 -5 52 21 30 -17 -19 -10 57 27 28 -12 -8 31 -11 -16 -34 39 36 37 -9 -39 -14 -23 -7 43 -28 -6 -45 51 -3 -49 -18 -20 -27 -4 -15 -50 -52 -36 -26 -37 -43 61 -13
right_child=1 3 7 11 12 41 29 35 24 10 26 16 34 53 32 22 49 23 50 -21 -22 40 -24 -25 25 46 42 -29 -30 -31 -32 -33 33 -35 56 58 -38 38 -40 -41 -42 59 -44 45 -46 -47 -48 48 54 -51 55 -53 -54 -55 -56 -57 -58 -59 -60 -61 -62 -63
leaf_value=0.050537050888196593 -0.0012611030883018623 0.0020630371093699118 0.0080785902126979548 -0.0028725087721982422 0.0087347272453391703 0.010131910564671626 0.026038622771362041 0.016855015818029274 0.0078460091028557423 0.015232345754368682 0.017572175943409717 0.00065499627252831082 0.0073945905769919398 0.021221408139916784 0.021028392719903984 0.034835943412234172 -0.0073810368185209226 -0.00030471117739193257 0.0060267552632650842 0.0027114532353433181 0.021829680492685168 0.009150930900337818 0.029220191237535997 0.0059209730312722725 0.019406304406946847 0.015753334352723004 0.0013536739576342416 -0.0010986575328512411 0.0041352594997459231 -0.0011167982515928522 0.0055911771458859796 0.016053373755497036 0.0056046978027227429 0.015504896869561467 0.009565877860267526 0.0040172994969545723 -0.0015623789171551467 0.0071230958910665837 -0.0020193918847355333 -0.00284511571268298 0.0023275076222267176 0.025548061812243575 0.00063297183302565146 0.0095463314072984969 5.7923547076876701e-05 0.0038170924158141915 0.0049454840795996064 0.017904944263791269 0.0028188642000863432 -0.0047417029778531669 0.0066801677479399781 0.0082058079704760752 0.0036698192347657446 0.008764077653078536 0.016417292323857392 -0.0012708746043441771 0.0016583373435063019 0.024348197787416478 -0.0020377019582422705 0.016071174449647934 -0.0042750680593741262 -0.0029938793027621639
leaf_weight=78 632 106 108 1086 75 204 51 84 241 171 91 1003 230 60 100 68 2909 70 400 488 55 75 115 68 75 105 126 65 48 626 160 117 131 155 77 390 125 230 67 3942 240 55 1156 72 911 97 55 112 132 10296 135 102 60 215 41 463 134 43 336 58 1717 1309
leaf_count=78 632 106 108 1086 75 204 51 84 241 171 91 1003 230 60 100 68 2909 70 400 488 55 75 115 68 75 105 126 65 48 626 160 117 131 155 77 390 125 230 67 3942 240 55 1156 72 911 97 55 112 132 10296 135 102 60 215 41 463 134 43 336 58 1717 1309
internal_value=-0.000347514 -0.00133959 0.00801238 -0.00229949 0.000913812 0.014487 0.00314312 0.00551992 0.00803208 0.00315308 0.00429871 -0.00259958 -0.00032184 0.00265055 0.0177701 0.0232634 -0.00290451 -0.0015679 -5.75551e-05 0.00444444 0.00813187 0.00724476 0.0189402 0.0076259 0.0118087 0.0147059 0.00240036 0.00819512 0.01325 -0.000123548 0.0100445 0.0130104 0.0140052 0.0101683 -0.00117815 0.0029116 0.00556213 0.0076403 0.00558725 -0.00145219 0.00324367 0.00775157 0.00158058 0.00548986 0.000830799 0.00914706 0.0109886 0.00856965 0.0108953 -0.00332614 0.00211211 0.0132933 0.0107101 0.00914855 0.0070977 0.000267111 0.0042217 0.0240336 0.00105915 0.0134649 -0.00188462 -0.000951357
internal_weight=32746 29273 3473 20524 8749 964 1068 2509 1277 3105 2473 19456 5644 1261 647 261 17372 4167 2084 656 818 763 183 138 621 380 1655 204 139 677 448 288 386 286 4383 1232 506 381 297 4172 315 317 1451 295 986 169 262 391 285 13205 998 207 168 275 173 598 211 118 726 113 4029 2312
internal_count=32746 29273 3473 20524 8749 964 1068 2509 1277 3105 2473 19456 5644 1261 647 261 17372 4167 2084 656 818 763 183 138 621 380 1655 204 139 677 448 288 386 286 4383 1232 506 381 297 4172 315 317 1451 295 986 169 262 391 285 13205 998 207 168 275 173 598 211 118 726 113 4029 2312
cat_boundaries=0 1 2 3 4 5 6 7 8 9 10 11 12
cat_threshold=3328 2352 1840 1218 4105 7553 226 4 129 2405 4776 2353
is_linear=0
shrinkage=0.05


Tree=6
num_leaves=63
num_cat=10
split_feature=0 10 39 3 1 25 22 22 2 0 31 37 25 12 6 13 22 8 25 39 8 39 25 29 20 16 39 13 0 2 19 0 22 30 15 18 36 15 26 2 6 31 15 2 8 39 25 1 8 10 41 8 6 42 41 2 22 13 26 22 41 31
split_gain=108.023 32.6651 18.1006 16.0773 13.9908 8.13448 6.67966 6.37832 6.20231 7.71056 6.04971 5.57935 4.93471 4.83766 4.19253 5.29042 4.18883 4.17289 4.06167 3.85065 3.73402 3.5291 3.37291 3.35867 3.19509 3.12655 3.05895 2.9439 2.93956 3.55597 2.76768 2.69399 2.61805 2.43967 2.41069 2.32116 2.3175 2.19664 2.1695 2.95943 2.72974 2.52779 2.13367 2.10365 2.07976 2.00319 2.06744 1.99289 1.9874 2.8701 2.78084 4.24889 2.41913 2.08209 1.89917 2.09792 2.17678 1.89113 1.86374 1.83189 1.82535 1.82062
threshold=-0.31568491043185171 -0.19943303791882136 0 -0.72901791152133277 -0.31838557872968826 1 -0.62087437273926838 -0.21662000379414531 -0.25489224962878904 -0.40546510810816433 11.350000000000003 42.500000000000007 2 30.500000000000004 7.3638590162562032 1.3333329166666668 -0.17149310944028504 0.36711093790326293 3 4 0.23832431530730794 5 6 1.0000000180025095e-35 -0.030163348908061879 -0.40546510810816444 7 2.5850326938441905 0.02109386063590302 0.035092469235236574 -0.0029146179191270913 -0.13353139262452227 -0.50912641991298446 19.650000000000002 0.69314718055994529 0.8999881157107279 0.029556730970901748 -0.17714633567196444 16.500000000000004 -0.31542860566350978 6.4373021797487011 4.5500000000000016 -0.29438335457732706 -0.34291792354734868 0.21684638599709891 8 9 -0.40647992905521763 0.078750240657144713 0.2185246089095432 84.049617277200667 0.25831625079767873 7.6246385588185914 0.93700396825396837 15.489105339105338 0.059910733427556824 -0.69361726062090401 1.1992507387220812 25.500000000000004 -0.33840338039978812 241.03746300780202 150.20000000000002
decision_type=2 2 1 2 2 1 8 8 2 2 2 10 1 2 2 2 10 10 1 1 8 1 1 2 10 2 1 2 2 2 2 2 8 2 2 8 2 2 2 2 2 2 2 2 8 1 1 2 10 2 2 10 2 2 2 2 10 2 2 10 2 2
left_child=3 4 5 17 18 10 23 11 9 16 -3 27 -8 24 15 32 34 30 33 -20 -21 57 35 25 -12 -6 -14 45 29 -26 -1 -23 -7 -2 -5 37 -13 58 40 -40 -34 60 -22 -33 -28 -4 -47 -45 -15 50 51 52 -50 -52 55 56 -48 -9 -10 -16 -41 -46
right_child=1 2 7 8 6 14 12 21 22 -11 13 36 26 48 59 -17 -18 -19 19 20 42 31 -24 -25 28 -27 44 -29 -30 -31 -32 43 38 -35 -36 -37 -38 -39 39 41 -42 -43 -44 47 61 46 54 -49 49 -51 53 -53 -54 -55 -56 -57 -58 -59 -60 -61 -62 -63
leaf_value=0.023258013952226972 0.0028185964986881563 -0.001284550697247889 -0.0039116937672540797 0.016968214636382394 0.021546423625103381 0.0094955177915262007 0.0074206753648452155 -0.0066035325794132696 0.005628399825111232 0.007229919059577765 0.0039516069383261215 0.0089329595579309921 -0.0018010810661865816 -0.0074883180705591834 -0.00026796100711474916 0.011895779217319043 0.0091571021446362234 0.036282864215541659 0.0075284852379214895 0.012630459235134568 0.032957121537933974 9.1457805998674746e-05 0.0071257887141214201 0.0080937913931503382 0.015270046967953359 0.010497433666171689 0.00094437106250225972 0.010665051001042283 0.0075211342001019104 0.011052265799414091 0.0066913556470722391 0.0061984854845691861 0.0093551818678887476 0.0087352063800483215 0.017866236075932053 0.00025303202083106776 0.004424088187224391 0.020719929816334994 0.0065071627172860816 0.0066360735423094232 -0.0033681438159022881 -4.388145469835994e-05 0.015688688608415834 0.0064609178649319317 0.0082851993836495618 -0.0023665086537012058 0.010098813471458776 -0.0042193035019483819 0.014544459223385356 -0.00070480300326909652 0.012611971974598827 0.0012700465275926347 0.020437521979074932 -0.0013242420170243769 -0.0016307437816709379 -0.00051448230473250174 0.0030103512172556853 0.0041710970241333615 0.03082019491806048 -0.0042493927988954501 0.014427177324202237 0.011507394097969345
leaf_weight=52 221 635 1198 364 41 143 451 4058 73 252 209 50 1392 80 1010 175 90 139 121 138 61 877 693 214 50 87 581 105 216 110 40 143 93 52 44 46 44 115 52 98 1251 962 134 48 226 968 40 10417 60 282 47 79 42 128 672 344 395 121 48 1761 70 58
leaf_count=52 221 635 1198 364 41 143 451 4058 73 252 209 50 1392 80 1010 175 90 139 121 138 61 877 693 214 50 87 581 105 216 110 40 143 93 52 44 46 44 115 52 98 1251 962 134 48 226 968 40 10417 60 282 47 79 42 128 672 344 395 121 48 1761 70 58
internal_value=-0.000292369 -0.00101587 -0.00162444 0.0110986 0.00333907 0.000454124 0.00185185 -0.00242933 0.00942932 0.0128495 0.00323756 -0.000597329 0.00101882 0.00520322 -0.000511021 0.000836554 0.0164529 0.0234698 0.00956731 0.0124301 0.0153634 -0.00287712 0.00678791 0.00842565 0.00857508 0.0148062 5.07043e-05 -0.000902499 0.0113263 0.0164596 0.0149462 -0.00241606 0.00028277 0.00417253 0.0186064 0.0113993 0.0113684 0.0137975 -9.10182e-05 0.00147084 -0.00146469 0.000928381 0.0202806 -0.00263833 0.00236872 -0.0011429 -0.000306586 -0.00272072 0.00244784 0.00338028 0.00635854 0.0106868 0.0173786 0.00184659 0.000885772 0.00257051 0.00487385 -0.00412769 0.00897541 -0.00189574 0.00656805 0.00589474
internal_weight=32766 30810 27033 1956 3777 7553 3050 19480 1725 750 1938 3816 2708 1303 5615 2844 498 231 727 454 333 15664 975 342 585 128 2257 3722 376 160 92 11485 2669 273 408 282 94 236 2526 1182 1344 1130 195 10608 865 3617 2419 10465 718 638 356 181 102 175 1451 779 435 4179 121 2771 168 284
internal_count=32766 30810 27033 1956 3777 7553 3050 19480 1725 750 1938 3816 2708 1303 5615 2844 498 231 727 454 333 15664 975 342 585 128 2257 3722 376 160 92 11485 2669 273 408 282 94 236 2526 1182 1344 1130 195 10608 865 3617 2419 10465 718 638 356 181 102 175 1451 779 435 4179 121 2771 168 284
cat_boundaries=0 1 2 3 4 5 6 7 8 9 10
cat_threshold=3328 2320 784 3202 4658 20 296 6695 81 1228
is_linear=0
shrinkage=0.05


Tree=7
num_leaves=63
num_cat=7
split_feature=0 9 3 0 39 25 22 39 22 0 22 16 31 5 14 21 16 3 39 16 22 42 22 41 27 22 21 0 18 26 0 7 21 11 7 22 3 12 25 5 16 12 7 25 31 9 30 4 5 30 41 0 25 33 30 8 14 3 14 7 22 5
split_gain=98.275 25.6768 18.5655 13.9389 11.7154 7.66195 5.72244 5.1788 5.02207 4.25042 4.02266 3.96783 3.54076 4.35938 3.47611 3.39454 3.1365 3.34675 3.04966 3.04269 3.20338 3.17934 2.98058 2.95459 2.93354 2.84036 2.72866 2.71123 2.75865 2.69463 2.68955 2.57773 2.53752 2.529 2.51603 2.43061 2.31267 2.27236 2.23048 2.83194 2.08469 2.07636 2.32165 2.06366 2.84568 2.05364 1.99643 1.99469 1.92984 3.23604 3.09207 2.23979 2.04423 3.6687 2.7208 1.86417 1.86194 1.85824 1.72607 1.71331 1.69766 1.69195
threshold=-0.28470222185126065 0.14158335547620141 -0.40546316471382798 -0.51082562376599172 0 1 -0.45934297130005491 2 -0.1589462293670226 0.12871756468506404 -0.28778222312824536 0.027680496635624333 9.7500000000000018 7.1267060748372701 0.47000362924573563 2067.3350000000005 -0.42028354377602944 -0.21706450523782858 3 0.18232155679395454 0.017634934480902035 0.94957627118644072 -0.45934297130005491 27.048399687743956 24.500000000000004 -0.012668527599453501 1518.2050000000002 -0.10536051565782632 -0.03336025173531422 26.500000000000004 -0.22884157242884703 6.9788604923732018 3204.0000000000005 50.500000000000007 7.5189540067277889 -0.26225999861005594 -0.19854085760746629 30.500000000000004 4 6.5597815977880751 -0.42028354377602944 30.500000000000004 7.6718963802104119 5 12.850000000000001 0.19564409763406856 69.300000000000011 -0.22314355131421013 7.5548919134988326 1.9500000000000004 1396.1095982142861 -0.15171342726740719 6 27.87857142857143 108.65000000000002 0.36085929023134972 0.5596157879354231 -0.72901791152133277 -0.42927913260279155 6.703854655643009 -0.38296952446683391 8.7443134141124812
decision_type=2 10 2 2 1 1 10 1 10 2 10 2 2 2 2 8 2 2 1 2 10 2 10 2 2 10 8 2 8 2 2 2 8 2 2 10 2 2 1 2 2 2 2 1 2 8 2 2 2 2 2 2 1 2 2 10 2 2 2 2 8 2
left_child=3 18 7 6 5 9 14 19 27 12 15 35 -4 24 16 29 23 55 -2 20 21 26 32 -1 -14 -26 -3 28 -6 -7 -17 -8 -9 -28 43 57 45 -31 -32 -40 58 42 -15 44 -12 -29 -13 -43 49 -20 52 -50 54 -54 -51 -18 -33 -5 -34 -52 -11 -38
right_child=1 2 4 11 8 10 31 22 -10 60 34 46 13 41 -16 30 17 -19 48 -21 -22 -23 -24 -25 25 -27 33 36 -30 37 38 56 40 -35 -36 -37 61 -39 39 -41 -42 47 -44 -45 -46 -47 -48 -49 51 50 59 -53 53 -55 -56 -57 -58 -59 -60 -61 -62 -63
leaf_value=0.026642409027029454 -0.0062709237282670346 0.026440659570179686 0.0027360604213097712 0.021775200585933348 0.0044984114274561121 0.0034894775395696315 0.015579078049830553 0.010940240806157298 -0.0048363861074975662 0.017728835924281483 0.010351129226066685 0.0042563601815402445 0.0067992831535339795 0.01006158121771215 0.018018371540613653 0.0051432524853867248 0.01343226823398868 0.015415138090798631 -0.0041163471004727996 0.0079962469335255731 0.0024732829287181001 0.011718709634079644 -0.00049139916514481124 0.03274270382582422 0.023039673138611758 0.015140697601723303 0.011444842444242034 -0.0017231643355545717 -0.0003786501614799335 0.015413058890002255 -0.0031817213108380027 0.013834239800632964 0.0056340267089471478 0.026867811203292971 -0.0038897395218983328 0.0042912279892944579 -0.0014093446035661939 0.011629699371905146 0.016966703617377409 0.0019323096145035645 0.0049389391874047183 0.014511888157233012 0.001866681166313862 -0.0012582344667324162 0.0014036885233373844 0.0046239075909906306 0.0079976562467966895 0.0012420540319724258 0.00024055160989965748 -0.0010044230851774566 0.0029361038857728464 -0.0042743731298395104 0.0088227062769233745 0.0022110257285258587 0.0048233548286621859 0.02782057233260303 -0.0025242108286383214 0.0090970363188393969 0.026303336028306742 -0.0030064397350307069 -0.00028870685943597319 -0.004599188170401637
leaf_weight=67 3699 40 330 44 545 184 52 62 3869 57 60 595 83 129 99 79 47 89 1521 231 68 138 449 52 82 41 97 251 673 41 486 202 42 59 841 256 3206 43 60 1246 335 45 65 1247 344 336 44 244 397 361 73 5907 92 283 40 119 40 557 49 647 496 887
leaf_count=67 3699 40 330 44 545 184 52 62 3869 57 60 595 83 129 99 79 47 89 1521 231 68 138 449 52 82 41 97 251 673 41 486 202 42 59 841 256 3206 43 60 1246 335 45 65 1247 344 336 44 244 397 361 73 5907 92 283 40 119 40 557 49 647 496 887
internal_value=-0.000407173 -0.0011518 9.69146e-05 0.00964443 -0.00041325 0.001285 0.0151237 0.00528326 -0.00149162 0.00428932 0.000257431 0.00682699 0.00623039 0.00826811 0.0185338 0.00184813 0.0207467 0.0174805 -0.00283388 0.00875 0.0115136 0.0135224 0.00281118 0.0275417 0.0143478 0.0192339 0.0176142 -0.000574675 0.00152584 0.00710037 0.00109241 0.00959322 0.00554192 0.0144586 -0.0011071 0.00905012 -0.00112156 0.0144706 0.000691577 0.00176158 0.0041452 0.00565083 0.00964102 2.72385e-05 0.00308434 0.00181122 0.00383594 0.00294827 -0.00234194 -0.00130384 0.00034736 -0.00284219 0.00253539 0.00511658 -1.21371e-05 0.0216766 0.00736625 0.010789 0.0108152 -0.0020111 0.000785197 -0.0015425
internal_weight=32823 30560 17540 2263 15970 6203 767 1570 9767 1572 4631 1496 1019 689 473 2139 374 255 13020 633 402 334 937 119 206 123 196 5898 1218 268 1871 294 488 156 2492 857 4680 84 1792 1306 426 483 194 1651 404 587 639 289 9321 3017 1496 6304 776 375 401 166 242 601 91 720 553 4093
internal_count=32823 30560 17540 2263 15970 6203 767 1570 9767 1572 4631 1496 1019 689 473 2139 374 255 13020 633 402 334 937 119 206 123 196 5898 1218 268 1871 294 488 156 2492 857 4680 84 1792 1306 426 483 194 1651 404 587 639 289 9321 3017 1496 6304 776 375 401 166 242 601 91 720 553 4093
cat_boundaries=0 1 2 3 4 5 6 7
cat_threshold=3328 2320 4520 164 134 544 737
is_linear=0
shrinkage=0.05


Tree=8
num_leaves=63
num_cat=2
split_feature=0 2 3 9 10 1 0 22 21 9 22 16 39 17 9 22 22 6 1 13 18 6 31 27 37 21 2 17 31 0 44 5 27 11 5 26 1 2 42 5 5 39 18 18 13 19 2 12 9 22 9 10 4 30 42 26 13 6 15 42 22 17
split_gain=86.8454 29.1683 16.8379 15.1051 9.26916 8.55674 6.38034 5.66554 5.84165 5.50398 5.14776 4.96326 4.63103 4.36277 4.32067 3.59916 3.10968 3.07603 3.08568 3.0599 2.96753 2.93836 3.16772 3.26521 6.68266 2.90852 2.8053 2.78446 2.65933 2.61988 2.55771 2.53843 2.55582 2.49128 2.9505 2.4743 2.42654 2.42308 2.38047 2.36999 2.29903 2.45623 2.24661 2.36289 2.23198 2.13036 2.10004 2.37875 2.04911 2.22001 2.01057 2.27496 2.0852 1.8572 1.84688 1.80791 1.93822 1.80202 1.93185 1.78835 2.01127 1.75472
threshold=-0.27244764528134796 -0.28768207245178118 -0.72901791152133277 0.16393674255250926 -0.17470424975881024 -0.62229043611110313 -0.55004633691927152 -0.16251202171185578 2915.5000000000005 0.2829375865653363 -0.31361778204392649 -0.40546510810816427 0 -0.087216559692991899 0.37662030067147806 -0.41357566363615039 -0.60578870185557754 6.4373021797487011 -0.046520015634893046 1.5558046836073745 0.21710982678749102 8.1376964128939182 8.2500000000000018 6.5000000000000009 36.500000000000007 1399.6050000000002 -0.23889215828228669 -0.083060119452976963 178.40000000000001 -0.16656847512526293 0.29285714285714287 7.7378252759268191 40.500000000000007 73.500000000000014 7.827472448175457 17.500000000000004 -0.28292037093054651 -0.84474031005381833 0.57601438109912695 8.374644748053365 8.3154367920393248 1 -1.1726757897665603 -2.1175397017233171 0.54968721198626513 -0.010274359730420837 -0.18259572790739351 44.500000000000007 0.26007240679786425 0.028894807505429339 0.24620649502707376 -0.13365618640710417 -0.26539100540296617 0.55000000000000016 0.92084377610693413 19.500000000000004 0.78263441337956019 6.6978340512575008 0.18232155679395481 0.82834821428571437 -0.69361726062090401 0.46601695994697767
decision_type=2 2 2 8 2 2 2 10 8 10 10 2 1 2 10 10 8 2 2 2 8 2 2 2 10 10 2 2 2 2 2 2 2 2 2 2 2 2 2 2 2 1 8 10 2 2 2 2 10 10 10 2 2 2 2 2 2 2 2 2 8 2
left_child=2 5 9 12 14 13 10 8 19 45 28 16 21 -2 15 36 -7 20 27 55 -10 22 -3 24 33 50 42 40 39 -14 57 32 35 -24 -35 -9 -5 -11 -20 46 41 -19 43 -8 -37 -1 47 -4 49 -13 52 -52 -18 -28 -12 -6 -57 58 -25 -16 -61 -38
right_child=1 3 6 4 7 11 26 31 17 37 54 48 29 -15 59 -17 25 18 38 -21 -22 -23 23 30 -26 -27 53 -29 -30 -31 -32 -33 -34 34 -36 44 61 -39 -40 -41 -42 -43 -44 -45 -46 -47 -48 -49 -50 -51 51 -53 -54 -55 -56 56 -58 -59 -60 60 -62 -63
leaf_value=0.015780104497568437 0.036042538315373671 -0.0036427839124205767 0.017732091715283071 0.012294740030420146 0.0002212973037329243 0.017566941250226304 0.0057529997071264398 -0.0038678272308808426 -0.0060096794371721288 0.072954549343509631 0.014481184995851598 0.0022052674959547711 0.00050512002813358028 0.012910371783968606 0.002269125552176302 -0.00037310973103895658 -0.00083276263572146225 0.0077092785995401154 0.0056541975572802763 0.0096285916186766279 0.01840530456201139 -0.0049993613046398037 -0.00072441016592220196 0.0089519803574888372 0.0079146478475758848 0.00094055172250862267 0.0023584274375695507 -0.00035203557132829999 0.021730261762594995 -0.0054544339920729115 0.020106334379810308 -0.0048195335029120141 -0.0048749198968001881 0.011064912518413392 -0.0012859647653656403 -0.00182472656695735 0.0070595378528307169 0.021553507120053026 -0.0022267251461085755 0.021214650447601041 0.001152402942396463 0.0045868437359842624 0.0075186772737147918 0.011490521554457971 0.0048893814385151217 0.0060813127730507816 0.01646158138763652 0.014887698916024547 0.0071242743564197885 -0.0030307553920993152 0.023415200086036619 0.015965492555606142 0.0078208901704473668 0.0076162952362622497 0.0024655421952144746 0.0014284719767659823 0.0079876216991648374 -0.0015000659599056234 -0.0071864868416204033 0.094767261420787161 0.012744635353690701 -0.0030430866836278401
leaf_weight=40 52 2589 83 135 385 105 43 564 40 64 50 823 284 71 40 560 56 125 58 43 62 1683 363 109 60 159 406 1007 65 6790 43 2560 1029 62 46 218 442 117 3847 44 259 218 559 68 537 46 92 75 591 198 58 41 40 547 118 253 277 2995 51 41 104 118
leaf_count=40 52 2589 83 135 385 105 43 564 40 64 50 823 284 71 40 560 56 125 58 43 62 1683 363 109 60 159 406 1007 65 6790 43 2560 1029 62 46 218 442 117 3847 44 259 218 559 68 537 46 92 75 591 198 58 41 40 547 118 253 277 2995 51 41 104 118
internal_value=-0.000364624 -0.00109483 0.0087531 -0.00152993 -0.000275479 0.00445558 0.00727568 -0.000749805 0.000209885 0.0205784 0.0120549 0.00368967 -0.00260514 0.0172177 0.00350451 0.00244825 0.00827174 -0.000405912 -0.000565731 0.00381647 0.00815534 -0.00177297 -0.00128027 -0.000347186 0.00328007 0.006 0.00571736 0.0012764 0.0154306 -0.00353846 -0.000950298 -0.00203504 -0.00084717 0.00126059 0.00788991 0.000609847 0.00484914 0.025522 -0.00132489 0.013322 0.00396351 0.00664244 0.00819672 0.0146875 0.00248016 0.01 0.0113546 0.0148428 0.00238066 0.0010225 0.0100765 0.01505 0.00484536 0.0039675 0.0047929 0.00319323 0.00508474 -0.00111692 0.00403727 0.0106183 0.0131849 0.00338681
internal_weight=32608 30191 2417 27997 12922 2194 2150 11482 6574 267 527 2071 15075 123 1440 1255 459 5616 5514 958 102 8001 6318 3729 531 354 1623 1609 359 7074 3198 4908 2348 471 108 1319 695 181 3905 294 602 343 670 111 755 86 250 158 1612 1021 195 99 96 953 168 915 530 3155 160 185 145 560
internal_count=32608 30191 2417 27997 12922 2194 2150 11482 6574 267 527 2071 15075 123 1440 1255 459 5616 5514 958 102 8001 6318 3729 531 354 1623 1609 359 7074 3198 4908 2348 471 108 1319 695 181 3905 294 602 343 670 111 755 86 250 158 1612 1021 195 99 96 953 168 915 530 3155 160 185 145 560
cat_boundaries=0 1 2
cat_threshold=7938 1544
is_linear=0
shrinkage=0.05


Tree=9
num_leaves=63
num_cat=8
split_feature=1 2 39 8 22 2 0 25 0 6 13 22 5 3 39 20 22 22 27 22 16 25 16 2 25 9 30 13 26 27 1 11 1 6 5 22 33 9 40 26 23 31 30 25 0 5 22 1 22 3 30 10 25 3 25 33 6 3 5 0 22 0
split_gain=76.1793 24.2692 17.2819 10.275 7.1699 7.00931 6.64141 5.55757 5.3854 4.37952 3.92546 3.61989 3.6021 3.43325 3.26402 3.07917 2.99944 2.95401 2.88868 2.81814 2.9531 2.6471 2.63489 2.79244 2.61433 2.60491 2.58703 2.55639 2.51737 2.69016 2.5071 2.45214 2.45194 2.44462 2.42709 2.32252 2.23078 2.20301 2.20001 2.11939 2.0959 2.09147 2.06827 2.04462 2.04228 2.59503 1.91819 1.91488 2.36618 1.90329 1.88442 1.87089 1.84125 1.77458 2.7043 1.76175 1.7341 1.73217 1.67094 1.6536 1.70047 1.62436
threshold=-0.19415601444095773 -0.51082562376598994 0 0.39106422553067877 -0.1053105131576596 -0.16831897521691894 -0.4565949770979531 1 -0.28967915214108192 6.5081199683551487 0.57455709689993373 -0.087800135049670491 7.746358786503146 -0.78592891401091103 2 0.011235260688353515 -0.83921699195796584 -0.15500156214957042 12.500000000000002 -0.31361778204392649 -0.25589807960430927 3 -0.14905653868764365 -0.044451762570834046 4 0.47918065018033451 25.950000000000006 1.5558046836073745 36.500000000000007 7.5000000000000009 -0.17520408902509119 41.500000000000007 0.05264339564766108 7.6325855458405893 7.3710125642213979 -0.59319528364034835 28.192857142857147 0.5260458209065435 2.5000000000000004 21.500000000000004 0.13376928018749015 1.7500000000000004 0.25000000000000006 5 0.12871756468506404 7.389152903010916 -0.2977304245121683 -0.38416593228539359 -0.57294444648252218 -0.52712315915807506 40.050000000000004 0.01821773521844872 6 -0.18959096758636071 7 38.678571428571438 6.5081199683551487 -0.47579010441234221 7.8834459157873171 -0.17821433912856441 -0.73450587959729707 -0.088238857545020796
decision_type=2 2 1 10 10 2 2 1 2 2 2 10 2 2 1 10 10 8 2 10 2 1 2 2 1 10 2 2 2 2 2 2 2 2 2 8 2 10 2 2 8 2 2 1 2 2 10 2 10 2 2 2 1 2 1 2 2 2 2 2 10 2
left_child=1 3 4 19 7 35 16 25 40 36 38 12 14 15 22 -5 -3 21 28 20 31 33 23 41 61 27 -18 -2 29 -11 -20 -1 -31 44 -30 -4 -10 59 43 57 -9 -8 -32 -7 45 -12 -43 48 -24 -49 -22 58 -53 54 -19 -13 -26 -15 -44 60 -14 -6
right_child=2 6 5 13 24 10 11 8 9 18 17 55 37 39 -16 -17 26 53 30 -21 50 -23 47 -25 56 -27 -28 -29 34 32 42 -33 -34 -35 -36 -37 -38 -39 -40 -41 -42 46 51 -45 -46 -47 -48 49 -50 -51 -52 52 -54 -55 -56 -57 -58 -59 -60 -61 -62 -63
leaf_value=0.010365482599168148 -0.0021259044023367183 0.017030739586412259 0.0095280375090965545 0.039299307453564462 0.0031808992926116164 -0.0013447786785857952 0.0052101775790086976 0.02268858955208846 0.018870823076734954 -0.00017044774727818186 0.0013867295935602528 -0.00041345198161277371 0.006974361876790661 0.020240488123358366 0.0022170522655312656 0.052371366288610999 0.0057810824365464378 -0.0044031872642439065 0.012261437134186263 0.005228256092967851 0.0087570644260415581 -0.0023882499712288537 0.012014548154464571 0.0089288874079996149 0.0065369668418376343 0.0073001561421111583 0.021963452952805902 0.0069538293715465417 0.014632589277605218 0.0037965163797685393 -0.0020311288638946569 0.028089428585953865 0.017257375387974703 5.5331394571631122e-05 0.0053212005418118167 -0.00015370852005098891 0.0096484049575545489 0.017191343637316989 -0.0060013875954785037 0.018428216953335859 0.009887090838603084 0.015194946656760503 0.0065495824825359851 -0.0045570661109428767 -0.0021416534797201784 0.0070460261807874132 0.0094893930623957175 0.006931538885117894 0.0027716107912663739 0.0031058602469691428 0.011287873849967106 0.0060486215987410556 -0.00073266426743188529 -0.0040219575658711577 0.003314719781839206 0.0081750758060907015 -0.0041944861388950204 0.0018635488943704419 -0.0063790729104153251 0.00054328815717925546 0.00090359187568933737 -0.00040535915114368285
leaf_weight=68 1312 180 229 48 302 1715 73 62 41 257 115 782 298 43 312 57 245 420 53 111 195 1305 104 106 82 63 74 50 74 75 735 55 54 785 87 1795 146 43 4470 81 116 108 392 1638 53 94 41 51 71 337 56 162 606 6791 284 43 1905 41 58 766 357 1505
leaf_count=68 1312 180 229 48 302 1715 73 62 41 257 115 782 298 43 312 57 245 420 53 111 195 1305 104 106 82 63 74 50 74 75 735 55 54 785 87 1795 146 43 4470 81 116 108 392 1638 53 94 41 51 71 337 56 162 606 6791 284 43 1905 41 58 766 357 1505
internal_value=-0.000478392 0.00537603 -0.0014769 0.0135913 0.000462075 -0.00227709 0.00381889 0.00184968 0.0030932 0.00255381 -0.00259748 0.00304609 0.00394115 0.0214022 0.00596761 0.0285377 0.00921 -0.00193288 0.00201057 0.00920782 0.01128 -0.000386742 0.00747783 0.0111246 -0.00112517 -0.000713789 0.00626562 -0.00118122 0.0052281 0.00302325 0.00113104 0.017621 0.00888461 0.0014792 0.010463 0.000508641 0.00992021 0.00227304 -0.00343367 0.0167169 0.0115084 0.0143049 0.000836744 -0.00246422 0.0056654 0.00788095 0.0177 0.00546986 0.00980114 0.00349614 0.00811508 0.00210008 0.000598178 -0.00241796 -2.837e-05 0.000151331 -0.00236987 0.0109412 0.00465632 0.00193038 0.00377286 0.000255774
internal_weight=32577 4746 27831 755 8137 19694 3991 4343 2918 2740 17670 3492 2667 270 1203 105 499 9847 2553 485 374 2352 891 328 3794 1425 319 1362 547 386 2006 123 129 1047 161 2024 187 1464 7823 165 178 222 1953 3353 262 209 149 563 175 388 251 1218 768 7495 704 825 1987 84 450 1421 655 1807
internal_count=32577 4746 27831 755 8137 19694 3991 4343 2918 2740 17670 3492 2667 270 1203 105 499 9847 2553 485 374 2352 891 328 3794 1425 319 1362 547 386 2006 123 129 1047 161 2024 187 1464 7823 165 178 222 1953 3353 262 209 149 563 175 388 251 1218 768 7495 704 825 1987 84 450 1421 655 1807
cat_boundaries=0 1 2 3 4 5 6 7 8
cat_threshold=3328 646 7936 2610 2360 2916 2304 1167
is_linear=0
shrinkage=0.05


Tree=10
num_leaves=63
num_cat=9
split_feature=1 9 10 2 1 25 9 39 7 22 2 33 22 25 1 27 31 1 17 41 5 39 22 13 25 31 2 7 1 39 17 31 22 20 22 25 30 2 3 27 11 17 22 5 25 9 5 20 22 7 37 35 27 42 30 23 25 22 44 41 23 10
split_gain=72.0868 20.7809 13.9733 12.0495 6.54595 6.50708 6.10658 5.91634 5.68981 5.15565 4.6093 3.42186 3.96795 3.37117 2.92367 3.26826 3.14176 2.92324 2.88108 2.82706 2.79287 2.62264 2.61141 2.52754 2.95992 2.49654 2.48498 2.44535 3.36492 2.41589 2.37243 2.36074 2.34667 2.30424 2.27382 2.30689 2.30767 2.25313 2.25175 2.21755 2.42136 2.21518 2.21454 2.09938 2.84402 3.1355 1.93213 2.52587 1.89261 1.84499 2.44612 5.60559 3.75439 2.19881 2.10302 1.97778 1.82321 1.7935 2.58381 1.73863 2.00886 1.72366
threshold=-0.31838557872968826 0.16828638747530297 -0.2349896685091801 -0.56029585150048511 -0.82898601372034653 0 0.33224388444016645 1 7.9582416450496725 -0.33840338039978812 -0.051292268071787987 27.750000000000004 -0.69361726062090401 2 -0.51621647240086765 43.500000000000007 8.2500000000000018 -0.12734644696893446 -0.60377285505098077 8.0578784119106697 7.0580442439788529 3 -0.45934297130005491 1.3076928402358672 4 100.95000000000003 0.0039610434056562846 6.7217636430196466 -0.074107442326416514 5 0.32335220277803628 1.9500000000000004 -0.25308032973889832 0.013339327008449068 -0.29152100260512409 6 30.450000000000006 -0.14842000511827311 -0.068992871486951199 8.5000000000000018 85.500000000000014 -0.093863235502080741 -0.12675148041396941 7.696315287123336 7 0.1276485462896769 7.7739435607530778 0.047231512434543092 -0.31921093653369997 8.1605826951034022 37.500000000000007 0.016299002889140941 44.500000000000007 0.8546920821114371 1.8500000000000003 -0.46512588913409897 8 -0.69296029960093908 1.0000000180025095e-35 5.5295496323529418 0.2876820724517809 0.053955811208172839
decision_type=2 10 2 2 2 1 10 1 2 8 2 2 10 1 2 2 2 2 2 2 2 1 10 2 1 2 2 2 2 1 2 2 8 10 10 1 2 2 2 2 2 2 10 2 1 10 2 10 8 2 8 2 2 2 2 8 1 10 2 2 8 2
left_child=3 7 6 4 33 8 13 9 11 18 21 12 25 29 15 16 38 -9 19 -2 -14 32 -16 49 39 -4 42 28 -12 -3 46 -8 -7 -1 35 36 -23 48 -5 -25 -41 57 -13 44 45 -20 47 -31 -33 50 -11 53 -53 -52 -55 -56 -57 58 -6 60 -34 -29
right_child=1 2 5 14 41 10 31 17 -10 23 27 26 20 -15 22 -17 -18 -19 43 -21 -22 34 -24 24 -26 -27 -28 61 -30 30 -32 37 59 -35 -36 -37 -38 -39 -40 40 -42 -43 -44 -45 -46 -47 -48 -49 -50 -51 51 52 -54 54 55 56 -58 -59 -60 -61 -62 -63
leaf_value=0.046868952309780443 0.0091794919741319606 0.0018082686138220219 0.015064888679009777 0.010729816228165975 0.015563498586351776 0.0092535705392107204 0.011646314921090202 -0.00064044238227139853 -0.0015058115722620677 -0.0055867794411253221 0.015807411070419965 0.0066090925015782516 0.014316518340421289 0.0012904963091480732 0.0076004674853441343 0.0063241580558395533 0.018373063046891718 -0.0053970624612836851 0.0031126949354817793 0.0031890639743788265 -0.00032223181703697353 0.0020775408386526227 0.0030620782087919015 0.0038331258461103707 -0.0030948689335506606 0.008453952986060843 0.00063534045300751537 -0.002059510564069817 -0.0013930495416926217 0.017018824680634127 0.00079239615678502497 0.02621767577593765 0.0065598843236417022 0.046741789410644809 -0.0029532507285327286 -0.00090826884115541978 0.0069813818950747886 0.016067358850720713 -0.002991378318589664 -0.00092291990745772151 0.0064163756511375989 0.008730495856484553 0.00049807706652557995 -0.0016922703058003372 0.00015281644186766047 0.012979342616619718 0.0020513676071124902 0.01481723294430096 0.014709623147254675 -0.0053874658318326801 0.0059377431394619868 0.0067656672973178851 -0.0032603766532647198 -0.0036141977486517183 0.0032551509240641334 0.00067741777122761349 -0.0024509110021122896 0.013050468661918453 0.01218083831931862 0.00076297632247475323 -0.00060946093222453577 -0.0052263090623124921
leaf_weight=61 41 116 79 120 51 172 131 805 1620 796 79 513 52 824 732 218 206 6573 56 65 194 299 595 55 254 162 1495 1802 459 64 70 66 63 66 742 566 56 91 52 182 56 227 337 363 203 51 79 40 80 1495 82 56 50 2271 330 765 1562 80 41 602 46 3166
leaf_count=61 41 116 79 120 51 172 131 805 1620 796 79 513 52 824 732 218 206 6573 56 65 194 299 595 55 254 162 1495 1802 459 64 70 66 63 66 742 566 56 91 52 182 56 227 337 363 203 51 79 40 80 1495 82 56 50 2271 330 765 1562 80 41 602 46 3166
internal_value=-0.000491174 -0.00116082 0.000243494 0.00775714 0.0144592 -0.000313476 0.0047023 -0.00238673 0.00121891 -0.00149989 -0.00116086 0.00257324 0.0063832 0.00296064 0.00591736 0.00882747 0.0116359 -0.00342942 0.0023782 0.01 0.00190283 0.000596779 0.00460467 -0.00188184 0.00139598 0.0109298 0.00177962 -0.00197567 0.00122449 0.00685526 0.00960227 0.0103252 0.00277964 0.0243359 -0.000576465 0.00107917 0.00416667 0.0132983 0.00658959 0.00472039 0.00276151 0.0112625 0.00393654 0.00116469 0.00418006 0.0102966 0.012962 0.0174286 0.0171429 -0.00212406 -0.00172671 -0.001325 0.01 -0.00156655 -0.00170217 -0.000746803 -0.00126074 0.0155491 0.0203226 0.00153792 0.00731818 -0.0023224
internal_weight=32625 30176 14065 2449 526 12504 1561 16111 4452 8733 8052 2832 487 1193 1923 596 378 7378 779 106 246 2546 1327 7954 547 241 2345 5506 538 369 253 368 883 127 1663 921 355 237 172 293 238 399 850 673 310 107 183 104 146 7407 5912 5116 106 5010 4928 2657 2327 172 92 711 109 4968
internal_count=32625 30176 14065 2449 526 12504 1561 16111 4452 8733 8052 2832 487 1193 1923 596 378 7378 779 106 246 2546 1327 7954 547 241 2345 5506 538 369 253 368 883 127 1663 921 355 237 172 293 238 399 850 673 310 107 183 104 146 7407 5912 5116 106 5010 4928 2657 2327 172 92 711 109 4968
cat_boundaries=0 1 2 3 4 5 6 7 8 9
cat_threshold=2352 8002 1328 2528 1586 2240 1537 2849 2332
is_linear=0
shrinkage=0.05


Tree=11
num_leaves=63
num_cat=6
split_feature=1 2 9 2 6 1 25 9 22 39 10 39 10 23 9 22 39 16 22 17 11 1 33 39 22 15 15 14 33 7 26 31 5 27 33 26 33 39 33 5 22 33 6 27 1 14 7 7 40 21 40 16 31 27 7 2 8 41 1 8 44 16
split_gain=59.4274 17.5989 17.3666 10.3699 7.32363 7.30105 7.30011 6.6073 5.68094 5.26798 5.94425 5.13748 4.82094 3.70443 3.63514 3.22675 2.94739 2.9268 2.7525 2.66305 2.54445 3.10554 2.43042 2.40577 2.20614 2.19517 2.19415 2.1543 2.16467 2.57056 2.15385 2.12685 2.07669 2.07183 3.16716 2.04736 2.00102 1.91323 1.90099 1.86313 1.81866 1.80538 3.18035 2.22659 1.74099 1.72861 1.69367 1.68698 1.94774 1.82869 1.79282 1.73091 1.66422 2.15563 1.91436 1.66343 1.78774 1.65218 1.65182 1.64946 1.63841 1.63366
threshold=-0.2093502291818736 -0.51082562376598994 0.13386850152353932 -0.14458084419557513 7.822181857209384 -1.0438311874123467 0 0.21616910403328379 -0.29152100260512409 1 -0.058253748613998006 2 -0.29721993208892167 -0.28710768984984408 0.36478543843601768 -0.14924963639285599 3 -0.3566749439387325 -0.78746964357150795 -0.42931266257909811 71.500000000000014 0.34574587340654134 29.592857142857149 4 -0.39626239132937219 1.0000000180025095e-35 0.087622683188370867 0.33647223662121323 28.335714285714285 7.8562141432311643 38.500000000000007 5.6500000000000012 7.0664120673788737 45.500000000000007 34.892857142857146 40.500000000000007 28.592857142857149 5 37.078571428571436 7.4846844647537685 0.095338776172049278 26.407142857142862 8.3786072566347354 40.500000000000007 0.061390617348792371 -0.13353139262452215 6.703854655643009 7.9103460060708661 1.5000000000000002 7987.5000000000009 3.5000000000000004 -0.85012692034221116 188.15000000000003 28.500000000000004 7.7440253999133821 -0.27443684570176025 0.55389793250751052 3185.607731694829 -0.32922611711427935 0.25069387311555386 1.0000000180025095e-35 -0.085477864873287221
decision_type=2 2 8 2 2 2 1 8 10 1 2 1 2 10 10 10 1 2 8 2 2 2 2 1 10 2 2 2 2 2 2 2 2 2 2 2 2 1 2 2 10 2 2 2 2 2 2 2 2 8 2 2 2 2 2 2 10 2 2 10 2 2
left_child=1 5 16 8 6 -1 9 19 14 15 22 18 13 35 47 20 31 -16 -7 30 21 25 36 55 41 45 60 28 29 -14 -3 -2 -22 34 39 38 -11 -8 -9 -17 -41 42 43 -6 -19 -5 -33 48 51 -49 -51 -4 54 -54 -15 56 -10 -39 -31 -30 61 -13
right_child=2 7 3 4 24 11 37 12 23 10 -12 26 27 52 17 33 -18 44 -20 -21 32 -23 -24 -25 -26 -27 -28 -29 59 58 -32 46 -34 -35 -36 -37 -38 57 -40 40 -42 -43 -44 -45 -46 -47 -48 49 -50 50 -52 -53 53 -55 -56 -57 -58 -59 -60 -61 -62 -63
leaf_value=0.063800711975993893 -0.0045589992511884383 0.0025492023180190906 0.0093536263474749328 0.010178393161650789 0.0035556317096243858 0.017844766054287611 -0.0043718768369367788 0.018869507554814688 0.0069549821344325781 0.010540740027881471 -0.001388539896406443 0.019332335750497122 0.010864038347547763 0.0096817160986669842 0.022324217043067109 -0.0038493217166704029 -0.0046818513159863099 0.011770760615271224 0.0059209178314932748 -3.1123120257667485e-05 0.0066651646839738067 0.0017219433684334817 0.0023716346737035474 -0.0012311621683407591 -0.0042989155723718317 0.0079572365275824199 0.016630591428958022 -0.000243278697220655 0.00033904004370398431 0.0054400625668070118 0.0068978753428614167 0.0032575933875762285 -0.00027879311763899831 -0.0024090829957605707 0.010835593875907729 0.0076306116512520035 0.01267594805513643 -0.0011502433913005504 0.0044243334191163197 0.0062505403246883376 0.00044285995704514554 -0.0023791449898607972 -0.0024033793201928347 0.015299671901327175 3.6712628161056332e-06 0.015622836934957718 -0.0016033937231185352 -0.0019564896238975665 -0.00042838560937642344 0.0010983257760947718 0.0058848158603796033 0.0064030134013598021 0.017900353683373459 0.0068267791620191453 -0.00090049245430047801 -0.00017973202058997533 -0.0044741952948330549 0.0070862735565429122 -0.00082743812028859159 0.0066680202081931608 0.014721860386728965 0.013706234050741648
leaf_weight=75 1956 218 63 96 100 47 931 181 125 99 1504 71 124 195 79 153 6109 100 254 1260 70 107 133 1068 3779 154 113 326 269 79 85 143 195 211 100 78 57 2684 42 54 87 2536 199 41 81 138 3308 232 136 329 186 563 45 46 100 153 44 84 65 518 125 56
leaf_count=75 1956 218 63 96 100 47 931 181 125 99 1504 71 124 195 79 153 6109 100 254 1260 70 107 133 1068 3779 154 113 326 269 79 85 143 195 211 100 78 57 2684 42 54 87 2536 199 41 81 138 3308 232 136 329 186 563 45 46 100 153 44 84 65 518 125 56
internal_value=-0.000520425 0.00490281 -0.00136175 -0.000330196 -0.000933177 0.0119205 0.000213618 0.00346779 0.00224842 0.00197539 0.000185697 0.0102249 0.00532141 0.00874273 0.00412712 0.00430596 -0.00285491 0.00957854 0.00479167 0.00101343 0.0065046 0.00861895 0.00674138 -0.000143783 -0.00211463 0.0106941 0.0141622 0.00361433 0.00471117 0.00858736 0.00521381 -0.00199059 0.00253759 0.00160891 0.00374683 0.0128973 0.0109554 -0.00129245 0.0153348 0.00111864 0.00524648 -0.00107056 0.00234604 0.00806338 0.00601648 0.0137447 -0.0012471 0.00318212 0.00483617 0.00149064 0.00314922 0.00601276 0.00547803 0.0113587 0.00363176 0.00357357 0.00708823 -0.000626126 0.004 0.00338198 0.0171541 0.0212109
internal_weight=32559 4372 28187 16671 13512 741 6857 3631 3159 3158 1793 666 2068 687 1769 1365 11516 260 301 1563 760 495 289 1390 6655 388 365 1381 1055 268 303 5407 265 605 394 301 156 3699 223 294 141 2876 340 141 181 234 3451 1509 762 747 515 626 386 91 295 322 169 2768 144 787 252 127
internal_count=32559 4372 28187 16671 13512 741 6857 3631 3159 3158 1793 666 2068 687 1769 1365 11516 260 301 1563 760 495 289 1390 6655 388 365 1381 1055 268 303 5407 265 605 394 301 156 3699 223 294 141 2876 340 141 181 234 3451 1509 762 747 515 626 386 91 295 322 169 2768 144 787 252 127
cat_boundaries=0 1 2 3 4 5 6
cat_threshold=2864 3584 3618 7434 384 4118
is_linear=0
shrinkage=0.05


Tree=12
num_leaves=63
num_cat=4
split_feature=1 2 9 7 2 8 22 8 10 25 10 41 13 22 13 33 16 2 25 1 3 10 25 9 15 4 31 10 9 1 42 25 7 3 23 33 7 7 31 13 30 15 31 9 9 23 13 7 10 41 9 19 30 27 41 21 42 31 21 42 8 22
split_gain=54.9887 18.8738 15.6671 8.68953 7.35564 6.20051 5.9958 5.68719 5.175 3.98449 3.62659 3.55929 3.52773 3.41174 3.18396 3.04226 2.93364 2.88436 3.72025 2.79848 2.73959 2.70975 2.70618 2.98351 2.46461 2.48857 2.43163 2.39326 3.67443 2.33462 2.29963 2.25767 2.23445 2.03433 2.01077 1.95579 2.00055 1.95284 1.85031 2.3102 2.48357 1.82857 1.74875 1.7039 1.69083 2.23065 3.0769 1.68465 2.03962 2.20388 1.63447 1.92466 1.59438 1.55627 1.57942 1.54771 2.13511 1.52697 2.45944 2.00073 1.92306 1.55465
threshold=-0.19415601444095773 -0.63174707572922484 0.13967515995660676 7.7758238322760027 -0.31542860566350978 0.38482601590588428 -0.17688639959420357 0.26611854783771605 -0.11323528049790575 0 0.0065476212247084229 6.3533452807646364 0.48583960155829403 -0.36879340956605816 2.5850326938441905 26.13571428571429 -0.085477864873287221 0.0039610434056562846 1 0.0064768870366465068 -0.72901791152133277 -0.093031299193794478 2 0.46938884865820862 -0.30305917037215296 -0.27756556010686267 21.050000000000001 0.010025651981590668 0.58530278692017357 -0.49643688631389121 0.98373876255949244 3 6.4968276677842605 -0.18232155679395465 -0.030556187859712921 28.421428571428574 7.2685103033197418 7.0317417800292299 78.350000000000023 1.3452339285714288 0.15000000000000005 0.37119921679139761 54.850000000000016 0.19433074714416743 0.29089621154696838 -0.87241409241161383 0.74999953125058616 6.7817245069548102 -0.1079496270645368 788.61871584699463 0.35557118259345927 -1.6034215644487022e-17 63.050000000000011 33.500000000000007 159.67400553441718 1785.5000000000002 0.91596045197740128 17.400000000000006 3993.7500000000005 0.68237250554323736 0.067057130831564726 -0.31361778204392649
decision_type=2 2 8 2 2 10 8 10 2 1 2 2 2 10 2 2 2 2 1 2 2 2 1 10 2 2 2 2 8 2 2 1 2 2 10 2 2 2 2 2 2 2 2 10 10 10 2 2 2 2 10 2 2 2 2 8 2 2 8 2 10 10
left_child=1 5 12 4 19 11 10 29 17 15 22 -1 -2 14 27 37 20 18 30 35 -7 55 -6 26 25 33 -24 28 43 -3 -9 34 -31 -20 -10 -4 -37 -8 39 42 -41 -28 53 -5 -26 -46 -47 48 49 -14 51 -44 -39 54 -23 -17 -57 59 61 60 -49 -59
right_child=2 7 3 13 6 16 9 8 31 -11 -12 -13 47 -15 -16 21 -18 -19 24 -21 -22 38 23 -25 44 -27 41 -29 -30 32 -32 -33 -34 -35 -36 36 -38 52 -40 40 -42 -43 50 -45 45 46 -48 57 -50 -51 -52 -53 -54 -55 -56 56 -58 58 -60 -61 -62 -63
leaf_value=0.011796908580505548 -0.00490965097621128 0.0072053024264860672 0.012509512140061513 -0.0018153249359168793 -0.00029376355084974787 0.049840630886358019 0.019645298739518591 0.0024690931697258921 0.0035738580858590027 -0.0032344190047933412 0.00098325716380022639 0.011908164398838336 0.010428346195270069 -0.0037027301639425258 0.01255475081366449 0.0012317045047106224 0.018500159479443001 0.0052474053712880395 0.010974413654584332 0.0037456995917404924 0.013391110475917074 -0.00098454663646066302 0.0033151158025072633 0.091598913685900896 0.0058295516129193373 0.018943962544079002 0.0099199243855001805 -0.002845212159544681 0.01108755263168793 0.0071071424362760295 0.0088222732286273257 0.00067739298953759268 0.0013933487687872487 0.0050284679351619227 0.013311473021067647 0.011980794963221186 0.0029525740402999911 -0.0011031613030202914 -0.0015495025882715186 -0.0026158105491335517 0.0096475496654308442 0.0029589136407747354 0.0029627644678810678 0.0018889304194095924 0.018031515785390192 0.016744908262863269 0.0078391239073029289 0.013697872733053658 -0.00094137429886702101 -0.0023183478054244334 -0.0044846521141416662 0.01277249985742201 0.0093465710615414158 -0.0045711045185120218 0.0088446418243458835 0.0023831058911157714 0.011331428244974722 0.0037666249408747315 -0.0037898830182082678 -0.0043178182064020137 -0.0043478784030586597 -0.00088858338076594186
leaf_weight=71 3750 111 79 657 179 69 41 257 74 2419 1045 170 40 4312 90 161 93 207 100 244 45 269 279 56 181 70 208 2066 41 54 54 517 2302 52 49 129 97 73 1268 42 90 79 58 925 54 56 97 63 517 43 51 46 63 410 161 69 90 97 2249 3602 60 1691
leaf_count=71 3750 111 79 657 179 69 41 257 74 2419 1045 170 40 4312 90 161 93 207 100 244 45 269 279 56 181 70 208 2066 41 54 54 517 2302 52 49 129 97 73 1268 42 90 79 58 925 54 56 97 63 517 43 51 46 63 410 161 69 90 97 2249 3602 60 1691
internal_value=-0.000597062 0.0044161 -0.00143837 -0.000401001 0.00080057 0.0141648 0.00037231 0.00338173 0.0055455 -0.000480988 0.0028262 0.00865702 -0.00279122 -0.00154535 -0.000448414 0.000771614 0.0205048 0.00758193 0.00877983 0.00637273 0.025913 0.000358983 0.00535536 0.00685624 0.0110306 0.015426 0.00585538 -0.000676153 0.000760467 0.00182942 0.00386646 0.00195008 0.00149342 0.0116993 0.00772388 0.00955882 0.00713656 0.00710674 -0.000219116 0.00125443 0.00744361 0.00907986 0.000426706 0.000372709 0.00876607 0.011851 0.00866883 -0.0022193 0.000332778 0.00755952 0.00528846 0.00885714 0.00416058 -0.000475625 0.00162413 0.0046729 0.00815625 -0.00241659 -0.0017422 -0.00314681 0.00310484 -0.000357743
internal_weight=32592 4683 27909 15797 7706 448 7157 4235 1768 5311 1846 241 12112 8091 3779 2892 207 1128 921 549 114 2715 801 622 610 222 566 3689 1623 2467 311 640 2356 152 123 305 226 177 2395 1127 132 287 995 1582 388 207 153 8362 600 83 155 104 136 840 430 320 159 7762 4037 3725 123 1788
internal_count=32592 4683 27909 15797 7706 448 7157 4235 1768 5311 1846 241 12112 8091 3779 2892 207 1128 921 549 114 2715 801 622 610 222 566 3689 1623 2467 311 640 2356 152 123 305 226 177 2395 1127 132 287 995 1582 388 207 153 8362 600 83 155 104 136 840 430 320 159 7762 4037 3725 123 1788
cat_boundaries=0 1 2 3 4
cat_threshold=2928 3202 132 288
is_linear=0
shrinkage=0.05


Tree=13
num_leaves=63
num_cat=7
split_feature=0 2 0 39 6 25 9 22 2 2 22 0 6 41 22 37 35 35 25 9 9 9 33 7 0 5 41 21 26 30 5 41 22 14 22 10 33 25 9 39 33 22 14 4 41 7 12 17 4 2 0 30 4 2 4 17 39 39 3 29 34 30
split_gain=57.5907 15.6635 12.5044 11.9522 7.82571 5.28495 4.29587 5.67295 4.38194 4.05399 3.41793 3.09804 2.91532 2.83337 2.76474 3.00251 4.29558 3.15387 2.68948 2.99574 2.60041 2.59207 2.57374 2.39257 2.32825 2.17455 2.14983 2.13199 2.91313 2.1254 2.75378 2.53238 2.11189 2.07088 2.49935 1.98691 1.94918 1.86518 1.81967 2.17464 2.08272 1.86575 1.7641 1.76076 1.65233 2.36317 2.37559 1.55132 1.60107 1.91021 1.53701 1.51166 1.47305 1.63339 1.89988 1.65453 1.41013 1.39026 2.32822 2.076 1.48046 2.0818
threshold=-0.22314355131420924 -0.40546488338911318 -0.4565949770979531 0 7.8055379158819003 1 0.10158086405796482 -0.1053105131576596 0.042227215032464745 -0.74721440183022059 -0.14310054144292014 -0.81093021621632866 6.5081199683551487 13.683771929824564 -0.082082380517280229 35.500000000000007 0.017866314712239668 0.18291279485089193 2 0.26007240679786425 0.22529673791557275 0.18333402945071861 28.450000000000006 6.4968276677842605 -0.10536051565782632 7.8752145472642319 301.62152777777777 1998.4400000000003 37.500000000000007 0.8500000000000002 6.5320829621881993 4.9818121693121702 -0.17688639959420357 -0.25650469876072685 -0.31361778204392649 0.083211960102887353 26.63571428571429 3 0.31973432132619389 4 29.921428571428574 -0.33535042091125183 -0.013605652055779014 -0.38299168407396461 111.12586805555557 7.1011418502458374 46.500000000000007 -0.70443962236544433 0.31045516617165309 -0.14458084419557513 -0.11466384290045271 110.50000000000001 -0.76889436484822749 -0.31542860566350978 0.50528847389900611 -0.03545998504147984 5 6 -0.20252426411147303 1.0000000180025095e-35 1.0000000180025095e-35 39.650000000000006
decision_type=2 2 2 1 2 1 10 10 2 2 10 2 2 2 10 10 2 2 1 10 8 8 2 2 2 2 2 10 2 2 2 2 8 2 10 2 2 1 10 1 2 10 2 2 2 2 2 2 2 2 2 2 2 2 2 2 1 1 2 2 2 2
left_child=2 18 9 14 5 12 13 8 38 11 21 -1 47 -7 15 44 32 -18 42 -20 25 24 -21 26 56 27 -10 -4 -29 30 -11 -31 -17 34 -33 -25 -23 -22 39 40 -8 43 -2 -40 45 46 -3 -5 49 -49 -47 -41 -39 -54 -55 -56 -6 60 59 -59 -38 -62
right_child=1 3 20 4 10 6 7 -9 23 29 -12 -13 -14 -15 -16 16 17 -19 19 22 37 36 -24 35 -26 -27 -28 28 -30 31 -32 33 -34 -35 -36 -37 57 52 41 51 -42 -43 -44 -45 -46 50 -48 48 -50 -51 -52 -53 53 54 55 -57 -58 58 -60 -61 61 -63
leaf_value=0.045521694670743622 0.008022037566963033 -0.0017882281167828089 0.0018429752738678886 -0.011397478722721758 0.0028375490041917086 0.00024115341020537751 0.012492115200107292 -0.00010255280497263784 0.0034629331715708132 0.01971326487414693 -0.003775473503922178 0.011839354272744903 -0.0017860323017526104 -0.0041536412246301847 -0.0052803533735071746 0.0015364906292068584 0.0060279654121957104 0.0010641667200146083 -3.8567071516595758e-05 0.012578482848826705 0.0029086539252312573 0.0040644037475096734 0.0066823692566781714 0.0049289079371510206 -0.0031513636253565937 -0.00014602917437817574 0.011846020907657266 0.0020633030108950417 0.011361858827688261 0.017526485358233333 0.0066551826078281627 0.015157720656234917 -0.003676262308263881 0.0079951881988334899 0.0041081375459220389 -0.00094495573676677133 -0.0026139978949174061 0.013715042099521535 0.023305171576670242 0.0036683098506112644 0.0027804856262919307 0.0071068990591834349 0.013804985029002901 0.011178711133766513 -0.0041891332382628385 0.001549664952135072 0.0072402842628245022 0.032731350487002979 0.0050423034452018057 0.0023438656260357329 -0.0029835426911498076 0.007477487487858191 0.011501404337460127 0.0044295380122548389 0.010957455727555153 0.0029390426765974194 -0.0021320601362298688 0.011214676290404253 -0.0001464192319240283 0.0010642605421271668 -0.0048230752106898905 0.0099391889874685963
leaf_weight=80 109 67 393 48 262 43 93 2113 119 45 3920 77 3432 628 3804 106 78 75 378 94 362 322 260 369 2431 535 50 100 65 118 358 94 354 173 45 831 1328 79 40 734 101 77 179 106 2564 322 43 46 46 195 2446 42 185 468 42 54 187 77 770 117 40 51
leaf_count=80 109 67 393 48 262 43 93 2113 119 45 3920 77 3432 628 3804 106 78 75 378 94 362 322 260 369 2431 535 50 100 65 118 358 94 354 173 45 831 1328 79 40 734 101 77 179 106 2564 322 43 46 46 195 2446 42 185 468 42 54 187 77 770 117 40 51
internal_value=-0.000538587 -0.00123686 0.0057529 -0.00145498 -0.000708037 0.000338489 0.00134777 0.0018873 0.00346859 0.010444 -0.00171208 0.0178165 -0.0010945 -0.00238839 -0.0028617 -0.0022003 0.00111563 0.00834415 0.00484819 0.0030821 0.00371497 -0.000917473 0.00642253 0.0015365 -0.00196113 0.00195155 0.00708823 0.00413238 0.00888554 0.00903477 0.00639851 0.0114849 -0.00130152 0.00907348 0.0136071 0.000749374 0.000194012 0.00533165 0.00568258 0.00473738 0.00941463 0.00975446 0.00889632 0.0130612 -0.00257395 -0.00175061 0.0054054 0.00334821 0.00473958 0.00307851 -0.00203684 0.00339263 0.00662694 0.00600667 0.00465487 0.0110309 0.00134444 -0.000299917 0.00115897 0.00605128 -0.00129021 0.00483696
internal_weight=32770 29497 3273 28477 18618 9113 5346 4675 2562 990 9505 157 3767 671 9859 6055 613 153 1020 732 2283 5585 354 1369 2880 1093 169 558 165 833 403 430 460 312 139 1200 2705 1190 1193 970 194 223 288 146 5442 2878 110 335 287 241 2768 776 828 749 564 96 449 2383 964 194 1419 91
internal_count=32770 29497 3273 28477 18618 9113 5346 4675 2562 990 9505 157 3767 671 9859 6055 613 153 1020 732 2283 5585 354 1369 2880 1093 169 558 165 833 403 430 460 312 139 1200 2705 1190 1193 970 194 223 288 146 5442 2878 110 335 287 241 2768 776 828 749 564 96 449 2383 964 194 1419 91
cat_boundaries=0 1 2 3 4 5 6 7
cat_threshold=23 1166 816 1539 1024 552 5664
is_linear=0
shrinkage=0.05


Tree=14
num_leaves=63
num_cat=4
split_feature=1 2 9 10 1 7 25 9 22 21 22 7 33 10 9 6 1 25 13 33 11 1 13 25 22 25 21 27 41 12 20 7 27 22 41 9 11 12 30 37 35 3 7 20 21 3 18 22 31 22 10 30 27 41 2 3 13 27 33 29 13 30
split_gain=44.6076 13.9706 11.6888 7.53546 6.77471 5.63498 4.37324 4.15746 4.32932 4.29273 3.98864 4.02011 3.61552 3.30276 3.13103 3.1198 2.97387 2.82725 4.65775 2.75872 2.72286 2.45384 2.349 2.34199 2.29436 2.26638 2.2469 2.79334 2.83682 2.22258 2.19273 2.45892 1.99498 2.25797 1.9756 1.89102 1.86882 1.85569 1.80867 1.77188 4.07435 1.70323 2.28468 2.43225 1.68223 1.63406 1.61921 1.5704 1.97557 1.55482 1.53717 1.52001 1.48863 2.14666 1.57421 1.68695 1.48457 1.477 1.38668 1.34723 1.33459 1.32713
threshold=-0.19415601444095773 -0.51082562376598994 0.26007240679786425 -0.27357467573100619 -1.0438311874123467 6.7641000576112846 0 0.087702735270623236 -0.196709424681593 3204.0000000000005 -0.73450587959729707 6.7217636430196466 27.707142857142859 0.20110204400676016 0.21459532589739591 8.3180409615116719 -0.31838557872968826 1 1.2133346666666669 33.992857142857154 72.500000000000014 0.0064768870366465068 0.74999953125058616 2 -0.69361726062090401 3 750.83500000000015 8.5000000000000018 5.1138286620835549 72.500000000000014 0.032769147568252714 7.3224446541603312 35.500000000000007 -0.35665855022735854 5706.0234451450206 0.29930070339366571 50.500000000000007 34.500000000000007 5.0500000000000016 37.500000000000007 0.033434974862369425 -0.1643026941485459 6.4968276677842605 -0.014753565081792819 1344.0350000000001 0.32702850316407611 -1.3798647684377789 -0.32398680725996859 207.25000000000003 -0.42109216111082687 -0.10293116702983295 38.650000000000006 29.500000000000004 3.6208286985539497 -0.23314308466690423 -0.15415067982725847 1.1992507387220812 59.500000000000007 39.164285714285718 1.0000000180025095e-35 1.1764706920416448 1.0000000180025095e-35
decision_type=2 2 10 2 2 2 1 8 10 8 8 2 2 2 10 2 2 1 2 2 2 2 2 1 10 1 10 2 2 2 10 2 2 8 2 8 2 2 2 10 2 2 2 10 8 2 10 10 2 10 2 2 2 2 2 2 2 2 2 2 2 2
left_child=1 4 5 25 -1 17 12 39 9 38 46 19 15 49 36 24 26 18 41 -12 -20 -11 -14 30 -5 -4 35 28 -28 -27 31 -16 44 -34 51 60 -6 -32 -9 -7 -41 -2 43 -43 45 -24 -3 48 -40 61 59 -10 54 -54 -48 -56 -25 -21 -15 -37 -13 -8
right_child=2 10 3 6 14 7 13 8 34 21 11 16 22 58 23 -17 -18 -19 20 57 -22 -23 32 56 -26 29 27 -29 -30 -31 37 -33 33 -35 -36 50 -38 -39 47 40 -42 42 -44 -45 -46 -47 52 -49 -50 -51 -52 -53 53 -55 55 -57 -58 -59 -60 -61 -62 -63
leaf_value=0.052449319545476283 0.0097209380662576627 0.0090724586790131307 0.010257219366734615 0.01666287099581416 -0.0014290903707882782 -0.0043475167529352056 -0.00042776420991332866 -9.9441894601517247e-06 -0.0037015858445093226 -0.00040410027037500777 0.0045440459849854578 0.0035500428725640035 -0.0016499895062831223 -0.0057907215308613301 0.018560019059739176 -0.0042664537876839935 0.00057478588655102993 -0.00036980820025440123 0.0043471229706073932 0.014509995206000943 0.01007219398508212 -0.0028351639208005165 0.012422501727948131 0.0062016045483979437 0.0067002997446962758 0.019824584840001748 0.011423899490556695 0.0010475142756049374 0.0038387493807060602 0.0002686743207487231 0.025207930059949701 0.0052436083156069662 0.015138106324045825 -0.0017158559619274039 0.003069741205292268 0.012435097001753811 0.0087815923455279166 0.014277654198796431 0.0028869532936066089 -0.0040396314216514248 0.0037208561014517119 -0.00072351481342435681 -0.0057153485794865476 0.012420673122071438 0.0037930338829350661 0.0018348435699835691 0.015137926350928785 0.0019858445505832305 0.0088960256218678837 -0.0007654155168538789 0.0025100576163329998 -0.0012037525401052901 0.014335070855473636 -8.8948117484326236e-06 0.0093724545894061911 0.0015628374617792041 0.012554474663271182 0.0076329752305932573 0.010760340064191708 0.013585451143652684 0.0062041247136535851 0.0059067742668774481
leaf_weight=72 47 53 227 71 115 4783 487 487 6284 3341 129 272 542 1362 59 45 1913 899 47 92 40 3466 68 199 76 145 57 751 122 40 51 73 43 339 47 60 65 66 137 207 73 64 176 48 369 48 55 291 83 1543 49 1457 53 147 43 57 80 47 54 51 73 586
leaf_count=72 47 53 227 71 115 4783 487 487 6284 3341 129 272 542 1362 59 45 1913 899 47 92 40 3466 68 199 76 145 57 751 122 40 51 73 43 339 47 60 65 66 137 207 73 64 176 48 369 48 55 291 83 1543 49 1457 53 147 43 57 80 47 54 51 73 586
internal_value=-0.000584276 0.0038668 -0.00134747 0.000599569 0.00998719 -0.00188302 0.000121582 -0.00208549 -0.0016811 -0.000848707 0.00267826 0.00214819 0.0023232 -0.000756865 0.00847673 0.00875648 0.00167513 0.00128215 0.00459584 0.00802974 0.0149432 -0.00129774 0.00145745 0.0104159 0.0122635 0.00711864 0.00339485 0.0019334 0.00752778 0.0110969 0.0140577 0.0100752 0.00307028 0.000365534 -0.00251509 0.00607707 0.00276243 0.0196186 0.00221221 -0.00333037 0.000533807 0.00200893 0.000553632 0.00610619 0.00519547 0.0104273 0.00735941 0.00428711 0.00746606 0.000294229 0.010559 -0.0025775 0.00610955 0.00323383 0.00977564 0.00594059 0.00639655 0.0128929 -0.00270289 0.0137946 0.00397399 0.00175512
internal_weight=32826 4804 28022 6045 780 21977 5633 20656 15593 7805 4024 3616 1601 4032 708 192 3348 1321 422 268 87 6807 1409 528 147 412 1435 930 179 185 249 132 867 382 7788 505 180 117 998 5063 280 335 288 112 485 116 408 511 220 2616 160 7741 355 200 155 100 279 139 1416 111 345 1073
internal_count=32826 4804 28022 6045 780 21977 5633 20656 15593 7805 4024 3616 1601 4032 708 192 3348 1321 422 268 87 6807 1409 528 147 412 1435 930 179 185 249 132 867 382 7788 505 180 117 998 5063 280 335 288 112 485 116 408 511 220 2616 160 7741 355 200 155 100 279 139 1416 111 345 1073
cat_boundaries=0 1 2 3 4
cat_threshold=2096 3905 821 2247
is_linear=0
shrinkage=0.05


Tree=15
num_leaves=63
num_cat=9
split_feature=0 1 39 0 6 9 3 3 25 39 37 25 37 0 25 9 16 33 31 3 9 9 22 1 5 5 15 33 33 21 27 20 7 3 7 9 3 7 30 31 0 17 25 17 25 39 27 22 18 22 3 27 41 6 27 7 20 9 8 5 7 25
split_gain=44.7204 15.8238 7.82058 7.65582 5.52438 5.12441 4.93169 4.92229 4.30713 4.00455 3.26518 4.99989 4.19272 2.91399 2.75017 2.55635 2.48735 2.48161 2.43237 2.27748 2.27134 2.2004 2.12937 2.28207 2.0543 2.00804 2.16522 2.14581 1.96136 1.94826 1.91263 1.89137 1.84136 2.5264 1.79846 1.76051 1.92563 1.80875 1.69576 2.38426 1.68177 1.74318 1.65228 1.63286 2.23999 2.61257 2.12578 1.62187 1.59686 1.58442 1.57417 2.45352 1.59618 2.1262 2.02751 1.51264 1.48687 1.48159 1.66521 3.05176 1.45475 1.94493
threshold=-0.25593369671774274 -0.11434536426495699 0 -0.81093021621632866 7.822181857209384 0.21459532589739591 -0.37967880436381923 -0.64633845725034644 1 2 34.500000000000007 3 68.500000000000014 -0.4565949770979531 4 0.4990252044267986 -0.85012692034221116 27.50714285714286 89.950000000000017 -0.33647223662121245 0.24828222321506868 0.48820045946088475 -0.078781205722074268 0.36772554935549545 6.9675070680091489 7.0416782700384797 -0.08346458960474655 26.700000000000006 31.850000000000009 593.2750000000002 12.500000000000002 -0.00043440617121251137 7.9408490882998253 0.36179129460457876 6.4968276677842605 0.080974249026183498 0.055571241116254562 7.0074974690426606 20.550000000000004 267.05000000000007 0.019585101315495738 0.060468039828049054 5 -0.13623362268383662 6 7 5.5000000000000009 -0.33535042091125183 0.036084702626981859 -0.33535042091125183 -0.015504186535964413 33.500000000000007 4.9818121693121702 7.6169107076189952 21.500000000000004 8.1799915326880459 0.01228252252254068 0.41854841191421771 0.53649740122001222 6.4949293585652406 8.238889215766342 8
decision_type=2 2 1 2 2 10 2 2 1 1 10 1 10 2 1 10 2 2 2 2 8 10 10 2 2 2 2 2 2 10 2 10 2 2 2 10 2 2 2 2 2 2 1 2 1 1 2 8 8 10 2 2 2 2 2 2 10 10 10 2 2 1
left_child=3 5 10 7 8 24 14 15 57 22 -3 12 18 19 -7 -1 -16 35 -12 21 40 49 23 30 -2 26 28 55 -8 -21 -10 -20 33 47 -32 -11 37 -37 -39 -40 41 60 48 44 45 46 -26 -15 -29 -5 51 52 53 -19 -54 -27 -33 -4 59 -59 61 -6
right_child=1 2 4 13 20 6 25 -9 9 17 11 -13 -14 32 16 -17 -18 50 31 29 -22 -23 -24 -25 43 27 -28 42 -30 -31 34 56 -34 -35 -36 36 -38 38 39 -41 -42 -43 -44 -45 -46 -47 -48 -49 -50 -51 -52 -53 54 -55 -56 -57 -58 58 -60 -61 -62 -63
leaf_value=0.034795436587655798 0.0033447060238128105 -0.0040735598183990048 -0.0026497161196116373 0.010448308649259101 0.0019338732300631101 0.017063010248590166 0.015988365472228268 0.010788389629689799 0.0089994228062922968 -0.01057370990473815 0.0010977804748648014 -0.0046630069851395532 -0.0046983108260060802 0.0078442610593866691 0.024127510079438221 0.052269988867891193 0.0048312550409154147 0.010017514712602257 0.00082727052949423769 0.010931222251555472 -0.0010622293858479268 0.019780662794138079 0.00046839000128938489 -0.0011300391189280963 0.0080510605718103669 0.0087304339234234741 0.004747195241508218 0.0060744615053931594 0.0066130873810440367 0.0051704133491552208 0.012468236237478834 0.0068008392355063674 0.0013085842618529037 0.0092318612798450838 0.0025246622131284958 0.01070742789309068 0.0022310202605111715 -0.0078105937051288175 0.010555545403479824 -0.00027557750496492648 -0.0044221440475136235 -0.0032392672970470854 -0.0017041531737989884 -0.0013336492094067401 -0.0012137236444542787 -0.00039339546368751595 0.0029982115645717745 0.0026930978256508005 -4.6365815976576056e-05 0.0014952872541375991 -0.003641297619638004 -0.0021901860603491231 -0.00099090723679770066 0.0014962112603793788 0.0077521030775689476 -0.00063099991661004029 0.0046296439586508325 0.087477534114718591 -0.0071557772130109651 0.0014645491354815215 -0.0029433989757754481 -0.00092765801729048397
leaf_weight=49 381 7927 2811 230 414 121 55 123 235 96 92 467 109 306 55 44 374 48 42 99 1981 49 898 199 43 84 210 278 63 345 71 42 676 63 772 41 309 42 69 42 2692 1463 634 2187 464 202 265 570 412 66 1360 286 159 41 48 56 44 42 141 184 792 368
leaf_count=49 381 7927 2811 230 414 121 55 123 235 96 92 467 109 306 55 44 374 48 42 99 1981 49 898 199 43 84 210 278 63 345 71 42 676 63 772 41 309 42 69 42 2692 1463 634 2187 464 202 265 570 412 66 1360 286 159 41 48 56 44 42 141 184 792 368
internal_value=-0.000656525 -0.00120002 -0.00176278 0.00560855 -0.00108998 0.00112659 0.00294067 0.0146083 -0.000160862 0.000797545 -0.00296142 8.78282e-05 0.00472059 0.00479418 0.00707804 0.0232447 0.00478409 -0.00055055 0.00882353 0.00728481 -0.00204254 0.0103324 0.00236734 0.00368936 -7.33853e-05 0.0016676 0.00519757 0.000873719 0.0105882 0.00489888 0.00459685 0.0132558 0.00357364 0.00500532 0.00347749 0.00225833 0.00344246 0.00733333 0.00477273 0.00799107 -0.00254712 -0.00173963 0.000249055 -0.000491779 0.00121026 0.00345489 0.00630094 0.00429874 0.00192582 0.0086532 -0.00142048 0.000754716 0.00393939 0.0095 0.00151442 0.00673759 0.0174713 -0.00158043 0.00139946 0.00405286 -0.000584128 0.000945082
internal_weight=32831 30211 24327 2620 15604 5884 2342 216 7894 4716 8723 796 329 2404 550 93 429 2541 220 789 7710 345 2175 1277 3542 1792 328 1464 118 444 1078 128 1615 939 843 599 503 194 153 111 5729 3037 1324 3161 974 510 308 876 690 296 1942 582 296 89 207 140 86 3178 367 226 1574 782
internal_count=32831 30211 24327 2620 15604 5884 2342 216 7894 4716 8723 796 329 2404 550 93 429 2541 220 789 7710 345 2175 1277 3542 1792 328 1464 118 444 1078 128 1615 939 843 599 503 194 153 111 5729 3037 1324 3161 974 510 308 876 690 296 1942 582 296 89 207 140 86 3178 367 226 1574 782
cat_boundaries=0 1 2 3 4 5 6 7 8 9
cat_threshold=23 1166 3584 2698 52 948 3858 5642 3174
is_linear=0
shrinkage=0.05


Tree=16
num_leaves=63
num_cat=10
split_feature=0 1 39 2 0 22 33 6 25 22 13 6 1 25 31 31 6 3 5 39 39 42 22 30 39 27 3 27 8 19 27 5 1 17 7 13 39 1 39 25 37 27 22 3 4 33 22 39 22 17 17 3 29 41 3 6 30 31 2 9 42 7
split_gain=39.8962 15.2711 8.34346 6.56719 5.24268 4.64084 4.82932 4.63039 4.06547 4.01631 3.77933 3.61157 3.3573 3.00597 2.85483 2.79864 2.83006 2.78465 2.73948 2.69087 2.69084 2.69013 2.37987 2.37328 2.29164 2.86591 2.51919 2.4078 2.23417 2.2202 1.87844 1.75865 1.71764 1.71733 1.66581 2.87895 1.89242 1.79994 1.62101 1.61432 1.84638 4.05036 2.11557 2.10241 1.62552 1.57655 1.53063 1.52505 1.48508 1.46994 1.46978 1.45731 1.65447 1.43963 1.41101 1.39694 1.82796 1.96012 1.49529 1.38078 1.49668 1.53576
threshold=-0.34101691304797738 -0.1069113143221183 0 -0.74721440183022059 -0.81093021621632866 -0.62087437273926838 39.407142857142865 7.8780262332233155 1 -0.015716695317309019 0.58333416666666682 6.5081199683551487 -0.82898601372034653 2 37.600000000000016 1.2500000000000002 6.2028662358160638 -0.37037671933640043 7.4493267086366837 3 4 0.81509971509971524 -0.64857120981557481 122.85000000000001 5 12.500000000000002 -0.419751794330192 7.5000000000000009 0.1304148853864649 0.13781116203594618 46.500000000000007 7.0831598128973443 0.0084387776961873957 0.66502430591508011 7.6899272846229403 0.80597075072488977 6 -0.38416593228539359 7 8 38.500000000000007 5.5000000000000009 -0.17149310944028504 -0.10425483059426098 0.064538521137571983 30.421428571428574 -0.078781205722074268 9 -0.12921293837741996 -0.21720513091310864 0.50490269541984933 -0.068992871486951199 1.0000000180025095e-35 3.726017979904813 -0.039740328649514371 6.8841892690640014 20.550000000000004 9.7500000000000018 -0.13500180413654259 0.30486388452970298 0.6408253205128206 6.7641000576112846
decision_type=2 2 1 2 2 8 2 2 1 10 2 2 2 1 2 2 2 2 2 1 1 2 8 2 1 2 2 2 10 2 2 2 2 2 2 2 1 2 1 1 10 2 8 2 2 2 10 1 10 2 2 2 2 2 2 2 2 2 2 10 2 2
left_child=3 5 7 4 14 19 12 8 23 11 38 15 -7 17 -1 -10 -17 22 -8 -2 34 -13 -5 -3 25 27 -26 45 -21 53 -11 -28 -27 -19 35 37 -37 -14 -4 47 43 -42 44 -41 -43 -23 -9 51 -36 -24 55 52 -12 -30 -25 -38 57 58 -57 60 -45 -62
right_child=1 2 10 13 -6 6 18 46 9 30 39 21 20 -15 -16 16 -18 33 -20 28 -22 24 49 54 26 32 31 -29 29 -31 -32 -33 -34 -35 48 36 50 -39 -40 40 41 42 -44 59 -46 -47 -48 -49 -50 -51 -52 -53 -54 -55 -56 56 -58 -59 -60 -61 61 -63
leaf_value=0.041809877395516934 0.0017412652558094635 -0.0017805123779985055 -0.0049791581570617777 0.013942925964750578 0.011561548649216571 0.021254484420407904 0.0082848192324748403 -0.0014762331374125952 -0.0017097666648170204 0.00068161524012191237 0.0050626601565293061 0.011552632550663064 0.0056615442287717803 0.0052302758746758833 0.018410051072257665 0.0058871206152807205 0.015361854077241627 0.008685356039289013 0.0019586651228552135 0.011090886949512371 -0.00069065235798139001 0.0028890182752470458 0.0040187811635396965 0.0081060213067488257 0.0067211433658075749 0.0043721340375624911 0.0038373477596088212 0.017168453778594214 0.014084484866706158 -0.0022620835006687033 -0.0026730355076352726 -0.0027824322523430953 0.00062276089990511785 -0.00046420804110880221 0.0010864299836819357 0.0032369226774028818 0.010656325717395826 -0.00064112463589588962 -0.003035201275515893 0.00031943408284803795 0.0046750064313703914 0.0017114584247138655 -0.0015612429988761931 0.010166713874722011 0.00022587344320631651 0.011239243084572054 -0.0039381046627491676 -0.0047351758157389533 -0.0033713016052402604 0.011835720079490027 0.0015152311820884523 -0.0026999082838176703 -0.0022464100451661615 0.006732794540522319 -0.00042935185554694353 0.010156359357509945 0.013204967460617721 -0.0018714257446313871 0.0072827922525408768 0.00054305447380179409 0.0020461226194843992 -0.0033168570263601089
leaf_weight=43 315 2447 2698 69 98 57 58 1750 41 946 105 59 109 724 42 48 71 485 80 47 3103 138 71 48 46 227 230 100 59 52 582 554 613 64 794 371 54 776 3735 1192 49 41 376 48 51 46 1196 1498 359 119 92 682 131 213 41 52 74 64 69 594 243 3695
leaf_count=43 315 2447 2698 69 98 57 58 1750 41 946 105 59 109 724 42 48 71 485 80 47 3103 138 71 48 46 227 230 100 59 52 582 554 613 64 794 371 54 776 3735 1192 49 41 376 48 51 46 1196 1498 359 119 92 682 131 213 41 52 74 64 69 594 243 3695
internal_value=-0.000676718 -0.00108596 -0.00167153 0.00674534 0.0156793 0.00100897 0.000570913 -0.000480206 0.000290957 0.00134563 -0.00239224 0.00272999 0.000356484 0.00566862 0.0247093 0.00993789 0.0137917 0.00776557 0.00978417 0.00490538 0.0002391 0.00215243 0.0121346 -0.00124853 0.0018312 0.00328634 -0.00017836 0.00764912 0.00770942 0.0064 -0.000614782 -0.000853504 0.00184304 0.00582727 0.00135575 0.00237365 0.00459459 0.000423249 -0.00331287 -0.00171434 -0.00128492 0.00157336 0.000127931 -0.00154339 0.00688172 0.00421622 -0.00211402 -0.00281418 -9.96546e-05 0.0091623 0.00691106 -0.00117331 0.00219409 0.00820513 0.00672222 0.00871019 0.00713461 0.00443548 0.00815574 -0.00203013 -0.00236519 -0.00247271
internal_weight=32834 31119 24321 1715 183 6798 6112 9183 6237 3701 15138 2173 5974 1532 85 160 119 808 138 686 5917 2013 259 2536 1954 1124 830 284 371 324 1528 784 840 549 2814 1661 776 885 6433 8705 6289 517 468 5772 92 184 2946 2416 1153 190 405 918 236 272 89 313 259 185 121 4580 3986 3938
internal_count=32834 31119 24321 1715 183 6798 6112 9183 6237 3701 15138 2173 5974 1532 85 160 119 808 138 686 5917 2013 259 2536 1954 1124 830 284 371 324 1528 784 840 549 2814 1661 776 885 6433 8705 6289 517 468 5772 92 184 2946 2416 1153 190 405 918 236 272 89 313 259 185 121 4580 3986 3938
cat_boundaries=0 1 2 3 4 5 6 7 8 9 10
cat_threshold=3840 206 884 1169 3464 3072 2048 6 76 229
is_linear=0
shrinkage=0.05


Tree=17
num_leaves=63
num_cat=5
split_feature=0 2 0 39 7 2 13 19 7 22 22 2 31 13 22 22 0 26 33 1 1 16 14 18 30 16 21 1 2 7 26 30 10 15 7 8 3 41 12 16 39 27 14 13 27 20 33 31 39 23 8 41 39 33 19 8 15 22 39 26 26 8
split_gain=34.0603 12.6498 7.84244 7.45833 6.17385 5.96775 4.42274 3.60348 3.03307 2.97443 2.96286 4.45459 2.91204 2.81523 2.56044 2.39786 2.39694 2.34248 2.33492 2.32262 2.3221 2.29123 2.51766 2.24646 2.2224 2.10108 2.79886 1.96654 1.95636 1.9498 4.11981 1.92273 1.77115 2.17273 1.71192 1.97741 1.64387 1.80015 1.71638 1.61431 1.56346 2.25304 2.11176 1.50553 1.51537 1.50317 1.47883 1.46044 1.38282 1.61618 1.54883 1.35746 1.73566 1.92526 1.381 2.39584 1.56334 1.35505 1.35252 1.35221 1.34411 1.32993
threshold=-0.22314355131420924 -0.33647180804981497 -0.81093021621632866 0 7.7960734901655782 -0.48558135060057056 1.2227074722068825 -0.1298760558986565 6.9695193441255663 -0.36206010293046398 -0.32841445894291682 1.0000000180025095e-35 0.95000000000000018 1.1857216642891262 -0.78746964357150795 -0.12675148041396941 -0.48453523171349383 15.500000000000002 30.235714285714291 -0.07170216663106109 -0.62229043611110313 -0.18550442766325356 -0.19704577135740384 0.35406482061329508 1.4500000000000004 -0.13811202577247303 1650.8750000000002 -0.14842000511827311 -0.080042323058004058 6.7431416239996773 24.500000000000004 3.6500000000000008 -0.52541907466353732 -0.22314355131421001 6.936224538603958 0.30895083981243798 -0.13733791144028815 50.192012288786493 19.500000000000004 -1.7891484972374789 1 33.500000000000007 -0.040821994520254916 1.3333416666666669 26.500000000000004 0.03495251645695762 27.750000000000004 24.050000000000004 2 -0.40618698097770162 0.2077277189085982 42.884887005649723 3 25.621428571428577 -0.10637576487071414 0.093685136230685612 -0.70459159191308685 -0.69296029960093908 4 2.5000000000000004 20.500000000000004 0.074459492585081943
decision_type=2 2 2 1 2 2 2 2 2 8 10 2 2 2 8 10 2 2 2 2 2 2 2 8 2 2 10 2 2 2 2 2 2 2 2 10 2 2 2 2 1 2 2 2 2 10 2 2 1 10 8 2 1 2 2 8 2 10 1 2 2 8
left_child=2 7 5 13 6 24 10 9 16 -2 11 12 -5 19 -14 27 23 -8 43 -3 -9 22 -16 -4 -1 26 -20 -6 -24 30 47 40 33 -33 35 -22 37 38 -21 -31 41 42 -10 44 -19 -11 -42 -15 -36 50 -50 52 53 -29 55 -55 -57 -35 -38 -13 -7 -40
right_child=1 3 8 4 15 60 17 20 31 45 -12 59 14 29 21 -17 -18 18 25 36 34 -23 28 -25 -26 -27 -28 51 -30 39 -32 32 -34 57 48 -37 58 -39 61 -41 46 -43 -44 -45 -46 -47 -48 -49 49 -51 -52 -53 -54 54 -56 56 -58 -59 -60 -61 -62 -63
leaf_value=0.037839111103282336 0.016296199839372562 -0.0012840663095406702 0.013592570873650412 -0.00040745617970740005 0.00083027439322526917 0.00052368929548900418 -0.0014236530615011169 0.015687584209620697 0.0090297194226071735 0.0013639547235408411 -0.00090860657875753501 0.0047899160906265774 0.016065740894053097 -0.0025228294549418818 0.0044566506850902158 -0.0032318786583863204 0.0084665663242173873 -0.00042562053983357707 0.016379108329860094 -0.0036721073992773984 0.0068446168938614332 0.0035697049370203245 0.0096109447078240751 0.01133519768283273 0.016005912993005435 0.003601198913902072 0.0031928689047807327 0.0060039373529766219 0.016184809946736989 0.0046936391968526092 0.009042440144498242 0.011983022573432563 0.0042150830641074768 0.0077852356172324715 -0.0021079281424391367 0.00058213032048052974 -0.0035146370540890259 -0.0037197210453315667 0.0049160941787384929 -0.0017689077018943598 0.0067001991644720987 5.6268271516875312e-05 0.0046776476132150318 -0.00087773584374669939 0.013503286916622457 0.012630840629189547 -7.790451487197488e-05 0.0052589352818834352 0.0011340887056298962 0.00011126688775137961 0.010456565853828386 -0.0030773910559678107 -0.0029245705857158582 0.010014207889333507 -0.0013313797328599643 0.0085562560797631301 -0.0022511958318460292 -0.0029391931711193458 -0.0047889732303832066 -0.00096390216038383662 0.021621264757296487 0.00063828241178689321
leaf_weight=50 57 2002 70 272 913 60 197 75 51 88 4418 52 48 142 109 3590 349 47 58 146 77 472 61 60 58 196 56 66 40 40 58 59 1103 50 238 75 4006 376 76 817 102 149 102 171 76 40 900 40 184 467 193 1566 1265 45 1514 63 153 40 3150 1432 49 184
leaf_count=50 57 2002 70 272 913 60 197 75 51 88 4418 52 48 142 109 3590 349 47 58 146 77 472 61 60 58 196 56 66 40 40 58 59 1103 50 238 75 4006 376 76 817 102 149 102 171 76 40 900 40 184 467 193 1566 1265 45 1514 63 153 40 3150 1432 49 184
internal_value=-0.000646432 -0.00118336 0.00420842 -0.00142328 -0.000760761 0.0133716 0.000282246 0.00329766 0.00354908 0.00981183 -0.000125997 0.00125452 0.00382851 -0.00243347 0.00547196 -0.00163742 0.00719792 0.00379676 0.00533884 -0.00270094 0.00237023 0.00467057 0.00900474 0.0129771 0.0216514 0.00836013 0.0137391 -0.000989081 0.0146569 -3.18773e-05 0.00394191 0.00286273 0.00426177 0.00936667 0.00184615 0.00679738 -0.00308477 -0.00090677 0.00140049 -0.00114802 0.00151724 0.00460064 0.00899351 0.00213559 0.00633064 0.00550387 0.000533069 0.000218578 0.00114497 0.00208187 0.00453704 -0.00140381 -0.000798199 0.000186284 -0.00012669 0.00322519 0.00101382 0.0043956 -0.00332262 -0.00048485 0.00504545 0.00383142
internal_weight=32663 29411 3252 27917 16880 217 7705 1494 3035 185 6904 2486 1002 11037 730 9175 479 801 604 9940 1309 682 210 130 108 310 114 5585 101 1097 240 2556 1252 149 1234 152 7938 782 406 857 1304 302 153 294 123 128 1002 182 1082 844 377 4672 3106 1841 1775 261 216 90 7156 1484 109 260
internal_count=32663 29411 3252 27917 16880 217 7705 1494 3035 185 6904 2486 1002 11037 730 9175 479 801 604 9940 1309 682 210 130 108 310 114 5585 101 1097 240 2556 1252 149 1234 152 7938 782 406 857 1304 302 153 294 123 128 1002 182 1082 844 377 4672 3106 1841 1775 261 216 90 7156 1484 109 260
cat_boundaries=0 1 2 3 4 5
cat_threshold=151 536 2070 1608 131
is_linear=0
shrinkage=0.05


Tree=18
num_leaves=63
num_cat=5
split_feature=0 9 22 10 0 2 21 9 14 17 9 25 2 7 9 11 37 35 36 25 13 33 41 1 7 21 1 13 25 9 17 4 23 7 3 19 4 40 19 20 25 20 7 16 25 6 16 3 18 7 13 20 22 20 23 0 8 20 27 11 22 20
split_gain=29.1251 11.5109 8.96172 7.02034 5.93073 5.83535 4.56127 4.49532 2.92885 2.69812 2.53415 2.5213 2.50639 3.10949 3.09538 2.50072 2.49357 6.77335 3.11142 2.3336 2.18988 2.09495 2.01675 2.36135 1.87646 1.86994 1.71613 1.63621 1.628 2.20996 1.59968 1.57443 1.72354 1.71434 1.5731 1.97487 1.57093 1.96014 1.71809 1.56077 1.86827 1.81793 1.57724 1.55622 1.54848 1.85224 2.17957 1.85913 1.73983 1.69182 1.5454 1.45585 1.44251 1.44006 1.71726 2.10776 1.41798 1.30512 1.30247 1.81796 1.6676 1.65772
threshold=-0.25593369671774274 0.10944055074706212 -0.10053309141756879 -0.26689174840867697 -0.81093021621632866 -0.48558135060057056 2798.2450000000003 0.3366204733699229 0.5596157879354231 -0.47391292479453767 0.2503564560228328 0 -0.1416859818287963 6.5876791731206135 0.32834378306106632 76.500000000000014 37.500000000000007 0.033434974862369425 8.557588573086244e-05 1 1.6002280821917811 37.421428571428585 38.098466505246172 0.0064768870366465068 6.703854655643009 1000.6250000000001 -0.18390547411928623 1.0678788876090179 2 0.19564409763406856 -0.25103906958686667 -1.0265389581819597 1.0000000180025095e-35 7.6718963802104119 -0.46203295959230845 -0.017439444209909054 -0.12136085700426723 3.5000000000000004 -0.029971978284304476 0.1985901074876921 3 0.1218592671240714 6.9695193441255663 -0.3566749439387325 4 8.1960557936839944 0.32850406697203643 -0.25489224962878904 0.092992934415611142 8.0598000152013931 0.52631603878090105 0.076871326313207811 -0.83921699195796584 0.021372048750024485 -0.33647223662121284 -0.0082088649206863967 0.55389793250751052 -0.0051947124148393059 24.500000000000004 10.500000000000002 -0.25777028923262418 -0.014753565081792819
decision_type=2 8 10 2 2 2 8 10 2 2 8 1 2 2 10 2 10 2 2 1 2 2 2 2 2 10 2 2 1 10 2 2 8 2 2 2 2 2 2 10 1 10 2 2 1 2 2 2 10 2 2 10 8 10 8 2 8 10 2 2 10 10
left_child=4 16 3 7 5 30 11 19 10 -9 27 58 28 14 15 -14 50 -18 -19 31 -13 52 23 44 -21 26 -4 -6 29 -8 -1 -3 -33 -34 35 -12 -31 -38 -39 40 41 42 -36 -44 45 46 47 -15 49 51 -2 -49 -11 -25 55 -55 -42 -52 59 -5 61 -61
right_child=1 2 25 6 8 -7 12 9 -10 21 34 20 13 22 -16 -17 17 18 -20 24 -22 -23 -24 53 -26 -27 -28 -29 -30 36 -32 32 33 -35 39 -37 37 38 -40 -41 56 -43 43 -45 -46 -47 -48 48 -50 -51 57 -53 -54 54 -56 -57 -58 -59 -60 60 -62 -63
leaf_value=0.033645338806566845 -0.0039438851298183499 -0.0023966398728775952 0.0046728316915323883 0.0062931778615938107 0.00061554585080053484 0.0092559581290348383 -0.00035198431241234394 0.024605134199744062 -0.00013373741265575799 -0.0027179205313007308 0.013770830688459995 0.00033972857778362728 0.01072941524152958 0.0086879495619252393 -0.006292578558206658 0.014607469540066753 -0.0029900534755072893 0.0036010849042336702 0.0067515485122306394 0.014085882426031116 0.0054930706056585321 0.077298787344410244 -0.0023530395128708078 -0.0034926675413505508 0.000389341676200687 -0.0027363736849651049 -0.0011102483853390813 0.0050933926020814285 -0.00051482097227570464 0.0015638486321314371 0.015878292524662871 0.0046624725433672756 0.015268769073706718 0.0091459359227098191 0.011640570443430871 0.0096621596183768359 0.0044325574604133795 0.010305929364693369 0.006116651162716414 -0.00016049749526971237 0.0028557819861517058 0.017459056321207908 0.0089771875000040115 0.0033840196019960739 -0.00099704281575599125 -3.3598012299367178e-05 -0.0019480856007258506 0.0013544497574936643 0.00054970564353718897 0.012166354789458161 -0.0016021240715993921 0.010065292829381255 0.01421323040751736 0.0075255034272714962 -0.0016214396881296458 0.00097894853202150985 0.0095006706093225413 -0.0035034698047489072 0.0023687268217638356 0.0039833855130881708 0.0027658438539650042 0.0076526881783128943
leaf_weight=51 3551 46 191 41 601 103 376 50 444 55 116 1353 67 43 90 60 350 44 42 57 59 40 2919 1384 932 6665 1323 233 895 178 59 70 46 87 62 139 215 45 41 131 357 55 48 129 1025 547 139 140 153 41 1966 43 133 42 1106 160 69 2695 345 74 149 57
leaf_count=51 3551 46 191 41 601 103 376 50 444 55 116 1353 67 43 90 60 350 44 42 57 59 40 2919 1384 932 6665 1323 233 895 178 59 70 46 87 62 139 215 45 41 131 357 55 48 129 1025 547 139 140 153 41 1966 43 133 42 1106 160 69 2695 345 74 149 57
internal_value=-0.000743554 -0.00118151 -0.000561375 0.0002394 0.00433603 0.0123131 -0.000172634 0.003441 0.00361845 0.00917563 0.00445646 0.00195286 -0.000627705 -0.0010044 0.00488532 0.00988281 -0.0027217 0.000961097 0.0134483 0.00214689 0.000730849 0.00681223 -0.00117009 -0.000542082 0.001005 -0.00186369 -0.000277229 0.00237126 0.00108509 0.00262702 0.0202703 0.00636538 0.0085049 0.0118284 0.00602529 0.00947266 0.00490625 0.00710265 0.0134483 0.00498239 0.00589459 0.00895082 0.0073125 0.00485955 0.000701218 0.00198747 0.00402678 0.00581948 0.00466931 0.00746667 -0.00291733 0.00535326 0.00455026 -0.00152618 -0.000336136 0.00389162 0.00347826 -0.00231768 0.00446086 0.00681677 0.00533808 0.00943182
internal_weight=32727 30130 21482 13303 2597 213 11787 1516 2384 278 1940 2078 9709 7959 217 127 8648 436 86 1238 1412 228 7742 4823 989 8179 1514 834 1750 855 110 249 203 133 1106 255 479 301 86 851 720 294 239 177 2131 1106 559 420 377 224 8212 183 188 2692 1308 202 426 4661 666 321 280 131
internal_count=32727 30130 21482 13303 2597 213 11787 1516 2384 278 1940 2078 9709 7959 217 127 8648 436 86 1238 1412 228 7742 4823 989 8179 1514 834 1750 855 110 249 203 133 1106 255 479 301 86 851 720 294 239 177 2131 1106 559 420 377 224 8212 183 188 2692 1308 202 426 4661 666 321 280 131
cat_boundaries=0 1 2 3 4 5
cat_threshold=801 304 2645 108 2613
is_linear=0
shrinkage=0.05


Tree=19
num_leaves=63
num_cat=5
split_feature=0 39 2 2 25 0 5 13 25 1 25 37 35 2 13 0 42 25 6 17 6 3 4 36 15 0 26 22 27 3 3 13 23 41 8 36 6 13 33 2 8 1 27 41 42 12 2 15 15 17 22 21 13 13 3 12 19 21 0 4 2 33
split_gain=26.0327 10.1826 8.65602 6.7084 6.04216 4.64075 3.46838 3.26597 2.92815 2.63372 2.44833 3.98395 4.58667 2.30236 2.18074 2.15663 2.09231 2.37173 2.42551 2.48127 2.08417 1.9723 1.88486 1.87249 1.833 1.80804 1.80651 1.78973 2.01918 1.72378 1.70091 2.126 1.62026 1.58972 1.74117 1.49796 1.46693 1.86531 1.46217 1.54647 1.51259 1.82331 2.40515 1.49931 1.452 1.44821 1.90559 1.93446 2.07746 1.42399 1.40483 2.25125 1.39884 1.39597 1.38407 1.37757 1.32767 1.31987 1.63041 1.57011 1.4399 1.69452
threshold=-0.25593369671774274 0 -0.84474031005381833 -0.40546488338911318 1 -1.010708850781729 6.5320829621881993 0.73684507618263795 2 -0.09531017980432431 3 39.500000000000007 0.082263787740238098 -0.11778303565638336 2.3937952057794827 -0.15171342726740719 0.95199692780337952 4 7.8917792736907311 -0.32986581809905552 7.5967432928294309 -0.51082562376598994 -0.48391269166586953 0.013015613509486676 -0.021521645182673851 0.019585101315495738 4.5000000000000009 -0.45934297130005491 14.500000000000002 -0.34355228187664938 -0.419751794330192 0.46666733333333338 -0.49591335097502082 91.016129032258078 0.045647419950466624 0.10571540623937738 7.822181857209384 1.5047944010582353 25.478571428571431 0.19597084107261334 0.077845691507871032 0.10126808893981033 37.500000000000007 79.372983870967758 0.55646630236794181 19.500000000000004 -0.14842000511827311 0.16040124954785109 0.48779363043436069 -0.11506300718678085 0.077987282158023544 2067.3350000000005 0.96296370370370388 0.73684507618263795 -0.56786497581230566 62.500000000000007 -0.010274359730420837 4115.8350000000009 -0.48453523171349383 0.50528847389900611 0.0069207187065671869 39.407142857142865
decision_type=2 1 2 2 1 2 2 2 1 2 1 10 2 2 2 2 2 1 2 2 2 2 2 2 2 2 2 8 2 2 2 2 10 2 8 2 2 2 2 2 10 2 2 2 2 2 2 2 2 2 10 8 2 2 2 2 2 10 2 2 2 2
left_child=2 7 5 16 9 -1 26 13 30 14 11 -9 23 -2 20 27 17 -3 19 -19 24 -21 32 -13 25 53 -6 28 -8 -17 31 -4 54 34 -12 -25 37 -31 39 43 -40 42 50 -11 -38 -28 -47 -48 -49 -18 51 -42 -23 -5 -10 -43 -44 59 -59 60 61 -32
right_child=1 3 8 4 6 -7 15 10 22 38 33 12 -14 -15 -16 29 49 18 -20 21 -22 52 -24 35 -26 -27 45 -29 -30 36 57 -33 -34 -35 -36 -37 44 -39 40 -41 41 55 56 -45 -46 46 47 48 -50 -51 -52 -53 -54 -55 -56 -57 -58 58 -60 -61 -62 -63
leaf_value=0.0431856642513746 -0.00073633111064590217 -0.00038132041525789306 0.018148037064320582 0.0054039838956486527 0.010188512591681008 0.011287500999048478 0.0047429961413614071 -0.0009462267138113568 0.0042235357429019271 0.0078681033299956762 0.0073611795325289739 -0.0040363858345900975 0.0058514170979457481 -0.0039311012268315 0.011445524827816548 0.00050564217526662808 0.0073465183739042208 0.019715282559896654 0.0057239172807882731 0.016867714492636198 0.00045885096665470437 -0.00076532205875156343 -1.3850099790877706e-05 0.0039424969067270331 0.0018554822886712276 -0.00027131741050473668 -0.0025851512374015259 -0.00043932718577889616 0.00053110265584890208 -0.0022888020345827134 0.0047071295518537493 0.0095356475840319768 0.0035418077408650816 -0.0045018997463208074 -0.0017289085179023056 0.0014439749269961753 0.0046128589461637689 0.0038365053794157701 -0.002377756842850221 -0.0014871394598899336 0.0094668698321889594 2.1220205626786093e-05 0.0018045871063392253 4.5971951590524353e-05 -0.0035818159646797002 0.023455727819010883 -0.001354907681603469 0.078965728635068136 -0.00090053985482793121 -0.00093439364406499583 -0.00023689071805890616 0.0016125337177579299 0.0099894085943834365 0.014640542484387509 0.011996447065364502 -0.0020831434632059887 -0.0017284686437783236 0.016179870718678692 -0.0014884597858261803 0.011742002218963495 0.0021587822550145981 0.0070052025080199259
leaf_weight=46 829 130 50 100 65 86 54 1518 59 77 60 135 76 5627 40 717 135 42 148 75 1098 71 756 45 388 62 168 771 90 3927 494 254 255 1087 637 44 44 74 1168 91 119 1812 432 52 4528 65 136 46 40 310 322 775 50 94 110 983 770 42 161 89 193 45
leaf_count=46 829 130 50 100 65 86 54 1518 59 77 60 135 76 5627 40 717 135 42 148 75 1098 71 756 45 388 62 168 771 90 3927 494 254 255 1087 637 44 44 74 1168 91 119 1812 432 52 4528 65 136 46 40 310 322 775 50 94 110 983 770 42 161 89 193 45
internal_value=-0.000727388 -0.00114462 0.00403256 -0.00049278 -0.000698102 0.0164662 -0.00148333 -0.00244215 0.00337186 0.000307957 -0.00123786 6.0141e-05 0.00531561 -0.00311755 0.00201346 -0.00168773 0.00358108 0.00574468 0.00760705 0.0109205 0.00174412 0.00847716 0.00151133 0.00168889 0.004 0.00727626 0.0024952 0.000627728 0.00572414 -0.00191583 0.00497386 0.00829508 0.00418823 -0.00254596 -0.000694844 0.00727778 -0.00211278 -0.00141304 -0.000152228 0.00384615 -0.000290662 7.38385e-05 0.00107896 0.00734615 -0.00272469 0.00137061 0.0035243 0.00130045 0.00712644 0.00106502 0.00264585 0.0036648 0.00446721 0.00964102 0.00797059 -0.000795781 -0.000507067 0.00402927 0.000416665 0.00492092 0.00414734 0.00547222
internal_weight=32767 30127 2640 20069 19108 132 10725 10058 2508 8383 3602 1818 300 6456 1782 10205 961 516 386 238 1742 196 1180 224 644 256 520 915 144 9290 1328 304 424 1784 697 89 8573 4001 6601 220 6381 5213 2418 129 4572 455 287 222 86 445 1216 894 121 194 169 2795 1202 1024 203 821 732 539
internal_count=32767 30127 2640 20069 19108 132 10725 10058 2508 8383 3602 1818 300 6456 1782 10205 961 516 386 238 1742 196 1180 224 644 256 520 915 144 9290 1328 304 424 1784 697 89 8573 4001 6601 220 6381 5213 2418 129 4572 455 287 222 86 445 1216 894 121 194 169 2795 1202 1024 203 821 732 539
cat_boundaries=0 1 2 3 4 5
cat_threshold=23 2416 2424 946 2114
is_linear=0
shrinkage=0.05


Tree=20
num_leaves=63
num_cat=3
split_feature=1 39 0 6 22 31 13 10 9 10 18 10 39 3 22 13 27 8 0 17 5 9 13 42 22 0 7 15 13 12 27 20 37 22 7 15 18 17 13 41 33 27 5 30 33 41 21 33 31 42 22 13 41 9 30 17 29 3 23 6 27 39
split_gain=25.7272 8.44758 8.26689 6.42033 4.52039 3.71865 3.61055 3.50377 2.84743 3.65569 2.99787 2.53317 2.46786 2.19258 2.16054 1.8847 1.85384 1.82824 1.77046 1.73413 1.7049 1.70206 1.69683 1.67304 1.63816 1.55973 1.50815 1.50717 1.49745 1.46097 1.47406 1.44291 1.41676 1.41628 1.40231 1.31942 1.30614 1.64512 1.30134 2.5473 1.58463 1.43018 1.73414 2.79307 1.40154 2.08442 1.67717 1.49111 1.35886 1.36856 1.27741 1.26268 1.33828 1.24431 1.22713 2.23027 1.24871 1.24759 1.22024 1.42285 3.47269 1.62303
threshold=-0.17520408902509119 0 -0.43422703017725789 7.8617925224676819 -0.33840338039978812 0.75000000000000011 0.80597075072488977 0.18974745427843456 0.18333402945071861 -0.47730733735677772 -1.0949734346365654 -0.086037749608437228 1 -0.95493780869471256 -0.78746964357150795 0.39741924741924745 5.5000000000000009 0.45848387515512423 -0.10536051565782632 -0.10936626615288779 7.6801034058384205 0.58530278692017357 1.1666670833333337 0.95199692780337952 -0.17688639959420357 0.27300874442392736 6.6849736424638779 1.0008729022455694 0.90658826564769834 72.500000000000014 3.5000000000000004 0.18736097351232806 15.500000000000002 -0.24869701972685834 7.2045535468847621 -0.18232155679395459 0.80219739224264819 0.024350853572506995 1.0350438596491232 582.89563492063519 27.792857142857148 2.5000000000000004 7.4757023082724006 1.6500000000000004 34.621428571428574 29.785109289617491 2141.0000000000005 36.164285714285718 186.45000000000002 0.95040983606557383 -0.83921699195796584 1.3333416666666669 48.119672131147546 0.130378600953619 110.50000000000001 -0.04054887995193051 1.0000000180025095e-35 0.12516314295400613 0.20763936477824452 7.3638590162562032 32.500000000000007 2
decision_type=2 1 2 2 10 2 2 2 10 2 8 2 1 2 8 2 2 10 2 2 2 10 2 2 8 2 2 2 2 2 2 10 8 10 2 2 10 2 2 2 2 2 2 2 2 2 10 2 2 2 8 2 2 10 2 2 2 2 10 2 2 1
left_child=2 3 13 4 5 -2 11 14 26 10 -10 -3 -11 17 28 -15 20 -1 19 33 29 25 -9 36 -13 34 -4 32 -7 30 -16 53 -8 35 -14 -5 37 -12 40 44 58 42 43 -42 46 47 -40 -46 49 -48 -20 -28 -53 -18 56 57 -52 -56 59 60 -6 -61
right_child=1 6 8 18 38 7 27 22 9 12 23 24 21 15 16 -17 31 -19 50 -21 -22 -23 -24 -25 -26 -27 51 -29 -30 -31 -32 -33 -34 -35 -36 -37 -38 -39 39 -41 41 -43 -44 -45 45 -47 48 -49 -50 -51 54 52 -54 -55 55 -57 -58 -59 -60 61 -62 -63
leaf_value=0.011947700997666021 -0.0020904254649880215 -0.00051923018786151213 0.0047941820236583723 0.0040532326381819478 0.0068042825585244941 0.023270035589598184 -0.0045819982648136661 -0.0011474949632363106 0.014059116368519808 -0.0010494118465376656 0.019667524805538891 -0.0017085712082395622 0.0064556769342269159 0.012774014412029936 0.006483909076253954 0.0068713722742837465 -0.00067232037764432826 0.033676146353616022 0.0063386296037558163 -0.001043939015501556 -0.00013829972974850583 0.0095514145470392015 0.0046014436153156042 0.0010120565616550303 -0.0040802446821538571 -0.0041302614931144795 -0.00061683248992811977 -0.0044215608671321549 0.019123467381586087 0.0029702316982591183 0.0096671066752294123 0.011452857121993038 -0.00021816909402713066 -0.0013766048413871611 0.0030083333626889836 0.0065316905296992928 0.019656141313252908 -0.00082617769539875333 -0.0023005999977415781 0.011912053423077345 -0.0018393189514148611 -0.0014807079179284309 -0.0055326249919725084 0.0089093722375202869 0.0087599298690330483 0.0095482150767323918 0.0082881009360145693 -0.00058820703548290046 -0.00050896031631516214 0.00046585585763262647 -0.0017809411452242138 0.0086778696840593156 -0.00050633389460575642 0.0038845062189947033 0.0079917517916980527 -0.0023544203303508425 -0.004147167925582622 0.00013026504227339311 -0.002562472968862594 0.0041432977176578982 0.0013343811666809316 -0.0037419329742932801
leaf_weight=40 670 1194 63 149 72 58 314 576 65 594 50 1143 523 78 63 726 183 50 42 825 55 93 122 132 5591 112 1484 314 56 40 49 40 2584 152 1124 79 48 50 434 40 64 3187 66 51 49 59 42 202 42 63 4035 76 101 1193 49 154 2477 40 201 147 206 198
leaf_count=40 670 1194 63 149 72 58 314 576 65 594 50 1143 523 78 63 726 183 50 42 825 55 93 122 132 5591 112 1484 314 56 40 49 40 2584 152 1124 79 48 50 434 40 64 3187 66 51 49 59 42 202 42 63 4035 76 101 1193 49 154 2477 40 201 147 206 198
internal_value=-0.000635907 -0.00125863 0.00251479 -0.000529525 0.000450843 0.00195589 -0.00231818 0.0028633 0.00164415 0.00263073 0.0074422 -0.00289318 0.00194932 0.00690503 0.00406502 0.00606211 0.00359298 0.0142857 -0.00153817 0.000228025 0.00800481 0.0028395 -0.000128757 0.00516014 -0.00326949 0.00250284 4.63756e-05 -0.000905697 0.0106957 0.010719 0.0136283 0.00294284 -0.000548466 0.00301837 0.00289138 0.00550218 0.00879195 0.00544554 -0.000461555 0.00122854 -0.000837111 -0.0013179 0.0029945 0.00668103 0.000667039 0.0033762 -0.000781788 0.00136905 0.00381757 0.00683962 -0.00185128 -0.000243684 0.00373595 0.00266521 -0.00190571 0.00157787 -0.00203593 0.00783333 0.00112727 0.00221955 0.00487455 7.22531e-05
internal_weight=32779 27370 5409 16230 8228 3105 11140 2435 4515 2791 345 7928 2446 894 1737 804 1623 90 8002 1205 207 1852 698 280 6734 1759 1724 3212 114 152 112 1416 2898 380 1647 228 148 100 5123 931 4192 3368 181 115 891 310 581 251 147 105 6797 1661 177 1376 6755 243 6512 89 824 623 278 345
internal_count=32779 27370 5409 16230 8228 3105 11140 2435 4515 2791 345 7928 2446 894 1737 804 1623 90 8002 1205 207 1852 698 280 6734 1759 1724 3212 114 152 112 1416 2898 380 1647 228 148 100 5123 931 4192 3368 181 115 891 310 581 251 147 105 6797 1661 177 1376 6755 243 6512 89 824 623 278 345
cat_boundaries=0 1 2 3
cat_threshold=7976 4646 5120
is_linear=0
shrinkage=0.05


Tree=21
num_leaves=63
num_cat=4
split_feature=0 39 7 2 25 2 16 13 13 0 31 6 4 13 8 8 22 10 10 6 41 14 6 30 13 23 27 11 6 22 1 0 16 22 20 8 23 23 31 5 0 14 41 25 30 1 5 16 8 39 3 31 20 0 41 4 5 0 37 35 2 12
split_gain=20.0168 9.77807 6.02509 5.46563 4.5982 4.2886 3.82188 3.4568 3.34442 2.77589 2.65151 3.68655 2.3324 3.35867 2.48265 2.37587 2.72686 2.31618 2.29585 2.2732 2.12744 2.46157 2.34256 2.12098 2.09207 2.58139 1.92632 1.96123 1.87239 1.84206 1.88397 1.83684 1.79589 2.35476 1.75729 1.90605 1.69411 1.637 1.60645 1.589 1.58346 1.53689 1.51175 1.47031 2.19313 2.44431 1.87273 1.46478 1.46768 1.45461 1.42897 1.41292 2.01725 2.25349 1.41182 1.40153 1.39542 1.388 1.35896 3.40806 1.35338 1.30457
threshold=-0.31568491043185171 0 7.9253382087115183 -0.40546488338911318 1 -0.74721440183022059 -0.69314718055994495 2.5850326938441905 1.1857216642891262 -0.042835249097480592 10.950000000000001 6.7372778166699705 -0.12136085700426723 0.80597075072488977 0.22715045546670451 0.10275291727891775 -0.58297270436834825 -0.050193214659047129 -0.040214238119403493 7.7259589055859044 13.683771929824564 0.29725152346793166 7.571184353305493 107.00000000000001 1.320192913385827 -0.29459427296457158 32.500000000000007 72.500000000000014 7.8780262332233155 -0.14310054144292014 -0.45154606409592629 -1.010708850781729 0.052609028402593079 0.025053292913942593 0.038242334570300879 0.24815254731687447 -0.41871033485818493 -0.0095448924635248549 268.55000000000007 6.8139346485666108 -0.028087924952569839 0.47000362924573563 3.1053588516746413 2 45.250000000000007 -0.24946150898181149 6.5834293167733948 0.016066612661274075 0.12679697655848329 3 0.072365475218135536 24.650000000000006 -0.017842214028682139 0.019585101315495738 78.353404791929393 -0.48391269166586953 5.1991450204564975 -0.10536051565782632 37.500000000000007 0.075386024738374205 -0.48558135060057056 36.500000000000007
decision_type=2 1 2 2 1 2 2 2 2 2 2 2 2 2 8 8 10 2 2 2 2 2 2 2 2 10 2 2 2 10 2 2 2 10 10 8 8 10 2 2 2 2 2 1 2 2 2 2 10 1 2 2 10 2 2 2 2 2 10 2 2 2
left_child=5 8 3 6 9 31 40 29 18 26 -10 61 15 49 19 -11 20 23 34 -15 22 50 -17 56 -19 -26 27 28 47 30 -4 -1 33 36 54 -36 -28 -25 -8 -29 -3 42 -7 44 46 -46 -44 48 -5 -14 -22 -18 -53 -54 -2 -9 -6 -32 -20 -60 -48 -12
right_child=1 2 7 4 17 41 38 55 10 12 11 -13 13 14 -16 16 51 24 58 -21 21 -23 -24 37 25 -27 32 39 -30 -31 57 -33 -34 -35 35 -37 -38 -39 -40 -41 -42 -43 43 -45 45 -47 60 -49 -50 -51 -52 52 53 -55 -56 -57 -58 -59 59 -61 -62 -63
leaf_value=0.038336970196231723 -0.00057092987741697834 0.0061485991531794564 0.01004352556250151 0.0013678078251982114 0.083466996721211106 2.8753973334141913e-05 0.0046222219910529473 0.018028142950395242 -0.002666539641207008 -0.0018496800212814543 0.0017604919833152427 0.0002852637786870356 -0.0044768509454994974 0.0057296711730492221 -0.00037948137617378384 0.018299459716437996 -0.0020846784008695832 -0.0028658990007900459 -0.0036575352036753495 -0.00085945599750196467 -0.0017232277710343344 0.013581271064599705 0.0055318022402750244 0.0078913563647296098 0.0067286295215374693 -0.00088393551861064778 0.0054959143540491261 0.0073866167744914089 -0.00081626359612002738 -0.002886438210777888 0.00015796263407681697 0.0098633804426130171 -0.0023321776812195438 -0.0017637906471482682 -2.182360440789805e-05 0.0083264204104533269 0.0034392668788262564 -0.0012457837687441056 0.0082591346101966081 -0.00010600256815940679 0.017845216713750396 0.00074485231378055845 0.016229349216517079 0.0034734447199653096 0.021248225754301211 0.016232226717236758 0.009034789712429471 0.0043577770557267055 0.010017377769799125 -0.00019469114299853444 0.0082549602247197536 -0.00082824139814327786 0.013550662356599054 0.0041051622372126522 -0.0027809258041077848 0.0048250145582955008 -0.00024494581051944523 -0.0019409998467297788 -0.0022744750317794803 0.0032364096417709775 0.0058054815563182323 0.010431592952293199
leaf_weight=45 1195 57 144 77 43 189 481 40 546 223 46 532 896 385 606 43 214 3012 5986 124 97 41 45 63 68 101 40 49 76 3512 1070 144 336 103 332 76 307 43 47 224 55 362 58 561 60 40 78 210 184 1249 47 113 49 138 1157 156 1784 4096 322 40 402 56
leaf_count=45 1195 57 144 77 43 189 481 40 546 223 46 532 896 385 606 43 214 3012 5986 124 97 41 45 63 68 101 40 49 76 3512 1070 144 336 103 332 76 307 43 47 224 55 362 58 561 60 40 78 210 184 1249 47 113 49 138 1157 156 1784 4096 322 40 402 56
internal_value=-0.000723173 -0.0010321 -0.000403699 0.000348206 8.64332e-05 0.00420361 0.00483619 -0.00137377 -0.00229051 0.00103958 0.000211684 0.00240945 0.000374618 -0.00027599 0.00194892 0.0024728 0.00376269 -0.00100878 -0.00261719 0.00451961 0.00779197 0.0047043 0.0141573 0.000354187 -0.00184004 0.00355882 0.00281269 0.0045067 0.00623175 -0.00151989 -0.000932029 0.0113421 0.00104193 0.00310421 -0.00141253 0.00161369 0.00507184 0.00719626 0.00304348 0.00104014 0.0131858 0.00342661 0.00418286 0.0048375 0.0064869 0.0133663 0.00530612 0.00740466 0.00990458 -0.0014329 0.00158621 0.00161165 0.0038206 0.00699468 -0.00193795 0.00517766 -4.65001e-05 -0.00108961 -0.00314065 -0.00016529 0.00426195 0.011068
internal_weight=32875 30936 20648 11630 10990 1939 640 9018 10288 5876 1180 634 4270 3260 1115 1010 787 5114 9108 509 273 185 88 1933 3181 169 1606 820 547 8822 5310 189 786 450 2760 408 347 106 528 273 112 1750 1388 1199 638 100 538 471 261 2145 144 514 300 187 2352 196 1827 5166 6348 362 480 102
internal_count=32875 30936 20648 11630 10990 1939 640 9018 10288 5876 1180 634 4270 3260 1115 1010 787 5114 9108 509 273 185 88 1933 3181 169 1606 820 547 8822 5310 189 786 450 2760 408 347 106 528 273 112 1750 1388 1199 638 100 538 471 261 2145 144 514 300 187 2352 196 1827 5166 6348 362 480 102
cat_boundaries=0 1 2 3 4
cat_threshold=23 2865 828 384
is_linear=0
shrinkage=0.05


Tree=22
num_leaves=63
num_cat=7
split_feature=0 39 25 22 10 3 13 1 8 10 3 21 27 19 27 19 39 15 20 25 22 25 37 27 33 7 8 0 10 33 7 15 5 30 35 33 39 29 6 39 3 26 7 21 33 20 1 3 20 7 30 8 21 30 5 1 44 2 29 20 33 41
split_gain=18.7091 7.92798 5.44185 4.64026 3.7656 3.16384 2.86247 2.72424 2.31896 2.45557 2.18024 2.16739 2.24595 2.17015 2.07593 2.93211 2.01539 1.9542 1.8952 2.85197 1.85825 1.85007 2.87232 6.81088 1.83021 2.10859 1.82619 1.72022 1.70165 2.37918 1.69155 1.67801 1.59661 2.16312 1.79843 1.58166 1.94715 1.54368 3.06068 2.6287 2.35197 3.92607 1.52437 1.52312 2.40923 1.47942 1.53881 1.46892 2.12448 1.44541 2.02869 1.78574 1.93263 1.61748 1.51244 1.43074 1.42382 1.51985 1.4126 1.38424 2.0528 1.3802
threshold=-0.17821433912856441 0 1 -0.49036490446032044 -0.6969979491977315 -0.54851587313755334 0.48981433904439226 -0.048790164169431265 0.077002150983937173 -0.016728336041816668 -0.86291777228445488 5512.5000000000009 44.500000000000007 0.021754622011149725 6.5000000000000009 -0.15122083282349127 2 -0.22314355131421001 -0.055055249651155123 3 -0.15500156214957042 4 36.500000000000007 5.5000000000000009 26.700000000000006 7.0317417800292299 0.5935898189491664 -0.0099503308531683193 0.098657348106389278 24.878571428571433 8.0686927772341317 0.011407009024373862 7.7978712457693549 41.750000000000007 0.0067412134400870174 27.607142857142858 5 1.0000000180025095e-35 7.9842483430528217 6 -0.16705408466316693 31.500000000000004 6.7817245069548102 1344.0350000000001 38.26428571428572 0.037364504613555984 0.041385216162854295 -0.21706450523782858 0.040043259815512162 7.6899272846229403 43.150000000000013 0.341031532175531 1951.2500000000002 0.75000000000000011 7.2992521538572346 0.016000502636789985 1.0000000180025095e-35 -0.44761165780137485 1.0000000180025095e-35 0.056200158834576665 29.807142857142864 145.3630849753695
decision_type=2 1 1 10 2 2 2 2 8 2 2 8 2 2 2 2 1 2 10 1 8 1 10 2 2 2 8 2 2 2 2 2 2 2 2 2 1 2 2 1 2 2 2 10 2 10 2 2 10 2 2 10 8 2 2 2 2 2 2 10 2 2
left_child=3 6 7 4 61 11 -2 10 -9 26 -3 56 13 -13 15 17 -6 55 19 27 45 -20 47 -24 25 -11 49 -8 29 -16 37 -18 33 34 -25 36 -12 38 39 59 41 -41 -42 44 -5 46 -17 48 -23 51 -51 52 58 -54 -55 -7 -4 -58 -10 -31 -61 -1
right_child=1 2 5 43 16 14 18 8 9 24 35 12 -14 -15 28 20 31 -19 21 -21 -22 22 23 32 -26 -27 -28 -29 -30 30 -32 -33 -34 -35 -36 -37 -38 -39 -40 40 42 -43 -44 -45 -46 -47 -48 -49 -50 50 -52 -53 53 54 -56 -57 57 -59 -60 60 -62 -63
leaf_value=0.024668165194392456 -0.003659614814730535 0.020274404978340408 -0.0038811721694465757 0.0013605704252072658 0.00070803147676035518 0.0099023235882467371 0.0049610615034419991 -0.0023321699505141637 0.0058004354073326551 0.013347835147709042 -0.00069321714634944362 0.022859768948926974 0.0032659464169246797 0.011087635496293734 0.0073476083987873116 0.0040634248574775711 0.006369573173876002 0.012969120659165188 -0.0033796550861772169 -0.0022928754418681811 -0.0016219117556986046 -0.00027564038018791127 0.0061708406198674268 -0.0021030257960502384 -0.00050628037443255875 0.0014417982486149524 0.013689404703986467 0.00075804079748294153 -0.0039257383007647306 -0.0026714874066556772 -0.0030292139698415211 0.003106706389744461 -0.0042263988213985379 0.0036066724926337198 0.0038209773448419529 0.0017624181623928327 0.0070740915645064314 -0.0017718237678328208 0.0059308747540661602 0.0022907565802415797 0.0051543612859099395 0.010433879999391167 -0.0011992357243485424 -5.0719013662813658e-05 0.0079431342944002118 -0.0021924822711438747 -0.0041569959514606404 -0.0025227409707631247 0.008522130171185199 -0.0017160447803300062 0.0039356499236999761 -0.0015071235114569378 0.00059337473177277869 0.0088456437404514088 0.0095764636746396674 -0.0015673898453555013 0.0087933095830521908 -0.0005081821907095143 0.00025567866512125323 0.011904651301321695 -0.0010402908424999816 0.0060550999371883941
leaf_weight=146 3592 44 168 613 454 41 70 1007 59 59 115 41 72 40 57 132 923 42 1913 206 820 245 64 205 3442 294 50 158 3063 717 2520 639 116 43 89 1775 217 1822 94 188 59 50 386 1425 78 108 62 2943 40 394 177 71 41 49 41 66 44 70 146 40 67 44
leaf_count=146 3592 44 168 613 454 41 70 1007 59 59 115 41 72 40 57 132 923 42 1913 206 820 245 64 205 3442 294 50 158 3063 717 2520 639 116 43 89 1775 217 1822 94 188 59 50 386 1425 78 108 62 2943 40 394 177 71 41 49 41 66 44 70 146 40 67 44
internal_value=-0.000649633 -0.00111553 -0.000514366 0.00241499 0.00401903 -0.00124722 -0.00227643 0.000474849 -8.57498e-05 0.000370024 0.00199582 0.00292431 0.0076948 0.0133537 -0.00142429 0.000467766 0.00338126 0.00703333 -0.00161825 0.00156322 -0.000409618 -0.00186252 -0.00120474 0.00224903 -0.000217335 0.00320621 0.00253644 0.00527197 -0.00168965 -0.0011998 -0.00129795 0.00422123 7.70913e-05 0.00181953 0.000271185 0.00176233 0.00492492 -0.000573891 0.000558675 9.94576e-06 0.00228386 0.00631799 0.00016816 0.000741614 0.00266618 0.00293729 0.00553846 -0.00176216 0.00166084 0.00205311 0.00042832 0.00432598 0.0058457 0.0105682 0.0142857 0.00337963 0.00031802 0.00460869 0.00279126 -0.00188024 0.00337963 0.010733
internal_weight=32756 28434 18750 4322 2206 10769 9684 7981 5830 4823 2151 435 153 81 10334 1271 2016 149 6092 434 1122 5658 3745 517 3795 353 1028 228 9063 6000 5943 1562 453 337 294 2107 332 3423 1601 1507 683 238 445 2116 691 302 194 3228 285 978 571 407 336 131 90 107 282 114 205 824 107 190
internal_count=32756 28434 18750 4322 2206 10769 9684 7981 5830 4823 2151 435 153 81 10334 1271 2016 149 6092 434 1122 5658 3745 517 3795 353 1028 228 9063 6000 5943 1562 453 337 294 2107 332 3423 1601 1507 683 238 445 2116 691 302 194 3228 285 978 571 407 336 131 90 107 282 114 205 824 107 190
cat_boundaries=0 1 2 3 4 5 6 7
cat_threshold=23 2864 215 2382 2117 2184 2720
is_linear=0
shrinkage=0.05


Tree=23
num_leaves=63
num_cat=9
split_feature=0 9 10 9 3 7 25 25 19 13 25 25 13 25 17 7 30 3 10 26 8 19 3 22 10 8 42 10 27 22 8 25 21 2 7 7 27 17 27 22 18 0 22 38 18 26 30 7 16 13 26 40 22 8 2 41 25 41 8 13 21 25
split_gain=18.6049 7.36541 5.55421 4.27682 3.55716 2.99484 2.98316 2.7873 2.73567 2.70798 2.66243 2.25765 2.24554 2.12136 2.06477 2.04447 1.99297 2.86395 1.98278 1.96129 2.00342 2.10248 1.93862 2.06187 1.95074 1.89182 1.67838 2.03826 2.63627 1.67722 1.67557 2.19513 1.83625 1.59152 2.08819 1.55745 1.88399 1.79077 1.55555 1.55124 1.50252 1.43233 1.62483 1.66602 2.07005 1.67592 3.71634 1.64249 1.76866 1.42393 2.10998 1.42164 1.40162 1.37088 1.287 1.487 1.61516 1.60107 1.28557 1.28543 1.24453 1.3633
threshold=-0.22314355131420924 0.10944055074706212 -0.09572997928909642 0.36018694969163523 -1.1449142493496989 8.1951643506347285 0 1 -0.14097593844897827 0.58123122796666571 2 3 0.80000029999985012 4 0.54275808902546807 6.7971779464679516 136.90000000000003 0.18232246588569015 -0.021915966791949956 20.500000000000004 0.19931636713045323 -0.012247596730805508 -0.419751794330192 -0.66609198338540654 0.25094042445841908 0.52292825945200916 0.87965517241379321 0.4057890324173084 32.500000000000007 -0.28030167103659775 0.30140064591039889 5 7037.5000000000009 0.10661602882272982 7.6625061483629082 7.7960734901655782 5.5000000000000009 -0.38793001076471789 26.500000000000004 -0.082082380517280229 -1.3120113957136368 -0.092477453393916317 -0.039891272868526111 6 -0.044886616761004049 46.500000000000007 0.15000000000000005 7.5781884763109923 -0.47000362924573547 0.72632688503597376 38.500000000000007 1.5000000000000002 -0.078781205722074268 0.3368273604607796 0.047593356567479546 84.049617277200667 7 4.4064004096262162 0.060014910003289242 1.2000015000037503 652.92500000000007 8
decision_type=2 10 2 10 2 2 1 1 2 2 1 1 2 1 2 2 2 2 2 2 8 2 2 8 2 8 2 2 2 10 10 1 8 2 2 2 2 2 2 8 10 2 8 1 10 2 2 2 2 2 2 2 10 10 2 2 1 2 8 2 8 1
left_child=4 12 3 6 -1 9 35 22 -5 52 -11 -10 51 33 15 19 26 -18 30 -12 21 39 23 -6 -24 29 27 28 49 -8 -9 -32 -33 38 -35 36 -3 40 -14 -21 -38 -28 43 44 47 -45 -47 48 -43 -17 -51 60 54 -22 55 56 -4 -58 -16 -20 -2 -62
right_child=1 2 5 8 7 -7 25 18 11 10 14 -13 13 -15 58 16 17 -19 59 20 53 -23 24 -25 -26 -27 41 -29 -30 -31 31 32 -34 34 -36 -37 37 -39 -40 -41 -42 42 -44 45 -46 46 -48 -49 -50 50 -52 -53 -54 -55 -56 -57 57 -59 -60 -61 61 -63
leaf_value=0.043315315285525791 0.0046688865534830178 0.0085683931501060202 -0.0015790860496488154 0.01096011085223572 0.01471232201644164 -0.0026650825622934185 0.0006231170968073349 0.0011910427548415632 0.009968956180162955 -0.0023973023062172855 0.00057384783961661326 -0.00037592887367098119 -0.0022688715035978019 -0.0018474655823158528 0.0042760829044398412 0.0016804089874444762 0.011477621921599176 -0.0013960517017882323 -0.0018599489454638419 0.012123361285574336 -0.00053879004994834866 0.011722179814459242 0.0032851290978413053 0.008319251236758524 0.011991288818875094 0.020341650218941017 0.0027928346744721944 -0.0065970344142916477 0.00088933896098654624 -0.0023172108196902112 0.0090239395386725266 0.0012215784913397413 0.0086748593348050552 0.0032714533804030703 -0.00010120660967137079 0.00065565198377853882 0.004018609774653523 0.0019493148386280548 0.0032939818818755722 0.00060805738993765309 0.0098219640427498756 0.0034903943854813907 -0.0012483978121164033 -0.0011376939299117589 0.00077848056604691769 -0.0031771730888763743 0.0077729884893061804 0.002519767461193854 0.0082531859978931064 0.013174559715288324 0.0032056902340395297 -0.0032638148516604135 -0.0031392335225433835 0.01155979814356204 -0.0021160722814264777 -0.0030554149463418172 -0.00067168733284053792 0.0037543275330447616 -0.0024910891467854407 0.0052380359401848486 0.0010785777780037739 -0.0023698247688389469
leaf_weight=67 50 84 303 81 42 4531 1673 1100 263 1734 233 232 162 1481 41 51 54 40 363 42 108 79 563 127 44 49 505 78 235 1469 228 494 209 52 41 907 40 481 91 72 45 47 1823 653 202 49 48 74 44 83 48 3977 1748 46 1073 130 157 244 988 86 139 2567
leaf_count=67 50 84 303 81 42 4531 1673 1100 263 1734 233 232 162 1481 41 51 54 40 363 42 108 79 563 127 44 49 505 78 235 1469 228 494 209 52 41 907 40 481 91 72 45 47 1823 653 202 49 48 74 44 83 48 3977 1748 46 1073 130 157 244 988 86 139 2567
internal_value=-0.000677429 -0.00107766 -0.000571382 0.000822534 0.00286853 -0.00104825 0.000328489 0.00263125 0.00488735 -0.000603645 -5.21834e-05 0.00347782 -0.00231282 -0.00075766 0.000474884 0.000927409 0.00052788 0.00768421 0.00178643 0.00370052 0.00607759 0.00945876 0.00523507 0.0100294 0.00397204 -0.000548096 0.000355239 0.0030746 0.00446172 -0.000703151 0.00245817 0.00401824 0.0025 0.00271709 0.00835106 0.00211416 0.00399385 0.00294533 0.000728345 0.00504348 0.00959302 -3.62751e-05 -0.000459029 0.00104204 0.00374339 -0.000328516 0.0057653 0.00798193 0.0124457 0.00896175 0.0117045 -0.00273463 -0.00171636 0.00180645 -0.000778303 0.00069461 0.00160284 0.00362864 -0.00154854 -0.00121111 -0.00186072 -0.00200591
internal_weight=32770 29447 20887 5324 3323 15563 4748 3256 576 11032 7377 495 8560 1827 5643 4614 4034 94 2480 580 347 193 776 169 607 3191 3940 495 417 3142 2031 931 703 346 93 1557 650 566 253 114 85 3445 2940 1117 367 750 97 165 91 182 131 6733 3655 154 1907 834 704 401 1029 449 2756 2706
internal_count=32770 29447 20887 5324 3323 15563 4748 3256 576 11032 7377 495 8560 1827 5643 4614 4034 94 2480 580 347 193 776 169 607 3191 3940 495 417 3142 2031 931 703 346 93 1557 650 566 253 114 85 3445 2940 1117 367 750 97 165 91 182 131 6733 3655 154 1907 834 704 401 1029 449 2756 2706
cat_boundaries=0 1 2 3 4 5 6 7 8 9
cat_threshold=880 2336 140 732 640 20 8 1456 2048
is_linear=0
shrinkage=0.05


Tree=24
num_leaves=63
num_cat=8
split_feature=10 9 39 25 39 25 8 21 9 1 25 22 22 37 35 27 7 8 8 20 30 26 12 44 22 6 39 30 26 20 31 7 4 42 10 33 7 39 23 13 22 27 33 25 8 35 22 20 6 12 33 33 20 29 26 21 33 27 12 33 18 15
split_gain=18.478 11.9131 7.46784 5.50928 4.1957 3.92987 3.2104 3.75255 2.93677 2.84171 2.7653 2.70071 2.56291 2.47942 4.71436 4.12432 2.40464 3.26411 3.04791 2.40295 2.14023 2.07394 2.17563 2.03965 2.21968 1.92673 2.58579 2.00066 3.51215 3.20491 1.85528 1.83966 2.25578 2.6742 1.93302 2.29276 1.91349 1.85887 2.0631 2.05218 1.83419 1.70157 2.8612 1.66119 1.65411 1.64406 2.38118 1.60969 1.57369 1.57151 1.86209 1.51396 1.51229 1.44521 2.76781 1.66244 1.5206 2.41714 1.46905 1.43419 1.50946 1.42242
threshold=-0.18739259259821936 0.28079772918937512 0 1 2 3 0.63991525756007761 1085.0400000000002 0.16828638747530297 0.18232184250832176 4 -0.045459522915588316 -0.46973416009343033 37.500000000000007 0.017866314712239668 6.5000000000000009 7.068244594967247 0.26885059639564252 0.82563494565888085 -0.076011805910459487 147.05000000000004 16.500000000000004 21.500000000000004 1.0000000180025095e-35 -0.5109684605045709 7.8055379158819003 5 0.15000000000000005 36.500000000000007 0.05401587325362376 9.3500000000000032 6.8146372016139329 -0.060206557168971823 0.98449519230769245 -0.055921802247824275 28.700000000000006 8.31786639424889 6 -0.19021442471732894 0.82932289113413049 -0.78746964357150795 26.500000000000004 34.092857142857156 7 0.13240729322541461 6.5926911827921069e-12 -0.14924963639285599 -0.012717749091729328 6.5917788034538383 34.500000000000007 30.021428571428572 26.278571428571436 0.038242334570300879 1.0000000180025095e-35 2.5000000000000004 826.25000000000011 38.421428571428585 9.5000000000000018 78.500000000000014 27.13571428571429 -0.31396973770086872 -0.079114954697970127
decision_type=2 10 1 1 1 1 10 10 8 2 1 10 8 10 2 2 2 8 8 10 2 2 2 2 10 2 1 2 2 10 2 2 2 2 2 2 2 1 8 2 10 2 2 1 10 2 8 10 2 2 2 2 10 2 2 8 2 2 2 2 10 2
left_child=1 4 3 8 -1 16 -7 -8 59 31 25 13 41 19 45 -16 18 -18 21 43 53 40 -23 24 30 26 27 -6 47 61 -19 32 -10 -34 -33 36 37 38 -36 -40 -3 42 49 44 -4 -15 -47 -29 -12 -5 -51 -11 -21 55 -55 58 -56 -58 -14 60 -2 -30
right_child=2 5 11 12 10 6 7 -9 9 51 48 -13 20 14 15 -17 17 23 -20 52 -22 22 -24 -25 -26 -27 -28 28 29 -31 -32 34 33 -35 35 -37 -38 -39 39 -41 -42 -43 -44 -45 -46 46 -48 -49 -50 50 -52 -53 -54 54 56 -57 57 -59 -60 -61 -62 -63
leaf_value=0.0048577376718537514 0.004961319092285108 0.070891425422014709 0.0093621932407482004 0.013223342143237865 -0.0023200093604774786 0.0041744300437292136 0.026510646199508693 0.010258640328911798 0.001333186303061412 0.0080838336496528648 0.0084816602148712322 -0.0032735619778973208 0.0022253796363661139 0.0026437654571602673 0.0059266764262445037 0.0014757907798631888 -0.0018111940143342876 0.0052677180415296246 -0.0045774812305174814 -0.002495884166392836 0.0062105543657663548 0.024703640141235217 0.021111776658485518 0.016995605693882806 0.0021448908585590984 -0.00012803152679020171 0.00088190689811786177 -0.0045633941161333782 0.012906898023985196 0.0050297932623754541 0.012493622633644876 0.0048558031533004094 0.0096227019767032296 0.0091501470545085912 -0.0010013932946031693 -1.57052509553022e-05 -0.0020809376597121609 0.0019052114984728378 0.0075818448175083543 0.011756794368302308 0.0049154565872105878 -0.00012897361185049442 -0.0021512781039323969 -0.00070259842424016039 0.001312123205740888 0.0021369320717984563 -0.0031148818595190518 0.0048279289532391322 -0.0011890125040283778 -0.0017172563116973451 0.0085091058318056412 -0.0010909345897126659 -0.00078082234408676182 0.0035352611304610366 -0.0041348900436136921 -0.0012844497396134087 0.016807876233367439 -0.0015111265144906051 0.0077339965266369042 -0.0012300522186145925 -4.6464719787893725e-05 0.0090324690130717672
leaf_weight=193 156 45 47 53 65 720 40 71 123 100 113 3536 222 52 46 85 113 48 40 4737 76 45 58 175 116 717 466 40 41 41 57 604 135 40 52 1523 99 323 156 61 50 415 113 416 78 106 296 125 1999 45 41 1435 1152 203 3386 4228 68 314 47 2547 267 40
leaf_count=193 156 45 47 53 65 720 40 71 123 100 113 3536 222 52 46 85 113 48 40 4737 76 45 58 175 116 717 466 40 41 41 57 604 135 40 52 1523 99 323 156 61 50 415 113 416 78 106 296 125 1999 45 41 1435 1152 203 3386 4228 68 314 47 2547 267 40
internal_value=-0.000617494 0.00205019 -0.00114538 -0.000490413 0.000546731 0.00570614 0.00320071 0.0111161 0.000503799 0.00128869 0.000154455 -0.00218756 -0.00131262 -0.0016213 0.00149317 0.0098106 0.00833113 0.00648039 0.0125941 -0.00190484 -0.0015471 0.0151256 0.0200481 0.00861461 0.00538288 0.00176261 0.00343101 0.00658402 0.00855903 0.0149593 0.0106132 0.00215592 0.00588629 0.00951704 0.00175949 0.00107449 0.00346098 0.00453626 0.00751786 0.00993119 0.00963542 0.00166916 0.00490118 0.00128229 0.00606618 -0.000923078 -0.00200993 0.00376506 -0.00101743 0.00967857 0.0054023 -0.000472006 -0.00219779 -0.00162239 -0.00231747 -0.00100823 -0.00262404 0.000365534 0.0027963 -0.000723663 0.00196934 0.0206707
internal_weight=32801 5418 27383 16832 3840 1578 831 111 7621 4651 3647 10551 9211 7015 585 131 747 509 238 6430 8544 198 103 396 221 1535 818 352 287 122 105 3116 298 175 2818 2214 691 592 269 217 95 667 252 541 125 454 402 165 2112 139 86 1535 5889 8468 3971 4497 3768 382 269 2970 423 81
internal_count=32801 5418 27383 16832 3840 1578 831 111 7621 4651 3647 10551 9211 7015 585 131 747 509 238 6430 8544 198 103 396 221 1535 818 352 287 122 105 3116 298 175 2818 2214 691 592 269 217 95 667 252 541 125 454 402 165 2112 139 86 1535 5889 8468 3971 4497 3768 382 269 2970 423 81
cat_boundaries=0 1 2 3 4 5 6 7 8
cat_threshold=8072 2864 8 825 1904 5634 5128 2054
is_linear=0
shrinkage=0.05


Tree=25
num_leaves=63
num_cat=7
split_feature=1 39 1 7 25 22 13 18 26 13 22 5 25 26 27 23 14 5 10 41 12 20 27 8 25 25 30 41 19 11 4 17 12 31 39 27 41 39 44 13 11 41 13 10 37 22 30 13 5 27 31 0 13 20 16 8 31 17 18 14 27 20
split_gain=14.8177 5.03965 4.66835 3.98626 3.66146 3.20777 2.69982 2.42533 2.31776 2.2977 2.16506 2.14937 2.16592 1.98389 3.41009 2.25773 2.37522 2.05779 1.96724 2.62282 2.47696 2.35726 2.12448 3.99968 1.90741 1.77842 1.94253 2.19874 1.75167 1.74468 1.69018 1.56471 1.76528 1.56287 1.50901 2.02313 1.48317 1.47469 1.45699 1.38715 1.94917 3.80031 1.85519 1.35912 1.34576 2.54547 1.29424 1.28412 1.44678 1.51887 1.64264 1.63119 1.67533 1.24136 1.21144 1.20227 1.19073 1.65601 1.16929 1.65237 1.54695 1.15752
threshold=-0.14505388019258622 0 -0.55164801828608512 6.7217636430196466 1 -0.64857120981557481 0.39741924741924745 -0.021497401298630165 2.5000000000000004 0.99999812500234386 -0.45072346960465709 7.3235081695058115 2 16.500000000000004 16.500000000000004 -0.021938796013206249 -0.1053605156578263 7.0238435800113121 -0.048070862040311184 96.180635245901655 47.500000000000007 0.041682119053309298 58.500000000000007 0.086038773265549914 3 4 3.2500000000000004 103.87133099141296 -0.37076262152859885 26.500000000000004 -0.64677841131263658 -0.60377285505098077 76.500000000000014 0.45000000000000007 5 20.500000000000004 1.0884033613445381 6 0.29285714285714287 0.81578708449382209 4.5000000000000009 5706.0234451450206 1.3714324898183092 0.011449547682197638 56.500000000000007 0.043340205522915419 110.50000000000001 0.55263194252125414 8.9701635160650479 36.500000000000007 362.25000000000017 0.040948147297739552 0.57796355391444487 -0.099733739524148615 -0.92719249719378005 0.16067457189863682 0.55000000000000016 0.011287762781142742 -0.79797025258631005 -1.1994848170202668 28.500000000000004 0.048250231872007644
decision_type=2 1 2 2 1 8 2 10 2 2 8 2 1 2 2 10 2 2 2 2 2 10 2 8 1 1 2 2 2 2 2 2 2 2 1 2 2 1 2 2 2 2 2 2 10 8 2 2 2 2 2 2 2 10 2 10 2 2 10 2 2 10
left_child=2 4 25 29 5 7 -3 -2 10 31 -6 13 30 43 15 16 -15 -18 19 20 -8 22 -22 -24 58 26 -1 -28 -21 -4 -13 32 -5 -12 35 -27 -20 -26 -16 61 41 42 -41 53 -30 -46 -14 -7 49 51 -51 52 -49 -10 -34 -17 57 -36 59 -11 -61 -38
right_child=1 6 3 9 8 47 18 -9 11 24 33 12 46 14 38 55 17 -19 36 28 21 -23 23 -25 37 34 27 -29 44 -31 -32 -33 54 -35 56 -37 39 -39 -40 40 -42 -43 -44 -45 45 -47 -48 48 -50 50 -52 -53 -54 -55 -56 -57 -58 -59 -60 60 -62 -63
leaf_value=0.0075550065009191069 0.020388176348099293 -0.0034679554778460245 0.010286502426123523 0.00018608803860671399 0.006120987445820663 -0.00091068532511118889 -0.00057292704966553317 0.0069511940108741357 0.05997161288252633 -0.00036391394075035966 0.0048242910072819195 0.0076469633266797888 -0.0034617137291766569 0.0017288109173973954 -0.00060839818989429236 0.0084423456486176739 0.016554866636521812 0.0040631057439829785 0.0025359131243665456 0.0014435119773281101 -5.7093189966747164e-05 0.0085736554294144496 0.0069014323605065186 -2.2512313057025322e-06 0.0056644909194629896 0.018421420870514727 0.020372739453624226 0.0061529367027748543 -0.0024553911786553118 0.0055264815182791346 -0.0014209728426652789 -0.00045428638481082256 0.0056091527438647745 -0.00022808393784821935 -0.0013240772452045313 0.0029962201035302876 -0.0032081003699932411 0.00030526416879445245 0.010121382107357087 -0.0039487768191668006 -0.0019028961103115802 0.0032124980858797315 0.005914021950121133 -0.0043344722650681426 0.0065621255731566743 -0.0068833589239164694 0.0032284686416910058 0.0080672273031804857 -0.0030868195696475568 -0.00042836668972421845 0.0025039596223151829 0.00045033385797602202 0.0030325364909037887 -0.00034360328382144833 0.0025058519078957776 -0.0044579430989988402 0.00065408199949102395 0.0099555019165326643 0.0034969386550943436 0.006791331463210969 0.012705364667343325 -0.00076726589363066604
leaf_weight=138 70 2861 73 311 41 1439 546 121 95 41 63 81 2961 65 742 56 61 52 53 42 257 78 53 69 118 42 112 41 902 339 3991 3163 49 395 42 71 3256 981 44 203 1792 61 47 730 43 75 66 57 265 1530 57 939 979 651 45 78 328 42 410 49 55 435
leaf_count=138 70 2861 73 311 41 1439 546 121 95 41 63 81 2961 65 742 56 61 52 53 42 257 78 53 69 118 42 112 41 902 339 3991 3163 49 395 42 71 3256 981 44 203 1792 61 47 730 43 75 66 57 265 1530 57 939 979 651 45 78 328 42 410 49 55 435
internal_value=-0.000698872 -0.00122373 0.00144939 0.000937 -0.000648658 0.000395939 -0.00205536 0.00674479 -0.00120888 0.000562894 0.00211 -0.00138154 -0.00183028 -0.000143691 0.00146497 0.00587859 0.00955307 0.0139035 -0.00158094 -0.000254115 0.00157868 0.00429039 0.00264474 0.00804878 0.00210272 0.00498164 0.00809603 0.0122403 -0.00198495 0.00566586 -0.00106784 -0.000151304 0.00277093 0.00111111 0.00303172 0.00794355 -0.00204942 0.000860359 -0.00029225 -0.00212597 -0.00110029 0.00254808 -0.000199204 -0.00134056 -0.00239961 0.00260504 -0.00284233 0.000165178 0.000643938 0.000909345 -0.000242445 0.00183451 0.00320154 0.000160641 0.00873684 0.000962962 0.001513 0.00682353 0.00446113 0.00839041 0.0117143 -0.00270991
internal_weight=32852 26402 6450 5634 15629 5457 10773 191 10172 5222 499 9673 7099 2574 1098 312 178 113 7912 2065 1003 457 379 122 1654 816 291 153 1062 412 4072 3568 405 458 525 113 5847 1099 786 5794 2103 311 250 1476 1020 118 3027 5266 3827 3562 1587 1975 1036 746 94 134 412 84 555 145 104 3691
internal_count=32852 26402 6450 5634 15629 5457 10773 191 10172 5222 499 9673 7099 2574 1098 312 178 113 7912 2065 1003 457 379 122 1654 816 291 153 1062 412 4072 3568 405 458 525 113 5847 1099 786 5794 2103 311 250 1476 1020 118 3027 5266 3827 3562 1587 1975 1036 746 94 134 412 84 555 145 104 3691
cat_boundaries=0 1 2 3 4 5 6 7
cat_threshold=7976 2352 1604 816 788 4121 768
is_linear=0
shrinkage=0.05


Tree=26
num_leaves=63
num_cat=7
split_feature=2 39 0 7 22 39 25 8 22 33 30 7 39 13 25 37 27 27 27 13 0 39 10 30 29 16 33 35 41 13 7 3 10 10 22 29 39 3 12 16 27 41 22 8 23 7 17 26 13 18 4 33 27 7 0 19 7 27 10 7 18 41
split_gain=13.355 6.20459 4.20769 3.87037 3.25496 3.39149 3.16898 3.06228 2.5405 2.49166 2.46906 2.09896 2.17925 2.05154 2.2272 2.88305 3.30131 2.02704 1.9948 2.26329 2.21086 2.42946 3.11802 3.47812 1.80704 1.99794 1.86999 2.62116 1.89552 1.80033 1.77902 2.30733 1.77209 1.76105 2.09427 1.70625 1.89442 2.35467 2.35941 2.08901 1.67427 1.66803 1.65591 2.8843 1.63031 1.5875 1.57559 1.53282 1.52045 1.51605 1.94983 1.61939 1.50598 1.49925 1.46677 1.44926 1.43651 1.41503 1.46984 1.4129 1.64655 2.59193
threshold=-0.1814438689772446 0 -1.010708850781729 8.1605826951034022 -0.17149310944028504 1 2 0.23351905005771703 -0.76186219708003511 38.95000000000001 0.35000000000000009 7.8754088830229749 3 0.39741924741924745 4 36.500000000000007 5.5000000000000009 13.500000000000002 35.500000000000007 1.2500012784105439 0.03872860913040866 5 -0.010445798830995388 28.650000000000006 1.0000000180025095e-35 -2.536271938642439 34.092857142857156 1.9355789876495595e-07 19.441020733652319 2.3937952057794827 8.0598000152013931 -0.26669756615760359 -0.14069640294278682 0.10967246304700674 -0.061858162041505162 1.0000000180025095e-35 6 -0.2114987374050363 45.500000000000007 -0.7567086265130879 17.500000000000004 16.403193894855857 0.047119611937066784 0.11942135884019207 -0.22314355131420974 6.8842141618999007 -0.28027159784523276 46.500000000000007 0.27014863648527021 0.012596741246060724 -0.080927825994671285 29.114285714285717 37.500000000000007 8.552976757690816 -0.48453523171349383 -0.025791658370585304 6.4683555916310196 30.500000000000004 -0.16727559595018301 7.0767651249256529 0.25889165304746636 315.24867788461546
decision_type=2 1 2 2 10 1 1 10 8 2 2 2 1 2 1 10 2 2 2 2 2 1 2 2 2 2 2 2 2 2 2 2 2 2 10 2 1 2 2 2 2 2 8 10 10 2 2 2 2 10 2 2 2 2 2 2 2 2 2 2 10 2
left_child=2 3 -1 6 7 10 8 11 -2 17 -6 12 -4 32 15 30 -17 -8 20 -20 21 22 -10 33 26 -26 28 40 -16 53 31 44 48 -24 -35 36 37 38 -9 -38 42 -21 43 -28 -15 -11 57 -48 -3 50 55 -51 -18 -13 -40 -33 -34 -14 -59 60 -22 -62
right_child=1 13 4 -5 5 -7 9 35 18 45 -12 29 46 14 24 16 52 -19 19 41 59 -23 23 -25 25 -27 27 -29 -30 -31 -32 49 56 34 -36 -37 39 -39 54 -41 -42 -43 -44 -45 -46 -47 47 -49 -50 51 -52 -53 -54 -55 -56 -57 -58 58 -60 -61 61 -63
leaf_value=0.032058867524550075 0.013755171276535805 0.0056406922939779558 -0.00015833246250817972 -0.0019977879250677125 0.01421415936913714 -0.0011772129983965247 0.00061879039934477223 0.0052080639914392352 0.0010215994335528776 0.0098532322862834362 0.0024796139801117169 -0.0020780094361588083 0.0032292023677696832 0.012242428698952633 -0.00056008334922899713 0.005607560974445959 -0.0020722531463246993 -0.0014673779990756542 -0.00062036584486569845 0.012258319167191381 -0.0013119528649121279 0.0019986733766944264 0.009533813284503409 0.00053374819730388396 0.0060913837573597701 -0.0028991990248304253 0.0064684834596967075 0.0035141750485943946 -0.0026647512626361107 0.0087622310190689535 -0.0042095416256074641 0.0042728339833678309 0.0018019161577113776 0.0068347340237747056 0.010645908410677897 0.0032488081804345767 0.013449421338527542 0.0040210851017479362 0.0043383832764124705 0.0014169421444436866 -0.00077199357974898093 0.00033033714135111245 -0.0025244085523365607 -9.9934849931690277e-05 0.0023489283938772625 0.00055082904607544529 0.0029443771539766368 0.010014850922354159 -0.00051068886767951063 0.00064993746176838303 0.00012442766741558556 -0.0040022256710403274 0.0051965370253140358 0.00093478236513458522 0.010582657339937112 0.001205587684229922 -0.0034638140123201783 0.014516234646935711 0.00151745670439277 -0.00079678601872121963 0.0034572873031671033 0.012994676133360819
leaf_weight=81 112 53 443 4044 53 1609 1512 139 173 117 98 693 87 41 1440 43 78 3771 1312 72 105 532 73 102 49 3315 53 55 2355 51 765 78 57 83 53 801 53 203 50 362 684 114 104 57 40 113 424 49 108 455 363 444 51 433 92 63 3068 57 40 648 100 45
leaf_count=81 112 53 443 4044 53 1609 1512 139 173 117 98 693 87 41 1440 43 78 3771 1312 72 105 532 73 102 49 3315 53 55 2355 51 765 78 57 83 53 801 53 203 50 362 684 114 104 57 40 113 424 49 108 455 363 444 51 433 92 63 3068 57 40 648 100 45
internal_value=-0.000675144 -0.00114494 0.00149682 -0.0003632 0.00133583 -0.000454289 0.000211882 0.00212795 0.00138048 -0.00053675 0.00645062 0.000928445 0.00249773 -0.00188323 -0.00154405 -0.000207649 0.00601156 -0.000759842 0.00113976 -0.000226819 0.00220888 0.00380531 0.00632323 0.0094391 -0.00194017 -0.00282912 -0.00131396 0.000665617 -0.00181112 -0.00053905 -0.000686668 0.000323231 -0.00297536 0.013119 0.00963504 0.0037331 0.00522778 0.00733333 0.0104433 0.00252347 1.11223e-05 0.00491978 0.00386046 0.00810811 0.00847561 0.00454545 0.00428892 0.00281645 0.00212963 -0.000153135 0.0020396 -0.00138333 0.00196154 -0.000958298 0.014965 0.00700704 -0.00323896 0.00827027 0.012398 0.000400444 0.00358566 0.00702055
internal_weight=32718 26900 5818 13081 5737 1760 9037 3977 3524 5513 151 2277 1100 13819 10533 2421 172 5283 3412 1498 1914 1016 484 311 8112 3364 4748 953 3795 1177 2249 1484 3286 209 136 1700 899 484 281 415 898 186 214 110 81 230 657 473 161 1403 504 899 129 1126 142 141 3125 184 97 898 250 145
internal_count=32718 26900 5818 13081 5737 1760 9037 3977 3524 5513 151 2277 1100 13819 10533 2421 172 5283 3412 1498 1914 1016 484 311 8112 3364 4748 953 3795 1177 2249 1484 3286 209 136 1700 899 484 281 415 898 186 214 110 81 230 657 473 161 1403 504 899 129 1126 142 141 3125 184 97 898 250 145
cat_boundaries=0 1 2 3 4 5 6 7
cat_threshold=3880 144 2352 402 770 2560 4365
is_linear=0
shrinkage=0.05


Tree=27
num_leaves=63
num_cat=10
split_feature=1 39 0 25 7 11 13 15 22 12 16 9 1 0 20 0 6 25 4 25 35 36 1 0 10 0 12 25 39 15 23 15 44 20 42 4 12 7 42 25 22 13 39 39 4 7 16 9 16 9 25 11 16 44 5 22 9 17 4 13 20 13
split_gain=15.2136 4.86002 4.49854 3.56429 2.73713 2.58376 2.28734 2.22445 2.15125 2.23463 2.14429 2.18091 1.81151 1.79065 1.73363 1.74943 1.7068 1.68325 1.91853 1.68148 2.53181 2.52735 1.5989 1.55763 1.55704 2.25791 1.55046 1.5344 1.50017 1.38909 1.49829 1.42886 1.38855 2.2528 1.68543 1.54984 2.05974 1.48824 1.47003 1.37858 1.77832 1.57594 1.47078 1.36104 1.79525 1.79132 1.57643 1.37372 1.35831 1.36987 1.34624 1.58998 1.34171 1.71998 3.30234 1.30565 1.70941 1.26632 1.26206 1.42357 1.41439 1.27927
threshold=-0.1069113143221183 0 -0.40546510810816433 1 6.703854655643009 24.500000000000004 0.39215784313725494 -0.51694387060810276 -0.98722270184461125 54.500000000000007 0.15676678464551011 0.41119474520870319 -0.38416593228539359 -0.28470222185126065 -0.055055249651155123 0.031748698314580277 7.3638590162562032 2 0.10848103824329904 3 0.002875458014296312 0.19259297089277996 0.25782910930209951 -0.59051534872101852 -0.42084554211936126 -0.12516314295400607 62.500000000000007 4 5 -0.58778666490211906 -0.315352725374135 -0.22314355131421001 1.0000000180025095e-35 0.11814678202919077 0.92247596153846168 0.064538521137571983 18.500000000000004 6.7971779464679516 0.90521114106019784 6 -0.52291211785016889 1.3452339285714288 7 8 -0.20574863098936499 8.1188061827027092 0.16251892949777483 0.1437471971983309 0.14662339570113184 0.091042152062763199 9 85.500000000000014 0.42333554879819763 1.0000000180025095e-35 7.9602878667631014 0.32285348642234685 0.4990252044267986 0.57141837710756527 0.014331294759023729 0.45000056250140635 0.022101703643674458 0.88021336358234759
decision_type=2 1 2 1 2 2 2 2 10 2 2 10 2 2 10 2 2 1 2 1 2 2 2 2 2 2 2 1 1 2 10 2 2 10 2 2 2 2 2 1 8 2 1 1 2 2 2 10 2 10 1 2 2 2 2 10 10 2 2 2 10 2
left_child=2 3 8 13 5 -4 -3 24 9 10 11 23 28 -2 15 17 22 -8 -19 20 58 48 39 -1 25 -6 32 43 52 -10 -31 -32 37 35 38 36 -34 -15 -35 42 -41 -42 -5 45 47 46 -14 -45 49 -22 51 57 53 -9 -55 56 -28 -7 59 -16 -61 -62
right_child=1 6 4 16 7 50 14 12 29 -11 -12 -13 27 26 19 -17 -18 18 -20 -21 21 -23 -24 -25 -26 -27 55 -29 -30 30 31 -33 33 34 -36 -37 -38 -39 -40 40 41 -43 -44 44 -46 -47 -48 -49 -50 -51 -52 -53 -54 54 -56 -57 -58 -59 -60 60 61 -63
leaf_value=0.0029110837539254976 0.0076435232577697137 -0.0033741512730375285 0.0099456729623962157 -0.0040355910124470762 0.0032448839314307277 0.0058556769771159227 -0.0022383277678009656 0.003448082440938801 -0.0004710376993084505 0.00340927705297015 0.010511813752644872 0.035941720303294421 0.003768975589881637 0.0043421622491489091 0.0017024783313589018 -0.0023782949266899986 -0.0023061889040415051 0.0039959602933457364 -0.00049978670623976654 -0.0025462977099979934 0.0030227850489938312 -0.0015918494742501081 -0.0032084325957237934 0.012210705286910714 0.0013241063591848564 0.016989638744253837 -0.00053816900583204829 -0.0010623484602900583 -0.0005257849828813057 0.011975101205825801 0.0053654823801214989 0.00073668382426098902 0.000313806890336387 0.0037207223752049449 0.0023330643939719732 -0.0008422244250235046 0.0086175128891982922 -0.00035403738139649308 0.011375870352063264 0.014265232841729489 0.0003180805542853896 0.0054262984895062545 0.00097120808501517631 -0.0015157664038511706 -0.0014200371024401456 -0.0008628638402541762 0.00046665751514528395 0.0038919390684456108 0.00036240971848473282 0.0040737347619698907 -0.00107004739018148 0.021836754796603061 -0.00053991411488526965 0.0042688617447291721 0.011273731737978979 -0.0051104069635200984 0.010171166344892395 -0.0045665032143231343 -0.0030227024867083884 -0.0026155532874339057 -0.00081895020343671933 0.0056642430746034226
leaf_weight=48 192 2629 83 288 90 131 121 135 243 128 88 41 430 317 79 221 5772 132 81 5110 53 132 607 55 1152 69 2041 2422 322 112 58 256 269 43 104 496 183 2353 44 80 975 67 332 121 744 473 300 232 60 52 169 45 98 94 42 294 41 47 777 469 118 72
leaf_count=48 192 2629 83 288 90 131 121 135 243 128 88 41 430 317 79 221 5772 132 81 5110 53 132 607 55 1152 69 2041 2422 322 112 58 256 269 43 104 496 183 2353 44 80 975 67 332 121 744 473 300 232 60 52 169 45 98 94 42 294 41 47 777 469 118 72
internal_value=-0.000723663 -0.00134607 0.00113744 -0.000757462 0.000695138 0.00435924 -0.00218741 0.000435687 0.00422815 0.00734072 0.0102575 0.014 -1.20071e-05 0.000127582 -0.00174311 0.000944243 -0.00145167 0.00322388 0.00573661 -0.00195869 -0.000636315 0.00357382 -0.000317022 0.00995192 0.00228277 0.00690625 -2.02081e-05 -0.000362059 0.00237717 0.00254477 0.00426229 0.00247619 0.000604986 0.00206579 0.00700521 0.00106428 0.00317881 -1.87208e-05 0.0121023 0.00045324 0.00149161 0.000949184 -0.00142631 0.000562526 -0.000708485 0.00171746 0.00328317 0.00221751 0.00768072 0.0110849 0.00264631 0.0050641 0.00448684 0.00641544 0.010365 -0.0010223 -0.000580894 0.00312849 -0.00146768 1.35306e-05 -0.000750001 0.00287958
internal_weight=32832 24604 8228 14498 7199 475 10106 6724 1029 360 232 144 5413 6377 7477 555 8121 334 213 6922 1812 297 2349 103 1311 159 6185 4722 691 669 426 314 3809 1139 191 948 452 2670 87 1742 1122 1042 620 2300 1097 1203 730 353 165 105 392 223 369 271 136 2376 2082 178 1515 738 659 190
internal_count=32832 24604 8228 14498 7199 475 10106 6724 1029 360 232 144 5413 6377 7477 555 8121 334 213 6922 1812 297 2349 103 1311 159 6185 4722 691 669 426 314 3809 1139 191 948 452 2670 87 1742 1122 1042 620 2300 1097 1203 730 353 165 105 392 223 369 271 136 2376 2082 178 1515 738 659 190
cat_boundaries=0 1 2 3 4 5 6 7 8 9 10
cat_threshold=7976 2416 176 530 2928 4540 6 2048 3626 313
is_linear=0
shrinkage=0.05


Tree=28
num_leaves=63
num_cat=10
split_feature=1 9 0 10 25 17 39 31 3 0 9 19 26 33 3 2 39 33 15 17 33 2 2 25 37 25 37 33 4 11 9 7 2 5 41 7 39 42 25 8 31 33 40 6 25 8 20 30 3 42 18 25 31 9 42 20 33 44 30 21 31 39
split_gain=13.4485 5.06602 4.68782 3.46719 2.3537 2.7613 2.49923 2.57521 2.52965 2.26558 2.9627 2.28972 2.21332 1.8469 1.83904 1.99417 1.82296 2.16987 1.81376 1.80722 1.78777 1.81077 1.77174 1.7645 1.63175 1.69936 3.07292 1.51201 1.45846 1.41386 1.40855 1.40032 1.43546 1.38728 2.8441 2.24441 1.68402 1.37371 1.3438 1.47675 1.47707 1.36763 1.34183 1.62811 1.49663 1.43476 1.29164 1.27875 1.24165 1.25797 1.21715 1.21462 1.59515 1.39864 1.25352 1.21021 2.11843 2.0731 1.18602 1.92295 1.1652 1.15348
threshold=-0.1069113143221183 0.26957315149277766 -0.38946412160001648 0.033015907102233129 0 -0.21720513091310864 1 341.60000000000008 -0.27267660551931699 0.0071692063337023279 0.11274223285230565 -0.40959010517984046 23.500000000000004 26.464285714285719 -0.95493780869471256 -0.84474031005381833 2 37.964285714285722 -0.44111283774606508 -0.087216559692991899 27.092857142857149 -0.010856564140719003 -0.58962465035603617 3 50.500000000000007 4 68.500000000000014 26.964285714285719 0.098407473412586391 1.5000000000000002 0.3366204733699229 6.3634065535336513 0.24187655595729399 7.0142540965063391 111.12586805555557 6.6695641239230161 5 0.65545505935556825 6 0.20278018908302098 57.550000000000018 29.63571428571429 1.5000000000000002 8.1553821885017559 7 0.043267112945780312 -0.0022441084828337741 100.80000000000003 0.33493526499453902 0.64888572783309639 -0.0094247414211086952 8 221.85000000000002 0.29089621154696838 0.84764185703758299 0.064069948613328251 29.114285714285717 1.0000000180025095e-35 0.95000000000000007 1600.6250000000002 6.7500000000000009 9
decision_type=2 8 2 2 1 2 1 2 2 2 10 2 2 2 2 2 1 2 2 2 2 2 2 1 10 1 10 2 2 2 8 2 2 2 2 2 1 2 1 10 2 2 2 2 1 8 10 2 2 2 8 1 2 10 2 10 2 2 2 10 2 1
left_child=2 9 14 13 6 22 7 8 12 10 11 -2 19 30 15 -1 17 51 -10 -4 21 -5 -6 29 42 26 -26 -20 -23 -22 -3 -12 37 34 35 -13 47 60 39 -18 -41 -42 43 44 -11 -46 -37 -35 49 -38 -40 54 53 -53 -15 -47 57 -57 59 -31 -33 -24
right_child=1 3 4 20 5 -7 -8 -9 18 24 31 33 -14 16 -16 -17 38 -19 27 -21 23 28 61 -25 25 -27 -28 -29 -30 58 -32 32 -34 36 -36 46 48 -39 50 40 41 -43 -44 -45 45 55 -48 -49 -50 -51 -52 52 -54 -55 -56 56 -58 -59 -60 -61 -62 -63
leaf_value=0.03182912965602154 0.0040460897496886541 0.015464478408058419 0.0053868172769184321 0.0088649086803931319 0.012560577261537496 -0.00060898098387941746 -0.00036931580364630201 0.014124306223605618 0.004712275721262725 -0.0030752995175271896 0.0034315008576410316 -0.0081340849973137713 0.0045322856365435102 0.0040953058400682073 0.0043827333140422026 0.008204767609508978 -0.0051905988407860409 0.016034376604113412 0.0021789994690141683 0.01369522767609496 -0.0035953522282648736 0.01136551116515333 0.0024680872454754658 -0.0027684975858865242 0.0033349524704987723 -0.0033894215278863099 -0.0045266447736156115 -3.9074810564125137e-06 -0.0014414426606040212 0.0019585808551941578 0.0046287228385546129 0.011795771292268376 -0.0022145475867447069 -0.0011371911056957326 -0.0016928252909100946 0.0052734668734764007 0.0080938413991567624 -0.00015721692966757232 0.0022675324140795268 0.0011664142942902685 0.004020193508766535 0.015801738836683229 -0.0031423766529743631 -0.0038118257032051725 0.0027360893442868474 -0.0012343157957077852 0.00054868674587908717 0.0040117870608701233 0.0030165069283399773 -0.003188829168568233 -0.0027060081076706356 0.008863981824362396 0.0092791871321170668 0.0050083697009492322 -0.0032901982194294432 0.0019947069438683283 -0.0012487964191510365 0.015210487297044878 0.001730524758669162 0.0080472376480752797 0.00034562982068726567 0.0011389036579040458
leaf_weight=57 40 40 43 71 53 3530 709 41 227 1511 67 69 260 60 1006 50 64 83 55 66 169 83 163 2062 63 137 48 812 210 117 53 40 604 1306 312 69 45 4734 248 99 53 41 4408 958 62 1972 54 78 53 2576 349 50 43 287 169 102 250 50 443 67 57 1098
leaf_count=57 40 40 43 71 53 3530 709 41 227 1511 67 69 260 60 1006 50 64 83 55 66 169 83 163 2062 63 137 48 812 210 117 53 40 604 1306 312 69 45 4734 248 99 53 41 4408 958 62 1972 54 78 53 2576 349 50 43 287 169 102 250 50 443 67 57 1098
internal_value=-0.000655413 -0.00124067 0.00110146 0.000204647 0.00062553 6.17801e-06 0.00197167 0.00312211 0.0027903 -0.00159794 -0.00107571 -0.00201173 0.00636486 0.00207622 0.0041158 0.0103241 0.00166128 0.00354196 0.00157991 0.0123182 -0.000747752 0.00254794 0.00196198 -0.00116824 -0.00214966 0.00184739 0.00610656 0.000535713 0.000799319 0.000830234 0.00888298 -0.000292569 -0.000381716 -0.00211703 0.000356434 0.00512953 -0.00242424 -9.41651e-05 9.24844e-05 0.00304104 0.00533505 0.00978947 -0.00225628 -0.00168671 -0.00123734 -0.000461791 0.00915322 -0.00098208 -0.00315456 -0.00331999 -0.00120888 0.00254918 0.00421995 0.00315089 -0.000395834 -0.000661054 0.00183623 0.00647059 0.00193471 0.0052973 0.0057653 0.00158082
internal_weight=32696 24526 8170 4861 7057 4844 2213 1504 1463 19665 10104 4602 369 1639 1113 107 1546 692 1094 109 3222 364 1314 2858 9561 248 111 867 293 796 93 5502 5435 4562 504 192 4058 4831 854 257 193 94 9313 4905 3947 2436 123 1384 2674 2621 597 609 380 337 229 2374 402 152 627 184 97 1261
internal_count=32696 24526 8170 4861 7057 4844 2213 1504 1463 19665 10104 4602 369 1639 1113 107 1546 692 1094 109 3222 364 1314 2858 9561 248 111 867 293 796 93 5502 5435 4562 504 192 4058 4831 854 257 193 94 9313 4905 3947 2436 123 1384 2674 2621 597 609 380 337 229 2374 402 152 627 184 97 1261
cat_boundaries=0 1 2 3 4 5 6 7 8 9 10
cat_threshold=816 7562 992 48 642 4873 1584 1166 1640 608
is_linear=0
shrinkage=0.05


Tree=29
num_leaves=63
num_cat=4
split_feature=1 9 1 10 9 6 26 30 13 25 13 25 26 33 10 42 30 20 21 13 12 15 20 10 1 33 25 41 7 1 31 25 35 27 30 36 17 13 31 40 18 1 0 18 5 20 1 20 13 12 42 19 10 10 7 41 18 9 34 0 13 6
split_gain=14.3598 5.39994 4.10413 2.95645 3.03432 2.7495 2.02817 2.19503 1.95346 1.88012 1.78642 1.84167 1.6678 1.76211 1.66682 1.64874 1.62523 1.69908 1.61551 1.54856 1.3793 1.54741 1.36875 1.32487 1.40174 1.30329 1.27912 1.26976 1.25494 1.35544 1.23983 1.22611 1.69063 2.19532 2.38718 1.43615 1.20991 1.17997 2.55596 1.17887 1.17179 1.15145 1.1469 1.42602 1.32387 1.1236 1.1128 1.10237 1.09013 1.06801 1.03131 1.03029 1.17798 1.15278 1.48783 1.32238 1.13529 1.01395 1.00384 0.990211 1.88081 1.29223
threshold=-0.09531017980432431 0.11638485377313439 -0.55164801828608512 0.0065476212247084229 0.51184007184642077 6.9236582515130403 50.500000000000007 1.0000000180025095e-35 0.59175192184228542 0 0.80597075072488977 1 2.5000000000000004 39.407142857142865 -0.28108590530497629 0.6868872549019609 91.000000000000014 0.024149340539233618 4165.5000000000009 2.1728735632183915 9.5000000000000018 -0.86186654560334819 0.039162524636687637 -0.29721993208892167 -0.13353139262452227 29.464285714285719 2 1.3839743589743592 6.4683555916310196 0.17435378714461794 288.10000000000008 3 1.3310413940197931e-12 19.500000000000004 1.0000000180025095e-35 0.00021761759261314009 -0.031017235515202742 0.82932289113413049 7.4500000000000011 1.5000000000000002 -1.2268052121246715 -0.069272352992734362 -0.033899137886026047 -0.5951685443832414 6.5320829621881993 0.058395525186882818 -0.099562890129250001 -0.053854894736792551 2.1123002974067195 50.500000000000007 0.93798076923076934 0.064133609797059704 0.0016977635272996674 -0.39122887042163595 7.9498198604023225 145.3630849753695 1.6703053116849651 0.25209378379071518 1.0000000180025095e-35 0.08894804267163138 0.99999812500234386 7.7178210044835636
decision_type=2 8 2 2 10 2 2 2 2 1 2 1 2 2 2 2 2 10 10 2 2 2 10 2 2 2 1 2 2 2 2 1 2 2 2 2 2 2 2 2 10 2 2 8 2 10 2 10 2 2 2 2 2 2 2 2 10 10 2 2 2 2
left_child=2 8 18 4 6 12 16 -8 -2 39 36 19 -4 42 -6 -10 27 47 20 30 21 -1 -23 24 26 -20 40 -3 29 -11 57 32 45 35 -35 -34 46 38 -25 59 -13 -41 43 44 -14 -17 -7 -18 -43 -19 -16 53 -53 54 55 -29 -55 -12 -33 60 -5 -62
right_child=1 3 5 9 14 10 7 -9 15 28 11 23 13 -15 50 31 17 49 25 -21 -22 22 -24 37 -26 -27 -28 51 -30 -31 -32 58 33 34 -36 -37 -38 -39 -40 41 -42 48 -44 -45 -46 -47 -48 -49 -50 -51 -52 52 -54 56 -56 -57 -58 -59 -60 -61 61 -63
leaf_value=-0.0023341169569650157 -0.0026677486996727726 0.0051310996476620387 0.0067607762149140029 3.8938612807378002e-05 0.0460147085674905 0.00041840846498138396 0.01009237837498366 -0.0017416977279306621 0.010537096649092184 0.0059635185211653775 0.00091004339722171247 0.0070852374448892395 0.015861488969526768 0.0082276452822036446 0.032047048395798361 -0.0023570965366854105 0.0080446542170787855 0.0070045951437852187 0.015244587054156149 0.0071730312527093281 0.0029510048391328818 0.0086729708775595393 0.022626382862618259 -0.002650937762329279 0.004121152643177156 0.0025227618566324786 -0.00083316592154467301 0.0095961307856124705 -0.0022639373267222423 -0.00044253647918735152 0.010313265333658308 -0.0024951975043311569 0.0021229601679068825 0.0026020530976753956 0.0028816853317567052 -0.0035758199889847487 -0.00092241238979064014 -0.00029359724436218667 0.010481095919364389 0.0016309638263231751 0.0034627357135260869 -0.0029949232575091351 -0.0001035867915040183 0.0024945500217740247 0.0021088249464130708 0.0024434768513874692 0.0026911080512045087 -0.0033728936735738682 0.0015796901595530747 0.0014515216527713735 -0.0041537031473203269 -0.0018681546899209141 0.0021400439189327627 -0.00033252514785309757 -0.0012056131577778942 -0.0019366605910013518 0.00184090710909178 0.0041118061746084579 0.0019100812513959194 -0.00084994658609731258 0.0083931943370061744 9.8964263561954945e-06
leaf_weight=43 4395 41 41 1050 53 1530 70 48 66 71 319 40 40 54 106 614 61 52 81 70 506 112 46 44 42 54 237 73 5924 126 57 2634 62 60 43 91 2448 1629 40 44 231 1178 290 469 60 51 60 125 89 84 54 1241 44 3287 76 40 80 261 86 1267 201 121
leaf_count=43 4395 41 41 1050 53 1530 70 48 66 71 319 40 40 54 106 614 61 52 81 70 506 112 46 44 42 54 237 73 5924 126 57 2634 62 60 43 91 2448 1629 40 44 231 1178 290 469 60 51 60 125 89 84 54 1241 44 3287 76 40 80 261 86 1267 201 121
internal_value=-0.000664658 -0.00130499 0.00105962 -0.000761198 0.000167087 0.000708275 -6.76322e-05 0.00638655 -0.00235222 -0.00127135 0.000365243 0.00129586 0.00322513 0.00277352 0.00600467 -0.0015062 -0.000215179 0.00321981 0.00437722 0.00350278 0.00341102 0.00690594 0.00918239 0.00058707 0.00272232 0.009375 0.00198428 -0.000442352 -0.00181915 0.00209596 0.00276646 -0.00164882 -5.90141e-05 0.00338521 0.00899038 -0.000422079 -0.000319387 -9.62672e-05 0.00564706 -0.000416563 0.00423759 -0.00164253 0.00221512 0.00351754 0.00891089 -0.00138889 0.000754241 0.000106951 -0.00192035 0.00744525 0.00341615 -0.000517349 -0.00173017 -7.87192e-05 0.00371053 0.00732456 -0.00029246 0.0020654 -0.00217869 0.000191287 0.00112163 0.0044582
internal_weight=32512 23708 8804 15606 5535 7962 5322 118 8102 10071 7008 2970 954 913 213 3707 5204 322 842 707 707 201 158 2263 550 135 508 4882 6121 197 637 3641 921 256 103 153 4038 1713 84 3950 271 1311 859 569 100 665 1590 186 1267 136 160 4841 1285 3556 189 113 3367 580 2720 2639 1372 322
internal_count=32512 23708 8804 15606 5535 7962 5322 118 8102 10071 7008 2970 954 913 213 3707 5204 322 842 707 707 201 158 2263 550 135 508 4882 6121 197 637 3641 921 256 103 153 4038 1713 84 3950 271 1311 859 569 100 665 1590 186 1267 136 160 4841 1285 3556 189 113 3367 580 2720 2639 1372 322
cat_boundaries=0 1 2 3 4
cat_threshold=2352 304 1612 642
is_linear=0
shrinkage=0.05


Tree=30
num_leaves=63
num_cat=6
split_feature=0 9 10 31 42 39 10 0 26 6 11 26 30 5 33 8 21 21 33 33 37 39 33 12 18 2 6 33 4 6 27 2 27 42 21 39 11 39 8 34 5 14 12 5 20 39 42 12 41 16 20 12 21 17 27 12 2 39 18 0 12 42
split_gain=10.7041 5.23708 3.84812 4.27835 4.80549 2.9663 2.93038 2.67203 2.48197 3.68337 2.34949 2.11902 2.15862 2.6577 2.12079 2.01388 1.91405 1.85686 2.18503 1.90393 1.81496 2.35153 2.64521 3.14635 2.73169 3.70587 1.87031 2.62405 1.79878 1.66885 2.29793 1.64964 1.79356 1.64492 1.76659 2.04362 1.63629 2.14081 2.68504 1.61696 1.61533 1.5791 1.54717 1.5336 1.86598 1.53227 1.43375 1.43082 1.6781 1.42893 1.40866 1.82427 1.40717 1.6417 1.61317 1.67413 1.48241 1.38812 1.87208 1.51783 1.44912 1.34994
threshold=-0.095308986622574018 0.23337244026790702 0.071310325441065206 332.90000000000003 0.93700396825396837 0 -0.040214238119403493 -0.38946412160001648 19.500000000000004 8.1706003947761712 80.500000000000014 36.500000000000007 1.0000000180025095e-35 7.0664120673788737 38.092857142857149 0.073553869910980244 1100.7450000000001 1328.7500000000002 38.95000000000001 27.50714285714286 38.500000000000007 1 29.850000000000009 49.500000000000007 0.31633665584916448 0.17491326763217077 7.3902012327975468 27.292857142857148 -0.64677841131263658 7.6246385588185914 23.500000000000004 -0.15415067982725847 24.500000000000004 0.85825892857142871 1062.3200000000004 2 80.500000000000014 3 0.079654163263125508 1.0000000180025095e-35 8.1883012597715084 1.4595239090575103 15.500000000000002 6.5320829621881993 -0.025024621088798899 4 0.96850198412698429 11.500000000000002 42.093333333333341 -0.51437484946083634 0.032056483173502369 35.500000000000007 2377.5000000000005 0.011287762781142742 8.5000000000000018 78.500000000000014 -0.1416859818287963 5 -0.58146993991618057 -0.11778303565638336 34.500000000000007 0.78153409090909098
decision_type=2 8 2 2 2 1 2 2 2 2 2 2 2 2 2 8 8 10 2 2 10 1 2 2 10 2 2 2 2 2 2 2 2 2 10 1 2 1 8 2 2 2 2 2 10 1 2 2 2 2 10 2 10 2 2 2 2 1 8 2 2 2
left_child=7 5 3 33 -5 6 10 41 45 11 -2 14 -13 16 36 -12 -14 18 19 57 21 22 23 -15 25 -25 27 -23 29 30 -19 32 -4 40 35 49 39 38 -38 -10 50 -1 -21 44 -44 52 -18 48 -37 -35 -3 -52 53 56 55 -54 -7 59 60 -9 -59 -8
right_child=1 2 31 4 -6 8 61 17 9 -11 15 12 13 20 -16 -17 46 28 -20 42 -22 26 -24 24 -26 -27 -28 -29 -30 -31 -32 -33 -34 34 -36 47 37 -39 -40 -41 -42 -43 43 -45 -46 -47 -48 -49 -50 -51 51 -53 54 -55 -56 -57 -58 58 -60 -61 -62 -63
leaf_value=0.0045283465396828669 -0.0010911969256944282 0.0082659641273336078 0.0058990512481798775 0.012867127148141281 0.0015526878669129746 0.0067746706015667374 -0.00036606864300125737 0.0061009421804057162 -0.0015421019801760358 -0.002436938823980276 0.003503245593338887 -0.00061767843160928648 0.0011361136953036174 0.0012252214228088793 0.003636465921127235 6.9294310963836282e-05 0.0035746586316532701 0.00064259671974729285 0.0068067629046362869 -0.001278758994444478 0.0033822217338474376 0.0077763653544653429 -0.0014210803947385478 0.011324580484366903 0.0012871428551572599 0.0047749597120483114 -0.0033160899367488707 -0.00019673806666258085 -0.00027554896917199198 0.00050339224966683296 0.017962179372017755 -0.0020525261931801692 -0.00077222265947640386 0.0078054219642260574 -0.00088894430456401465 0.011864467254408345 0.0064507952102716721 -0.00063125205953215276 0.0022379746328050564 0.0041231437486841296 -0.00051171439308665267 -0.0017589397068547294 -0.0012728087067638541 0.0010802094162676605 0.0092208898330382316 -0.0035619162925087273 0.010425435856535738 0.0040298550802022248 0.0010373490267305517 -0.0020502571509160377 0.0035091131076118104 0.011992604581561615 -0.001281319383515532 -0.0020886436395085263 -0.0026144114475129127 0.0035213704261026326 0.00072786669383130282 0.0028462293258168935 -0.00084197365568802773 0.0083712556643491861 0.00030470198750625287 -0.0034077980554969578
leaf_weight=1273 782 242 117 42 44 66 332 221 2541 3034 84 657 62 427 150 122 50 47 107 553 55 58 222 68 101 64 552 144 3291 134 59 3420 173 63 1349 92 42 333 113 75 178 130 43 1467 53 2401 42 475 81 333 42 48 212 518 1254 69 402 41 212 41 47 3256
leaf_count=1273 782 242 117 42 44 66 332 221 2541 3034 84 657 62 427 150 122 50 47 107 553 55 58 222 68 101 64 552 144 3291 134 59 3420 173 63 1349 92 42 333 113 75 178 130 43 1467 53 2401 42 475 81 333 42 48 212 518 1254 69 402 41 212 41 47 3256
internal_value=-0.000655213 -0.00115796 3.80585e-05 0.00137291 0.0122988 -0.00159604 -0.00269893 0.000972149 -0.00122495 -0.000722331 -0.000293227 2.0843e-05 0.00111466 0.00199079 -0.000820278 0.00444444 0.00825806 0.00053348 0.00149856 0.00121687 0.00141548 0.00111179 0.00284434 0.00446293 0.00912393 0.0138346 -0.000941178 0.00315271 -0.000227917 0.00394191 0.00859813 -0.00103746 0.00257732 0.00104511 0.000494986 0.00203828 -0.00110145 0.00155419 0.0061747 -0.00159725 0.00362035 0.00294516 0.000529049 0.00133312 0.00742268 -0.00212472 0.0127957 0.00373293 0.00767241 -0.000810812 0.00567567 0.010989 -0.00124605 0.000222896 -0.00219727 0.0012234 0.00236674 0.00380106 0.00128617 0.00637363 0.00741573 -0.00336863
internal_weight=32706 24987 6699 2989 86 18288 4576 7719 13712 8790 988 5756 2502 1845 3254 206 154 6316 2785 2678 1691 1636 882 660 233 132 754 202 3531 240 106 3710 290 2903 2393 1044 3104 488 155 2616 510 1403 2116 1563 96 4922 92 648 173 396 332 90 2521 986 1535 281 468 562 300 262 88 3588
internal_count=32706 24987 6699 2989 86 18288 4576 7719 13712 8790 988 5756 2502 1845 3254 206 154 6316 2785 2678 1691 1636 882 660 233 132 754 202 3531 240 106 3710 290 2903 2393 1044 3104 488 155 2616 510 1403 2116 1563 96 4922 92 648 173 396 332 90 2521 986 1535 281 468 562 300 262 88 3588
cat_boundaries=0 1 2 3 4 5 6
cat_threshold=148 5632 6146 2816 1801 5409
is_linear=0
shrinkage=0.05


Tree=31
num_leaves=63
num_cat=3
split_feature=9 10 22 22 25 25 22 33 8 20 37 6 3 9 33 7 3 11 27 31 21 27 21 42 9 42 22 20 0 42 11 0 0 8 0 9 10 4 33 14 19 25 33 42 7 33 20 9 11 5 33 27 27 11 41 44 17 11 9 21 9 42
split_gain=9.56513 6.6478 3.9862 3.16173 2.50565 2.31971 2.13365 2.28086 1.98625 2.21311 1.96969 2.15321 1.6713 2.32019 1.63947 1.80383 1.65512 1.63837 2.85099 1.62823 1.93533 1.69626 1.62222 1.51793 1.49525 1.4742 1.46432 1.44166 1.40495 1.38269 1.50769 1.35381 1.31257 1.99082 2.00662 1.30445 1.85849 1.60352 1.55537 1.2975 1.58966 1.23867 1.22996 1.22795 1.21908 1.57073 1.20504 1.18816 1.17895 1.28928 1.47765 1.16917 1.16317 1.15964 1.58744 1.51214 1.15511 1.53468 1.22079 1.17027 1.13669 1.11197
threshold=0.11274223285230565 -0.17470424975881024 -0.63546394125161243 -0.17688639959420357 0 1 -0.98722270184461125 30.650000000000002 0.61603974764997138 -0.034261826939257257 50.500000000000007 7.9291479645067735 -0.14107754562721905 0.40384404412116387 27.478571428571435 8.4087546104932169 0.61350217182287958 27.500000000000004 42.500000000000007 67.750000000000014 1026.2500000000002 2.5000000000000004 4904.0000000000009 0.85053191489361712 0.31704282560256508 0.92247596153846168 -0.17149310944028504 0.0038320567924961103 -0.039220713153281121 0.68237250554323736 72.500000000000014 -0.15171342726740719 -0.054021785363873136 0.36711093790326293 0.044451762570834059 0.14879206249840324 0.089721301758114005 0.76479132273468597 26.521428571428576 0.69314718055994562 -0.31825162225194409 2 27.092857142857149 0.97646733111849404 6.6695641239230161 35.707142857142863 0.17901714434406044 0.21924520644667039 68.500000000000014 8.6995199564078973 38.95000000000001 30.500000000000004 50.500000000000007 84.500000000000014 6.5121129326047358 0.18333333333333338 -0.064370268160526475 6.5000000000000009 0.38263898409284164 1026.2500000000002 0.15615025326256968 0.9842509920634922
decision_type=10 2 10 10 1 1 8 2 10 10 10 2 2 10 2 2 2 2 2 2 8 2 8 2 10 2 8 10 2 2 2 2 2 10 2 10 2 2 2 2 2 1 2 2 2 2 10 10 2 2 2 2 2 2 2 2 2 2 10 10 10 2
left_child=10 2 4 5 6 12 7 -2 39 -10 28 26 13 60 15 16 23 18 -8 20 -16 25 46 -14 -4 -22 -12 -19 41 30 52 56 61 -34 -35 -25 38 -38 47 40 -6 -1 -40 -28 45 -42 -7 -37 49 50 -23 -45 -30 -24 55 -55 57 -5 -59 -58 -3 -26
right_child=1 3 24 31 8 22 17 -9 9 -11 11 -13 14 -15 19 -17 -18 27 -20 -21 21 48 53 35 32 -27 43 -29 29 -31 -32 -33 33 34 -36 36 37 -39 42 -41 44 -43 -44 51 -46 -47 -48 -49 -50 -51 -52 -53 -54 54 -56 -57 59 58 -60 -61 -62 -63
leaf_value=0.00028359422688412457 0.026442392143519913 -0.0011359518821892156 -0.00057370189582773266 0.0027322874203525474 0.013534571106582472 0.00023885880673339026 0.011830241847109865 0.0085515754342214111 0.0023778062883944564 0.034463236988027689 0.0044679600359212538 -0.0030214492743393861 0.0093313579521817867 0.0092082162051542911 0.0065511466854303244 -0.0022187681787386032 -0.0018660687761760564 -0.00082916844131345185 0.0027095179175065996 -0.0016851890106597959 0.0091787735081051199 0.0011195213584534707 -0.0020547963133399046 -0.00045786695170452711 -0.00020993184082778029 0.0016607997873803544 -0.0027655843579329435 0.0066627250163041043 -0.0025047380945776698 -0.0024641175111889766 0.0048355833576253573 -0.001634666687438826 0.00094379282441684961 0.0083988773021486732 0.0027810700687943657 0.0074294749200002792 0.00029783600226451594 0.0064147984845169094 -0.00096998778668382015 -0.0033956075857848123 0.0048196374350901261 -0.001276385193597576 0.0080006814253136757 0.0030526677084627444 0.0012792929164253748 0.060045626857957973 0.008329238108477242 0.0095737491358562927 -0.001610529427744989 -0.0015760183637658451 0.00672839239080708 0.0010201008427198975 0.0033528568633757225 0.0079157617360493902 -0.0015127678351651718 -0.0005435149815611333 0.0041716805347696232 -0.00079187498836701467 0.0057680273322280838 -0.0015920890969614368 0.0027503816213234225 0.0055830419063391942
leaf_weight=738 41 138 2095 77 51 1274 88 59 61 56 54 85 51 73 43 287 104 203 96 1290 42 1122 2964 141 361 66 80 158 157 6254 40 7615 92 40 40 45 255 43 47 138 90 1629 56 44 1242 45 48 48 612 293 74 52 73 75 306 50 107 165 45 403 558 74
leaf_count=738 41 138 2095 77 51 1274 88 59 61 56 54 85 51 73 43 287 104 203 96 1290 42 1122 2964 141 361 66 80 158 157 6254 40 7615 92 40 40 45 255 43 47 138 90 1629 56 44 1242 45 48 48 612 293 74 52 73 75 306 50 107 165 45 403 558 74
internal_value=-0.000695031 -0.000160737 0.001451 -0.000598608 0.00296694 -2.47497e-06 0.00560213 0.0123762 0.00190968 0.00817796 -0.00206148 0.00181962 0.000705685 0.00286364 0.000347401 0.00205473 0.00328698 0.00444139 0.00827027 -0.000172172 0.000639147 0.000432126 -0.000811126 0.00417758 0.000144283 0.00651376 0.004329 0.00247237 -0.00219917 -0.00257778 0.000922508 -0.00131463 0.0023273 0.00601156 0.0117284 0.00349843 0.00470707 0.00220736 0.00847716 0.00144863 0.00189643 -0.00115498 0.00418269 0.00209039 0.00157112 0.00606618 0.000672712 0.0131383 0.000116554 0.000875838 0.00160401 0.00587629 -0.000649352 -0.00139134 0.00103009 0.00575397 0.000645362 0.00317708 0.000947866 -0.00078278 0.00196557 0.000860091
internal_weight=32753 23547 5030 18517 2328 10105 645 100 1683 117 9206 315 5388 769 4619 1077 790 545 184 3542 2252 2209 4717 686 2702 108 230 361 8891 6524 270 8412 607 172 80 635 494 298 196 1566 1428 2367 103 176 1377 135 1322 93 2101 1489 1196 96 230 3395 431 125 797 287 210 510 696 435
internal_count=32753 23547 5030 18517 2328 10105 645 100 1683 117 9206 315 5388 769 4619 1077 790 545 184 3542 2252 2209 4717 686 2702 108 230 361 8891 6524 270 8412 607 172 80 635 494 298 196 1566 1428 2367 103 176 1377 135 1322 93 2101 1489 1196 96 230 3395 431 125 797 287 210 510 696 435
cat_boundaries=0 1 2 3
cat_threshold=561 2420 2824
is_linear=0
shrinkage=0.05


Tree=32
num_leaves=63
num_cat=5
split_feature=0 13 39 1 22 6 16 26 27 1 13 13 6 22 41 11 22 38 13 6 4 22 22 11 30 26 17 21 13 39 18 4 44 39 27 27 13 33 33 31 18 27 30 27 16 27 41 0 20 1 27 24 6 31 22 18 21 12 1 31 31 30
split_gain=9.89547 3.99782 3.29338 3.11662 2.51672 2.23223 2.44093 1.99638 2.30457 2.24717 1.99675 1.85438 2.87798 1.61051 2.25891 1.55628 1.49782 1.48171 1.58714 1.3642 1.83151 1.56875 1.54105 1.32161 1.39804 1.97691 1.32092 1.33482 1.43164 1.24791 1.31712 1.27663 1.23659 1.21374 1.8702 1.88417 1.16344 1.19929 1.15594 1.47081 1.16162 1.13161 1.33079 1.59495 1.12127 3.70283 1.1139 1.10227 1.08926 1.07826 1.07653 1.06799 1.06059 1.5176 1.05028 1.05822 1.04874 1.07824 1.03876 1.0263 1.02286 1.07001
threshold=-0.095308986622574018 0.80000029999985012 0 -0.58168236821483166 -0.55961486201035404 7.8133506664337151 0.20125745888179106 16.500000000000004 11.500000000000002 0.26302845233791677 1.2500012784105439 0.25037537537537541 8.4078268070567326 -0.16251202171185578 557.05402542372894 48.500000000000007 -0.71556746849096398 1 1.898349436392915 7.66462016252905 -0.047742396574105055 0.020697217582458727 0.28768246307662831 61.500000000000007 1.0500000000000003 46.500000000000007 -0.58503674990599241 1400.8350000000003 1.1764706920416448 2 0.28373913970054965 -0.79850769621777073 0.29285714285714287 3 38.500000000000007 16.500000000000004 0.85714310204095634 28.650000000000002 36.96428571428573 7.5500000000000007 0.6515914030715052 23.500000000000004 1.0000000180025095e-35 50.500000000000007 -0.13811202577247303 14.500000000000002 450.35265686828723 -0.061875378186193146 0.040043259815512162 0.050928960396960939 48.500000000000007 4 7.7979213323893086 6.2500000000000009 0.2232382090202297 -0.34149186076224042 4997.8150000000014 85.500000000000014 0.10536051565782635 362.25000000000017 0.45000000000000007 8.5500000000000025
decision_type=2 2 1 2 10 2 2 2 2 2 2 2 2 8 2 2 8 1 2 2 2 10 8 2 2 2 2 10 2 1 8 2 2 1 2 2 2 2 2 2 10 2 2 2 2 2 2 2 10 2 2 1 2 2 10 10 10 2 2 2 2 2
left_child=4 2 13 -4 11 6 7 32 9 10 36 12 -1 14 -2 -12 -10 -7 48 20 21 23 33 24 41 -26 54 38 50 -13 31 52 47 44 35 58 -9 -38 -28 40 -40 -5 43 -43 45 -22 -8 -3 49 -19 -29 -50 53 -31 55 60 57 -32 -35 -18 -6 -62
right_child=1 5 3 19 26 17 46 8 16 -11 15 29 -14 -15 -16 -17 59 18 -20 -21 22 -23 -24 -25 25 -27 27 28 -30 30 56 -33 -34 34 -36 -37 37 -39 39 -41 -42 42 -44 -45 -46 -47 -48 -49 51 -51 -52 -53 -54 -55 -56 -57 -58 -59 -60 -61 61 -63
leaf_value=0.0094183113463698724 0.0029043291034959867 0.0026595237044925498 0.0096494436405937453 -0.0042428710167822887 0.0052621466530496921 -0.0030578868817218146 -0.00010954890575883529 0.0059163374079967803 0.0126201484179273 -0.00093692235599381101 0.010430843971102778 -0.00038642877440940522 -0.0009575955095335242 -0.0027365977294305046 -0.00059646516181050002 0.0031968942754741132 0.00059740457419215254 -0.00047175153038367358 0.0032083412561579533 -0.0016842692200062081 0.0072725857382788476 -0.0012909997150219882 -0.0051600551736236087 -2.5018302680272841e-05 0.003564656867899349 0.016849991265148346 0.00056708410208610447 -0.00071244273221021876 0.0016015901566309105 0.011197652969880297 0.0015511390750137827 0.0029103706176825447 0.0068750095755120734 0.0057471397131879992 -0.00089336941839797824 0.0085621571258468476 0.0080861576514606025 -3.5427884231459088e-05 -0.00091412919497736549 0.0042542296188141397 0.0068661235486540372 0.0049441846844381632 -0.0038954007248486648 -0.0004581146105260231 -0.0028641940143924009 -0.0016325845429960386 -0.0029927225646874302 -0.0013770736352108565 0.0025564546784440857 -0.0034517788634477985 -0.0019685151303321185 -0.0010155962412121246 0.0012499272459161274 0.01143941298829161 -0.0013349675979017568 0.0076756215984246914 -0.0011577902088360087 0.0099235892786254647 -0.0040395742537074645 0.0057466425207523368 -0.00056532188603326025 0.0037728142366199066
leaf_weight=76 46 86 87 90 79 1051 1022 40 41 90 43 500 47 3465 135 66 1611 939 316 8245 102 648 1230 499 291 40 952 1481 524 48 862 1316 69 40 159 63 57 133 92 41 63 69 49 56 610 302 550 839 194 744 661 737 72 47 90 45 175 67 43 71 231 184
leaf_count=76 46 86 87 90 79 1051 1022 40 41 90 43 500 47 3465 135 66 1611 939 316 8245 102 648 1230 499 291 40 952 1481 524 48 862 1316 69 40 159 63 57 133 92 41 63 69 49 56 610 302 550 839 194 744 661 737 72 47 90 45 175 67 43 71 231 184
internal_value=-0.000692938 -0.00117506 -0.00163768 -0.00125178 0.000879931 -0.000309771 0.000425937 0.00122974 0.00208546 0.00536046 0.00722059 0.00194643 0.00794355 -0.00296144 0.00162088 0.0127727 0.0012674 -0.00118157 -0.000595037 -0.0013185 -0.000595295 0.000654044 -0.00144902 0.00180822 0.00339765 0.00555723 0.000109135 -0.000241155 -0.000854894 0.00170499 0.00214203 0.00312331 -0.000623117 -0.000261365 0.00245253 0.00659864 0.00454545 0.00287958 0.00118364 0.00467005 0.00240384 0.000679244 0.00302857 0.00575397 -0.00109268 0.00093827 -0.00118246 -0.00110691 -0.00100191 -0.00176069 -0.00142791 0.00037017 0.00723214 0.0106771 0.00223016 0.00306481 0.000841628 0.00151075 0.00160714 0.00103387 0.00238384 0.00138221
internal_weight=32621 24968 16269 12623 7653 8699 4718 3146 2152 429 339 3210 123 3646 181 109 1723 3981 2930 12536 4291 1742 2549 1094 595 331 4443 3814 2666 3087 2587 1483 994 1319 305 146 230 190 1148 196 155 264 174 125 1014 404 1572 925 2614 1683 2142 931 167 95 629 539 1104 929 83 1682 494 415
internal_count=32621 24968 16269 12623 7653 8699 4718 3146 2152 429 339 3210 123 3646 181 109 1723 3981 2930 12536 4291 1742 2549 1094 595 331 4443 3814 2666 3087 2587 1483 994 1319 305 146 230 190 1148 196 155 264 174 125 1014 404 1572 925 2614 1683 2142 931 167 95 629 539 1104 929 83 1682 494 415
cat_boundaries=0 1 2 3 4 5
cat_threshold=6 4 214 5536 2
is_linear=0
shrinkage=0.05


Tree=33
num_leaves=63
num_cat=7
split_feature=10 9 39 13 22 39 25 22 13 42 26 16 39 30 6 11 41 10 22 16 1 21 41 37 0 23 0 39 29 3 18 11 25 42 21 10 22 23 22 23 44 9 4 7 3 2 25 41 12 2 20 9 11 18 0 4 41 41 23 6 9 14
split_gain=9.4143 5.6139 4.50744 4.26113 2.59603 2.97969 2.30252 2.2821 2.18766 2.60774 2.16721 2.1123 2.10907 2.73405 2.37341 2.10635 1.99968 2.7266 2.68107 1.94647 1.97002 2.08128 2.14784 1.92847 1.75718 2.12146 1.74757 1.74483 2.59292 1.69884 1.68401 1.68656 1.61676 1.72723 2.03411 1.5513 1.53542 1.52437 2.34442 1.5186 1.91304 1.85387 1.49281 1.47718 1.4569 1.86667 1.9122 1.69559 1.64131 1.43378 1.71535 1.41964 1.37629 1.2988 1.7072 1.68805 1.8986 2.93682 1.40749 1.297 1.28921 1.38223
threshold=-0.09572997928909642 0.19433074714416743 0 0.96296370370370388 -0.33840338039978812 1 2 -0.14585466718334952 0.56730918365830896 0.92084377610693413 47.500000000000007 -1.895766804087009 3 38.650000000000006 7.1398815163368736 34.500000000000007 4.6239754098360661 0.15838079515130279 0.21820478791159431 2.6297821901254026 0.064539100084768833 3457.9150000000004 4.6239754098360661 42.500000000000007 -0.81093021621632866 -0.71760896327869561 0.0333364202675921 4 1.0000000180025095e-35 -0.10536051565782632 0.383906801306866 33.500000000000007 5 0.93700396825396837 2197.5000000000005 -0.11853143967685707 -0.71556746849096398 0.027980913348228945 1.0000000180025095e-35 -0.11778303565638361 0.11805555555555557 0.162923151698559 -1.0000000180025095e-35 7.2685103033197418 -0.076961041136128547 -0.051292268071787987 6 1052.3315020161292 57.500000000000007 -0.16831897521691894 0.1218592671240714 0.34085247527461404 50.500000000000007 0.87879373075597722 -0.17821433912856441 -0.11330350152260758 51.852708333333339 3.2754310344827591 -0.69314718055994495 8.4322703971980157 0.41119474520870319 0.029852963149681225
decision_type=2 10 1 2 10 1 1 8 2 2 2 2 1 2 2 2 2 2 8 2 2 10 2 10 2 10 2 1 2 2 10 2 1 2 10 2 8 10 8 8 2 10 2 2 2 2 1 2 2 2 10 10 2 8 2 2 2 2 8 2 10 2
left_child=1 12 3 10 11 -6 8 23 9 -7 26 51 13 15 -15 -1 17 18 -9 20 21 22 -5 32 25 -13 -2 -26 53 -20 -16 -32 33 34 -4 36 -17 38 43 -40 41 -41 -25 -24 -14 46 -46 48 -48 -12 -51 -3 -39 55 -55 58 57 -57 -29 -38 61 -10
right_child=2 4 7 19 5 6 -8 16 60 -11 49 24 44 14 30 35 -18 -19 29 -21 -22 -23 37 42 27 -27 -28 28 -30 -31 31 -33 -34 -35 -36 -37 59 52 39 40 -42 -43 -44 -45 45 -47 47 -49 -50 50 -52 -53 -54 54 -56 56 -58 -59 -60 -61 -62 -63
leaf_value=-0.0034583579272714085 -0.00041619765822558942 0.0066440822342801508 0.0049959785454594683 -0.0016153602887886576 -0.0018037427606366148 0.012752260480629685 6.6407197750965549e-05 -0.0017073920042901096 0.0089612544683858684 0.0041219189378784602 0.0047633331443877654 0.027428228786350685 -0.001482357563298804 0.0076811933039404381 0.00010275710087276737 0.0094742896892266466 -0.0024899479097321431 -0.0058387589185157334 0.0024259037754014228 0.0071284208160037462 -0.00016550913838096342 -0.00097322990428667152 0.0079121304503886013 0.0020873970075126003 -0.0012963701250738278 0.0052283567300635235 -0.0023945557597177991 0.015661120968770741 0.0024155383823930825 0.0094538753098410699 0.00049015501419647021 0.0063579056541435463 -0.0022065135959325089 -0.0019325620646950528 0.0020005090783044178 0.0020295396820454569 -0.00078466091403580425 0.0019037517817952496 -0.001551620921205964 0.0088405013216925291 -0.00074093934903564211 0.0055261249609542071 0.0010692850580697616 0.0092848521182576985 -0.0014171433316418824 -0.002852232614769125 0.0014251519389759297 -0.00017488427740358498 0.0098514937928106706 6.8950691804859948e-05 0.015172440679683753 0.013554504814262062 -0.0026080170164813083 0.010014447459358651 -0.0035597724320443149 0.0040980804102331804 0.0031036614032188782 0.014176565902336097 0.0043590870042520581 0.0020437543596822541 -0.0012992584906847177 0.001239991013218636
leaf_weight=520 5580 84 67 179 828 40 432 76 73 43 62 42 2212 44 235 46 7415 182 45 64 1391 229 81 41 319 110 4973 41 1249 82 74 74 1083 205 152 201 835 111 93 49 89 243 115 63 119 169 63 44 41 794 41 47 118 95 109 42 83 90 521 106 110 47
leaf_count=520 5580 84 67 179 828 40 432 76 73 43 62 42 2212 44 235 46 7415 182 45 64 1391 229 81 41 319 110 4973 41 1249 82 74 74 1083 205 152 201 835 111 93 49 89 243 115 63 119 169 63 44 41 794 41 47 118 95 109 42 83 90 521 106 110 47
internal_value=-0.000676735 0.000681248 -0.00120492 -0.000638629 0.0019689 0.000339897 0.00261243 -0.00204929 0.0058179 0.0129167 -0.00106104 0.00287328 -0.000504809 0.000664025 0.00424065 -0.000228205 -0.00240995 0.00110104 0.00507353 0.00114349 0.000933131 0.00236863 0.00333009 -0.000369593 0.00257032 0.00777778 -0.00126161 0.00225686 0.00274431 0.00949219 0.00295573 0.00711409 -0.000918436 0.00167816 0.00479545 0.000933556 0.000116396 0.0043809 0.00567043 0.00395789 0.0053534 0.00730375 0.00490446 0.0112414 -0.00144415 0.00118993 0.00378731 0.0072956 0.0112381 0.00129733 0.000747606 0.00905303 0.000891303 0.00467922 0.00112195 0.00561054 0.009375 0.0130827 0.0041563 -0.00032378 0.0034632 0.00702479
internal_weight=32811 9188 23623 14160 4405 1573 745 9463 313 83 11450 2832 4783 2135 427 1708 7800 385 203 2710 2646 1255 1026 1663 2701 152 10553 2549 2230 127 383 148 1507 424 219 1188 987 847 618 474 381 292 156 144 2648 436 267 148 104 897 835 131 229 981 204 777 215 132 562 941 230 120
internal_count=32811 9188 23623 14160 4405 1573 745 9463 313 83 11450 2832 4783 2135 427 1708 7800 385 203 2710 2646 1255 1026 1663 2701 152 10553 2549 2230 127 383 148 1507 424 219 1188 987 847 618 474 381 292 156 144 2648 436 267 148 104 897 835 131 229 981 204 777 215 132 562 941 230 120
cat_boundaries=0 1 2 3 4 5 6 7
cat_threshold=7969 7714 825 5404 656 49 248
is_linear=0
shrinkage=0.05


Tree=34
num_leaves=63
num_cat=11
split_feature=2 0 1 9 7 22 27 1 42 7 42 25 13 12 42 11 39 18 25 9 21 39 42 31 27 39 7 25 15 26 18 8 15 39 30 7 22 5 12 13 13 39 31 22 39 25 39 1 18 20 23 26 4 23 18 30 23 26 18 27 31 9
split_gain=9.09845 5.51192 3.6232 3.49283 2.4779 2.37584 2.16616 2.07316 2.32571 2.02782 1.9963 3.03351 1.93628 3.15623 1.72112 2.53339 1.65553 1.62396 1.62215 1.94117 1.8747 1.60061 2.26485 1.73246 1.53118 1.4644 1.92531 1.7441 1.59921 1.89745 1.76368 1.53052 1.45532 1.54918 2.187 1.6245 1.70481 1.44767 1.87665 2.29921 2.08325 1.80972 1.44469 1.53503 1.41896 1.61673 1.3927 1.53417 1.47233 1.69416 1.29118 1.27363 1.26477 1.23897 1.23275 1.23226 1.97588 1.58943 1.70448 1.4193 1.85752 1.72071
threshold=-0.30592314024029127 -0.088238857545020796 -1.0438311874123467 0.10799068803700407 8.216608324632011 -0.082082380517280229 39.500000000000007 0.11778303565638339 0.65933268858800786 7.8406002449507293 0.95040983606557383 0 0.95638191510389337 37.500000000000007 0.68237250554323736 73.500000000000014 1 -0.74954118273076831 2 0.1437471971983309 2652.5000000000005 3 0.91596045197740128 23.550000000000004 50.500000000000007 4 6.7817245069548102 5 -0.30305917037215296 34.500000000000007 0.6886494826070112 0.039431084524416349 0.05159108753507869 6 21.550000000000008 7.9898542512088486 -0.38296952446683391 6.9431622937592996 46.500000000000007 1.1764706920416448 0.45947740569254519 7 204.30000000000004 -0.32841445894291682 8 9 10 -0.62229043611110313 0.16488225796769054 -0.099733739524148615 -0.78424107379863928 29.500000000000004 -0.49637724179515169 -0.1335313926245226 0.6515914030715052 9.3500000000000032 -0.27824278944345043 42.500000000000007 0.073146041154662014 11.500000000000002 330.10000000000008 0.18473739511371853
decision_type=2 2 2 10 2 10 2 2 2 2 2 1 2 2 2 2 1 10 1 10 10 1 2 2 2 1 2 1 2 2 10 10 2 1 2 2 10 2 2 2 2 1 2 8 1 1 1 2 10 8 10 2 2 10 10 2 8 2 10 2 2 10
left_child=2 6 -1 14 5 7 18 8 -5 10 11 12 17 -14 15 24 -11 -4 19 -2 21 -21 -23 -24 -3 -10 28 -28 -27 30 53 -29 33 34 -8 36 -36 38 -16 40 -40 -39 43 -12 -7 -46 48 -48 49 -20 51 -13 -53 -30 -19 56 -33 59 -59 61 -61 -57
right_child=1 3 9 4 -6 44 32 -9 25 16 42 50 13 -15 37 -17 -18 54 46 20 -22 22 23 -25 -26 26 27 31 29 -31 -32 55 -34 -35 35 -37 -38 41 39 -41 -42 -43 -44 -45 45 -47 47 -49 -50 -51 -52 52 -54 -55 -56 57 -58 58 -60 60 -62 -63
leaf_value=0.035353294429815621 -0.00033797861201607883 -0.0021101439568563907 0.0095532558602863041 0.011295770278761098 -0.002124496212505116 -0.0029962952767650956 1.1601406636892682e-05 -0.00079699208366448653 -0.00080112638156923019 0.0015205208263881619 0.0050679050181398318 -0.0015755197684200273 0.016926787443431783 0.0052463857039115576 -0.001918019869652745 0.0044104966079832296 -0.0020978191880861815 -0.0017239963160923678 0.0060633804324295793 0.0044731694560453871 0.00071298169122759665 0.0056133165700256804 0.010021701501008045 0.0041591381825037046 0.008461281174943585 -0.00099292285878612449 -0.0021568712230350057 0.0028856448161219544 0.016035202272693849 0.011966887884862701 -0.00011221685872766256 0.0023536654322683852 -0.0013951279070544733 -0.00053567752015928839 0.015694650509518831 -0.0031074241261775932 0.0034177008878684342 -0.0011651456139023303 0.0018052295874827831 0.0065771913965251422 -0.0023113056807303636 -0.0025247500487934303 0.0048933024148180466 -0.00072415943893336301 5.4537249838078865e-05 -0.0024608617985992648 0.014436535859401668 0.0011697878814680947 -0.0019894445135567769 0.00040610903190860882 -0.00028530521070435627 0.0095983800844873582 0.0016905106979437754 0.001192350200071652 0.0096488972543715013 0.0046825852704017535 -0.0005521828872153547 0.0024330364679861984 0.0089422877623791686 -0.00021082393828561583 0.0091753132228965771 0.0038563342707051266
leaf_weight=79 281 148 56 70 4573 858 353 2553 1055 785 167 56 98 95 382 45 535 93 49 262 260 62 72 60 70 95 616 44 71 41 100 169 1181 972 64 40 103 2774 44 41 148 3663 92 440 2182 1827 48 1283 734 530 253 41 43 46 60 84 838 40 49 560 71 161
leaf_count=79 281 148 56 70 4573 858 353 2553 1055 785 167 56 98 95 382 45 535 93 49 262 260 62 72 60 70 95 616 44 71 41 100 169 1181 972 64 40 103 2774 44 41 148 3663 92 440 2182 1827 48 1283 734 530 253 41 43 46 60 84 838 40 49 560 71 161
internal_value=-0.000608432 -0.000868573 0.00206807 -0.00122294 -0.00081129 -0.000420607 0.00043745 0.000192826 0.000887861 0.00176909 0.0030301 0.00474246 0.00772397 0.0115206 -0.0021289 0.00183712 0.00034065 0.00454762 0.00123421 0.00294147 0.00435146 0.00628009 0.00965854 0.0138346 -0.00041096 0.000730016 0.00129339 0.00083175 0.00475989 0.00679537 0.00488532 0.00153922 -0.00063191 0.000384865 0.00245184 0.0065625 0.00872024 -0.00227705 4.05832e-05 0.00356837 0.00124352 -0.00249845 0.00107857 0.000189144 -0.00126027 -0.000856966 0.00057627 0.00171013 -0.000577796 0.00130172 0.00144802 0.00531915 0.00917647 0.00902542 0.00185065 0.00133806 0.000114086 0.00261387 0.00894444 0.00196123 0.000704113 0.00518293
internal_weight=32665 29772 2893 23418 16103 11530 6354 6663 4110 2814 1494 795 402 193 7315 263 1320 209 3641 997 716 456 194 132 218 4040 2985 2632 353 258 217 2016 2713 1532 560 207 167 7052 615 233 192 6437 699 607 4867 4009 2644 1331 1313 579 393 140 84 117 153 1972 1007 965 89 876 631 245
internal_count=32665 29772 2893 23418 16103 11530 6354 6663 4110 2814 1494 795 402 193 7315 263 1320 209 3641 997 716 456 194 132 218 4040 2985 2632 353 258 217 2016 2713 1532 560 207 167 7052 615 233 192 6437 699 607 4867 4009 2644 1331 1313 579 393 140 84 117 153 1972 1007 965 89 876 631 245
cat_boundaries=0 1 2 3 4 5 6 7 8 9 10 11
cat_threshold=413 4745 2096 1414 147 138 1428 6659 6 3888 6403
is_linear=0
shrinkage=0.05


Tree=35
num_leaves=63
num_cat=11
split_feature=1 39 9 7 7 0 1 1 2 23 26 19 25 30 30 42 17 41 25 25 21 2 42 13 19 27 39 26 41 0 27 25 0 41 1 25 33 12 41 23 25 9 26 13 41 4 17 13 9 9 19 9 42 33 41 41 24 42 9 25 5 25
split_gain=8.23873 3.55627 2.9582 2.51021 2.27223 1.9416 1.92876 1.89824 1.88048 4.55374 1.8155 2.1368 1.75259 1.61577 3.62078 3.82872 1.77988 1.60015 1.66127 1.57931 1.49399 1.45901 1.58176 1.60064 2.03607 1.43672 2.75775 2.16136 1.80629 1.44563 1.41909 1.4188 1.36117 1.74242 2.34162 1.33089 2.73739 1.55596 1.29252 1.29092 1.26809 1.61309 1.40906 1.21031 1.21559 2.88407 1.19161 1.09402 1.06827 2.27067 1.87912 1.46188 1.42597 1.26493 1.42447 1.45999 1.3262 1.06377 1.04262 1.06707 1.01363 1.37832
threshold=-0.051292652940192689 0 0.15982382722825023 7.7690273030243509 6.7971779464679516 0.0224734240341995 0.56617956982044071 -1.0438311874123467 -0.40546488338911318 -0.71760896327869561 2.5000000000000004 0.033347232585229022 1 19.950000000000006 0.95000000000000007 0.98346994535519128 0.35242177062890218 3.9372983870967748 2 3 5705.0000000000009 -0.11778303565638336 0.65933268858800786 0.49992061751018746 -0.040856488148667026 6.5000000000000009 4 42.500000000000007 116.34904233870969 -0.095308986622574018 54.500000000000007 5 -0.033899137886026047 12126.983292410716 0.040051353749622105 6 27.478571428571435 37.500000000000007 7.0433035714285719 1.1009153788755588 7 0.46938884865820862 33.500000000000007 0.27014863648527021 6.5121129326047358 -0.28644953061856654 0.18675226176367202 1.3714324898183092 0.33224388444016645 0.45176003662192071 0.00019496782337171149 0.58530278692017357 0.9536672629695887 29.307142857142864 182.61274412446213 357.00894170911158 8 0.96580946814728241 0.32528890725481235 9 7.0330423485125113 10
decision_type=2 1 10 2 2 2 2 2 2 8 2 2 1 2 2 2 2 2 1 1 8 2 2 2 2 2 1 2 2 2 2 1 2 2 2 1 2 2 2 10 1 10 2 2 2 2 2 2 10 10 2 10 2 2 2 2 1 2 10 1 2 1
left_child=2 4 25 8 6 10 12 -5 9 -4 11 -6 -2 14 -14 16 30 -11 -19 48 -9 58 23 -23 -25 26 27 28 29 -1 -16 39 47 43 -35 36 37 -27 -38 -12 41 -22 -43 -34 45 -45 -41 -24 53 50 52 -51 -50 56 -55 -56 -10 -52 59 -3 61 -46
right_child=1 21 3 7 5 -7 -8 20 19 17 31 -13 13 -15 15 -17 -18 18 -20 -21 40 22 32 24 -26 35 -28 -29 -30 -31 -32 -33 33 34 -36 -37 38 -39 -40 46 -42 42 -44 44 60 -47 -48 -49 49 51 57 -53 -54 54 55 -57 -58 -59 -60 -61 -62 -63
leaf_value=0.00089720298912916881 -0.0018103236990308633 0.001430506853043124 0.016471062385064465 0.034621883794944693 0.0006916986064956518 -0.0016560099579394816 -0.0085071477618638321 -0.00077858255151813281 0.0079405296432163743 0.0077253508453083057 0.00012976637667472916 0.0095844620922890169 0.0013492858922639346 -0.0017164691568514773 0.019077211374184184 0.013991915952731771 -0.00094264286674278208 0.0053387880208051611 -0.00046804172072815802 0.00015292386734010917 0.0021173512230838252 -0.0015724291715543143 -0.0011036562221748269 0.0136793206910282 0.00022384122160529329 0.008189762603916538 -0.0011695607309633168 0.0065223153175727709 -0.00033929744553269116 0.0047897491105800332 0.0010952280426213205 -0.0011491934982764144 -0.0037984750426246286 -0.0025718338975461198 0.0028203811021137067 -0.00061523581265215293 0.0034176548348322493 0.0016009483091815688 -0.0015691942611109917 0.0068182478518384691 -0.00027158565222128563 0.0015033392282962151 0.016462421398001439 0.0059450517135788521 0.0021776793924182278 -0.0024893421099353758 -0.00012123805182048011 0.0038375243294542826 0.015325292714759168 -0.0028483812938720275 -0.00060494185367557631 0.011662750719503267 0.004155791253220578 -0.00039846386588081079 0.011673695704504123 0.00055953186406867831 0.0014692065294628525 0.0058874915272545073 0.0036925386037255335 -0.0014566352792720195 -0.0028054167076897395 -0.0017682857022230068
leaf_weight=60 304 248 40 55 122 6225 121 1509 127 79 2530 55 488 136 47 52 55 241 269 1270 941 157 1260 43 82 45 295 41 181 79 42 2243 825 54 46 3557 72 59 238 71 961 41 41 55 116 858 72 74 83 146 76 55 53 551 41 78 225 45 67 425 3662 716
leaf_count=60 304 248 40 55 122 6225 121 1509 127 79 2530 55 488 136 47 52 55 241 269 1270 941 157 1260 43 82 45 295 41 181 79 42 2243 825 54 46 3557 72 59 238 71 961 41 41 55 116 858 72 74 83 146 76 55 53 551 41 78 225 45 67 425 3662 716
internal_value=-0.000557064 -0.00114131 0.000517524 0.00117133 -0.000601639 -0.000825162 0.00142456 0.000242321 0.00214645 0.00461111 -0.000101101 0.00485955 0.00207111 0.0032491 0.00427737 0.01 0.00572414 0.00348305 0.00244618 0.00158124 9.58775e-05 -0.00191861 -0.00211851 0.00155477 0.00575397 -0.000461324 0.00170472 0.00455645 0.00327103 0.00753571 0.0100556 -0.00028066 -0.00225382 -0.00255961 0.00396039 -0.000819488 0.00183529 0.00885714 -0.000482316 0.000497391 0.00099748 0.00220986 0.00891566 -0.00266485 -0.00239183 -0.000727572 0.00510417 -0.000801499 0.00268276 0.00470588 0.00781008 0.000717821 0.0118248 0.00179863 0.000521608 0.00545833 0.00422096 0.0032377 0.000202428 -0.000393176 -0.0027297 -0.00115246
internal_weight=32805 21251 11554 6927 12563 11318 1245 3548 3379 629 5093 177 1124 820 684 196 144 589 510 2750 3493 8688 7948 282 125 4627 656 361 320 139 89 4916 7666 6332 100 3971 414 104 310 2673 1984 1023 82 6232 5407 913 143 1334 1480 458 257 201 136 1022 670 119 352 121 740 673 4494 832
internal_count=32805 21251 11554 6927 12563 11318 1245 3548 3379 629 5093 177 1124 820 684 196 144 589 510 2750 3493 8688 7948 282 125 4627 656 361 320 139 89 4916 7666 6332 100 3971 414 104 310 2673 1984 1023 82 6232 5407 913 143 1334 1480 458 257 201 136 1022 670 119 352 121 740 673 4494 832
cat_boundaries=0 1 2 3 4 5 6 7 8 9 10 11
cat_threshold=7976 198 1876 2872 6666 2928 768 2740 6 1744 2562
is_linear=0
shrinkage=0.05


Tree=36
num_leaves=63
num_cat=7
split_feature=1 39 7 1 25 31 2 5 35 25 35 1 30 31 22 9 5 4 8 7 9 31 7 19 3 2 5 42 29 21 25 22 9 0 31 9 25 3 6 12 21 30 42 7 30 4 28 26 19 15 39 4 31 39 23 26 31 31 23 8 22 5
split_gain=6.97093 3.43011 3.03704 2.56026 2.58896 3.00497 2.32524 1.83622 1.77253 4.25453 3.35424 2.67399 2.26122 1.86843 1.64194 1.96252 1.83428 1.77276 2.10057 1.54984 2.25474 1.53412 1.53276 1.93004 1.77017 1.5039 1.50671 1.80866 1.59511 1.47822 2.04467 1.92859 1.75125 1.70442 1.46027 1.41127 2.04829 1.58926 1.48828 2.05465 1.58647 1.36783 1.41713 1.32089 1.91269 1.75719 1.86436 2.00249 1.68069 3.10651 1.65811 2.31526 1.50932 1.45015 1.44368 1.34085 1.96911 2.42416 1.30969 1.30135 1.42819 1.2879
threshold=-0.14842000511827311 0 8.1880685497141581 0.49507726679785075 1 8.2500000000000018 -0.51082562376598994 6.4949293585652406 0.003078370544146562 2 0.18291279485089193 0.064539100084768833 52.550000000000004 0.35000000000000009 -0.71556746849096398 0.26957315149277766 7.6601936588677964 0.06070450248511295 0.28706573813412911 7.5514529295572146 0.12843584078802428 1.2500000000000002 6.703854655643009 0.13020366345788167 -0.24956737113404068 -0.11178480759489771 6.9550755583261159 0.65545505935556825 1.0000000180025095e-35 9912.5000000000018 3 -0.42109216111082687 0.46938884865820862 -0.1481210417723999 4.6500000000000012 0.23858011993836648 4 -0.51082562376598994 7.4775234225530101 4.5000000000000009 1100.7450000000001 1.0000000180025095e-35 0.87596153846153857 6.7971779464679516 22.650000000000006 0.44814915148755446 1.0000000180025095e-35 22.500000000000004 -0.070815498687092776 -0.45198512374305705 5 -0.02985259550248642 182.00000000000003 6 0.2876820724517809 45.500000000000007 32.600000000000009 50.650000000000013 -0.61001208798634099 0.19764827276411315 0.10778766049620168 6.3736366817472234
decision_type=2 1 2 2 1 2 2 2 2 1 2 2 2 2 10 10 2 2 10 2 10 2 2 2 2 2 2 2 2 8 1 8 10 2 2 10 1 2 2 2 10 2 2 2 2 2 2 2 2 2 1 2 2 1 10 2 2 2 8 8 10 2
left_child=22 8 3 4 5 7 -4 21 25 10 11 12 19 -12 15 -7 59 18 -17 20 -10 -3 23 24 61 -2 28 34 -27 32 31 -31 -8 -33 -28 -24 -37 38 40 -40 -38 -9 -43 45 53 50 -47 -48 49 -46 51 -6 -51 54 -45 -55 -57 -58 -29 60 -16 -1
right_child=1 2 6 -5 43 14 29 41 9 -11 13 -13 -14 -15 16 17 -18 -19 -20 -21 -22 -23 35 -25 -26 26 27 58 -30 30 -32 33 -34 -35 -36 36 37 -39 39 -41 -42 42 -44 44 48 46 47 -49 -50 52 -52 -53 -54 55 -56 56 57 -59 -60 -61 -62 -63
leaf_value=0.0052304445453649215 -9.0653971055491023e-05 -0.00083934259140725507 0.0084788491306574138 -0.0056073551280158484 0.0045109370171611705 0.0026215580553314429 -0.0026943815791686276 0.00031164064343546226 0.003433815322791715 -0.0029313973573994205 0.0034421643190286517 0.00013986236960628846 0.00091125145528874016 -0.004406996244346692 0.006179329754376621 0.0141532221966924 -0.000138270407320297 0.0040292412426525311 0.011858297689141865 0.0021180424584025803 0.0042189812152168575 0.017629292000236302 -3.6180721993153024e-05 -0.0024306720285591507 0.0021834845348873699 0.00082660756536310619 0.0055426303303103639 0.00010310087153995003 -0.0028925222732580245 0.0045705339070626532 -0.0015436752843741826 0.0044866877401597968 0.0059531782519582493 -0.00017188745804931871 -0.0076865789886448451 -8.1488435132605528e-05 0.0067316495727017811 0.0023191946885926739 0.019834344048783408 -0.00037854075516068986 0.015100367046928713 0.0016479996848195969 -0.0028239538950924807 0.0014286044267564843 -0.00055669861668155934 -0.0039795224128823734 0.0019480186069892758 0.011220729453433449 -0.00010972876540995208 0.0035394139611846496 -0.0023050905667321656 -0.0034329011178585566 0.0060124197110412022 -0.0023773785650242052 -0.0033655241271952959 -0.00061301506147224153 0.011422802485056557 -0.0014104087681226325 -0.002603236205308496 0.0009334468242964965 0.00062149620269329035 0.0082953706057780387
leaf_weight=70 891 50 48 764 122 359 3170 776 40 606 44 122 51 148 318 50 645 78 53 46 40 48 3337 84 243 510 97 352 412 67 1817 69 122 1057 41 1031 65 1151 42 131 55 107 641 572 191 44 78 40 1856 89 428 113 133 2983 202 297 42 45 4933 375 178 65
leaf_count=70 891 50 48 764 122 359 3170 776 40 606 44 122 51 148 318 50 645 78 53 46 40 48 3337 84 243 510 97 352 412 67 1817 69 122 1057 41 1031 65 1151 42 131 55 107 641 572 191 44 78 40 1856 89 428 113 133 2983 202 297 42 45 4933 375 178 65
internal_value=-0.000616517 -0.00097303 -0.000584046 -0.000105756 9.02499e-05 0.00116834 -0.00146434 -0.000437463 -0.00181148 5.91974e-05 0.00347609 0.00685 0.0107584 -0.00160622 0.00244045 0.00480591 0.00159525 0.00903846 0.0133173 0.0143307 0.0185185 0.00616161 0.000881274 0.00365011 0.0051715 -0.00209756 -0.00236763 -0.00268529 -0.000498376 -0.00154847 -0.000747261 0.000859633 -0.0022806 0.00037267 0.00294964 0.000660587 0.00156502 0.00276976 0.00607143 0.00307471 0.0103306 -0.000865575 -0.00238985 -0.000458875 -0.00070192 0.00142252 0.00607362 0.00932773 0.000464757 0.00334541 0.000278613 0.00355691 0.00735426 -0.00134114 0.000611464 -0.00178656 0.000987012 0.00755682 -0.00283296 0.0030906 0.00476861 0.00974265
internal_weight=32634 26360 18027 11677 10913 3678 6350 1622 8333 1097 491 299 177 192 2056 540 1516 181 103 126 80 98 6274 462 378 7236 6345 5423 922 6302 3010 1193 3292 1126 138 5812 2475 1444 293 173 120 1524 748 7235 6410 825 162 118 2269 413 663 235 222 4141 774 3367 384 87 5285 871 496 135
internal_count=32634 26360 18027 11677 10913 3678 6350 1622 8333 1097 491 299 177 192 2056 540 1516 181 103 126 80 98 6274 462 378 7236 6345 5423 922 6302 3010 1193 3292 1126 138 5812 2475 1444 293 173 120 1524 748 7235 6410 825 162 118 2269 413 663 235 222 4141 774 3367 384 87 5285 871 496 135
cat_boundaries=0 1 2 3 4 5 6 7
cat_threshold=214 2321 2738 236 1163 256 521
is_linear=0
shrinkage=0.05


Tree=37
num_leaves=63
num_cat=5
split_feature=0 2 39 21 22 17 27 44 9 41 23 0 20 12 16 1 41 30 7 33 39 41 2 33 19 2 13 33 22 18 30 39 5 18 14 19 23 10 33 30 39 27 0 17 4 20 22 12 19 5 33 17 42 20 39 2 18 18 3 3 12 37
split_gain=6.58079 3.68072 3.03739 2.26084 2.50328 1.94577 1.89009 1.66905 2.597 4.17251 1.65558 1.63717 1.52858 2.11185 1.67064 2.45601 1.50209 1.48856 2.33021 2.56105 2.09337 2.25195 1.96698 2.63074 1.90529 2.32455 1.79138 2.14744 1.78748 1.5582 1.55682 1.52361 1.47216 2.64276 2.54158 1.46266 1.4082 1.80531 1.64468 1.38846 1.81218 1.57352 1.53382 3.15186 1.71726 1.52661 1.37412 1.3329 1.6117 1.47257 1.33216 1.32806 2.08991 1.32655 1.83858 2.50472 1.68966 1.27947 1.45505 1.65964 1.56149 1.2459
threshold=-0.088238857545020796 -0.38776553100876349 0 3993.7500000000005 -0.43626549806913939 -0.031017235515202742 42.500000000000007 0.18333333333333338 0.28545398146675954 22.474068554396428 0.12286750374797829 0.55961578793542299 -0.051156271462718277 15.500000000000002 -3.213729430125484 0.0041984576232985136 24.401754385964917 34.850000000000001 7.1768299565712796 27.292857142857148 1 3.8599832915622394 0.16475374372487919 26.464285714285719 -0.010274359730420837 0.035092469235236574 1.294119723171179 35.064285714285724 0.020697217582458727 0.073146041154662014 19.150000000000009 2 6.9788015635916842 0.20843550176961548 -0.0084541843797194521 1.0000000180025095e-35 -0.16663935720747244 0.0049406129112941075 33.221428571428582 38.650000000000006 3 47.500000000000007 -0.10379679368164306 -0.50924531038124943 -0.97146327829421242 0.0089539583338877106 -0.63546394125161243 29.500000000000004 -0.1177084595001546 8.1795077632785009 30.93571428571429 0.40420044773840974 0.96850198412698429 0.042490801591754425 4 -0.18232155679395443 -0.34149186076224042 1.1988656332982739 0.1917001059710173 0.28768207245178129 13.500000000000002 39.500000000000007
decision_type=2 2 1 10 8 2 2 2 10 2 10 2 10 2 2 2 2 2 2 2 1 2 2 2 2 2 2 2 10 10 2 1 2 8 2 2 8 2 2 2 1 2 2 2 2 10 8 2 2 2 2 2 2 10 1 2 8 8 2 2 2 10
left_child=5 7 12 4 50 10 32 35 -9 -10 39 17 13 16 15 -14 -3 18 19 30 21 -19 23 29 25 -25 -21 -28 31 -23 -6 36 33 34 -7 46 37 -20 -39 42 41 -41 44 -44 -1 -43 -2 57 49 -49 -4 -35 -53 -34 55 -55 -56 58 -38 -60 -61 -16
right_child=1 2 3 -5 11 6 -8 8 9 -11 -12 -13 14 -15 61 -17 -18 20 28 26 -22 22 -24 24 -26 -27 27 -29 -30 -31 -32 -33 53 51 -36 -37 47 38 -40 40 -42 45 43 -45 -46 -47 -48 48 -50 -51 -52 52 -54 54 56 -57 -58 -59 59 60 -62 -63
leaf_value=0.013490722625044896 0.011195815288303332 8.1310978209560191e-06 0.0063345687538268001 -0.0015223255065999739 0.012575085349517266 0.012593270888736692 -0.00075816221474343012 -0.00036874475055725508 0.0091281902702771856 0.00050280645303285045 -0.0002034718868298932 -0.0062771504942573126 0.0045155219207102908 -0.0010377044057018922 -0.0019952489600032473 -0.0041781207148507407 0.002834595693787815 -0.00078495016124219155 -0.00060237395904228982 -0.00026266317180507895 -0.00023354568781205507 0.0080049136583632153 0.00015090456216600804 0.0019700140087717849 0.001772823686822596 0.0064433200025240198 -0.0002489140287310671 0.011718281095106644 -0.0024272721369195715 0.0036256806092126873 0.0069534962115467185 -0.001548260106527451 -0.00020860785541119259 -0.00083713397432665581 0.0010283914715582038 -0.00078725860442397137 0.00099835653755205012 0.0064391588235292079 0.00015202961660046438 0.0032240681964867527 0.00066739228204263073 0.0055283978124294917 0.010155480648040045 0.00042144202999857004 0.00091972855094810254 0.0058452759950488285 0.0036001902887463806 0.01228324117015437 -0.0024594536299007161 -0.00065173825872590638 0.00030338847983836189 0.0035399050517983806 0.016350070525514796 0.010252569847860863 0.0083001358124386426 0.0038969938820637728 -6.392721702552384e-05 -0.0034661571179504776 0.016297154792968713 0.008261688200132988 -0.00028115072041812325 -9.2423994453142981e-05
leaf_weight=83 40 41 230 4641 67 41 1917 91 58 55 866 409 44 551 6159 52 40 275 130 1844 1663 42 202 67 214 48 78 62 2113 48 60 2171 1776 175 40 312 394 80 51 165 217 65 54 116 1673 42 209 46 923 81 280 135 61 44 42 94 462 78 42 43 81 631
leaf_count=83 40 41 230 4641 67 41 1917 91 58 55 866 409 44 551 6159 52 40 275 130 1844 1663 42 202 67 214 48 78 62 2113 48 60 2171 1776 175 40 312 394 80 51 165 217 65 54 116 1673 42 209 46 923 81 280 135 61 44 42 94 462 78 42 43 81 631
internal_value=-0.000625325 -0.00102962 -0.00113856 -0.000756648 -0.000389919 0.000614697 -2.81967e-05 0.00238251 0.0062439 0.0112719 0.00155241 -0.000544508 -0.00197105 0.000379146 -0.00218963 0.0043299 0.00786585 -0.000427826 -0.000751349 0.000684184 0.000626952 0.00255788 0.00425241 0.00620238 0.00410606 0.00926724 0.000241812 0.00567376 -0.00123757 0.0137363 0.00753906 -0.000630916 0.000783698 0.00339956 0.0115244 0.00096975 0.000385203 0.00379771 0.00791667 0.00222475 0.00460204 0.00720848 0.0016191 0.00614035 0.00117814 0.0121759 0.00382 -0.000142097 -0.00123692 0.00402344 0.00303327 0.00159946 0.00441624 0.000293509 0.0022395 0.00711409 0.000737863 0.00165884 0.00249554 0.00640718 0.00344 -0.00228243
internal_weight=32814 24746 23981 16463 11822 8068 4787 765 204 113 3281 11312 7518 632 6886 96 81 10903 8344 2111 2559 896 621 419 329 115 1984 140 6233 90 127 4120 2870 452 81 561 1949 261 131 2415 489 272 1926 170 1756 107 249 1688 1050 127 510 371 196 2418 642 138 504 638 560 166 124 6790
internal_count=32814 24746 23981 16463 11822 8068 4787 765 204 113 3281 11312 7518 632 6886 96 81 10903 8344 2111 2559 896 621 419 329 115 1984 140 6233 90 127 4120 2870 452 81 561 1949 261 131 2415 489 272 1926 170 1756 107 249 1688 1050 127 510 371 196 2418 642 138 504 638 560 166 124 6790
cat_boundaries=0 1 2 3 4 5
cat_threshold=150 5120 1601 5505 2177
is_linear=0
shrinkage=0.05


Tree=38
num_leaves=63
num_cat=5
split_feature=10 9 9 22 31 25 21 5 17 21 1 40 23 27 31 9 0 27 22 12 16 25 12 5 27 30 19 10 12 25 27 6 18 30 18 21 41 5 41 41 21 22 20 16 1 16 25 1 10 27 16 42 1 42 2 0 9 31 25 27 28 10
split_gain=6.61498 3.82125 3.26232 2.66823 2.65278 2.62951 2.60967 2.3871 2.25951 2.09275 2.02198 1.9179 1.86199 2.16868 1.84463 1.80238 1.77022 1.71706 1.71558 1.7349 1.84293 1.63637 2.49726 2.49371 1.62533 1.48017 1.45568 1.43276 1.61973 1.39375 1.62399 1.37429 1.3502 2.33537 1.85328 1.77805 1.33888 1.61119 1.64455 2.23778 1.70105 1.30889 1.26283 1.25549 2.33804 1.25408 1.74767 1.54641 1.38374 1.57208 1.35494 1.68726 1.50385 1.1582 1.14077 1.12387 1.25893 1.19394 1.11944 1.16926 1.45261 1.09898
threshold=-0.086037749608437228 0.10061315430861759 0.28545398146675954 -0.039891272868526111 330.10000000000008 0 2798.2450000000003 7.7298741404345774 0.31842167577028319 1062.3200000000004 0.036832168800115202 2.5000000000000004 -0.41871033485818493 42.500000000000007 144.65000000000001 0.11105627342581643 -0.055245423491467875 7.5000000000000009 -0.98722270184461125 6.5000000000000009 0.12516314295400635 1 31.500000000000004 6.9061908688140248 25.500000000000004 44.550000000000004 -0.078306176371393185 0.23131232070968502 39.500000000000007 2 2.5000000000000004 8.6217613307245102 0.69826288723275221 4.6500000000000012 -0.62445564529171393 1650.8750000000002 68.143039772727278 8.6570105443208494 4.7861904761904768 6.2100111234705242 7037.5000000000009 -0.16518226027850727 -0.0089537200515247151 -0.18550442766325356 -0.035717628056831423 0.010000333353334947 3 0.14040487055468723 0.065224753689568274 57.500000000000007 -0.5571728486072195 0.96580946814728241 -0.057157384428811124 0.87965517241379321 -0.2015174866274356 -0.014580122716801201 0.14772837686355908 37.600000000000016 4 36.500000000000007 1.0000000180025095e-35 -0.17908582293942607
decision_type=2 8 10 10 2 1 8 2 2 8 2 2 8 2 2 8 2 2 10 2 2 1 2 2 2 2 2 2 2 1 2 2 8 2 10 8 2 2 2 2 8 10 10 2 2 2 1 2 2 2 2 2 2 2 2 2 10 2 1 2 2 2
left_child=2 27 5 6 18 7 15 8 9 -1 29 17 13 -11 31 41 -7 26 19 20 24 22 -20 -24 -4 -25 -9 -2 -29 30 -8 -13 34 -34 35 -14 37 38 -32 40 -40 -3 -15 44 -41 46 47 50 49 -48 -17 -52 -53 -36 -33 56 -37 -57 59 61 -61 -21
right_child=1 3 4 -5 -6 16 10 11 -10 12 -12 14 32 42 -16 45 -18 -19 21 58 -22 -23 23 25 -26 -27 -28 28 -30 -31 36 54 33 -35 53 55 -38 -39 39 43 -42 -43 -44 -45 -46 -47 48 -49 -50 -51 51 52 -54 -55 -56 57 -58 -59 -60 60 -62 -63
leaf_value=-0.0010350195072051274 -0.0018553063015621951 0.002034517710051162 0.014095333809478569 -0.0014546402892761569 0.010261088736659471 0.00012353651164670679 0.0074716484638914869 -0.0042284696391946264 -0.0002536367780351566 0.00061481379623500769 -0.0012196457244933467 0.0010487940264417039 -0.0014809248281979536 0.0033498535626493298 -0.00058590266530462141 0.0018827664935576257 -0.0015706598733441627 -0.0020328545968380149 -0.00030671132970701005 0.032588933923131287 0.0036292230090706756 -0.00026501453783467338 0.0087004136960382866 0.00349296446441921 0.027880271533294455 0.015363674927931321 0.0046146243070412703 0.003403074967881236 -0.0013306760492194424 -0.00034885676737673598 0.00036561022095202609 0.003071974898080056 0.00066663910027511396 0.011240970436067838 -0.0042392353027710201 -0.00057087313224116925 -0.0011455149059144793 -0.00070394597449628823 0.0035933310652341379 0.010437809904036519 0.0056379018199525909 0.0032099104540587176 0.01003130133038156 0.0013703238621090043 -0.0011613048240257933 -0.00028355684937166867 0.0023672753095834546 0.00022244116634060392 -0.0010386243965411924 -0.0036376295307755675 0.0057510055150631198 -0.0027798055800875238 0.0051752808700365012 0.0014531846229151901 0.0069744755896577054 0.0040424879839202369 0.0069944685629734762 0.0085328150075327149 0.0012583553788535007 0.011138459749837846 -0.002956526012026527 0.0028697971892902986
leaf_weight=173 5586 56 44 6299 63 2169 62 48 465 41 4680 196 51 40 323 90 2056 891 191 66 66 961 50 144 58 51 108 94 212 2777 310 76 55 60 70 44 356 276 44 58 45 76 41 247 45 888 250 141 313 52 69 43 56 338 78 40 74 47 298 54 98 40
leaf_count=173 5586 56 44 6299 63 2169 62 48 465 41 4680 196 51 40 323 90 2056 891 191 66 66 961 50 144 58 51 108 94 212 2777 310 76 55 60 70 44 356 276 44 58 45 76 41 247 45 888 250 141 313 52 69 43 56 338 78 40 74 47 298 54 98 40
internal_value=-0.000564586 -0.00102374 0.000533663 -0.000647848 0.00223341 3.7407e-05 -0.000175584 0.00110245 0.00253571 0.00379535 -0.000544884 -0.000174318 0.00476164 0.0104878 0.00190653 0.0014398 -0.00078494 -0.00151241 0.00192978 0.00390345 0.00834319 0.000904863 0.00340045 0.00680894 0.0125243 0.00420918 0.0033121 -0.00212286 0.00120521 0.000248755 0.00150275 0.00441595 0.00385256 0.00883621 0.00297744 0.0063035 0.00115412 0.00207115 0.00327333 0.00523864 0.0122778 0.00706767 0.0151829 0.0034188 0.00802884 0.00104572 0.0022463 0.00476829 0.000519168 0.00293729 0.00718147 0.00982248 0.00555 0.000880194 0.00793548 0.00837379 0.00512605 0.0126705 0.00254937 0.00486989 0.00222222 0.00906542
internal_weight=32793 23125 9668 17233 2184 7484 10934 3259 1539 1074 8900 1720 901 122 673 2034 4225 1047 2121 724 168 1397 436 245 102 195 156 5892 306 4220 1443 350 779 115 664 256 1381 1025 749 439 89 132 81 350 103 1902 1014 399 615 302 258 168 99 408 154 205 118 87 556 258 152 106
internal_count=32793 23125 9668 17233 2184 7484 10934 3259 1539 1074 8900 1720 901 122 673 2034 4225 1047 2121 724 168 1397 436 245 102 195 156 5892 306 4220 1443 350 779 115 664 256 1381 1025 749 439 89 132 81 350 103 1902 1014 399 615 302 258 168 99 408 154 205 118 87 556 258 152 106
cat_boundaries=0 1 2 3 4 5
cat_threshold=1904 312 2100 777 2585
is_linear=0
shrinkage=0.05


Tree=39
num_leaves=63
num_cat=8
split_feature=1 7 22 27 42 26 2 13 42 8 25 39 22 7 17 27 4 39 3 4 31 1 31 17 31 25 39 37 27 37 23 44 16 10 27 41 23 17 8 20 25 2 27 2 25 27 6 23 13 26 22 6 5 1 21 14 2 23 39 14 3 19
split_gain=5.29587 3.06821 2.34313 2.4484 2.68094 3.28516 2.29762 1.95799 1.90176 3.15458 1.71611 2.46045 3.53575 2.10067 1.84959 1.65325 1.45139 1.38854 3.83666 1.48404 1.41136 1.49683 1.36228 1.35022 1.32402 1.77982 2.02423 1.80305 2.55537 4.36025 1.62984 1.9747 1.7146 2.06103 1.40731 1.30783 1.19313 1.28719 1.17302 2.06987 1.1416 1.6248 1.82635 1.13352 1.12158 1.64215 1.42824 1.10762 1.10111 1.29233 1.09931 1.09847 1.68758 1.06325 1.19968 1.37778 2.4446 1.05718 1.42413 2.08541 1.7373 2.45067
threshold=-0.051292652940192689 6.7817245069548102 -0.1053105131576596 3.5000000000000004 0.90754985754985762 12.500000000000002 -0.16831897521691894 0.58123122796666571 0.68237250554323736 0.065105176252403127 0 1 -0.63546394125161243 7.6899272846229403 -0.24344978800884229 59.500000000000007 -0.48391269166586953 2 0.10919929196499246 0.24686007793152645 0.35000000000000009 0.12136085700426726 7.1500000000000012 -0.28027159784523276 8.2500000000000018 3 4 38.500000000000007 33.500000000000007 65.500000000000014 -0.085846950296410082 1.0000000180025095e-35 0.23483959107740096 0.028266200946848844 22.500000000000004 1500.6147801196983 -0.20195280710789063 -0.70443962236544433 0.079654163263125508 0.01228252252254068 5 -0.23314308466690423 20.500000000000004 0.061875362228754234 6 24.500000000000004 6.6628664858834528 -1.1004206089032036 0.75000006465518376 37.500000000000007 -0.16518226027850727 7.2198930345715278 7.2143309805011571 -0.32922611711427935 847.05500000000018 0.13353139262452299 -0.32414550939776759 0.11247798342669015 7 -1.6074339017353305 -0.082238098236972132 -0.025791658370585304
decision_type=2 2 10 2 2 2 2 2 2 8 1 1 8 2 2 2 2 1 2 2 2 2 2 2 2 1 1 10 2 10 8 2 2 2 2 2 8 2 10 10 1 2 2 2 1 2 2 10 2 2 10 2 2 2 10 2 2 10 1 2 2 2
left_child=2 17 3 4 5 -1 40 -8 9 -9 11 -5 13 15 43 -13 23 36 19 20 -19 -22 -20 -6 -10 26 30 35 29 -29 -26 34 33 -33 -32 -27 37 -2 -36 -40 41 -3 -43 57 45 46 -38 -7 -15 -50 -44 52 -28 54 55 56 -16 58 59 -12 61 -61
right_child=1 6 -4 10 16 47 7 8 24 -11 14 12 -14 48 53 -17 -18 18 22 -21 21 -23 -24 -25 25 27 51 28 -30 -31 31 32 -34 -35 38 -37 44 -39 39 -41 -42 42 50 -45 -46 -47 -48 -49 49 -51 -52 -53 -54 -55 -56 -57 -58 -59 -60 60 -62 -63
leaf_value=0.018029944282033167 -0.0033293375657451581 0.00014447595269431396 -0.00042246150868468818 -0.00031048957137436438 -0.00023026871821773816 -0.0034175834620608333 -0.0018353474077033927 0.012765545886639348 -0.001757393796822801 -0.0015175559643232431 -0.0028396810708727956 0.0065088832983439295 0.0019459703763189029 0.0092114387846101396 0.0029264541022036459 0.016295098865331255 0.00028176554207659109 0.0046087259964619799 -0.0056575916601536496 -0.00078137715402379836 0.012904178577545911 0.0071936343687100546 0.002169996883365445 0.01061062005987679 -0.00040774454386820658 -0.0011651590022221448 -0.00034337724695434978 0.0030994155195667554 -0.0047118008780889543 -0.0026454269710964318 -0.0014610038753056665 0.010133584334045546 0.00089584568324684228 0.0054749714775486095 -0.00067588482093698622 -0.0040725996936366868 0.002086444657637126 0.0028535769456189009 0.0062477225015872776 0.0020228340070638975 -0.00019148181947019932 0.0089917016762378864 0.0015765283286545838 -0.0022101013965872313 -0.001630665809182948 -0.0023421581748932305 0.006338493056563795 0.009473913671346236 0.0058547514371719411 -0.00069893683646737653 -0.0027326158450356238 -0.00232818200938911 0.0053056153018842559 -0.00097176751427700998 -0.00056201819332302161 -0.001640259717958732 0.0083237976960682525 -0.00036540425545449951 0.0018300232284685889 0.0094935651022962364 0.0012092775700044134 0.0094199814177867037
leaf_weight=55 44 247 3483 909 40 46 7436 63 3885 95 45 94 1618 54 130 49 374 60 212 44 79 54 104 62 254 3639 169 89 90 46 180 40 68 87 52 477 94 229 80 99 1227 58 61 164 623 149 48 45 59 77 48 744 43 2590 410 124 75 265 436 109 94 46
leaf_count=55 44 247 3483 909 40 46 7436 63 3885 95 45 94 1618 54 130 49 374 60 212 44 79 54 104 62 254 3639 169 89 90 46 180 40 68 87 52 477 94 229 80 99 1227 58 61 164 623 149 48 45 59 77 48 744 43 2590 410 124 75 265 436 109 94 46
internal_value=-0.000591298 -0.00106266 0.000273702 0.000746455 0.00375602 0.00965986 -0.00124417 -0.00141067 -0.000960691 0.00446541 0.000491222 0.00144549 0.00244393 0.00714072 -0.000120028 0.0117014 0.00192872 0.00094773 0.00298759 0.00783613 0.00971649 0.0125746 -0.000567825 0.00718446 -0.0010465 -0.00059029 0.000722495 -0.00113856 0.00320796 0.00753676 0.00246843 0.00390445 0.00803571 0.0114453 0.00192961 -0.00137965 -2.92165e-05 0.00286496 0.00450431 0.00641667 0.000545066 0.00277647 0.0066369 0.00159914 -0.000896176 0.00163907 0.00552447 0.00375 0.00366492 0.00124087 0.00277273 -0.000858326 0.00230047 -0.00071922 0.000952702 0.00319697 0.00570388 0.00223393 0.00321477 0.00583606 0.00782 0.0110577
internal_weight=32470 21017 11453 7970 622 146 19277 17636 10200 158 7348 2860 1951 333 4488 143 476 1740 553 237 193 133 316 102 10042 6157 1816 4341 225 135 860 606 195 127 411 4116 1187 273 231 179 1641 414 167 1159 914 291 142 91 190 136 109 956 212 3329 739 329 205 995 730 294 249 155
internal_count=32470 21017 11453 7970 622 146 19277 17636 10200 158 7348 2860 1951 333 4488 143 476 1740 553 237 193 133 316 102 10042 6157 1816 4341 225 135 860 606 195 127 411 4116 1187 273 231 179 1641 414 167 1159 914 291 142 91 190 136 109 956 212 3329 739 329 205 995 730 294 249 155
cat_boundaries=0 1 2 3 4 5 6 7 8
cat_threshold=2864 215 2178 2321 5634 2177 2593 1388
is_linear=0
shrinkage=0.05


Tree=40
num_leaves=63
num_cat=10
split_feature=1 39 15 1 9 3 20 29 13 21 30 41 25 27 26 39 41 30 44 25 19 39 27 42 13 26 25 13 42 25 27 1 13 21 25 41 9 25 23 39 3 12 16 13 1 42 40 12 20 41 27 27 30 30 33 13 12 33 21 23 10 31
split_gain=4.76969 3.48008 1.9395 1.85366 3.08929 1.91524 2.63042 1.6305 1.60802 1.58475 1.79578 1.85282 2.96531 3.07274 1.97295 1.81348 2.19605 2.61111 2.17757 1.6037 1.50086 1.57319 1.83702 2.24113 1.98494 1.88014 1.71228 1.48585 1.48374 1.3912 1.34035 1.66735 1.33066 1.32499 1.32468 1.65562 1.29792 1.28027 1.27776 1.67289 1.26057 1.18148 1.22315 1.15471 1.10307 1.09199 1.60181 1.52509 1.09103 1.3343 1.08915 1.08744 2.61805 1.08471 1.0736 2.82277 1.27113 1.13344 1.13752 1.07175 1.12649 1.56766
threshold=-0.051292652940192689 0 1.0000000180025095e-35 0.49507726679785075 0.26789989027417777 0.03390189650338727 -0.12775670990578941 1.0000000180025095e-35 2.1728735632183915 4407.5000000000009 34.550000000000004 409.38281250000006 1 24.500000000000004 1.5000000000000002 2 4.4064004096262162 133.65000000000001 1.0000000180025095e-35 3 -0.46546370732763392 4 9.5000000000000018 0.90990259740259749 0.5000004076089174 42.500000000000007 5 0.67796723930059466 0.61167800453514753 6 6.5000000000000009 0.14931510790870076 0.27014863648527021 1898.8850000000002 7 2.9674775251189849 0.2503564560228328 8 -0.93718149888163227 9 -0.055567071232245351 83.500000000000014 -0.73344720803185448 0.81081190650405721 0.028171876967287627 0.90839160839160848 1.5000000000000002 51.500000000000007 0.079001481709397539 4.8717741935483883 38.500000000000007 5.5000000000000009 0.95000000000000007 44.550000000000004 29.007142857142863 0.6896553864444136 70.500000000000014 30.907142857142862 6132.5000000000009 -0.55952308411990237 0.021465933695467235 202.50000000000003
decision_type=2 1 2 2 10 2 10 2 2 10 2 2 1 2 2 1 2 2 2 1 2 1 2 2 2 2 1 2 2 1 2 2 2 10 1 2 10 1 10 1 2 2 2 2 2 2 2 2 10 2 2 2 2 2 2 2 2 2 8 8 2 2
left_child=2 32 20 4 9 6 -6 41 29 10 11 14 13 -13 33 16 -12 18 59 -11 36 22 23 24 -22 -25 54 -20 -16 -4 31 -17 -2 -3 50 -36 -1 -7 39 53 -10 42 -8 -28 -14 46 47 -32 -40 -50 51 52 -34 -31 55 56 -24 -56 -59 -18 61 -61
right_child=1 3 8 -5 5 37 7 -9 40 19 15 12 44 -15 28 30 17 -19 27 -21 21 -23 26 25 -26 -27 43 -29 -30 38 45 -33 34 -35 35 -37 -38 -39 48 -41 -42 -43 -44 -45 -46 -47 -48 -49 49 -51 -52 -53 -54 -55 57 -57 -58 58 -60 60 -62 -63
leaf_value=0.0064182092372136977 -0.0027584338415727314 0.00032369436369088738 -0.0016469962822961886 -0.0051196654452189388 0.02228405686790182 0.0013579502638616358 0.0081589361185933854 -0.00050179714379806472 0.0071329898174474771 -0.0024631218690303004 -0.00073817810454342679 0.010917146424377798 0.0025899728306376466 0.004789198580247709 0.010853225303859695 0.0038852358630304287 0.0030199877341567714 0.0072038368466207318 0.0029518429487765119 -0.00088023105874062151 0.010657812435679495 -5.8112419443368197e-05 0.0051403165619567457 0.00088747629123371499 0.004247767825386827 0.0068490272100623726 -0.00089921886270200404 0.0074611508480508645 -0.001179836673155714 0.004765771004082292 -5.6477628782124548e-05 -0.0027941712578009397 0.0044037402507001574 0.006563072347504981 0.0073872531539357945 -0.0020523526762821083 -0.00071702812260624892 -0.0018184377682947828 -0.00098977400335099387 -0.0006385253801223362 -0.0009575293673076224 -0.0012380241801985029 0.0042921549906083448 0.0017878343258890964 -0.0031455328786635021 -0.0024114045690718368 -0.0014486664278080142 0.0059356589255343461 0.0057679275941812389 -0.0011073813839075476 0.0005445076154705587 -0.0016976380499971475 -0.0011887561675633339 -0.00025761706587519513 -0.0013834674465649311 -0.0011643553796395767 0.0055333099339935788 0.0028184562209640084 0.0056661370016108069 -0.00112824612422162 -0.00067541252245622305 0.004865639771691313
leaf_weight=74 852 73 1761 1016 107 966 71 528 73 1235 261 47 60 76 67 75 47 60 52 1633 41 3313 79 390 81 47 1054 50 5881 497 48 49 51 57 59 3320 50 907 1727 492 43 94 485 525 121 603 204 47 135 181 585 887 167 118 173 102 49 396 119 85 249 83
leaf_count=74 852 73 1761 1016 107 966 71 528 73 1235 261 47 60 76 67 75 47 60 52 1633 41 3313 79 390 81 47 1054 50 5881 497 48 49 51 57 59 3320 50 907 1727 492 43 94 485 525 121 603 204 47 135 181 585 887 167 118 173 102 49 396 119 85 249 83
internal_value=-0.000576285 -0.00102027 0.000243033 -0.000621255 -0.000475144 0.000905349 0.00239113 0.00170483 -0.000494233 -0.00086573 -0.00051531 -0.000918065 0.00288524 0.00847015 -0.00110874 0.000828107 0.00246659 0.00409888 0.00303351 -0.0018787 0.000813827 0.00070722 0.00152266 0.00411607 0.0100813 0.00243151 0.000946756 0.00961165 -0.00124223 -0.000632127 -0.000607523 0.00424 -0.00204906 0.00496183 -0.00174458 -0.00231416 0.00624 -0.000114729 -1.18794e-09 0.00136733 0.00529914 0.00337942 0.00425494 -5.97496e-05 -0.00132813 -0.00128461 0.00118333 0.00651042 -0.000741195 0.00195583 -0.000587891 -0.00151447 0.00164383 0.00307508 0.00264801 0.0056277 0.0105426 0.0016836 0.00285853 0.00156989 0.000753587 0.00390532
internal_weight=32778 21258 11520 15337 14321 3158 1285 1178 5027 11163 8295 6382 304 123 6078 1913 887 626 566 2868 6493 6369 3056 559 122 437 2497 102 5948 4911 1026 124 5921 130 5069 3379 124 1873 3150 1107 116 650 556 1579 181 902 299 95 2043 316 1690 1105 218 615 918 230 128 688 515 464 417 168
internal_count=32778 21258 11520 15337 14321 3158 1285 1178 5027 11163 8295 6382 304 123 6078 1913 887 626 566 2868 6493 6369 3056 559 122 437 2497 102 5948 4911 1026 124 5921 130 5069 3379 124 1873 3150 1107 116 650 556 1579 181 902 299 95 2043 316 1690 1105 218 615 918 230 128 688 515 464 417 168
cat_boundaries=0 1 2 3 4 5 6 7 8 9 10
cat_threshold=198 1328 5376 796 7040 2098 1155 786 2616 3625
is_linear=0
shrinkage=0.05


Tree=41
num_leaves=63
num_cat=4
split_feature=1 2 1 7 18 6 25 22 2 9 2 19 18 3 3 20 19 23 20 25 42 42 27 30 12 22 17 1 1 17 14 14 7 25 27 11 3 33 29 20 3 1 11 2 22 12 14 20 25 11 42 12 27 6 18 12 20 1 30 9 6 37
split_gain=4.92085 2.8792 2.06428 1.91931 2.00967 1.87258 1.83321 2.0728 1.51485 1.36256 1.81989 1.79458 2.12445 2.21579 1.47573 1.30004 1.29645 1.29212 1.21117 1.17668 1.24161 1.14909 1.13384 1.12315 1.12158 1.44717 1.84764 1.16439 1.19947 1.09672 1.08675 1.30752 1.08452 1.59652 1.6814 1.62429 2.10651 1.26142 2.21612 1.24453 1.27825 1.30542 1.08029 1.32333 1.06597 1.21801 1.49387 1.06108 1.05335 1.02356 1.02121 1.00698 1.07728 0.992858 0.991514 0.987397 1.19407 0.968459 1.68215 0.966325 0.960771 0.947397
threshold=-0.048790164169431265 -0.17217171573985898 -0.55164801828608512 7.2176425759561669 0.39120235831932232 7.2795441759272119 0 -0.46973416009343033 0.28376836614561501 0.26188633161553648 0.40546510810816511 -0.081936536043111005 -1.196241480497845 0.45425652227915864 -0.15123584798546605 -0.057215995730029945 0.011376789356360781 -0.69314718055994529 -0.055055249651155123 1 0.93142633228840144 0.81509971509971524 57.500000000000007 3.0500000000000003 55.500000000000007 -1.0975695354225989 -0.23651115363643746 0.043083104208368812 -1.0000000180025095e-35 0.135862684472037 -1.7909585079033878 0.13086104408314017 7.1084186111980285 2 48.500000000000007 2.5000000000000004 0.2001869733914359 36.578571428571436 1.0000000180025095e-35 -0.057215995730029945 -0.020195125693583723 0.029853257267242309 14.500000000000002 0.016167138872613233 -0.45934297130005491 19.500000000000004 0.40229876486124244 0.03658845785372878 3 83.500000000000014 0.95275297619047628 54.500000000000007 10.500000000000002 6.9705099009269835 0.51631025538187825 12.500000000000002 -0.016326774426944569 0.088966148609708209 1.7500000000000002 0.056271469400063188 7.6325855458405893 37.500000000000007
decision_type=2 2 2 2 8 2 1 8 2 8 2 2 10 2 2 10 2 8 10 1 2 2 2 2 2 10 2 2 2 2 2 2 2 1 2 2 2 2 2 10 2 2 2 2 8 2 2 10 1 2 2 2 2 2 10 2 10 2 2 10 2 8
left_child=2 16 17 4 5 6 7 -4 -8 32 11 12 -11 21 15 -13 24 -1 -9 20 -18 -14 42 -20 25 26 -2 28 -26 -5 -19 51 33 39 35 36 -35 -36 53 -3 41 -41 43 -6 45 -16 60 -42 49 -31 -23 -32 -53 -39 -38 -27 -57 58 -17 -34 -47 -61
right_child=1 9 3 29 22 -7 8 18 -10 10 -12 14 13 -15 44 57 19 30 23 -21 -22 50 -24 -25 27 55 -28 -29 -30 48 31 -33 59 34 37 -37 54 38 -40 40 47 -43 -44 -45 -46 46 -48 -49 -50 -51 -52 52 -54 -55 -56 56 -58 -59 -60 61 -62 -63
leaf_value=0.013636829645302974 0.0092743723062920225 0.006974560641969412 0.021817786607944617 0.00020144636477471926 0.00093766089568289796 0.010056209380001952 0.00019835744525658201 0.0065207532074395671 0.0050424963260996096 -0.0043561698445358111 -0.0036328753608829267 0.0081996772948097242 0.0053697005176741777 0.0083387947313597229 -0.0022639985245880997 -0.0015172192945216694 0.0050074981269120737 -0.003045376673363907 0.00020622001610436032 -0.001615195629465514 -0.00018988087684448246 -0.0008999950102959388 -0.0012387045981960827 0.0045691145871884732 -0.0015819981272726812 -0.00087065415901146123 0.002580607143350237 -0.0010974374691263724 0.0025789881897902043 0.00025730105310475701 0.007898351047967888 -0.0019283118647889738 -0.0024180872765531768 0.0046105774360338109 -0.0028694693703214414 -0.00049687113575324487 -0.0016979335148279802 0.002411669517301521 -0.004120138512772817 0.0060845584678496031 -0.00076300290868990634 9.3738805796927041e-08 -1.9532228803940833e-05 0.0082737004068750373 -0.0017698349766825676 0.014891380951959399 -0.0029808133184923906 0.0061781665460188878 -0.00092175287497519404 0.0074999658644297213 0.0032788128704672806 0.0079481979193501175 -0.00060011873421609825 0.00020989209471126977 0.0057288732852509485 0.0062894787537157871 0.0015428064608870315 -0.00097012603633135326 0.0069646716413909963 -0.0036862247822687885 0.0022283604684910411 -0.0013227019575479135
leaf_weight=75 72 42 62 4583 70 75 865 51 43 179 979 86 41 76 61 78 155 64 210 418 274 174 317 82 83 146 104 187 97 482 295 194 1163 40 723 1249 64 44 94 45 295 51 797 48 1714 44 42 52 3028 50 218 40 167 47 40 50 139 188 68 439 46 10885
leaf_count=75 72 42 62 4583 70 75 865 51 43 179 979 86 41 76 61 78 155 64 210 418 274 174 317 82 83 146 104 187 97 482 295 194 1163 40 723 1249 64 44 94 45 295 51 797 48 1714 44 42 52 3028 50 218 40 167 47 40 50 139 188 68 439 46 10885
internal_value=-0.000558438 -0.0010151 0.000268125 8.22173e-05 0.00125906 0.00256299 0.00211948 0.00486779 0.000826985 -0.00119032 -0.000367961 0.000240383 0.00248186 0.00412745 -0.000423111 0.00225653 0.000941482 0.00266148 0.00344477 -0.000454011 0.001375 0.00273041 -0.000210869 0.0021843 0.00228669 0.00379883 0.00745763 0.000176629 0.00303867 -0.000296539 0.00203679 0.00261119 -0.00140533 -0.000513098 -0.00106185 2.51064e-05 0.00503448 -0.00273928 0.000940859 0.00206653 0.00131757 0.00639175 0.000682313 0.00512605 -0.00101415 0.0025 0.00518797 -0.000100576 -0.000954789 0.00108656 0.00188295 0.00395626 0.00127404 0.00646739 0.00123809 0.00186012 0.00423684 0.00083582 0.00387755 -0.00160434 0.00879121 -0.00146314
internal_weight=32590 20992 11598 10763 2620 1388 1313 405 908 19267 3994 3015 688 509 2327 420 1725 835 343 847 429 433 1232 292 878 511 176 367 180 8143 760 696 15273 2786 2301 1393 144 908 185 485 443 96 915 118 1907 193 132 347 3560 532 392 502 207 91 104 335 189 334 146 12487 90 11324
internal_count=32590 20992 11598 10763 2620 1388 1313 405 908 19267 3994 3015 688 509 2327 420 1725 835 343 847 429 433 1232 292 878 511 176 367 180 8143 760 696 15273 2786 2301 1393 144 908 185 485 443 96 915 118 1907 193 132 347 3560 532 392 502 207 91 104 335 189 334 146 12487 90 11324
cat_boundaries=0 1 2 3 4
cat_threshold=265 2221 2816 2080
is_linear=0
shrinkage=0.05


Tree=42
num_leaves=63
num_cat=4
split_feature=0 13 2 9 22 42 11 25 11 5 41 7 12 23 41 4 22 41 10 16 16 7 9 3 5 5 25 13 4 37 4 2 16 19 24 3 11 12 26 16 21 23 22 9 9 12 21 41 21 42 33 4 11 23 7 5 25 10 41 3 22 22
split_gain=4.64754 2.94282 1.938 2.61918 2.14637 1.78148 1.66456 1.51263 1.82787 1.5061 1.46375 1.36052 1.62569 1.34323 1.32966 1.63296 1.2895 1.24385 1.22473 1.19953 1.18539 1.14099 1.41398 1.72979 1.7195 2.27686 1.63726 1.50163 1.68127 1.49297 1.42275 1.2264 1.58773 1.17703 1.13814 1.12764 1.11057 1.65427 1.95157 1.09422 1.07665 1.27167 1.07337 2.03843 1.67347 1.84301 1.56402 1.51284 1.42234 1.16176 1.21045 1.28755 1.65155 1.15709 1.16881 1.09881 1.0654 1.24321 1.49249 2.37429 1.11253 1.0356
threshold=-0.088238857545020796 0.33333309523809529 -0.041494179756750953 0.19433074714416743 -0.18922229481675593 0.88284313725490204 84.500000000000014 0 13.500000000000002 7.1025314414941407 7.5434624697336572 7.9175413219842694 55.500000000000007 -0.58395291184422538 26.270513855259619 -0.080927825994671285 -0.055058362090690302 3.6715476190476193 -0.28108590530497629 -0.085477864873287221 0.022060016297994259 8.1530367428793671 0.10158086405796482 0.21772374824034516 6.9303285898983775 6.9061908688140248 1 0.6896553864444136 0.49419875131978769 57.500000000000007 0.11191791620398518 0.3829922522561065 0.23483959107740096 0.15526673335602836 2 -1.1449142493496989 47.500000000000007 65.500000000000014 42.500000000000007 -0.080042707673536412 2184.6600000000003 -0.315352725374135 -0.055058362090690302 0.35050979076256505 0.12315114167609632 78.500000000000014 3306.2500000000005 1.8806779661016952 1699.5000000000002 0.8546920821114371 27.407142857142862 -0.51082562376598994 50.500000000000007 -0.24116315898283955 7.8325434051533858 6.9431622937592996 3 0.024935001502225166 12.405458089668619 0.1917001059710173 -1.1706271170765996 0.17518201702106698
decision_type=2 2 2 10 10 2 2 1 2 2 2 2 2 8 2 2 8 2 2 2 2 2 10 2 2 2 1 2 2 10 2 2 2 2 1 2 2 2 2 2 10 8 8 10 10 2 10 2 10 2 2 2 2 10 2 2 1 2 2 2 8 10
left_child=17 16 3 6 7 11 13 8 10 14 -5 12 -6 36 -10 -16 -2 40 39 -12 35 22 23 24 25 30 27 -25 -29 -26 -4 32 33 42 -9 -19 37 -3 -39 -11 41 -1 43 44 45 -24 48 -44 -45 -49 -51 52 -52 54 55 -46 -37 60 59 -59 -58 -8
right_child=1 2 21 4 5 -7 61 34 9 18 19 -13 -14 -15 15 -17 -18 20 -20 -21 -22 -23 31 26 29 -27 -28 28 -30 -31 -32 -33 -34 -35 -36 56 -38 38 -40 -41 -42 -43 47 46 53 -47 -48 49 -50 50 51 -53 -54 -55 -56 -57 57 58 -60 -61 -62 -63
leaf_value=0.011964110278922122 -0.00033689117620368752 -0.00029308953228981922 -0.0017676801979399572 0.0059915100845454273 9.4809339987944475e-05 -0.0010770510978388062 0.0010805595024470033 0.0058112697136387141 0.0092648381495494415 0.012325884624752946 0.0093423458446093063 -0.0008542721871469853 0.0048819690993402087 -0.0011316663037715263 -0.0004464776869064701 0.0095852534565520585 -0.0025281145141447252 0.019832514792701161 -0.00057227165997916622 0.001917559686797566 4.9191165124398913e-05 -0.0019249905599133033 0.0011839732842862606 0.00017710654094683952 -0.0021030807334687491 0.0018985382917764777 -0.0014875867573225427 0.0052610170092786904 1.6514755957890475e-05 0.0012533010500799546 0.0039592651269809102 -0.0023358460062747185 -0.001565009486997417 -0.0024275759784171229 0.00027234107636430583 0.00014904399279051447 -0.00095204736024637941 0.00087033992997404041 0.01082156601592394 0.0017706355259107381 -0.0011728672993056982 -0.00016126454502566733 0.0054832370316758514 0.0062448663317231055 -0.0013588166679684957 0.0032046208299749504 0.0085804786893443844 0.0018891940111160723 -0.0010080827648086671 0.0015651876243489339 0.011121912674839182 -0.0010340183670837803 -0.002532793757690856 -0.0005093713583547609 -0.0025962489946807707 0.0047033708721074549 0.011074354674432123 0.0069926423236731875 0.0018622966948981666 0.00056534236092649337 0.00089413588810649102 -0.0032345289992409456
leaf_weight=74 678 92 222 50 45 904 431 186 44 40 43 72 44 3303 88 40 2001 45 318 80 3112 4235 191 111 2169 44 199 63 42 66 48 1300 1858 176 821 1239 162 67 40 49 865 393 46 52 56 48 45 236 77 426 54 2138 58 785 132 176 46 100 377 74 1711 72
leaf_count=74 678 92 222 50 45 904 431 186 44 40 43 72 44 3303 88 40 2001 45 318 80 3112 4235 191 111 2169 44 199 63 42 66 48 1300 1858 176 821 1239 162 67 40 49 865 393 46 52 56 48 45 236 77 426 54 2138 58 785 132 176 46 100 377 74 1711 72
internal_value=-0.000482144 -0.000821672 -0.000631437 5.64919e-05 0.00123186 -0.000539401 -0.000740164 0.00230398 0.00398427 0.00268103 0.00853448 0.00429012 0.00838889 -0.00111051 0.00658959 0.00395349 -0.0023862 0.000562398 0.00101716 0.00552419 0.000839671 -0.000950911 -0.000678437 -0.00160877 -0.00209608 0.00136508 0.00138221 0.00427313 0.00872641 -0.00258274 -0.000369005 -0.000327181 -4.88189e-05 0.000440706 0.000997052 0.00145839 0.00178177 0.004275 0.00847222 0.00616667 -0.000832709 0.00110043 0.000597212 0.00165707 0.00101512 0.0048125 0.00674286 3.71735e-05 0.00388461 -0.000106421 -0.000403438 -0.000866283 0.00433628 0.000221738 0.00254794 0.00467811 0.0013571 0.00198792 0.00406703 0.00788571 0.00134528 0.00195436
internal_weight=32759 24723 22044 6991 2824 1065 4167 1759 752 579 173 161 89 3664 172 128 2679 8036 407 123 6704 15053 10818 2964 2549 314 415 216 105 2235 270 7854 6554 4696 1007 3592 361 199 107 89 1332 467 4520 1562 1388 239 174 2958 129 2912 2676 2250 112 1149 364 232 3547 2308 551 174 1757 503
internal_count=32759 24723 22044 6991 2824 1065 4167 1759 752 579 173 161 89 3664 172 128 2679 8036 407 123 6704 15053 10818 2964 2549 314 415 216 105 2235 270 7854 6554 4696 1007 3592 361 199 107 89 1332 467 4520 1562 1388 239 174 2958 129 2912 2676 2250 112 1149 364 232 3547 2308 551 174 1757 503
cat_boundaries=0 1 2 3 4
cat_threshold=341 2849 1 708
is_linear=0
shrinkage=0.05


Tree=43
num_leaves=63
num_cat=3
split_feature=0 10 39 39 30 23 12 8 11 8 21 34 6 6 9 10 33 42 7 22 10 12 21 2 7 39 10 8 3 23 6 15 8 2 18 31 42 5 18 21 33 2 31 19 12 2 30 9 23 11 27 16 18 29 12 9 7 8 8 21 18 9
split_gain=4.74388 2.8504 2.44949 2.39818 2.40022 1.54102 1.44246 1.29362 1.28599 1.46535 1.21959 1.5728 1.48999 1.29828 1.48568 1.42115 1.28104 1.29909 1.19078 1.18999 1.20707 1.46508 1.26078 1.16166 1.31914 1.67594 2.14409 1.5084 1.56215 1.30826 1.19374 1.54145 1.25747 1.6936 1.53381 1.90751 1.1512 1.43641 1.35855 1.14184 1.41455 1.83426 1.50731 1.20443 1.13802 1.06299 1.04773 1.03205 1.13202 1.12205 1.44356 2.05032 1.12821 1.01679 1.52176 1.47247 1.12689 1.27407 1.44556 1.08813 1.04007 1.01353
threshold=-0.095308986622574018 -0.040214238119403493 0 1 0.65000000000000024 -0.59715189782863576 8.5000000000000018 0.45848387515512423 82.500000000000014 0.12943535194282321 1062.3200000000004 1.0000000180025095e-35 8.9791070778718325 8.4322703971980157 0.2829375865653363 -0.1274390432377461 26.700000000000006 0.92084377610693413 9.392716996637434 -0.039891272868526111 -0.21867292318199502 46.500000000000007 3252.5000000000005 0.39620466679419414 8.1880685497141581 2 0.61111051610733658 0.50988453012584734 0.036367644170874687 3.0324736619338934 6.4373021797487011 0.034045773081027526 0.080408694361735103 0.047593356567479546 0.51631025538187825 78.350000000000023 0.77871939736346529 7.9350245552622747 0.33889365059636628 2184.6600000000003 37.250000000000007 -0.30592314024029127 7.5500000000000007 0.039956913564101471 84.500000000000014 -1.0890349441154468 1.2500000000000004 0.13386850152353932 0.15415067982725841 33.500000000000007 36.500000000000007 0.17435338714477813 1.0000000180025095e-35 1.0000000180025095e-35 1.5000000000000002 0.29089621154696838 8.2952298520568828 0.36711093790326293 0.23117042578102523 3056.2500000000005 0.24330876708881452 0.082630014951382641
decision_type=2 2 1 1 2 8 2 10 2 10 10 2 2 2 10 2 2 2 2 10 2 2 10 2 2 1 2 10 2 10 2 2 10 2 10 2 2 2 8 10 2 2 2 2 2 2 2 10 10 2 2 2 10 2 2 10 2 8 10 10 10 10
left_child=39 3 5 6 7 -3 8 -5 -2 -10 11 12 13 14 15 -8 -15 -18 47 20 21 22 -6 24 25 26 29 -26 -29 30 31 -4 33 34 35 -32 37 38 -7 40 45 43 -43 -42 -17 -1 -38 -12 49 -49 51 52 -51 55 60 -41 57 58 -57 -59 -55 -21
right_child=1 2 23 4 19 36 10 -9 9 -11 18 -13 -14 16 -16 44 17 -19 -20 61 -22 -23 -24 -25 27 -27 -28 28 -30 -31 32 -33 -34 -35 -36 -37 46 -39 -40 53 41 42 -44 -45 -46 -47 -48 48 -50 50 -52 -53 -54 54 -56 56 -58 59 -60 -61 -62 -63
leaf_value=0.021720550400436193 -0.0011048029203787723 0.00055510323570595089 -0.00093747371557482701 -0.0018410001762746509 0.0072651999741642735 1.9959993094624151e-05 -0.00097548942108863354 0.0089253225494257855 0.0099629828529746757 -0.0021815439220698373 -0.0013536162017142822 0.0032789463481984835 -0.0010421733569992036 0.00094441528598791346 0.0056438520323316083 0.00062272905713088057 0.0047457949586585044 0.0079895607971485812 0.0056362069191432853 0.0010111750474865796 5.9204674605015253e-05 -0.00024077905278937557 -0.0034307727242410368 -0.0029562834485423817 -0.0016982990664419521 -0.00078621139544522625 0.0085896549813318564 -0.0033373058105454312 0.0055969472683946786 0.002664409313297525 0.0079050318671390306 0.0073120363067790631 -0.00024822863141828292 -0.00014239233847248553 0.00030853751360156666 0.0024394051573416991 -0.0015569469095399083 -0.0025635069585500611 0.007170787483011711 -0.0001923235742503805 0.012183849197070426 0.00059454888739667391 0.0035856872449165607 0.0022834652962323066 0.0097411679998258213 0.00051630520263866041 -0.0028508234954654193 -0.00035392204551287001 -0.00055461631875158726 0.014010854092168554 0.00049195074019395811 0.030981820783308064 -0.0011387627998994166 -0.0013732044035364975 -0.0013049502297802938 0.0055030554535598492 0.00040402211137247047 -0.0040081717465293085 0.014294229174432833 0.0082344908112094613 0.0079079891859390183 -0.0013162244736208927
leaf_weight=50 475 305 49 2266 226 116 183 72 54 60 350 42 127 75 164 112 56 47 43 110 1151 199 40 1542 3901 4516 66 59 56 65 68 51 2816 291 98 65 1582 180 58 1480 64 357 74 40 44 3971 1841 174 241 52 123 44 44 47 1205 47 195 54 50 65 51 654
leaf_count=50 475 305 49 2266 226 116 183 72 54 60 350 42 127 75 164 112 56 47 43 110 1151 199 40 1542 3901 4516 66 59 56 65 68 51 2816 291 98 65 1582 180 58 1480 64 357 74 40 44 3971 1841 174 241 52 123 44 44 47 1205 47 195 54 50 65 51 654
internal_value=-0.000596717 -0.000932317 -0.00127355 -9.54501e-05 -0.000759147 -0.00234791 0.00115034 -0.00189825 -0.00100848 0.00373913 0.00181842 0.00323149 0.00273177 0.00365836 0.00235119 0.000455881 0.00731843 0.0109135 0.000694961 0.000356992 0.00112554 0.00327253 0.00569288 -0.00094954 -0.000785409 -0.000417389 0.000392457 -0.00152602 0.00409483 0.000224028 9.01413e-05 0.00544554 -7.1879e-05 0.00217973 0.00536638 0.00884328 -0.0026297 8.45059e-05 0.00331428 0.000483807 0.000991879 0.00340485 0.00195602 0.00933333 0.00394904 0.000670063 -0.00291034 0.000349853 0.00148748 0.00300228 0.00505682 0.00851064 0.0043299 -0.000241003 -0.00131519 0.00049947 0.0031432 0.00562212 0.00984694 0.002125 0.00464646 -0.00126798
internal_weight=32703 24953 17725 7228 4718 4082 2510 2338 589 114 1921 850 808 681 503 339 178 103 1071 2380 1616 465 266 13643 12101 8085 3569 4016 115 3503 3438 100 3338 522 231 133 3777 354 174 7750 4556 535 431 104 156 4021 3423 1028 678 437 263 140 96 3194 1303 1891 411 216 97 119 98 764
internal_count=32703 24953 17725 7228 4718 4082 2510 2338 589 114 1921 850 808 681 503 339 178 103 1071 2380 1616 465 266 13643 12101 8085 3569 4016 115 3503 3438 100 3338 522 231 133 3777 354 174 7750 4556 535 431 104 156 4021 3423 1028 678 437 263 140 96 3194 1303 1891 411 216 97 119 98 764
cat_boundaries=0 1 2 3
cat_threshold=148 441 6664
is_linear=0
shrinkage=0.05


Tree=44
num_leaves=63
num_cat=8
split_feature=1 39 25 17 1 7 0 25 27 30 42 9 25 3 15 41 11 6 3 9 41 0 31 7 41 27 1 27 33 33 31 33 27 28 7 34 16 3 42 7 12 37 26 35 7 39 7 25 16 15 4 3 4 7 25 13 33 42 31 15 41 25
split_gain=3.86266 2.13531 2.27818 2.06954 2.05038 1.90339 1.6619 1.63312 1.69842 1.70294 2.81487 1.26512 1.36099 1.783 1.49569 1.25778 2.34109 2.07025 1.70663 1.20965 1.1809 1.15467 1.14073 1.30797 1.84147 2.77333 2.74192 1.8246 1.64083 1.53716 1.12622 1.11206 1.56586 1.0516 1.05018 1.37017 1.04343 1.02704 0.9613 1.38126 0.999176 0.961202 1.74826 1.09257 1.07728 1.20454 1.49674 2.29611 1.27221 1.34832 1.21926 1.10324 1.06081 1.03376 1.29439 1.42089 0.985712 1.2577 0.924785 0.980933 0.922118 2.34459
threshold=-0.048790164169431265 0 1 -0.0064016604277394853 -0.82898601372034653 7.541536524627368 0.55961578793542299 2 57.500000000000007 63.050000000000011 0.96850198412698429 0.11819426953067484 3 -0.51082562376598994 -1.0000000180025095e-35 5706.0234451450206 11.500000000000002 7.4520072160482371 -0.061875339888431739 0.34085247527461404 1.035098522167488 0.057158413839948803 0.65000000000000024 8.2618339007559722 4.0341622672964723 47.500000000000007 0.031748698314580277 17.500000000000004 35.178571428571438 29.435714285714294 164.45000000000002 26.221428571428579 36.500000000000007 1.0000000180025095e-35 8.1880685497141581 1.0000000180025095e-35 -0.69314718055994495 -0.34355228187664938 0.95875850340136071 6.936224538603958 85.500000000000014 19.500000000000004 21.500000000000004 4.3964238666626241e-10 7.0928204903868446 4 7.8966948352731565 5 -0.60948863896768557 -0.81197321439432735 0.20544540278419679 -0.22314355131421013 -0.12136085700426723 8.5782887295868431 6 0.870020253164557 32.550000000000018 0.90521114106019784 168.25000000000003 -1.0000000180025095e-35 288.32536057692317 7
decision_type=2 1 1 2 2 2 2 1 2 2 2 10 1 2 2 2 2 2 2 10 2 2 2 2 2 2 2 2 2 2 2 2 2 2 2 2 2 2 2 2 2 10 2 2 2 1 2 1 2 2 2 2 2 2 1 2 2 2 2 2 2 1
left_child=3 2 33 4 37 6 31 8 22 -10 -11 -5 13 14 -13 18 17 -17 38 -16 -9 -12 -7 24 36 34 29 28 -25 -27 -28 32 -3 -2 35 -26 -24 -1 39 -4 -41 43 -43 44 -6 -46 47 48 -47 -50 52 -51 53 -48 55 -55 -54 -58 -49 -60 -33 -62
right_child=1 5 15 11 41 7 -8 20 9 10 21 12 -14 -15 19 16 -18 -19 -20 -21 -22 -23 23 27 25 26 30 -29 -30 -31 -32 60 -34 -35 -36 -37 -38 -39 -40 40 -42 42 -44 -45 45 46 50 58 49 51 -52 -53 56 54 -56 -57 57 -59 59 -61 61 -63
leaf_value=0.01937086475192859 0.0013165529771963628 0.010321202064999395 0.0038114830041217867 -0.001243233179574659 0.0018429018428601706 -0.0021053293746505623 -0.0076236374999371836 0.0036598640847550741 -0.0026628359461810655 -0.002051791908250924 0.0069230099198273436 -0.0036746438423119624 -0.00032019408681384359 0.00046817216760534414 0.005207027320281124 0.0034831189283972587 -0.0021356224992631662 -0.00016187781970687654 -0.0027507747377111518 0.015269805137122106 -0.0015447724959323434 0.001063696048506151 0.0036121263644821443 0.00071515753206463336 9.1179711095020082e-05 0.0022643807933623934 0.00073995417035215949 -0.001817779254603446 0.0056211025088389382 0.011186247990616174 0.0050745655675742234 -0.0001767490068298993 0.00035279482198866596 -0.00055524936485885381 0.0052904254436141685 0.0073211218863803206 -0.0019375123691465362 0.0016559472515239534 -0.0018981020628945817 -0.00076831442020426795 0.0013218305138517903 -9.9822425104464672e-05 0.0028552097705258957 -0.0050788178915456509 -0.0006452884618436428 0.00084811688178127733 -0.00096147383540965943 -0.00026399595857282143 0.00055470962850749303 0.0075555375715962228 -0.0015154131747901088 0.0053316369558801145 0.00086021417561416675 -8.9980213973650189e-05 -0.00017550906173105963 0.0080295887391773329 0.010001099486143897 0.0028589008355176366 0.0017992434265288485 0.0043075294998471724 -0.0018820528370297866 0.0034375631994573077
leaf_weight=75 233 79 46 1657 768 264 251 64 1235 139 41 43 3587 1386 64 41 174 54 2899 42 5839 41 62 289 856 41 139 1007 50 44 50 2861 134 1715 59 90 378 52 285 347 53 86 57 86 777 88 644 443 44 47 366 113 481 48 238 59 62 141 123 46 470 705
leaf_count=75 233 79 46 1657 768 264 251 64 1235 139 41 43 3587 1386 64 41 174 54 2899 42 5839 41 62 289 856 41 139 1007 50 44 50 2861 134 1715 59 90 378 52 285 347 53 86 57 86 777 88 644 443 44 47 366 113 481 48 238 59 62 141 123 46 470 705
internal_value=-0.000616677 -0.00102087 -0.00183254 0.000114847 0.000904024 -0.000706627 0.00015552 -0.00107026 -0.000380527 -0.00180508 0.00222973 -0.000449116 -6.05126e-05 0.00118046 0.00636667 -0.00253069 0.000759258 0.00703125 -0.0027816 0.00953271 -0.0016258 0.00951807 0.000241741 0.000513697 0.00142732 0.00238672 0.00683636 -0.000653305 0.0025147 0.0142442 0.00344737 0.000389411 0.00390187 -0.000428791 0.00116799 0.000760294 -0.00136055 0.00714844 -0.000621586 0.000827739 -0.000124689 0.00073442 0.00475694 0.000607649 0.00071508 0.000362805 0.000824305 0.00251934 0.00607261 0.00843902 7.59792e-05 0.010559 0.000648147 -0.000398991 0.00180636 0.00605932 0.00216058 0.00507353 0.000706259 0.00385294 0.00020312 0.0013818
internal_weight=32658 21035 5847 11623 4844 15188 4500 10688 4785 1456 221 6779 5122 1535 149 3899 269 95 3630 106 5903 82 3329 3065 1719 1279 274 1346 339 85 189 4249 213 1948 1005 946 440 127 731 446 400 4717 143 4574 4488 3720 2943 904 292 204 2039 160 1673 989 345 107 684 203 612 169 4036 1175
internal_count=32658 21035 5847 11623 4844 15188 4500 10688 4785 1456 221 6779 5122 1535 149 3899 269 95 3630 106 5903 82 3329 3065 1719 1279 274 1346 339 85 189 4249 213 1948 1005 946 440 127 731 446 400 4717 143 4574 4488 3720 2943 904 292 204 2039 160 1673 989 345 107 684 203 612 169 4036 1175
cat_boundaries=0 1 2 3 4 5 6 7 8
cat_threshold=198 534 3184 2608 2308 3330 156 3143
is_linear=0
shrinkage=0.05


Tree=45
num_leaves=63
num_cat=3
split_feature=1 13 1 12 7 17 14 0 20 26 42 39 41 3 18 21 2 34 23 39 26 31 3 7 22 29 2 5 22 20 20 39 23 3 13 13 13 42 10 22 42 30 19 19 20 20 12 17 13 33 5 31 13 12 14 10 10 41 7 1 17 14
split_gain=3.63135 1.8752 1.77388 2.76299 1.67769 1.36503 1.81438 1.78964 1.75069 2.44883 1.70674 1.64882 1.54874 1.40972 1.34185 1.64349 1.26615 1.20406 1.16746 1.44931 1.29855 1.43518 1.14043 1.09081 1.46911 1.49485 2.20505 1.15075 1.06987 1.03379 1.44059 1.44149 1.39388 1.43205 1.36789 1.19725 1.9952 1.25589 1.095 1.07063 1.04077 1.15523 1.08247 1.03758 1.03298 1.00183 1.30193 0.984729 0.975654 1.22457 0.967567 0.966621 1.02908 0.964573 0.940174 0.933769 0.937613 1.16845 2.62735 0.929808 0.983682 1.65372
threshold=-0.051292652940192689 0.27014863648527021 -0.82898601372034653 3.5000000000000004 6.7817245069548102 -1.0000000180025095e-35 -0.12710176520804992 -0.033899137886026047 -0.076011805910459487 49.500000000000007 0.65933268858800786 0 9657.3955952380966 -0.405465108108165 0.1561217356389337 4503.545000000001 -0.11426756723342633 1.0000000180025095e-35 -0.039189366173552724 1 46.500000000000007 29.250000000000004 -0.69314718055994484 8.2618339007559722 -0.33840338039978812 1.0000000180025095e-35 0.059910733427556824 7.5850699730761386 -0.66609198338540654 0.049548934084961617 -0.046191814056790244 2 0.95293968090268533 -0.061875339888431739 0.24260091960063065 1.0678788876090179 1.1764706920416448 0.8442887931034484 -0.14069640294278682 -0.16776198856517652 0.95040983606557383 92.450000000000003 -0.15568748359182674 0.10329729527053595 0.21207229043143225 -0.0042400980427672484 24.500000000000004 -2.0073440144685746 0.59469380443555742 39.407142857142865 8.3374473167787269 158.90000000000006 0.95638191510389337 49.500000000000007 0.22164695543417604 0.04335602733923772 -0.097990512456862064 48.119672131147546 7.6625061483629082 -0.037041271680349201 -0.26567095420388381 -0.027912607549585463
decision_type=2 2 2 2 2 2 2 2 10 2 2 1 2 2 10 10 2 2 8 1 2 2 2 2 10 2 2 2 8 10 8 1 10 2 2 2 2 2 2 10 2 2 2 2 10 10 2 2 2 2 2 2 2 2 2 2 2 2 2 2 2 2
left_child=2 -2 3 -1 22 6 7 17 9 28 -9 14 13 -13 23 16 -16 -3 19 53 44 -22 -4 24 25 26 -8 -27 -7 30 31 35 34 -34 38 37 -37 -6 -31 -38 41 43 -42 -36 -21 54 -47 50 -24 -50 51 52 -32 -10 -18 56 -39 58 -58 -15 61 -61
right_child=1 5 4 -5 29 8 11 10 18 -11 -12 12 -14 59 15 -17 45 -19 -20 20 21 -23 48 -25 -26 27 -28 -29 -30 32 47 -33 33 -35 40 36 39 55 -40 -41 42 -43 -44 -45 -46 46 -48 -49 49 -51 -52 -53 -54 -55 -56 -57 57 -59 -60 60 -62 -63
leaf_value=0.030772287651275793 -0.0019658862313628586 0.00026732118118857261 0.0090985390445282432 0.0020179488063093464 0.0051905003080674793 0.047675132152158739 0.0069404980994882716 0.0066137875286772403 -0.00043583784358444395 0.015567643294199525 -0.0017022539640485894 0.006802509698294221 0.0033832605879069917 0.0015964009169904263 0.0043939010251283174 -0.0055497624311364145 -0.0020426145677820951 0.0042383876050526891 -0.0014814667495657589 -0.0018781270970434421 -0.00054134559457308916 0.008717073628204057 -0.00033182457953691448 -0.0073217329284919544 -0.00039314508926555298 0.0051139950121309929 0.0017073591846801105 -0.00094570236745321291 -9.557432673076632e-05 0.0095437604962810875 0.0059222485041111736 -0.0007322286136925869 -1.554902864615164e-05 0.010098022644176783 0.001484414835473696 0.011718133041737154 0.0010083730499401537 -0.00031136555036707881 0.00043903039491502552 0.0059290372294679029 0.00081997582141755336 0.0019100496011926898 -0.00073374437983084846 -0.0013590651743237904 0.0032888981525735321 -0.0010217293597727624 0.0049364781889018961 -0.00046710279854541908 0.0023205113007868775 0.0049136398581028475 -0.0016623056954294746 -0.0012400672341872615 0.0016862918901020395 0.0012278892280930538 0.0055763298605531371 -0.0041828567938465636 0.0057836806064016054 -0.00081715820162809965 0.001676104369901704 0.0045768735234357092 -0.001043351630368612 -0.00029714868748228503
leaf_weight=66 1513 853 62 174 154 53 71 52 785 42 3632 69 42 77 51 45 112 69 7249 1422 71 40 171 92 471 72 81 138 783 57 43 500 72 70 1002 47 176 441 53 59 63 79 913 168 42 47 140 5925 633 45 42 42 51 761 45 193 40 95 105 94 1451 875
leaf_count=66 1513 853 62 174 154 53 71 52 785 42 3632 69 42 77 51 45 112 69 7249 1422 71 40 171 92 471 72 81 138 783 57 43 500 72 70 1002 47 176 441 53 59 63 79 913 168 42 47 140 5925 633 45 42 42 51 761 45 193 40 95 105 94 1451 875
internal_value=-0.000602306 -0.000988708 0.000112198 0.00435685 2.16764e-05 -0.00085914 -0.000384034 -0.00105926 -0.00122144 0.000921501 -0.00155224 0.000398841 -0.000339826 -0.000498638 0.00179869 0.00408163 0.00511364 0.000910075 -0.00140295 -0.000594172 -0.00165511 0.00352678 0.00207785 0.00072894 0.00130096 0.00369146 0.00745098 0.000947866 0.000322579 -0.000158792 -0.000437833 0.000800661 0.000732444 0.00552447 0.000438783 0.0016654 0.0045583 0.000884353 0.00585585 0.0026483 0.000168462 0.001124 -0.00105425 0.000725874 -0.00206143 0.004 0.00646276 -0.000805211 0.00159412 0.00244477 0.00284916 0.00489051 0.00768421 0.00049454 0.0010443 0.00014857 0.00101906 0.00352697 0.00633562 -0.000694557 -0.000867411 0.000365978
internal_weight=32881 21340 11541 240 11301 19827 8579 4606 11248 878 3684 3973 2608 2566 1365 440 395 922 10370 3121 1575 111 911 925 833 362 152 210 836 10390 7913 1810 2477 142 2335 1310 282 1028 110 235 2225 1249 976 1170 1464 344 187 6103 849 678 178 136 94 1546 157 874 681 240 145 2497 2420 969
internal_count=32881 21340 11541 240 11301 19827 8579 4606 11248 878 3684 3973 2608 2566 1365 440 395 922 10370 3121 1575 111 911 925 833 362 152 210 836 10390 7913 1810 2477 142 2335 1310 282 1028 110 235 2225 1249 976 1170 1464 344 187 6103 849 678 178 136 94 1546 157 874 681 240 145 2497 2420 969
cat_boundaries=0 1 2 3
cat_threshold=7168 3000 5421
is_linear=0
shrinkage=0.05


Tree=46
num_leaves=63
num_cat=4
split_feature=0 22 39 21 37 4 3 17 2 39 8 30 20 26 18 17 26 42 33 8 8 33 17 39 27 12 10 22 37 31 42 20 17 37 21 2 33 15 31 3 17 14 17 27 33 10 36 36 4 5 41 39 37 6 42 15 8 41 14 22 18 11
split_gain=3.73558 2.34003 2.69975 2.55513 2.88581 4.03122 1.7347 1.42781 1.58238 1.73391 1.38142 1.90731 1.32292 1.47815 1.31781 1.70308 1.36055 1.27262 1.96927 1.83234 2.77067 1.80669 1.26894 1.31092 1.46346 2.93669 1.94985 1.25396 1.20003 2.70472 1.32372 1.19279 1.18663 1.49712 1.18073 1.9354 1.88253 1.40775 1.54367 1.1262 1.62698 1.54321 1.2907 1.07876 1.1237 1.06062 1.04632 1.39501 1.03676 1.02954 1.29697 1.05306 1.05073 1.02401 0.975398 1.07809 1.66477 0.970042 0.956388 1.60988 3.90925 0.943296
threshold=-0.16927387788572543 -0.082082380517280229 0 3993.7500000000005 61.500000000000007 0.20544540278419679 -0.64633845725034644 -0.0064016604277394853 0.3829922522561065 1 0.11758193343151795 98.200000000000031 0.13074614504690749 47.500000000000007 -0.56500541417529315 0.39769700658356139 29.500000000000004 0.91820006691201084 35.635714285714293 0.25333500564983485 0.078750240657144713 27.964285714285719 -1.77699978779046 2 38.500000000000007 47.500000000000007 0.036427496036560932 0.47658476784466608 36.500000000000007 82.050000000000026 0.64888572783309639 0.0048184949490962569 -0.24344978800884229 33.500000000000007 10006.250000000002 0.15415103696998858 38.164285714285725 0.87859225051048606 304.50000000000006 0.031607800341968424 -0.12010768381967928 0.024825669657308595 -1.4335314030871291 34.500000000000007 39.064285714285724 -0.0022340140519752079 0.0014743044007983713 2.110282770080343e-05 0.60005614773746363 7.0054844383512425 20.306250000000002 3 40.500000000000007 7.6488446694692991 0.91266209000762788 -1.1851246357542116 0.63991525756007761 3.032492668621702 -0.41773520069997822 -0.38991000235105394 -0.79797025258631005 71.500000000000014
decision_type=2 10 1 8 10 2 2 2 2 1 8 2 10 2 8 2 2 2 2 8 10 2 2 1 2 2 2 10 10 2 2 10 2 10 8 2 2 2 2 2 2 2 2 2 2 2 2 2 2 2 2 1 8 2 2 2 10 2 2 10 10 2
left_child=27 3 -3 4 17 -6 14 8 9 34 11 22 -12 -14 -5 16 -16 18 21 20 -20 -2 -4 24 25 -24 -27 43 30 -30 -11 -13 33 58 53 36 37 38 39 -36 42 -42 -41 44 54 -38 47 -34 -45 50 -9 -51 -52 -8 57 -56 -57 -1 -19 60 -60 -23
right_child=1 2 10 6 5 -7 7 49 -10 28 12 31 13 -15 15 -17 -18 32 19 -21 -22 61 23 -25 -26 26 -28 -29 29 -31 -32 -33 46 -35 35 -37 45 -39 -40 40 41 -43 -44 48 -46 -47 -48 -49 -50 51 52 -53 -54 -55 55 56 -58 -59 59 -61 -62 -63
leaf_value=-0.00052019180750047798 0.0055710615168867187 -0.0017803614264535372 0.0093048300684357137 -0.0039542235931434811 0.0060898397005370811 -0.0022942167117813946 0.0055849745437794255 0.0013996706657798256 -0.0045681015548772316 0.011106378562719789 -0.0017645704210000662 0.0042480708177612663 -0.00015023502831120009 0.0081447728426149411 0.0077264164576586998 -0.0013776046091738079 0.013164783067064451 -0.00011009600178665718 8.5110746515836008e-05 -0.0050574853909380975 0.033386823177943704 0.00085632266615156053 -4.3442125696147408e-05 -0.00050830091279747275 -0.00090237892460895647 0.0064331399206244136 0.0026290675793980822 -0.0021604472340291075 -0.0046365889034504903 0.0029361733821798258 -0.0014312052986522133 7.1556312922701481e-05 -0.00019133202730732896 0.0046802731739657806 -0.0001183656913390213 -0.001880574253266991 0.011590238588446943 0.0056445169456892765 0.0048031255189239543 0.0052842381317411789 0.0049588124618280219 -0.00093673119579786132 0.00049237312484835989 -4.7888750143482866e-05 0.0077483044356262843 0.0025273819229739789 -0.002314133874852443 0.0012285175918383003 0.0050070219943490028 -0.00070813519082610636 0.0015926217331323938 -0.00172782360293509 -0.00041107122538399396 -0.00042910235602737598 -0.002474170764725378 0.00092943122743424894 0.012542474628908704 0.0047302824990860214 0.021672943743373904 0.00036971972854830178 0.00026137902116392213 -0.0033150231893112913
leaf_weight=122 70 2624 46 59 53 41 40 43 441 61 4351 82 857 62 59 45 40 462 48 71 86 465 96 2607 134 41 41 164 51 48 1513 58 2427 40 781 477 42 49 78 40 96 43 387 2045 79 58 337 72 72 3836 44 2290 718 1271 145 1334 63 542 51 260 75 179
leaf_count=122 70 2624 46 59 53 41 40 43 441 61 4351 82 857 62 59 45 40 462 48 71 86 465 96 2607 134 41 41 164 51 48 1513 58 2427 40 781 477 42 49 78 40 96 43 387 2045 79 58 337 72 72 3836 44 2290 718 1271 145 1334 63 542 51 260 75 179
internal_value=-0.000501627 -0.000715421 -0.00128591 -0.000353644 0.000636343 0.00926316 -0.000725558 -0.000800694 -0.000197189 5.46056e-05 -0.000843669 -8.05013e-06 -0.00133751 0.000385868 0.00384804 0.00641379 0.01005 0.000459732 0.002125 0.00643204 0.00985185 0.000881118 -0.000278154 -0.000409248 0.00260062 0.00564246 0.0125301 0.000825486 -0.00125594 0.00405 -0.0016 0.00567376 4.8321e-05 0.00164229 0.000708567 0.00145955 0.00230476 0.00185085 0.00156031 0.00116098 0.00285714 0.00753571 0.00132009 0.00098569 0.00173884 0.00891089 -0.000451182 -9.80012e-05 0.000172331 -0.00127741 0.000403225 -0.00149829 -7.86381e-05 -0.000461129 0.00152696 0.000836033 0.00126252 0.00312782 0.00118963 0.00302325 0.00763779 4.65104e-05
internal_weight=32912 28346 10999 17347 4737 94 12610 12407 5476 5035 8375 3105 5270 919 203 144 99 4643 919 205 134 714 2965 2919 312 178 82 4566 1673 99 1574 140 3724 888 3362 2051 1574 1474 1425 1347 566 139 427 4402 2285 100 2836 2499 2117 6931 805 6126 762 1311 2206 1542 1397 664 848 386 126 644
internal_count=32912 28346 10999 17347 4737 94 12610 12407 5476 5035 8375 3105 5270 919 203 144 99 4643 919 205 134 714 2965 2919 312 178 82 4566 1673 99 1574 140 3724 888 3362 2051 1574 1474 1425 1347 566 139 427 4402 2285 100 2836 2499 2117 6931 805 6126 762 1311 2206 1542 1397 664 848 386 126 644
cat_boundaries=0 1 2 3 4
cat_threshold=6 7945 208 3689
is_linear=0
shrinkage=0.05


Tree=47
num_leaves=63
num_cat=6
split_feature=0 9 22 43 21 25 7 42 13 12 23 4 3 13 25 42 27 13 1 9 25 33 27 19 23 0 11 9 30 22 22 20 22 30 27 8 3 33 20 22 12 12 17 19 4 17 21 17 3 30 18 6 10 25 10 3 25 12 41 10 23 25
split_gain=3.41585 2.19021 2.22856 1.79029 1.39079 1.26827 1.33752 1.24775 1.13824 1.12618 1.13282 1.61185 2.8518 1.62182 1.03702 1.01786 2.10356 1.1922 0.971847 1.45577 0.922806 2.03609 0.921897 1.76634 1.26661 1.47855 1.59108 1.27014 0.988146 0.932402 2.1898 0.908976 0.892898 0.962046 1.5098 1.13311 2.0838 1.01549 0.927947 1.05638 1.16536 0.872873 1.03304 1.12908 1.49355 0.852354 1.22017 1.71612 1.32961 1.29856 1.02252 1.00476 1.55171 1.49393 2.02731 2.57351 1.39158 1.78222 2.1605 1.16903 0.997637 0.905401
threshold=-0.088238857545020796 0.087702735270623236 0.010380457158981631 1.0000000180025095e-35 2802.5000000000005 0 7.2509239494534841 0.77871939736346529 0.50455755025653282 19.500000000000004 -0.43777693661845068 0.15415132917748633 -0.068992871486951199 0.73333410852713188 1 0.68237250554323736 50.500000000000007 0.27777888888888896 -0.31838557872968826 0.24039818492716966 2 30.93571428571429 8.5000000000000018 0.068743570925725445 0.13976194237515907 -0.10536051565782632 28.500000000000004 0.36478543843601768 0.15000000000000005 -0.075646292133442233 0.064538911762418646 0.0031985166585378742 -0.52291211785016889 12.250000000000002 26.500000000000004 0.070986418579119567 0.06029116642067401 39.564285714285724 -0.043695226435781144 -0.20875392100576443 43.500000000000007 54.500000000000007 0.58371215082437977 -0.012247596730805508 0.068458551900210121 -0.0110380294898742 10006.250000000002 -0.30353806144086642 0.068993157201318503 143.65000000000003 -0.044886616761004049 8.3537304209355252 -0.0085928405328625761 3 0.22657657695410019 0.42241676524109512 4 60.500000000000007 27.048399687743956 -0.17908582293942607 0.40636276121672804 5
decision_type=2 10 10 2 8 1 2 2 2 2 10 2 2 2 1 2 2 2 2 8 1 2 2 2 8 2 2 10 2 10 10 10 10 2 2 10 2 2 10 10 2 2 2 2 2 2 10 2 2 2 10 2 2 1 2 2 1 2 2 2 10 1
left_child=5 15 3 4 9 6 22 -5 -4 -3 11 12 -11 -14 -10 16 -2 -17 19 -6 21 -19 23 31 25 26 27 -24 -26 -28 -31 -1 -12 35 38 36 -34 -37 -35 -40 -41 42 43 -30 -45 46 49 -48 -49 51 -47 53 56 54 55 59 57 58 -53 -20 -61 -54
right_child=1 2 8 7 18 -7 -8 -9 14 10 32 -13 13 -15 -16 17 -18 20 45 -21 -22 -23 24 -25 28 -27 29 -29 41 30 -32 -33 33 34 -36 37 -38 -39 39 40 -42 -43 -44 44 -46 50 47 48 -50 -51 -52 52 61 -55 -56 -57 -58 -59 -60 60 -62 -63
leaf_value=-0.0019709130355647876 -0.00032685155549700302 -0.00053313291708221525 -0.0021985898449290286 0.0026430453120765227 -0.0012226407099415852 -0.00021180212539420614 0.00033385808627522896 0.0079711583860744752 -0.0027075303691306294 0.0014393341628315222 0.0083901219701443715 -0.00021128986366986211 0.007353062825410317 0.0040506452961431658 -0.00036009304539536929 -0.0022355217620673236 0.0090388504045608737 -0.00027068734277050147 0.0048781461404760447 0.0058098221033304424 -0.0011503533509691405 0.003827257708536608 0.0041312749573294491 0.0085329817275564511 -0.0023386991678020917 0.0066235574792996681 -0.0015257148742055661 0.0093865197062610699 0.00013874736660559323 0.0054390465354516452 -0.0036192245125398828 0.010581935841317506 -0.00080776671873236173 0.0009901506352040909 -8.9662913860021195e-05 -0.0015190500096524515 0.0045007850489852683 0.0013568546958776864 0.0047485137335143016 0.0048035482701293403 -0.00036239324249996962 -0.0013074517343647416 -0.0027842124550400455 0.0032381346627684223 0.0086119693001475966 -0.0020678695626939283 -0.0012601510968043806 0.005489289707886643 0.00080681111337748193 0.0072896030041508138 -0.00062066070993387946 0.01123739697099453 0.0022475837770081978 -0.0010192809564353734 -0.0015175262542871059 0.01256789879730158 -0.001165041974416726 -0.00014335493000238489 -5.4663905852142957e-07 0.0013300206115741853 -0.0015897158553579904 -0.0035963551066198981
leaf_weight=81 152 1012 1965 54 159 4018 2822 41 1131 102 135 148 56 59 3287 575 52 318 157 229 3730 49 75 47 195 54 176 40 101 41 46 50 74 87 397 761 51 68 78 47 82 115 52 73 40 1115 105 54 60 46 4396 49 103 1233 450 40 194 116 43 746 90 812
leaf_count=81 152 1012 1965 54 159 4018 2822 41 1131 102 135 148 56 59 3287 575 52 318 157 229 3730 49 75 47 195 54 176 40 101 41 46 50 74 87 397 761 51 68 78 47 82 115 52 73 40 1115 105 54 60 46 4396 49 103 1233 450 40 194 116 43 746 90 812
internal_value=-0.000600887 -0.000891984 -0.0006585 -0.00029331 -0.000342195 0.000295252 0.000923114 0.00651042 -0.00142779 0.00057473 0.0012232 0.00375683 0.00649082 0.0118534 -0.000982124 -0.0018413 0.00160975 -0.0019923 -0.000626104 0.00182519 -0.00169229 0.000701057 0.00233361 0.00564246 0.0017443 0.00378753 0.00266491 0.0075431 0.000207971 0.000511362 0.00471591 0.00261364 0.000701852 0.000379707 0.00179913 -0.000649216 0.00376984 -0.00131928 0.00450847 0.00632211 0.0035 0.00168848 0.00325843 0.0047907 0.00820175 -0.000723243 -0.000195395 0.00343182 0.00765217 -0.000390933 -0.0011348 -0.000487111 -0.00161988 6.25678e-05 0.00112784 0.00235493 0.000967741 0.00369863 0.00903226 0.00184608 0.00109916 -0.00275655
internal_weight=32734 24708 19832 13449 13354 8026 4008 95 6383 3157 2145 365 217 115 4418 4876 204 4672 10197 388 4097 367 1186 178 1008 432 378 115 576 263 87 131 1780 1645 691 954 125 829 294 207 129 381 266 214 113 9809 4298 219 114 4079 5511 4033 1317 2716 1483 1033 402 208 92 993 836 915
internal_count=32734 24708 19832 13449 13354 8026 4008 95 6383 3157 2145 365 217 115 4418 4876 204 4672 10197 388 4097 367 1186 178 1008 432 378 115 576 263 87 131 1780 1645 691 954 125 829 294 207 129 381 266 214 113 9809 4298 219 114 4079 5511 4033 1317 2716 1483 1033 402 208 92 993 836 915
cat_boundaries=0 1 2 3 4 5 6
cat_threshold=2872 1030 512 3857 730 32
is_linear=0
shrinkage=0.05


Tree=48
num_leaves=63
num_cat=10
split_feature=39 41 5 22 6 25 39 22 3 41 11 6 10 21 38 2 39 9 8 17 15 25 13 10 26 19 14 44 42 1 7 25 10 41 11 8 2 17 26 25 27 18 8 10 7 19 9 11 5 41 10 15 22 41 10 15 17 42 25 5 6 38
split_gain=3.02927 3.08633 2.50504 2.21829 2.1011 2.2054 2.77563 1.88294 1.65272 1.62848 3.72584 3.83245 1.62626 1.80753 1.60574 2.01311 1.56846 1.45207 2.28289 1.7574 1.76154 1.43749 1.65723 1.63855 1.36146 1.23013 1.2578 1.363 1.2291 1.49919 1.22295 1.9857 1.17477 1.35268 2.15804 2.21347 1.12604 1.48626 1.64385 1.11066 1.84238 2.59279 2.21256 2.61132 2.01921 1.55101 1.44353 2.43329 1.42501 1.21828 1.2052 1.6457 1.28968 1.17693 1.18029 1.47059 1.80679 1.15911 1.08641 1.52841 1.63631 1.80487
threshold=0 4.7145199063231855 7.5456290303072331 -0.13975807762592288 7.8780262332233155 1 2 0.3936998594030674 -0.72901791152133277 5706.0234451450206 4.5000000000000009 7.7681431868652053 0.25094042445841908 1026.2500000000002 3 0.1872436389177228 4 0.48820045946088475 0.23117042578102523 0.15815277981702583 -0.63372376008914444 5 0.88640833676536868 -0.2349896685091801 23.500000000000004 -0.1013991140031648 -0.38341832190712294 1.0000000180025095e-35 0.9536672629695887 -0.23253364792430317 7.9975974616697689 6 0.10967246304700674 186.30915178571431 49.500000000000007 0.18013809482696139 -0.032789822822990804 -0.65958571068230654 34.500000000000007 7 35.500000000000007 0.62595604965342455 0.24578534410524369 0.33507272674483884 7.1084186111980285 0.073665558172269163 0.35050979076256505 13.500000000000002 7.5548919134988326 66.026587301587327 0.069332603894015868 -1.0976309340841846 0.017634934480902035 7.8686854887674569 -0.45594866139225626 -0.11167373809449631 0.28704640847142243 0.93700396825396837 8 8.8973043728886889 8.1135334305015032 9
decision_type=1 2 2 8 2 1 1 10 2 2 2 2 2 10 1 2 1 10 10 2 2 1 2 2 2 2 2 2 2 2 2 1 2 2 2 10 2 2 2 1 2 10 8 2 2 2 10 2 2 2 2 2 10 2 2 2 2 2 1 2 2 1
left_child=1 2 -1 -3 5 6 -2 8 24 36 11 -11 13 -4 30 17 21 58 -19 20 -20 23 -23 28 -7 -24 27 -27 29 -10 31 -6 33 -8 35 -35 37 38 -5 -18 41 -41 43 45 -42 48 50 -48 49 -43 52 -52 53 -46 -55 -56 -57 -47 59 60 -16 -62
right_child=4 3 12 9 14 7 32 -9 16 10 -12 -13 -14 -15 15 -17 39 18 19 -21 -22 22 25 -25 -26 26 -28 -29 -30 -31 -32 -33 -34 34 -36 -37 -38 -39 -40 40 44 42 -44 -45 46 57 47 -49 -50 -51 51 -53 -54 54 55 56 -58 -59 -60 -61 61 -63
leaf_value=0.0141406765505572 -0.0026088457201370748 0.00013180904862904975 0.013633454813235472 -0.00081400586347011097 -0.003494813708319334 0.025460771298405706 0.00039788271109728133 -0.0024962459590830116 -0.0049178464667331582 0.0040967155736424702 -0.00083772419375209746 -0.0008744734444964639 -0.0070163946463101595 0.00074159709458686545 -0.0004934626715040433 -0.0022968117227869212 1.5636922504786184e-05 -0.0024300658874093755 0.0092727898053097009 0.0045531641081618555 0.015548692522245326 -0.001385227154631546 0.0058235164994858172 0.00050122063321542609 0.0016514555110385739 0.00013217408991722467 -0.00079023792893734778 0.010323042203234614 0.006819203024414966 0.0081243604077220373 -0.0022011767520867804 0.0025733589204837001 -0.0029707812346919733 0.00674206107311887 0.00079611134993532004 0.003758747254851133 -0.0020033909445578884 -0.00083554659482534084 0.0029805077191638902 0.0014918743296464909 -0.0015955152428938199 0.001355843723942557 0.0015480843046219508 0.010205438576158264 0.000765333371768105 0.015394838393662211 0.012610027805597099 0.00078755350038804423 -0.00081144767774005144 0.007812753734021417 0.0055998920748479702 -0.001086218066263667 -0.00093385346505737228 -0.0020040025543337958 0.0016634457171296293 0.0067575352091818934 0.00051688841911916045 0.0058694867071967241 -0.00055071791387663045 -0.0015545623317718008 0.0048950137613627777 0.00053518522369480062
leaf_weight=57 1493 1271 74 143 246 87 589 705 53 60 395 41 96 218 780 1757 1181 70 44 90 61 1701 88 912 162 65 406 48 59 45 2093 198 261 51 142 83 4119 1775 72 740 445 49 129 49 216 40 44 87 84 55 45 396 141 50 128 132 73 47 5943 564 343 1190
leaf_count=57 1493 1271 74 143 246 87 589 705 53 60 395 41 96 218 780 1757 1181 70 44 90 61 1701 88 912 162 65 406 48 59 45 2093 198 261 51 142 83 4119 1775 72 740 445 49 129 49 216 40 44 87 84 55 45 396 141 50 128 132 73 47 5943 564 343 1190
internal_value=-0.000587366 -0.00141083 0.00263453 -0.00164149 -0.000306486 0.00020258 -0.00106274 0.000594829 0.000820442 -0.00200954 0.000744466 0.0092647 0.00118252 0.00303754 -0.000728327 -0.000461625 0.000687174 -0.000162339 0.00347744 0.00625 0.0106132 -0.000113638 -0.000815008 0.00139352 0.00482 0.0014227 0.000490383 0.00513158 0.00610759 0.00262626 -0.00185832 0.000516853 0.000809146 0.00170323 0.00458484 0.00911111 -0.00223323 -0.00125565 0.00266204 0.00133872 0.00185748 0.0033794 0.00635462 0.00855384 0.000833332 0.00661232 0.00182026 0.0067803 0.00402116 0.00790476 0.0012648 -0.000803169 0.00249662 0.00350833 0.00516927 0.00624251 0.00885922 0.0121023 -0.000272079 0.000524583 0.0010955 0.00204368
internal_weight=32781 8321 445 7876 24460 11081 2619 8462 7757 6605 496 101 388 292 13379 10842 7508 9085 265 195 105 3377 2308 1069 249 607 519 113 157 98 2537 444 1126 865 276 134 6109 1990 215 4131 2950 1193 453 324 1757 275 1312 131 188 104 1181 441 740 599 383 333 205 87 8820 2877 2313 1533
internal_count=32781 8321 445 7876 24460 11081 2619 8462 7757 6605 496 101 388 292 13379 10842 7508 9085 265 195 105 3377 2308 1069 249 607 519 113 157 98 2537 444 1126 865 276 134 6109 1990 215 4131 2950 1193 453 324 1757 275 1312 131 188 104 1181 441 740 599 383 333 205 87 8820 2877 2313 1533
cat_boundaries=0 1 2 3 4 5 6 7 8 9 10
cat_threshold=198 134 7168 4 4384 2336 1844 264 2100 1
is_linear=0
shrinkage=0.05


Tree=49
num_leaves=63
num_cat=6
split_feature=7 22 9 2 40 13 25 15 18 25 42 9 33 16 7 21 16 9 15 41 33 20 41 25 37 37 5 11 13 23 17 41 3 1 30 7 5 20 22 21 41 41 41 7 4 25 41 9 20 25 30 5 4 25 5 41 21 17 0 3 20 40
split_gain=2.92086 2.54796 2.37735 2.12214 1.98685 1.64842 1.71016 1.5681 1.55867 1.51441 1.49415 3.11144 1.86138 1.61929 2.2708 1.44577 1.41146 1.82758 2.10199 1.98765 1.58172 1.44042 1.40146 1.61482 3.29642 2.53342 1.97063 1.94596 2.81383 1.59202 1.38515 1.66768 1.54744 1.37816 1.46451 1.30176 1.91427 1.28064 1.2779 1.46504 1.46409 1.27192 1.25383 1.83818 1.75253 1.92677 1.72208 1.75765 3.17306 1.30912 1.23991 1.96977 2.17928 1.72129 1.7699 2.12021 1.52343 1.22061 1.44544 1.22026 1.2112 1.20007
threshold=6.7817245069548102 0.013842587007638619 0.048256036326574998 -0.40546488338911318 3.5000000000000004 2.1728735632183915 0 -0.027960912172375615 -0.11212913662117795 1 0.87705802968960878 0.10864411515723382 27.092857142857149 0.068992871486951005 7.7613435564164108 2141.0000000000005 0.45334816833531072 0.26007240679786425 0.15415067982725841 9.1148351648351653 30.650000000000002 -0.037720417367667992 91.016129032258078 2 38.500000000000007 70.500000000000014 7.4577780492063406 5.5000000000000009 0.70466601520084782 0.032859346268630858 -0.38793001076471789 4.0341622672964723 0.031607800341968424 0.34574587340654134 0.65000000000000024 7.8406002449507293 7.2143309805011571 0.040043259815512162 -0.71556746849096398 1350.6650000000002 34.614588377723976 44.870833333333344 4.4064004096262162 8.2272248585775483 0.5742209539891211 3 5.1138286620835549 0.20086477725206883 0.027251471100152285 4 30.949999999999999 7.9753623577004049 -0.54871498874458735 5 6.9788015635916842 52.742727272727286 3993.7500000000005 0.024350853572506995 0.080043476903714175 -0.44628687762864988 0.12588732830288277 4.5000000000000009
decision_type=2 10 10 2 2 2 1 2 10 1 2 8 2 2 2 10 2 10 2 2 2 10 2 1 10 10 2 2 2 8 2 2 2 2 2 2 2 10 8 10 2 2 2 2 2 1 2 10 10 1 2 2 2 1 2 2 8 2 2 2 10 2
left_child=16 2 -2 35 9 22 -7 -8 -9 -3 11 -11 13 -12 -15 30 17 57 19 -19 -20 -22 42 24 26 29 27 28 -24 -26 -13 32 -32 34 -21 36 -4 -23 -38 40 -40 -36 -5 44 45 -44 47 48 -47 -45 53 52 -52 -48 55 -55 -53 58 -1 -41 -46 -51
right_child=1 4 3 5 -6 6 7 8 -10 10 12 15 -14 14 -16 -17 -18 18 20 33 21 37 23 -25 25 -27 -28 -29 -30 -31 31 -33 -34 -35 41 -37 38 -39 39 59 -42 -43 43 49 60 46 50 -49 -50 61 51 56 -54 54 -56 -57 -58 -59 -60 -61 -62 -63
leaf_value=0.0024739709683882709 -0.001902276037011088 -0.001656058662431852 0.0012700322970662515 -0.00078783073045195348 -0.0018787517913705456 0.0054022788707347577 -0.0034839446964117951 0.0075702151827416872 -0.00024341048451374309 0.0071327932964817655 0.00027967108819814106 -0.0071551011509946739 -0.00076836177812586524 0.0097624042401697059 -0.00017482210790230595 -0.00097863276756612557 -0.00079986224990356673 0.0095071937477464799 0.0064228831445592985 4.3140453076788283e-05 0.01943856634783557 0.019914035689600609 -0.0017469239178345827 -0.0011402426918444032 0.0019473218115920274 -0.0020802105303378859 -0.0015773737848694314 0.00012543275061299933 0.0098582403840959745 0.0045871149558323349 0.0048424460384903119 0.000597307300766691 0.0070015969116123834 -0.0051520824092359044 -0.0010250415569051981 0.00036733495299759797 0.0072421439120890973 0.0071011362800118662 0.012337765604829262 0.0024751520198332752 0.003098317754513464 0.0068855473350547969 0.0015646311881631532 -0.0025380410114438038 -0.0023883933507027636 0.0047844654200673098 -0.0025919807921597924 -0.00035272489340350938 0.00057830728792195734 -0.00085468880130722602 0.0093481278104984491 0.0084177696603891985 -0.00015216222109344378 9.4129180308392152e-05 -0.00046902775400217077 0.0086342885294331453 0.0027847755319411653 -0.00075779258520003684 -0.0012988878695301318 -0.00086775264929965566 0.0042698838052495861 0.00086676594085134207
leaf_weight=461 918 2188 335 4161 2678 163 120 46 107 41 224 40 2969 54 48 193 550 57 86 295 97 40 42 3251 66 71 1222 953 46 88 42 125 49 124 42 750 67 51 68 54 60 116 2101 558 529 71 437 136 79 1771 49 51 516 93 1481 47 128 642 176 97 61 622
leaf_count=461 918 2188 335 4161 2678 163 120 46 107 41 224 40 2969 54 48 193 550 57 86 295 97 40 42 3251 66 71 1222 953 46 88 42 125 49 124 42 750 67 51 68 54 60 116 2101 558 529 71 437 136 79 1771 49 51 516 93 1481 47 128 642 176 97 61 622
internal_value=-0.000480583 -0.000622943 -0.000330362 -0.000218803 -0.00134709 -0.000358212 0.00267734 0.000123238 0.00347402 -0.000839472 -0.000230507 0.00234216 -0.000614382 0.00296636 0.00815534 0.00112222 0.00108291 0.00165219 0.00336634 0.00177953 0.00701818 0.00957672 -0.000429393 -0.00107927 -0.000116048 0.00564159 -0.000691256 0.000906909 0.00797753 0.00922581 0.00357977 0.00516129 0.0102717 0.000891002 0.0021696 0.00163757 0.00321847 0.0140761 0.00582132 0.00430357 0.00821705 0.00603773 -0.000140011 0.000200434 0.000718857 0.00101252 0.000212971 0.00390244 0.00761589 -0.000814703 -0.000164111 0.00158389 0.000132508 -0.000796504 -3.37022e-05 0.00531915 0.00613889 0.000433593 0.00198276 0.000953946 -0.00186125 -0.000297422
internal_weight=32803 30066 21415 20497 8651 19066 436 273 153 5973 3785 490 3295 326 102 449 2737 2187 908 634 274 188 18630 5739 2488 225 2263 1041 88 154 256 216 91 577 453 1431 681 91 346 279 128 158 12891 8730 5779 5189 3088 286 150 2951 2802 744 565 2058 1621 140 179 1279 637 151 590 2393
internal_count=32803 30066 21415 20497 8651 19066 436 273 153 5973 3785 490 3295 326 102 449 2737 2187 908 634 274 188 18630 5739 2488 225 2263 1041 88 154 256 216 91 577 453 1431 681 91 346 279 128 158 12891 8730 5779 5189 3088 286 150 2951 2802 744 565 2058 1621 140 179 1279 637 151 590 2393
cat_boundaries=0 1 2 3 4 5 6
cat_threshold=304 901 914 2133 769 640
is_linear=0
shrinkage=0.05


Tree=50
num_leaves=63
num_cat=4
split_feature=1 39 17 1 10 41 30 1 41 33 4 38 35 27 9 22 33 27 11 26 16 11 39 26 37 41 41 33 3 22 13 5 3 27 19 11 30 9 26 42 6 6 41 30 14 30 21 39 26 11 10 9 16 27 17 37 1 22 8 13 22 22
split_gain=3.17155 2.07255 1.83866 1.88205 1.8294 2.12248 1.40906 1.83657 1.4037 1.51494 1.32311 1.28534 1.24405 1.53965 1.218 1.23628 1.90401 1.83333 2.1033 2.33492 1.87328 1.58008 2.31998 1.79718 1.30455 1.21254 1.17989 3.40388 2.27455 1.60141 2.52485 1.168 1.16067 1.55072 1.85169 1.68151 2.07643 1.85151 2.26374 1.95068 1.61582 1.3107 1.27004 1.70902 1.37646 1.21495 1.14121 1.13835 1.22295 1.32872 1.10751 2.37289 1.51971 1.10584 1.09719 1.20462 1.09474 1.7113 1.30743 1.54061 1.06298 1.32339
threshold=-0.037041271680349201 0 0.51421785988528346 -0.82898601372034653 -0.021915966791949956 5706.0234451450206 1.1500000000000004 0.49507726679785075 145.3630849753695 36.76428571428572 -1.221935703174448 1 2.9765057257934168e-10 6.5000000000000009 0.054665860930200365 -0.49036490446032044 38.750000000000007 42.500000000000007 84.500000000000014 19.500000000000004 -0.11778303565638369 84.500000000000014 2 40.500000000000007 63.500000000000007 2648.1093750000005 288.32536057692317 32.378571428571441 -0.64633845725034644 -0.16251202171185578 0.73684507618263795 6.5597815977880751 0.26687953305765794 24.500000000000004 0.065526250967818542 42.500000000000007 15.150000000000004 0.18207484013891354 35.500000000000007 0.9536672629695887 7.5967432928294309 8.0063774905627536 96.180635245901655 98.200000000000031 -0.03222153208896205 1.7500000000000002 452.08500000000009 3 2.5000000000000004 62.500000000000007 0.010025651981590668 0.14879206249840324 -0.18550442766325356 8.5000000000000018 -0.05301681313748307 30.500000000000004 -0.064538249398367484 -0.63546394125161243 0.11511093599262974 0.90658826564769834 0.10077028526064297 -0.39626239132937219
decision_type=2 1 2 2 2 2 2 2 2 2 2 1 2 2 10 10 2 2 2 2 2 2 1 2 10 2 2 2 2 8 2 2 2 2 2 2 2 10 2 2 2 2 2 2 2 2 10 1 2 2 2 8 2 2 2 10 2 10 8 2 10 8
left_child=2 4 3 10 8 -6 31 11 9 -2 -1 25 -7 -14 -5 21 24 18 19 20 -18 56 -23 -24 46 -8 28 29 -13 30 -28 -3 33 34 35 50 40 38 39 -38 -37 -40 43 -35 -45 -34 -17 -33 49 -49 51 -30 -53 60 55 -10 -16 58 59 -58 61 -4
right_child=1 6 53 14 5 12 7 -9 54 -11 -12 26 13 -15 15 16 17 -19 -20 -21 -22 22 23 -25 -26 -27 27 -29 32 -31 -32 47 45 42 -36 36 37 -39 41 -41 -42 -43 -44 44 -46 -47 -48 48 -50 -51 -52 52 -54 -55 -56 -57 57 -59 -60 -61 -62 -63
leaf_value=0.032004700286150982 0.00050152189219381362 0.0025957420466787193 -0.004085128611280694 -0.0015267424688030565 -0.0017279074959579783 0.0024572923970814361 -0.001002054500476225 -0.0046964305255518752 -0.00050809598574329945 0.0020675445251003297 0.0017742169002202181 0.015550861330516839 0.00098208655838232222 -0.0015125678168562361 0.00036165171595185287 0.010325893733396515 0.0068281622149431263 -0.00043953099769744142 -0.0032328449250106557 -0.00016020448852105087 0.0050362898213894662 -0.0012474507090845062 0.0038197517310735196 0.0093729935545382569 0.0041116315264677818 0.0076675419828001303 -0.0013882871403496566 0.0076377442444704267 -0.0021952495304846408 -2.652187938545186e-05 0.006187724739998862 -0.00069160590383192638 0.0044809915106594506 -0.00018908818935057297 -0.0012087242559847616 0.0033738266355155576 0.009354590806670263 0.0040731967271664931 0.00329912280197916 0.0042813878450491177 -0.0017774385379096765 -0.00098405728311419592 -0.0023329652844036471 0.0071296952981157839 0.0016472210537680208 -0.0018703428310626524 -0.0002399532402266042 -0.00074615217186932209 -0.0020405899841503487 0.011857949267697348 -0.00052457373639433816 0.00052928591613211017 0.0072586323853264098 -0.0014680957374210075 -0.0017392404035216653 0.001082561715279407 0.00069437692992013105 0.0064049031769267952 -0.00051807743396005618 0.0071603500600500927 -0.0034399178546541324 0.0043853086498547014
leaf_weight=48 548 381 61 219 4475 64 1639 550 208 54 134 41 44 166 3249 49 49 138 41 51 69 148 266 60 40 46 47 61 110 467 58 3316 41 1508 367 64 67 131 52 50 152 58 401 41 115 1060 5134 105 2698 44 345 42 55 1932 484 55 104 50 154 61 57 254
leaf_count=48 548 381 61 219 4475 64 1639 550 208 54 134 41 44 166 3249 49 49 138 41 51 69 148 266 60 40 46 47 61 110 467 58 3316 41 1508 367 64 67 131 52 50 152 58 401 41 115 1060 5134 105 2698 44 345 42 55 1932 484 55 104 50 154 61 57 254
internal_value=-0.00053685 -0.000922766 9.37817e-05 0.000385493 -0.00169259 -0.00215684 -0.000588403 -0.000124192 -7.03716e-05 0.00172471 0.00540983 9.40293e-05 0.00210909 0.000236966 0.00029242 0.000376137 -0.00010858 0.00346705 0.0063981 0.00885294 0.0126891 0.00103591 0.00374737 0.00599406 -0.000347436 -0.00110554 0.000474363 0.0025 0.000202083 0.00129145 0.00683962 -0.00112605 9.76383e-05 0.000536666 0.00176372 0.00276841 0.00466087 0.00699164 0.00971491 0.0145339 0.000783409 0.0045045 -0.000350921 0.000258257 0.00522293 -0.00132033 -0.000417632 -0.00129218 -0.00202414 0.00236667 0.000795659 0.00367788 0.00933673 -0.00118004 -0.00151738 0.00107954 0.000679745 0.00325676 0.00189062 0.00496988 0.00131367 0.00245253
internal_weight=32578 20210 12368 10064 6098 4749 14112 7568 1349 602 182 7018 274 210 9882 9663 5571 348 210 169 118 4092 474 326 5223 1685 5333 633 4700 572 105 6544 4659 3558 1493 1126 574 358 227 117 216 110 2065 1664 156 1101 5183 6163 2847 149 552 207 97 2304 747 263 3618 369 319 165 372 315
internal_count=32578 20210 12368 10064 6098 4749 14112 7568 1349 602 182 7018 274 210 9882 9663 5571 348 210 169 118 4092 474 326 5223 1685 5333 633 4700 572 105 6544 4659 3558 1493 1126 574 358 227 117 216 110 2065 1664 156 1101 5183 6163 2847 149 552 207 97 2304 747 263 3618 369 319 165 372 315
cat_boundaries=0 1 2 3 4
cat_threshold=150 4 1154 841
is_linear=0
shrinkage=0.05


Tree=51
num_leaves=63
num_cat=15
split_feature=9 2 21 25 3 7 38 2 15 39 33 20 12 21 6 8 25 14 19 31 2 20 10 39 25 0 12 25 25 20 21 21 25 13 4 25 6 39 25 23 23 14 39 33 12 15 41 7 12 25 2 19 2 23 39 21 26 20 8 23 17 20
split_gain=2.77331 2.69918 2.04743 2.69176 3.25104 1.70604 3.18587 1.83563 1.67168 1.49218 1.60856 2.31622 2.0284 3.38966 1.54535 1.43988 1.38429 1.55125 1.96248 2.30736 1.46196 1.4842 1.95024 1.53147 1.61792 2.51693 2.21798 1.37783 1.34916 1.27984 1.71371 1.21748 1.20219 1.56597 1.19808 1.17508 1.5021 1.1456 1.23678 1.27122 1.32162 1.62666 1.12701 1.11724 1.59259 1.52768 1.10605 1.04818 1.0437 1.01791 1.31427 1.57602 2.08157 1.00221 0.990478 2.67232 1.15122 0.987845 0.977971 1.43657 0.975498 1.54347
threshold=0.10799068803700407 0.24187655595729399 12025.000000000002 0 0.03390189650338727 7.9667600759180521 1 -0.40546488338911318 0.10536051565782657 2 26.921428571428574 0.011235260688353515 38.500000000000007 1831.2500000000002 7.0157867394572717 0.57451047271504441 3 -0.17724419330413752 -0.15122083282349127 170.75000000000003 -0.12194755011196844 -0.023140212792749196 0.041685098030432417 4 5 0.052391401735375716 67.500000000000014 6 7 0.005302302361077719 3795.0000000000005 719.16500000000008 8 2.1728735632183915 -0.07485320237925118 9 8.0902820302280265 10 11 -0.75317120170356311 0.32437621433565683 0.2084029873062683 12 36.00714285714286 16.500000000000004 -0.43049628320452976 1.5877684407096173 6.6849736424638779 10.500000000000002 13 -0.060624621816435013 -1.6034215644487022e-17 -0.16195960277843022 -0.32230940474710584 14 2300.8350000000005 10.500000000000002 0.24861324972190502 0.12861137609900161 0.027980913348228945 0.41027153980526571 -0.055055249651155123
decision_type=10 2 10 1 2 2 1 2 2 1 2 10 2 10 2 10 1 2 2 2 2 10 2 1 1 2 2 1 1 10 8 8 1 2 2 1 2 1 1 8 8 2 1 2 2 2 2 2 2 1 2 2 2 8 1 8 2 10 10 10 2 10
left_child=2 5 9 4 -4 7 -7 37 16 10 11 12 13 -1 -11 32 -9 53 19 -19 47 22 -22 -23 25 26 -25 34 42 30 -14 -12 33 46 -17 36 -33 -2 -39 -40 -41 -42 57 44 -26 -46 -8 -20 -48 50 51 52 -16 -18 55 -10 -57 -3 -47 -60 -34 -62
right_child=1 28 3 -5 -6 6 15 8 54 14 31 -13 29 -15 49 27 17 18 20 -21 21 23 -24 24 43 -27 -28 -29 -30 -31 -32 35 60 -35 -36 -37 -38 38 39 40 41 -43 -44 -45 45 58 48 -49 -50 -51 -52 -53 -54 -55 -56 56 -58 -59 59 -61 61 -63
leaf_value=0.006527087588011158 0.0048722344911132556 -0.00012660257261522858 0.0059919508574934402 -0.0017669495446130199 0.00031908859628690584 -0.0024195057130812262 0.0045178729217244399 -0.00014944971660974893 0.0044727187359616827 0.00038912640755465067 0.0048342744280786372 -0.0013524382929236273 0.0036512538523670473 0.00047064920555809909 -0.00098164900964198146 0.016894829122917104 -0.0015430492555618897 0.0030297768787320187 0.009739482100410559 0.0042711615874219773 0.0034298291178602777 0.0011714945331768071 -0.0011876007915046574 0.0052385971060654813 -0.00044392324492115837 0.0032926242923336153 0.012270021712941526 -0.00016969494345931072 -0.003094484022662089 0.0032328081894436103 -0.0019013415954244992 -0.0037439046928189287 -0.00015940058852223848 0.0070268377411882941 0.0014728066603585507 -0.00022342459065560641 -0.00024538411663929124 -9.8117428258601049e-05 0.010202530884177123 -0.00016709903294297759 0.0038949187898662304 0.012403475496170005 -0.0027372801548466589 -0.00069626374264272653 0.0023673566570593767 -0.00020567300270783043 -0.0014681466764730625 -0.00035532124598465508 0.00057081363537109589 -0.0019222627254230384 -0.0013307363629229039 -0.000672887785079578 0.0018136850794601884 0.00061253577680176667 -0.00069677452703988379 0.0046715904117306216 -0.00067987858897961256 0.0048737482869112003 0.0089462169525630873 3.4406392684537512e-06 0.0030923849564471625 -0.0022432573497123002
leaf_weight=54 121 1729 43 108 57 1516 56 2669 65 446 52 249 63 56 52 61 321 125 41 55 245 444 306 48 100 70 50 116 1640 40 135 700 3428 95 48 2267 501 473 45 224 188 56 574 63 40 55 318 476 1708 1774 1420 245 128 1272 3828 68 315 44 74 40 115 1133
leaf_count=54 121 1729 43 108 57 1516 56 2669 65 446 52 249 63 56 52 61 321 125 41 55 245 444 306 48 100 70 50 116 1640 40 135 700 3428 95 48 2267 501 473 45 224 188 56 574 63 40 55 318 476 1708 1774 1420 245 128 1272 3828 68 315 44 74 40 115 1133
internal_value=-0.000466986 -0.000197883 -0.00125134 0.00363636 0.00900901 3.39476e-05 -0.000502619 0.000422208 0.000222819 -0.00137602 -0.000698887 0.00169732 0.00432665 0.00990991 -0.00205471 -5.5016e-05 0.000728251 0.00133603 0.00218988 0.00718232 0.00174866 0.00252279 0.000443839 0.00368528 0.00544464 0.00955307 0.0152525 0.00387168 -0.00138791 0.00171548 5.02501e-05 -0.00110764 -0.000184565 0.00078382 0.00754167 -0.00122226 -0.00247937 0.00236011 0.00172517 0.00340649 0.00268657 0.00522449 -0.000608568 0.00336815 0.00469355 0.00716667 0.000499279 -0.000550194 0.00030587 -0.00240193 -0.00154903 0.000880281 0.00441989 0.000147427 -0.000544776 0.00165577 9.11446e-05 1.96176e-05 0.00502941 0.00765217 -0.000635802 -0.00183347
internal_weight=32848 24458 8390 208 100 20471 8594 11877 10770 8182 4117 597 348 110 4065 7078 6494 3825 2232 180 2052 1535 551 984 540 168 98 225 3987 238 198 3520 6853 2177 109 3468 1201 1107 986 513 468 244 2347 372 309 209 2082 517 2026 3619 1845 425 180 1593 4276 448 383 1773 169 114 4676 1248
internal_count=32848 24458 8390 208 100 20471 8594 11877 10770 8182 4117 597 348 110 4065 7078 6494 3825 2232 180 2052 1535 551 984 540 168 98 225 3987 238 198 3520 6853 2177 109 3468 1201 1107 986 513 468 244 2347 372 309 209 2082 517 2026 3619 1845 425 180 1593 4276 448 383 1773 169 114 4676 1248
cat_boundaries=0 1 2 3 4 5 6 7 8 9 10 11 12 13 14 15
cat_threshold=1185 4 4890 1165 6149 96 1700 2424 2100 77 4608 2530 3849 622 545
is_linear=0
shrinkage=0.05


Tree=52
num_leaves=63
num_cat=5
split_feature=0 22 13 6 33 30 19 29 25 36 25 2 5 25 4 20 31 7 31 4 23 25 20 33 19 5 33 4 4 20 42 13 12 6 31 21 24 23 13 44 4 7 5 19 44 36 37 12 8 8 23 21 5 33 22 13 3 8 23 27 16 27
split_gain=2.41444 2.07593 1.72074 1.66325 2.74587 2.42242 1.56108 1.53542 1.82636 2.50719 1.71756 1.55868 1.49405 1.42117 1.33758 1.30683 1.3046 1.28307 1.21627 1.96811 1.18676 1.17503 1.23017 2.64811 1.19743 1.16794 1.57486 1.1748 1.21288 1.50393 1.40446 1.17365 1.34867 1.16128 2.93263 1.11289 1.08954 1.87542 1.47795 1.21144 1.73448 1.27791 1.0835 1.07931 1.06851 1.03493 1.54872 1.27708 1.03337 1.02118 0.953629 1.55234 1.87458 0.90882 1.97203 0.908533 0.9063 0.93684 1.35078 1.18794 0.897783 0.882182
threshold=-0.090304930883622778 -0.33840338039978812 0.33333309523809529 7.6325855458405893 27.350000000000005 38.350000000000001 -0.29725294138699015 1.0000000180025095e-35 0 0.014015894635175071 1 -0.098957940115522267 6.9550755583261159 2 0.17185025692665915 -0.068113474504967006 1.2500000000000002 7.8823337570392544 39.100000000000001 0.26236426446749 0.12286750374797829 3 -0.0089537200515247151 30.292857142857141 -0.027832416151994579 6.5834293167733948 30.092857142857149 1.5410939703049495 0.40546179783750219 0.050605052332608223 0.76705426356589157 1.4769488106864199 23.500000000000004 9.487320204401227 221.85000000000002 19750.000000000004 4 -0.29459427296457158 1.1666670833333337 1.0000000180025095e-35 -0.16866054582954823 7.8754088830229749 8.374644748053365 -0.035601955120695687 0.38750000000000007 0.00021761759261314009 34.500000000000007 77.500000000000014 0.5935898189491664 0.070057776092199445 0.087011376989629921 2502.5000000000005 7.4493267086366837 38.621428571428574 -0.59319528364034835 0.72632688503597376 0.10536051565782546 0.13858954422821959 1.0000000180025095e-35 4.5000000000000009 1.9941564302767205 35.500000000000007
decision_type=2 8 2 2 2 2 2 2 1 2 1 2 2 1 2 10 2 2 2 2 10 1 10 2 2 2 2 2 2 10 2 2 2 2 2 8 1 8 2 2 2 2 2 2 2 2 10 2 8 10 10 10 2 2 10 2 2 8 8 2 2 2
left_child=12 3 -3 4 5 -2 -5 8 25 11 17 36 20 18 -11 -15 -6 45 19 -8 53 22 -18 -24 -25 26 -4 28 29 31 -31 -27 -33 48 35 -35 37 -10 49 -38 41 -41 -12 -23 -44 46 47 60 -13 -39 -32 52 -52 56 -55 -45 57 58 -1 -59 -9 -14
right_child=1 2 7 6 16 -7 13 10 9 14 42 33 61 15 -16 -17 21 -19 -20 -21 -22 43 23 24 -26 27 -28 -29 -30 30 50 32 -34 34 -36 -37 39 38 -40 40 -42 -43 44 55 -46 -47 -48 -49 -50 -51 51 -53 -54 54 -56 -57 -58 59 -60 -61 -62 -63
leaf_value=0.00102983546792352 0.014866822418743708 -0.001448445026459614 0.0090779811487558849 0.010216817788808761 -0.00093071601344017123 0.0019316807580322195 0.0011385206087346994 0.00025117805780764193 0.0055264020932780013 0.001986899322316021 -0.0022864270138561109 -0.00040870896163531958 0.0003991804563082689 0.0031267273919912426 0.00011019865037503916 -0.0011177975169571551 0.0021157242935483231 -0.0019901988268180388 -0.00079104322339184165 0.0050130983599241501 -0.00035244589548773204 -0.0018240529697804793 0.011589323497819708 0.0062251451763279701 6.8732742069442873e-05 -0.0010786974790812415 -0.0012144424841288651 0.0090656275708163765 -0.0021803916798411654 0.0075158620600844625 -0.00036840591254147195 0.0054628451086106916 0.00015396294729272386 0.0028750290464456766 0.0037380842425139612 -0.0026798028375250426 -0.00083011608711019307 0.0046919061571945508 0.011339307187917258 0.0077150196738014435 -0.00043669025299335282 0.0010798876630780229 -0.00058290507197572615 -0.00080223745569023275 0.0067615438280665607 -0.0049489403718663075 0.0019359125973555829 -0.0027575199960580428 0.0039373220031128494 -0.00010568960673759892 0.00071843689309694604 -0.0012190663250178637 0.0068897455133274778 0.00079362724619007688 0.0061465966443552877 0.0055505502430976197 -0.00094491770784782341 0.0078627004232174648 0.010879536084586455 0.0015717511716703437 0.0045508447051031634 -0.00023235490206279517
leaf_weight=86 40 2384 46 42 362 41 104 2006 53 80 3587 4046 3649 87 46 1454 140 1097 166 50 337 118 51 50 80 3478 63 46 1156 48 588 42 193 41 54 76 367 41 61 72 146 76 834 77 71 93 65 263 166 232 46 93 42 55 40 93 110 48 60 422 54 3131
leaf_count=86 40 2384 46 42 362 41 104 2006 53 80 3587 4046 3649 87 46 1454 140 1097 166 50 337 118 51 50 80 3478 63 46 1156 48 588 42 193 41 54 76 367 41 61 72 146 76 834 77 71 93 65 263 166 232 46 93 42 55 40 93 110 48 60 422 54 3131
internal_value=-0.000467997 -0.000710861 -0.000879057 0.000532813 0.00212725 0.0109146 -0.000349266 -0.000723716 -0.000350032 0.000299029 -0.0012514 0.000137149 0.000290967 -0.000566596 0.00724409 -0.00119523 0.00138374 -0.00042909 0.00241692 0.00567742 0.00194996 0.00279508 0.00480422 0.00766483 0.00381679 -0.000966337 0.00413636 -0.00106576 -0.00113065 -0.000761423 0.00117971 -0.00118875 0.00222458 -0.000277145 0.00375 -0.00072034 0.00186844 0.00393216 0.00262686 0.000587796 0.00298305 0.00677852 -0.00190096 0.000367892 -0.000358721 0.000199435 0.000401841 0.000187176 -0.000441492 0.00104014 0.000655843 0.00381868 0.00853932 0.00297445 0.00755208 0.00292398 0.00236589 0.00311183 0.00659864 0.00201698 0.000606501 7.37235e-06
internal_weight=32745 24807 21852 2955 1052 81 1903 19468 11398 5557 8070 5431 7938 1861 126 1541 971 3578 320 154 1158 609 321 181 130 5841 109 5732 5686 4530 817 3713 235 4383 171 117 1048 387 334 661 294 148 4492 288 905 2481 2388 2323 4212 273 769 181 88 821 95 170 726 616 146 470 2060 6780
internal_count=32745 24807 21852 2955 1052 81 1903 19468 11398 5557 8070 5431 7938 1861 126 1541 971 3578 320 154 1158 609 321 181 130 5841 109 5732 5686 4530 817 3713 235 4383 171 117 1048 387 334 661 294 148 4492 288 905 2481 2388 2323 4212 273 769 181 88 821 95 170 726 616 146 470 2060 6780
cat_boundaries=0 1 2 3 4 5
cat_threshold=355 2866 34 3605 3
is_linear=0
shrinkage=0.05


Tree=53
num_leaves=63
num_cat=6
split_feature=10 39 39 29 25 8 25 41 12 0 33 10 28 13 8 13 7 16 33 6 7 1 33 8 8 25 4 12 41 33 18 25 16 21 18 4 3 1 12 3 10 13 17 17 11 23 6 41 7 14 14 19 33 41 33 6 2 23 41 41 7 33
split_gain=2.6856 3.74566 2.89218 2.54371 2.24082 2.18674 1.97196 1.95484 2.53606 2.49001 2.25006 2.59654 2.06947 1.72934 1.68363 1.61696 1.54754 2.22291 1.8287 1.73766 2.31669 1.45325 1.49615 1.4482 1.30369 1.29876 1.26121 1.5542 2.60591 2.22762 1.28449 1.80931 1.65917 1.27369 1.3177 2.41602 1.25842 1.36481 1.24345 1.29422 2.5231 1.21559 1.20492 1.17682 1.16757 1.59272 1.66246 1.60689 2.46374 1.16711 1.16586 1.13332 1.12563 1.11074 1.27918 2.66023 1.08879 1.07961 1.6187 2.07975 1.07551 1.44211
threshold=-0.0038147605282938808 0 1 1.0000000180025095e-35 2 0.084255946432736026 3 202.70172413793105 52.500000000000007 0.03872860913040866 30.335714285714285 0.22248726627218443 1.0000000180025095e-35 0.59812794130098301 0.70519766509369242 0.74999953125058616 6.7641000576112846 0.010000333353334947 26.521428571428576 8.5982282550848748 7.6034293256423853 -0.037041271680349201 29.37857142857143 0.2077277189085982 0.27694415583507725 4 -0.51082562376598994 10.500000000000002 5.3984375000000009 28.492857142857151 1.4499957414886873 5 0.50335186210605631 1536.3700000000001 -0.021497401298630165 -0.60613625811556371 0.040821994520255263 0.0041984576232985136 73.500000000000014 -0.1643026941485459 -0.21867292318199502 1.898349436392915 0.38394845350407153 -0.21720513091310864 69.500000000000014 -0.42732928329821201 7.7107210251907308 23.124509012644612 7.7154863498428812 0.062520356981333639 0.029852963149681225 -5.5130172099888056e-17 38.550000000000011 1500.6147801196983 38.26428571428572 7.1583667191456639 -0.01283441545345587 -1.1004206089032036 37.140394088669957 8.8804421768707495 7.2685103033197418 27.350000000000005
decision_type=2 1 1 2 1 8 1 2 2 2 2 2 2 2 10 2 2 2 2 2 2 2 2 10 10 1 2 2 2 2 10 1 2 10 10 2 2 2 2 2 2 2 2 2 2 8 2 2 2 2 2 2 2 2 2 2 2 10 2 2 2 2
left_child=2 6 3 4 5 -1 7 12 9 10 11 -9 -2 -3 16 -16 17 24 19 20 -18 22 -14 50 -6 -15 27 28 -5 -30 -28 32 -32 34 -29 -36 37 41 39 40 -7 43 -31 52 45 46 -38 48 -47 51 -11 -50 -4 54 -45 -56 -10 58 59 -23 61 -27
right_child=1 13 36 26 14 38 -8 8 56 23 -12 -13 21 25 15 -17 18 -19 -20 -21 -22 57 -24 -25 -26 60 30 33 29 42 31 -33 -34 -35 35 -37 44 -39 -40 -41 -42 -43 -44 53 -46 47 -48 -49 49 -51 -52 -53 -54 -55 55 -57 -58 -59 -60 -61 -62 -63
leaf_value=0.0048917876013228325 -0.0043082026569686224 -0.0014418604298320993 0.00015807115531803474 -0.00022384758055637695 0.023116897711362924 0.0021119613550802424 -0.00056677477592201829 0.0042142403838462779 0.0035503040572274613 0.0022652896791562015 0.011461213916782285 -0.00029511249683764138 0.0069753825713937071 -8.2350892867029168e-05 0.015486787125707247 0.0075774284057766195 0.00020813770303425842 -0.0019300880936009076 0.00016513052851353557 -0.0010731569629512797 0.0066453084567967297 0.00047350581003532109 0.003343827896623232 -0.0022492893838468014 0.001739836685311952 0.0037285339515972268 -0.00079771753579587932 -0.0026614254418764762 0.014632566601431602 0.007465153845477932 0.0064794324894530565 -0.0016018351288057194 0.0011565860178930543 -0.0024162290787469987 0.0027951419084601189 0.0073626423001823512 0.0050223271924092977 -0.0013640166817175635 -5.945301720748039e-05 0.0012319363936336891 0.0072514579662701119 0.0064609332124893285 -0.0013886957457035479 -0.00057210727980642703 -0.00040192892844851454 0.0085264115594952256 0.0023556143515850638 -0.00086892425260893125 -0.00065170973807537652 -0.0035045790836756283 0.01013770117216755 0.0084618919395963339 0.0035478335546037724 -0.0023507890375910724 0.0031477719227131018 -0.00072796609303740799 -0.0025888746879265175 -0.00015872095585138778 -0.0019406810500024662 0.0075452402827614288 -0.0014402121662303391 -0.00052006642947920862
leaf_weight=71 317 5687 1358 156 46 66 1699 61 55 73 67 61 69 3523 42 62 45 69 2127 90 66 85 106 67 55 213 2808 92 54 133 58 123 43 338 113 48 43 1783 149 109 59 54 51 3059 291 40 44 285 45 43 43 44 72 599 77 165 165 521 69 78 3701 946
leaf_count=71 317 5687 1358 156 46 66 1699 61 55 73 67 61 69 3523 42 62 45 69 2127 90 66 85 106 67 55 213 2808 92 54 133 58 123 43 338 113 48 43 1783 149 109 59 54 51 3059 291 40 44 285 45 43 43 44 72 599 77 165 165 521 69 78 3701 946
internal_value=-0.000508079 -0.000927473 -1.82421e-05 0.000717814 0.00180569 0.00501075 0.000527205 0.00165855 0.00403035 0.00654155 0.0105526 0.00642276 0.000541732 -0.00129252 0.00122082 0.00742857 0.000964385 0.00555555 0.000626877 0.00517327 0.00933036 0.00173305 0.00582386 0.00236413 0.0102451 -0.000836714 -0.000108264 0.00144523 0.00387342 0.00715481 -0.000613255 0.00302222 0.00754464 -0.000177366 0.0025 0.00521605 -0.000668914 -0.00088379 0.00360677 0.00587234 0.0093254 -0.000486538 0.00448649 -0.000562747 0.00116627 0.00253211 0.00869318 0.00134279 0.00514451 0.00180451 0.00572649 0.00505555 0.00066387 -0.00101256 -0.000652636 0.0028395 -0.000226246 0.000775861 0.00360515 0.00631097 -0.00136522 -3.87943e-05
internal_weight=32681 17606 15075 7073 3056 454 3536 1837 592 372 189 122 1245 14070 2602 104 2498 170 2328 201 111 928 175 183 101 8383 4017 985 394 238 3032 224 101 591 253 161 8002 7167 383 234 125 5384 184 5330 835 544 87 457 172 132 116 89 1430 3900 3301 242 220 753 232 163 4860 1159
internal_count=32681 17606 15075 7073 3056 454 3536 1837 592 372 189 122 1245 14070 2602 104 2498 170 2328 201 111 928 175 183 101 8383 4017 985 394 238 3032 224 101 591 253 161 8002 7167 383 234 125 5384 184 5330 835 544 87 457 172 132 116 89 1430 3900 3301 242 220 753 232 163 4860 1159
cat_boundaries=0 1 2 3 4 5 6
cat_threshold=2624 5432 1152 3440 2099 3588
is_linear=0
shrinkage=0.05


Tree=54
num_leaves=63
num_cat=5
split_feature=0 39 14 14 22 8 13 33 7 3 26 31 7 39 15 21 15 5 33 20 2 33 44 16 30 31 39 19 39 15 33 19 41 3 18 2 23 20 30 19 16 12 1 19 39 3 6 31 3 5 31 22 13 26 42 7 16 33 2 0 5 3
split_gain=3.0649 2.32093 2.10708 1.74956 1.41755 1.55516 1.40002 2.14767 1.38323 1.33704 1.31751 3.81188 3.12213 2.94391 2.34594 2.17064 1.83592 1.49244 1.69955 1.26353 1.2383 1.26735 1.90014 1.1966 1.17638 1.17068 1.14769 1.49338 1.11964 1.24887 1.10076 1.44619 1.0807 1.07704 1.05322 1.02445 0.988653 1.38699 0.985983 1.10028 0.984898 1.16434 0.977755 0.973915 0.961444 1.66736 0.979969 1.52432 1.88595 1.41579 1.57993 1.8795 1.5228 1.07748 1.58114 1.25282 1.1902 0.98833 0.961006 1.03411 1.07977 1.59514
threshold=-0.037739558752669204 0 -0.45392549004185406 0.093211181429115678 -0.32398680725996859 0.18529915294383731 1.2227074722068825 27.607142857142858 6.703854655643009 -0.95493780869471256 45.500000000000007 7.5500000000000007 8.1436343601505854 1 0.058454944928905135 4904.0000000000009 -0.1053605156578263 7.6801034058384205 27.13571428571429 -0.040563484027106238 -1.0000000180025095e-35 27.407142857142862 0.29285714285714287 3.6041150866163352 3.0500000000000003 301.05000000000001 2 -0.08601438521269672 3 -1.3180513842907995 32.778571428571439 -0.03674779409831349 6.3533452807646364 -0.405465108108165 0.51631025538187825 -0.092397536360383267 -0.12891455465105003 0.039162524636687637 1.0000000180025095e-35 1.696967293258158e-16 -0.12783337150988486 13.500000000000002 -0.096874436654092108 -0.53289030856020292 4 0.55267940380379044 7.7178210044835636 207.25000000000003 -0.089612158689686514 7.6891130645491197 0.45000000000000007 -0.46973416009343033 0.63157911357349483 46.500000000000007 0.92084377610693413 8.216608324632011 -0.046505968915503175 28.050000000000008 -0.22314355131420924 -0.10536051565782632 7.5456290303072331 0.014061784907510423
decision_type=2 1 2 2 10 10 2 2 2 2 2 2 2 1 2 8 2 2 2 8 2 2 2 2 2 2 1 2 1 2 2 2 2 2 10 2 10 10 2 2 2 2 2 2 1 2 2 2 2 2 2 10 2 2 2 2 2 2 2 2 2 2
left_child=3 6 -3 8 5 -5 32 -8 33 -4 20 -12 13 17 15 16 -15 18 -13 28 21 22 -11 40 -7 -23 27 -26 -10 -30 58 -32 -2 -1 -29 -27 37 -35 -20 -40 41 -22 -33 -21 45 -45 47 49 -49 50 51 -46 -53 -48 -55 56 -56 -50 -31 60 -60 -62
right_child=1 2 9 4 -6 24 7 -9 19 10 11 12 -14 14 -16 -17 -18 -19 38 43 23 25 -24 -25 26 35 -28 34 29 30 31 42 -34 36 -36 -37 -38 -39 39 -41 -42 -43 -44 44 46 -47 53 48 57 -51 -52 52 -54 54 55 -57 -58 -59 59 -61 61 -63
leaf_value=0.017174147155206789 0.00016924290861706308 -0.0016972749325427827 0.010609211184219076 -0.00068121754340127539 -0.0009830215333708806 4.65994974519175e-05 0.0065699471896425434 -0.00017195010890884487 0.000283563546904628 0.00070746518586484847 -0.0018149501621875274 0.011368111390218814 -0.00093167814497982114 0.0097053935454461168 0.0043639331964041989 0.0058862826976875289 0.010489006420152179 -0.00084845111486279426 -0.0030539316090559786 0.0072458623242558726 -0.0021923229430093412 -0.00020614253819426246 0.0044411642887701771 0.0079860702811000196 0.0058051464829814246 0.0036642027544507225 0.0021652303142635355 -0.00015238601621814265 -0.0033231252597595018 -0.00089799155282408209 2.6477880660147519e-05 0.0078337020704195483 -0.0012039578666187096 0.00190407489840237 0.0054313106493151285 -0.0016548556152022964 -0.00036076626321136307 0.0055716912260943144 0.00010285292773058895 0.010628340085361362 -0.0010762035303713289 0.00014160002338574882 0.0032636834740717453 -0.00079176611791451827 -0.0015350780991865882 0.0043118793320507222 -0.00015543407597883881 0.0040444169393344526 -0.00056672007261176821 0.0068998776723080552 -0.00043700826745098867 0.0008704916814902589 0.010714312730614075 -0.0018088356307860991 0.0065707932771266993 0.00015422304164017546 0.005673880311268014 0.0044403055763364103 -0.00025112722588814003 0.00034814582270322933 0.0096444567058826588 0.0018718409851746028
leaf_weight=62 412 2387 50 1044 2272 567 52 617 540 589 485 63 299 40 87 63 52 136 76 49 347 3319 74 57 54 64 197 79 41 109 52 46 5368 176 122 40 170 63 62 47 4721 1819 60 1379 87 44 2586 60 58 54 679 70 61 86 58 74 58 59 42 136 78 50
leaf_count=62 412 2387 50 1044 2272 567 52 617 540 589 485 63 299 40 87 63 52 136 76 49 347 3319 74 57 54 64 197 79 41 109 52 46 5368 176 122 40 170 63 62 47 4721 1819 60 1379 87 44 2586 60 58 54 679 70 61 86 58 74 58 59 42 136 78 50
internal_value=-0.000486734 -0.00084072 -0.000496038 0.000174209 -0.000616929 0.000331879 -0.00163235 0.00052985 0.000658153 -0.000236171 -0.000269272 0.00116938 0.00305075 0.00505582 0.00924901 0.0133013 0.018172 0.00210126 0.00445783 0.000471512 -0.000453269 0.000237337 0.00223644 -0.000859612 0.00172059 -0.00015041 0.00362031 0.00573308 0.00197402 0.003408 0.00406794 0.00761006 -0.00188549 0.0032733 0.00393564 0.00504762 0.00232927 0.00439583 0.00201613 0.00504545 -0.000919717 -3.69186e-05 0.0109346 0.00015376 8.95814e-05 -0.00102162 0.000487377 0.00173605 0.00598314 0.000940125 0.000462137 0.00415525 0.00791667 -3.49403e-06 0.00296029 0.00549738 0.00871795 0.00224576 0.00270433 0.00413681 0.00672515 0.00899225
internal_weight=32748 21326 14877 11422 4335 2063 6449 669 7087 12490 12440 1410 925 626 242 155 92 384 248 6616 11030 4086 663 6944 1019 3423 452 255 1154 614 573 158 5780 471 201 104 409 239 185 109 6887 2166 106 5462 5413 1423 3990 1128 177 951 897 218 131 2862 276 190 116 117 415 306 170 128
internal_count=32748 21326 14877 11422 4335 2063 6449 669 7087 12490 12440 1410 925 626 242 155 92 384 248 6616 11030 4086 663 6944 1019 3423 452 255 1154 614 573 158 5780 471 201 104 409 239 185 109 6887 2166 106 5462 5413 1423 3990 1128 177 951 897 218 131 2862 276 190 116 117 415 306 170 128
cat_boundaries=0 1 2 3 4 5
cat_threshold=150 2816 1291 4928 2306
is_linear=0
shrinkage=0.05


Tree=55
num_leaves=63
num_cat=7
split_feature=9 1 25 17 14 33 39 3 25 31 41 20 20 31 18 15 22 20 22 29 42 19 1 39 25 33 21 22 30 26 13 11 8 39 3 36 9 39 33 11 20 11 20 9 31 12 17 12 9 4 26 42 1 12 22 20 1 35 37 3 12 7
split_gain=2.59368 2.12032 1.40052 1.37746 1.44004 1.33133 1.40668 2.51946 1.72846 2.18106 2.14589 2.11171 1.74119 1.25614 1.19608 1.46453 1.16569 1.59712 1.13425 1.11796 1.14101 1.35132 1.28776 1.09347 1.99988 1.77942 1.61675 1.38279 1.23733 1.52133 1.21004 1.68963 1.20669 1.08944 1.45974 1.0771 1.14495 1.62456 1.3045 2.05998 2.17322 1.71162 1.67593 1.5871 1.68212 1.07709 1.04971 1.02674 2.12402 1.01494 1.16014 1.13997 0.989854 0.969439 1.70197 1.26998 1.57292 0.917261 2.06496 0.9076 0.897384 1.28191
threshold=0.10799068803700407 0.019418278164756501 0 -0.0110380294898742 -0.51482484018367403 27.835714285714289 1 0.26236426446749089 2 293.55000000000001 8.6992063492063512 0.005302302361077719 0.057345149515008235 341.60000000000008 -1.7798267516245729 0.039608226768524275 -0.2762427664360072 0.056200158834576665 -0.28030167103659775 1.0000000180025095e-35 0.9826073805202663 -0.060575961862439943 0.17114713259906147 3 4 38.164285714285725 2856.2350000000001 0.017634934480902035 0.35000000000000009 46.500000000000007 0.44444507936507943 68.500000000000014 0.13858954422821959 5 0.10536087280055641 0.10132714065105859 0.16711751986262433 6 29.178571428571434 18.500000000000004 -0.036119625537512835 52.500000000000007 0.046310433379891179 0.20356872929004163 1.9500000000000004 80.500000000000014 0.052120286455963789 11.500000000000002 0.18333402945071861 -0.28768207245178118 21.500000000000004 0.95040983606557383 -1.0438311874123467 46.500000000000007 0.19644743604158629 -0.036853038859630649 -1.0000000180025095e-35 0.048544947871001533 37.500000000000007 0.25131514256713056 10.500000000000002 6.703854655643009
decision_type=8 2 1 2 2 2 1 2 1 2 2 10 10 2 10 2 10 10 8 2 2 2 2 1 1 2 10 10 2 2 2 2 10 1 2 2 10 1 2 2 10 2 10 10 2 2 2 2 8 2 2 2 2 2 10 10 2 2 10 2 2 2
left_child=3 2 14 4 18 6 7 8 10 19 12 -12 -3 -11 -2 35 -6 -18 -1 20 21 -10 -23 24 28 27 30 52 45 47 -27 32 -32 34 53 36 59 -38 39 -39 -41 43 -42 46 -45 -4 -40 48 -30 50 51 -17 -25 54 -29 -55 -57 -5 -59 -16 -8 -62
right_child=1 5 23 57 16 -7 60 -9 9 13 11 -13 -14 -15 15 49 17 -19 -20 -21 -22 22 -24 25 -26 26 -28 33 29 -31 31 -33 -34 -35 -36 -37 37 38 41 40 42 -43 -44 44 -46 -47 -48 -49 -50 -51 -52 -53 -54 55 -56 56 -58 58 -60 -61 61 -63
leaf_value=0.0022412098384953769 -0.0015057782669361886 -0.0014948128844190947 -0.0016594918414739328 -0.0012405892727294886 -0.00055554581463750834 -0.00091910919580578162 -0.0045213422184230264 -0.0016474134479496525 0.0053467784157560146 0.0076387074975614077 0.0092706225711347498 0.0028057449322649638 0.0068125674886149283 0.0005053519302710964 -0.00023785390614252091 0.0055324048723923028 0.00033449380812534653 0.0073566139815619885 -0.0012540599507816982 -0.0029546601973052902 -0.00070265081853686283 0.0040880819486931955 -0.0025308311894214185 0.028130433132950827 -0.0015838757850967743 -0.00051393166911143718 -0.00086158257334627687 0.0030511183606338373 0.0061749672795503386 0.0089329197539177053 0.01030126867062918 0.0025723596311030264 0.0069503858308172647 -0.0017489724193873535 -0.0025941975103240013 0.0024381132948148262 -0.0028151924466658256 -0.00014887722274517561 0.004262963477915621 0.011027126559079031 0.00098134938706586662 -0.00060583623296837745 0.01013149812118175 0.0073453746972921606 0.001275682751942456 0.0017254734778367907 0.0084011735338709887 0.00013207997370527302 -0.000371201365780894 -0.00056810033558331384 7.846204931757915e-05 0.0038542905857790115 0.00016031594583777037 -0.0052934267074623599 -0.0043912977792679598 0.0021153318018503702 0.0055302184913974366 -0.00079518100910538686 0.0040681819615118299 0.0031498052917089945 0.0084743325485115237 -0.0011423108292582275
leaf_weight=90 188 84 497 4673 1080 8871 179 460 40 47 63 50 46 62 537 53 1192 45 1015 184 99 79 72 59 1740 43 162 61 40 53 40 113 124 1002 190 43 108 91 62 52 104 267 55 62 343 67 40 601 61 965 194 54 4766 44 158 168 41 192 54 46 42 663
leaf_count=90 188 84 497 4673 1080 8871 179 460 40 47 63 50 46 62 537 53 1192 45 1015 184 99 79 72 59 1740 43 162 61 40 53 40 113 124 1002 190 43 108 91 62 52 104 267 55 62 343 67 40 601 61 965 194 54 4766 44 158 168 41 192 54 46 42 663
internal_value=-0.000582368 -0.000321541 0.000103797 -0.0013432 -0.000572598 -0.000833636 0.000276369 0.00132614 0.0029867 0.00140572 0.00643701 0.0117105 0.00229008 0.00777273 0.00100153 0.00124147 0.000135892 0.00118336 -0.00205696 -4.21065e-05 0.00189003 0.00414062 0.00194079 -0.000189225 -0.000975571 0.000156831 0.00308488 -6.08641e-05 0.00049248 0.00181878 0.00514019 0.00634892 0.00957576 -0.0013033 0.000282317 0.00215351 0.00195984 0.00285232 0.00342226 0.00623762 0.00893868 0.00236129 0.00596875 0.00406496 0.00264778 -0.00127434 0.00961165 0.00119488 0.00583333 -6.31425e-05 0.00246689 0.00662037 0.000367798 0.0017759 -0.000659092 0.00387795 0.0055 -0.00187907 0.00109312 0.000145547 -0.0012514 -0.000460341
internal_weight=32676 24335 13294 8341 3422 11041 2170 1286 826 583 243 113 130 109 3264 3076 2317 1237 1105 474 290 191 151 10030 3059 6971 482 6489 1319 755 320 277 164 1664 662 1810 1767 1184 1076 302 211 774 159 507 405 564 102 702 101 1266 301 107 4825 472 219 253 209 4919 246 583 884 705
internal_count=32676 24335 13294 8341 3422 11041 2170 1286 826 583 243 113 130 109 3264 3076 2317 1237 1105 474 290 191 151 10030 3059 6971 482 6489 1319 755 320 277 164 1664 662 1810 1767 1184 1076 302 211 774 159 507 405 564 102 702 101 1266 301 107 4825 472 219 253 209 4919 246 583 884 705
cat_boundaries=0 1 2 3 4 5 6 7
cat_threshold=2096 5986 2304 5122 1793 464 112
is_linear=0
shrinkage=0.05


Tree=56
num_leaves=63
num_cat=7
split_feature=0 39 7 3 1 9 33 5 4 27 13 9 2 27 37 25 26 3 0 13 3 13 22 12 27 25 41 4 8 2 23 11 18 18 41 22 30 2 26 33 4 8 31 25 18 4 11 25 13 23 7 38 13 31 39 11 3 3 4 26 44 19
split_gain=2.20376 2.2928 1.71769 1.65123 1.53343 1.60208 1.48433 2.97598 2.34296 5.17782 2.3007 1.1197 1.11169 1.23601 1.21632 1.43065 2.6594 1.09002 1.07936 1.21595 1.04398 1.29799 1.14737 1.04311 1.0321 1.68851 1.49314 2.29014 1.27858 1.18144 1.1375 1.06698 1.01171 1.18213 1.0024 1.29877 0.955184 0.943238 1.2182 1.11328 1.57978 0.950906 1.22006 1.38905 1.32851 1.82394 1.1312 1.7409 1.33342 1.06604 1.25615 0.943056 1.42501 2.91775 1.25585 1.37582 0.996673 0.973313 0.907143 1.45361 0.962529 0.903984
threshold=-0.039220713153281121 0 6.703854655643009 -0.72901791152133277 0.49507726679785075 0.29089621154696838 27.478571428571435 8.3882784462851987 -0.21079946797452684 37.500000000000007 0.92351367390336792 0.46938884865820862 -0.051292268071787987 6.5000000000000009 50.500000000000007 1 32.500000000000007 0.38784316473300967 0.018208729414014971 0.40743909007382068 -0.54851587313755334 0.95638191510389337 -1.1706271170765996 80.500000000000014 7.5000000000000009 2 24.879904162923037 -0.20574863098936499 0.82563494565888085 -0.051292268071787987 -1.8017221425978351 40.500000000000007 -0.87094963922214264 0.45214599582960185 5.2436092513694472 -0.064696078039866226 9.3500000000000032 0.20582348359187289 1.5000000000000002 38.621428571428574 0.22613506075397674 0.16970341200836528 7.5500000000000007 3 0.056550861685450586 0.010410345839210413 45.500000000000007 4 1.3452339285714288 0.22314355131420979 9.4782592729828252 5 0.91125175808720116 8.2500000000000018 6 70.500000000000014 -0.17086840395094513 0.21315654060222491 0.035718991693815212 43.500000000000007 1.0000000180025095e-35 -0.010274359730420837
decision_type=2 1 2 2 2 10 2 2 2 2 2 10 2 2 10 1 2 2 2 2 2 2 8 2 2 1 2 2 10 2 8 2 10 10 2 10 2 2 2 2 2 10 2 1 10 2 2 1 2 8 2 1 2 2 1 2 2 2 2 2 2 2
left_child=2 12 3 -1 5 18 7 8 9 -7 -10 17 13 23 36 16 -16 -5 37 -20 21 -8 -22 -2 25 26 31 -28 -26 -29 -27 -4 -24 51 35 -15 -14 38 -3 41 -41 46 -43 44 -44 -46 49 48 58 50 -40 52 57 -54 55 56 -53 -34 60 -60 -48 -21
right_child=1 4 24 11 -6 6 20 -9 10 -11 -12 -13 14 34 15 -17 -18 -19 19 61 22 -23 32 -25 28 30 27 29 -30 -31 -32 -33 33 -35 -36 -37 -38 -39 39 40 -42 42 43 -45 45 -47 47 -49 -50 -51 -52 54 53 -55 -56 -57 -58 -59 59 -61 -62 -63
leaf_value=0.045350996823716481 0.00045686738825724169 0.0062449860738634563 -0.00082744926162356565 0.0014895122238650733 -0.0039173291492451091 0.018502201446208476 0.0056138607978153104 -0.0030823378291938612 -0.00015128672159991387 0.0026044303957496007 0.0066986073880695406 -0.0050041844577098024 -0.00089868332846370453 -0.0016175330964183295 0.0037848691864481952 -0.0010647642040357553 -0.0022389355565960523 0.0073995559515651595 -0.0018344951760775206 1.7458699961366816e-05 0.055689632042806574 -6.3854598928443789e-05 -0.0038158505452844612 0.0038290580590439808 -0.0001471140569922354 0.0033602520391399406 -0.00072577349017791137 0.0075064221484849791 0.010018087662654766 0.0039630537783954698 9.7237081208353672e-05 0.0083053050365196595 0.0056793782874103999 -0.00087409439685140499 -0.0005905863911097527 0.0066908158829301892 -0.0019674946604701718 -0.0016651512375769708 -0.00027248233867445371 0.00047386642629152143 0.0096827656725953521 -0.00047593068894030032 0.002809638291008722 0.00025162405398495311 0.0074364338985479263 0.0017647298965928378 0.0015026747427574641 -0.00053792378279861862 0.007349687053181936 -0.0027105991045558693 0.0033376637604683721 0.0034524838869121905 -2.3258433784201227e-05 0.010772826618922191 -0.0011373628795959367 0.0069567468324809468 1.0805388231126078e-05 -0.005760535857834803 0.00034520774091271301 0.0061500114283001501 -0.0011707957356461333 -0.00097234134475817117
leaf_weight=40 180 71 75 573 865 41 74 127 128 49 52 101 2994 68 76 181 46 60 982 2533 52 81 348 47 8790 45 43 47 69 57 1414 47 86 870 1115 41 2011 498 590 195 43 280 114 209 62 46 172 713 56 625 52 40 58 62 317 52 227 58 116 49 175 3451
leaf_count=40 180 71 75 573 865 41 74 127 128 49 52 101 2994 68 76 181 46 60 982 2533 52 81 348 47 8790 45 43 47 69 57 1414 47 86 870 1115 41 2011 498 590 195 43 280 114 209 62 46 172 713 56 625 52 40 58 62 317 52 227 58 116 49 175 3451
internal_value=-0.000409134 -0.000708173 0.000153581 0.00242581 -0.000355093 -0.000226828 0.000859345 0.0036809 0.00664207 0.0131868 0.00331492 0.00187755 -0.00146898 -0.000244492 -0.00180637 0.00126645 0.00518797 0.00265773 -0.00049488 -0.000872687 0.000376181 0.00432692 9.21223e-05 0.00313596 -1.27515e-05 0.00110468 0.00466071 0.00820946 -0.000230814 0.0121905 0.000411563 0.000731706 -8.96661e-05 0.000395256 -0.000873471 0.00368182 -0.00199261 0.000152445 0.000437096 0.000304458 0.00359833 6.28822e-05 0.00167837 0.00334491 0.00596566 0.0101835 -0.000388389 0.000659125 0.0026943 -0.00144716 -1.55533e-05 0.00166482 0.00410909 0.00826446 0.000571869 0.00274242 0.00136194 0.000896551 0.00192982 0.00496988 0.000474137 -0.000604847
internal_weight=32739 21378 11361 774 14619 13754 2722 397 270 90 180 734 6759 1451 5308 303 122 633 11032 6966 2325 155 2170 227 10587 1728 269 147 8859 104 1459 122 2118 1770 1224 109 5005 4066 3568 3497 238 3259 711 431 222 108 2548 1281 568 1267 642 900 264 120 636 319 267 144 512 165 347 5984
internal_count=32739 21378 11361 774 14619 13754 2722 397 270 90 180 734 6759 1451 5308 303 122 633 11032 6966 2325 155 2170 227 10587 1728 269 147 8859 104 1459 122 2118 1770 1224 109 5005 4066 3568 3497 238 3259 711 431 222 108 2548 1281 568 1267 642 900 264 120 636 319 267 144 512 165 347 5984
cat_boundaries=0 1 2 3 4 5 6 7
cat_threshold=214 130 1120 3664 3235 3 265
is_linear=0
shrinkage=0.05


Tree=57
num_leaves=63
num_cat=4
split_feature=10 43 39 9 10 13 30 11 27 39 41 12 27 39 29 7 3 5 41 8 22 13 10 36 39 6 12 37 26 7 42 9 8 27 14 18 20 13 30 22 17 22 18 9 27 26 22 2 4 12 41 11 11 13 11 5 5 7 6 7 27 26
split_gain=2.48287 2.21994 2.19805 1.73249 2.10178 1.70426 1.64335 1.66186 1.51335 1.48466 1.61783 1.67772 2.02313 1.45287 1.43539 1.73145 1.32465 2.20759 2.36546 1.68301 1.21941 1.20544 1.22015 1.491 1.42329 2.30372 2.55712 1.35677 1.29905 1.27799 1.39591 1.94528 1.24258 1.20586 1.17761 1.68252 1.77302 1.63717 1.62277 1.50011 1.13231 1.09027 1.43706 1.20876 1.72818 1.48849 2.29756 1.41299 1.16254 1.44182 1.07141 1.0596 1.65129 1.03643 1.0915 1.03024 1.12873 1.02075 1.01914 1.01033 2.29376 1.32797
threshold=-0.088377067047391997 1.0000000180025095e-35 0 0.33224388444016645 -0.37934836206209072 0.33333309523809529 34.550000000000004 81.500000000000014 7.5000000000000009 1 3.032492668621702 13.500000000000002 16.500000000000004 2 1.0000000180025095e-35 6.7817245069548102 0.14081005576610031 6.6201444904382294 103.87133099141296 0.14190934042830614 -0.45072346960465709 2.5850326938441905 0.048891210850030571 1.0979393245979794 3 8.2458682627528912 79.500000000000014 58.500000000000007 45.500000000000007 6.9875297620346597 0.9536672629695887 0.13485072789991295 0.39106422553067877 1.5000000000000002 -1.5027343550413599 0.22614987294970479 0.13074614504690749 0.55950309817018307 12.650000000000002 -0.40546528667962484 -0.13623362268383662 0.013842587007638619 1.3445961699568501 0.14158335547620141 32.500000000000007 9.5000000000000018 -0.62087437273926838 0.50214333918197573 0.44064662315000286 26.500000000000004 86.499218750000011 3.5000000000000004 82.500000000000014 1.529690109482279 8.5000000000000018 7.2221800410735906 7.5548919134988326 7.8095203664864785 7.6325855458405893 7.8172857573495884 56.500000000000007 2.5000000000000004
decision_type=2 2 1 8 2 2 2 2 2 1 2 2 2 1 2 2 2 2 2 10 10 2 2 2 1 2 2 10 2 2 2 10 10 2 2 8 10 2 2 8 2 10 8 10 2 2 10 2 2 2 2 2 2 2 2 2 2 2 2 2 2 2
left_child=1 3 41 6 34 -4 13 9 -9 10 -8 12 -12 -1 15 16 17 -7 -19 -20 40 22 24 32 25 26 28 29 -17 30 31 -26 -24 -31 -5 36 38 -37 39 -36 -10 42 43 44 45 46 -2 59 -43 -50 51 -34 55 54 -6 -53 -57 -58 -13 61 -61 -45
right_child=2 -3 5 4 53 14 7 8 20 -11 11 58 -14 -15 -16 21 -18 18 19 -21 -22 -23 23 -25 27 -27 -28 -29 -30 33 -32 -33 50 -35 35 37 -38 -39 -40 -41 -42 48 -44 47 -46 -47 -48 -49 49 -51 -52 52 -54 -55 -56 56 57 -59 -60 60 -62 -63
leaf_value=0.0012559089157032841 -0.0010961458554744868 0.010055917915676622 -0.0013887507418141468 -0.0040650682400660294 0.0058102315647007088 -0.00028722579542040348 -0.001662410903534643 0.0066520611474604171 0.00011411940350842788 -0.00063567932526254357 0.0095925618936669125 0.0036901113590675524 0.0035817856079779012 -0.00040956394635369728 -0.0011820126378562501 -0.00071168301950311425 -4.5221854412640647e-05 -3.4778693419100071e-05 0.0085695914199410781 0.0020373932898366531 -0.0001984158043980014 0.0033176366628565462 -0.0013576883484893699 0.0018976895136349214 0.0014751938985931917 -0.0042566351695990873 0.0044590781072549324 0.001955381446977831 0.004306086840832086 0.0014357553652388712 -0.00051490257559056363 0.0013176455227384334 -0.0036974965449169729 -0.00070906713320920784 0.014250355192910333 0.0082152328673725898 0.0057796483207790492 0.00053555468678691915 0.0060810546166830126 0.018604656110518824 0.0040014075887130872 -0.0011574763141128188 -0.0016146767252578301 0.010549437359677566 -0.0014598497425872693 -6.55323550718262e-07 0.0045875488962507987 -0.0024364843047693452 0.0044176503575149885 -0.00012563704140332584 -0.0038593455099780478 -0.00071348439493996605 -0.0038746788667700081 -0.0036010206766398816 0.00016159818713408586 0.0078075720522041677 -0.00061860000817727729 0.012647186852097887 2.1094132050850409e-05 0.0010431704131424588 -0.0022758275426868748 0.0012749549415268706
leaf_weight=588 51 46 1870 61 77 117 170 46 46 604 42 211 71 5725 4851 107 284 59 69 42 96 62 3143 42 48 72 53 45 52 78 102 64 83 2117 71 44 114 221 40 40 48 1871 598 54 808 860 67 332 66 560 163 41 53 160 690 43 53 80 341 1772 522 1772
leaf_count=588 51 46 1870 61 77 117 170 46 46 604 42 211 71 5725 4851 107 284 59 69 42 96 62 3143 42 48 72 53 45 52 78 102 64 83 2117 71 44 114 221 40 40 48 1871 598 54 808 860 67 332 66 560 163 41 53 160 690 43 53 80 341 1772 522 1772
internal_value=-0.000454115 0.000224012 -0.000734208 0.0001704 0.00171823 -0.00113482 -0.000123922 0.0012679 0.00514768 0.000628471 0.0019799 0.00311561 0.00864035 -0.000493349 -0.000915382 -0.000460909 0.00217657 0.00456597 0.00818713 0.0124554 0.00314136 -0.000692865 -0.000760094 -0.00135197 4.01595e-05 0.00332203 0.00605634 -0.000352942 0.00284375 -0.000516599 0.00316279 0.00699115 -0.00146038 -0.000876595 0.00404561 0.00480226 0.00761278 0.00197368 0.0111513 0.0142411 0.00715789 -0.000140733 0.000185753 0.000410321 -0.000688306 0.000725229 0.00596639 0.00085111 -0.00103483 0.000829345 0.000812378 0.00235876 0.00387454 0.00023168 0.000996093 0.00580275 0.00745763 0.00511194 0.00197107 0.0011041 0.000405228 0.00198139
internal_weight=32678 9552 23126 9506 1518 13793 7988 1675 236 1439 835 665 113 6313 11923 7072 571 287 170 111 190 6501 6439 3701 2738 284 212 2454 159 2409 214 112 3659 2195 591 530 265 265 151 111 94 9333 6836 6238 1786 978 118 4452 2497 626 516 353 270 927 767 217 176 133 552 4120 2294 1826
internal_count=32678 9552 23126 9506 1518 13793 7988 1675 236 1439 835 665 113 6313 11923 7072 571 287 170 111 190 6501 6439 3701 2738 284 212 2454 159 2409 214 112 3659 2195 591 530 265 265 151 111 94 9333 6836 6238 1786 978 118 4452 2497 626 516 353 270 927 767 217 176 133 552 4120 2294 1826
cat_boundaries=0 1 2 3 4
cat_threshold=3617 5389 24 4096
is_linear=0
shrinkage=0.05


Tree=58
num_leaves=63
num_cat=9
split_feature=9 2 13 17 21 39 7 2 9 25 12 42 33 23 21 1 8 21 13 4 27 33 23 43 25 2 27 7 12 35 41 15 39 25 4 6 42 29 22 11 18 25 2 21 13 15 19 7 27 18 33 39 11 8 33 17 25 25 15 15 22 4
split_gain=2.00787 2.32979 1.70817 1.65252 1.61201 1.94671 1.53216 1.64308 1.61949 1.91477 1.49252 1.39453 2.71419 1.37052 1.27674 1.27107 1.58473 1.24997 1.30121 1.64527 1.87192 1.24229 1.2409 1.59581 1.24048 1.48494 1.9773 1.28985 1.78735 1.35994 1.20487 1.1822 1.17822 1.17346 1.44406 1.11925 1.91054 1.23892 1.07426 1.41204 1.07937 1.05594 1.74474 1.8075 1.02859 1.00775 1.35119 1.13265 0.999781 1.51938 1.93545 0.998503 2.07751 2.18152 1.46918 2.10651 1.4527 1.36317 1.56578 1.65547 1.21998 2.03981
threshold=0.26789989027417777 0.40546510810816511 2.8944805194805201 -0.05301681313748307 1026.2500000000002 0 6.7817245069548102 -0.84474031005381833 0.45176003662192071 1 34.500000000000007 0.86023255813953503 30.721428571428579 -3.6154404259036665 891.00000000000011 -0.032789661532642171 0.086886694828884614 5012.5000000000009 0.72856303508477438 -0.010363385768512588 48.500000000000007 39.642857142857153 -0.42732928329821201 1.0000000180025095e-35 2 -0.36504798334554772 20.500000000000004 7.1844346054782617 54.500000000000007 0.016299002889140941 3630.055184331798 -0.77318988823348156 3 4 -0.56211891815354142 5.0901527872380123 0.82834821428571437 1.0000000180025095e-35 -0.35008026499350858 9.5000000000000018 -0.32777568761282572 5 -0.028809751441390304 2252.5000000000005 0.45454558030886993 0.39204208777602406 -0.07241357808021863 7.9103460060708661 26.500000000000004 0.55490731512137736 35.792857142857152 6 79.500000000000014 0.16305829301163613 28.050000000000008 -0.13623362268383662 7 8 0.02902583490858213 -0.41951567903580184 0.09173461519180251 0.29213820851863576
decision_type=10 2 2 2 10 1 2 2 10 1 2 2 2 8 8 2 8 8 2 2 2 2 10 2 1 2 2 2 2 2 2 2 1 1 2 2 2 2 10 2 10 1 2 10 2 2 2 2 2 8 2 1 2 10 2 2 1 1 2 2 8 2
left_child=2 4 3 13 5 11 8 -8 9 10 14 12 -2 -1 -7 16 17 41 -19 20 -20 -18 23 24 25 26 -5 28 29 30 48 -17 -26 -13 -35 36 -6 38 39 40 -37 42 43 -15 -30 46 -36 -48 -27 50 -50 52 57 54 -54 -56 -53 58 59 -33 61 -61
right_child=1 -3 -4 22 35 6 7 -9 -10 -11 -12 33 -14 15 -16 31 21 18 19 -21 -22 -23 -24 -25 32 27 -28 -29 44 -31 -32 51 -34 34 45 37 -38 -39 -40 -41 -42 -43 -44 -45 -46 -47 47 -49 49 -51 -52 56 53 -55 55 -57 -58 -59 -60 60 -62 -63
leaf_value=0.0041084884085492391 0.0018658067381337184 -0.0027725588591934643 0.0075513462180454988 -0.00061242226519490179 -0.01159053901320975 -0.00086458960436819581 0.014130581750845498 -0.00072076148051915202 -0.002081749472983892 0.00034401145548906224 0.012209731296785009 0.00070207127062245009 0.012405440044814857 0.0054128851215107148 0.0097065930661493494 -0.0016150071577461839 -9.7884984722214225e-05 -0.00055638736712707243 0.00078189817799688161 -0.00075960234484805859 0.0086030875702013208 0.0020418593349014482 -0.00088797053706975116 0.0020655205745123812 -0.0014595843041139028 -9.5481245310879807e-06 0.0091528082173912562 -0.00032448254824569235 0.001031375569654348 0.001806695681408718 -0.0026969872712130161 -0.00059966622895837136 -0.00040198923284317974 0.013950253477450741 0.011006366931713025 0.0086593062776275254 0.072402673427763672 -0.00081623845049226616 -8.1393809887224963e-05 0.00050127344472525033 0.003741239555149082 0.00048297813746903649 0.0060236604283605511 -0.00050564088812704187 -0.0035886144263815797 -0.0031386427600915987 0.0097232848908519447 -0.0051118964004404294 0.0093871863004799504 0.0010394040166447917 0.0027065113257311035 0.00053340834155209159 0.0056742157804526598 -0.002188066577656851 0.00047511233365867851 0.0027731288363829071 -0.0010328642468036585 -0.0012049819424743895 -0.00183119438016079 0.0029580412827329748 0.0011499947445640481 0.0081480625106837758
leaf_weight=55 95 1088 64 59 44 56 41 1142 148 189 93 258 47 41 73 1644 2530 216 76 76 44 40 8955 42 1376 119 44 1886 45 64 46 177 2636 50 41 81 40 1698 1539 538 94 289 43 44 172 49 53 72 52 110 41 805 45 111 142 63 1558 911 153 115 209 59
leaf_count=55 95 1088 64 59 44 56 41 1142 148 189 93 258 47 41 73 1644 2530 216 76 76 44 40 8955 42 1376 119 44 1886 45 64 46 177 2636 50 41 81 40 1698 1539 538 94 289 43 44 172 49 53 72 52 110 41 805 45 111 142 63 1558 911 153 115 209 59
internal_value=-0.000496529 0.000219786 -0.000710908 -0.000731849 0.00058134 0.00160507 0.000707358 -0.000308278 0.00286607 0.00447815 0.00746781 0.00388313 0.00832168 -0.000209592 0.00426923 -0.00025607 0.000516175 0.00241566 0.000460047 0.00340101 0.00702479 -9.72396e-05 -0.0010471 -0.0005319 -0.000593897 0.000249149 0.00610577 9.85685e-06 0.00193077 0.00378753 0.00260162 -0.000694144 -0.00114591 0.00273855 0.00498188 -2.9741e-05 0.00564706 -0.000151861 0.000616954 0.00221989 0.00610795 0.0043421 0.00798561 0.00436046 -0.00176606 0.00335648 0.00520958 0.00257936 0.00368421 0.00580882 0.0104787 -0.00026213 0.000563626 0.00399171 0.0065737 0.00473301 -0.000954087 -0.000196924 0.00142956 0.0026738 0.00451823 0.0076
internal_weight=32686 7529 25157 25093 6441 2407 1742 1183 559 411 222 665 142 9446 129 9391 3399 829 412 196 120 2570 15647 6692 6650 2638 103 2535 649 432 368 5992 4012 523 265 4034 84 3950 2252 713 175 417 128 85 217 215 166 125 322 203 93 4348 1985 361 250 205 2363 1624 713 560 383 174
internal_count=32686 7529 25157 25093 6441 2407 1742 1183 559 411 222 665 142 9446 129 9391 3399 829 412 196 120 2570 15647 6692 6650 2638 103 2535 649 432 368 5992 4012 523 265 4034 84 3950 2252 713 175 417 128 85 217 215 166 125 322 203 93 4348 1985 361 250 205 2363 1624 713 560 383 174
cat_boundaries=0 1 2 3 4 5 6 7 8 9
cat_threshold=1669 2616 2836 394 2635 802 6412 83 2836
is_linear=0
shrinkage=0.05


Tree=59
num_leaves=63
num_cat=11
split_feature=13 3 2 39 25 38 33 1 7 31 39 34 41 27 39 41 17 0 17 4 3 35 31 39 29 25 3 2 13 5 25 6 27 41 1 42 4 16 28 30 33 36 7 4 17 3 25 24 13 21 12 0 42 5 41 8 33 25 17 8 21 4
split_gain=2.09211 2.47782 1.5054 2.03143 1.70329 1.48786 2.35924 2.49993 1.70047 1.67993 1.67024 2.46984 1.69057 1.6581 1.65069 1.61205 1.82402 1.2441 1.2155 1.19425 1.82866 1.18685 1.50704 1.23268 2.03332 2.60161 1.92321 1.78759 1.68648 1.18653 1.17983 2.09457 2.1867 2.61282 1.84721 1.26324 2.57668 2.08791 1.33942 1.13667 1.15534 1.133 1.13265 1.11361 1.11093 1.22289 1.19919 1.53677 1.19545 1.07129 1.04714 1.03884 1.53557 1.08119 1.03645 2.04388 1.2624 1.01741 0.982928 0.98018 1.00771 1.70415
threshold=0.81578708449382209 -1.1449142493496989 -0.048790164169431265 0 1 2 38.26428571428572 0.067213842773368185 6.6399108446429524 0.75000000000000011 3 1.0000000180025095e-35 2278.044484126985 18.500000000000004 4 21.869967793880843 -0.23651115363643746 0.11778482137385816 0.44477269264668934 0.27193496548520418 -0.25489224962878904 0.0020087043954519546 85.300000000000026 5 1.0000000180025095e-35 6 -0.13733791144028815 -0.18259572790739351 0.27777888888888896 6.5597815977880751 7 7.8477763057357706 8.5000000000000018 2446.6156795346383 -0.080042323058004058 0.932768361581921 -0.084081504304713825 1.0000000180025095e-35 1.0000000180025095e-35 73.65000000000002 29.892857142857149 0.55589519631704798 8.2495681805982013 -0.16080804541977886 0.56157988110339441 -0.012676885722143981 8 9 1.1142994373541926 2402.5000000000005 35.500000000000007 -0.014580122716801201 0.89528508771929838 7.8976903015464552 332.57457904973609 0.20434210351978563 38.95000000000001 10 0.22095324629936378 0.23351905005771703 7518.7500000000009 -0.10978286498316291
decision_type=2 2 2 1 1 1 2 2 2 2 1 2 2 2 1 2 2 2 2 2 2 2 2 1 2 1 2 2 2 2 1 2 2 2 2 2 2 2 2 2 2 2 2 2 2 2 1 1 2 10 2 2 2 2 2 10 2 1 2 10 10 2
left_child=1 -1 21 4 29 6 8 9 13 -8 11 30 19 -2 39 16 -13 -5 -14 -12 -21 23 -23 24 25 27 -27 -3 -29 -4 -7 32 33 34 -32 41 37 38 -37 40 -10 -34 -30 -6 45 46 47 48 -16 -38 -51 53 -53 -42 56 -56 -22 -26 -48 60 -25 -62
right_child=5 2 3 17 43 10 7 -9 14 -11 12 15 18 -15 44 -17 -18 -19 -20 20 54 22 -24 59 57 26 -28 28 42 -31 31 -33 35 -35 -36 36 49 -39 -40 -41 51 -43 -44 -45 -46 -47 58 -49 -50 50 -52 52 -54 -55 55 -57 -58 -59 -60 -61 61 -63
leaf_value=0.029385344759928524 0.008611662731421001 0.00016965968118038533 0.0022222300028525216 -0.0001698028668015756 5.9996836081096608e-05 -0.0015503492914339559 0.010322456423831136 -0.00063263357137898228 -4.4482588796829237e-05 0.0020379969996451759 -0.0001434307442366798 -0.00020723132760915014 0.0098549367729548684 0.0017666369397716167 0.001259020251823091 -0.00010512282925073378 0.0079524710143556825 -0.0015694540937921085 0.0025966991531510865 0.0067317898208052243 2.5814316755184982e-05 0.00033108124700831029 0.0050291598168215046 -0.0010422482720957099 -0.002659983915125814 0.0014634507136817073 -0.00042534332682554391 -0.00067872004083006162 0.0023697751821754602 -0.00060291910694052452 0.0052175804357791743 -0.0022778584002665996 -0.003216451159027009 0.0034819869085592546 -0.00087321353347093145 0.0096761428473124446 -0.0014696416556217 -7.8112901471533665e-05 0.0050809421638713008 0.0056035179397231991 -0.00137372721919275 0.0028187204921679898 0.0029741441805359466 -0.0018697444363382058 -0.0031279412807519828 -0.0017600285015447884 -0.00094580267189189036 0.0025309402412966374 0.0055457656228415564 0.0055383467359557638 -0.00050668891087713667 -0.001214517421830958 0.0058004464831918137 0.0048095910564856011 0.0057859211450417896 -0.00071155888605153991 0.0036247741523784886 0.00015375420964159963 0.0029104174843925974 0.00014310301953111289 -0.0018159349465659898 0.0016821812428575362
leaf_weight=58 57 111 45 6681 274 1637 42 60 423 50 3824 40 57 138 51 112 67 2544 51 64 1033 97 48 3027 404 280 570 46 143 1905 45 618 269 44 86 49 400 120 121 71 63 40 64 2095 308 780 272 174 56 53 76 56 128 71 57 80 94 813 77 1188 135 181
leaf_count=58 57 111 45 6681 274 1637 42 60 423 50 3824 40 57 138 51 112 67 2544 51 64 1033 97 48 3027 404 280 570 46 143 1905 45 618 269 44 86 49 400 120 121 71 63 40 64 2095 308 780 272 174 56 53 76 56 128 71 57 80 94 813 77 1188 135 181
internal_value=-0.000437256 -0.000740948 -0.000770145 -0.00107937 -0.00197344 9.06409e-05 0.0010786 0.00712418 0.000742845 0.0122581 -0.000224913 -0.00102561 0.000350976 0.00522959 0.0003951 0.00411364 0.00847222 -0.000657753 0.00651376 0.000221229 0.00151241 -0.000180783 0.00428082 -0.000274308 0.000632677 0.0020823 0.000522647 0.00554667 0.00801181 -0.000866906 -0.00134588 -0.000494308 0.000640336 0.00582386 0.00223485 -0.000168292 0.000859755 0.00463917 0.00818713 0.00223572 0.0016779 -0.0028871 0.00992788 -0.00287605 -0.000485831 0.000106306 0.00174326 0.00409246 0.00860169 -0.00121698 0.00273077 0.00394984 0.00637838 0.000592591 0.00109091 0.00518116 0.000589538 -0.000808704 -0.00026389 -0.000760679 -0.00120066 0.00148265
internal_weight=32623 20709 20651 13544 4319 11914 2877 152 2725 92 9037 3777 5260 195 2530 219 107 9225 108 5152 1328 7107 145 6962 2431 1214 850 364 253 1950 3558 1921 1303 175 131 1128 819 290 170 812 741 309 207 2369 1718 1410 630 281 107 529 129 318 184 134 1264 137 1127 1217 349 4531 3343 316
internal_count=32623 20709 20651 13544 4319 11914 2877 152 2725 92 9037 3777 5260 195 2530 219 107 9225 108 5152 1328 7107 145 6962 2431 1214 850 364 253 1950 3558 1921 1303 175 131 1128 819 290 170 812 741 309 207 2369 1718 1410 630 281 107 529 129 318 184 134 1264 137 1127 1217 349 4531 3343 316
cat_boundaries=0 1 2 3 4 5 6 7 8 9 10 11
cat_threshold=206 558 1 5187 1027 4324 585 205 868 6 200
is_linear=0
shrinkage=0.05


Tree=60
num_leaves=63
num_cat=6
split_feature=0 14 13 17 21 3 9 33 13 39 11 21 23 4 39 4 1 17 8 27 39 11 15 26 1 3 21 39 18 13 33 25 9 41 17 13 15 4 23 8 3 17 9 2 19 33 0 0 13 33 18 27 8 8 39 41 2 6 13 3 3 3
split_gain=3.05836 1.64663 1.60334 1.44734 2.25157 2.31261 1.41724 1.40607 1.97525 1.72461 2.84085 1.48432 1.38465 1.3127 1.29286 1.26277 1.49736 1.22768 1.57932 1.16653 1.1353 1.19943 1.12812 1.32988 1.0948 1.05938 1.03874 1.3571 1.4884 1.40583 1.24465 1.03075 1.17783 2.1524 2.86337 1.02185 1.02056 1.01818 1.00813 1.00459 0.977946 0.97464 1.38527 1.20277 0.961338 1.03703 1.21249 1.15531 1.44616 1.34505 1.25657 1.1171 0.941611 1.16834 0.918388 1.4773 1.02796 0.912333 0.882541 0.882346 2.20202 0.888273
threshold=-0.037739558752669204 -0.51482484018367403 0.33333309523809529 -0.0110380294898742 10006.250000000002 0.072365475218135536 0.12125429115994039 27.992857142857151 1.6002280821917811 0 68.500000000000014 721.20000000000016 -0.40618698097770162 0.2778677645205328 1 -0.19522967152036849 0.05264339564766108 -0.083060119452976963 0.089296856480179945 41.500000000000007 2 43.500000000000007 0.9762597792214941 19.500000000000004 0.51546716611454324 0.14326610469778792 4407.5000000000009 3 0.60003024013272277 0.37500011718757331 28.978571428571435 4 0.41854841191421771 16.403193894855857 0.35896334603818675 0.46666733333333338 0.045607624470466852 -0.54871498874458735 0.25335971430245091 0.43264624183285089 0.048374362133335687 0.5525676404096268 0.17173759705741154 0.078204676476294935 -0.1266545918607416 29.407142857142862 -0.0048851325995062913 0.025508274822859004 0.9423772162609132 28.450000000000006 0.62595604965342455 41.500000000000007 0.29028167355832835 0.17705762639175873 5 82.997222222222248 -0.10435501534124246 8.0972065531974629 0.72632688503597376 0.21315654060222491 0.13353139262452232 -0.12062651051473815
decision_type=2 2 2 2 10 2 8 2 2 1 2 8 8 2 1 2 2 2 8 2 1 2 2 2 2 2 10 1 10 2 2 1 8 2 2 2 2 2 10 10 2 2 10 2 2 2 2 2 2 2 10 2 10 8 1 2 2 2 2 2 2 2
left_child=17 -2 14 4 7 -6 37 8 9 10 15 40 -11 19 -3 16 -4 18 20 -12 21 -1 36 -24 31 -22 27 28 30 -29 35 32 -8 -34 -35 -13 -20 -5 59 -36 -9 42 57 -43 -44 46 -46 51 50 -50 -49 -48 53 -52 55 -47 -56 -33 -37 60 61 -16
right_child=1 2 3 6 5 -7 24 11 -10 12 13 26 -14 -15 38 -17 -18 -19 22 -21 25 -23 23 -25 -26 -27 -28 29 -30 -31 -32 41 33 34 39 58 -38 -39 -40 -41 -42 43 44 -45 45 54 47 48 49 -51 52 -53 -54 -55 56 -57 -58 -59 -60 -61 -62 -63
leaf_value=0.0032568579215590345 -0.0014899953277505125 -0.0016518836080296917 0.0061828816224934486 0.0043989742323112448 0.0057201000347970911 0.00012694045753660745 -0.00088874396936482853 0.007042614168040676 0.0089426612167812242 0.0045525205178538492 0.010498469641208253 -0.0010382821727577369 -0.0012144331583344371 5.6321372210365629e-05 0.0030878075687606689 -5.1065126750267088e-05 -0.00018600069945574966 -0.00010320546103053089 0.00036174775033313334 0.0049574751766218381 0.00044358267804818914 0.0056693138195141385 -0.0022868520832339898 0.0091278244999958326 -0.0036287742989595862 0.002073387468618574 -0.0022524592602671039 0.0036886008275231982 0.0041002306099694637 -0.00072559237007030941 -0.00019033898534587661 0.00015627715545169104 -0.0035158733215072697 0.019602010341067726 -0.0019573228928178431 0.0044006169405151263 -0.00093729260539510595 -0.0010501431786076017 -0.0030276573207055845 0.0057924910814838998 -0.0019329040950703518 0.00028526146734613865 0.0024131211056912299 -0.0024799427720867185 -0.0038074445915310612 0.0026716078059703008 0.0061967629315829885 -0.0026877490326570695 0.0012271511457665272 0.0059352430087578432 -0.00067292350860666565 0.00080744300388625734 -0.0012518518366123961 0.0046545241164982747 0.0015811921188468741 -0.001410649438157296 -0.0026589191042011139 -0.0030840497229459433 0.0027000053847124833 -0.0022274791096737719 0.0043224108407118123 -0.00067223793609962534
leaf_weight=54 3281 1169 44 61 65 86 2642 62 53 77 45 57 520 40 93 416 42 7377 2979 61 499 49 40 57 406 54 601 42 78 1965 937 542 154 49 47 71 393 3525 176 48 50 721 95 518 72 240 111 209 141 59 42 84 59 64 118 149 341 276 73 133 55 254
leaf_count=54 3281 1169 44 61 65 86 2642 62 53 77 45 57 520 40 93 416 42 7377 2979 61 499 49 40 57 406 54 601 42 78 1965 937 542 154 49 47 71 393 3525 176 48 50 721 95 518 72 240 111 209 141 59 42 84 59 64 118 149 341 276 73 133 55 254
internal_value=-0.000444977 -0.000799485 -0.000612009 -0.000451143 0.000218157 0.0062171 -0.000785689 4.39339e-05 0.00147036 0.0010634 0.00282246 -0.000426722 -0.000879935 0.00897959 -0.00199362 0.00107356 0.00655172 0.000212117 0.00090281 0.0118692 0.00315068 0.00776316 0.000476944 0.0057653 -0.000380496 0.00210106 -0.000593465 -0.000237284 0.00107579 -0.0010332 0.000623353 -0.000229285 -0.000931889 0.00204013 0.00641379 0.00418317 0.000323153 -0.00159744 -0.000283935 0.00130208 0.00522124 0.000310227 0.000860544 -0.000842743 0.00164146 0.0013639 0.00260689 0.00318831 0.00205217 0.00547264 0.000213332 0.0065051 0.00346385 0.00626168 0.000129563 0.0018875 -0.00137234 -0.000842492 0.00641379 0.000792909 0.0019603 0.000474137
internal_weight=32821 21319 18038 16158 5385 151 10773 5234 1298 1245 648 3936 597 146 1880 502 86 11502 4125 106 656 103 3469 97 7187 553 3824 3223 1216 2007 1138 6781 2940 298 144 201 3372 3586 711 95 112 3841 2602 1239 1784 1689 841 769 574 200 374 195 165 106 848 389 459 818 144 535 402 347
internal_count=32821 21319 18038 16158 5385 151 10773 5234 1298 1245 648 3936 597 146 1880 502 86 11502 4125 106 656 103 3469 97 7187 553 3824 3223 1216 2007 1138 6781 2940 298 144 201 3372 3586 711 95 112 3841 2602 1239 1784 1689 841 769 574 200 374 195 165 106 848 389 459 818 144 535 402 347
cat_boundaries=0 1 2 3 4 5 6
cat_threshold=5382 4492 6144 4677 1178 2409
is_linear=0
shrinkage=0.05


Tree=61
num_leaves=63
num_cat=7
split_feature=22 2 9 39 9 10 30 43 33 37 7 22 6 6 41 25 9 7 7 33 23 1 27 39 18 30 21 25 26 25 39 21 1 13 9 18 11 11 17 1 4 11 41 7 2 14 30 39 23 22 33 41 16 2 21 29 23 6 7 41 33 23
split_gain=2.26453 1.927 1.89023 1.81846 3.83511 1.57008 1.88129 1.51138 1.50513 1.48517 1.33954 1.3297 1.87514 2.11959 1.36359 1.28844 1.36468 1.27602 2.52502 1.84382 1.22245 1.47994 1.20908 1.43619 1.45518 1.75114 2.8669 1.44114 1.408 1.28739 1.31461 2.09663 1.55505 1.39712 1.27771 1.19418 1.16498 1.33611 1.54058 1.3258 1.17893 1.44666 1.16228 1.66619 1.28617 1.15903 1.25282 2.16723 1.63741 1.14256 1.14247 1.1622 1.14114 1.13908 1.57488 1.46841 1.13741 1.12929 1.11416 1.10871 1.08955 1.60687
threshold=-0.17688639959420357 0.48039698203034359 0.10799068803700407 0 0.084389904237274119 -0.023479679291800167 9.3500000000000032 1.0000000180025095e-35 34.992857142857154 109.50000000000001 7.068244594967247 0.017634934480902035 9.487320204401227 9.6574465721917679 3.032492668621702 1 0.41854841191421771 8.7836010452333095 8.7050375181915793 27.657142857142862 -0.32809573701875799 -0.45154606409592629 13.500000000000002 2 0.51631025538187825 8.9500000000000011 2913.7500000000005 3 36.500000000000007 4 5 7037.5000000000009 0.036832168800115202 2.5850326938441905 0.27838676028620185 -0.12508698609155969 12.500000000000002 5.5000000000000009 0.22095324629936378 -1.0000000180025095e-35 -0.11778303565638336 88.500000000000014 50.192012288786493 7.7440253999133821 0.06453648988539841 -0.49261300349125098 98.200000000000031 6 -1.0000000180025095e-35 -0.33840338039978812 26.221428571428579 60.507812500000007 -2.8195609708590967 0.1872436389177228 3306.2500000000005 1.0000000180025095e-35 -0.59715189782863576 7.0222710942220248 7.2329320444191358 9.1148351648351653 29.071428571428573 -0.61001208798634099
decision_type=10 2 10 1 8 2 2 2 2 8 2 10 2 2 2 1 10 2 2 2 10 2 2 1 10 2 10 1 2 1 1 8 2 2 10 10 2 2 2 2 2 2 2 2 2 2 2 1 10 10 2 2 2 2 10 2 10 2 2 2 2 8
left_child=1 2 52 4 -2 6 8 15 -6 -5 50 12 14 -14 -12 16 -4 18 22 -20 -18 -22 23 -17 27 -26 28 35 -27 30 31 -24 -33 36 60 -25 37 58 39 -39 -38 -42 43 56 -44 -13 -47 48 -48 53 -11 -52 -1 55 -55 -36 -7 -23 -32 -21 61 -31
right_child=3 -3 7 9 5 42 -8 -9 -10 10 11 45 13 -15 -16 17 20 -19 19 59 21 57 29 24 25 26 -28 -29 -30 34 33 32 -34 -35 49 -37 40 38 -40 -41 41 -43 44 -45 -46 46 47 -49 -50 -51 51 -53 -54 54 -56 -57 -58 -59 -60 -61 -62 -63
leaf_value=0.0013719888091765972 0.0067831363102508896 -0.0029310448295000093 -0.00055098955480020013 -0.0023348275456269376 0.001780709516180017 0.0054636822850018642 -0.0017820465477426301 0.0060792716678516896 0.0060375070871337248 0.0093415714461221305 -0.0021050548071989091 -0.0024046288607531005 0.0052283761683758756 -0.00068390219244495625 -0.00012805565393951402 1.4051212449209483e-05 -0.00094412511337527323 -0.0006598207239633014 0.0073324160058926766 -0.00043161619695092482 -0.0023609829682510815 0.037587224136818913 -2.3120359790755578e-05 0.0075983472317256691 0.0020237009364530729 0.006540267982066761 0.00055062844451602983 0.00026900349345676723 0.0087951465829694073 0.004681000204688787 0.0030375495752828592 0.0059746125089847543 0.0010543695048439038 0.007656973880365194 0.0026788538441118014 6.4889725846280916e-05 0.00087050518054137367 0.0040196704805232812 5.1595863989341473e-05 0.0067733800018183622 -0.0012776690690642484 0.0029951912932783707 0.00181335915690404 -0.0020451874263466992 -0.0010101359527346962 -0.0011843425346273167 0.0071074424187789441 -0.00067530806889826286 0.00025530385760379507 -0.0013344830960370011 -0.00061158826087400137 0.00048418439945909793 -0.00050529746537015456 0.0017027105419988614 0.0039003730643293794 -0.0021488585253588242 -2.3216347011534517e-05 0.010133093812851227 -0.001058523432902988 0.0070886238106981419 -0.001596575034137001 -0.00013582181845907322
leaf_weight=46 52 653 3097 912 246 53 121 83 58 46 551 1073 56 60 3263 1062 160 1160 40 76 43 50 143 76 236 46 82 708 42 79 72 83 75 55 386 40 1023 42 56 45 818 57 45 529 52 4723 41 193 70 177 800 1245 4129 112 45 266 239 41 120 71 1312 1315
leaf_count=46 52 653 3097 912 246 53 121 83 58 46 551 1073 56 60 3263 1062 160 1160 40 76 43 50 143 76 236 46 82 708 42 79 72 83 75 55 386 40 1023 42 56 45 818 57 45 529 52 4723 41 193 70 177 800 1245 4129 112 45 266 239 41 120 71 1312 1315
internal_value=-0.000480844 -0.000110301 -1.10997e-05 -0.000948785 0.000764579 0.000249255 0.00275821 0.000278461 0.00485246 -0.00113194 -0.000986225 -0.0012262 -0.000508778 0.00572649 -0.00069987 0.000236252 -0.000604058 0.000523612 0.000730509 0.00646276 0.00264407 0.00614815 0.000604734 0.00158744 0.00273972 0.00520884 0.00906433 0.00155151 0.0152809 0.00024594 0.00109808 0.00415064 0.00823899 0.000678555 -0.000353768 0.00645669 0.000485675 0.0031994 0.00684028 0.0109659 5.26474e-06 -0.00134133 -0.000914038 -0.00152677 0.00423469 -0.00168825 -0.00136933 0.0017377 0.00692623 0.00118541 0.000164913 -1.22202e-05 -0.000939896 0.00198148 0.00579114 0.00105666 0.00150171 0.00972826 0.00046632 0.00381757 -0.000916145 5.73465e-05
internal_weight=32650 18222 17569 14428 1395 1343 425 13394 304 13033 12121 10030 3930 116 3814 13311 3391 9920 8760 187 294 134 8573 2292 1230 406 170 824 88 6281 2589 301 158 2288 3692 116 2233 335 143 87 1898 875 918 821 97 6100 5027 304 111 986 2091 2045 4175 809 157 652 292 91 192 147 2706 1394
internal_count=32650 18222 17569 14428 1395 1343 425 13394 304 13033 12121 10030 3930 116 3814 13311 3391 9920 8760 187 294 134 8573 2292 1230 406 170 824 88 6281 2589 301 158 2288 3692 116 2233 335 143 87 1898 875 918 821 97 6100 5027 304 111 986 2091 2045 4175 809 157 652 292 91 192 147 2706 1394
cat_boundaries=0 1 2 3 4 5 6 7
cat_threshold=176 1160 2451 96 2066 512 4352
is_linear=0
shrinkage=0.05


Tree=62
num_leaves=63
num_cat=7
split_feature=1 9 0 37 17 12 25 20 39 15 37 19 23 24 39 15 5 19 33 16 30 14 15 21 11 1 25 10 6 0 5 39 21 21 20 26 12 15 21 17 3 1 0 23 3 18 1 10 6 21 21 25 2 5 1 9 22 2 33 9 23 0
split_gain=1.83324 1.69651 1.53692 1.3799 1.35109 1.36642 1.28849 1.28469 1.28211 1.48913 1.21062 1.2035 1.57814 1.18445 1.23437 1.15422 1.10906 1.06762 1.07245 1.05514 1.10552 1.10671 1.50971 1.04323 1.49125 1.26038 1.11932 1.34377 1.2272 1.03721 1.0216 1.00419 1.07778 0.984634 0.94321 1.31385 1.40026 1.06996 1.31374 1.35601 0.932201 1.30133 0.925426 1.39378 1.06704 1.44177 0.911253 0.870813 0.863145 1.28703 0.936856 1.06536 1.28379 2.03914 1.26429 0.846776 1.03659 1.19129 1.52922 0.931159 1.80155 1.57506
threshold=0.29997407554865868 0.046226761001741876 0.015292999918187002 50.500000000000007 -0.074001896971283218 8.5000000000000018 0 -0.053854894736792551 1 -0.18428733787836934 35.500000000000007 0.041149591174201201 0.20763936477824452 2 3 1.0362634877014971 6.3736366817472234 0.074268625600906094 40.121428571428581 0.57829856268881363 26.850000000000005 0.042586288909986399 0.35482137528940955 721.20000000000016 61.500000000000007 0.26302845233791677 4 0.22248726627218443 7.3132287442782333 0.13353139262452321 7.6601936588677964 5 16050.000000000002 13025.000000000002 0.0048184949490962569 19.500000000000004 77.500000000000014 0.67891025820010775 1399.6050000000002 0.14058832010810687 -0.09531017980432431 -0.051292652940192689 -0.0082088649206863967 -0.21523639524455015 -0.051292268071787987 0.383906801306866 0.22314355131420929 0.14887010361135114 9.0460757767044075 1750.8350000000003 1485.2500000000002 6 -1.0000000180025095e-35 6.9303285898983775 0.054067221270276196 0.2829375865653363 0.27291298879293052 0.54210900813846064 26.63571428571429 0.31973432132619389 -0.085846950296410082 0.26650386809640031
decision_type=2 10 2 10 2 2 1 8 1 2 10 2 8 1 1 2 2 2 2 2 2 2 2 10 2 2 1 2 2 2 2 1 10 8 10 2 2 2 10 2 2 2 2 8 2 8 2 2 2 8 10 1 2 2 2 8 10 2 2 10 10 2
left_child=1 3 4 47 5 16 31 8 -8 30 15 -11 -13 14 48 -7 -3 19 -19 23 -21 -22 -23 24 25 -4 27 28 29 -26 -10 42 46 -17 -16 -36 37 38 39 -37 -14 -42 -6 -44 45 -45 -33 -1 49 50 51 -9 53 -53 -54 -2 57 58 -57 60 61 -60
right_child=55 2 17 -5 6 10 7 13 9 11 -12 12 40 -15 34 33 -18 18 -20 20 21 22 -24 -25 26 -27 -28 -29 -30 -31 -32 32 -34 -35 35 36 -38 -39 -40 -41 41 -43 43 44 -46 -47 -48 -49 -50 -51 -52 52 54 -55 -56 56 -58 -59 59 -61 -62 -63
leaf_value=-0.0018638186146452693 -0.0023722814876437517 0.0049572420432503934 -0.00094852530600678304 0.0017856744688333052 -0.00038170979367072218 0.00041984292191482223 -0.00023717604862544435 -0.0015567182196340507 0.015268446876933737 -1.1659104436297726e-05 0.0020214624258646763 -0.00044647806276728805 0.0026250146650497338 -0.00030621842563358955 -0.00093663587301822293 0.0006850078650449099 -0.0011028825407783504 -0.0017400799506031798 0.0046524151134892831 8.987496870124033e-05 -0.0029012966770261294 0.0037834021248835566 0.00024176920742478435 -0.00063490026451969823 0.012625928907130914 0.0039448888196381383 0.00053399319329146668 -0.0038025116971478509 0.0023798567683446996 0.00043516493062498895 0.003800649660848253 -0.0011851208794803061 0.0025027054305461933 0.0069225743198498228 -0.0011840444355632591 0.0042921913378004446 -0.0023200376424960499 0.0064375919659377797 0.00032827599732278978 0.0021797495487195988 0.0073021264943778155 0.0022226080439684665 0.01166729806706618 -4.1239023338599888e-05 -0.00063338169893982369 0.0079539236998230171 0.0058151619676471006 0.00078054359463886871 -0.0027878717365875942 0.002620708864593251 -0.0013820774576092838 0.001106585184883541 -0.0030527974803137032 0.0084096804737466089 0.0072597108545079895 0.0056542308782541687 -0.005976752492883943 -0.0034966182851132346 0.00606532557704045 -0.00029780853647482322 -0.0042461757007317153 0.0095110108681028243
leaf_weight=842 1391 43 1382 45 760 5499 532 130 40 362 79 86 82 4053 619 76 855 2252 46 491 43 41 62 5663 62 69 549 59 145 44 59 2645 45 41 365 40 79 45 167 63 42 45 54 47 195 44 58 45 97 433 79 52 63 41 41 63 401 237 66 531 70 42
leaf_count=842 1391 43 1382 45 760 5499 532 130 40 362 79 86 82 4053 619 76 855 2252 46 491 43 41 62 5663 62 69 549 59 145 44 59 2645 45 41 365 40 79 45 167 63 42 45 54 47 195 44 58 45 97 433 79 52 63 41 41 63 401 237 66 531 70 42
internal_value=-0.000491927 -0.000377297 -0.000309685 -0.00247589 -2.65837e-05 0.000543675 -0.000354589 2.29466e-05 0.00148919 0.00284732 0.000829528 0.00196602 0.00458984 -0.000264605 0.000636558 0.000742388 -0.00126808 -0.000778258 -0.00173554 -0.000522589 0.00143417 0.00523809 0.00802884 -0.000679083 0.000216355 -0.00076102 0.00186628 0.00420561 0.00593254 0.01 0.00855 -0.00109873 -0.00160928 0.00563559 -0.000316776 0.000861841 0.00286076 0.00435126 0.00313653 0.00754808 0.00738235 0.0109659 0.000180017 0.00234604 0.000940765 0.00538043 -0.00174371 -0.00291104 0.00202745 0.00256547 0.000540539 0.00172256 0.00391827 0.00835106 0.000285713 -0.00171485 -0.000850462 4.9493e-06 0.000957308 0.000288731 0.00340782 0.00743119
internal_weight=32697 29896 28964 932 18056 6593 11463 7615 1248 716 5695 617 255 6367 2314 5616 898 10908 2298 8610 637 146 103 7973 2310 1451 859 310 251 106 99 3848 2748 117 1378 759 394 315 270 103 169 87 1100 340 286 91 2703 887 936 839 406 327 197 93 104 2801 1410 1009 772 709 178 108
internal_count=32697 29896 28964 932 18056 6593 11463 7615 1248 716 5695 617 255 6367 2314 5616 898 10908 2298 8610 637 146 103 7973 2310 1451 859 310 251 106 99 3848 2748 117 1378 759 394 315 270 103 169 87 1100 340 286 91 2703 887 936 839 406 327 197 93 104 2801 1410 1009 772 709 178 108
cat_boundaries=0 1 2 3 4 5 6 7
cat_threshold=1217 2320 6 2197 2657 2232 2054
is_linear=0
shrinkage=0.05


Tree=63
num_leaves=63
num_cat=9
split_feature=39 7 41 0 33 25 42 13 35 36 30 3 25 41 9 24 25 2 41 4 21 11 5 33 13 42 9 38 19 30 41 27 31 23 27 26 23 6 31 25 41 8 4 31 39 12 42 26 41 12 5 2 27 7 9 19 35 37 3 25 26 30
split_gain=1.69617 2.11234 2.0975 2.08382 1.62767 1.55074 1.73633 2.65021 1.53483 2.53963 1.79982 1.487 1.53755 1.43895 1.33794 1.26944 1.26434 1.25488 1.19442 1.54392 1.43559 1.19045 1.42117 1.32393 1.24724 1.17513 3.27883 1.16738 1.31542 1.73395 1.61652 1.16059 2.16592 1.36776 1.70834 1.51587 1.29527 1.64469 1.13661 1.11422 1.10953 1.56772 1.09818 1.72546 1.08246 1.56555 1.59768 1.06582 1.05256 1.05222 1.04937 1.02719 1.17022 1.89519 1.84813 1.04775 1.02031 1.23723 1.30886 1.75027 1.2339 1.17265
threshold=0 7.1982017582533979 3.2754310344827591 0.076961041136128575 30.157142857142862 1 0.6868872549019609 0.39741924741924745 0.0091161916517418506 6.3889481399101962e-08 35.850000000000009 -0.40546316471382798 2 4.4064004096262162 0.29670281010251653 3 4 -0.74721440183022059 4.4064004096262162 -0.38299168407396461 1380.3200000000004 73.500000000000014 8.4299186117885601 27.792857142857148 1.3333329166666668 0.9842509920634922 0.37662030067147806 5 0.0066068223217450976 103.3 70.478854166666693 32.500000000000007 68.850000000000023 0.10847651169843654 18.500000000000004 23.500000000000004 -0.71760896327869561 7.9652687076402637 13.650000000000002 6 5.1138286620835549 0.1574374767417763 -0.53315677498689806 1.3500000000000003 7 81.500000000000014 0.92247596153846168 18.500000000000004 4.7145199063231855 26.500000000000004 7.8440441219656982 0.091404239821359493 9.5000000000000018 7.3647036598012763 0.14670389068176792 -0.26439725327944658 2.4306651502559569e-09 52.500000000000007 -0.10536051565782632 8 42.500000000000007 101.70000000000003
decision_type=1 2 2 2 2 1 2 2 2 2 2 2 1 2 10 1 1 2 2 2 10 2 2 2 2 2 10 1 2 2 2 2 2 8 2 2 10 2 2 1 2 10 2 2 1 2 2 2 2 2 2 2 2 2 10 2 2 10 2 1 2 2
left_child=1 2 -1 5 11 6 7 -2 56 10 -10 12 48 -7 31 27 -5 -17 19 -6 47 22 23 -16 25 -25 -27 39 29 40 -31 32 33 36 35 -35 37 -8 -11 -15 41 -29 43 -33 -44 -46 -47 -21 -3 -36 -51 55 53 -53 -55 -20 57 58 61 -60 -61 -4
right_child=3 4 8 16 18 13 14 -9 9 38 -12 -13 -14 15 21 17 -18 -19 51 20 -22 -23 -24 24 -26 26 -28 28 -30 30 -32 42 -34 34 49 -37 -38 -39 -40 -41 -42 -43 44 -45 45 46 -48 -49 -50 50 -52 52 -54 54 -56 -57 -58 -59 59 60 -62 -63
leaf_value=0.010441212786943911 -0.00025522977650059488 -0.00062883210348838731 0.00041584421750868637 -0.0015442419977218229 0.0092019481347846398 -0.00078003667645339288 0.0082615129519368353 0.013539065580535229 0.0046086495237882925 -0.0026225602081142076 -0.0020237617601153138 -0.0015716939234866904 -0.0032125412568959448 -0.0017041822562298987 0.005442594443065888 0.040439057170881837 -0.00048965778840703747 -0.00035082285330774118 0.0026481170199303223 0.0044140327096528903 -0.0028292257748401732 -0.0030438409892096386 -0.0015478485418848416 0.00066681298459520802 0.010476024044318272 0.011851081055740342 -0.0005703120232533153 0.0039832556007375003 1.8844616591351684e-05 0.0065193132980712921 0.00026155883947214762 -0.003710796520227501 -0.00069217610635565364 0.0074909451967834027 0.0027676511475420926 0.002008367501718272 -0.00028894948181933756 -0.00069830009856204709 0.0023545439075281852 0.00019465786251495192 0.00079290266828887634 -7.107882153206922e-05 -0.001206598298060405 0.0055695200280121843 -0.00014425739300822594 -0.0010047870140908323 0.0060996712202997091 -0.0031395001151397241 0.0083177931660202414 0.0041829919459113732 -0.00095903373300477036 -0.0010819084876754884 -0.00024798309152852474 0.0036343028666424256 0.0022440394756590462 -0.00083803813610339249 -0.002652684787312344 0.0017076803213397997 -0.0022443532708346556 -0.00024326933541100908 0.0031546299878086916 0.0058568098837561396
leaf_weight=66 49 40 1140 2015 43 2855 62 51 80 175 40 3305 183 470 46 42 3988 3616 77 68 131 101 106 192 77 42 41 58 1713 43 48 46 406 70 82 113 387 65 41 573 1820 50 740 83 693 45 71 41 61 70 164 40 362 40 42 1597 464 59 927 2558 41 42
leaf_count=66 49 40 1140 2015 43 2855 62 51 80 175 40 3305 183 470 46 42 3988 3616 77 68 131 101 106 192 77 42 41 58 1713 43 48 46 406 70 82 113 387 65 41 573 1820 50 740 83 693 45 71 41 61 70 164 40 362 40 42 1597 464 59 927 2558 41 42
internal_value=-0.000498521 -0.000982098 -0.000286654 -0.000230526 -0.00163323 8.28296e-05 0.000954628 0.00742574 -0.000392422 0.00287834 0.00867768 -0.00231059 0.00115789 -0.000211524 0.000780447 0.000116788 -0.00101849 -0.000583266 -0.000636774 0.00241197 0.000829874 0.00292904 0.00392079 0.00528822 0.00422096 0.00262681 0.00755952 0.000652945 0.00106599 0.00193317 0.0086413 0.000359908 0.00141197 0.00264793 0.00451 0.00834239 0.00083495 0.00519531 -0.000368665 -0.000820684 0.00161223 0.00651376 -0.000530079 0.00388461 -0.000900001 0.00037195 0.00572649 0.00504545 0.00575893 0.00227129 0.00055319 -0.00103752 0.00098969 0.00520325 0.00951807 -0.00162388 -0.000603021 -0.000384859 -0.000475686 -0.000958323 -0.000285442 0.000963651
internal_weight=32756 11663 5633 21093 6030 15090 3802 100 5567 336 120 3589 284 11288 3702 8433 6003 3658 2441 283 240 605 504 398 352 275 83 4775 3732 2019 91 3097 1419 1013 499 183 514 127 216 1043 1928 108 1678 129 1549 809 116 109 101 316 234 2158 484 122 82 1674 5231 4767 4708 3526 2599 1182
internal_count=32756 11663 5633 21093 6030 15090 3802 100 5567 336 120 3589 284 11288 3702 8433 6003 3658 2441 283 240 605 504 398 352 275 83 4775 3732 2019 91 3097 1419 1013 499 183 514 127 216 1043 1928 108 1678 129 1549 809 116 109 101 316 234 2158 484 122 82 1674 5231 4767 4708 3526 2599 1182
cat_boundaries=0 1 2 3 4 5 6 7 8 9
cat_threshold=454 2096 448 7 526 4 708 2561 3264
is_linear=0
shrinkage=0.05


Tree=64
num_leaves=63
num_cat=5
split_feature=13 2 7 22 42 8 39 33 19 42 30 8 26 3 39 26 21 34 5 7 10 35 37 1 33 22 26 26 8 37 20 39 4 41 41 34 39 8 1 26 5 1 20 19 26 42 6 28 14 6 5 3 3 26 39 26 26 4 41 4 4 7
split_gain=2.02694 1.45867 1.38386 1.32805 1.32289 1.26301 1.26066 1.74087 1.21595 1.36757 1.20314 1.20275 1.96304 1.36882 1.18815 1.80904 1.53966 1.72131 1.58975 1.55469 1.15131 1.11959 2.17974 1.06004 1.1623 2.09819 1.19155 2.24721 1.11308 1.3264 1.95756 1.05358 1.07138 1.05066 1.04007 1.02067 0.966401 1.3998 1.27309 1.03451 1.81493 1.01897 0.95302 1.57792 0.905782 1.12301 1.11596 0.903066 0.901447 0.895215 1.70409 0.880159 0.934427 0.871283 1.58562 1.32895 1.19964 2.57849 1.66154 1.2659 1.26739 1.60248
threshold=0.82051410256410262 -0.060624621816435013 6.703854655643009 0.010380457158981631 0.60397012578616371 0.23832431530730794 0 27.407142857142862 0.045684917634652829 0.68377192982456159 160.80000000000001 0.097741482294345941 24.500000000000004 -0.51082562376598994 1 1.5000000000000002 2913.7500000000005 1.0000000180025095e-35 7.4757023082724006 7.8622803617946486 0.047064819394652797 0.0020087043954519546 30.500000000000004 0.2876853590842981 38.550000000000011 0.53073315717158775 20.500000000000004 22.500000000000004 0.13443561074267027 35.500000000000007 0.0061844262661626057 2 0.25704596505960003 3817.1821084529506 186.30915178571431 1.0000000180025095e-35 3 0.18013809482696139 0.21357371568252684 35.500000000000007 7.6104274571751915 -0.037041271680349201 0.041682119053309298 -0.1013991140031648 19.500000000000004 0.98449519230769245 6.9236582515130403 1.0000000180025095e-35 0.020619287202735984 9.487320204401227 9.7989369327325608 0.067467450813421884 -0.072283075013047413 28.500000000000004 4 2.5000000000000004 21.500000000000004 0.31845373111853542 7.7036666666666678 0.057929324989110416 -0.18232155679395443 6.9584697224626408
decision_type=2 2 2 8 2 8 1 2 2 2 2 10 2 2 1 2 10 2 2 2 2 2 10 2 2 8 2 2 8 10 10 1 2 2 2 2 1 10 2 2 2 2 10 2 2 2 2 2 2 2 2 2 2 2 1 2 2 2 2 2 2 2
left_child=1 14 11 49 5 20 42 36 9 -4 23 12 33 -13 15 -1 17 -17 -19 -20 -5 -16 -23 24 26 -26 -11 51 29 -29 -31 32 -15 34 -2 -25 37 38 41 -38 -41 -8 44 -44 45 46 -6 -45 -47 53 -51 52 -28 54 56 -56 59 -58 -59 60 -3 -62
right_child=2 3 8 4 6 -7 7 -9 -10 10 -12 13 -14 31 21 16 -18 18 19 -21 -22 22 -24 35 25 -27 27 28 -30 30 -32 -33 -34 -35 -36 -37 39 -39 -40 40 -42 -43 43 47 -46 48 -48 -49 -50 50 -52 -53 -54 -55 55 -57 57 58 -60 -61 61 -63
leaf_value=0.0040997262937094263 -0.0022400720706350192 -0.00049690752521248092 0.0077313832449915484 0.0063527173779143291 0.0013438319837849721 -0.0010894843208521974 0.0044380158473373834 -0.0010644166653958069 -0.00052485649553738335 -0.0005121717769915623 0.0082153361935400696 0.0090240697288914463 0.0043607231920707633 0.0074864105097932039 -0.00060311462190915533 0.00028793949754758952 -0.0010454667159303399 -0.00030374868407690358 0.0031533002149237814 0.003058561463826874 0.0025826870634705142 -0.0011573418954917262 0.004597788573116708 -0.0022411495443813568 0.00080440677237143322 0.0081966561905688334 0.0041427632934777506 -0.00081384253252343719 0.00095901895767809802 -0.00039707074435623465 0.0024960925702629672 -0.00027535338104057051 -0.0017239209254200909 -0.0021788791316864559 0.0051674854069147982 0.0024481813398624886 -0.0012528592029421547 -0.00020730998290508968 0.0047573859714614038 0.0038092000530694408 -0.0011639049705848973 0.00041713486670419246 0.005308944172195084 0.0008053708250953175 -0.0018543226071627403 0.0020995311012738647 -0.0012559718053982514 -0.0017730552575728035 -0.00052505150386163548 0.0040890945838495101 -0.0037923958161793178 0.001718451734429906 0.0044014981057001051 -0.00068335617951028856 0.0060491107575059268 -0.0012485701782858581 0.00032293836875870938 0.0083836063535534227 0.00074822160178719048 -0.0007078870762482443 0.0032213529880968659 0.00084063546236718377
leaf_weight=71 47 233 69 41 40 40 43 4555 3427 1790 50 82 62 78 2698 2459 1296 42 42 45 46 78 41 647 343 83 78 1399 2370 90 65 753 50 40 51 41 334 255 53 75 148 166 42 49 1825 53 763 285 44 56 47 93 40 2123 47 972 450 74 69 720 64 374
leaf_count=71 47 233 69 41 40 40 43 4555 3427 1790 50 82 62 78 2698 2459 1296 42 42 45 46 78 41 647 343 83 78 1399 2370 90 65 753 50 40 51 41 334 255 53 75 148 166 42 49 1825 53 763 285 44 56 47 93 40 2123 47 972 450 74 69 720 64 374
internal_value=-0.000456345 -0.000752194 6.89408e-05 -0.0010421 -0.00141511 0.00363281 -0.00148895 -0.00103635 -0.000110997 0.000259812 0.000191113 0.00170533 0.00522388 0.000969916 -0.000149123 0.000409732 0.000265121 0.000969485 0.00657692 0.0103977 0.00698864 -0.000931755 0.00379167 0.000135652 0.000337688 0.00285714 0.000156091 0.000622581 0.000351591 -0.000688104 0.0036859 0.000391155 0.00438849 0.0018705 0.00464646 -0.00172714 0.000772092 0.00230114 0.00490494 -0.000677818 0.00194196 0.00311905 -0.00229917 5.30492e-05 -0.00263206 -0.00133185 -0.00194652 -0.00110448 0.00372449 -0.000410135 0.00418269 0.00563679 0.00848739 -0.000503219 4.49389e-05 -0.00154854 0.000867167 0.00275252 0.00857639 6.82459e-05 0.00162946 0.00321184
internal_weight=32606 20858 11748 14086 8857 127 8730 5629 10585 7158 7089 1163 200 963 6772 3955 3884 2588 129 87 87 2817 119 7039 6351 426 5925 4135 3924 1554 155 881 128 138 98 688 1074 517 262 557 223 209 3101 376 2725 900 803 334 97 5229 103 211 118 5126 3003 1019 1984 593 143 1391 671 438
internal_count=32606 20858 11748 14086 8857 127 8730 5629 10585 7158 7089 1163 200 963 6772 3955 3884 2588 129 87 87 2817 119 7039 6351 426 5925 4135 3924 1554 155 881 128 138 98 688 1074 517 262 557 223 209 3101 376 2725 900 803 334 97 5229 103 211 118 5126 3003 1019 1984 593 143 1391 671 438
cat_boundaries=0 1 2 3 4 5
cat_threshold=197 5804 256 1824 925
is_linear=0
shrinkage=0.05


Tree=65
num_leaves=63
num_cat=4
split_feature=10 39 39 22 1 10 29 30 41 41 39 22 19 26 30 24 4 2 41 12 0 8 3 14 26 17 11 14 9 6 2 21 2 22 26 26 4 30 10 26 12 19 41 1 5 26 42 8 18 30 1 31 31 40 9 33 17 5 9 33 8 41
split_gain=2.10713 1.91911 1.85902 2.41906 1.59926 1.20086 1.13887 1.7155 2.28545 2.12211 1.2438 1.13812 1.09248 1.82993 1.01571 1.14547 1.54308 1.34158 1.00752 2.34127 2.20453 1.41306 1.83763 1.29543 1.0108 2.17876 1.44466 1.91608 1.00206 0.97542 1.0773 1.00718 0.969557 1.06986 1.33692 1.49939 2.60319 1.14354 1.19337 1.78085 1.91485 1.00405 1.27063 0.947725 0.944465 1.43851 0.934692 2.4457 0.925651 0.959538 0.923027 0.912496 0.967588 1.91266 1.39827 0.889709 0.883656 0.879768 1.61256 0.895553 0.87689 0.833567
threshold=-0.010445798830995388 0 1 0.0066432182136029767 -0.82898601372034653 0.3927253968266467 1.0000000180025095e-35 72.850000000000023 3.032492668621702 6.0836021505376356 2 -0.98722270184461125 -0.049510512897138863 50.500000000000007 0.25000000000000006 3 -0.30748469974796006 -1.0000000180025095e-35 195.66406250000003 42.500000000000007 -0.061875378186193146 0.10636719694395368 0.27306932980924398 0.029852963149681225 47.500000000000007 0.029024842958255363 47.500000000000007 0.2084029873062683 0.042998140146435368 7.2444286694236428 0.10661602882272982 900.1450000000001 0.40546510810816511 -0.32841445894291682 28.500000000000004 26.500000000000004 0.18232163679396154 0.25000000000000006 0.048891210850030571 10.500000000000002 60.500000000000007 -0.15568748359182674 13.683771929824564 -0.069272352992734362 8.2818015626368311 2.5000000000000004 0.68237250554323736 0.081624279383140527 -2.3238855437980299 160.80000000000001 -0.27193309048403197 13.950000000000003 0.75000000000000011 2.5000000000000004 0.24039818492716966 34.992857142857154 -0.0064016604277394853 8.3615940702558067 0.31973432132619389 29.050000000000004 0.21872301071503492 1396.1095982142861
decision_type=2 1 1 10 2 2 2 2 2 2 1 8 2 2 2 1 2 2 2 2 2 10 2 2 2 2 2 2 10 2 2 10 2 10 2 2 2 2 2 2 2 2 2 2 2 2 2 8 8 2 2 2 2 2 10 2 2 2 10 2 8 2
left_child=2 18 6 4 -4 28 11 10 -9 -10 14 50 -6 60 15 16 -8 -18 24 20 23 22 -22 -20 32 43 -27 -28 -3 30 -12 -32 33 34 35 41 -37 38 39 40 -35 42 -2 -26 45 -40 47 -30 -48 56 -1 52 55 -54 -55 -17 -50 58 59 -36 -14 -62
right_child=1 5 3 -5 12 -7 7 8 9 -11 29 -13 13 -15 -16 51 17 -19 19 -21 21 -23 -24 -25 25 26 27 -29 46 -31 31 -33 -34 37 57 36 -38 -39 44 -41 -42 -43 -44 -45 -46 -47 48 -49 49 -51 -52 -53 53 54 -56 -57 -58 -59 -60 -61 61 -63
leaf_value=0.0029713320714938414 0.0069441821997355407 -0.0024749843316941374 0.0069541570803061436 -0.0018782568788448441 0.00042712634564422565 -0.0044050194874746392 0.018259565826012306 -0.0016243453556539949 0.0072725380356591894 0.00033947537273469928 -0.00018559515792604701 0.00050659020206589756 -0.00076130486452675008 0.0038783692184195225 -0.00067173595998211932 -0.0019258531045903864 -0.00030642569380365817 0.0061182707940730862 0.0081443722485573713 -0.00069360786468310349 0.00043909520357154067 5.0279323637606261e-05 0.01366293554920936 0.005096609071020726 0.0032910097767958669 0.0010579779530512597 0.0055863655494583333 0.00080036745170353858 0.0043376235934752287 -0.0013158724560362639 0.0044407491066964355 -0.0010197288749022543 -0.0019484500338643894 0.0017313908570814201 0.00023009666613638005 -0.0022461957771384745 0.0087170086832515422 -0.001420360130735392 0.010800091525655 -0.0012379372918171413 0.0052544703984786821 0.00028725796647517546 -0.00023684818040882132 -0.0011522110918665714 -0.0019581523542852803 -0.00014286323756545623 -0.0036643620923386988 -0.00049861583356703256 -0.00023996208399384598 0.0067003662235800947 0.036738229479607885 -0.0016324436186360221 -0.00022501948535822632 0.0068514416349189367 0.00065458395553257996 0.0017832630334740998 -0.00080001254321126212 -0.0033834686895654561 0.0031326994911987198 -0.0025009393409158678 0.00039548736381822785 -0.0031772231017040266
leaf_weight=55 48 603 62 1484 1765 818 41 62 55 72 549 3637 2912 68 420 173 71 53 56 554 73 291 42 45 48 105 53 42 76 1467 53 43 522 52 295 50 52 1797 46 131 48 1129 43 243 263 453 216 110 3741 57 40 99 97 72 45 122 5484 286 52 169 1017 68
leaf_count=55 48 603 62 1484 1765 818 41 62 55 72 549 3637 2912 68 420 173 71 53 56 554 73 291 42 45 48 105 53 42 76 1467 53 43 522 52 295 50 52 1797 46 131 48 1129 43 243 263 453 216 110 3741 57 40 99 97 72 45 122 5484 286 52 169 1017 68
internal_value=-0.000488593 -0.000849178 -4.17734e-05 -0.000599703 -0.000145937 -0.0012572 0.000527842 -0.000120173 0.0045 0.00832031 -0.000385664 0.00113581 -0.000231522 -0.00068249 0.000901162 0.0019832 0.00553977 0.00304 -0.000198601 0.0012194 0.00367126 0.00201474 0.00668103 0.0102451 -0.000452936 0.00171748 0.00572139 0.0101562 -0.00111149 -0.00111164 0.000503095 0.00536082 -0.000649256 -0.000431334 0.000414116 0.00139078 0.00718446 -0.00107488 0.000286719 0.00342672 0.00841584 0.0009009 0.00592391 -0.00104452 -0.000668415 0.000609999 -0.000988127 0.00251337 -0.00105695 -0.000981365 0.00651042 0.000904684 0.00177451 0.00432558 0.00860169 -8.44606e-05 -0.00102157 -0.00119552 3.86835e-05 -0.000903227 -0.000821662 0.000391343
internal_weight=32695 18093 14602 7376 5892 11105 7226 3494 189 127 3305 3732 5830 4065 1193 773 165 124 6988 1061 507 406 115 101 5927 491 200 95 10287 2112 645 96 5436 4914 2124 1322 102 2790 993 231 100 1220 91 291 762 499 9684 186 9498 9282 95 608 509 214 117 295 9225 802 516 464 3997 1085
internal_count=32695 18093 14602 7376 5892 11105 7226 3494 189 127 3305 3732 5830 4065 1193 773 165 124 6988 1061 507 406 115 101 5927 491 200 95 10287 2112 645 96 5436 4914 2124 1322 102 2790 993 231 100 1220 91 291 762 499 9684 186 9498 9282 95 608 509 214 117 295 9225 802 516 464 3997 1085
cat_boundaries=0 1 2 3 4
cat_threshold=3585 4540 184 8
is_linear=0
shrinkage=0.05


Tree=66
num_leaves=63
num_cat=9
split_feature=10 39 36 20 36 20 22 17 2 33 25 6 21 18 8 22 23 37 37 12 12 13 23 30 39 25 39 21 12 13 22 16 13 17 20 23 37 36 36 6 20 19 25 39 33 25 21 8 8 42 21 10 8 39 11 33 5 1 13 5 19 11
split_gain=2.29595 2.13534 1.62999 1.45138 1.43733 1.39864 1.39122 1.35514 1.4111 2.41273 1.30098 1.27868 1.41301 1.34885 1.28851 1.25813 1.25808 1.2536 1.71454 1.22508 2.28941 1.21267 1.7471 1.15476 2.91062 1.40118 1.87105 1.85699 1.51867 1.73354 1.25191 1.41307 1.62717 1.49128 1.17786 1.22272 1.14488 2.08096 1.3054 1.14437 1.24721 1.29023 1.14098 1.13784 1.53552 1.12516 1.2374 1.18958 1.31135 1.12356 1.10388 1.08814 2.11694 1.07578 1.50764 1.12706 1.17142 1.39698 1.11166 1.10758 1.24654 1.17587
threshold=-0.010445798830995388 0 0.25762223669394957 -0.12775670990578941 0.10938466095957998 0.1536775145266038 0.25322205653754098 0.26509344357763026 0.065037562461801382 34.778571428571432 1 8.1553821885017559 9456.2500000000018 0.69826288723275221 0.16067457189863682 0.010380457158981631 0.020451979187120498 52.500000000000007 65.500000000000014 16.500000000000004 64.500000000000014 1.2333341666666671 -0.021938796013206249 0.65000000000000024 2 3 4 4904.0000000000009 80.500000000000014 0.66666628726311961 -0.039891272868526111 -0.17185025692665942 0.5714272495319993 0.0023256414122920792 0.01228252252254068 -0.71760896327869561 15.500000000000002 0.21927209383816085 0.00029856514180912682 7.5619778281806811 -0.017330742412320101 -0.0085833253407317667 5 6 31.850000000000009 7 2377.5000000000005 0.31991259225798618 0.13654872987541819 0.64599358974358978 891.00000000000011 0.05777126155493973 0.070986418579119567 8 33.500000000000007 27.178571428571434 7.82043345783456 -0.064538249398367484 1.6351386961381855 6.6420024002935572 -0.18814285606365361 45.500000000000007
decision_type=2 1 2 8 2 10 10 2 2 2 1 2 10 10 10 8 10 10 10 2 2 2 10 2 1 1 1 10 2 2 8 2 2 2 10 10 10 2 2 2 10 2 1 1 2 1 10 8 10 2 8 2 8 1 2 2 2 2 2 2 2 2
left_child=2 11 3 45 23 10 7 8 9 15 17 16 42 -14 -15 -7 21 43 -19 49 36 -2 39 24 30 26 27 28 -25 -30 34 -32 -33 -34 -5 -36 -21 38 -38 40 -23 -42 -13 51 -45 46 47 48 -1 -12 -28 52 -3 54 55 56 57 -27 -57 -56 -61 -62
right_child=1 5 -4 4 -6 6 -8 -9 -10 -11 19 12 13 14 -16 -17 -18 18 -20 20 -22 22 -24 25 -26 53 50 -29 29 -31 31 32 33 -35 35 -37 37 -39 -40 -41 41 -43 -44 44 -46 -47 -48 -49 -50 -51 -52 -53 -54 -55 59 58 -58 -59 -60 60 61 -63
leaf_value=0.031878340896926177 0.00049510308707345478 0.0026427975433896411 -0.0035915835922075826 -0.0014009650221085655 0.002896576920781459 0.0067805422310621621 -0.0016744244934777477 -0.0039520514785864394 0.00065619774823598312 -0.00035532202094636897 0.0020543199028085781 -0.0001583282525721394 5.0879600185361566e-05 0.0029408258926530177 2.8607783630757359e-05 0.0093536523835084685 -0.00043850278325636847 0.0022059122531289401 -0.00094015437816940628 -4.073915136155801e-05 -0.0011491855913707094 -0.00012241284225692837 0.0079880373404330098 0.0026790330927656163 -0.00058909475465125465 -0.00018434933896165542 0.0031356048492351268 -0.00026867453665489679 0.0056037431751760807 0.0032823192551203668 0.00021248469306253519 0.0022195927949778134 0.0085348025018444091 0.0013199387087097208 0.010269327633307776 0.00064773090775068582 0.0021949767967535472 0.0028465211242770382 -0.0013171362498302808 -0.00027292687116149867 0.0014026718061687161 0.0082980951266503934 -0.0029646000450198541 -0.0026865834351459204 0.0039158530378857418 0.00030112173643669532 -0.0013764739446459496 0.0010489681229265107 0.011336948663785793 -0.00174310669961899 -0.00033068051599896607 -0.0014472245773554412 -0.00067238621086759375 -0.00039799793225645869 0.0075939258326924806 -0.0013770372382911934 -0.00061571351300538095 0.0044255229443466264 0.0030257455187237114 -0.0032763362923240304 0.0026975252502000279 0.00035798426904377542
leaf_weight=40 2422 77 196 194 47 41 431 114 177 52 44 1199 524 40 42 42 1482 74 85 2978 2298 78 40 720 5458 66 49 133 45 74 174 55 50 171 47 206 55 69 109 153 68 48 971 2271 98 339 61 56 86 899 810 963 284 2703 80 789 202 67 119 87 337 1083
leaf_count=40 2422 77 196 194 47 41 431 114 177 52 44 1199 524 40 42 42 1482 74 85 2978 2298 78 40 720 5458 66 49 133 45 74 174 55 50 171 47 206 55 69 109 153 68 48 971 2271 98 339 61 56 86 899 810 963 284 2703 80 789 202 67 119 87 337 1083
internal_value=-0.000418333 -0.000792146 5.01879e-05 0.000112202 8.7153e-06 -0.00122225 0.000716782 0.00274005 0.00444089 0.00827206 -0.00138477 -0.000110908 -0.000947066 0.00118616 0.00710843 0.0135119 0.000429868 -0.00211235 0.00221875 -0.000945383 -0.000661526 0.0010516 0.00364691 -2.15026e-05 -0.000515262 0.000404615 0.0015988 0.00309257 0.00399405 0.00920833 0.00210903 0.00399113 0.00620939 0.00425676 0.000256695 0.0025 0.000200808 0.00356837 0.000484847 0.00248563 0.00502564 0.0082906 -0.00154307 -0.00230509 -0.00296009 0.00255574 0.00505905 0.0073224 0.01 -0.00261123 -0.000109197 -0.00110112 0.00122928 6.31194e-06 0.000686377 -0.000614953 0.00186012 0.00548507 -0.00152915 0.0017097 0.00140252 0.00175932
internal_weight=32772 18228 14544 14348 13766 11161 857 426 312 135 10304 7067 2776 606 82 83 4291 3852 159 6452 5509 2809 387 13719 6355 7364 1831 972 839 119 897 450 276 221 447 253 3211 233 164 347 194 116 2170 3693 2369 582 243 182 126 943 859 1324 361 5533 2830 1243 335 133 908 1587 1507 1420
internal_count=32772 18228 14544 14348 13766 11161 857 426 312 135 10304 7067 2776 606 82 83 4291 3852 159 6452 5509 2809 387 13719 6355 7364 1831 972 839 119 897 450 276 221 447 253 3211 233 164 347 194 116 2170 3693 2369 582 243 182 126 943 859 1324 361 5533 2830 1243 335 133 908 1587 1507 1420
cat_boundaries=0 1 2 3 4 5 6 7 8 9
cat_threshold=3585 3265 152 1556 7683 2158 4136 405 5420
is_linear=0
shrinkage=0.05


Tree=67
num_leaves=63
num_cat=3
split_feature=27 25 26 9 31 7 9 40 12 37 13 9 0 37 8 7 18 17 7 5 31 25 10 21 7 15 22 7 19 9 20 3 9 30 26 20 20 30 30 19 12 21 37 25 20 15 21 27 18 10 15 23 31 9 23 27 0 2 40 31 22 30
split_gain=1.59038 1.70007 2.18178 2.62011 2.04976 2.04831 2.27591 1.61498 1.56842 1.54156 1.6355 1.55901 1.26099 1.23327 1.19571 1.12102 1.07629 1.05062 1.41732 1.73183 1.4911 1.90718 1.41283 1.52603 1.34055 1.96623 1.17816 1.16869 1.51398 1.36717 1.88011 1.87819 1.27496 1.2224 1.51645 2.39815 1.20882 3.44206 1.19982 1.19307 1.45501 1.1905 1.168 1.1677 1.19696 1.15577 1.18427 1.22673 1.14399 1.1391 1.07962 1.03085 1.98156 1.01769 1.06902 1.01508 1.02478 0.991034 0.984426 1.09563 0.966117 0.956292
threshold=7.5000000000000009 0 10.500000000000002 0.24039818492716966 1.0000000180025095e-35 6.936224538603958 0.21924520644667039 1.5000000000000002 19.500000000000004 17.500000000000004 0.63951312831895923 0.0257826060014603 0.024098527189767797 35.500000000000007 0.82563494565888085 6.703854655643009 1.3004847607214574 0.51421785988528346 8.1880685497141581 8.374644748053365 7.1500000000000012 1 -0.076221232655846002 10006.250000000002 8.3296084919266438 -1.0000000180025095e-35 -0.73450587959729707 7.3132974622550506 -0.27969093872794065 0.20879345650729464 0.040043259815512162 0.47660447271150513 0.37662030067147806 0.15000000000000005 46.500000000000007 0.035667201286290827 -0.0018265686887568484 58.000000000000007 1.0000000180025095e-35 -0.044456957101649604 59.500000000000007 2702.5000000000005 52.500000000000007 2 0.029198589041109401 0.67891025820010775 14062.500000000002 20.500000000000004 0.36951043313954202 -0.6969979491977315 0.093679861582846705 0.6830805751704293 54.850000000000016 0.31113012134010715 -0.40546510810816444 12.500000000000002 0.058840500022934179 0.3829922522561065 1.5000000000000002 49.250000000000007 0.31132436416093162 1.0000000180025095e-35
decision_type=2 1 2 8 2 2 10 2 2 8 2 10 2 10 10 2 10 2 2 2 2 1 2 8 2 2 8 2 2 10 10 2 10 2 2 10 10 2 2 2 2 10 10 1 10 2 10 2 10 2 2 8 2 10 10 2 2 2 2 2 10 2
left_child=1 2 3 7 -4 6 -3 61 -8 -2 12 -12 14 -7 -11 -6 -17 18 20 53 57 42 23 -21 25 -24 -23 29 -29 30 31 36 -31 -30 55 41 37 39 -34 -28 50 -36 58 44 -25 46 47 -26 -47 -19 -41 52 -40 -20 -55 56 -35 -13 -22 -60 -14 -1
right_child=9 5 4 -5 15 13 8 -9 -10 10 11 17 60 -15 -16 16 -18 49 19 22 21 26 24 43 45 -27 27 28 33 32 -32 -33 38 34 35 -37 -38 -39 51 40 -42 -43 -44 -45 -46 48 -48 -49 -50 -51 -52 -53 -54 54 -56 -57 -58 -59 59 -61 -62 -63
leaf_value=0.0047425535394819592 -0.0030618476370622705 -0.0011324099353634848 -0.0014687107384484667 -0.00098461284361872864 0.0079345843968572447 -0.00057313670788748227 0.0085456599621108013 0.0013533116204754343 0.018875113860643729 -0.00028154108050224322 -0.0047764444018632583 -8.629978096979851e-05 -0.00081537143754703057 0.0029427026672463018 0.013411472695613364 0.0011057856598961869 0.0038883951734205811 0.011408863567253961 -0.0028365953064390056 -0.00076766495987842744 0.00010074590295646455 0.0056161493113865181 0.0056559626750856511 0.0026207058667100935 5.3030027261797094e-05 -0.0030770321921842394 -0.00032358734866165246 0.0075653775845198473 -0.00082774651564767286 -0.00039041619536406193 0.0088504795097607749 0.0088290236182148908 0.0089061044933326176 9.5243499126514706e-05 -0.00068616160219617099 0.0089156095341254293 -0.0012590665679287003 0.0066347739962803465 0.00662770127217984 0.0060849220295007972 -0.00069876098847844502 0.0040620285863822219 0.0018289055906000355 0.002093330476591188 0.0063898928202099255 -0.00064050457268907787 0.002447366368227958 -0.0020066292558167153 0.0026689374523901944 -0.0008530165911336499 0.00079018094596732783 -0.0031288370183756679 -0.0028155007759803159 0.0069874274983534133 -0.0027576311611322542 -8.5228511450426516e-05 0.0078637318554189671 -0.0058586802135100167 0.0026842089512221145 -0.0029916064923052078 -0.0027218712960172418 0.007446217095775815
leaf_weight=56 465 112 489 77 43 3065 75 74 70 7337 210 3090 4124 75 49 999 55 53 588 327 1659 136 56 69 443 56 100 43 475 316 46 42 41 101 109 79 125 41 40 57 69 74 78 269 56 131 66 1068 67 3019 40 47 53 59 76 649 55 223 44 445 665 40
leaf_count=56 465 112 489 77 43 3065 75 74 70 7337 210 3090 4124 75 49 999 55 53 588 327 1659 136 56 69 443 56 100 43 475 316 46 42 41 101 109 79 125 41 40 57 69 74 78 269 56 131 66 1068 67 3019 40 47 53 59 76 649 55 223 44 445 665 40
internal_value=-0.000483808 0.000315426 0.00153742 0.00590726 0.000863263 -0.000347712 0.00393411 0.00935672 0.00804794 -0.000635648 -0.00058653 -0.000235042 -0.00101634 -0.000700415 -0.000606472 0.00206284 0.0017346 -0.000173695 4.39302e-05 -0.000826832 0.000394418 0.000942597 -0.000226141 0.00165512 -0.000945446 0.00433628 0.00182248 0.00159047 0.000740856 0.00291257 0.00470249 0.00374737 0.00103414 0.000479584 0.00141854 0.00471483 0.00274827 0.00443182 0.00436813 0.0023221 0.00491018 0.00154891 -0.00014752 0.00374683 0.00753676 -0.00128097 -0.00173321 -0.0020205 0.00231156 -0.000995771 0.00882653 0.00212766 0.00515957 -0.00299033 0.000919116 0.00034119 0.00394904 -0.000426978 -0.000367614 -0.00233674 -0.00164823 0.0136082
internal_weight=32760 5230 1833 247 1586 3397 257 170 145 27530 27065 14890 12175 3140 7386 1097 1054 14680 11608 3331 8277 4964 2608 721 1887 112 2738 2602 1585 1017 520 474 497 1542 1067 262 432 307 181 266 166 183 2226 394 125 1775 1577 1511 198 3072 97 140 93 723 135 805 156 3313 2148 489 4789 96
internal_count=32760 5230 1833 247 1586 3397 257 170 145 27530 27065 14890 12175 3140 7386 1097 1054 14680 11608 3331 8277 4964 2608 721 1887 112 2738 2602 1585 1017 520 474 497 1542 1067 262 432 307 181 266 166 183 2226 394 125 1775 1577 1511 198 3072 97 140 93 723 135 805 156 3313 2148 489 4789 96
cat_boundaries=0 1 2 3
cat_threshold=1140 228 664
is_linear=0
shrinkage=0.05


Tree=68
num_leaves=63
num_cat=6
split_feature=20 33 42 17 30 30 9 10 20 1 38 42 8 8 14 39 23 42 10 39 13 6 39 20 33 33 5 18 8 9 23 8 4 12 35 35 23 27 7 26 17 7 26 6 10 8 23 18 33 39 30 42 22 18 39 44 26 6 6 22 5 42
split_gain=1.582 1.82981 1.69764 1.6848 1.67071 1.51458 2.99051 1.48122 1.33852 1.67115 1.60628 1.64785 2.66029 1.75065 1.4934 1.27698 1.27427 1.37089 1.59917 1.27195 1.57313 1.17171 1.1135 1.13922 4.20295 1.10595 1.09941 1.88572 1.06697 1.59099 1.6691 1.46374 1.808 1.24445 1.04063 2.21408 1.0374 1.03393 1.02035 1.66688 2.47027 1.6567 1.52464 1.47365 1.36251 1.0189 0.99598 0.981619 2.87288 1.60525 2.04177 1.03548 2.27367 1.01071 0.975324 0.956014 0.933431 0.93324 0.93458 0.926128 1.66446 0.902369
threshold=-0.05248386533281716 27.450000000000006 0.81602564102564112 -0.0110380294898742 13.850000000000003 58.750000000000007 0.13216751192657319 -0.07391577014189997 0.040043259815512162 0.13117274024545325 0 0.85825892857142871 0.10457863256521106 0.28021300520211478 -0.54297498668892852 1 -0.61001208798634099 0.90754985754985762 0.04514076731660089 2 0.39741924741924745 8.3786072566347354 3 0.064069948613328251 27.750000000000004 28.292857142857148 7.3424930453376147 -0.17607831730045695 0.3976575794183822 0.13485072789991295 -1.2183180505574003 0.19764827276411315 -0.22580693469106936 61.500000000000007 0.14076157306352258 0.0041108948822321826 -0.75317120170356311 5.5000000000000009 8.2618339007559722 24.500000000000004 -0.80294345615727292 8.1708350671697865 29.500000000000004 7.5967432928294309 -0.0085928405328625761 0.28706573813412911 2.3905495144644449 0.62595604965342455 36.521428571428579 4 0.25000000000000006 0.87400793650793662 0.18191457106311407 1.0405393067993407 5 0.21111111111111114 13.500000000000002 8.9543166052062357 8.8097106939945835 0.10778766049620168 7.7209286703013875 0.68237250554323736
decision_type=8 2 2 2 2 2 10 2 10 2 1 2 8 8 2 1 8 2 2 1 2 2 1 10 2 2 2 10 10 10 10 8 2 2 2 2 10 2 2 2 2 2 2 2 2 10 8 8 2 1 2 2 8 8 1 2 2 2 2 8 2 2
left_child=1 2 4 8 -1 59 -7 15 9 14 11 12 -10 -14 61 -3 17 18 36 20 37 26 23 24 -12 -17 -8 -28 29 -27 33 32 -32 -31 35 57 55 -16 39 41 43 -13 44 -41 -42 -33 -25 -9 49 -49 -51 -50 -53 -52 -44 -5 -35 58 -22 60 -4 -2
right_child=3 7 5 16 -6 6 21 47 10 -11 22 38 13 -15 19 25 -18 -19 -20 -21 34 -23 -24 46 -26 28 27 -29 -30 30 31 45 -34 56 -36 -37 -38 -39 -40 40 42 -43 54 -45 -46 -47 -48 48 51 50 53 52 -54 -55 -56 -57 -58 -59 -60 -61 -62 -63
leaf_value=0.010980411637989495 0.0043307141038502221 -0.0017608693729622212 0.0051196190125462771 0.0038442642250045415 0.00092497152354184184 0.0047389036213500869 -0.00099425627288901824 -0.00094867798706883442 0.006324062943246076 -0.0013253454144710039 0.010211358274186247 -0.00023769421121485712 -0.00091783267061114207 0.013460760264155184 0.0012150651961595881 -0.00092206286157037469 -0.00060100124348264061 -0.00029719751067172791 -0.0014417982862307581 -0.00049266436670265628 0.001076496948651099 -0.0046650983009710731 -0.00084720841206440485 -0.0003609116888157656 0.00025493604577084142 -0.00073981722535692164 0.0082270960517395447 0.0026474563903498664 -0.00048793695366224348 -7.1194351364196347e-05 0.01753162318959461 0.0036362513819763014 0.0070491801532694661 0.0084004329204395052 -0.002558867877574555 0.0034370731671507179 0.0074434930156412147 -0.0012578514222500469 -0.0024177112185405376 0.018058251770319052 4.3662949343685738e-05 0.0047748888624815859 -0.0028140703547143977 0.0018218525420464302 0.0074413252290306672 0.011134524892815512 0.0046301859418501207 -0.0040697109964345181 -0.00010107400417944936 0.0026545146888679572 0.00082550726824039914 0.0039483269152547074 0.00046519692386631578 -0.0012090368700958495 0.0013799155262908917 -0.0012921790998812266 0.0041688516889608687 -0.0025600922491334399 0.0085095251518886913 -0.0017741529770840072 -0.00089276710137878822 -0.00070019687850997293
leaf_weight=49 47 303 47 94 54 40 74 1945 61 1777 43 712 106 70 94 131 14660 1113 150 1632 1688 44 1018 508 172 173 40 48 260 171 41 98 78 40 94 52 44 457 284 46 45 50 125 42 68 71 66 341 54 69 77 63 59 134 243 53 66 100 46 309 61 2038
leaf_count=49 47 303 47 94 54 40 74 1945 61 1777 43 712 106 70 94 131 14660 1113 150 1632 1688 44 1018 508 172 173 40 48 260 171 41 98 78 40 94 52 44 457 284 46 45 50 125 42 68 71 66 341 54 69 77 63 59 134 243 53 66 100 46 309 61 2038
internal_value=-0.000500627 0.00032382 0.00256845 -0.000647147 0.00850961 0.00163403 0.00473684 -8.86239e-05 -0.000189988 -0.000551334 0.000602458 0.00163178 0.00552521 0.00237288 -0.000166428 0.00121423 -0.000978593 0.000432988 0.00320175 0.000380642 0.00107986 0.00227053 -0.000459297 0.000943749 0.00405092 0.00197807 0.00423313 0.00797753 0.00256256 0.0035318 0.00481449 0.00747405 0.0117083 0.00203237 0.00174154 0.00199788 0.00622396 -0.00127718 0.00106745 0.0016479 0.00369298 0.000117954 0.00227178 0.0113483 0.00732456 0.00444118 -0.000208697 -0.000769232 0.000708019 -0.000892284 0.00189003 0.00632768 0.00886179 -0.000495284 0.000704606 0.0041554 0.00626168 0.00170572 0.00197694 -0.00020335 0.00376147 -0.00125839
internal_weight=32738 4940 766 27798 103 663 246 4174 11684 8025 3659 1852 237 176 6248 1432 16114 1454 341 4163 2531 206 1807 789 215 1129 162 88 998 738 565 288 119 277 1980 1886 191 551 1615 1331 569 762 481 88 113 169 574 2742 797 621 280 176 122 211 368 147 106 1834 1734 417 108 2085
internal_count=32738 4940 766 27798 103 663 246 4174 11684 8025 3659 1852 237 176 6248 1432 16114 1454 341 4163 2531 206 1807 789 215 1129 162 88 998 738 565 288 119 277 1980 1886 191 551 1615 1331 569 762 481 88 113 169 574 2742 797 621 280 176 122 211 368 147 106 1834 1734 417 108 2085
cat_boundaries=0 1 2 3 4 5 6
cat_threshold=9 2256 5678 2284 3336 2309
is_linear=0
shrinkage=0.05


Tree=69
num_leaves=63
num_cat=6
split_feature=13 38 33 5 39 2 2 33 30 5 31 27 26 4 1 26 9 39 3 30 21 9 12 42 8 42 20 44 25 2 30 25 5 37 30 42 8 11 12 31 9 4 1 9 19 23 7 37 9 30 21 39 42 31 14 26 14 12 11 7 13 30
split_gain=2.25164 1.75697 2.25166 1.35104 1.6111 1.18157 1.35241 1.20699 1.20785 1.1791 1.21665 1.73483 1.80385 1.35359 1.16638 1.35363 1.12183 1.08171 1.25928 1.39428 1.08769 1.49264 1.79157 1.05604 1.03685 1.04014 1.82382 1.74508 1.62149 1.5223 1.16969 1.19503 1.06617 1.0374 1.01626 1.01027 1.52204 1.00923 1.96362 0.994581 0.96849 0.95587 0.950364 0.916984 1.23309 0.907772 0.906256 0.902877 0.878613 0.87853 1.74694 1.14649 1.79039 1.05281 1.34383 1.37263 1.40092 2.03307 2.20165 1.52877 1.13865 1.09227
threshold=0.82051410256410262 0 38.892857142857153 8.7760208130769986 1 0.13353139262452321 0.013858161721312713 29.892857142857149 1.0500000000000003 7.2805997219027283 4.0500000000000016 34.500000000000007 41.500000000000007 -0.34285330253802065 -0.62229043611110313 13.500000000000002 0.76504914322537154 2 -0.037939175897881754 39.650000000000006 2226.5650000000005 0.1800547677889594 79.500000000000014 0.82834821428571437 0.016376077632875127 0.85270009643201561 0.049548934084961617 0.15476190476190479 3 0.048981806840489923 131.85000000000005 4 7.493605156984974 53.500000000000007 46.150000000000013 0.94782214156079869 0.19467250608948591 40.500000000000007 47.500000000000007 0.55000000000000016 0.22219589940794029 -0.56211891815354142 -0.065934146810423741 0.1172844238104284 -0.039190384048350325 0.175762285222026 8.7050375181915793 16.500000000000004 0.084389904237274119 2.0500000000000007 6006.2500000000009 5 0.95275297619047628 68.850000000000023 -0.83495756972665236 20.500000000000004 0.39104453003981671 59.500000000000007 45.500000000000007 8.552976757690816 1.1563301282051286 7.9500000000000011
decision_type=2 1 2 2 1 2 2 2 2 2 2 2 2 2 2 2 10 1 2 2 10 10 2 2 10 2 10 2 1 2 2 1 2 10 2 2 10 2 2 2 10 2 2 10 2 10 2 10 10 2 8 1 2 2 2 2 2 2 2 2 2 2
left_child=14 2 3 4 5 6 7 46 39 10 41 12 13 -12 15 -1 49 18 19 -16 34 22 -22 -18 -20 26 28 -28 -26 48 31 33 -33 -27 -21 43 -37 -13 42 -9 -8 -6 -39 44 -5 -19 -2 -11 -30 50 51 52 -3 54 -51 -56 57 58 59 -57 -60 -55
right_child=1 16 -4 35 9 -7 40 8 -10 47 11 37 -14 -15 17 -17 23 45 24 20 21 -23 -24 -25 25 30 27 -29 29 -31 -32 32 -34 -35 -36 36 -38 38 -40 -41 -42 -43 -44 -45 -46 -47 -48 -49 -50 53 -52 -53 -54 61 55 56 -58 -59 60 -61 -62 -63
leaf_value=0.014183780996790591 -0.00021534907262687293 -0.0001066668236318158 0.0083274477312178276 0.0023223483472638033 0.0068206882430002936 7.8614888396845092e-06 0.0049726466579145057 0.0079643693717519042 0.0079091734682903061 -0.002169732648055693 -0.0027069831201417672 -0.0027813173689935043 0.0085252427330801059 0.0033818432414074329 -0.00041398956866084207 8.6168375031285384e-05 -0.016619263084934451 -9.0640919641882679e-05 -0.0041773922200942122 0.0026280173476145724 0.0048004318640978696 -0.0009240973711640443 7.872480954290961e-05 0.033479932030847447 -0.0016258006707331766 -0.0021474628662596909 0.0041352462179876188 -0.0015183698381030825 0.0021765302995707574 -0.0013056225234714816 0.0032860451215807559 -0.00017990292342690402 -0.0012084350325441639 0.00097213485141165129 -0.00012875712797730273 -0.00087826968685424426 0.0015632219582567529 0.0028780808554882071 0.0069462179477637852 -0.0001912705833004807 0.0099466660130713494 -0.0017600336045940392 -0.0030524497677251574 -0.0032853762496944496 -0.0021886922626848195 -0.00089104729845627311 0.0032625102299487911 0.0012578093984692499 0.0030635566573714917 -0.0021524069322095309 -0.0015058519186363492 -0.00033687741913718451 0.0031835771979952764 -0.0039344678592592892 -0.00016857876260822213 0.0089145803208606818 -0.00028067233063935751 0.00019418331059645449 -0.0010459111159033267 0.010697416313768983 0.0046682241688151905 -3.0547782045119829e-05
leaf_weight=76 187 335 51 63 73 179 41 72 48 515 41 119 43 152 2979 200 46 7637 418 73 63 58 49 82 246 1260 57 40 46 128 105 2295 1892 60 490 178 64 49 52 58 46 286 79 284 97 2625 77 41 47 154 1114 2558 224 196 403 109 174 258 73 42 73 3115
leaf_count=76 187 335 51 63 73 179 41 72 48 515 41 119 43 152 2979 200 46 7637 418 73 63 58 49 82 246 1260 57 40 46 128 105 2295 1892 60 490 178 64 49 52 58 46 286 79 284 97 2625 77 41 47 154 1114 2558 224 196 403 109 174 258 73 42 73 3115
internal_value=-0.000491652 5.86387e-05 0.00112698 0.000942002 0.00155627 0.00349096 0.00472641 0.00358916 0.00675978 0.000581792 0.0017095 0.00321828 0.0064135 0.00430412 -0.000804511 0.00241877 -0.000287723 -0.000847879 -0.00120966 -0.000474011 0.0014782 0.00497076 0.00831858 0.00434108 -0.00162548 -0.00146188 0.00058407 0.00678571 -0.000715813 0.00234914 -0.00166756 -0.00176743 -0.00134231 -0.00308039 0.000416665 -0.000989812 0.00160494 0.000683332 0.00303867 0.00419847 0.0103977 -0.000541668 -0.000310079 -0.0024045 0.000621117 -0.00048282 0.00143396 -0.00122083 0.00728723 -0.000355647 -0.000875474 -0.000267801 0.00176316 0.000122878 0.00133644 0.00193292 0.00322603 0.00445144 0.0072651 0.0114803 0.00285714 -0.000348733
internal_weight=32695 11851 2895 2844 2158 708 529 442 178 1450 894 535 236 193 20844 276 8956 20568 10306 3712 733 170 112 128 6594 6176 564 97 467 221 5612 5507 4187 1320 563 686 242 299 180 130 87 359 128 444 160 10262 264 556 93 8828 4231 3117 559 4597 1286 1132 729 555 297 151 146 3311
internal_count=32695 11851 2895 2844 2158 708 529 442 178 1450 894 535 236 193 20844 276 8956 20568 10306 3712 733 170 112 128 6594 6176 564 97 467 221 5612 5507 4187 1320 563 686 242 299 180 130 87 359 128 444 160 10262 264 556 93 8828 4231 3117 559 4597 1286 1132 729 555 297 151 146 3311
cat_boundaries=0 1 2 3 4 5 6
cat_threshold=1 5129 4486 2587 193 60
is_linear=0
shrinkage=0.05


Tree=70
num_leaves=63
num_cat=10
split_feature=2 9 33 25 7 1 25 39 34 30 13 27 28 9 22 3 41 0 33 7 11 9 41 37 22 44 34 39 13 27 37 39 6 6 27 25 3 3 26 13 10 9 22 41 25 35 27 37 18 13 33 8 25 3 30 42 25 39 18 6 44 9
split_gain=1.26882 1.28666 1.40817 1.78059 1.77779 1.56805 1.44934 1.51488 2.13494 1.93669 1.77183 1.86689 1.92584 1.66934 1.97391 1.4875 2.16574 1.3219 1.23649 1.40708 1.98123 1.17111 1.50558 1.33124 1.09892 1.05374 0.984521 1.74177 2.52302 0.97445 1.79402 1.70127 1.67715 2.0355 1.5104 1.28591 2.48316 1.11351 1.29904 1.21959 1.5299 1.01712 0.965541 0.901531 1.39824 2.33277 2.70694 3.18549 0.965065 0.89972 0.897872 1.09231 0.879934 1.01002 0.87917 0.877527 1.04387 1.59723 2.21246 0.808421 0.788394 1.3304
threshold=0.3829922522561065 0.24245005140948503 26.221428571428579 0 8.0978364956479787 -0.12734644696893446 1 2 1.0000000180025095e-35 5.2500000000000009 0.50913261050875736 36.500000000000007 1.0000000180025095e-35 0.32528890725481235 -0.33840338039978812 0.23638877806423023 14.854248623131395 0.068993726079154008 38.892857142857153 7.3552331121617209 62.500000000000007 0.046226761001741876 2.1092329545454551 50.500000000000007 -0.12675148041396941 1.0000000180025095e-35 1.0000000180025095e-35 3 0.6742179863147606 6.5000000000000009 35.500000000000007 4 8.305786054458915 8.0754579637432347 2.5000000000000004 5 0.011442652352165796 0.019811675312931602 37.500000000000007 0.6896553864444136 -0.22395960657062816 0.054665860930200365 0.40551511060833112 1599.9025631017437 6 0.002875458014296312 44.500000000000007 16.500000000000004 -1.721034924997491 0.22222444444444453 28.592857142857149 0.11942135884019207 7 0.040821994520255263 64.050000000000026 0.83063885267275106 8 9 -0.18757187844975273 7.4434915156278825 0.15476190476190479 0.28079772918937512
decision_type=2 10 2 1 2 2 1 1 2 2 2 2 2 10 10 2 2 2 2 2 2 10 2 10 8 2 2 1 2 2 10 1 2 2 2 1 2 2 2 2 2 10 8 2 1 2 2 10 8 2 2 10 1 2 2 2 1 1 8 2 2 10
left_child=1 17 3 -3 5 -5 7 8 54 10 -9 15 -13 14 -14 16 24 21 55 20 -20 22 -1 -24 -12 -7 -19 28 -28 30 31 32 33 37 -35 36 50 39 -39 -23 -41 -37 -21 49 45 -45 47 -47 -46 -31 -33 -52 53 60 -4 56 -8 58 -58 -29 61 -2
right_child=52 2 6 4 -6 25 18 9 -10 -11 11 12 13 -15 -16 -17 -18 26 19 42 -22 29 23 -25 -26 -27 27 59 -30 43 -32 35 -34 34 -36 41 -38 38 -40 40 -42 -43 -44 44 48 46 -48 -49 -50 -51 51 -53 -54 -55 -56 -57 57 -59 -60 -61 -62 -63
leaf_value=0.0024677416183228177 -0.0043947320576709515 -0.00064739002164763894 -0.00094698719986542721 0.0027255401889126792 0.00015148672145400851 0.0067002180898077957 -0.0013697168575075077 -0.00069012694242194007 0.010945404876596166 -3.4633544971909741e-05 0.0067901456914397536 0.011262842794690741 0.0083451187331145954 -0.0023696887228750567 -2.196872653318807e-05 0.00099230256422013613 0.0079190716377510531 -0.0011226413397890747 0.021905811516420244 -0.0039650376639672 0.00037367856744314104 -0.0033019303132847491 -0.0015134393301497173 0.0018128792019879263 0.0092074134458998962 0.0082365633578498996 -0.0018360894687156572 0.00092215270543808618 0.0062476764579504542 -0.00071716169380021011 0.0037336236388522135 0.0051819990390454184 -0.00032631191260057137 0.00083917921909704152 0.0074939322099304402 0.0013474969649915815 -0.00093900525932026451 0.011654185927473982 -3.3724548786755267e-05 0.010799008084967992 -0.0019234227578856719 -0.00054510506062103059 0.0028971242780608595 -0.00080485651951892371 0.0011999320112625817 0.0014475052685177495 -0.0043249172667622496 0.0049847642515172246 -0.0021521808748109182 -7.5731646282454484e-05 0.0024161610769817456 -0.0012198588983920703 -0.0030059295235980617 -0.001012668719350326 0.0044333375984605015 -0.0005720399323835317 0.017078264725826981 0.00019398729052016647 0.00032202361588950455 -0.003111913984185942 -0.0024182400495852499 0.0041784928773966907
leaf_weight=48 45 102 886 41 105 54 219 124 46 506 45 60 42 141 69 64 84 5024 44 64 79 91 787 40 46 44 60 60 58 624 70 42 234 41 56 57 114 56 40 53 52 1350 40 307 49 55 40 45 968 12107 42 40 811 1139 46 4599 57 236 68 144 45 69
leaf_count=48 45 102 886 41 105 54 219 124 46 506 45 60 42 141 69 64 84 5024 44 64 79 91 787 40 46 44 60 60 58 624 70 42 234 41 56 57 114 56 40 53 52 1350 40 307 49 55 40 45 968 12107 42 40 811 1139 46 4599 57 236 68 144 45 69
internal_value=-0.000517774 -0.000436152 0.000113118 0.00322766 0.00541176 0.00932143 -2.97395e-05 0.00106221 -0.000394339 0.0022609 0.00403106 0.00524456 0.0026837 0.000750987 0.0053125 0.0085625 0.0109375 -0.000627116 -0.000467049 0.00313596 0.00673387 -0.000415878 -0.00219749 -0.00269928 0.01625 0.0127273 -0.00131476 0.00136223 0.00589147 -0.00032146 0.000624197 0.00037902 0.00257886 0.0046282 0.0108673 -0.000467996 0.0028514 0.0025256 0.00690722 0.000355329 0.00400943 -0.00104725 -0.00114286 -0.000477248 -0.00165188 0.000687772 0.00602837 0.010396 -0.00266051 -0.000342053 0.00784 0.00469879 -0.00170379 -0.000870895 -0.000921759 -0.000626449 0.00120482 0.00280914 0.00716912 -0.00148837 0.00284375 0.00504348
internal_weight=32774 30665 7911 346 244 139 7565 2159 978 1181 675 551 312 252 111 239 175 22754 5406 227 123 17408 875 827 91 98 5346 322 118 16533 2338 2268 623 389 97 1645 238 292 96 196 105 1407 104 14195 1464 447 140 100 1017 12731 124 82 2109 1298 932 5179 580 361 125 204 159 114
internal_count=32774 30665 7911 346 244 139 7565 2159 978 1181 675 551 312 252 111 239 175 22754 5406 227 123 17408 875 827 91 98 5346 322 118 16533 2338 2268 623 389 97 1645 238 292 96 196 105 1407 104 14195 1464 447 140 100 1017 12731 124 82 2109 1298 932 5179 580 361 125 204 159 114
cat_boundaries=0 1 2 3 4 5 6 7 8 9 10
cat_threshold=257 49 1298 7424 2568 112 50 2424 2696 2241
is_linear=0
shrinkage=0.05


Tree=71
num_leaves=63
num_cat=2
split_feature=0 9 25 13 17 8 41 33 23 8 23 8 12 33 11 8 12 9 30 31 31 7 12 9 2 5 37 1 25 8 9 33 35 2 30 9 1 7 30 5 41 40 13 1 9 3 5 17 10 17 17 20 16 31 30 16 20 13 2 19 12 10
split_gain=1.4929 1.95512 1.41719 1.12362 1.05749 1.72987 1.01627 1.0031 0.990735 0.90423 1.01912 1.3983 1.11895 1.285 1.92705 1.77994 1.74646 1.25175 0.93738 1.08484 0.913996 0.900946 0.861541 1.57132 1.74605 1.00368 0.854501 0.850695 0.884709 0.961988 1.35045 1.86577 0.945347 0.914159 1.74902 1.36928 0.979246 1.6397 1.54239 0.841744 0.829168 0.880151 1.64561 1.2831 1.30029 1.06177 0.928379 1.06934 0.87626 0.893516 0.817006 1.24802 1.60956 0.946854 1.33892 2.07185 1.4534 1.31923 1.1327 1.19784 0.937889 0.925332
threshold=0.0224734240341995 0.042998140146435368 0 0.33333309523809529 -2.5442205095565593 0.13338056528991513 3.9372983870967748 24.257142857142863 0.28092990466691786 1.0000000180025095e-35 -0.27824278944345043 0.75842160834245542 8.5000000000000018 32.135714285714293 13.500000000000002 0.34603337543126772 56.500000000000007 0.061827322301268826 50.95000000000001 104.75000000000003 196.50000000000003 7.7440253999133821 45.500000000000007 0.15402751622641148 -0.058268908123975109 7.0330423485125113 17.500000000000004 0.56617956982044071 1 0.48698104428366545 0.29670281010251653 27.964285714285719 0.070642349589290346 -0.16831897521691894 0.45000000000000007 0.24620649502707376 0.23405841674129937 7.1768299565712796 16.150000000000002 7.746358786503146 2.9130032206119165 4.5000000000000009 1.0141851106639841 0.14931510790870076 0.23500284530516724 -0.051292268071787987 8.7601663632934645 -1.1326138218576081 -0.6969979491977315 0.1621894097602973 1.332267629550188e-15 -0.0079724221933893929 0.62249597117097866 26.350000000000012 35.850000000000009 -1.0000000180025095e-35 0.026150741683116811 0.35517009345794398 -0.2015174866274356 -0.096716078610793246 10.500000000000002 0.071310325441065206
decision_type=2 10 1 2 2 8 2 2 10 10 10 10 2 2 2 10 2 10 2 2 2 2 2 10 2 2 8 2 1 10 10 2 2 2 2 10 2 2 2 2 2 2 2 2 10 2 2 2 2 2 2 10 2 2 2 2 10 2 2 2 2 2
left_child=1 6 4 -2 5 -3 -1 -6 21 -4 11 12 20 -14 15 16 -15 -16 -12 -20 -11 26 23 24 -21 -25 -5 28 33 30 32 -32 -30 34 -28 -36 -35 -38 -39 -19 -9 46 43 44 -43 -46 47 -42 49 -49 51 52 61 60 55 58 -57 -56 -55 -60 -53 -50
right_child=3 2 9 8 7 -7 -8 40 -10 10 18 -13 13 14 17 -17 -18 39 19 22 -22 -23 -24 25 -26 -27 27 -29 29 -31 31 -33 -34 36 35 -37 37 38 -40 -41 41 42 -44 -45 45 -47 -48 48 50 -51 -52 53 -54 54 57 56 -58 -59 59 -61 -62 -63
leaf_value=0.0026126792697243732 -0.0013284270912542128 0.0049766466159969136 -0.0034950453835781211 -0.0010224787344288819 0.0049569548119775438 -0.00012739432327997364 -0.0016934897155537261 -0.00071325694664346349 -0.0011918241000489129 -0.0021971485752596441 -0.0007361011348133267 0.014204456577310865 -9.159562521588928e-05 0.0069951003526837092 0.00097652978271632954 -0.0015330336298943557 0.00099631338516576297 -0.00081862082708963023 0.0078187751685068821 0.0033484439013485088 0.0017256509365759229 -0.00069242277493846338 -0.00042378138070555435 0.0068677066279725909 0.00010357735034554964 -0.00068037055505425594 -0.0018100732705787015 -0.0051617192321328238 -0.00043086763151522708 -0.0033322721230880483 0.0073702813995516455 0.0004541229967821116 0.0017795332306156553 9.0672666496906346e-05 0.004670153145817528 0.0079357663485571418 -0.0002055030525925374 0.0038914290405264516 0.0050492782356711336 0.0012610760920483313 -0.0013474010670454411 -0.00032560894595031078 0.0086023989993165156 0.0040146743689040603 0.0096417917681598415 0.00048545854500461411 -0.0016935508659556677 -0.00015617424267656572 0.00023428358848595968 0.011394729529233615 9.1235976854725446e-06 -0.0012385486190865905 0.0090221557767543124 -0.0043762297769271872 0.0013926577161663077 0.0040478323589620835 0.0041026515354889602 -0.00018019077140418187 0.0046482215345472633 0.0008587238484574583 0.00062429682397704901 -0.00067225154565126507
leaf_weight=40 1298 49 257 169 42 64 658 1045 2190 506 4073 64 3006 79 48 45 92 301 40 50 144 4287 460 45 69 156 79 272 2196 174 70 426 61 1047 42 42 162 89 48 330 262 353 45 54 41 50 558 50 817 60 4129 185 46 42 62 65 81 328 64 152 740 318
leaf_count=40 1298 49 257 169 42 64 658 1045 2190 506 4073 64 3006 79 48 45 92 301 40 50 144 4287 460 45 69 156 79 272 2196 174 70 426 61 1047 42 42 162 89 48 330 262 353 45 54 41 50 558 50 817 60 4129 185 46 42 62 65 81 328 64 152 740 318
internal_value=-0.000444422 -0.00017728 -8.39852e-05 -0.000870151 0.000343868 0.00513158 -0.00277539 0.000287277 -0.000710701 -0.000508901 -0.00043012 0.000102902 -1.09961e-06 0.000319066 0.00198103 0.00608295 0.00840116 0.000669116 -0.000932776 0.000609012 -0.00192012 -0.000482271 0.00019206 0.00218068 0.00670833 -0.000519803 -1.74264e-05 0.000108302 0.000274959 -0.000233153 -5.44781e-06 0.00235412 -0.000524802 0.00125329 0.00478658 0.0097647 0.000831476 0.00335 0.00735507 7.12013e-05 0.000252931 0.000416322 0.00236213 0.00152304 0.000629212 0.00592391 0.00028329 0.000431639 0.000546918 0.00495495 0.000477239 0.0011203 -0.000131135 0.00197965 0.00324528 0.00525926 0.01 0.00115089 0.00254826 0.00400922 0.000890928 -0.000506163
internal_weight=32817 20165 19467 12652 9702 113 698 9589 11354 9765 9508 4615 4551 3901 895 216 171 679 4893 820 650 9164 780 320 119 201 4877 4708 4436 2927 2753 496 2257 1509 163 84 1346 299 137 631 9547 8502 543 498 444 91 7959 7401 7139 110 7029 2900 1181 1719 794 404 146 390 258 216 925 1135
internal_count=32817 20165 19467 12652 9702 113 698 9589 11354 9765 9508 4615 4551 3901 895 216 171 679 4893 820 650 9164 780 320 119 201 4877 4708 4436 2927 2753 496 2257 1509 163 84 1346 299 137 631 9547 8502 543 498 444 91 7959 7401 7139 110 7029 2900 1181 1719 794 404 146 390 258 216 925 1135
cat_boundaries=0 1 2
cat_threshold=2650 1297
is_linear=0
shrinkage=0.05


Tree=72
num_leaves=63
num_cat=10
split_feature=39 22 41 10 20 25 42 39 37 22 12 27 17 25 4 13 20 31 11 10 11 27 22 39 42 16 20 7 22 31 25 18 14 39 10 33 39 21 25 31 11 2 10 4 11 5 10 21 14 20 41 27 5 7 12 16 42 13 31 0 30 38
split_gain=1.51027 2.01979 1.49795 2.24283 2.46316 1.36607 1.68551 1.43544 1.39162 1.13056 1.12351 1.05774 1.23912 1.20215 1.85427 2.50652 1.92444 1.85776 1.90877 1.84571 1.83153 1.82812 1.65175 1.47683 3.14242 1.33138 1.17095 1.22892 1.87996 2.05638 2.74435 1.96548 3.97744 2.07781 2.85586 2.55859 1.69479 1.30332 1.16041 1.57512 1.23224 1.95518 1.35398 1.59376 1.85678 1.12172 1.10273 1.09913 1.22458 1.24321 1.19199 1.05135 1.12915 1.63351 1.41876 1.16775 1.01926 1.00202 0.995513 1.5027 1.52382 1.04359
threshold=0 -0.13975807762592288 4.7145199063231855 0.13186297537162875 0.28491262822305613 1 0.90081967213114766 2 61.500000000000007 -1.2702875762126247 5.5000000000000009 10.500000000000002 0.43742024699901805 3 0.087011376989630587 0.91125175808720116 0.065820885867465387 0.55000000000000016 56.500000000000007 -0.15288878045271168 36.500000000000007 5.5000000000000009 -0.34472163387930915 4 0.79843750000000013 1.0159944062549084 -0.025731334840680058 8.0978364956479787 0.40546367953877666 19.900000000000006 5 0.67056706066319482 0.229644879060972 6 0.4057890324173084 32.464285714285722 7 850.83500000000015 8 301.05000000000001 80.500000000000014 0.035092469235236574 -0.11853143967685707 0.077033209113415171 86.500000000000014 8.006408711448401 0.031436292664958294 10006.250000000002 0.13353139262452299 0.050605052332608223 73.210916442048529 3.5000000000000004 8.0254247809639612 8.3071297203521315 42.500000000000007 -1.0000000180025095e-35 0.60397012578616371 1.7500002757354971 39.100000000000001 -0.079922578600505542 10.350000000000003 9
decision_type=1 8 2 2 10 1 2 1 10 8 2 2 2 1 2 2 10 2 2 2 2 2 8 1 2 2 10 2 10 2 1 10 2 1 2 2 1 10 1 2 2 2 2 2 2 2 2 10 2 10 2 2 2 2 2 2 2 2 2 2 2 1
left_child=1 5 3 4 -3 6 -1 -7 -8 10 -2 13 26 14 25 17 20 18 -16 -15 21 -17 -19 46 -25 -11 -13 28 29 37 31 33 -33 34 35 -31 -29 -28 39 40 56 42 -42 44 -44 58 -21 -40 49 50 -49 -26 -53 54 -54 -56 -38 -9 59 -32 -61 -60
right_child=9 2 -4 -5 -6 7 8 57 -10 11 -12 12 -14 19 15 16 -18 22 -20 23 -22 -23 -24 24 51 -27 27 36 -30 30 45 32 -34 -35 -36 -37 38 -39 47 -41 41 -43 43 -45 -46 -47 -48 48 -50 -51 -52 52 53 -55 55 -57 -58 -59 61 60 -62 -63
leaf_value=0.0038802064518849658 0.046885565980913597 0.0091331162769428577 -0.00063865476572534533 -0.005580693401892765 0.0036591119590048391 0.00084886865809934554 8.3421727074806123e-05 -0.0014280188310335376 0.002215460576824676 -0.00042677996619377078 0.0068779880374941595 -0.00053355012880567016 -0.0010964513847718841 0.0014043222279736729 0.00053652666316796863 -0.00068992729540529648 0.0042778202711285509 0.0032560975217626161 0.01525765264978865 -0.00017384457713965284 0.016941553748180068 0.0075042119840782713 -0.00061082264534504521 0.0050643649740566149 -0.001275054063339668 0.0061430049903622849 0.0010843413342633867 -0.0025601056918330895 -0.0023936597181262263 0.011634492338894816 -0.0012356307808206136 0.0079477335724278675 -3.4743812132007446e-05 0.00011053183538651687 -0.00069230283931930904 0.0036729662303685642 0.0087118539563845725 -0.00038066565823193779 -0.00096234791719044556 0.0050917996339920621 -0.00018390787861536788 -0.00047460243393136509 0.0056152888493522686 0.00053203371559836941 0.00095715556345385791 0.0020006824100049897 -0.0028209016635870046 0.00097460115547344604 -0.003656639271761675 -0.00049508369433581801 0.0028551963627230759 -0.00067031078774798102 0.0016804092657742187 -0.00092279026390298762 0.0049408339754010155 0.0062254145093596017 -8.5399005908487946e-05 0.0048212675852951888 0.0018065345307168566 0.00356486166111015 0.0081573331558844799 -0.00030376817499140965
leaf_weight=74 45 51 6393 103 85 128 379 567 73 1034 169 4518 4174 741 77 58 100 87 44 610 60 52 479 55 364 62 846 968 391 71 61 78 49 295 45 49 44 2000 1485 78 52 126 42 45 45 417 753 78 49 77 42 317 86 96 41 61 1470 41 481 66 58 1319
leaf_count=74 45 51 6393 103 85 128 379 567 73 1034 169 4518 4174 741 77 58 100 87 44 610 60 52 479 55 364 62 846 968 391 71 61 78 49 295 45 49 44 2000 1485 78 52 126 42 45 45 417 753 78 49 77 42 317 86 96 41 61 1470 41 481 66 58 1319
internal_value=-0.000406037 -0.00100822 -0.00135836 0.00252083 0.00671533 0.000823435 0.00273743 -0.000575637 0.00163355 -0.00021468 0.00339535 -0.000246185 -0.000414704 0.000389145 0.0013251 0.00293841 0.00701107 0.00132994 0.00692623 -0.000229666 0.0102339 0.00630631 0.000123456 -0.000908139 0.000533461 -7.29274e-05 -0.000206895 7.52666e-05 0.000533161 0.000758224 0.00167391 0.00470736 0.0102734 0.00325379 0.00752841 0.0119835 -0.00054433 -0.000203724 -4.52811e-05 0.000805017 0.000509588 0.0033762 0.00664865 0.00932331 0.0132386 0.000907583 -0.00197598 -0.000978761 0.00210526 0.00386364 0.00702479 -0.000129401 0.00115448 0.0034386 0.00613756 0.0100971 -7.92091e-05 -0.00159935 0.000415407 0.00389785 0.00704 5.55235e-05
internal_weight=32804 7894 6632 239 136 1262 526 736 452 24910 214 24696 19519 5177 2053 957 270 687 121 3124 170 110 566 2383 1020 1096 15345 10827 6226 5835 2989 587 127 460 165 120 4601 2846 3633 1902 1824 310 184 132 87 2402 1363 1731 246 197 120 965 601 284 188 102 1514 608 1985 185 124 1800
internal_count=32804 7894 6632 239 136 1262 526 736 452 24910 214 24696 19519 5177 2053 957 270 687 121 3124 170 110 566 2383 1020 1096 15345 10827 6226 5835 2989 587 127 460 165 120 4601 2846 3633 1902 1824 310 184 132 87 2402 1363 1731 246 197 120 965 601 284 188 102 1514 608 1985 185 124 1800
cat_boundaries=0 1 2 3 4 5 6 7 8 9 10
cat_threshold=134 179 4 1145 6169 2064 1280 7168 670 8
is_linear=0
shrinkage=0.05


Tree=73
num_leaves=63
num_cat=11
split_feature=22 9 39 9 6 30 5 25 30 39 6 7 25 25 21 19 16 9 41 41 7 39 25 42 4 33 4 18 31 31 6 3 25 39 2 2 26 5 30 21 16 16 27 3 30 20 19 15 20 38 33 33 31 33 39 3 26 20 16 18 26 6
split_gain=1.37468 1.52497 1.41212 1.66632 2.52341 1.96966 3.04179 1.39985 1.77706 1.44409 2.79042 1.32994 1.35713 1.2991 1.24787 1.20627 1.17589 1.11812 2.97289 1.10568 1.06558 1.35752 2.70624 2.15922 1.22658 1.26322 1.19261 2.19973 1.18165 1.9667 1.59249 1.44854 1.15461 1.59273 1.40261 1.39073 1.3845 1.81343 1.4516 1.46084 1.58381 3.6574 2.28513 1.18989 1.09556 1.46231 1.14618 1.03917 1.63313 2.3596 2.71376 1.19466 1.01731 1.01553 1.00595 1.00588 1.26049 2.11636 1.04641 1.00085 0.999267 0.987524
threshold=-0.1053105131576596 0.0257826060014603 0 0.12669521635475614 7.5967432928294309 68.700000000000017 8.2158524703401437 1 2.5500000000000007 2 8.5541033298888323 7.541536524627368 3 4 1998.4400000000003 -0.078306176371393185 -0.69314718055994529 0.10410324687568666 42.884887005649723 30.718465909090913 7.8966948352731565 5 6 0.67717121588089346 0.1431008436406738 26.921428571428574 -0.19035534139704643 -1.6667633419254642 4.9500000000000011 56.150000000000013 7.6246385588185914 -0.06605530972757466 7 8 -0.53181882349073939 -0.23889215828228669 36.500000000000007 7.440212681476253 1.5500000000000003 2001.6650000000002 -0.11294610208482324 -0.51437484946083634 5.5000000000000009 0.15154989812720168 23.350000000000005 0.055028322639201231 0.0020938857982212597 -0.22314355131421001 0.016574469024403266 9 31.850000000000009 39.492857142857154 101.90000000000002 37.721428571428575 10 -0.0047471116802197946 43.500000000000007 0.13074614504690749 -0.021448697601140761 1.7208733793555615 10.500000000000002 6.9236582515130403
decision_type=10 8 1 8 2 2 2 1 2 1 2 2 1 1 10 2 2 10 2 2 2 1 1 2 2 2 2 10 2 2 2 2 1 1 2 2 2 2 2 10 2 2 2 2 2 10 2 2 10 1 2 2 2 2 1 2 2 10 2 10 2 2
left_child=1 -1 3 4 -2 7 -7 8 17 -9 -11 13 14 -4 -13 16 -16 19 -19 -6 21 22 26 -23 25 -24 28 -28 -3 -30 31 -31 33 34 -25 -35 -36 38 -38 40 41 -40 -42 -39 -29 52 -47 48 49 50 -27 -49 -46 -37 -22 56 59 58 -58 -5 -17 -26
right_child=2 20 11 55 5 6 -8 9 -10 10 -12 12 -14 -15 15 60 -18 18 -20 -21 54 23 24 32 61 47 27 44 29 30 -32 -33 -34 35 36 53 37 43 39 -41 42 -43 -44 -45 45 46 -48 51 -50 -51 -52 -53 -54 -55 -56 -57 57 -59 -60 -61 -62 -63
leaf_value=-0.003754145635007311 0.0035916991732744237 0.000653580432261164 0.00022758130518656978 -0.00034022097468237801 0.0025561115001587528 0.006147111414177937 -0.0021462205739857143 -0.0016941333833563731 0.0046491653437014087 0.0021987419352958565 -0.00099610207240147762 -0.0020881360026640131 -0.0018565978259447798 -0.00055661380231112538 -0.00075268949987617904 0.0036518569606330663 0.0050622038167752875 -0.00035543186134904365 0.0025692685553998099 -0.0012243246031307044 -0.00086867511945673808 0.0029286930980745845 -0.00090287410750669931 0.005011799422135154 0.0027999506675332468 0.010418941850839122 0.0036435727157354235 -9.0543566868709867e-05 0.0067579284698469138 0.0073520360498538001 -0.00095785137470944459 0.00057266660115515657 -0.000471096738203035 0.0028619928828846836 -0.00016354301948905215 -0.0027077835836885173 -0.00012454167520416887 0.0016895709744077826 0.0083353272556143491 -0.00064274208658825476 0.0042075725795907683 0.01202525413832933 0.0007105861790119031 -0.0010319122386123931 0.0015717482165858985 0.0044003303864538542 0.0008274552662852708 -0.00019211239942311061 9.1195294510977339e-06 0.0011959676744699409 0.002088877653778421 0.0061265386786730934 7.200727827337448e-05 0.0015944158125383049 -0.00019895667003336768 -0.0010753688332433547 0.0015376292764933252 -0.003624913280414397 0.004465409754434691 0.003635901207695501 -0.00028301011022078073 -0.0011565901490202734
leaf_weight=373 52 120 1284 940 79 48 50 530 51 64 137 386 1920 3901 56 41 70 66 43 122 832 54 157 56 71 40 49 587 69 58 51 43 4470 186 629 570 111 335 57 45 40 53 105 293 49 74 40 968 289 142 70 52 280 64 8179 1704 44 53 75 59 617 514
leaf_count=373 52 120 1284 940 79 48 50 530 51 64 137 386 1920 3901 56 41 70 66 43 122 832 54 157 56 71 40 49 587 69 58 51 43 4470 186 629 570 111 335 57 45 40 53 105 293 49 74 40 968 289 142 70 52 280 64 8179 1704 44 53 75 59 617 514
internal_value=-0.000473933 -0.000219321 -0.000888406 -0.000129604 0.00139984 0.000923592 0.00767677 0.000311069 0.00280914 -0.000950136 0.00257075 -0.00126418 -0.0020867 -0.000776129 -0.00071973 0.000420381 0.00488189 0.00144694 0.0055 -0.000767328 -0.000159573 0.000175592 0.000946705 -0.000231672 -0.000114521 0.000558463 0.00265548 0.00185648 0.00524854 0.00740991 0.00418301 0.00779412 -0.000309338 0.000540116 0.00140058 -0.00126354 0.0011444 0.00226442 0.00484223 0.00664452 0.00810547 0.0126126 0.00462329 0.000572336 0.0013579 0.00323198 0.00808696 0.000989115 0.0027583 0.0056917 0.0107438 4.89704e-05 0.0015303 -0.0023937 -0.00056092 -0.00079103 0.00033703 0.00427746 0.00795833 -0.000345001 -0.000440062 -0.00209044
internal_weight=32567 20175 12392 4117 1242 1190 98 1092 361 731 201 8275 3090 5185 1170 784 126 310 109 201 19802 10791 3723 7068 2303 1718 1420 1079 341 221 152 101 7014 2544 1724 820 1668 1039 411 300 255 110 145 628 1030 443 114 1561 541 252 110 1020 329 634 9011 2875 1171 172 119 999 658 585
internal_count=32567 20175 12392 4117 1242 1190 98 1092 361 731 201 8275 3090 5185 1170 784 126 310 109 201 19802 10791 3723 7068 2303 1718 1420 1079 341 221 152 101 7014 2544 1724 820 1668 1039 411 300 255 110 145 628 1030 443 114 1561 541 252 110 1020 329 634 9011 2875 1171 172 119 999 658 585
cat_boundaries=0 1 2 3 4 5 6 7 8 9 10 11
cat_threshold=4345 1033 4097 2388 648 1589 2657 1808 6146 3 2198
is_linear=0
shrinkage=0.05


Tree=74
num_leaves=63
num_cat=7
split_feature=2 23 8 22 39 26 39 26 42 30 39 33 7 41 15 13 42 27 22 25 39 8 22 41 5 25 23 16 31 11 39 22 27 23 3 13 16 13 6 13 37 5 6 16 8 16 6 8 33 6 42 13 22 10 22 2 10 13 36 30 6 6
split_gain=1.2819 1.3558 1.16285 1.37518 1.39344 1.76242 1.04208 1.44529 1.60013 1.22829 1.35953 2.00919 1.17581 1.06256 1.05163 1.07957 0.999796 2.60628 0.958524 1.09394 1.10623 1.06948 0.950023 1.0634 1.55652 1.02903 0.924431 1.07521 0.988522 1.65996 1.61081 1.70237 1.38852 1.32592 1.50118 0.950012 0.893297 1.00826 0.959897 1.14271 0.882333 0.923405 1.19848 1.31782 1.98549 1.09299 2.23305 1.83575 1.02725 1.17941 0.91536 1.0147 0.90147 0.934493 0.972921 1.57669 0.894501 1.21556 0.882068 0.867853 0.865395 1.52506
threshold=0.24187655595729399 -2.4604422917651836 0.029464010754302754 -0.33840338039978812 0 36.500000000000007 1 36.500000000000007 0.9417420814479639 0.95000000000000007 2 27.50714285714286 8.9257078082899302 5.2436092513694472 -0.17714633567196444 1.2455039472943519 0.64888572783309639 36.500000000000007 0.3936998594030674 3 4 0.70519766509369242 0.18191457106311407 2.9674775251189849 9.5100251856682174 5 0.027980913348228945 -1.2987834539471719 0.15000000000000005 63.500000000000007 6 -0.13975807762592288 33.500000000000007 -0.34726664077448394 1.0000000180025095e-35 0.307920227920228 0.68202184456631809 0.54968721198626513 8.5139094738011831 1.6351386961381855 18.500000000000004 8.1690237521093003 8.7696515473140426 1.0000000180025095e-35 0.19151239552444935 0.016066612661274075 8.0834520673652381 0.097741482294345941 26.835714285714285 7.6064394289070592 0.92247596153846168 0.44000011199995531 -0.29152100260512409 0.2185246089095432 -0.21309715905770898 0.030025742869267184 0.26691557663528004 0.81081190650405721 1.0834485712487493e-05 21.750000000000004 7.0304549951684914 6.6459721635737674
decision_type=2 8 10 10 1 2 1 2 2 2 1 2 2 2 2 2 2 2 10 1 1 10 10 2 2 1 8 2 2 2 1 10 2 10 2 2 2 2 2 2 8 2 2 2 10 2 2 10 2 2 2 2 10 2 10 2 2 2 2 2 2 2
left_child=2 -2 16 6 5 -5 7 8 -4 58 11 13 -8 -11 15 -13 17 -1 19 20 21 36 23 24 -6 -24 28 -28 29 30 -25 -32 -31 -33 -35 -30 38 -38 39 -3 -37 45 -43 -44 -45 46 48 -48 49 -42 51 -47 -50 54 55 59 -55 -58 -9 -54 61 -18
right_child=1 18 3 4 22 -7 12 9 -10 10 -12 14 -14 -15 -16 -17 60 -19 -20 -21 -22 -23 25 26 -26 -27 27 -29 35 32 31 33 -34 34 -36 40 37 -39 -40 -41 41 42 43 44 -46 50 47 -49 52 -51 -52 -53 53 56 -56 -57 57 -59 -60 -61 -62 -63
leaf_value=-0.0010529986111959967 0.0026231102654747551 -0.0001399307031288695 5.2016384962912267e-05 0.0010401805998190559 -0.0016736902142523776 -0.00098007391767574977 0.00035966778144929691 -0.00064398653297619761 -0.001174981079637631 0.0022290653739480246 -0.0018143134287464712 0.0020434029615334494 -0.00083820895600002915 0.0046432953120592486 -0.00022947102784689054 0.0079322068018195021 -0.0042915433521348162 0.0095046380564520333 -0.0037575576793322379 -0.0016720523555236956 -0.0023423265030795815 0.0077272644622733179 -0.00011747328614534417 -0.001094569675589147 0.0022418161496827967 -0.0014645611050442618 0.0011630943457551653 -0.00052240711833033881 -0.00071973677769003076 -0.0022245441581247283 0.0050236952024726826 -0.00020091383128879739 0.0023581861488509315 0.0036248423471006343 0.00017911166394013993 -0.0025599675912475295 0.0065377765795063218 0.00086691599172758504 -0.0058364810928379571 0.003256665336456405 0.0042509191505837856 -0.0013450982588239608 -0.00030336231615869433 -0.00044365264337893054 0.011545272459884204 0.0029717740700956441 0.003536201583243118 0.0039629779212939807 -0.0012050881404403128 -9.7532654014714785e-06 -0.00030381452424591688 0.00028073442668624329 0.0031814047124194946 0.0064882354856112476 -6.3507663509062228e-05 0.0037378627544957356 -0.0024038629605505533 0.0029200235966324434 0.0018541794551346137 -0.0030825949642149155 -0.0017779614253944369 0.0014452756388226614
leaf_weight=67 84 1135 1134 983 1104 340 7415 390 1309 42 130 77 999 73 185 40 77 47 532 1451 551 41 1274 105 81 1954 182 3970 414 251 75 83 44 46 51 190 44 235 125 59 76 714 165 62 52 46 44 72 82 60 932 207 60 53 1012 47 47 48 47 50 1230 86
leaf_count=67 84 1135 1134 983 1104 340 7415 390 1309 42 130 77 999 73 185 40 77 47 532 1451 551 41 1274 105 81 1954 182 3970 414 251 75 83 44 46 51 190 44 235 125 59 76 714 165 62 52 46 44 72 82 60 932 207 60 53 1012 47 47 48 47 50 1230 86
internal_value=-0.000385337 -0.00119422 -0.000263726 -0.000187748 -0.000506111 0.00103823 0.000214912 -0.000519198 -0.00117226 0.00109645 0.00267336 0.00400701 0.000513945 0.00969827 0.00194719 0.00563559 -0.00161472 0.00286956 -0.00132128 -0.00103103 -0.000318038 0.000336362 -0.000656105 -0.000424421 -0.0018339 -0.00140601 -0.000243481 -0.000797015 0.000208291 0.00201982 0.00429363 0.00629699 -0.000760136 0.0038674 0.00780612 -5.97666e-05 0.000131331 0.00269643 -0.00041288 2.51034e-05 0.000175372 0.00034073 -0.000970826 0.00180357 0.00591304 0.00080014 0.00163135 0.0082906 0.00112305 0.00525547 -0.000358349 0.00230315 0.000717856 0.00103566 0.000559828 0.00420886 0.0047651 0.00182292 -0.000878997 0.0009009 -0.0019835 0.00143293
internal_weight=32581 4257 28324 26817 14976 1323 11841 3427 2443 984 547 417 8414 115 302 117 1507 114 4173 3641 2190 1639 13653 10425 1185 3228 9240 4152 5088 655 360 255 295 180 97 4433 1598 279 1319 1194 4019 3829 993 279 114 2836 1651 116 1535 136 1185 253 1399 1317 1169 157 148 95 437 110 1393 163
internal_count=32581 4257 28324 26817 14976 1323 11841 3427 2443 984 547 417 8414 115 302 117 1507 114 4173 3641 2190 1639 13653 10425 1185 3228 9240 4152 5088 655 360 255 295 180 97 4433 1598 279 1319 1194 4019 3829 993 279 114 2836 1651 116 1535 136 1185 253 1399 1317 1169 157 148 95 437 110 1393 163
cat_boundaries=0 1 2 3 4 5 6 7
cat_threshold=240 4306 4098 2928 3978 1816 6153
is_linear=0
shrinkage=0.05


Tree=75
num_leaves=63
num_cat=11
split_feature=2 9 37 17 39 34 25 13 41 31 38 41 7 41 33 25 2 18 41 13 15 27 25 31 13 39 7 8 19 39 5 9 42 33 24 27 38 5 5 23 4 1 37 39 36 19 42 41 42 31 1 24 18 8 42 31 2 12 4 42 0 42
split_gain=2.00366 1.53446 1.55801 1.14097 1.84198 1.70735 1.69541 1.50227 2.22162 1.24435 1.14825 1.40053 1.46318 1.3441 1.6549 1.3743 1.36927 1.42573 1.92969 1.15195 1.11814 1.05098 1.35233 2.27969 2.44465 2.12305 2.19318 2.50183 2.16137 1.2381 1.36234 1.99404 1.24032 1.20075 1.05124 1.04072 1.01608 0.990429 1.30478 0.977109 0.970785 1.05579 0.959323 0.956241 0.955076 0.947806 0.919113 0.917856 1.06289 0.929922 0.909059 0.895201 1.29759 0.98326 1.38896 1.66876 1.2223 0.97561 0.947802 1.10721 0.874603 0.867432
threshold=0.48039698203034359 0.046226761001741876 51.500000000000007 -0.021368605655641689 0 1.0000000180025095e-35 1 0.65675100291683808 8.8804421768707495 134.84999999999999 2 4.4064004096262162 8.2843670723383909 5.3984375000000009 28.192857142857147 3 -0.038871015282490699 0.82517251427011518 22.474068554396428 0.69696984848484866 0.023959746975726896 34.500000000000007 4 35.750000000000007 0.46153867037958346 5 7.9044662437641398 0.26885059639564252 0.065526250967818542 6 6.9550755583261159 0.09789583952625798 0.88352713178294584 28.864285714285717 7 14.500000000000002 8 7.867088452623368 7.2374425641167077 0.57536414490356191 0.20544540278419679 0.0041984576232985136 19.500000000000004 9 0.10132714065105859 0.02286674046904676 0.98373876255949244 87.665776209677432 0.93002855977152199 20.250000000000004 -0.040663145327679999 10 -1.143694076666393 0.49779905210750508 0.96459899749373446 50.650000000000013 -0.22697877218156967 42.500000000000007 0.3776303091147209 0.95275297619047628 0.090973952114044479 0.96850198412698429
decision_type=2 10 10 2 1 2 1 2 2 2 1 2 2 2 2 1 2 10 2 2 2 2 1 2 2 1 2 10 2 1 2 10 2 2 1 2 1 2 2 8 2 2 8 1 2 2 2 2 2 2 2 1 10 8 2 2 2 2 2 2 2 2
left_child=1 2 -1 42 5 10 -6 -7 -9 -10 11 -5 13 14 -13 16 17 19 -19 50 35 22 23 24 -8 40 28 39 61 32 31 -31 33 -23 43 -18 -32 38 -25 -28 41 -26 -3 47 51 -40 -12 48 -24 -50 -15 52 58 60 56 -56 57 -55 -44 -60 -53 -27
right_child=-2 3 -4 4 6 7 21 8 9 -11 46 12 -14 15 -16 -17 20 18 -20 -21 -22 29 34 37 25 26 27 -29 -30 30 36 -33 -34 -35 -36 -37 -38 -39 45 -41 -42 -43 44 -45 -46 -47 -48 -49 49 -51 -52 53 -54 54 55 -57 -58 -59 59 -61 -62 -63
leaf_value=-0.001198010254783752 -0.0024108150267053191 -0.0018034281633906336 0.0013209552451867439 -0.0019658288983026421 -0.00090304175488785496 -0.00033662500597797193 -0.0010615708779725247 0.0050299117967821244 0.00329368301733178 -0.00048393575521956224 -0.0013310868082556113 0.0042289564576591934 -0.0043490990501011259 0.00093321786968845642 0.00025107187688617658 -0.00047772740789649154 0.0023053241635617996 -9.6774516784918673e-06 0.0052117592789384035 -0.00014610214744490734 -0.0016254802100101704 0.0060632496902298938 0.0010850598366531666 -0.0014811394457702586 -0.0003004640475999753 0.0025294818902901993 -0.00097838670400500418 0.0054469127638261819 0.0063394682312758579 0.0019610302613157029 0.0002710897019897225 0.001876088542760767 -0.0018003757646662417 -0.0014103606561009887 -0.00015826419199458039 0.00014377596005610193 -0.0014943860130502008 -0.0016155247194437736 0.0070589433049204316 0.0011332037276079346 -0.0031726196297937256 0.0079417034761666092 -0.00053624226096733144 -0.00013694560713775603 0.0017740340032446071 0.00036413377096388891 -0.00047948824945665453 4.5407245074665661e-05 0.0060851984516115364 0.0017311030724512311 0.0034445217549275427 -5.0088034985100583e-05 0.00060713599433143898 0.015465907790854237 0.006515815574068883 -0.0012465130556972945 -0.0011363794271119915 -8.0218205415460642e-06 -0.0008937241272622946 0.0034570322696416502 -0.0011256830022180041 0.0067340278240643793
leaf_weight=881 1302 266 41 560 2404 204 129 69 40 96 1912 40 222 40 88 1408 67 47 70 205 332 49 96 81 92 54 93 41 55 40 1089 348 1245 82 2567 179 812 355 68 84 62 59 1330 277 74 59 1936 111 58 44 41 4834 3742 40 55 42 199 40 117 116 1587 51
leaf_count=881 1302 266 41 560 2404 204 129 69 40 96 1912 40 222 40 88 1408 67 47 70 205 332 49 96 81 92 54 93 41 55 40 1089 348 1245 82 2567 179 812 355 68 84 62 59 1330 277 74 59 1936 111 58 44 41 4834 3742 40 55 42 199 40 117 116 1587 51
internal_value=-0.000465505 -0.000385828 -0.00239437 -0.000325041 -0.000578841 -0.00117352 -0.000149773 0.00196341 0.00497573 0.00124087 -0.00135493 -0.000663143 -0.000198906 0.000144955 0.00511628 -0.000123432 0.00130544 0.00355198 0.00817796 0.00163763 -0.000241797 0.000196621 0.000714446 0.00207496 0.00395284 0.0053125 0.00748072 0.00438356 0.0121118 -0.000429625 0.000284781 0.002982 -0.00160779 0.00299242 0.000153286 0.00230769 -0.000265511 -0.000292554 0.00244019 0.00176966 0.00104911 0.00325658 4.33967e-05 0.00204355 0.0001084 0.00558594 -0.00194092 0.00392187 0.0060804 0.00961165 0.00664634 7.35343e-05 0.00055963 -0.000306259 0.00217507 0.00729592 0.000374999 0.00555555 -0.000648978 0.00228632 -0.000452352 0.00778302
internal_weight=32727 31425 922 30503 18061 7556 10505 409 205 136 7147 3299 2739 2517 128 2389 981 403 117 286 578 8101 4436 1283 720 591 378 218 160 3665 2289 388 1376 131 3153 246 1901 563 208 177 213 151 12442 586 12176 127 3848 309 198 102 81 12102 5305 6797 376 97 279 80 1563 233 6421 105
internal_count=32727 31425 922 30503 18061 7556 10505 409 205 136 7147 3299 2739 2517 128 2389 981 403 117 286 578 8101 4436 1283 720 591 378 218 160 3665 2289 388 1376 131 3153 246 1901 563 208 177 213 151 12442 586 12176 127 3848 309 198 102 81 12102 5305 6797 376 97 279 80 1563 233 6421 105
cat_boundaries=0 1 2 3 4 5 6 7 8 9 10 11
cat_threshold=5126 1537 5 1636 2096 496 2560 2 10 2577 6
is_linear=0
shrinkage=0.05


Tree=76
num_leaves=63
num_cat=10
split_feature=1 9 18 25 5 33 36 36 22 25 6 12 12 39 30 33 27 39 27 12 5 42 13 19 25 2 0 27 5 22 22 20 19 7 39 30 8 0 9 33 39 13 33 8 12 6 33 9 25 22 18 33 39 12 27 13 13 12 22 0 25 8
split_gain=1.52856 1.68256 1.4177 1.35437 2.18476 2.74102 1.24377 2.56706 1.70426 1.58883 1.89362 2.72804 2.70039 1.27532 1.32594 1.06912 1.05515 3.39273 1.53294 1.9467 2.00569 1.73523 1.61792 1.65773 1.53947 1.41809 1.37036 1.47106 1.26721 1.40579 1.18435 1.06803 1.50077 0.988177 2.00233 1.87833 2.65284 1.12906 1.3694 1.31249 2.08057 1.18983 1.15929 1.92904 1.71014 1.40773 0.966249 0.873714 0.827107 0.822002 0.90366 1.27332 1.08838 1.35087 1.17392 1.51689 0.984882 0.898665 0.836867 0.821744 1.09521 1.70456
threshold=0.095310179804324338 0.042998140146435368 -1.143694076666393 0 7.7209286703013875 31.421428571428574 0.0012274483160944125 0.00077233001057840859 -0.37565313560212882 1 9.487320204401227 15.500000000000002 80.500000000000014 2 99.500000000000014 26.778571428571436 7.5000000000000009 3 4.5000000000000009 7.5000000000000009 8.5742839991180286 0.95275297619047628 0.52380788143590973 -0.0074373567509298981 4 -0.22314355131420924 0.055350095083164248 2.5000000000000004 8.0162907660782157 -0.49881075839558003 -0.5109684605045709 0.030415344404222989 0.0039087939809804122 6.7641000576112846 5 0.25000000000000006 0.25069387311555386 0.0224734240341995 0.76504914322537154 37.721428571428575 6 0.34384930321744817 39.021428571428579 0.12861137609900161 42.500000000000007 7.4269676471415318 27.13571428571429 0.063162595168263211 7 -0.18922229481675593 -0.48776445820306452 27.292857142857148 8 83.500000000000014 32.500000000000007 0.9423772162609132 0.70466601520084782 25.500000000000004 -0.41357566363615039 0.11227868884559068 9 0.21501941478956108
decision_type=2 8 10 1 2 2 2 2 8 1 2 2 2 1 2 2 2 1 2 2 2 2 2 2 1 2 2 2 2 10 8 10 2 2 1 2 10 2 8 2 1 2 2 10 2 2 2 10 1 10 8 2 1 2 2 2 2 2 10 2 1 10
left_child=1 3 15 4 -1 -6 7 9 -8 10 13 -12 -13 14 -3 -2 17 18 24 -20 21 28 -23 -24 -11 30 27 -26 29 -21 -19 32 -32 34 35 -18 -37 38 39 -35 -41 -39 43 44 -42 -46 -16 -15 -10 50 51 -43 59 54 -54 -56 58 -58 -53 -52 61 -61
right_child=2 6 -4 -5 5 -7 8 -9 48 16 11 12 -14 47 46 -17 33 25 19 20 -22 22 23 -25 26 -27 -28 -29 -30 -31 31 -33 -34 37 -36 36 -38 41 -40 40 42 49 -44 -45 45 -47 -48 -49 -50 -51 52 56 53 -55 55 -57 57 -59 -60 60 -62 -63
leaf_value=-0.002906143395056206 0.00015720770042731077 -0.0011528203999989545 -0.00030571559365859046 -0.0021310893837084882 2.1464149205853574e-05 0.0025002460401062723 0.0038285745891734196 0.0015174638808381205 2.9759974034420571e-05 0.0002128083526897873 -0.0066722221503068453 0.0094100567265902133 0.0041334545829377024 0.0045919071585776841 -0.00044813397928370629 -0.0026790487272326646 0.0010589128584740913 -0.00082100950203670218 -0.0011414255379640361 0.0025291279861635314 -0.0024081374929963094 -0.00034707526112932451 0.00019383667729649199 0.0078661728655250347 0.0033611581840750403 -0.00068906971428350924 -0.00037358884582207281 0.0068337088502126945 0.0055253354013312037 0.0054213495296107188 0.0074872613365889809 0.0027110138999929989 0.002778760413821918 -3.1231932196383738e-05 0.00016100813610228217 0.010643472707100997 0.00012402947093463111 -0.0015818946477117954 0.010570873786920038 -0.00041692953461061751 0.0079749455638974259 0.0059990759419535971 9.4633904144405165e-05 0.00088069760091853602 0.0013598984121876133 0.00022261177290621741 0.005725590848288914 -0.00027218146177952974 -0.0025521885973495838 -0.00060427805482507675 -0.001516434598088973 0.00079531536073910742 -0.0011305488113434062 0.0059891177196384343 0.00029529508799195297 0.005151508648419215 0.0027959796361300506 -0.0012596526561209714 0.0072905277972391165 0.0035034412629355964 -0.0010816552390061345 -0.00057541358105427749
leaf_weight=106 153 1849 7944 536 87 40 48 48 254 577 44 40 40 41 55 1216 173 103 71 55 40 63 48 61 60 1219 41 47 40 68 56 112 67 9141 792 53 40 486 42 447 73 87 284 208 55 78 53 1382 749 1765 524 105 184 43 154 60 68 174 43 57 166 50
leaf_count=106 153 1849 7944 536 87 40 48 48 254 577 44 40 40 41 55 1216 173 103 71 55 40 63 48 61 60 1219 41 47 40 68 56 112 67 9141 792 53 40 486 42 447 73 87 284 208 55 78 53 1382 749 1765 524 105 184 43 154 60 68 174 43 57 166 50
internal_value=-0.000377679 -0.000162454 -0.000919585 -0.00246104 0.000758196 0.00519531 -8.44219e-05 -2.77473e-06 -0.00176331 -2.87248e-05 -0.00100142 0.00504 0.0104938 -0.00122745 -0.00205031 -0.00240511 0.0001603 0.00106632 0.00308376 0.00541387 0.0068484 0.00811012 0.00456647 0.00822727 0.00168733 -0.000468751 0.00603773 0.00939815 0.0117988 0.00915322 0.00238938 0.00434322 0.00754032 -6.52531e-07 0.00147309 0.00512635 0.0110106 -0.00010983 0.000165552 0.000128316 0.00172338 -0.000826822 0.00339915 0.00513253 0.00855072 0.00511194 0.00330275 -8.01964e-05 -0.00220618 -0.00050273 0.000276805 0.00212343 -0.000435837 0.00153761 0.000651628 0.00316279 0.000895139 -0.00106996 0.00409396 -0.00152847 0.000675181 0.00436441
internal_weight=32765 23452 9313 769 233 127 22683 21632 1051 21584 3504 124 80 3380 1957 1369 18080 2728 1171 446 375 335 172 109 725 1557 148 107 163 123 338 235 123 15352 1058 266 93 14294 10328 10286 1145 3966 698 414 206 133 108 1423 1003 3480 1715 477 1238 441 398 214 390 242 148 797 273 107
internal_count=32765 23452 9313 769 233 127 22683 21632 1051 21584 3504 124 80 3380 1957 1369 18080 2728 1171 446 375 335 172 109 725 1557 148 107 163 123 338 235 123 15352 1058 266 93 14294 10328 10286 1145 3966 698 414 206 133 108 1423 1003 3480 1715 477 1238 441 398 214 390 242 148 797 273 107
cat_boundaries=0 1 2 3 4 5 6 7 8 9 10
cat_threshold=165 129 4871 2614 780 260 4930 672 4639 2370
is_linear=0
shrinkage=0.05


Tree=77
num_leaves=63
num_cat=9
split_feature=22 9 8 39 3 29 22 8 41 27 25 31 14 23 0 37 25 41 18 9 4 23 17 11 25 11 41 41 26 26 4 2 25 22 6 25 5 12 11 9 11 27 30 11 41 25 41 30 7 11 31 39 25 27 23 30 9 2 12 5 7 27
split_gain=1.41109 1.43369 1.29086 1.64041 2.68822 1.40109 1.20479 1.47626 1.31344 1.47642 1.45082 2.27029 1.64113 1.56908 1.95406 1.40829 1.26761 1.20267 2.97518 1.18123 1.48801 3.31444 1.17987 1.16327 1.36462 1.44845 1.72156 1.70962 1.80169 2.24899 1.25733 1.12975 1.22272 1.06553 1.16761 1.05671 2.33042 1.62291 1.18226 1.19077 1.0071 0.944344 1.62793 1.06698 0.924093 1.40868 2.05157 1.82541 1.62879 1.44016 4.28366 1.2833 1.61 1.86687 1.42104 2.33158 1.37205 1.23914 1.75014 1.23643 3.14439 2.99486
threshold=0.18191457106311407 0.0257826060014603 0.14083046782212946 0 0.46505182054645161 1.0000000180025095e-35 -2.9634630129852049 0.75842160834245542 91.016129032258078 8.5000000000000018 1 118.65000000000002 -0.19704577135740384 -0.55952308411990237 0.018208729414014971 35.500000000000007 2 45.676854395604401 0.75422474719740396 0.39719756612222795 -0.76889436484822749 -0.78424107379863928 1.0000000180025095e-35 1.5000000000000002 3 38.500000000000007 44.870833333333344 23.841468253968255 22.500000000000004 20.500000000000004 -0.14532005452676519 0.17185025692665915 4 0.24855575038826117 7.9842483430528217 5 7.2898938661332151 65.500000000000014 5.5000000000000009 0.087702735270623236 78.500000000000014 27.500000000000004 1.5500000000000003 45.500000000000007 4.5042134023583555 6 4.9818121693121702 54.050000000000004 7.9103460060708661 43.500000000000007 268.55000000000007 7 8 11.500000000000002 -0.46512588913409897 67.450000000000031 0.18207484013891354 -0.35630364172395618 12.500000000000002 9.5100251856682174 9.6569273354777092 28.500000000000004
decision_type=10 10 8 1 2 2 8 10 2 2 1 2 2 10 2 10 1 2 10 10 2 10 2 2 1 2 2 2 2 2 2 2 1 10 2 1 2 2 2 10 2 2 2 2 2 1 2 2 2 2 2 1 1 2 10 2 10 2 2 2 2 2
left_child=1 -1 3 5 35 17 7 -3 19 10 11 12 -10 14 -14 -13 -11 -2 -19 31 21 -21 33 -22 -25 26 27 28 29 -26 -30 44 41 -7 -35 36 37 40 39 -37 -5 -33 43 -43 59 46 48 -48 -46 -49 -51 52 53 -47 55 -55 -54 -58 -59 -8 61 -61
right_child=2 6 -4 4 -6 22 8 -9 9 16 -12 15 13 -15 -16 -17 -18 18 -20 20 23 -23 -24 24 25 -27 -28 -29 30 -31 -32 32 -34 34 -36 38 -38 -39 -40 -41 -42 42 -44 -45 45 51 47 49 -50 50 -52 -53 56 54 -56 -57 57 58 -60 60 -62 -63
leaf_value=-0.0030390422026578333 0.00095524652396523479 0.057751407549936663 -0.0013534595029846641 -0.00044691289060961247 0.0043447922304011444 -0.00097964604884544205 -0.00039260434084017917 -0.012628953686173811 -2.3891335785198494e-05 -0.00016096970326713158 -0.00030387215546162394 -0.00072382397460138978 0.0067090699540254045 0.0040409097969908601 0.0038630208477604825 0.0030497216212293718 -0.00091879809231537189 0.0059590807058183337 -0.00050133144012991812 0.021226406527213332 -0.0025276291201354671 0.0018816524002525871 -0.00094552491789109028 -0.00067238821309326981 0.0039594101116358776 3.0463759067691321e-05 -0.0027260079456674067 0.016211239076894743 0.0043949927195184859 0.012724249678306288 -0.0019490599585111517 -0.0010993230119927051 -0.00098403626511832875 0.0027458555620106144 0.00097272993162920551 0.0062785009935468292 -0.0027034512469008764 0.0044845455189526737 -0.0015052730004005655 -0.00046967817881132432 0.002387944336775521 0.00059984974113513564 0.00039942073311153008 0.0066012073467633789 0.0064775737853957809 0.0033885405413978855 -0.0016407740553826022 -0.00082678384801047444 -0.00011977025526201697 -0.00019898040627735954 0.0049646154808581098 0.00013931610764667581 3.8092526269750252e-05 0.0021089606737954058 0.0003404221643578393 0.0064860741287154772 0.0035104483831406158 0.0053045062123416916 0.00044044869234459303 0.0063708316384784988 -0.00038297335452988456 -2.7291757055662986e-06
leaf_weight=392 163 43 2899 104 59 55 3766 46 62 3770 1125 314 40 72 43 55 3432 51 44 62 81 115 283 397 80 381 78 66 52 43 126 415 1959 40 127 42 184 57 1059 80 47 44 621 51 48 72 1062 178 46 104 52 5527 1451 116 324 40 42 44 371 51 199 45
leaf_count=392 163 43 2899 104 59 55 3766 46 62 3770 1125 314 40 72 43 55 3432 51 44 62 81 115 283 397 80 381 78 66 52 43 126 415 1959 40 127 42 184 57 1059 80 47 44 621 51 48 72 1062 178 46 104 52 5527 1451 116 324 40 42 44 371 51 199 45
internal_value=-0.000351699 -0.000207789 -0.00109915 -0.000239984 -0.00113208 0.00166021 -0.00016432 0.00561111 -0.000183549 -0.000680392 0.000639602 0.00262981 0.00672018 0.00945513 0.0141071 0.000283783 -0.000994031 0.00467181 0.00911458 6.10148e-05 0.00141363 0.00570225 0.00014822 0.000827585 0.00121323 0.00235364 0.00431614 0.00574728 0.00412252 0.00875 0.000893854 -5.95357e-05 -0.000922033 0.00286995 0.00485119 -0.00153431 0.000719602 0.00435407 -0.0022693 0.00235772 0.00161184 0.000389666 0.00149233 0.00755208 0.00013738 0.000407785 -0.000999335 -0.00148891 0.00610526 0.00173134 0.00522293 0.000670792 0.00161878 0.00397868 0.0029106 0.00681529 0.000917143 0.00330786 0.00246394 -0.0004936 0.00261824 0.01
internal_weight=32797 27503 5294 2395 1632 763 27111 89 27022 8913 1711 586 217 155 83 369 7202 258 95 18109 1481 177 505 1304 1223 826 445 367 301 123 178 16628 3090 222 167 1573 392 208 1181 122 151 1131 716 95 13538 9477 1490 1396 94 334 156 7987 2460 552 480 156 1908 457 415 4061 295 96
internal_count=32797 27503 5294 2395 1632 763 27111 89 27022 8913 1711 586 217 155 83 369 7202 258 95 18109 1481 177 505 1304 1223 826 445 367 301 123 178 16628 3090 222 167 1573 392 208 1181 122 151 1131 716 95 13538 9477 1490 1396 94 334 156 7987 2460 552 480 156 1908 457 415 4061 295 96
cat_boundaries=0 1 2 3 4 5 6 7 8 9
cat_threshold=5296 1568 978 11 2272 642 640 4101 72
is_linear=0
shrinkage=0.05


Tree=78
num_leaves=63
num_cat=7
split_feature=5 42 29 39 30 10 19 12 25 19 31 36 2 14 13 2 25 19 20 19 23 42 33 7 6 39 7 27 33 42 33 13 7 31 31 10 39 25 42 27 20 44 30 23 33 20 6 30 31 30 6 31 33 27 12 5 27 42 39 4 42 27
split_gain=1.11448 1.37194 1.00876 1.78519 1.8987 1.66974 1.95482 1.50006 1.75701 1.35948 1.33554 2.26813 2.24386 1.58304 1.55927 1.64123 1.71096 1.31638 1.24977 1.35235 1.24556 1.72965 1.74474 1.242 2.48765 1.1816 2.23077 2.25396 1.86343 1.36451 1.2027 2.16641 1.94515 3.24215 2.01912 1.15887 1.38285 1.46418 1.61305 1.50545 1.40779 1.58569 1.23711 1.1849 1.20511 2.40867 1.1572 1.15515 1.44214 1.12929 1.9055 2.11295 2.83991 1.1207 1.14621 1.18371 1.10404 1.55448 1.08318 1.22474 1.07646 1.73204
threshold=5.1991450204564975 0.82834821428571437 1.0000000180025095e-35 0 33.650000000000013 -0.24719768467519684 9.2166658436701697e-17 48.500000000000007 1 0.035570831372639646 68.850000000000023 0.10938466095957998 0.11778347043918204 -1.0000000180025095e-35 2.5850326938441905 0.044157543819224994 2 0.11917382680239975 0.045326064010910189 -0.14853153869141658 -0.23616689295461077 0.96899038461538478 35.564285714285724 8.1353796056180272 8.0754579637432347 3 8.2843670723383909 43.500000000000007 28.978571428571435 0.9536672629695887 38.26428571428572 1.2133346666666669 7.4720608901196615 1.0500000000000003 0.25000000000000006 -0.062677977410467975 4 5 0.98130677847658998 56.500000000000007 0.026150741683116811 1.0000000180025095e-35 10.350000000000003 0.20067069546215119 27.50714285714286 -0.057215995730029945 7.8551021417464275 0.45000000000000007 6.450000000000002 0.15000000000000005 6.9898481817749856 17.400000000000006 35.335714285714296 13.500000000000002 26.500000000000004 7.8519935688661606 13.500000000000002 0.94849690539345721 6 0.87734456768009672 0.96899038461538478 22.500000000000004
decision_type=2 2 2 1 2 2 2 2 1 2 2 2 2 2 2 2 1 2 10 2 10 2 2 2 2 1 2 2 2 2 2 2 2 2 2 2 1 1 2 2 10 2 2 10 2 10 2 2 2 2 2 2 2 2 2 2 2 2 1 2 2 2
left_child=1 -1 10 7 -5 6 -6 8 9 49 11 14 13 -13 15 16 17 20 25 -20 21 -2 -23 24 -7 26 27 28 -18 -29 -27 32 33 34 -32 42 37 38 39 40 -37 -42 -12 44 45 -39 -19 -10 -49 -4 -51 52 -52 -11 -55 -56 57 -22 59 -17 -46 -62
right_child=2 -3 3 4 5 23 -8 -9 47 53 35 12 -14 -15 -16 58 18 46 19 -21 56 22 -24 -25 -26 30 -28 29 -30 -31 31 -33 -34 -35 -36 36 -38 43 -40 -41 41 -43 -44 -45 60 -47 -48 48 -50 50 51 -53 -54 54 55 -57 -58 -59 -60 -61 61 -63
leaf_value=-0.0053879376558794842 0.00073546575617584008 0.042799887534596827 0.0021490958515083497 -0.0010168944257470196 0.00032996734633802729 -3.6517657365416234e-05 0.0054571825907747881 -0.00064893404436648823 -0.00083752697031830086 0.0094643769339431572 -0.0012696678638174945 0.00037223321597572718 -0.00030361564199633248 0.0041712033119834712 0.0063729101203463326 0.00027717325486467469 0.0052107573734568495 0.0029067502248489793 0.0051873234412994802 0.00051828165221929517 0.0067029838604917534 0.0014153702901515625 0.0048670559691605152 -0.0033255436449833743 0.006578832553047264 -0.00041966927295991369 -0.0037255062514940499 0.0031904331095242797 -0.00082601155499891453 0.0045018010008178611 0.00021857039281842833 0.0073763466523688124 -0.00080470865033732133 -0.00078013121679328177 0.0044154384298607666 0.0013846981664280033 -0.00088608156653846375 0.0061469404091220722 -0.00015703346684365173 -5.2106756324261214e-05 0.00064894424960177419 0.01082093030584615 0.00030995652385284789 -0.0040303211919041071 -0.0015981320515793054 5.7275703764028278e-05 0.0046103487213343302 0.0039472063737667892 6.4044845214531718e-05 -0.00022733087022223515 0.00066702387276233093 0.0064809507950463266 0.0061692643746957257 -0.0029695735584567189 0.0054546137492204787 -0.0015645720212828604 -0.00089238071648254063 -7.0722321279801243e-05 -0.00050661930058617903 0.0098795956567859847 -0.001779417637703178 0.0018414876298834056
leaf_weight=69 306 61 555 6409 98 675 59 2673 766 85 396 60 70 57 72 543 40 54 75 862 52 85 43 114 43 2741 135 64 123 81 41 51 230 80 43 120 4923 46 326 119 54 79 2444 245 613 182 56 107 958 104 127 46 58 247 59 68 259 114 3187 51 96 116
leaf_count=69 306 61 555 6409 98 675 59 2673 766 85 396 60 70 57 72 543 40 54 75 862 52 85 43 114 43 2741 135 64 123 81 41 51 230 80 43 120 4923 46 326 119 54 79 2444 245 613 182 56 107 958 104 127 46 58 247 59 68 259 114 3187 51 96 116
internal_value=-0.000404238 0.00419847 -0.000422729 -0.000758755 -0.00127413 0.000762625 0.00547468 -0.000104878 0.000628732 0.00198897 -0.000192398 0.000227129 0.00566489 0.00987288 0.000118222 6.11773e-05 0.000609645 0.0025051 0.000201004 0.00182836 0.00186628 0.00374713 0.00860465 -0.000132054 0.000639776 -0.000219009 0.0021696 0.00456311 0.000518291 0.00907534 -0.000556773 0.00184977 0.000582277 0.00472727 0.0115294 -0.000603997 -0.000953036 0.000159441 0.00198872 0.00426273 0.00643701 0.00996269 0.000246391 -0.000832698 -0.000109109 0.00310044 0.00765766 -0.000382737 0.000680111 0.00314254 0.00543155 0.00795259 0.00551075 -0.000206523 -0.00138667 0.00246094 -5.86866e-05 0.00311377 -0.000741672 0.00120661 -0.000998791 0.00206573
internal_weight=32715 130 32585 13251 7398 989 157 5853 3180 1349 19334 9575 187 117 9388 9316 5535 969 4566 937 859 434 128 832 718 3629 443 308 163 145 3186 445 394 164 84 9759 6919 1996 698 372 253 133 2840 1298 1053 228 110 1831 1065 890 335 231 185 459 374 127 425 166 3781 594 825 212
internal_count=32715 130 32585 13251 7398 989 157 5853 3180 1349 19334 9575 187 117 9388 9316 5535 969 4566 937 859 434 128 832 718 3629 443 308 163 145 3186 445 394 164 84 9759 6919 1996 698 372 253 133 2840 1298 1053 228 110 1831 1065 890 335 231 185 459 374 127 425 166 3781 594 825 212
cat_boundaries=0 1 2 3 4 5 6 7
cat_threshold=3153 2075 548 5120 7712 2128 2200
is_linear=0
shrinkage=0.05


Tree=79
num_leaves=63
num_cat=11
split_feature=9 22 39 10 25 27 39 42 21 19 8 41 25 3 41 39 3 16 42 12 17 31 8 3 9 17 4 31 39 31 4 42 12 8 2 20 19 19 39 21 21 25 9 19 17 34 39 4 13 14 21 4 2 25 27 2 26 9 14 25 20 30
split_gain=1.4105 1.48809 1.41879 2.27464 2.31563 1.28407 1.98549 1.37124 1.51984 1.71887 1.51518 1.3018 1.2498 1.19662 1.64718 1.16157 1.13812 1.70782 1.07444 1.40528 1.55659 1.28845 1.07186 1.10522 1.09134 1.05177 1.04854 1.04255 1.21396 0.99672 0.982045 1.57095 2.27424 1.34397 0.966304 1.98043 1.13918 2.52189 0.962368 1.4294 2.28514 1.98797 1.87748 1.97844 2.39038 1.12932 1.01018 1.90719 1.00295 1.92324 0.958551 0.952326 1.29865 0.920886 1.52124 1.94715 0.915192 0.910134 0.905061 0.904614 0.89505 1.05747
threshold=0.046226761001741876 0.013842587007638619 0 0.038060715335996871 1 8.5000000000000018 2 0.74589722894807653 6006.2500000000009 -0.10916918143201597 0.32791928928941244 1599.9025631017437 3 0.087517837871829332 34.614588377723976 4 -0.28768207245178029 -0.29374838005329756 0.93142633228840144 19.500000000000004 1.0332051158551638 289.85000000000002 0.30895083981243798 -0.33647223662121245 0.16187198098622993 0.87708329462884194 -0.43078291609245362 125.95000000000003 5 221.85000000000002 0.24686007793152645 0.99230769230769245 27.500000000000004 0.10457863256521106 -0.12987870123911535 0.0048184949490962569 0.011376789356360781 -0.017439444209909054 6 9456.2500000000018 5187.5000000000009 7 0.22529673791557275 0.014970872311510794 -0.074001896971283218 1.0000000180025095e-35 8 0.41379947468761064 2.5850326938441905 0.2084029873062683 4693.9650000000011 -0.62860865942237376 -0.10141859996608059 9 12.500000000000002 0.031863771125697056 15.500000000000002 0.12669521635475614 -0.11778303565638369 10 -0.0018265686887568484 39.650000000000006
decision_type=10 10 1 2 1 2 1 2 8 2 8 2 1 2 2 1 2 2 2 2 2 2 8 2 10 2 2 2 1 2 2 2 2 10 2 10 2 2 1 10 10 1 10 2 2 2 1 2 2 2 10 2 2 1 2 2 2 10 2 1 10 2
left_child=50 5 30 4 13 6 7 -2 9 -9 29 25 60 22 -15 57 -11 -18 21 -20 27 26 23 24 -4 38 51 28 -21 -10 53 -32 -33 -34 35 -30 37 -36 39 40 45 42 43 44 -41 -7 47 -47 -40 -50 59 -8 -53 54 -3 -56 -25 -6 -19 -1 61 -13
right_child=1 2 3 -5 15 11 18 8 10 16 -12 12 -14 14 -16 -17 17 58 19 20 -22 -23 -24 56 -26 -27 -28 -29 34 -31 31 32 33 -35 36 -37 -38 -39 48 41 -42 -43 -44 -45 -46 46 -48 -49 49 -51 -52 52 -54 -55 55 -57 -58 -59 -60 -61 -62 -63
leaf_value=-2.2977414353450257e-05 0.006024841981787884 -0.00087945743366762454 0.0024325102000085025 -0.00082701594435016118 0.0035863755678037738 0.00022765179327707914 0.0018393732579732637 -0.0027655572539173 -0.00060107248341994559 -0.00085084160044258017 0.010466715890551325 0.00024403686534300116 -0.0019096342822661134 0.00058417602353793793 0.0023187839967558736 -0.00066302880875815644 0.0086531324390513014 0.0046845133093234136 -0.0014454182951421557 -0.001955680449788898 0.0034843359687905268 0.0066639287688326099 -0.00061416589953237075 0.0024727294970754207 0.00492958878408227 -0.001440081291261686 5.5881590026678946e-05 -0.00056151033112093046 -0.00016542257027958663 0.0050111517398662049 -0.00060644108649272801 0.0055888660166654655 0.0053649740723530678 -0.0010697744754987876 0.0001883311213772314 0.0071120067683960037 -0.0013197191249082125 0.005866851296279986 -0.00017851321554187324 0.0066064537409355681 -0.0015491287608798833 -0.00064104777010361928 -1.5074144524601852e-05 0.0071313082185296348 -0.00050186379356491123 0.0080831006426846982 8.272799935838135e-05 -0.00072935781017866995 0.00093464776390063539 0.005667584473176359 0.00042584300096202481 0.0038299356371843396 0.0014523101095121917 -0.0010607997680072421 0.0047164381521450976 -0.001150071748800821 0.00045343706636203734 0.0017894291717941652 0.0019924783458802166 -0.0019961946971925513 -0.0011375902050308475 0.008726527004594184
leaf_weight=229 42 90 49 2498 40 4175 87 88 339 72 42 269 1364 65 59 863 65 79 562 274 45 49 175 56 41 1139 962 524 54 66 831 51 80 166 231 58 136 44 9632 46 888 163 85 58 86 78 112 40 145 42 73 40 47 3309 41 40 467 129 186 642 304 40
leaf_count=229 42 90 49 2498 40 4175 87 88 339 72 42 269 1364 65 59 863 65 79 562 274 45 49 175 56 41 1139 962 524 54 66 831 51 80 166 231 58 136 44 9632 46 888 163 85 58 86 78 112 40 145 42 73 40 47 3309 41 40 467 129 186 642 304 40
internal_value=-0.000392637 -0.00033607 -0.000878357 -0.000238043 0.0010437 -0.000120393 0.00068165 0.00263131 0.0022548 0.00417515 0.000145088 -0.000296246 -0.0015091 0.00286024 0.00744 -0.000584853 0.00555831 0.00679758 5.92178e-05 -0.000668741 0.000197512 0.00124368 0.0021673 0.00315146 0.00824176 -0.000152488 0.000897096 -0.000117248 0.0010213 -0.000800494 -0.00149167 -0.000212579 0.00290268 0.000890687 0.00240637 0.00654867 0.00132281 0.00317029 -4.50144e-05 0.000469347 0.000242726 0.00321184 0.00568182 0.00863874 0.00518797 0.000709259 0.00411255 0.00705426 -0.000345373 0.00327128 -0.0022963 0.00445714 0.008125 -0.00191037 0.00162088 0.00664634 0.00226145 0.00308333 0.0049812 -0.00275803 0.000376601 0.00227419
internal_weight=32752 31808 9050 4442 1944 22758 4092 979 937 490 447 18666 1977 912 124 1032 402 330 3113 1928 1366 1185 788 613 90 16689 1136 1321 797 405 4608 1128 297 246 523 112 411 275 15550 5731 5293 438 275 190 132 4405 230 118 9819 187 944 174 87 3480 171 81 523 169 265 871 613 309
internal_count=32752 31808 9050 4442 1944 22758 4092 979 937 490 447 18666 1977 912 124 1032 402 330 3113 1928 1366 1185 788 613 90 16689 1136 1321 797 405 4608 1128 297 246 523 112 411 275 15550 5731 5293 438 275 190 132 4405 230 118 9819 187 944 174 87 3480 171 81 523 169 265 871 613 309
cat_boundaries=0 1 2 3 4 5 6 7 8 9 10 11
cat_threshold=3590 3752 2656 402 144 1280 1031 3296 1026 512 164
is_linear=0
shrinkage=0.05


Tree=80
num_leaves=63
num_cat=4
split_feature=1 8 42 37 35 35 10 27 41 13 6 39 8 34 8 12 15 39 33 27 33 5 6 41 8 31 21 11 10 23 33 39 23 30 12 7 38 21 12 7 5 33 41 10 23 10 6 41 5 22 4 0 33 12 22 33 15 41 12 21 4 6
split_gain=1.53275 1.51753 1.43121 1.18839 1.9649 2.57474 4.26117 1.27503 1.24657 1.58552 1.20483 1.91103 1.39687 1.28582 1.50298 1.34423 1.27658 1.32334 1.53812 2.46418 1.26527 2.25129 1.30534 1.2743 1.25867 1.19353 2.80281 1.17047 1.16824 1.28194 1.19685 1.56564 1.13478 1.19889 1.12071 1.19594 1.64081 1.48007 1.47135 1.28053 1.31803 1.16244 1.76857 1.15929 1.14655 1.12612 1.11624 1.10333 1.42171 2.00149 1.28583 1.39709 1.39289 1.59896 1.31905 1.1744 1.09491 1.08918 1.26382 1.11561 1.50932 1.04795
threshold=0.53899650073268701 1.0000000180025095e-35 0.62605932203389847 31.500000000000004 0.017866314712239668 0.33770796610857573 -0.050193214659047129 5.5000000000000009 1599.9025631017437 0.62500023437470709 7.7107210251907308 0 0.016376077632875127 1.0000000180025095e-35 0.10738532228553174 78.500000000000014 0.60613580357031605 1 38.335714285714296 10.500000000000002 30.235714285714291 7.3984874444269311 7.571184353305493 166.67439516129033 0.20278018908302098 0.55000000000000016 1750.8350000000003 47.500000000000007 0.021465933695467235 1.0000000180025095e-35 31.471428571428579 2 0.98410795328480594 32.250000000000007 13.500000000000002 8.011399760394907 3 2498.3350000000005 81.500000000000014 7.8966948352731565 7.9214061695371685 38.835714285714296 66.941004962779161 0.05237892118573307 -0.14510389094737761 0.029787033107820719 7.8696765905025989 202.70172413793105 6.5320829621881993 -0.91529173054281843 0.44064662315000286 0.045809571012691126 34.892857142857146 46.500000000000007 -0.29152100260512409 29.007142857142863 0.18066434672745182 1.7360681114551086 32.500000000000007 3101.2500000000005 -0.041242432218536955 7.079211706129116
decision_type=2 8 2 8 2 2 2 2 2 2 2 1 10 2 8 2 2 1 2 2 2 2 2 2 10 2 8 2 2 10 2 1 8 2 2 2 1 10 2 2 2 2 2 2 8 2 2 2 2 10 2 2 2 2 10 2 2 2 2 10 2 2
left_child=1 2 -1 -3 8 6 -6 -8 9 28 13 32 -13 16 -15 -16 17 18 47 -20 21 56 -23 25 -24 26 -22 -26 29 57 31 -30 -12 -34 44 37 -37 39 -39 -36 -41 -38 -43 -42 -14 -46 -40 48 49 -11 52 -52 55 -54 -55 -49 -19 58 -5 -60 -61 -4
right_child=-2 3 61 4 5 -7 7 -9 -10 10 11 12 34 14 15 -17 -18 20 19 -21 23 22 24 -25 27 -27 -28 -29 30 -31 -32 -33 33 -35 35 36 41 38 46 40 43 42 -44 -45 45 -47 -48 50 -50 -51 51 -53 53 54 -56 -57 -58 -59 59 60 -62 -63
leaf_value=0.0070706193426870985 -0.0031293603314036093 -0.0011625015980933119 0.00066105742048205049 -0.00052989710565881361 0.0056667948236185711 -0.0012146310172009322 0.0024881777056983976 -0.00052316097165374775 -0.0007674891569188579 0.0085037375273358858 -0.0013008990938883508 0.0043671758907728826 -0.0022603517258512418 0.0071359410066659792 0.00028852276597541107 0.0097580517413297929 -0.00052216955736334998 -0.00073310013992709897 0.015330514329505119 0.00076038187723513747 0.0078466470467184034 0.0073814523346741228 -0.00017660240092032717 0.0081888543470385964 0.011415785551379483 -0.00087481297050687851 1.3261829474050026e-05 0.0026217256161734535 -0.00019011047572729009 -0.00046742185489872281 -9.1516697601743118e-05 -0.0013844222093421408 -0.00077168064571582463 0.0034535471975148269 0.00080765325669897824 -0.0015576722028259166 0.00020374279294208171 -0.00018443791121083915 0.0068202419873449925 0.001420337938242513 0.0067344688284322295 0.0072695941354034496 -0.00057982071890416644 0.0026148383701787067 0.00024298268193475973 -0.0028237097468804895 0.0011470714679924672 0.00092167001647119006 -0.00060108879407999713 2.3351057136208322e-05 0.0051175935102577451 0.00096527855018422334 0.0056920505906420775 0.0067036390703351396 -0.0029304129856906188 -0.002386141797504611 0.0058825019431245351 7.4518421683998599e-05 0.0066454663322003341 0.0045173308569735606 -0.00045154711021879303 -0.003461326709057111
leaf_weight=53 852 1123 98 74 40 103 43 73 1690 59 1431 47 284 55 224 42 1117 245 63 295 74 126 79 109 41 512 264 46 1790 2333 2314 2131 442 140 232 870 3198 653 62 40 40 62 40 40 600 195 86 362 1996 155 74 65 57 40 47 337 70 4128 40 49 60 615
leaf_count=53 852 1123 98 74 40 103 43 73 1690 59 1431 47 284 55 224 42 1117 245 63 295 74 126 79 109 41 512 264 46 1790 2333 2314 2131 442 140 232 870 3198 653 62 40 40 62 40 40 600 195 86 362 1996 155 74 65 57 40 47 337 70 4128 40 49 60 615
internal_value=-0.000440601 -0.000384435 -0.00258149 -0.000330077 -0.000270036 0.00405769 0.00808917 0.00316239 -0.000308008 -0.000228201 0.000121195 -0.000272954 0.000147832 0.000630052 0.00371118 0.00213483 0.000470804 0.000805158 0.000266778 0.00337047 0.00201014 0.00380756 0.00696246 0.000890624 0.00401197 0.000235016 0.00253687 0.008125 -0.000634289 -0.00017502 -0.00112652 -0.00165859 -0.00161314 0.000240136 8.43343e-05 0.00038223 -1.19887e-05 0.00180676 0.000617206 0.00450425 0.00867768 0.000498338 0.00572815 0.0123457 -0.00138426 -0.000408293 0.00510067 -8.14293e-05 -0.000701041 0.00316279 0.00131231 0.00575 0.000574643 0.00503448 0.000738635 -0.000350001 0.000870252 0.00033203 0.00372768 0.00636667 0.00368182 -0.00317227
internal_weight=32625 31773 766 31007 29884 259 156 116 29625 27935 15016 8462 6449 6554 321 266 6233 5116 3550 358 1566 607 292 959 166 850 338 87 12919 6684 6235 3921 2013 582 6402 5323 4170 1153 801 352 120 3300 102 80 1079 795 148 3192 2210 214 982 139 843 144 87 699 315 4351 223 149 109 713
internal_count=32625 31773 766 31007 29884 259 156 116 29625 27935 15016 8462 6449 6554 321 266 6233 5116 3550 358 1566 607 292 959 166 850 338 87 12919 6684 6235 3921 2013 582 6402 5323 4170 1153 801 352 120 3300 102 80 1079 795 148 3192 2210 214 982 139 843 144 87 699 315 4351 223 149 109 713
cat_boundaries=0 1 2 3 4
cat_threshold=1428 6404 3587 4
is_linear=0
shrinkage=0.05


Tree=81
num_leaves=63
num_cat=3
split_feature=9 10 39 14 33 2 7 2 13 16 9 9 19 9 13 15 30 30 11 11 8 30 16 31 33 8 8 23 16 17 3 8 10 8 3 23 6 16 5 3 40 9 44 16 31 3 15 33 7 3 33 20 31 24 28 15 39 8 18 11 7 30
split_gain=1.32937 1.41678 1.75104 1.49389 1.54555 1.37639 1.20632 1.06895 1.17144 1.25879 1.20707 1.04162 1.78173 1.68274 1.06698 1.01921 0.979252 0.95871 1.21454 1.80562 1.25832 1.17712 1.26877 1.2637 1.12957 2.2939 0.928372 0.945339 1.07663 1.4045 1.9351 3.01316 1.75841 1.62946 1.19222 0.926124 0.907722 0.895628 0.890365 0.883676 0.883304 0.881061 1.20057 0.868642 1.27009 0.857126 0.926609 0.846962 0.854347 1.52594 0.838866 1.08101 1.58181 1.12925 1.17781 1.25274 1.21521 1.7704 1.05399 1.91306 0.99237 0.943011
threshold=0.048256036326574998 0.033015907102233129 0 0.98641189956258446 27.87857142857143 -0.046520015634893046 8.3296084919266438 0.40546510810816511 0.63659357872774613 0.73822387443305149 0.063162595168263211 0.37662030067147806 0.097523466089768016 0.061827322301268826 0.22222111111111112 -1.4515426055845746 3.2500000000000004 1.5500000000000003 70.500000000000014 19.500000000000004 0.70519766509369242 15.450000000000003 0.40546510810816444 22.350000000000005 34.778571428571432 0.29028167355832835 1.0000000180025095e-35 0.15204717376195601 -0.22314355131421001 -0.021368605655641689 -0.10821215607084465 0.084255946432736026 -0.10293116702983295 0.13551503935398854 -0.21706450523782858 -0.87241409241161383 7.7259589055859044 -0.66516245079402847 7.3802916033060546 0.050471435954498663 1.5000000000000002 0.035256407133271994 1.0000000180025095e-35 0.11045878518309228 12.350000000000003 0.15154989812720168 0.02902583490858213 26.778571428571436 7.7613435564164108 0.53698123422084498 38.892857142857153 0.024149340539233618 10.950000000000001 1 1.0000000180025095e-35 0.33647223662121312 2 0.18669622232405675 0.25889165304746636 22.500000000000004 6.6080650556943059 3.6500000000000008
decision_type=10 2 1 2 2 2 2 2 2 2 10 10 2 10 2 2 2 2 2 2 10 2 2 2 2 10 8 10 2 2 2 8 2 8 2 10 2 2 2 2 2 10 2 2 2 2 2 2 2 2 2 10 2 1 2 2 1 10 10 2 2 2
left_child=40 2 3 6 5 -5 37 8 -3 10 16 12 26 -14 -13 -16 -10 24 19 20 -19 23 36 -21 -17 -26 -4 28 -28 30 31 35 -33 -34 -35 -30 -23 -2 -6 -8 -1 42 -42 44 -44 -15 -47 48 49 -9 51 52 -12 54 -53 56 57 -56 -52 -60 -55 -54
right_child=1 7 11 4 38 -7 39 47 9 -11 50 14 13 45 15 17 -18 18 -20 21 -22 22 -24 -25 25 -27 27 -29 29 -31 -32 32 33 34 -36 -37 -38 -39 -40 -41 41 -43 43 -45 -46 46 -48 -49 -50 -51 58 53 61 60 55 -57 -58 -59 59 -61 -62 -63
leaf_value=-0.0032429442697319492 0.00036569727841478873 -0.00053437034693549297 -0.0032731478936634619 0.0026480167227488161 -0.0013968850235765021 0.00065940248289381653 -0.0036782653326557814 0.004782927778108622 0.0054096211203812396 -0.0016736155059717665 -0.0018816842402003394 0.0080029337716062791 0.00082813725969734626 -0.00085639796157491058 -0.0034650606616375488 -0.0012014824435946539 0.0020463379172739188 -0.00077000478498940076 -0.0019189241546280591 0.006905348220319879 0.0078446336652079739 0.0032869061296821596 0.011414465820084228 0.0096752661507847199 0.01317692334581571 0.00035463753108394238 -6.3295763355024749e-05 -0.00014495633582038516 0.0028335131417233893 0.00028251818322704719 0.00038443175876310738 0.00038195671263040935 0.0012093899994251459 0.0065032271268202213 0.0040583443824770181 0.0054280303382882025 -0.0015768348191642465 -0.00057090262606024897 0.0018714400571965063 0.000297976717520931 -0.00088379396220922594 -0.0006413523858387624 0.0015131745554867442 -0.00067249815651585171 0.0025862936906776521 0.0045971998606020893 -0.0015927028725708785 -0.0021524639582237953 -0.0016884619860677585 -0.00085311516678164177 -4.6217091038327059e-05 -0.0008896709117405205 0.001368509916994955 0.0028137314183256101 0.00098482753838365685 0.0068354412900795709 -8.4528117020843307e-05 0.0065524377371160188 0.0064366840829029577 0.0011144298351228911 -1.7538634662548787e-05 -0.00018620657925512771
leaf_weight=270 603 5849 200 44 208 40 463 52 52 820 1068 46 65 1521 90 486 66 159 98 45 52 72 49 53 64 195 2187 2363 64 3199 636 395 46 40 44 43 55 3589 155 40 116 487 81 69 46 40 64 1423 96 58 188 112 407 49 62 71 149 49 40 131 1785 1625
leaf_count=270 603 5849 200 44 208 40 463 52 52 820 1068 46 65 1521 90 486 66 159 98 45 52 72 49 53 64 195 2187 2363 64 3199 636 395 46 40 44 43 55 3589 155 40 116 487 81 69 46 40 64 1423 96 58 188 112 407 49 62 71 149 49 40 131 1785 1625
internal_value=-0.000411487 -0.000352903 -5.22451e-05 -0.000826704 0.0019308 0.008 -0.00109136 -0.000724936 -0.00056811 -0.000115357 0.000141758 0.000270149 0.000102217 -0.00138971 0.00152218 0.00127554 0.00512605 0.00162528 0.00314212 0.00416667 0.000683961 0.00683636 0.00435028 0.0112121 0.000435656 0.00309615 0.000375894 0.000450764 0.000755821 0.00120076 0.00260835 0.00456556 0.0029943 0.00801527 0.0121176 0.0121759 0.00167969 -0.000813261 0.000508241 -0.00340278 -0.00214486 -0.00130625 0.000766772 0.00314721 0.00558594 -0.00170664 0.00266667 -0.00192945 0.0010628 0.00405405 3.83464e-05 -0.000118075 -0.000725574 0.000708954 0.00294053 0.00450301 0.00287356 0.00651639 0.002375 0.00520349 0.00015176 9.34568e-05
internal_weight=32734 31665 17513 5142 447 84 4695 14152 12523 6674 5854 12371 10907 1690 1464 1418 118 1328 583 485 211 274 176 98 745 259 9217 9017 6654 4467 1268 632 525 130 84 107 127 4192 363 503 1069 799 312 196 127 1625 104 1629 206 110 5736 5377 3100 2277 443 331 260 111 359 171 1834 2032
internal_count=32734 31665 17513 5142 447 84 4695 14152 12523 6674 5854 12371 10907 1690 1464 1418 118 1328 583 485 211 274 176 98 745 259 9217 9017 6654 4467 1268 632 525 130 84 107 127 4192 363 503 1069 799 312 196 127 1625 104 1629 206 110 5736 5377 3100 2277 443 331 260 111 359 171 1834 2032
cat_boundaries=0 1 2 3
cat_threshold=2562 2 3587
is_linear=0
shrinkage=0.05


Tree=82
num_leaves=63
num_cat=9
split_feature=10 39 25 1 39 41 25 25 7 5 7 3 22 13 41 30 39 39 19 25 41 41 22 26 13 12 0 7 17 30 27 41 7 21 27 22 37 3 13 44 1 6 27 8 22 12 2 6 27 27 25 6 18 12 12 27 21 5 17 40 7 13
split_gain=1.17393 1.85679 1.56616 2.11429 1.0167 1.81608 1.59875 1.39883 2.96189 4.27423 1.33939 1.32659 1.30411 1.22638 1.31365 1.25958 1.9588 1.31506 1.76426 1.80849 1.68209 2.09282 1.48727 1.47998 1.28455 1.93024 1.67013 1.24096 1.27441 1.23389 1.77914 1.69134 1.20782 1.45249 1.97824 1.34312 1.20678 2.19984 1.20446 1.16772 1.25314 1.14841 1.11194 1.10584 1.08981 1.8114 1.51631 2.07886 1.08467 1.02069 1.19948 1.46906 1.97489 1.64022 1.4636 1.58332 1.17108 1.10694 1.10774 1.09137 1.06357 1.12587
threshold=0.4057890324173084 0 1 0.22778509366276237 2 4.7145199063231855 3 4 8.0837172616332413 8.1424208499788104 7.8689779826927007 -1.1449142493496989 -0.045459522915588316 0.91125175808720116 2648.1093750000005 27.550000000000008 5 6 -0.070815498687092776 7 4.0341622672964723 50.192012288786493 -0.36879340956605816 27.500000000000004 0.63157911357349483 35.500000000000007 -1.0000000180025095e-35 6.703854655643009 -0.093863235502080741 75.000000000000014 41.500000000000007 3.1053588516746413 7.3132974622550506 8025.0000000000009 47.500000000000007 -0.28030167103659775 63.500000000000007 0.18733237526386495 0.92351367390336792 1.0000000180025095e-35 0.033601691985810429 7.6560336283832342 22.500000000000004 0.75842160834245542 -0.021977819761071989 11.500000000000002 0.051293294387551043 7.5025048793607034 29.500000000000004 7.5000000000000009 8 8.8847117374010534 0.35406482061329508 10.500000000000002 41.500000000000007 25.500000000000004 5387.5000000000009 8.5476860017021625 0.22095324629936378 1.5000000000000002 8.4699705816440574 0.28571559767031601
decision_type=2 1 1 2 1 2 1 1 2 2 2 2 8 2 2 2 1 1 2 1 2 2 8 2 2 2 2 2 2 2 2 2 2 10 2 10 10 2 2 2 2 2 2 10 8 2 2 2 2 2 1 2 8 2 2 2 8 2 2 2 2 2
left_child=4 2 3 -2 5 6 41 8 9 10 44 38 36 15 27 16 43 18 20 22 23 -22 -20 -17 -24 26 -26 28 -15 -21 -31 -32 -19 -34 39 -36 -7 -38 -9 -35 -41 -1 -12 -13 -6 -46 47 -47 -48 60 51 52 53 -51 55 -55 -57 -54 -59 -52 61 -18
right_child=1 -3 -4 -5 7 12 -8 11 -10 -11 42 13 -14 14 -16 17 49 32 19 29 21 -23 24 -25 25 -27 -28 -29 -30 30 31 -33 33 34 35 -37 37 -39 -40 40 -42 -43 -44 -45 45 46 48 -49 -50 50 59 -53 57 54 -56 56 -58 58 -60 -61 -62 -63
leaf_value=0.014375188949457711 0.012226327722659885 -0.0026001802470879791 -0.00018912195060271804 -0.0013477446790077577 0.0017671014533098082 -4.3289487614570173e-05 -0.0006311898013557142 0.033579731637141487 -0.00072653500977373385 0.0078575936428399943 0.0042803509302868983 -0.0011517172401164552 -0.00048876599142507447 0.0072084121676589761 0.0094434402849464319 0.0024685901012983197 0.0028573846361428638 0.0015129227215171224 -0.0011507085079029802 -0.00132704039953079 0.0065011211333584409 0.0011683793964134624 0.003426474184379353 -0.0022727201098180542 -0.00082012211374913864 0.0066784517947941387 0.0073227706752956815 6.9648870686898971e-05 0.0018319923512936577 -0.0015938161643097863 -0.001948375967281504 0.0040884009416442026 -0.00085266419603248023 -0.0020692838220661459 0.003721469227515119 9.9535385944805345e-05 0.0035542390003882305 -0.0020211811634324789 -0.00027754923558164217 0.0040734241463001412 -0.00097430261001906361 0.0024682194654331198 -0.00067076104336476249 0.004273093570254325 -0.00011631089249698936 0.007059273908019921 -0.00065707728991104813 0.010083463659989134 0.0070062454905123472 -0.0022717324692820605 -0.0024242897672014378 -0.0020520543995000474 -0.00098281196721104465 0.011556356552694741 0.0014146899373392941 0.0048688562589810766 -0.00076203204031579156 -0.0017460600886094878 0.0027221609646347388 -0.00010565297758194062 -0.00018420544759100034 0.0014692820931270396
leaf_weight=40 57 1224 301 49 244 2707 105 40 526 44 44 4773 7705 48 69 41 44 364 63 449 68 41 165 58 42 65 42 5033 99 105 58 102 1798 133 58 41 65 41 40 65 55 85 169 65 75 41 42 40 60 107 906 387 511 65 459 54 64 48 91 1541 410 403
leaf_count=40 57 1224 301 49 244 2707 105 40 526 44 44 4773 7705 48 69 41 44 364 63 449 68 41 165 58 42 65 42 5033 99 105 58 102 1798 133 58 41 65 41 40 65 55 85 169 65 75 41 42 40 60 107 906 387 511 65 459 54 64 48 91 1541 410 403
internal_value=-0.000380939 -0.00168811 0.00123206 0.00615385 -0.00031234 -0.000705457 0.00367965 -0.000104342 0.00148534 0.00349342 0.00254888 -0.000212254 -0.000802359 -0.000239588 0.000410475 -0.000487921 -0.000784572 0.000284477 0.0015687 0.000773808 0.00578947 0.0100455 0.00351804 0.00105 0.00501587 0.00836667 0.00329412 0.00031847 0.00483108 -0.000717243 0.00197368 0.0052795 -0.00038416 -0.000836821 0.00209632 0.00805 0.000119046 0.0053271 0.00617284 -0.000255907 0.00330578 0.00716912 -0.000771029 -0.0015034 0.00395626 0.00621622 0.00888587 0.0139634 0.00475728 -9.80212e-05 -0.000416865 0.000567612 0.001325 0.00307333 0.00402799 0.00779891 0.00428571 -0.000691245 0.00325 -0.00113304 0.00147436 0.00315848
internal_weight=32734 1631 407 106 31103 10748 230 20355 1285 759 715 19070 10518 18990 5249 13741 9928 3813 1299 1091 208 109 377 99 314 149 84 5180 147 714 265 160 2514 2150 352 99 2813 106 80 253 120 125 213 4838 502 258 183 81 102 5090 4233 1786 1399 749 642 183 118 650 139 2447 857 447
internal_count=32734 1631 407 106 31103 10748 230 20355 1285 759 715 19070 10518 18990 5249 13741 9928 3813 1299 1091 208 109 377 99 314 149 84 5180 147 714 265 160 2514 2150 352 99 2813 106 80 253 120 125 213 4838 502 258 183 81 102 5090 4233 1786 1399 749 642 183 118 650 139 2447 857 447
cat_boundaries=0 1 2 3 4 5 6 7 8 9
cat_threshold=2048 32 2182 366 2048 5376 5120 1808 626
is_linear=0
shrinkage=0.05


Tree=83
num_leaves=63
num_cat=10
split_feature=39 0 29 25 7 25 23 12 12 16 41 41 38 13 25 9 44 21 20 23 2 9 4 7 27 3 26 12 30 20 14 0 25 39 15 11 13 25 41 17 30 7 3 9 20 19 30 30 36 25 21 27 3 1 12 20 23 9 11 1 24 26
split_gain=1.27525 1.70639 1.32742 1.30044 1.29338 1.75465 1.83496 1.45996 1.43984 1.37543 1.46121 1.75491 1.25707 1.1669 1.19264 1.55241 1.15985 1.13964 1.10759 1.65729 1.56121 1.30688 1.04377 1.33897 1.06849 1.84154 1.71828 2.40828 1.46151 1.45319 1.0574 1.19055 1.03326 1.25152 1.43204 2.09125 1.81089 1.00072 1.26633 1.7494 0.989525 1.53484 1.83766 1.51108 2.23049 1.34813 1.13322 1.05007 0.968103 0.962466 1.18711 1.70864 1.43815 0.982738 1.32904 1.14685 0.955541 0.945938 1.03091 0.93251 1.27314 1.25439
threshold=0 0.0224734240341995 1.0000000180025095e-35 1 7.824817992913192 2 0.032859346268630858 54.500000000000007 39.500000000000007 0.32850406697203643 4.0341622672964723 7.2220202020202029 3 0.96296370370370388 4 0.084389904237274119 0.21111111111111114 826.25000000000011 -0.017330742412320101 -0.71760896327869561 -0.13353139262452227 0.22683796600786937 0.28768207245178129 7.1011418502458374 20.500000000000004 -0.030372110755613409 21.500000000000004 80.500000000000014 2.0500000000000007 -0.10344842382566435 0.16705408466316587 0.0089741620721666155 5 6 -0.55961578793542222 55.500000000000007 0.45454558030886993 7 4.6239754098360661 0.024350853572506995 22.950000000000006 6.8319006093407824 -0.057247524082288496 0.095304905195958023 -0.0022441084828337741 0.0011419211836169927 48.250000000000007 59.350000000000016 0.15831112532167937 8 1699.5000000000002 15.500000000000002 -0.14107754562721905 -0.27193309048403197 6.5000000000000009 -0.012166793809430457 -0.20195280710789063 0.17787736895330711 62.500000000000007 0.17114713259906147 9 49.500000000000007
decision_type=1 2 2 1 2 1 10 2 2 2 2 2 1 2 1 8 2 8 10 8 2 10 2 2 2 2 2 2 2 10 2 2 1 1 2 2 2 1 2 2 2 2 2 10 10 2 2 2 2 1 10 2 2 2 2 10 10 8 2 2 1 2
left_child=2 4 22 -4 5 6 9 8 17 10 -2 -12 -6 32 -15 -16 18 -7 20 -20 -17 -22 23 24 29 -26 27 28 56 -1 -28 -32 33 34 35 36 -14 -25 39 -39 41 42 -13 45 -45 47 -46 -42 -31 50 -19 -52 -53 54 -51 -56 -27 58 -21 60 61 -36
right_child=1 -3 3 -5 12 7 -8 -9 -10 -11 11 40 13 14 15 16 -18 49 19 57 21 -23 -24 37 25 26 30 -29 -30 48 31 -33 -34 -35 59 -37 -38 38 -40 -41 43 -43 -44 44 46 -47 -48 -49 -50 53 51 52 -54 -55 55 -57 -58 -59 -60 -61 -62 -63
leaf_value=0.0060602549744871136 -0.00098768690961971743 -0.00040632675233151071 -0.00015837205054369544 -0.0024124306427533147 -0.00093879940399082683 -0.0013312994933409909 -1.221812357182112e-05 -0.00060293794005956307 0.0013407493220556205 -5.5895704633764449e-05 0.0061925541280726448 -0.00014726077828991198 0.0011322826403468321 -0.00016391939699902331 0.0057907533335736687 0.00047379195041013546 -0.0029129388090756493 0.00016122064846642162 0.0064825202262343814 0.00017020469883229224 0.0018102577161838924 0.009236738608265108 -0.0010527066943725038 0.00017221287944377175 -9.5845761019441788e-05 0.0030623106528774192 -5.9852255587825076e-05 0.0031043878134776309 0.0068510350740763745 -0.0013895058373549869 0.00043173477676132282 0.0040120234753320844 -0.00024456450082518819 -0.0004160693062380226 0.0011363721920237145 -0.00037124009914253587 0.019779708419145905 -0.0019124792701831232 -0.0026034684264347034 0.0094329100371099931 0.0022784696191725305 0.00073349515265534694 0.0085042467618311451 -0.00053232485699434965 0.0048850391925263836 0.00057320412037479109 0.0011494508704544863 0.0014593315080379179 0.00037526469856351442 -0.0010268719538295416 0.0095472705664555839 0.0063233974727922651 -0.00013117634077419415 -0.00039452533433518471 0.00028275695942349969 0.0054754118423631752 -0.0008267151680532265 -0.00017259361503636623 0.0068838883160232001 -0.002175036691032309 -0.00028226881898258104 0.0017724596024594275
leaf_weight=41 168 9589 1182 1997 1668 264 857 1158 354 345 83 51 43 673 50 78 106 446 53 107 54 40 1311 748 409 113 259 45 70 481 70 54 4543 451 372 65 41 65 938 55 43 486 75 136 45 45 51 46 41 58 41 64 118 814 40 44 82 425 75 74 299 73
leaf_count=41 168 9589 1182 1997 1668 264 857 1158 354 345 83 51 43 673 50 78 106 446 53 107 54 40 1311 748 409 113 259 45 70 481 70 54 4543 451 372 65 41 65 938 55 43 486 75 136 45 45 51 46 41 58 41 64 118 814 40 44 82 425 75 74 299 73
internal_value=-0.000416553 -0.000238857 -0.000966509 -0.00175944 9.19118e-05 0.000675466 0.00169738 -6.00833e-05 0.000684045 0.00271746 0.0035 0.0041855 -0.00027446 -1.31129e-06 0.00117028 0.00226226 0.00182109 0.000134919 0.00244898 0.00151286 0.00601156 0.0103158 -0.000441147 1.29596e-05 0.00103541 0.00194016 0.00350864 0.0062701 0.00441729 -0.000735817 0.00126302 0.00504 -0.000327911 0.000846745 0.00185583 0.00636667 0.0115294 -0.000929719 -0.00190833 0.00289256 0.00358529 0.0023491 0.00724409 0.00564033 0.00317596 0.00985185 0.00896907 0.0133889 -0.00145316 0.00063038 0.00206618 0.00506696 0.00295082 -0.000392969 0.00342657 0.00741176 0.00216837 0.000764801 0.00377049 0.00105006 0.00158389 0.00323465
internal_weight=32672 24711 7961 3179 15122 5832 2431 3401 2243 1574 1229 1061 9290 7622 1661 988 938 1889 832 660 172 94 4782 3471 1665 1102 693 310 265 563 383 124 5961 1418 967 149 84 1806 1058 120 978 612 126 366 232 134 96 89 522 1625 669 223 182 956 142 84 195 607 182 818 744 445
internal_count=32672 24711 7961 3179 15122 5832 2431 3401 2243 1574 1229 1061 9290 7622 1661 988 938 1889 832 660 172 94 4782 3471 1665 1102 693 310 265 563 383 124 5961 1418 967 149 84 1806 1058 120 978 612 126 366 232 134 96 89 522 1625 669 223 182 956 142 84 195 607 182 818 744 445
cat_boundaries=0 1 2 3 4 5 6 7 8 9 10
cat_threshold=386 2562 1640 4 3841 2084 5712 402 19 14
is_linear=0
shrinkage=0.05


Tree=84
num_leaves=63
num_cat=8
split_feature=1 20 39 25 42 4 41 7 20 33 42 18 23 7 24 13 15 44 33 4 42 0 25 19 42 6 9 13 12 36 33 39 41 44 9 27 10 18 27 26 33 33 27 39 6 9 39 39 26 10 13 12 27 19 29 12 21 3 18 26 9 21
split_gain=1.74931 1.257 2.45901 2.46462 1.98541 1.97544 1.75602 2.46712 3.45334 1.66838 1.65344 1.61686 1.67509 1.26552 1.15913 1.42947 1.22115 1.29827 1.39108 1.14274 2.1875 1.17743 1.11548 1.3604 1.36184 1.43229 1.11334 1.10243 1.27335 1.07762 0.958148 2.1785 2.03963 2.05403 1.47001 1.75561 1.37023 1.14034 1.02047 1.75102 1.59118 2.01107 1.6957 1.91728 1.57429 1.34991 1.29857 1.29141 1.46876 1.93235 1.39351 2.06996 2.41705 1.2342 1.54448 1.81249 1.18691 1.27618 1.16569 1.20382 1.10741 1.17158
threshold=0.49507726679785075 0.040043259815512162 0 1 0.89528508771929838 0.3776303091147209 4.7861904761904768 8.5381607102038668 0.049548934084961617 24.878571428571433 0.85270009643201561 -0.61060820010355077 0.21389408634595333 6.5294656436522454 2 1.2333341666666671 -0.015637989396660498 1.0000000180025095e-35 32.378571428571441 -0.39304258810960707 0.81602564102564112 0.22314355131421018 3 -0.29725294138699015 0.60397012578616371 9.0028809565797552 0.0257826060014603 2.1728735632183915 54.500000000000007 0.044920825448641503 27.992857142857151 4 215.02542372881359 1.0000000180025095e-35 0.076342752247492027 24.500000000000004 -0.090779918112212851 -0.47364246053811077 7.5000000000000009 10.500000000000002 34.992857142857154 35.407142857142865 36.500000000000007 5 8.5541033298888323 0.14478021980742786 6 7 22.500000000000004 -0.16727559595018301 0.69696984848484866 37.500000000000007 4.5000000000000009 -0.063827196537936018 1.0000000180025095e-35 62.500000000000007 950.83500000000015 0.057392282470678964 0.6515914030715052 10.500000000000002 0.24039818492716966 1630.7500000000002
decision_type=2 10 1 1 2 2 2 2 10 2 2 10 8 2 1 2 2 2 2 2 2 2 1 2 2 2 10 2 2 2 2 1 2 2 10 2 2 10 2 2 2 2 2 1 2 10 1 1 2 2 2 2 2 2 2 2 10 2 10 2 10 10
left_child=1 22 3 13 5 6 11 8 -8 -4 -9 -5 -13 -3 15 16 17 18 -6 20 -11 -22 23 -1 -25 27 -24 30 -29 -28 31 32 33 -26 -34 -36 37 -33 39 45 46 58 43 44 56 -32 -40 -41 -49 -50 -51 -52 -53 54 55 -45 57 -43 59 -42 -44 -62
right_child=-2 2 9 4 14 -7 7 10 -10 19 -12 12 -14 -15 -16 -17 -18 -19 -20 -21 21 -23 26 24 25 -27 29 28 -30 -31 38 36 34 -35 35 -37 -38 -39 40 47 41 42 60 53 -46 -47 -48 48 49 50 51 52 -54 -55 -56 -57 -58 -59 -60 -61 61 -63
leaf_value=-0.0021692063036027648 -0.0029905288929578744 0.0092167115845232673 0.004573407874460784 -0.0030289527138187325 -0.00040034360267728828 -0.0010812685345225317 0.0018290265874286423 -0.0012076777648036812 0.0083382254638000655 0.017871790602220505 0.0073200693411941964 0.0048421705614522031 -0.00094552003138272459 -0.00029985287999249893 -0.00030647668599087616 0.003763596338948327 -6.5093356679747107e-05 0.0090365683052100014 0.0036607757556931493 -0.00039185206762393606 4.4919315027826291e-06 0.0079623913033801796 -0.0028718147211657381 0.0079925462658424849 -1.7695597054521714e-05 -0.0020396848072396566 -0.00030508626322465213 0.004040295609705557 -0.00013181416896157418 -0.0024758978925947892 0.004904348986019433 0.00072398781525192862 0.00094137703568057402 0.0043109682896905954 0.00034950969245164427 0.0083160290379283974 -0.0020408438599026075 -3.031693962733824e-05 -0.0016906184745224748 -0.0030195491119753646 0.0069055886264614416 0.0033787138376129506 -0.00099032853128077584 0.0045478531690731913 0.003115183449710881 0.00048996564644326467 -0.0001292074545880676 -0.00031600326590520592 0.0071789987873340996 -0.00012376704389580677 -0.00047166883262399434 0.0014503483177975066 0.0085261167501947295 -0.00049160252072543602 -0.0014594246115441016 -0.00028509791991700894 5.7779969721076025e-05 0.00034500924815248951 0.0060246397348782555 -0.00040122905508030996 -0.00077972586880313576 0.0091093733086700778
leaf_weight=317 1066 54 46 67 111 83 40 60 67 53 40 47 40 938 412 49 281 66 73 4579 837 50 230 66 415 667 12951 50 53 350 80 48 56 94 53 61 408 76 1643 192 77 72 796 53 73 85 2585 366 48 231 84 62 47 548 62 42 237 59 82 118 126 41
leaf_count=317 1066 54 46 67 111 83 40 60 67 53 40 47 40 938 412 49 281 66 73 4579 837 50 230 66 415 667 12951 50 53 350 80 48 56 94 53 61 408 76 1643 192 77 72 796 53 73 85 2585 366 48 231 84 62 47 548 62 42 237 59 82 118 126 41
internal_value=-0.000473539 -0.000406494 0.000135726 0.00145961 0.00277816 0.00557303 0.00716851 0.0101683 0.0154167 -0.000443868 0.00445544 0.00309677 0.00755682 -0.000458625 0.00155085 0.00296108 0.00224624 0.00478088 0.00259459 -0.000524458 0.0010627 0.000467341 -0.000589328 -0.000192951 -8.92778e-05 -0.000137883 -0.000886502 2.57551e-05 0.00514423 -0.00082732 -3.32569e-05 0.00127475 0.00312319 0.00157843 0.00789474 0.0111304 -0.00112339 0.00344 -0.000236237 0.00110786 -0.000479215 0.000552994 2.60652e-05 0.00132519 0.00386062 0.00587349 -0.00106172 0.000339475 0.00118963 0.0030444 0.00195294 0.00507732 0.00959091 -0.000314247 0.00357595 0.00755208 0.00260162 0.00640151 0.00455036 0.00242347 -0.00151971 0.00217262
internal_weight=32763 31697 7993 2428 1436 444 361 207 107 5565 100 154 87 992 992 580 531 250 184 5519 940 887 23704 10173 9856 9790 13531 9123 103 13301 9020 1211 679 509 170 114 532 124 7809 1195 6614 2386 2109 1146 441 165 4228 1030 838 472 424 193 109 705 157 95 368 131 277 195 963 167
internal_count=32763 31697 7993 2428 1436 444 361 207 107 5565 100 154 87 992 992 580 531 250 184 5519 940 887 23704 10173 9856 9790 13531 9123 103 13301 9020 1211 679 509 170 114 532 124 7809 1195 6614 2386 2109 1146 441 165 4228 1030 838 472 424 193 109 705 157 95 368 131 277 195 963 167
cat_boundaries=0 1 2 3 4 5 6 7 8
cat_threshold=2613 3348 7 310 5898 3601 3122 1153
is_linear=0
shrinkage=0.05


Tree=85
num_leaves=63
num_cat=12
split_feature=10 42 25 12 8 31 40 22 39 18 25 17 31 10 5 0 27 15 14 23 7 16 39 25 39 39 23 10 39 25 31 36 39 12 22 16 12 27 21 33 24 31 37 27 23 10 9 27 3 21 3 0 26 26 11 7 1 15 11 7 22 25
split_gain=1.50704 1.40083 3.46445 2.8501 1.63522 1.5159 2.31193 1.12251 1.48497 1.46676 1.27628 1.86104 1.14071 1.47545 1.77977 2.18847 1.81579 1.55485 1.25276 1.15215 1.64227 2.03093 1.65335 1.07957 2.09469 1.40821 1.32697 1.35332 1.70679 1.02068 2.11486 2.46877 1.97648 2.19441 2.42991 2.5909 3.61046 2.18673 1.96111 1.47535 1.22068 1.21072 1.27054 1.59524 1.14506 1.11269 0.999252 1.57638 2.00207 1.22111 1.04191 1.03526 0.98326 1.35153 1.20871 2.35788 0.979891 1.24866 1.45731 0.967994 0.957747 1.21721
threshold=0.51227776901457223 0.67717121588089346 0 73.500000000000014 1.0000000180025095e-35 1.7500000000000004 1.5000000000000002 -0.045459522915588316 1 1.3681623652135977 2 1.5162729809691335 146.85000000000005 -0.26689174840867697 7.7739435607530778 -0.096459633278172849 51.500000000000007 -2.5610727680317402 -0.12206309327721686 1.0000000180025095e-35 7.824817992913192 0.51082562376599083 3 4 5 6 2.6400718717286495 -0.011939338877344328 7 8 91.800000000000011 0.10938466095957998 9 14.500000000000002 -0.2977304245121683 -0.026474981105397696 65.500000000000014 21.500000000000004 10512.500000000002 28.678571428571434 10 202.50000000000003 56.500000000000007 16.500000000000004 0.33691836935079117 -0.43752922320163806 0.15888592018731731 4.5000000000000009 0.067467450813421884 5752.5000000000009 -0.14763554426081701 0.035932009226062885 28.500000000000004 20.500000000000004 10.500000000000002 8.0914341105833358 0.10661289147707677 -0.0096432922145130977 54.500000000000007 7.6816738456677935 -1.0000000180025095e-35 11
decision_type=2 2 1 2 10 2 2 10 1 8 1 2 2 2 2 2 2 2 2 10 2 2 1 1 1 1 10 2 1 1 2 2 1 2 10 2 2 2 8 2 1 2 10 2 8 2 10 2 2 8 2 2 2 2 2 2 2 2 2 2 10 1
left_child=1 2 3 5 -3 -1 -7 8 9 10 -6 12 13 14 15 59 -17 -15 -14 20 22 -22 -20 25 -25 -9 27 28 60 30 31 32 -10 -34 35 36 37 -35 -38 -37 44 45 -43 -44 -41 -32 47 48 49 50 -31 -50 53 -48 55 -55 57 -24 -59 -12 -27 -62
right_child=-2 4 -4 -5 7 6 -8 23 29 -11 11 -13 18 17 -16 16 -18 -19 19 -21 21 -23 56 24 -26 26 -28 -29 -30 46 41 -33 33 34 -36 39 38 -39 -40 40 -42 42 43 -45 -46 -47 52 -49 51 -51 -52 -53 -54 54 -56 -57 -58 58 -60 -61 61 -63
leaf_value=0.0015759115043581012 -0.001623390954986037 -0.0026624976157175522 -0.00082811650412105214 -4.0204266750718589e-06 -0.0002818679072932633 0.0035776907342961236 0.0075073588800073192 -0.0018757694836895643 -0.0004973850104527689 -0.0010733150097072105 -0.00025849545772064049 0.014186370282319106 -6.7979638059820143e-05 0.0043472763835445431 -0.0045246306723404984 0.01771207600242385 0.0094553908183291294 -0.00011744822324053351 0.0040678972646672621 6.928289109515503e-06 -0.00018699410265268898 0.007447729905144986 -0.00058463236590148974 -0.0011463447117715671 -0.00015702372816853196 -0.00012013274698493694 0.0047574566101223252 -0.00024330568756040098 -0.00019141418556080012 0.003089832836824161 0.0043280894860578669 0.0026703228924312736 -0.0028141423655924595 0.01081269311739223 -0.00075834812841747224 0.0036677774037275229 0.0048398280639758394 0.0021259510504174272 -0.00084021794607251404 0.0019883950731118534 -0.00056508918895411522 -8.8862980637477841e-05 -0.00078830357624936004 0.0022077614535831454 0.00072388397232376993 -0.0015595716714437895 -0.00010907057322100231 -0.00084966844465033829 0.0034600348202637556 -0.0013588770553607512 -0.00026663085691181349 0.00043630667154891459 -0.00060999532428870646 0.00019060820795902147 0.0013578346369751159 0.0080506536489920542 -0.0015236461341387459 0.0039821542109033476 0.0025651052105097561 0.0058563729969428472 0.0034373460060431581 0.00071324194936982644
leaf_weight=48 886 834 476 113 1729 55 52 847 889 518 145 46 411 57 110 44 71 2150 114 221 244 46 57 2633 3107 82 65 2415 639 61 65 75 161 57 243 56 53 52 75 44 199 1627 42 71 69 979 2325 3584 50 179 56 47 2167 68 525 61 60 87 53 45 155 279
leaf_count=48 886 834 476 113 1729 55 52 847 889 518 145 46 411 57 110 44 71 2150 114 221 244 46 57 2633 3107 82 65 2415 639 61 65 75 161 57 243 56 53 52 75 44 199 1627 42 71 69 979 2325 3584 50 179 56 47 2167 68 525 61 60 87 53 45 155 279
internal_value=-0.000481161 -0.000424599 0.00171812 0.00612903 -0.00047584 0.0107372 0.0140278 -0.000415692 -0.000198617 0.0004438 0.000676506 0.00116943 0.00105337 0.000453678 0.00318509 0.00514706 0.0105603 -6.11425e-05 0.00226816 0.00332956 0.00437311 0.00154639 0.00657258 -0.00084222 -0.00129543 -0.000258181 0.00017142 4.20038e-05 0.00144896 -0.000485927 0.000108011 0.00136018 0.00100579 0.0025049 0.00354535 0.00523927 0.00930672 0.0159545 0.00356589 0.00260162 0.00124601 -0.000779175 2.87179e-05 0.00513158 0.00512097 -0.0021244 -0.000795381 -0.0013914 0.00161167 -0.000437712 0.00351695 0.00780612 -0.000336119 0.000253355 0.00225954 0.00657692 0.00378731 0.00563131 0.00815603 0.00183246 0.00354839 0.00455172
internal_weight=32774 31888 744 268 31144 155 107 30310 20088 6208 5690 3961 3915 2622 415 305 115 2207 1293 882 661 290 371 10222 5740 4482 3635 3570 1155 13880 4757 1973 1898 1009 848 605 237 109 128 368 312 2784 1740 113 113 1044 9123 3977 393 296 117 97 5146 2979 654 129 257 197 140 190 516 434
internal_count=32774 31888 744 268 31144 155 107 30310 20088 6208 5690 3961 3915 2622 415 305 115 2207 1293 882 661 290 371 10222 5740 4482 3635 3570 1155 13880 4757 1973 1898 1009 848 605 237 109 128 368 312 2784 1740 113 113 1044 9123 3977 393 296 117 97 5146 2979 654 129 257 197 140 190 516 434
cat_boundaries=0 1 2 3 4 5 6 7 8 9 10 11 12
cat_threshold=3124 3108 2182 1024 1624 3078 586 4244 418 4418 3 520
is_linear=0
shrinkage=0.05


Tree=86
num_leaves=63
num_cat=6
split_feature=9 2 20 8 29 30 42 35 35 5 4 25 9 11 20 30 25 7 3 12 38 13 8 20 17 25 11 11 17 17 25 15 7 5 20 41 7 12 21 25 8 21 20 5 8 12 42 5 5 26 27 26 20 19 26 3 13 1 20 20 30 33
split_gain=1.56808 1.13902 1.16684 1.59856 1.25216 1.84652 1.22173 1.19376 3.80494 4.00004 3.0429 1.14613 1.01532 1.00095 1.78556 1.75679 1.40734 1.35973 1.29378 1.14685 1.11699 1.22245 1.30335 2.23146 0.990848 0.946422 1.78395 2.11498 1.96397 1.0458 0.929896 1.00972 1.24747 1.93127 0.919045 1.29077 1.31707 1.63624 1.56076 1.3765 2.87384 1.52519 1.32568 2.38098 1.25533 1.67254 1.29479 2.77301 1.2058 1.99368 3.75262 1.14265 1.51592 1.82445 1.66632 1.06492 1.0579 1.03811 1.21425 1.49181 1.15532 1.57728
threshold=0.0257826060014603 0.23767594444111098 -0.39487805025586709 0.47771327728873553 1.0000000180025095e-35 136.90000000000003 0.61167800453514753 0.33770796610857573 0.036473969183323331 7.5456290303072331 0.10188296135499898 0 0.056271469400063188 41.500000000000007 0.14038958266349841 41.050000000000011 1 7.7074881479855089 0.13368663438422515 59.500000000000007 2 1.6600751144733994 0.17415510039710144 -0.014268143383859438 -3.001383936834273 3 58.500000000000007 25.500000000000004 -0.064370268160526475 0.31198176003043049 4 -1.6074986727698146 6.5294656436522454 6.4593655692695915 0.022784578633781406 99.958168456755246 8.1605826951034022 66.500000000000014 7412.5000000000009 5 0.35499874538138659 3993.7500000000005 0.029874899585063199 7.96824118268884 0.20107029885622948 75.500000000000014 0.93798076923076934 8.7601663632934645 6.9882593986158508 35.500000000000007 35.500000000000007 23.500000000000004 0.13074614504690749 -0.021520989081944636 29.500000000000004 -0.405465108108165 0.31605902255639101 0.17435378714461794 -0.0047185291602032395 -0.062681053892124819 0.25000000000000006 34.178571428571438
decision_type=8 2 8 8 2 2 2 2 2 2 2 1 10 2 10 2 1 2 2 2 1 2 10 10 2 1 2 2 2 2 1 2 2 2 10 2 2 2 8 1 10 10 10 2 8 2 2 2 2 2 2 2 10 2 2 2 2 2 10 10 2 2
left_child=-1 2 3 -2 7 6 -6 8 12 10 -10 -8 -4 16 20 17 18 -16 -13 -20 -15 -22 23 -23 -18 26 27 29 -29 -14 31 -3 33 -33 48 36 37 42 -38 40 41 51 43 -36 56 46 47 -46 49 57 -51 -39 53 -53 -55 -41 -40 58 59 -27 -61 -62
right_child=1 30 4 -5 5 -7 11 -9 9 -11 -12 13 25 14 15 -17 24 -19 19 -21 21 22 -24 -25 -26 34 -28 28 -30 -31 -32 32 -34 -35 35 -37 38 39 44 55 -42 -43 -44 -45 45 -47 -48 -49 -50 50 -52 52 -54 54 -56 -57 -58 -59 -60 60 61 -63
leaf_value=-0.0025255095084668585 0.044026343955600455 -0.0052085814221189495 -0.00048541881061806328 -0.0073130282977548425 0.0078870447322942194 0.0032990019592007477 -0.001607155854637709 -0.0024202738220103891 0.0061495830147660245 -0.00024136744122141537 0.0019815592973593931 -6.700559528833875e-05 -0.00033654765781759768 8.6886160786449416e-05 0.0046180331311021982 0.0078421975078113697 0.0041309397925084349 -0.00041527501025579025 0.0059515258243767943 8.2998300018858573e-05 -0.00074044155043636239 -3.1520430060162087e-05 -0.00046881131800475065 0.0060851555063288132 -0.00094778028144520271 -0.00046657532470782909 -0.00026700221589529764 0.0051340587794025177 0.0037988569437393234 0.0032683575604834586 -0.0020158875430323414 -0.00047559784063330301 -0.00025669541439386811 0.0087942096806294303 0.00011780416168652262 -0.0003736585220876134 -0.0015128676502287721 0.0091213699096292181 0.0021161637094196796 0.011157033093416709 -0.0002880619962685685 0.00030181170771018383 0.0001304333670385822 0.0077228657288174411 0.0089575428774174206 -0.0023039916639185937 0.00073049813781693495 0.0010634053023702579 -0.00015371534997204807 -0.00012346219104332408 0.0075611118981136361 0.0018858143612005378 0.0097841773749351487 -0.0039474369297760109 0.0031531354238144567 -9.7293876735395714e-05 -0.00030763898010747781 -0.0024596482339963185 -0.00051849171480234638 1.0040986635254052e-06 0.0040028114692602888 0.0052317287594243972
leaf_weight=398 47 158 806 57 68 67 976 279 40 66 60 196 142 3023 97 41 53 188 53 43 2453 105 122 78 3679 149 245 62 79 48 1742 59 2324 58 104 1271 682 67 76 40 130 84 1387 41 68 80 95 76 8552 56 43 61 49 62 49 303 581 145 258 125 199 83
leaf_count=398 47 158 806 57 68 67 976 279 40 66 60 196 142 3023 97 41 53 188 53 43 2453 105 122 78 3679 149 245 62 79 48 1742 59 2324 58 104 1271 682 67 76 40 130 84 1387 41 68 80 95 76 8552 56 43 61 49 62 49 303 581 145 258 125 199 83
internal_value=-0.000368273 -0.000329932 -0.000213422 0.00504762 -0.000233153 -0.000641289 -0.000691215 4.0909e-05 9.59599e-05 0.00760479 0.0138614 -0.000732356 1.90184e-05 -0.000572374 -0.000169451 0.00342508 -0.00118509 0.00201049 0.00211221 0.00690722 -0.00037271 -0.00109787 0.00187908 0.00453804 -0.00144537 0.00010908 0.00207836 0.00450301 0.00911972 0.00104712 -0.0010836 -0.000477013 -0.000227274 0.00478813 3.14854e-05 0.000559637 0.000997273 0.00175147 -8.43894e-05 0.00351655 0.0051462 0.00747989 0.000776255 0.00530822 0.00119754 0.00376562 0.00585417 0.00882759 -0.00026012 0.00133144 0.00805 0.00920415 0.00740991 0.00514451 0.00129464 0.000946327 -5.31927e-05 0.000630207 0.00132515 0.00263914 0.00420343 0.00597173
internal_weight=32828 32430 28089 104 27985 11242 11175 16743 16464 166 100 11107 16298 10131 6107 326 4024 285 292 96 5781 2758 305 183 3732 15492 576 331 141 190 4341 2599 2441 117 14916 5306 4035 2377 1658 845 502 372 1532 145 976 319 239 144 9610 1058 99 288 221 172 111 343 657 959 814 556 407 282
internal_count=32828 32430 28089 104 27985 11242 11175 16743 16464 166 100 11107 16298 10131 6107 326 4024 285 292 96 5781 2758 305 183 3732 15492 576 331 141 190 4341 2599 2441 117 14916 5306 4035 2377 1658 845 502 372 1532 145 976 319 239 144 9610 1058 99 288 221 172 111 343 657 959 814 556 407 282
cat_boundaries=0 1 2 3 4 5 6
cat_threshold=224 16 3 4 2928 1121
is_linear=0
shrinkage=0.05


Tree=87
num_leaves=63
num_cat=9
split_feature=36 10 39 39 30 18 36 1 33 10 8 20 25 22 39 17 27 18 30 27 33 23 41 5 10 8 8 4 20 33 22 26 41 25 12 24 27 42 25 6 4 30 31 33 16 19 23 25 39 41 33 30 0 0 31 9 1 20 8 12 22 5
split_gain=1.21575 1.15164 1.84147 1.41839 1.4208 1.53294 1.33993 1.33011 1.17838 1.15952 1.17986 1.07387 1.22356 1.22675 1.13089 1.65505 1.53392 1.85494 1.09125 1.45713 1.29586 1.14251 1.37508 1.50771 1.03257 1.01471 1.52729 1.22637 1.00857 0.979194 0.976103 1.4289 2.70652 0.963758 1.4683 0.962871 1.30396 0.960167 0.929409 1.3917 1.98239 1.1373 1.25679 0.959478 0.924518 1.43906 1.03821 0.913177 1.813 1.74874 2.54658 2.45717 1.74915 1.22614 0.972523 1.04124 0.963606 1.39673 1.20358 1.22836 1.3334 1.16775
threshold=0.23994457531993943 -0.0069690481891386815 0 1 43.95000000000001 1.5787426842233521 0.11980273622794689 -0.051292652940192689 38.835714285714296 0.3927253968266467 1.0000000180025095e-35 -0.078094184253739721 2 0.3741536350756331 3 -0.70443962236544433 39.500000000000007 -1.4934581390118511 0.15000000000000005 20.500000000000004 29.592857142857149 -0.27824278944345043 8.6992063492063512 7.9059329438100425 -0.37934836206209072 0.35033141402669138 0.14302383032848118 0.11778334815648074 0.1218592671240714 27.921428571428574 -0.43626549806913939 14.500000000000002 42.093333333333341 4 48.500000000000007 5 45.500000000000007 0.91596045197740128 6 8.7061490255127314 -0.24846115929845955 34.350000000000009 63.550000000000011 34.778571428571432 -0.21569748401640962 -0.070815498687092776 0.16595956285835903 7 8 301.62152777777777 30.650000000000002 0.15000000000000005 0.044451762570834059 -0.042835249097480592 330.10000000000008 0.22845298610759449 0.20066751363797766 0.091389211226392944 0.297170337253643 77.500000000000014 0.41813014407233956 7.8135132952435296
decision_type=2 2 1 1 2 8 2 2 2 2 8 8 1 10 1 2 2 10 2 2 2 10 2 2 2 8 10 2 10 2 8 2 2 1 2 1 2 2 1 2 2 2 2 2 2 2 10 1 1 2 2 2 2 2 2 8 2 10 8 2 8 2
left_child=1 3 47 4 5 8 11 -7 38 10 -4 25 13 14 15 16 -13 -18 28 20 37 22 23 -21 -23 26 33 44 -16 -26 -17 32 -32 34 -5 -24 -37 -20 39 43 -41 42 -40 -1 45 -28 -46 48 53 54 -51 -52 -53 -3 -49 -56 57 -50 59 60 61 -58
right_child=-2 2 9 6 -6 7 -8 -9 -10 -11 -12 12 -14 -15 18 30 17 -19 19 21 -22 24 35 -25 29 -27 27 -29 -30 -31 31 -33 -34 -35 -36 36 -38 -39 41 40 -42 -43 -44 -45 46 -47 -48 49 56 50 51 52 -54 -55 55 -57 58 -59 -60 -61 -62 -63
leaf_value=-0.00077473662612293696 -0.00099165400218838816 0.0042598933569257232 -0.0026155549254998447 -0.00039389568916301508 -0.00071191379751524525 0.0056971831254909186 0.0022541252371453156 0.0079590273446309093 0.0088516136572551612 -0.0040827648211343654 -0.00033826470107626574 0.00010015222252453288 -0.00038690641884456625 -0.00089824254083643049 -0.00142933031814119 -0.00081039352250058096 0.0012044690615207235 0.0073875512446264866 0.0094186072296482334 0.0073294503768894436 -0.0023568083304753729 0.0035210533942738303 -0.00055357479045381724 -2.7229619605210424e-05 0.0020604865706503471 -0.00094383990465591564 -0.00014524246926122947 0.0041293560677468357 0.00076184077482848594 -0.00054795701931015489 -0.00062528780664374754 0.00031925473903414659 0.0034476346079436366 -0.0023744169358041068 0.0028682978042613863 0.0036802755355452008 0.0010301488053126146 -0.00020741182571710131 0.00065688301696208195 0.017307955010033467 0.00094913388065162173 0.0061031953676121322 -0.0024644938942309431 0.0021661240635992836 0.00024558350218464034 0.0089167144006117235 0.0057056946666619321 -0.00033665159443580195 -0.00059070767364248922 1.934629288565255e-05 -0.00093113351881916992 0.010448649231614796 0.0039551428374558512 0.00091501460211344365 -0.00028599267414624756 0.0064136460477222899 0.0076645889855926483 0.0015641640913821005 -0.0034364744873348432 -0.001168362073900207 -0.00033311939845391916 0.0065704430130105107
leaf_weight=156 531 78 522 70 328 72 56 40 76 784 9338 101 6316 341 803 319 65 41 79 71 390 73 154 44 40 237 40 48 130 358 48 1745 41 200 46 41 223 260 676 49 96 58 253 77 266 57 53 4734 692 434 62 63 56 302 76 59 41 106 104 60 55 61
leaf_count=156 531 78 522 70 328 72 56 40 76 784 9338 101 6316 341 803 319 65 41 79 71 390 73 154 44 40 237 40 48 130 358 48 1745 41 200 46 41 223 260 676 49 96 58 253 77 266 57 53 4734 692 434 62 63 56 302 76 59 41 106 104 60 55 61
internal_value=-0.000458136 -0.000419031 -0.000691231 -9.12022e-05 0.00118657 0.00182432 -0.000280412 0.00743363 0.00138349 -0.00110465 -0.000958322 -0.000314937 -0.000450617 0.000105056 0.000302366 0.00109658 0.00536058 0.00953271 -0.000403438 0.000337369 -0.00136301 0.00157214 0.00315543 0.00797414 -0.000222459 0.00124263 0.00211267 0.00393548 -0.00178266 -0.00122807 0.000689414 0.00113351 0.00727778 -0.000567825 0.00291338 0.00181384 0.00356364 0.000897058 0.00104319 0.00311054 0.00702055 0.00021543 -0.000209679 0.000790597 0.00304556 0.00729592 0.00173437 -5.93378e-05 0.0010298 -0.000358509 0.00215097 0.00711538 0.0112917 0.00396419 -0.000676593 0.00349265 4.4236e-06 -0.000926159 0.00231366 0.0044266 0.00674051 0.0100971
internal_weight=32795 32264 17627 14637 1881 1553 12756 112 1441 10644 9860 12700 11683 5367 5026 2360 207 106 2666 1733 729 1004 533 115 471 1017 780 464 933 398 2153 1834 89 316 116 418 264 339 1365 378 145 987 929 233 416 97 319 6983 1499 5484 615 181 119 380 4869 135 1119 798 321 217 157 102
internal_count=32795 32264 17627 14637 1881 1553 12756 112 1441 10644 9860 12700 11683 5367 5026 2360 207 106 2666 1733 729 1004 533 115 471 1017 780 464 933 398 2153 1834 89 316 116 418 264 339 1365 378 145 987 929 233 416 97 319 6983 1499 5484 615 181 119 380 4869 135 1119 798 321 217 157 102
cat_boundaries=0 1 2 3 4 5 6 7 8 9
cat_threshold=3585 104 1848 6165 340 9 164 2114 512
is_linear=0
shrinkage=0.05


Tree=88
num_leaves=63
num_cat=9
split_feature=8 0 39 18 23 42 39 25 5 33 12 3 8 33 31 12 14 10 22 13 15 12 39 33 41 33 35 15 42 24 25 8 18 42 14 6 21 13 3 3 11 21 29 33 25 21 18 41 20 30 39 11 19 6 12 23 18 13 25 42 9 14
split_gain=1.15515 1.37966 1.30949 1.16708 2.46715 1.10971 0.982937 1.44316 1.1947 1.11396 1.51431 1.82094 1.36198 1.07125 1.85038 1.74147 1.86622 1.70729 3.50918 1.1196 1.09273 1.04157 0.936291 1.73508 1.55591 1.25301 1.75034 0.911253 0.901214 0.89821 1.07589 1.32783 1.14253 1.2649 1.21022 1.83424 1.10012 1.03676 1.32742 1.59828 1.1303 1.21758 1.11916 0.946896 0.880735 0.873691 0.916109 1.05248 1.30726 0.855231 1.12589 0.979968 1.05518 1.3432 1.41829 0.848942 0.824763 0.823789 1.1574 0.927706 1.28903 1.22875
threshold=0.029464010754302754 0.068993726079154008 0 -0.13677907564999861 -0.28768207245178079 0.65039682539682553 1 2 7.7133582223879733 27.221428571428579 56.500000000000007 -0.15123584798546605 0.2077277189085982 38.192857142857157 3.350000000000001 16.500000000000004 0.57747482923646276 -0.054006012206543545 -0.33535042091125183 0.99999812500234386 -0.32697075710220908 37.500000000000007 3 31.321428571428573 6.6338797814207657 32.692857142857157 0.074290010396067155 -0.8864838767881057 0.95275297619047628 4 5 0.036374228609147609 0.6886494826070112 0.9533066860465117 0.008658062743114538 7.6325855458405893 9456.2500000000018 0.60385208791764688 0.13353139262452232 0.0084879179024430779 55.500000000000007 4607.5300000000016 1.0000000180025095e-35 36.96428571428573 6 634.23000000000013 0.71685043450499164 1500.6147801196983 0.017072276426348721 0.55000000000000016 7 76.500000000000014 -0.070815498687092776 7.5209719542383331 51.500000000000007 -0.46512588913409897 0.87879373075597722 0.65295880057037681 8 0.92637759710930456 0.16711751986262433 0.62381997271817602
decision_type=8 2 1 10 8 2 1 1 2 2 2 2 10 2 2 2 2 2 8 2 2 2 1 2 2 2 2 2 2 1 1 8 10 2 2 2 8 2 2 2 2 10 2 2 1 8 10 2 10 2 1 2 2 2 2 8 10 2 1 2 10 2
left_child=3 6 44 4 -1 -6 7 8 22 10 11 12 -9 29 15 19 17 18 -17 -15 -19 -22 23 24 -2 -24 45 -4 -7 30 31 -8 33 43 35 -34 -36 -35 39 40 41 42 -39 -33 49 -27 -47 48 -48 -3 51 52 -51 -54 -55 -16 -37 58 -29 60 -60 -62
right_child=1 2 27 -5 5 28 13 9 -10 -11 -12 -13 -14 14 55 16 -18 20 -20 -21 21 -23 25 -25 -26 26 -28 57 -30 -31 -32 32 34 37 36 56 -38 38 -40 -41 -42 -43 -44 -45 -46 46 47 -49 -50 50 -52 -53 53 54 -56 -57 -58 -59 59 -61 61 -63
leaf_value=0.0054339104496502035 0.00035585266702893391 -0.0012154479301228595 -0.0017828952302397462 -0.0021379163703080951 0.0066171100503437698 -0.0011766238683336339 0.001879797823419649 0.0090753924518469659 -0.0012327646843135801 -7.7711518939249918e-05 -0.00027921756824107893 0.0015907731498231805 0.0020599427827749347 -0.001456302748328491 0.0019918706876561852 0.00042570366850663551 -0.0009143629508444204 0.0061522830678335744 0.0060570244480750192 0.0069569276134000746 0.0054229058464293003 -4.7467590248989819e-05 -0.0018671817313942669 -0.00025000401153963124 0.0089881475793534525 0.0058877109795211421 0.0022821774717174275 -0.0022144107744985742 0.0011945332638120677 -0.00015753110579200865 -4.1780394133123351e-05 -0.00037345381489525473 0.0065982452900157171 5.3621581985206562e-06 -0.00054933516236333987 0.0022662937935309596 0.0037099386584615217 0.0029403246871583851 -0.00039774658975505977 0.0051733419775254492 -0.0014007416806983281 -0.0023435234128815693 0.0014752938487281615 0.0031501806352807644 -0.0014322349157039594 -0.00072190055199220513 0.0051623435232968839 -0.0016051538177924514 -4.4185323813548734e-05 -0.00056475886218191912 -0.00120435170378503 -0.00033529165895154625 0.0042508896374865747 -0.00081208757491532104 0.0023241725837579484 -0.00047542813269352648 -5.0059956841897425e-05 4.1170415225681076e-05 -0.0018599009013643452 -0.00052813970628346081 0.00063055419792149025 0.0050574990408191901
leaf_weight=58 60 296 795 780 58 421 53 40 1900 4283 240 274 43 127 66 55 76 60 73 40 63 151 1236 240 64 47 50 751 94 7227 2366 1123 71 319 243 60 93 56 115 61 57 42 58 55 1802 371 42 47 40 80 162 82 71 66 72 318 100 3524 217 928 302 76
leaf_count=58 60 296 795 780 58 421 53 40 1900 4283 240 274 43 127 66 55 76 60 73 40 63 151 1236 240 64 47 50 751 94 7227 2366 1123 71 319 243 60 93 56 115 61 57 42 58 55 1802 371 42 47 40 80 162 82 71 66 72 318 100 3524 217 928 302 76
internal_value=-0.000445925 -0.000382861 -0.000896478 -0.0018449 -0.000245254 -0.00124565 -0.000168507 -0.000571319 -0.00126217 1.02217e-05 0.00203177 0.00409218 0.0105357 0.000107313 0.00165534 0.00328947 0.00482255 0.00617866 0.0109302 -0.00110119 0.00392727 0.00223256 -0.000470884 0.00181333 0.00664 -0.000930045 0.000944815 -0.000517112 -0.00198644 -2.43814e-05 0.000499692 0.0012197 0.00105338 0.000461048 0.00301937 0.00579741 0.00109792 0.00212976 0.00385897 0.00574545 0.00366822 0.00585987 0.00852174 -0.000542834 -0.00183762 0.000118612 -0.000499003 0.00311538 0.00650602 -0.000470239 0.000720973 0.00221204 0.00363793 0.0055 0.00258993 -0.00109091 0.00279503 -0.000300053 -0.00104176 -0.000237941 0.00130033 0.00306068
internal_weight=32740 31329 9224 1411 631 573 22105 8977 4097 4880 597 357 83 13128 1029 645 478 402 128 167 274 214 2197 364 124 1833 597 6593 515 12099 4872 2506 2453 1886 567 231 336 708 389 274 213 156 114 1178 2631 547 500 129 82 829 533 371 289 209 138 384 160 5798 2274 1523 595 378
internal_count=32740 31329 9224 1411 631 573 22105 8977 4097 4880 597 357 83 13128 1029 645 478 402 128 167 274 214 2197 364 124 1833 597 6593 515 12099 4872 2506 2453 1886 567 231 336 708 389 274 213 156 114 1178 2631 547 500 129 82 829 533 371 289 209 138 384 160 5798 2274 1523 595 378
cat_boundaries=0 1 2 3 4 5 6 7 8 9
cat_threshold=4118 1858 1129 1024 6 1896 3840 4098 1545
is_linear=0
shrinkage=0.05


Tree=89
num_leaves=63
num_cat=5
split_feature=8 33 10 14 23 8 41 6 39 33 2 8 0 39 11 0 18 12 27 19 39 1 8 27 42 4 11 18 41 8 40 4 3 2 30 12 6 3 31 8 26 27 6 31 42 1 27 7 41 39 27 10 39 27 30 10 16 33 10 23 22 30
split_gain=1.16413 1.15893 2.07891 1.08767 0.949608 1.51304 2.31781 1.36325 1.19058 1.65787 1.02423 1.01155 0.968366 1.44552 0.943954 0.883204 0.921767 0.829937 1.95015 1.04635 1.08563 1.58219 1.10824 2.54175 1.12094 1.16791 1.02927 1.22533 0.957966 0.902131 1.14757 0.859815 1.01334 1.2799 0.871539 0.840587 0.906231 2.16353 1.45176 1.56859 1.46991 1.87886 1.20753 1.15226 1.07881 0.995499 0.964637 0.842181 1.17815 0.812858 1.05794 0.806671 0.795501 2.07719 0.788708 0.787807 0.781626 0.770463 0.761132 1.33295 1.18016 1.6165
threshold=1.0000000180025095e-35 35.635714285714293 -1.0000000180025095e-35 -1.0981394753941058 -0.40618698097770162 0.70519766509369242 50.992187500000007 7.7004839570344581 0 34.621428571428574 0.50214333918197573 0.21324098145436629 0.037271417952555293 1 79.500000000000014 0.08894804267163138 0.57928743486685252 71.500000000000014 1.5000000000000002 -0.066570166581320728 2 -0.11778303565638336 0.11333264803790515 6.5000000000000009 0.98449519230769245 -0.062555045112323779 63.500000000000007 -1.2813148911484915 251.32374405076681 0.18380043510588562 4.5000000000000009 0.23684885760754917 -0.12402436678446759 0.067774953016345854 9.3500000000000032 16.500000000000004 8.5541033298888323 0.12990508659804248 3.350000000000001 0.2430317533792706 24.500000000000004 18.500000000000004 8.120258119755432 85.300000000000026 0.93002855977152199 0.27146479913400784 45.500000000000007 7.9752771010515549 4.7861904761904768 3 32.500000000000007 0.30425301623029327 4 16.500000000000004 0.75000000000000011 -0.63802975180090138 2.6297821901254026 29.521428571428572 -0.39122887042163595 0.097506316794545814 -1.0000000180025095e-35 29.050000000000008
decision_type=8 2 2 2 10 10 2 2 1 2 2 10 2 1 2 2 8 2 2 2 1 2 10 2 2 2 2 8 2 8 2 2 2 2 2 2 2 2 2 10 2 2 2 2 2 2 2 2 2 1 2 2 1 2 2 2 2 2 2 10 10 2
left_child=1 -1 -3 -2 5 10 7 -7 9 -6 17 -11 55 14 -14 -16 -17 19 54 20 21 -5 23 -23 25 -25 -20 -28 31 -22 -31 32 -24 -34 -35 51 42 38 44 40 41 -40 46 -42 -38 -39 52 -48 -49 50 -12 -21 53 -37 -19 -10 -15 -9 59 -57 61 -61
right_child=3 2 -4 4 8 6 -8 57 12 11 49 -13 13 56 15 16 -18 18 26 35 29 22 28 24 -26 -27 27 -29 -30 30 -32 -33 33 34 -36 36 37 45 39 -41 43 -43 -44 -45 -46 -47 47 48 -50 -51 -52 -53 -54 -55 -56 58 -58 -59 -60 60 -62 -63
leaf_value=-0.0023045032703754797 -0.00079400343927984421 0.0023859986704882759 -0.0024175171541270003 -0.00025930548957182382 -0.0015476869887763433 0.0087387794504870664 -0.0078594279162194566 0.010180641256565461 -0.0031477585333339352 0.022105185422136069 -0.0008737620318761476 0.0047047762183811629 -0.00014506981051659717 -0.00078849006214239299 0.0035122189545848622 0.006876477102090852 -0.0023165703633901656 0.0033323869094370249 -0.00048249252431835127 -0.00051156277334420987 -0.00068580363485078503 0.0042308756716117396 -0.0014862436168646828 0.0044426223808446312 0.0034029901440758899 -0.00022050733181058587 0.0055537458270265624 5.854661650911352e-05 0.0078107284322297939 0.00021722474655801267 0.0038437238664875981 -0.0018739509789681642 0.0050055633250943614 -0.0016327279118221899 0.0039536673197272136 -0.0011035330256344016 -0.0032620925728510304 -0.0018771758648118014 0.0068814392557409801 0.0090046780620354223 0.0014570803072079205 0.00099698965934971804 -0.0011149059522157197 -0.00023881729841587334 0.0026112088427935861 0.0019507351549431136 -0.00041955894416935641 -0.0029011325742389028 0.005545108202361271 -0.0028590093394744182 0.0035977640166371845 0.001417962354155527 0.00050306852716087709 0.006817242414283782 0.00032076217019005941 -0.00059785158040942315 0.00074835467995098398 -0.00033078831139762935 -9.5979810003417039e-05 0.0029002353278044296 -0.0035618659017262059 0.0083958503887617778
leaf_weight=661 2313 44 74 233 116 51 66 43 197 69 58 69 1131 4752 43 78 56 43 2932 1896 641 41 64 57 42 107 46 458 77 293 69 96 70 55 44 48 147 236 40 56 80 79 691 201 91 46 1037 44 61 384 57 47 1738 54 73 295 60 45 9725 161 48 47
leaf_count=661 2313 44 74 233 116 51 66 43 197 69 58 69 1131 4752 43 78 56 43 2932 1896 641 41 64 57 42 107 46 458 77 293 69 96 70 55 44 48 147 236 40 56 80 79 691 201 91 46 1037 44 61 384 57 47 1738 54 73 295 60 45 9725 161 48 47
internal_value=-0.000456897 -0.00236539 0.00218487 -0.000410215 -0.000328546 -2.74888e-06 0.00424757 0.00789286 -0.000574847 0.00275472 -7.26095e-05 0.00654676 -0.00062726 -0.00112727 0.000348748 0.00373595 0.0017037 1.95268e-05 -0.000622011 0.000288256 0.0013254 0.0025864 0.00387615 0.0065121 0.0042029 0.00230303 -0.000837941 0.00124752 0.00226044 0.000182445 0.00217631 0.00107576 0.00271367 0.00473529 0.00105 -9.10175e-06 0.000355913 0.00170931 0.00320863 0.00485777 0.00374065 0.008375 -4.08394e-06 0.00175532 4.18398e-05 -0.0019788 0.000432449 -0.000708663 0.00353773 -0.00229 0.00138889 -0.000882203 0.00114068 0.00522124 0.00572649 -0.000335594 -0.00152602 0.00404494 -0.000275373 0.0015308 0.00416342 0.00578947
internal_weight=32676 779 118 31897 29584 12737 205 139 16847 254 12532 138 16593 6120 1308 177 134 12033 3552 8481 1889 886 653 247 206 164 3436 504 406 1003 362 329 233 169 99 6592 4649 976 694 456 400 119 3673 281 238 282 2982 1142 105 499 115 1943 1840 102 116 10473 4812 88 10276 551 256 208
internal_count=32676 779 118 31897 29584 12737 205 139 16847 254 12532 138 16593 6120 1308 177 134 12033 3552 8481 1889 886 653 247 206 164 3436 504 406 1003 362 329 233 169 99 6592 4649 976 694 456 400 119 3673 281 238 282 2982 1142 105 499 115 1943 1840 102 116 10473 4812 88 10276 551 256 208
cat_boundaries=0 1 2 3 4 5
cat_threshold=32 264 6732 1088 512
is_linear=0
shrinkage=0.05


Tree=90
num_leaves=63
num_cat=8
split_feature=2 36 17 9 35 22 11 39 18 9 0 41 39 42 44 25 16 16 9 18 30 4 22 7 22 10 18 10 25 4 34 31 0 9 3 5 38 16 3 10 3 39 42 18 18 18 16 5 20 31 37 26 42 18 7 9 25 42 39 11 16 9
split_gain=0.935046 0.894516 0.844801 1.41226 1.35022 1.12879 1.07923 1.02471 1.01661 1.0143 1.12211 1.1161 1.4347 1.01153 1.09601 0.960488 0.932938 1.28438 1.61801 2.17883 0.917485 0.879289 1.08774 1.78275 0.871031 1.33662 1.62557 1.45171 0.858514 0.916835 0.842313 0.900326 0.804328 0.872336 1.10874 1.00318 0.819171 0.864686 0.822393 1.23535 0.859778 0.791885 0.782612 0.957424 0.781007 0.977531 1.2425 1.04733 0.74863 0.744293 1.11745 0.805602 0.738749 0.732104 0.722332 1.49122 1.61005 1.77898 1.09728 2.24506 1.02503 0.867172
threshold=0.40546510810816511 1.6683535161047203 0.135862684472037 0.19433074714416743 0.027384330422263091 -0.13975807762592288 6.5000000000000009 0 0.55490731512137736 0.11638485377313439 0.28768207245178129 2648.1093750000005 1 0.60397012578616371 0.47222222222222227 2 -0.046505968915503175 0.016066612661274075 0.13292592456528915 0.60836561092428731 77.200000000000003 0.25704596505960003 -0.082082380517280229 7.0767651249256529 -0.0090920686333307715 -0.21330006613540317 0.93605671797657497 0.19344148417277299 3 -0.017347208139102396 1.0000000180025095e-35 223.34999999999999 0.11519646371135696 0.23172947910563091 -0.419751794330192 9.5884009233558718 4 0.027680496635624333 -0.10536051565782632 0.091733694474747565 0.58778666490212006 5 0.77871939736346529 0.84711492037031899 1.1988656332982739 1.3445961699568501 1.5391446500971202 7.7209286703013875 0.042490801591754425 5.9500000000000011 28.500000000000004 38.500000000000007 0.93798076923076934 -0.85185708100384949 7.8754088830229749 0.0257826060014603 6 0.93798076923076934 7 53.500000000000007 -0.83622403130251144 0.0257826060014603
decision_type=2 2 2 10 2 10 2 1 10 8 2 2 1 2 2 1 2 2 10 10 2 2 8 2 8 2 10 2 1 2 2 2 2 10 2 2 1 2 2 2 2 1 2 8 10 10 2 2 10 2 10 2 2 8 2 10 1 2 1 2 2 8
left_child=1 2 8 4 7 6 -6 15 13 41 11 12 28 14 -1 42 48 18 -18 -20 21 44 -23 -24 25 -14 27 52 29 -11 -5 -32 54 35 -35 -34 -36 38 -38 -40 53 -10 43 -4 -19 47 -47 -46 -17 50 -8 -51 -27 -41 55 -15 -57 58 59 -58 -59 -56
right_child=-2 -3 3 30 5 -7 49 -9 9 10 -12 -13 24 32 -16 16 17 20 19 -21 -22 22 23 -25 -26 26 -28 -29 -30 -31 31 -33 33 34 36 -37 37 -39 39 40 -42 -43 -44 -45 45 46 -48 -49 -50 51 -52 -53 -54 -55 61 56 57 60 -60 -61 -62 -63
leaf_value=0.007019209468645907 -0.0009250595684113308 -0.0034012890213320265 0.0050003826665822385 -7.4998124403473961e-05 0.0027329050048031009 -0.001790310049461386 0.0015154994067660284 -0.0011589778379884302 0.0001513880453023616 0.0070266205167737114 -0.0030042897763374295 0.0077656293325772049 0.0035647008660120391 -0.0021598899263959833 -0.0022062953073632339 -0.0011351601169720654 1.4076058763260221e-05 -0.00030971773842376429 0.0075731266024539542 4.3093871647533254e-05 -0.0028541495448081286 0.0034196845277529708 0.0052836510960473752 -0.0010992874024621066 0.00067271054880904289 0.0050020545318499648 -0.0022678300348950809 0.0063139009769439969 -0.0027817096865585828 -0.001553743190318203 0.00046051370049919886 0.0062501534795897651 -0.0012845153600041859 0.0075004107887240573 -0.0030761832078673797 0.0017974796399071039 -0.0017244677824277107 -0.0011641686222605579 0.0071362941141311287 -0.00090319532035173622 -0.0073472948247166256 -0.0010028902425375085 -0.00071525058396667413 -0.00025022068170925296 0.0032169621979365303 -0.00024755982239040285 0.0036141675961572969 0.00069808615844195768 0.0020346728725994692 0.00059045363569328925 0.0033634131098012957 -0.00023276811282533713 0.00054271266163906449 0.001432351078480127 0.0021286953156323687 0.00040341029403317627 -0.001282605854729252 0.00018366914171199372 0.00013089249932493632 0.012060848008496362 -0.00069870639475467459 -0.00023280439523332177
leaf_weight=71 1843 105 40 5015 49 127 60 2833 565 51 97 52 40 135 68 502 122 1356 42 41 112 78 45 139 532 50 78 44 227 58 212 61 1708 66 321 48 129 107 126 105 56 256 1783 48 45 271 47 62 43 52 42 88 114 213 63 3121 63 381 1213 63 1749 5457
leaf_count=71 1843 105 40 5015 49 127 60 2833 565 51 97 52 40 135 68 502 122 1356 42 41 112 78 45 139 532 50 78 44 227 58 212 61 1708 66 321 48 129 107 126 105 56 256 1783 48 45 271 47 62 43 52 42 88 114 213 63 3121 63 381 1213 63 1749 5457
internal_value=-0.000432842 -0.000367448 -0.000351626 -0.000651473 -0.00106938 0.00169451 0.00340753 -0.00122142 -0.000122505 0.000891454 0.00173735 0.00214114 0.00182427 -0.000266314 0.00396428 -0.00076875 -0.000197189 0.000232951 0.00400485 0.00934524 -0.000127552 0.000114969 0.00281369 0.000702702 0.00288838 0.00495413 0.00372822 0.00602871 -0.00095101 0.00254167 -1.70176e-05 0.00268248 -0.000305456 -0.00105729 3.11376e-05 -0.00175299 -0.000363895 0.000562248 0.00127778 0.00219561 0.000746665 -0.000492702 -0.00164984 0.00292135 -0.000283391 0.00158451 0.000188087 0.00569444 -0.00206044 0.00201646 0.00524272 -0.000354611 0.00381818 0.00175548 -0.000128615 0.000219297 0.000326201 -0.000415231 0.00101119 0.00525547 -0.00131394 -0.000552437
internal_weight=32690 30847 30742 13315 8027 418 291 7609 17427 2164 1343 1246 1194 15263 139 4776 2905 2360 205 83 2155 2043 262 184 858 326 286 208 336 109 5288 273 15124 2879 1123 1756 1057 736 629 500 374 821 1871 88 1781 425 318 107 545 242 102 140 164 318 12245 6725 6590 3469 1339 126 2130 5520
internal_count=32690 30847 30742 13315 8027 418 291 7609 17427 2164 1343 1246 1194 15263 139 4776 2905 2360 205 83 2155 2043 262 184 858 326 286 208 336 109 5288 273 15124 2879 1123 1756 1057 736 629 500 374 821 1871 88 1781 425 318 107 545 242 102 140 164 318 12245 6725 6590 3469 1339 126 2130 5520
cat_boundaries=0 1 2 3 4 5 6 7 8
cat_threshold=2621 458 2945 2356 4 4980 1874 545
is_linear=0
shrinkage=0.05


Tree=91
num_leaves=63
num_cat=7
split_feature=1 8 42 0 42 13 30 11 21 9 3 27 22 33 22 4 42 27 18 39 15 12 25 19 2 13 5 42 4 25 21 30 18 11 17 18 19 18 41 41 11 39 39 4 23 26 18 18 42 23 11 12 22 23 39 18 25 41 3 23 41 8
split_gain=1.4412 1.59563 1.04858 1.04135 1.03549 1.10966 1.20697 1.03212 0.981608 1.33186 0.883073 2.17953 0.860097 0.890554 0.817312 1.04121 0.804108 1.73901 1.58154 1.62911 1.99038 1.6774 1.50698 1.7663 1.44091 1.24853 1.1972 0.989297 1.14902 0.951203 1.05986 1.16985 1.064 1.23383 1.13944 1.46983 1.05359 0.993554 1.30688 0.967171 0.920914 0.911209 0.897386 1.65061 1.57501 1.56309 1.34188 1.94405 1.24909 1.02218 1.22455 1.32435 2.00508 1.58561 1.60196 1.00908 0.981756 1.05392 1.29769 0.956269 0.923367 0.916202
threshold=0.3816854145611917 0.031023541818536476 0.99230769230769245 0.073317633917374905 0.65933268858800786 0.64253235398241837 5.0500000000000016 28.500000000000004 3600.8350000000005 0.47918065018033451 -0.11122563511022364 47.500000000000007 0.31132436416093162 26.700000000000006 -0.45934297130005491 -0.64677841131263658 0.9066133720930234 7.5000000000000009 0.56326868446522693 0 1.0000000180025095e-35 34.500000000000007 1 -0.10637576487071414 -0.22314355131421013 1.6600751144733994 7.5013521288484064 0.90521114106019784 0.15415132917748633 2 3993.7500000000005 57.250000000000014 -1.0949734346365654 85.500000000000014 0.57141837710756527 0.62595604965342455 -0.46546370732763392 -0.44134420906324318 182.61274412446213 33.695830797321982 66.500000000000014 3 4 0.44064662315000286 -1.2795128624145136 7.5000000000000009 0.67991740335414186 0.87879373075597722 0.9842509920634922 -0.090088624326008601 49.500000000000007 81.500000000000014 0.077987282158023544 0.15204717376195601 5 1.1988656332982739 6 17.945815358067303 0.28768207245178129 0.44925260018140306 394.03835978835986 0.067057130831564726
decision_type=2 10 2 2 2 2 2 2 10 10 2 2 8 2 8 2 2 2 8 1 2 2 1 2 2 2 2 2 2 1 10 2 10 2 2 10 2 10 2 2 2 1 1 2 8 2 10 10 2 8 2 2 8 8 1 10 1 2 2 8 2 10
left_child=1 2 10 16 -5 -6 14 -4 -8 -10 11 -1 13 -2 -7 -16 17 18 19 21 -21 -3 25 29 -23 41 -27 28 40 -24 32 -32 36 34 35 37 -31 38 39 -34 -26 -18 43 49 -45 48 56 -48 -44 60 -51 53 -53 54 -52 -49 -46 -58 -59 -55 -25 -61
right_child=12 3 7 4 5 6 8 -9 9 -11 -12 -13 -14 -15 15 -17 22 -19 -20 20 -22 24 23 42 27 26 -28 -29 -30 30 31 -33 33 -35 -36 -37 -38 -39 -40 -41 -42 -43 45 44 46 -47 47 55 -50 50 51 52 -54 59 -56 -57 57 58 -60 61 -62 -63
leaf_value=-0.0010532869579439261 0.004355571800482373 -0.0013329480742527255 0.0031915616944665939 0.0030913895124581202 -0.00095106943168742769 0.00065136274387744993 0.00046822493407288452 -0.0027648493024262878 -0.0014239021620294165 0.0097928044307810276 -0.0016418196965001669 0.0040568051682638466 -0.002918504012338488 -0.00067125681337358459 0.0054228215790004452 -0.0011822029400998793 -0.0012099250522648458 -1.8599544900578453e-07 -0.00052061350150006301 0.00396763507943929 0.0040618786136654194 0.0080196461189199798 -0.0006705063029203009 -0.00055240696307758965 -0.0010207095453554319 0.0052088550285347528 7.7991886768794468e-05 -0.0018524611537016498 0.0046131889834709755 0.0035726724717288546 -0.0010977053929811169 0.0018557969915964784 0.0059213410003897847 -0.0019192664176763139 -0.0020807978862453775 0.0048512794655355867 -2.6245822544384767e-05 0.001388856518070334 0.0037975260353214032 -0.00037465648858598977 0.0069358324280456496 -0.00032586546397082671 0.00076113019735893784 0.008128648719469141 -0.00048312549768210228 -0.00035487971180540108 0.0056753711207229449 -0.0025968993475038713 0.0043181778724842709 -0.00018524635846689871 -0.00068153342544206635 0.00042528758337858448 0.0065708095138592732 -0.001524862183104585 0.0031151922886685315 0.001776197382563035 -0.0012185709883223543 0.0030582225434218073 0.00048100040274293805 0.0034702553349666662 0.0028909693730280834 2.9376416713182039e-05
leaf_weight=141 58 155 62 89 3318 242 1418 66 464 40 1307 69 1029 822 83 1940 919 4801 228 121 47 45 241 1365 88 59 244 45 50 46 237 40 73 51 43 46 310 258 47 46 42 4071 183 45 258 3792 66 57 74 1726 138 72 61 251 215 58 89 57 59 59 54 499
leaf_count=141 58 155 62 89 3318 242 1418 66 464 40 1307 69 1029 822 83 1940 919 4801 228 121 47 45 241 1365 88 59 244 45 50 46 237 40 73 51 43 46 310 258 47 46 42 4071 183 45 258 3792 66 57 74 1726 138 72 61 251 215 58 89 57 59 59 54 499
internal_value=-0.000497094 -0.000414352 -0.00192892 -0.000328745 -0.000832128 -0.000895951 -0.000354586 0.0024031 0.000566821 -0.00132673 -0.00229579 0.000710899 -0.00182984 -0.000681045 -0.00113636 -0.00146492 -0.000151172 0.000362794 0.00248783 0.0038468 0.00787709 0.00200688 -0.000332811 1.12908e-05 0.00442804 -0.00102093 0.00208881 0.00276549 0.00441989 0.00164003 0.00220612 -0.000485613 0.00304017 0.00438938 0.00512646 0.00583864 0.000896357 0.00489412 0.00790419 0.00504167 0.0019084 -0.00121218 -0.000244036 0.000195524 0.00247101 -0.000799262 0.00182946 0.00546703 0.00296512 -0.000157623 0.000362342 0.00152392 0.00623134 0.000980222 0.00377119 0.00150862 0.000398706 0.00289352 0.00615384 -0.000240742 -0.00126409 0.000912342
internal_weight=32679 30770 1645 29125 7594 7505 4187 128 1922 504 1517 210 1909 880 2265 2023 21531 5622 821 593 168 425 15909 10616 270 5293 303 225 180 1438 1197 277 920 564 513 470 356 424 166 119 130 4990 9178 5129 689 4049 644 181 257 4440 3021 1295 133 1162 353 115 463 205 116 809 1419 558
internal_count=32679 30770 1645 29125 7594 7505 4187 128 1922 504 1517 210 1909 880 2265 2023 21531 5622 821 593 168 425 15909 10616 270 5293 303 225 180 1438 1197 277 920 564 513 470 356 424 166 119 130 4990 9178 5129 689 4049 644 181 257 4440 3021 1295 133 1162 353 115 463 205 116 809 1419 558
cat_boundaries=0 1 2 3 4 5 6 7
cat_threshold=4525 389 8 3 7697 4096 1568
is_linear=0
shrinkage=0.05


Tree=92
num_leaves=63
num_cat=6
split_feature=22 9 37 41 41 25 22 42 6 25 21 30 6 15 12 41 9 6 7 9 14 11 21 3 23 6 41 30 39 30 0 0 11 39 30 42 24 41 20 11 20 42 30 17 15 41 3 39 19 11 19 41 1 18 18 6 9 16 22 1 1 22
split_gain=1.025 1.08523 2.39974 1.12912 1.34865 1.27294 1.47796 1.25943 1.93411 1.20409 1.38815 1.32817 1.20292 1.39326 1.20258 1.1766 1.46176 2.80078 1.77666 1.05487 1.50113 1.04907 1.3533 1.04571 1.48443 1.90723 1.77521 1.27597 2.03355 1.74728 1.55542 1.88744 1.39608 1.24152 1.21149 1.40321 1.23305 1.13629 1.52501 2.48177 1.52915 1.04351 2.06875 1.0278 2.14641 1.98631 1.07128 1.02165 1.46253 1.01741 0.992651 0.987584 1.10681 1.49826 1.94245 0.93881 0.932354 0.901805 0.897579 1.04256 1.06486 1.86382
threshold=0.18191457106311407 0.048256036326574998 50.500000000000007 91.016129032258078 4.4064004096262162 0 0.14912299857359165 0.73385416666666681 7.9128925414483504 1 10262.500000000002 13.050000000000002 7.4867487298136455 0.099279932104248583 18.500000000000004 7.2220202020202029 0.15516623435739982 8.0416933237938775 7.6625061483629082 0.54188155782379599 0.31331070092623708 84.500000000000014 5612.5000000000009 0.16219480461241401 -0.17941024789122803 6.6281607921632935 53.81369047619048 3.1500000000000008 2 107.00000000000001 -0.13005251849172825 0.10536051565782635 35.500000000000007 3 1.0000000180025095e-35 0.86319073083778985 4 66.026587301587327 -0.005706442919606214 61.500000000000007 -0.025731334840680058 0.9842509920634922 18.950000000000006 0.21129908924423083 -0.08346458960474655 20.306250000000002 -0.072283075013047413 5 -0.13727236254620462 4.5000000000000009 -0.070815498687092776 1.8071451355661885 0.048790164169431278 0.71685043450499164 -0.97376498850130544 9.5721612617538394 0.41854841191421771 -1.0000000180025095e-35 0.21278178709322387 0.2876820724517804 0.20832198342635791 0.29730710681521816
decision_type=10 8 10 2 2 1 10 2 2 1 10 2 2 2 2 2 10 2 2 8 2 2 8 2 10 2 2 2 1 2 2 2 2 1 2 2 1 2 10 2 10 2 2 2 2 2 2 1 2 2 2 2 2 10 8 2 10 2 10 2 2 10
left_child=1 2 -1 4 9 6 7 8 14 41 -11 -12 -8 -14 -6 16 17 18 -7 55 -21 56 -23 24 25 26 -9 33 29 30 32 -32 -29 34 35 -27 43 -26 39 40 -39 51 49 44 45 -37 -46 48 -25 -43 -10 52 53 54 -3 -17 -18 -50 -2 60 -60 -62
right_child=58 3 -4 -5 5 15 12 23 50 10 11 -13 13 -15 -16 19 21 -19 -20 20 -22 22 -24 47 37 27 -28 28 -30 -31 31 -33 -34 -35 -36 36 -38 38 -40 -41 -42 42 -44 -45 46 -47 -48 -49 57 -51 -52 -53 -54 -55 -56 -57 -58 -59 59 -61 61 -63
leaf_value=-0.00089711323026787481 -0.0015258796688293929 0.0053803743386581721 0.0021955177831167721 -0.00023769078534023656 0.0047124553956207878 0.003792855049046836 0.00069755469636166925 0.0010645733803099466 0.0048546378053578622 -0.00098090232318747035 -0.00053360575904841596 0.0018550125455452223 0.0060299478329963211 0.00047530480516547657 0.0057651073860167717 -0.00031127101233094709 -0.00039944111099992404 0.00042060012975161118 0.0071238671468305502 -9.6140225500582438e-05 0.015086065394957422 -0.0025933706756742754 0.006161985314054934 0.0055546394759480276 -0.00058388986062649518 -0.00099553566640104576 0.014649984832515041 0.0048028292457092817 -0.00012717335101283694 0.0052375953451512794 -3.3768705185872633e-05 0.0039781795538250952 0.0086669620920041459 -0.00066901562154310693 -0.00013305682317675888 0.0058532700404840725 0.00066206154062849101 -0.00024998500021541296 -0.00020184797293407327 0.0044801021065908218 0.0023435722854567658 0.00095326074306030138 0.0074246876338710452 0.0016873634977555862 0.0082138656663333157 -0.00072584728074611055 0.0075682068136578087 -0.0014570373729087933 -0.0013888040950928218 -0.00069924888578527886 -0.0025753840710126671 -0.0003945216866195943 -0.00077149936194892453 0.0053208303081422308 -0.00021228596994626731 0.0015706151178716951 0.011256721813876243 0.00063682587013386713 -0.00028357270629103808 -0.0031686991850520558 0.0033963380129889927 -5.4622614695886158e-05
leaf_weight=981 632 75 45 8661 48 41 72 100 54 2835 175 131 50 41 57 4619 657 157 40 104 42 52 83 79 1488 102 43 56 299 46 237 78 48 609 498 67 219 103 271 50 54 40 61 127 49 71 45 717 355 124 109 1325 197 43 183 56 43 459 3662 742 73 201
leaf_count=981 632 75 45 8661 48 41 72 100 54 2835 175 131 50 41 57 4619 657 157 40 104 42 52 83 79 1488 102 43 56 299 46 237 78 48 609 498 67 219 103 271 50 54 40 61 127 49 71 45 717 355 124 109 1325 197 43 183 56 43 459 3662 742 73 201
internal_value=-0.000456197 -0.00033325 -0.00192795 -0.000271309 -4.32961e-05 0.000236185 0.000706942 0.000590303 0.00394052 -0.000721581 -0.00133407 0.00185668 0.00539634 0.00918478 0.00919811 -0.000299747 0.00119646 0.00464435 0.0121341 -0.000633556 0.00353741 0.000209329 0.00422794 0.000446499 0.000826002 0.00158812 0.0071875 0.00127155 0.00298039 0.00498949 0.00405952 0.0022943 0.00933333 0.000539708 0.00148023 0.00286343 0.00381692 -0.000218608 0.00189979 0.00512019 0.00199367 0.000223408 0.0034292 0.00555405 0.0076824 0.00366906 0.0134737 -0.00065177 0.000481194 0.000484847 0.000518291 -0.000172699 0.00172345 0.00362583 0.00216216 -0.000764544 -0.000570615 -0.00014724 -0.00109207 -0.000852748 -0.000528322 0.00247273
internal_weight=32781 27471 1026 26445 17784 12595 6701 6538 268 5189 3141 306 163 91 105 5894 1073 238 81 4821 146 835 135 6270 4660 2694 143 2551 764 465 419 315 104 1787 1178 680 578 1966 478 207 157 2048 225 359 232 138 94 1610 893 164 163 1823 498 301 258 4675 700 814 5310 4678 3936 274
internal_count=32781 27471 1026 26445 17784 12595 6701 6538 268 5189 3141 306 163 91 105 5894 1073 238 81 4821 146 835 135 6270 4660 2694 143 2551 764 465 419 315 104 1787 1178 680 578 1966 478 207 157 2048 225 359 232 138 94 1610 893 164 163 1823 498 301 258 4675 700 814 5310 4678 3936 274
cat_boundaries=0 1 2 3 4 5 6
cat_threshold=2141 2597 5413 3597 13 5633
is_linear=0
shrinkage=0.05


Tree=93
num_leaves=63
num_cat=8
split_feature=2 8 8 25 23 11 33 10 39 19 41 23 27 25 39 11 33 1 20 3 1 10 1 41 31 33 37 35 35 33 0 19 15 21 23 26 18 11 37 25 15 12 5 41 21 21 26 4 42 4 19 25 31 39 5 40 25 30 30 4 31 29
split_gain=1.16833 1.12355 0.989537 0.961755 0.904759 1.01928 0.943868 1.2443 0.807877 0.936082 0.867891 2.28848 0.755659 1.36161 1.41868 1.61132 1.58955 1.63188 1.49334 1.65874 1.68543 1.66545 1.29015 1.31044 2.53873 2.34242 1.25355 1.59849 3.19318 1.52384 1.17052 1.07854 1.08323 1.03319 1.03035 1.0282 1.28679 0.990673 0.926138 0.885862 0.873663 1.36219 0.858803 0.877861 0.828405 1.42242 1.32802 1.08721 1.35338 1.04932 1.75683 1.25984 1.02827 0.972893 1.28779 1.77325 1.87626 1.59295 1.43675 1.32668 1.36289 2.1294
threshold=0.24187655595729399 0.070986418579119567 0.029464010754302754 0 -0.28768207245178079 30.500000000000004 36.45000000000001 -1.0000000180025095e-35 1 -0.18239341141419144 670.50388888888904 -0.47401326094144286 8.5000000000000018 2 3 37.500000000000007 38.164285714285725 0.064539100084768833 -0.037720417367667992 0.019811675312931602 -0.016636530667943013 0.067394446844919034 0.10919933175281928 84.049617277200667 85.300000000000026 30.264285714285723 29.500000000000004 0.016299002889140941 0.11480579836844892 32.464285714285722 -0.037739558752669204 -0.049706934796396408 -2.1377985859135751 8025.0000000000009 -0.26172738431939852 10.500000000000002 -0.62445564529171393 42.500000000000007 48.500000000000007 4 -0.40546510810816444 77.500000000000014 7.5456290303072331 36.311088709677428 10006.250000000002 3993.7500000000005 23.500000000000004 -1.0000000180025095e-35 0.9536672629695887 0.22613506075397674 0.20681640249393154 5 118.65000000000002 6 8.7760208130769986 3.5000000000000004 7 0.15000000000000005 80.050000000000026 -0.13807781597285282 202.50000000000003 1.0000000180025095e-35
decision_type=2 10 8 1 8 2 2 2 1 2 2 10 2 1 1 2 2 2 10 2 2 2 2 2 2 2 8 2 2 2 2 2 2 8 10 2 10 2 8 1 2 2 2 2 10 10 2 2 2 2 2 1 2 1 2 2 1 2 2 2 2 2
left_child=2 -2 4 -3 5 -1 -6 -8 9 -5 -11 -12 13 22 15 -15 17 18 -17 20 30 -21 23 25 34 33 39 38 -29 -30 -20 32 -16 -4 -25 36 -34 -26 -28 -14 41 42 43 -33 45 53 -46 48 -48 -47 51 -51 -49 54 55 56 59 -57 -59 -40 -61 -62
right_child=1 3 12 8 6 -7 7 -9 -10 10 11 -13 26 14 31 16 -18 -19 19 21 -22 -23 -24 24 37 -27 27 28 29 -31 -32 40 35 -35 -36 -37 -38 -39 44 -41 -42 -43 -44 -45 46 49 47 52 -50 50 -52 -53 -54 -55 -56 57 -58 58 -60 60 61 -63
leaf_value=0.003085135991505894 0.00058872124727864716 -0.0023314186649101127 0.005493599109969844 -0.0023557327286002766 -0.0015527862300620326 -0.00017106289954143086 0.0022538216866051473 -0.00072043765517004212 -0.0015918271760650558 -6.6027917337142523e-05 -0.0031016512606752717 0.010998259964774267 -0.0029459986618628406 -0.00064757328492626848 -0.0029484566663521483 -0.00028195886954066084 0.01415431468944329 -0.00031547941310920761 0.00065228903704822551 0.0039835418136767269 -0.0014004949749909529 0.0006035641853026362 -0.0010735396633503769 0.0053486932726948553 -0.0007060042143549757 -0.00069539763682856487 -0.0031603512015648222 0.0031663464907638393 -0.0037862585784786125 0.0033839333482076506 0.011548994366786114 0.0029163018022837651 0.0044014579171733114 -0.00032224517627661936 0.004369570873782644 0.00013881208014552068 0.00046101069533422881 0.0030441003428276136 -0.00021951698959875879 -7.5904280415908549e-05 -0.00078102460032947792 0.0053188328397484001 -0.0025494634105617305 -0.00019856539312934605 -0.00098100126355870633 -0.0011420657278084253 0.0070995659577596376 0.0017932133947283664 0.0024860222306145804 0.00080405150186492523 0.0022013961452406815 -0.0017667643271673181 -0.00038061381304117369 -0.00017091954536554014 -0.00059238682521090468 0.0058283567463316118 -0.00026672478407607585 -0.00037295046345354148 0.0030160002616814959 0.0013784067710000941 0.0097033702031177511 0.00033462369279151186
leaf_weight=44 167 1334 97 233 1076 76 76 119 835 1617 44 54 378 363 90 123 52 222 110 65 53 65 146 42 84 218 185 49 75 44 55 46 65 47 51 631 122 42 504 265 1697 75 157 73 275 2811 65 158 62 336 43 597 216 11507 991 205 2118 238 40 920 70 78
leaf_count=44 167 1334 97 233 1076 76 76 119 835 1617 44 54 378 363 90 123 52 222 110 65 53 65 146 42 84 218 185 49 75 44 55 46 65 47 51 631 122 42 504 265 1697 75 157 73 275 2811 65 158 62 336 43 597 216 11507 991 205 2118 238 40 920 70 78
internal_value=-0.00047191 -0.00124154 -0.000355824 -0.00140481 -0.00165589 0.00247934 -0.00204796 0.00114796 -0.000864353 -0.000301175 0.00010198 0.00464646 -0.00028884 0.000280675 -7.85288e-05 0.00143878 0.0027815 0.00213977 0.00380296 0.00547278 0.00278539 0.00992366 0.0022561 0.00334192 0.00638636 0.0014876 -0.000411589 -0.000346722 0.00449704 4.16655e-05 0.00527108 -0.00065049 0.000781077 0.00641379 0.0126064 0.00135531 0.00460106 0.00173228 -0.000384922 -0.0025854 -0.00128843 0.000980112 -0.000649821 0.00254167 -0.000354134 -0.000414977 0.00124839 0.00277888 0.00675781 -0.0012896 0.000122824 -0.00033726 0.00141333 -0.000216232 0.000353622 0.000739098 0.000365753 0.00358471 0.00111111 0.00166772 0.0026754 0.00711409
internal_weight=32696 4284 28412 4117 1391 120 1271 195 2783 1948 1715 98 27021 4791 4064 1108 745 693 471 348 218 130 727 581 219 362 22230 21587 168 119 165 2956 908 144 93 818 187 126 21419 643 2048 351 276 119 21234 20458 776 501 127 3787 976 933 374 16671 5164 4173 3690 483 278 1572 1068 148
internal_count=32696 4284 28412 4117 1391 120 1271 195 2783 1948 1715 98 27021 4791 4064 1108 745 693 471 348 218 130 727 581 219 362 22230 21587 168 119 165 2956 908 144 93 818 187 126 21419 643 2048 351 276 119 21234 20458 776 501 127 3787 976 933 374 16671 5164 4173 3690 483 278 1572 1068 148
cat_boundaries=0 1 2 3 4 5 6 7 8
cat_threshold=1159 3880 1122 2608 3341 2338 4281 1123
is_linear=0
shrinkage=0.05


Tree=94
num_leaves=63
num_cat=9
split_feature=22 37 25 39 20 6 20 6 13 7 31 12 39 11 8 23 18 3 12 10 3 5 11 33 13 25 12 12 13 39 23 8 7 16 3 25 25 4 22 42 18 13 39 26 13 10 8 11 42 44 3 26 14 7 3 18 20 27 39 5 14 14
split_gain=0.860342 1.25573 1.05626 3.40376 1.75357 1.52891 1.18587 1.80985 1.48804 1.32516 1.1694 1.15665 1.07668 1.4141 1.54348 1.25995 1.13601 1.09169 1.02693 0.901844 1.51211 1.36731 1.32434 1.64523 1.85848 1.25303 1.38596 1.43238 1.24841 1.24714 1.29289 1.63933 1.34905 1.29147 1.22086 1.16597 1.07853 1.26024 1.27483 2.11823 2.64638 1.38686 1.31769 1.88296 1.25037 1.13175 1.06611 1.01286 1.00543 1.46315 1.56543 1.35639 1.23995 1.2674 1.00243 0.98167 0.935618 0.924461 1.37389 1.64006 1.53152 1.25879
threshold=-0.33840338039978812 35.500000000000007 0 1 -0.0070820735297694231 7.6325855458405893 0.046310433379891179 8.1135334305015032 0.51296432393273728 8.4960574143845395 207.25000000000003 62.500000000000007 2 65.500000000000014 0.21501941478956108 0.18232155679395481 0.39120235831932232 0.30499326346826466 70.500000000000014 0.067394446844919034 0.083381608939050902 8.5742839991180286 12.500000000000002 32.321428571428577 1.3593844696969699 3 61.500000000000007 16.500000000000004 1.6351386961381855 4 0.020451979187120498 0.75842160834245542 7.068244594967247 -0.85012692034221116 1.0000000180025095e-35 5 6 0.041180485844378285 -0.037390199887010318 0.95275297619047628 0.056550861685450586 0.43478276465031745 7 27.500000000000004 0.69696984848484866 0.021465933695467235 0.24815254731687447 77.500000000000014 0.88284313725490204 0.23611111111111113 0.18232155679395448 16.500000000000004 0.32863063323014768 6.936224538603958 -0.22314355131420924 -0.41405964279487278 0.00086819194978547079 51.500000000000007 8 7.1111602819264519 0.18232155679395481 -1.0000000180025095e-35
decision_type=8 10 1 1 10 2 10 2 2 2 2 2 1 2 8 10 10 2 2 2 2 2 2 2 2 1 2 2 2 1 10 10 2 2 2 1 1 2 10 2 10 2 1 2 2 2 8 2 2 2 2 2 2 2 2 10 10 2 1 2 2 2
left_child=1 2 3 -1 -5 10 7 8 -6 -9 12 -12 13 14 15 16 -4 -16 -8 20 29 22 23 -21 34 26 27 -24 48 -2 31 33 35 -31 -25 -32 37 45 39 42 55 -40 43 -39 -42 -35 -36 -37 49 50 -29 -50 -53 -54 -27 -41 -43 -38 59 -59 61 -61
right_child=19 -3 5 4 6 -7 18 9 -10 -11 11 -13 -14 -15 17 -17 -18 -19 -20 21 -22 -23 25 24 -26 54 -28 28 -30 30 32 -33 -34 36 46 47 57 38 41 40 44 56 -44 -45 -46 -47 -48 -49 51 -51 -52 52 53 -55 -56 -57 -58 58 -60 60 -62 -63
leaf_value=-0.001025814866176348 -0.00056188059181574719 0.0024527846121651735 0.015548540974256633 0.00066085011620461466 0.0056372661735489479 -0.00041374813525914408 0.000102554504598449 0.0052547155404038537 -0.00015342209568916965 0.0033934164936368981 0.0028248462399229515 0.0064110353637936747 -0.0014693673658532371 -0.00050145658534831838 -0.00019181408399542585 6.3142512666484419e-05 0.0037788803230332339 0.0040863148967996976 0.0067905525435252847 -0.00020340927044743023 0.00030012177276664449 -0.0014266133127667148 -0.0012372183824771665 0.0034297072697682487 0.0043410335424087483 0.0018227410756766439 -0.0014617900853857279 0.0044324972173088711 0.0017535161358827791 -0.0008518809188702188 -0.00088386354022721488 0.010454203931193264 -0.00059315084460656066 0.00044752137544176187 0.0012705988671837239 0.0022760911924389073 -0.00027408323378639454 0.0043146259916200516 -0.0011189645373782986 0.005280725900865208 -0.00034574279810034234 0.0039185409949987707 -0.0008434457463337118 -0.00051355285964168967 0.0028342331322328577 -0.0017587316665733693 -0.0032146395145362982 0.002759401699002587 -0.0013780361811842521 -0.00036340496161722916 0.0068521760622671252 0.00012957826968969729 0.005306288364613272 0.0019819625340970551 -0.0014915512372923559 0.0045631159513752828 -0.00054383096654874407 -0.00030412852182664426 -0.00022007471908663237 0.0018409825760061405 0.00029622247045303862 0.0033414720716893054
leaf_weight=551 5231 44 52 236 50 2418 106 45 60 43 189 73 441 385 197 44 45 40 50 2198 2255 2010 498 50 66 65 852 50 56 590 111 59 2500 2145 501 112 2197 53 105 46 62 69 169 74 41 210 262 45 374 71 64 791 56 178 2568 46 81 65 432 45 61 40
leaf_count=551 5231 44 52 236 50 2418 106 45 60 43 189 73 441 385 197 44 45 40 50 2198 2255 2010 498 50 66 65 852 50 56 590 111 59 2500 2145 501 112 2197 53 105 46 62 69 169 74 41 210 262 45 374 71 64 791 56 178 2568 46 81 65 432 45 61 40
internal_value=-0.000469441 0.00012919 5.47143e-05 0.00138455 0.00399334 -0.000338897 0.00628169 0.00884422 0.0045045 0.0141573 0.000933877 0.00395437 0.000273858 0.00140181 0.00358839 0.00771127 0.0108673 0.00111344 0.00299363 -0.000579569 -0.000351441 -0.000938289 -0.000666591 0.000167315 0.00199432 -0.00112287 -0.000416529 0.000261803 0.000975014 -0.000537698 -0.000191057 0.000189651 -0.00109787 0.000114053 0.00133292 0.00226766 0.000335744 0.000978469 0.00277108 0.00425813 0.00829082 -9.76574e-05 0.00158249 0.00518116 0.00274038 0.000413836 0.000831151 0.00485119 0.000712933 0.00416667 0.00765217 0.00025357 0.00119396 0.00438298 -0.00191566 0.0144086 0.00298013 -0.000368293 0.00129658 0.00448198 0.00761905 0.0119186
internal_weight=32623 5069 5025 1141 590 3884 354 198 110 88 1466 262 1204 763 378 141 97 237 156 27554 16844 10710 8700 3077 879 5623 2990 2138 1640 14589 9358 6590 2768 6531 813 268 5941 3101 746 491 195 255 296 127 103 2355 763 157 1584 185 114 1399 1025 234 2633 92 150 2840 643 211 146 85
internal_count=32623 5069 5025 1141 590 3884 354 198 110 88 1466 262 1204 763 378 141 97 237 156 27554 16844 10710 8700 3077 879 5623 2990 2138 1640 14589 9358 6590 2768 6531 813 268 5941 3101 746 491 195 255 296 127 103 2355 763 157 1584 185 114 1399 1025 234 2633 92 150 2840 643 211 146 85
cat_boundaries=0 1 2 3 4 5 6 7 8 9
cat_threshold=35 5456 5409 2858 2690 325 1508 36 37
is_linear=0
shrinkage=0.05


Tree=95
num_leaves=63
num_cat=3
split_feature=2 11 41 36 33 22 37 33 40 19 12 22 11 9 10 5 9 13 25 42 7 9 25 36 11 7 16 20 31 20 27 33 31 5 17 27 42 26 31 33 25 30 11 22 14 9 17 14 10 33 12 22 10 13 13 9 2 13 0 10 30 22
split_gain=1.34845 0.972731 1.50366 1.78255 1.52353 1.65562 1.24248 1.15821 1.32747 1.55662 1.06824 1.63932 1.01949 1.76873 1.41854 1.48939 2.1195 1.3081 1.6859 1.97062 3.41989 1.65383 1.21879 1.59154 1.19438 2.52629 1.20804 1.45657 1.23965 1.71122 1.945 1.15751 1.05861 1.20375 1.28033 1.06135 1.0333 2.50168 2.30982 1.91638 1.46104 1.55104 2.3418 1.03009 1.01819 0.983583 1.38707 2.50282 1.01463 0.982085 1.44924 0.977546 1.26223 1.23966 0.962228 0.949137 0.934025 0.934055 0.906619 0.905486 2.66078 1.07256
threshold=0.48039698203034359 6.5000000000000009 5706.0234451450206 0.0053387584262561882 39.942857142857157 -0.37565313560212882 31.500000000000004 32.321428571428577 1.5000000000000002 0.12247743780817331 70.500000000000014 -0.45934297130005491 36.500000000000007 0.22845298610759449 0.04335602733923772 8.6449350298146204 0.26367423969673942 1.3452339285714288 0 0.65933268858800786 8.1188061827027092 0.057703251655845375 1 0.00042386096494453245 68.500000000000014 6.4683555916310196 -1.608077719872997 -0.0111349464869902 1.0000000180025095e-35 0.010750397763327486 32.500000000000007 26.578571428571433 4.6500000000000012 9.2636526487721529 -0.16001364660032716 57.500000000000007 0.96459899749373446 7.5000000000000009 268.55000000000007 27.092857142857149 2 4.3500000000000005 17.500000000000004 0.010380457158981631 0.020619287202735984 0.30486388452970298 -0.19074820468301754 -0.78292737823625902 0.093760593263997563 26.050000000000004 73.500000000000014 -2.9634630129852049 -0.065019572386702848 0.52631603878090105 0.25037537537537541 0.31113012134010715 -0.040448267003368336 1.3593844696969699 0.08894804267163138 -0.22395960657062816 46.150000000000013 -1.0000000180025095e-35
decision_type=2 2 2 2 2 8 8 2 2 2 2 10 2 10 2 2 10 2 1 2 2 10 1 2 2 2 2 10 2 10 2 2 2 2 2 2 2 2 2 2 1 2 2 8 2 8 2 2 2 2 2 10 2 2 2 10 2 2 2 2 2 10
left_child=1 2 4 -4 5 10 -3 -7 -9 56 -1 -12 13 22 15 36 -17 18 24 20 -20 -19 23 49 25 -14 27 -27 29 30 43 -23 -21 35 -35 -34 38 -38 -15 -40 41 55 -43 -28 -18 -26 47 -47 -49 50 -8 52 53 -37 -24 -39 -10 -58 -31 60 61 -30
right_child=-2 6 3 -5 -6 7 12 8 9 -11 11 -13 17 14 -16 16 44 21 19 32 -22 31 54 -25 45 26 28 -29 59 58 -32 -33 33 34 -36 51 37 40 39 -41 -42 42 -44 -45 -46 46 -48 48 -50 -51 -52 -53 -54 -55 -56 -57 57 -59 -60 -61 -62 -63
leaf_value=0.00029363339698110918 -0.001742027688749788 -0.0013062861269792139 0.0040255114991809308 0.00074961671123329843 0.0055157981406836389 -0.00044429360676674932 0.0034298582041873901 -0.00061518684365839357 0.0017123244007346073 0.0018609011712704495 0.0014539837291901816 0.0064050325721573577 0.020669354780528254 -0.00050873238473161302 -0.00099324997287773722 0.0063491102867093713 -0.0017374933657439637 0.0032680772257789822 0.0064545783649421901 -0.00075474083749641483 -0.0030393070524662811 -0.0025328516013670608 -0.0010813252556333695 0.0015281012225581193 -0.00016965148536829229 -0.00090115839578449708 0.0045262718526164472 0.010584176054779629 -0.0010359648638540806 0.00142203282490901 0.0049481065185565665 0.00041797959978123365 5.0036224860842335e-06 0.0084023221018469148 0.0009246795654293601 0.003825611431849531 0.0084110429567615975 -0.003255887939422321 0.0072822189628423545 0.00044596449944963619 -0.0011940920668532548 0.00028783789800032421 0.010748108659422455 -0.0018144878891183478 0.0078194799100011082 -0.0022082151025623856 -4.5555622446030399e-06 0.012758516911598431 0.0062545693576805316 -0.0014117213595086892 -0.0036545839089462406 -0.0012385744330013601 -0.001896992856390226 0.0001142257234509294 -0.00028691559215071518 0.0029245260574459705 -4.7775026404647548e-05 0.0041785060242114846 -0.002103374816407386 -4.0909029947240316e-05 0.0079058170725384326 0.0041817839981768889
leaf_weight=266 1281 913 41 84 61 2491 42 506 69 61 137 59 57 1096 1259 84 108 49 74 3943 63 96 309 40 3357 40 40 62 150 122 54 1615 3306 42 99 43 54 75 43 84 225 56 64 42 79 51 334 54 41 1644 44 955 286 114 3944 48 310 54 55 1859 52 45
leaf_count=266 1281 913 41 84 61 2491 42 506 69 61 137 59 57 1096 1259 84 108 49 74 3943 63 96 309 40 3357 40 40 62 150 122 54 1615 3306 42 99 43 54 75 43 84 225 56 64 42 79 51 334 54 41 1644 44 955 286 114 3944 48 310 54 55 1859 52 45
internal_value=-0.000403429 -0.000338623 0.000375603 0.00575397 0.000206724 8.47231e-05 -0.000446874 -0.000287802 0.00114885 0.0029899 0.00289417 0.00568528 -0.000384107 -0.000805464 0.00012973 0.000951908 0.00439338 -0.000154963 -0.000303111 -0.00074698 0.00518116 0.00113572 -0.00131391 -0.00241438 0.000315125 0.00114773 0.000909991 0.00621359 0.000683883 0.00361465 0.00781022 0.000873246 -0.000840825 -0.000345647 0.00419014 -0.000482467 0.000415234 0.00227533 -0.000379903 0.00597656 0.00108742 0.0036811 0.00785124 0.00289157 0.00140957 -0.000243618 0.0018711 0.00591837 0.0106771 -0.00265742 0.00252873 -0.00163688 0.000304053 0.0038924 -0.000847797 -0.000120969 0.00192396 0.000904108 0.000365167 0.000246795 0.00308468 0.000382652
internal_weight=32731 31450 4139 125 4014 3953 27311 3491 1000 494 462 196 26398 9298 3275 2016 271 17100 15340 8925 137 1760 6023 1770 6415 2578 2521 102 2419 313 136 1711 8788 4845 141 4704 1745 522 1223 127 468 243 120 82 187 3837 480 146 95 1730 86 1398 443 157 4253 123 433 364 177 2106 247 195
internal_count=32731 31450 4139 125 4014 3953 27311 3491 1000 494 462 196 26398 9298 3275 2016 271 17100 15340 8925 137 1760 6023 1770 6415 2578 2521 102 2419 313 136 1711 8788 4845 141 4704 1745 522 1223 127 468 243 120 82 187 3837 480 146 95 1730 86 1398 443 157 4253 123 433 364 177 2106 247 195
cat_boundaries=0 1 2 3
cat_threshold=810 394 1080
is_linear=0
shrinkage=0.05


Tree=96
num_leaves=63
num_cat=8
split_feature=1 8 3 25 27 25 20 12 10 4 10 42 12 12 39 42 31 5 27 8 4 31 20 25 13 27 6 30 21 3 17 13 17 20 26 17 16 12 27 13 17 3 18 30 31 30 31 30 10 20 16 25 6 17 21 3 21 25 6 22 39 25
split_gain=1.21617 1.11244 1.44636 1.97735 2.44358 1.00627 1.08467 0.969545 1.25633 0.957112 1.11329 1.52242 1.0345 1.24203 1.39365 1.96751 1.55128 1.91815 2.24404 1.12374 0.976222 1.12948 0.959867 0.927816 1.13866 1.87711 1.9264 1.49069 1.13482 1.10786 1.00775 0.920575 0.980112 1.29683 0.910527 1.09613 1.18148 1.20353 1.02008 1.00203 0.888445 0.854445 1.02119 1.14136 1.38189 1.64958 1.30855 1.00714 1.11794 0.853473 0.808366 0.788416 1.47961 1.07677 0.766047 0.72305 0.720629 1.17759 1.76376 0.86794 0.997819 1.09016
threshold=0.15357085270200213 0.031023541818536476 -0.072283075013047413 0 43.500000000000007 1 0.1536775145266038 72.500000000000014 0.57076451452902399 0.12260232209233159 0.04514076731660089 0.61167800453514753 14.500000000000002 40.500000000000007 2 0.98449519230769245 168.25000000000003 7.2723673074987181 26.500000000000004 0.16067457189863682 0.52383415970649339 1.0000000180025095e-35 -0.049988432201817985 3 1.1764706920416448 4.5000000000000009 7.130921027046802 19.950000000000006 8025.0000000000009 -0.37967880436381923 -0.20986705962223037 0.52000019199984659 0.033648140886706319 0.0038320567924961103 15.500000000000002 0.70541432997024389 -0.42028354377602944 22.500000000000004 56.500000000000007 1.1992507387220812 -0.52404469990263614 0.24686007793152645 -0.53478071576289921 1.0000000180025095e-35 225.45000000000002 20.550000000000004 5.6500000000000012 64.050000000000026 0.055851237868718158 0.0066183797972351648 -1.2987834539471719 4 7.0304549951684914 -0.72767872536002554 2498.3350000000005 -0.27267660551931699 5904.1650000000009 5 8.8847117374010534 -0.17401680835791228 6 7
decision_type=2 8 2 1 2 1 10 2 2 2 2 2 2 2 1 2 2 2 2 8 2 2 10 1 2 2 2 2 10 2 2 2 2 10 2 2 2 2 2 2 2 2 10 2 2 2 2 2 2 10 2 1 2 2 10 2 10 1 2 10 1 1
left_child=1 2 3 -1 -5 6 7 8 50 10 11 55 22 14 19 34 17 -17 -19 20 21 -14 -11 29 28 -26 27 -27 -25 -15 -30 -23 49 -34 -16 36 -36 -38 39 -39 -8 47 -43 -44 45 46 -45 -31 -49 -33 -2 52 -4 -54 -55 -3 59 58 -58 -13 61 -61
right_child=5 9 51 4 -6 -7 40 -9 -10 12 -12 56 13 23 15 16 -18 18 -20 -21 -22 31 -24 24 25 26 -28 -29 30 41 -32 32 33 -35 35 -37 37 38 -40 -41 -42 42 43 44 -46 -47 -48 48 -50 -51 -52 -53 53 54 -56 -57 57 -59 -60 60 -62 -63
leaf_value=-0.0019192016971510931 -0.0030956706232075702 8.4481669856370415e-06 0.0021836725411445157 4.1331705143040887e-08 0.0041883524094750131 -0.0010721850431858059 0.01027603013972514 -0.0012431273145962407 -0.0048530365778701222 0.00056263114749674991 -0.0006679907130975023 8.6618668067287773e-05 -0.0045545480810205256 0.0036094822948426566 -0.00011675355763300866 0.013242217008133952 0.00031993870066937655 0.0047237410397801029 -0.001503814439281945 -0.000740438654342502 -0.0015162372653260512 0.004118666182052786 -0.0018113746091100932 -0.00050471252925682211 0.0082251662072507122 0.0082438118846075714 -9.5023245850320734e-05 -0.00017030336662879808 0.0019031896761356436 -0.00024753540024397805 0.00015180034586760591 -0.0021658554551562104 0.0031987195236848698 0.0011819036939859789 -0.00032649598919620433 -0.00069234374588300444 0.0073067709821394919 0.0023792683614370798 -0.00041583869400787566 0.0068316682571463241 0.0010418823192566808 -0.00034391632316072875 -0.00035428675166516321 0.003282922923097955 -0.0069324882371120848 0.00044485134179134464 0.0060822703401222575 0.0083688686225879671 8.2629279885951842e-05 0.00086362867771194165 0.00027046916074810419 -0.0017485492914581472 0.0072914842154563732 -0.0010002358901548564 0.00053064635674578869 0.0063676311163149302 -0.00043536560209228375 -0.00074972235675987682 0.004145025837159204 0.0038351648276547263 -0.00026504709013516471 5.3673171140896186e-05
leaf_weight=100 181 41 53 97 68 3295 46 647 183 51 2637 7163 55 43 249 40 71 48 40 473 148 68 268 2528 46 49 471 45 56 1217 163 95 67 129 127 71 51 142 87 41 213 146 84 47 40 69 76 44 78 74 2026 750 40 350 56 53 185 1298 69 125 4982 417
leaf_count=100 181 41 53 97 68 3295 46 647 183 51 2637 7163 55 43 249 40 71 48 40 473 148 68 268 2528 46 49 471 45 56 1217 163 95 67 129 127 71 51 142 87 41 213 146 84 47 40 69 76 44 78 74 2026 750 40 350 56 53 185 1298 69 125 4982 417
internal_value=-0.00040278 -0.000249407 -0.00156436 0.00178571 0.00497159 -0.00100956 -0.000387059 -0.000653392 -0.000188207 -0.00016831 -0.000377115 -0.000203364 0.000298104 0.000420386 0.00145402 0.0028272 0.007275 0.0105426 0.00629213 0.000227677 0.00160125 0.00267894 -0.00248438 7.68668e-06 -0.000486793 0.00146242 0.000662543 0.00715789 -0.00092249 0.000905659 0.00252273 0.00353687 0.00252732 0.00492386 0.00170351 0.00289423 0.00380846 0.00541925 0.00405904 0.00616848 0.00271154 0.000718645 0.00257019 0.00416404 0.00596566 0.00772021 0.0111694 7.8357e-05 0.00439024 -0.000264707 0.000142662 -0.002276 -0.000676472 -0.00163311 -0.00240786 0.00610526 -0.000245437 -0.00126207 0.00181132 -0.000120982 -0.000591856 0.00142857
internal_weight=32672 26081 1514 265 165 6591 3296 3037 2390 24567 16970 14333 7597 7278 2076 967 199 128 88 1109 636 488 319 5202 3358 611 565 94 2747 1844 219 433 365 196 768 519 448 321 270 183 259 1801 462 316 232 192 123 1339 122 169 2207 1249 499 446 406 94 14239 1552 254 12687 5524 542
internal_count=32672 26081 1514 265 165 6591 3296 3037 2390 24567 16970 14333 7597 7278 2076 967 199 128 88 1109 636 488 319 5202 3358 611 565 94 2747 1844 219 433 365 196 768 519 448 321 270 183 259 1801 462 316 232 192 123 1339 122 169 2207 1249 499 446 406 94 14239 1552 254 12687 5524 542
cat_boundaries=0 1 2 3 4 5 6 7 8
cat_threshold=1126 3354 5602 2085 566 1152 216 42
is_linear=0
shrinkage=0.05


Tree=97
num_leaves=63
num_cat=6
split_feature=10 25 42 27 8 17 22 26 18 9 42 8 25 20 18 1 25 14 4 22 20 35 11 1 17 7 27 2 27 33 42 9 2 8 27 7 31 36 1 22 4 10 7 40 30 4 25 11 16 2 8 21 38 8 42 30 25 8 16 18 26 26
split_gain=1.15102 1.37076 1.31091 1.81311 1.08286 1.05906 1.11994 2.56884 1.19394 1.01721 1.55652 1.77822 0.967018 2.65565 1.9855 1.03374 0.949885 1.3792 1.85252 1.25899 0.91773 1.18981 1.69862 1.99105 1.16867 0.904042 2.41013 0.933374 1.15908 0.869035 1.48423 1.26506 1.98646 1.17526 1.02412 1.60673 1.1137 0.858122 0.801219 0.964205 0.772841 0.755633 0.823909 0.938891 1.91952 1.46424 1.11101 1.56975 1.12553 1.81949 0.798602 0.764807 0.721011 1.12483 1.2068 2.10945 1.29064 1.45822 0.89196 1.82298 1.2344 1.16332
threshold=0.04514076731660089 0 0.60397012578616371 49.500000000000007 1.0000000180025095e-35 0.78559485462679934 -0.27182026516805524 2.5000000000000004 0.66148186094712058 0.76504914322537154 0.82834821428571437 0.75842160834245542 1 -0.055055249651155123 0.80219739224264819 -0.19415601444095773 2 0.008658062743114538 0.2093187942197208 -0.42871697973730688 0.035667201286290827 0.048544947871001533 20.500000000000004 0.091171769499713409 -1.5278588521808756 9.4782592729828252 19.500000000000004 -0.15818534996939923 26.500000000000004 27.13571428571429 0.98229949874686728 0.13386850152353932 0.085221868515493973 0.10275291727891775 11.500000000000002 6.6549298037505364 0.45000000000000007 0.49682643707088842 0.055919468900404119 -0.1053105131576596 0.46744380694076076 0.48662621115039034 8.5381607102038668 1.5000000000000002 12.650000000000002 0.15415132917748633 3 55.500000000000007 0.036394137746188944 -0.07410797215372121 0.073553869910980244 3331.5000000000005 4 0.70519766509369242 0.9346044191019246 107.00000000000001 5 0.32393779025764163 -0.31845373111853476 0.54777121172234089 36.500000000000007 35.500000000000007
decision_type=2 1 2 2 8 2 8 2 10 10 2 10 1 10 10 2 1 2 2 10 10 2 2 2 2 2 2 2 2 2 2 10 2 10 2 2 2 2 2 8 2 2 2 2 2 2 1 2 2 2 10 10 1 10 2 2 1 8 2 10 2 2
left_child=2 25 3 -1 -4 6 7 -3 20 37 -11 -12 13 -10 -15 -14 17 18 -9 -20 21 29 23 -23 -22 27 -27 28 -2 30 -8 32 -32 -34 35 -31 -37 40 39 -38 52 42 43 46 45 -45 47 48 49 -26 -48 -51 53 54 55 -6 57 58 61 -60 -61 -56
right_child=1 5 4 -5 9 -7 8 16 12 10 11 -13 15 14 -16 -17 -18 -19 19 -21 24 22 -24 -25 41 26 -28 -29 -30 34 31 -33 33 -35 -36 36 38 -39 -40 -41 -42 -43 -44 44 -46 -47 50 -49 -50 51 -52 -53 -54 -55 56 -57 -58 -59 59 60 -62 -63
leaf_value=0.0037182827284900489 0.0049230686907812829 0.0082734384832098464 -0.0017247644546486451 0.0047710030403704537 -0.00019032973839478413 -0.0015804716811067974 -0.00089287494367379155 -0.00072913794850988027 0.0027563639960613527 -0.011866828300441645 0.028354194065631916 0.0017685983079172981 0.004657034489933559 0.0027484259835161137 -0.00046245062423430058 -8.7614258608463994e-05 -3.3728404613536177e-05 -0.0013980963381239422 0.0069030659613148748 0.0065856262331921035 0.0061388486298134693 0.0020151984668784705 -0.0014702483090641054 -0.00019553859816358356 0.00629583930156023 0.0057201455383252752 -0.0014364610812421816 -0.0014345523759268252 -0.00059812683045597779 0.0054736409755594033 -0.0008590333693446286 -0.00075313016957647685 0.0016797682948877621 0.0043355916321058622 -0.00096703573148228391 0.0055604423008628143 0.0045228363906728635 -0.0026742659025414338 -0.0014569711738176741 -0.0007298982417115325 -0.00102852919001709 -0.0023774365823086164 -0.0022268740145845465 0.00034072164693827546 -0.0013811599262601088 0.0033835872340979797 0.0042541149155213486 -0.0012863713041295515 0.0036335126682551715 -0.0013416535554066217 -0.0016847170442934791 0.0033112620319691796 -8.6689529972387721e-05 0.010195779732204658 0.010206810060238302 0.0032567941831528149 0.00025902507198058368 -0.0024575928385668746 0.00019069376133786902 0.0044428676051555425 0.0060452390552005611 0.0009871845043647803
leaf_weight=119 61 49 602 62 2047 902 401 62 64 66 40 51 68 82 261 1495 1150 86 41 45 46 58 66 48 40 40 52 2540 61 41 60 150 41 46 3016 73 43 194 422 241 310 187 273 62 84 63 45 229 62 146 500 50 14078 55 44 128 1075 87 196 58 40 50
leaf_count=119 61 49 602 62 2047 902 401 62 64 66 40 51 68 82 261 1495 1150 86 41 45 46 58 66 48 40 40 52 2540 61 41 60 150 41 46 3016 73 43 194 422 241 310 187 273 62 84 63 45 229 62 146 500 50 14078 55 44 128 1075 87 196 58 40 50
internal_value=-0.000378026 -0.000731205 -0.000130033 0.00409341 -0.000170224 -0.000475531 -0.000326363 0.000965829 -0.000545252 -0.000102323 0.0038924 0.00809782 0.000532723 0.00266746 0.000973836 -4.12972e-05 0.000563176 0.00338775 0.00644295 0.0111494 -0.000872345 -0.00123858 0.00283237 0.00672897 9.22807e-05 -0.00172514 0.00311828 -0.00190011 0.00235772 -0.00139361 0.000228897 0.00290268 0.00618243 0.0109659 -0.00168882 -0.000121804 -0.000634617 -0.000136689 -0.0012447 0.000807016 -0.000101273 -0.000117682 0.000244372 0.00077613 0.00383333 0.00773809 0.000177072 0.00179368 0.00421405 0.00261603 -0.00139389 0.000609136 -5.82351e-05 0.000553942 0.000449543 -0.000310203 0.00151515 0.00365226 0.00503856 0.00366102 0.00919192 0.00926316
internal_weight=32854 13552 19302 181 19121 10798 9896 1433 8463 18519 157 91 1970 407 343 1563 1384 234 148 86 6493 4706 172 106 1787 2754 92 2662 122 4534 698 297 147 87 3836 820 779 18362 706 284 18168 1741 1554 1281 209 125 1072 527 298 236 545 196 17858 3780 3725 2175 1550 475 388 294 98 94
internal_count=32854 13552 19302 181 19121 10798 9896 1433 8463 18519 157 91 1970 407 343 1563 1384 234 148 86 6493 4706 172 106 1787 2754 92 2662 122 4534 698 297 147 87 3836 820 779 18362 706 284 18168 1741 1554 1281 209 125 1072 527 298 236 545 196 17858 3780 3725 2175 1550 475 388 294 98 94
cat_boundaries=0 1 2 3 4 5 6
cat_threshold=1156 2056 66 2097 1 1298
is_linear=0
shrinkage=0.05


Tree=98
num_leaves=63
num_cat=7
split_feature=22 8 43 42 8 13 0 18 39 31 10 6 31 42 37 42 25 11 37 23 6 12 18 30 4 7 36 41 41 6 12 41 23 26 6 25 13 7 25 30 22 10 23 1 41 2 25 39 0 23 2 23 12 19 23 41 7 23 26 25 19 13
split_gain=1.34138 1.56136 1.02974 1.18213 0.932097 1.40393 1.08569 0.844522 0.81294 1.14954 1.12557 1.80684 1.0576 1.17723 1.06194 1.0469 1.09208 1.2062 1.97794 1.55826 1.44399 1.15542 0.997183 0.920218 1.20948 0.914296 0.996702 1.21648 0.910865 0.949695 0.906752 1.47907 1.2647 0.901968 0.848673 0.988391 0.982602 0.795782 2.34761 2.16718 2.24113 1.81849 1.83192 1.25848 0.880945 0.849427 0.847338 1.49895 2.093 0.938041 0.909772 0.93755 1.22298 0.798331 0.926382 1.77062 1.55818 1.24626 0.792723 0.778608 0.958067 0.778272
threshold=-2.9634630129852049 0.75842160834245542 1.0000000180025095e-35 0.8546920821114371 1.0000000180025095e-35 0.24260091960063065 0.068993726079154008 -2.3238855437980299 0 230.40000000000006 -0.02856357020343658 7.5619778281806811 275.2000000000001 0.98449519230769245 56.500000000000007 0.63211600429645554 1 44.500000000000007 18.500000000000004 -0.17941024789122803 7.5891873086016082 21.500000000000004 -1.4584805407778101 1.2500000000000004 0.057929324989110416 7.1522174505434117 0.030493307355728413 4427.8818070818079 36.311088709677428 7.8314278341205377 18.500000000000004 25.731181059994622 0.6830805751704293 38.500000000000007 9.0028809565797552 2 0.59812794130098301 8.7050375181915793 3 21.200000000000006 -0.18232130679401709 0.10967246304700674 0.20067069546215119 1.0000000180025095e-35 2.5803225806451615 -0.03729715847560388 4 5 0.04725295929246754 -0.29459427296457158 -0.082238098236972132 -2.4604422917651836 33.500000000000007 0.24876455916684545 1.0964709577721095 5.6401639344262309 8.4960574143845395 1.3899360378154448 30.500000000000004 6 -0.068107219932595234 0.66666709956709969
decision_type=8 10 2 2 10 2 2 10 1 2 2 2 2 2 10 2 1 2 10 10 2 2 10 2 2 2 2 2 2 2 2 2 8 2 2 1 2 2 1 2 8 2 8 2 2 2 1 1 2 10 2 10 2 2 10 2 2 10 2 1 2 2
left_child=1 -1 4 -4 5 -2 8 -8 9 34 11 -11 15 14 30 -10 17 18 20 -20 21 -17 -13 -23 -25 26 27 -18 29 -22 -14 32 58 -24 37 36 -36 46 39 41 -41 42 -39 45 -40 -44 47 48 -6 -50 51 52 -49 54 -48 -56 57 -57 -32 60 -7 -33
right_child=2 -3 3 -5 6 59 7 -9 12 10 -12 22 13 -15 -16 16 25 -19 19 -21 28 23 33 24 -26 -27 -28 -29 -30 -31 31 61 -34 -35 35 -37 -38 38 44 40 -42 -43 43 -45 -46 -47 53 50 49 -51 -52 -53 -54 -55 55 56 -58 -59 -60 -61 -62 -63
leaf_value=0.049495096479476239 0.00059443751296206005 -0.014862471420842741 0.00010848720594306994 0.0030768056830695681 0.00034560806739662541 0.0023155660566461568 -0.003685706322617192 -0.00041701006293091503 0.0022020269902694209 0.0017310815542594335 -0.00080231171431790484 0.0024738145360074025 0.0029953249448088099 -0.0016861997194249452 0.0023928376933482708 0.0050652688300779495 -0.0001035563213978341 -0.0003170640233505443 0.0016202727365276207 0.0001808382987723701 0.011817584552535669 -0.00071658278213425472 -0.0005994003074414442 0.0071410177001676352 0.0010694191619742106 -0.0010072627506714259 -0.0015253817944569359 0.0038203231422339352 -0.0032237163243694997 -0.00029880692151398099 0.0038836996428968417 -0.0020664818470465781 0.0026167315713128553 0.0015907247563327301 -0.0015245909546851095 -0.00096858899794806722 0.0026826952488479103 0.0010184061155564745 0.0020330066913863613 0.008209428361069384 -0.001108568993721625 -0.0011387539847588733 0.0061512178671168666 0.004121960985292987 -0.00036384608228581496 0.00047955902534557634 -7.3684988432482762e-05 -0.00021441967652018035 0.0025159985443498046 0.00028700553046880989 -0.0015106850286642399 -0.00041286025334935503 0.0071855631006903734 -0.0012062164387200765 -0.0014665945774868811 0.0080350471020281828 -0.00075145117709980941 0.00056162764742140488 -0.00022029469812647596 -0.0017370793459116397 -0.00032865737515165827 0.00017895959414475929
leaf_weight=47 42 49 81 40 1343 47 326 8747 47 100 1020 77 72 184 40 63 2664 797 40 42 42 129 615 70 132 4509 254 64 235 146 72 126 40 72 42 1046 70 45 51 40 146 47 42 40 484 45 5676 55 62 53 463 270 41 170 85 54 57 80 79 722 135 269
leaf_count=47 42 49 81 40 1343 47 326 8747 47 100 1020 77 72 184 40 63 2664 797 40 42 42 129 615 70 132 4509 254 64 235 146 72 126 40 72 42 1046 70 45 51 40 146 47 42 40 484 45 5676 55 62 53 463 270 41 170 85 54 57 80 79 722 135 269
internal_value=-0.000510476 0.00536082 -0.000527905 0.00405738 -0.000545087 -0.00209081 -0.000498719 -0.000960438 -0.000312557 -4.07204e-05 -0.00117772 0.000150288 -0.000644812 0.00100793 0.00194564 -0.000803466 -0.00084186 0.000304627 0.00156111 0.00891566 0.000812957 0.00298734 -0.00067974 0.00179217 0.00389162 -0.00110037 -0.000422395 -0.000142911 -0.00121462 0.00137566 0.00145675 0.00080068 0.00440104 -0.00128634 0.000163208 -0.00111303 0.00317073 0.000321389 0.00170032 0.00450721 0.00064171 0.00797727 0.0103468 0.0133984 -0.000503664 0.00982954 0.000167062 0.000985639 0.0019469 0.00840517 -0.000708335 0.00114441 0.00536082 -0.000140226 -4.36766e-05 0.00277978 0.00544271 0.00837037 0.00226974 -0.00250829 0.00046632 -0.000946971
internal_weight=32743 96 32647 121 32526 946 31580 9073 22507 12391 1884 864 10116 882 698 9234 9187 1696 899 82 817 394 764 331 202 7491 2982 2728 423 188 658 586 191 687 10507 1158 112 9349 940 405 186 219 172 127 535 87 8409 2287 1458 115 829 366 96 6122 5952 276 191 134 151 904 182 395
internal_count=32743 96 32647 121 32526 946 31580 9073 22507 12391 1884 864 10116 882 698 9234 9187 1696 899 82 817 394 764 331 202 7491 2982 2728 423 188 658 586 191 687 10507 1158 112 9349 940 405 186 219 172 127 535 87 8409 2287 1458 115 829 366 96 6122 5952 276 191 134 151 904 182 395
cat_boundaries=0 1 2 3 4 5 6 7
cat_threshold=4669 528 72 496 518 533 20
is_linear=0
shrinkage=0.05


Tree=99
num_leaves=63
num_cat=10
split_feature=22 8 23 25 17 11 25 41 31 17 18 7 39 25 10 25 18 18 31 39 25 31 31 7 12 12 41 4 23 33 30 11 8 42 23 22 31 20 42 42 33 1 24 21 5 25 22 4 4 8 3 20 33 7 5 41 1 8 8 39 42 22
split_gain=0.911746 1.24745 1.06581 1.58988 1.12363 1.46196 1.02694 1.88276 3.40568 0.958011 1.31371 0.94187 1.6058 1.73018 1.69061 1.37778 1.32456 1.27408 1.10844 1.0903 2.59854 1.32741 1.46372 1.8115 1.91259 1.5686 1.94399 1.55095 1.32564 1.19749 1.12039 1.06691 1.41828 1.12841 1.01854 1.44691 1.26139 1.01677 2.97474 1.18354 1.97392 1.65572 1.11662 1.15052 1.07494 1.05327 1.19933 1.1613 1.57988 1.00245 0.98806 0.965433 0.947756 1.07224 0.930127 0.923064 0.905948 1.03103 1.52031 1.15953 2.22036 1.72855
threshold=0.18191457106311407 0.031023541818536476 -0.61001208798634099 0 -0.15455137088648049 52.500000000000007 1 13.683771929824564 6.450000000000002 0.13141189318420368 0.60836561092428731 8.3296084919266438 2 3 -0.093031299193794478 4 -0.16277402613420011 1.3959534417666728 0.75000000000000011 5 6 4.9500000000000011 76.250000000000014 6.848007761498403 83.500000000000014 5.5000000000000009 71.899074074074079 -0.18023002158306498 0.18789692788311643 31.850000000000009 4.6500000000000012 86.500000000000014 0.12103591548947099 0.61861471861471873 -0.10006501942566735 -0.66609198338540654 26.350000000000012 0.046310433379891179 0.73385416666666681 0.90839160839160848 29.864285714285721 -0.15702574921367549 7 1050.0950000000003 7.5763363425191725 8 -0.17401680835791228 0.057929324989110416 -0.12136085700426723 0.045647419950466624 -0.06605530972757466 0.076871326313207811 38.26428571428572 8.9898630697474946 8.3154367920393248 688.93334173387109 -0.23837327747925927 0.48698104428366545 0.31259711374008431 9 0.99230769230769245 -0.46973416009343033
decision_type=10 8 10 1 2 2 1 2 2 2 10 2 1 1 2 1 8 10 2 1 1 2 2 2 2 2 2 2 10 2 2 2 10 2 10 10 2 10 2 2 2 2 1 10 2 1 8 2 2 8 2 10 2 2 2 2 2 8 10 1 2 8
left_child=1 6 3 -2 -5 9 7 8 -1 -6 -11 19 13 14 52 16 -14 -16 -15 20 21 -3 23 -23 25 26 -25 -26 34 56 -29 33 -33 -20 50 36 -36 44 -39 40 -40 -42 43 -41 -21 46 47 48 -46 -48 -22 -43 53 -13 -30 -27 -24 58 59 60 61 -58
right_child=2 11 -4 4 5 -7 -8 -9 -10 10 -12 12 15 18 17 -17 -18 -19 31 37 28 22 29 24 27 55 -28 30 54 -31 -32 32 -34 -35 35 -37 -38 38 39 42 41 51 -44 -45 45 -47 49 -49 -50 -51 -52 -53 -54 -55 -56 -57 57 -59 -60 -61 -62 -63
leaf_value=0.0053804301324461802 -0.0011374490002420844 2.884236998585005e-06 -0.00053007007231561194 -0.00034878625369377602 0.0090838759994646186 -0.00041563413407331453 -0.0014709102593483934 -0.00068032613976532538 -3.4082058066897885e-05 -0.0021472705741974961 0.0044544956791510047 0.0026458459930566933 0.004558016923968464 -0.0025894873791318966 -0.000101460500599739 -0.0031240102074960689 -0.0006132394160659688 0.0041186059643071532 0.0045288523962849049 -0.0001103404466958714 -0.00070463888907979118 0.0046253409119250263 -0.00083157164642156528 0.00097078410531926832 0.0086749972891845221 0.00070666358878038204 0.0031057016813325973 7.3159084465547914e-05 -0.00091174005960575747 -0.0029092823910006676 0.0031519514501935695 0.0026598068597073164 -0.00089298984233870124 -0.0004672871329115954 -0.00029997022290844939 0.00019320970714215957 0.0073249863653628679 0.0074052577930319484 -0.0016007539566626325 -0.00088920980895168175 0.0074221468462849624 0.0027386491157008171 -0.0006190905902795146 0.0030272820107702936 -0.00034584185112903655 -0.0020900107401817421 0.0019832449183412558 -0.0017973946579609092 0.0059257349676308984 -0.0014421511774521487 5.1403008805229165e-05 -0.0003731464936933839 0.0058645391429675347 -0.00044567591402725273 0.0037854926252984577 -0.0016852776162438723 -0.00023506134631161182 0.0014307810574811744 -0.0019138174063632403 0.00023618001798241325 -0.00014529059886427445 0.0033521128100783139
leaf_weight=57 415 2151 4535 138 69 92 796 436 140 40 55 299 64 487 1320 1078 145 68 40 4453 1362 74 260 69 44 959 51 97 1554 102 60 58 89 2206 45 1408 56 74 167 59 45 51 772 101 57 762 53 102 70 387 2342 67 49 87 42 89 86 42 172 1141 206 350
leaf_count=57 415 2151 4535 138 69 92 796 436 140 40 55 299 64 487 1320 1078 145 68 40 4453 1362 74 260 69 44 959 51 97 1554 102 60 58 89 2206 45 1408 56 74 167 59 45 51 772 101 57 762 53 102 70 387 2342 67 49 87 42 89 86 42 172 1141 206 350
internal_value=-0.000388598 -0.000272062 -0.000985969 0.000685184 0.00291358 0.00494163 -0.00170979 -0.000178573 0.00386364 0.00775757 0.00442708 -0.000192894 -0.000742782 -0.000310778 0.000891493 -0.00229969 0.00138636 4.31954e-05 -0.00107229 -2.8025e-05 0.000249744 0.0010119 0.00157507 0.00282895 0.00241241 0.00163387 0.00702479 0.00690594 -0.000417157 0.000807202 0.00452532 -0.000632833 0.00347973 -0.000903428 -3.16468e-05 0.00106291 0.00681372 -0.000518602 0.000725504 0.000150434 0.00271903 0.00661585 -0.000760987 0.00292398 -0.00080204 -0.00199372 -0.000507354 0.00241304 0.00558594 -0.00204082 -0.000477734 0.00344538 0.00361238 0.00276486 -0.00167815 0.00101048 0.00104739 0.00140891 0.00123977 0.00167321 0.00335375 0.00542334
internal_weight=32745 27401 5344 809 394 256 1429 633 197 164 95 25972 5990 4703 1823 1287 209 1388 2880 19982 12762 5953 3802 1443 1369 1168 120 201 6809 2359 157 2393 147 2246 5213 1509 101 7220 1336 1262 330 163 932 160 5884 1431 669 229 127 440 3704 118 435 386 1596 1048 2257 1997 1955 1783 642 436
internal_count=32745 27401 5344 809 394 256 1429 633 197 164 95 25972 5990 4703 1823 1287 209 1388 2880 19982 12762 5953 3802 1443 1369 1168 120 201 6809 2359 157 2393 147 2246 5213 1509 101 7220 1336 1262 330 163 932 160 5884 1431 669 229 127 440 3704 118 435 386 1596 1048 2257 1997 1955 1783 642 436
cat_boundaries=0 1 2 3 4 5 6 7 8 9 10
cat_threshold=2830 2612 121 216 34 7692 3653 2 1414 1536
is_linear=0
shrinkage=0.05


Tree=100
num_leaves=63
num_cat=8
split_feature=14 17 23 31 44 7 3 30 20 8 3 0 11 1 5 23 33 21 42 7 26 4 25 11 4 0 30 44 8 20 26 3 13 39 16 24 35 22 14 39 25 11 31 31 30 23 3 1 26 14 31 12 11 25 20 1 25 11 23 39 5 11
split_gain=1.0432 0.97011 1.25398 1.04749 1.8576 0.961564 1.2171 1.08169 1.13505 0.857705 0.987864 1.10568 0.914423 1.56369 0.920308 1.25643 1.2799 1.91159 0.863693 2.14258 1.69707 1.83946 0.954111 1.81267 1.85832 1.30914 1.33097 1.23614 1.10489 0.900597 1.26192 0.87904 0.876593 0.873631 1.05743 0.872587 1.42151 1.83449 1.50318 0.853538 1.29175 1.62798 1.15312 2.26876 1.48584 1.25351 1.47697 2.29159 1.1798 0.853029 0.964472 0.825733 1.11889 0.814292 0.80744 0.784122 0.785808 0.892426 0.976564 0.781922 1.38376 1.1909
threshold=-1.0987451260759042 -1.1102230246251563e-15 -3.6154404259036665 393.5 1.0000000180025095e-35 6.4968276677842605 -0.0078126589515403726 1.5500000000000003 -0.016816688104146198 0.027709138822932237 -0.13353139262452227 -0.01980162729717971 86.500000000000014 0.20832198342635791 6.9966462866686951 0.11247798342669015 29.992857142857151 798.50000000000011 0.87705802968960878 7.9667600759180521 49.500000000000007 -0.02380588611425782 0 69.500000000000014 -0.38299168407396461 -0.022470382593104962 54.95000000000001 0.10555555555555557 0.086038773265549914 -0.076011805910459487 11.500000000000002 -0.055567071232245351 0.66666628726311961 1 0.2653297605472687 2 0.037428805305336078 -0.20479395810076526 0.13986940424571961 3 4 74.500000000000014 68.850000000000023 212.25000000000006 0.45000000000000007 0.10295693366520321 -0.08478242743200147 0.0041984576232985136 10.500000000000002 0.033759913975806917 0.65000000000000024 74.500000000000014 10.500000000000002 5 0.024149340539233618 0.33647223662121256 6 82.500000000000014 -0.32809573701875799 7 6.6420024002935572 19.500000000000004
decision_type=2 2 8 2 2 2 2 2 10 10 2 2 2 2 2 10 2 10 2 2 2 2 1 2 2 2 2 2 10 8 2 2 2 1 2 1 2 10 2 1 1 2 2 2 2 10 2 2 2 2 2 2 2 1 10 2 1 2 8 1 2 2
left_child=-1 2 -2 5 -5 6 -4 8 -8 10 11 -3 18 14 15 16 -14 -18 19 20 22 -22 23 24 -11 -26 27 -27 -29 30 -21 -25 -32 -24 -35 36 39 38 -38 53 41 42 44 -44 48 46 -46 -48 -41 -36 -51 52 -50 -20 -47 59 57 58 -57 60 -7 -62
right_child=1 9 3 4 -6 55 7 -9 -10 12 -12 -13 13 -15 -16 -17 17 -19 35 29 21 -23 33 31 25 26 -28 28 -30 -31 32 -33 -34 34 49 -37 37 -39 -40 40 -42 -43 43 -45 45 54 47 -49 51 50 -52 -53 -54 -55 -56 56 -58 -59 -60 -61 61 -63
leaf_value=-0.00070831117627278466 0.0026942966586574386 -0.0059419195594275845 -0.00036586031502960442 0.0069646213581715305 -0.00038865692054900494 0.0032977363960415337 -0.00083028408012109046 0.0070394792440468118 0.0022204166604431054 0.009465669758301206 -0.0012881341793755314 0.0022522249452465604 -0.00017811307037145222 -0.0039349175183264525 0.00016067937245516474 -0.0013551789169827639 0.0006248040243550133 0.0058419552956302957 3.8445255767288942e-05 0.0044596316180204034 0.011604633704322541 0.00010500023513311659 -0.0025378737185389119 0.00065160416938701967 -0.00052141475913945854 0.0032153708293975848 -0.0004637822532434318 -0.00021693422274973034 0.0021284856630033595 -0.00093365875339808759 -0.0015648000384844282 -0.0025259471967922689 0.0013122512744737009 -0.00016833616910620508 0.0048357991673665598 -0.00046792465813910012 0.00053314866819984387 -0.00079935870038229037 0.0038747815765218839 0.0045682554465627332 -0.00037453281759992349 -0.0013651141861337189 -0.00099048007562880223 0.0013423549823089066 0.0025282718616413923 -0.0023489116724431523 0.0049993056957657366 0.0026435286566576155 0.0021307905660378325 0.0046245315668451475 -0.0019086944167953609 -0.0010537782291815839 0.00010940744518503476 -0.0016458073790824965 0.0011705763679673593 0.0055108004207465771 -0.00258905155323042 0.0057642817906979121 -0.001964985512770581 -0.00018741470918020773 0.00053989837406591184 -8.5878071206079451e-05
leaf_weight=2079 56 46 123 50 56 92 70 74 56 44 700 45 52 161 768 55 76 47 438 68 47 49 326 66 124 70 62 40 69 1253 99 94 45 236 74 8735 54 62 51 48 2236 257 207 72 90 68 78 108 58 40 62 133 261 739 46 40 546 59 193 4475 1726 4467
leaf_count=2079 56 46 123 50 56 92 70 74 56 44 700 45 52 161 768 55 76 47 438 68 47 49 326 66 124 70 62 40 69 1253 99 94 45 236 74 8735 54 62 51 48 2236 257 207 72 90 68 78 108 58 40 62 133 261 739 46 40 546 59 193 4475 1726 4467
internal_value=-0.000452449 -0.000378881 -3.02064e-05 -6.52656e-05 0.00485981 -0.000109463 0.00257716 0.00497512 0.00212598 -0.000605874 -0.00221591 0.00266304 -0.000534077 0.000823275 0.00156156 0.004329 0.00639204 0.00915322 -0.000628839 0.000160333 0.00155627 0.00793814 0.0010818 0.00259483 0.00440244 0.00321038 0.00535124 0.00752778 0.00413636 -0.00117667 0.00183098 -0.00186336 -0.000827587 -0.000120161 0.0013948 -0.000793554 -0.0002651 0.00425595 0.00825472 -0.000422522 -4.35623e-05 0.00112735 0.00192735 -0.000875001 0.00280583 0.00511509 0.00693141 0.00946524 0.000998003 0.00435028 0.00135922 0.000198674 0.00157812 -0.0015867 0.000695651 -0.0001845 -0.00165674 0.000462045 -0.000918805 -6.96973e-05 0.000289865 0.000199385
internal_weight=32721 30642 12083 12027 106 11921 323 200 126 18559 791 91 17768 1159 998 230 175 123 16609 2868 1403 96 1307 569 409 365 241 179 109 1465 212 160 144 738 412 13741 5006 167 105 4839 3662 1426 1169 279 890 390 276 186 500 176 102 452 319 1177 114 11598 838 292 233 10760 6285 6193
internal_count=32721 30642 12083 12027 106 11921 323 200 126 18559 791 91 17768 1159 998 230 175 123 16609 2868 1403 96 1307 569 409 365 241 179 109 1465 212 160 144 738 412 13741 5006 167 105 4839 3662 1426 1169 279 890 390 276 186 500 176 102 452 319 1177 114 11598 838 292 233 10760 6285 6193
cat_boundaries=0 1 2 3 4 5 6 7 8
cat_threshold=369 3858 3 418 3116 403 2250 5461
is_linear=0
shrinkage=0.05


Tree=101
num_leaves=63
num_cat=12
split_feature=9 23 25 21 25 15 23 27 8 2 16 12 3 19 17 13 39 34 27 37 35 27 2 2 4 42 3 22 39 9 25 13 19 9 39 13 22 18 39 3 21 31 27 19 39 20 23 9 9 24 31 27 25 39 3 2 33 31 39 42 9 7
split_gain=0.929585 0.807858 1.13429 1.25333 1.31234 1.46322 1.49151 0.859555 1.12863 1.76539 0.954723 1.16606 0.889414 1.25467 1.14283 1.38162 0.876541 0.997918 0.797623 1.061 1.47722 1.80243 2.02739 2.2027 1.49939 1.05501 1.68495 2.38679 1.49602 1.30933 1.56876 1.83815 1.33632 1.56908 1.21166 1.70874 1.42815 1.11933 1.07588 1.78413 1.00533 0.962526 0.93866 1.30362 0.930809 1.00359 1.39139 0.856236 1.03385 0.845209 0.818419 0.970769 1.98702 1.42852 1.72309 1.54894 1.41025 1.62973 1.24725 1.30654 0.958401 0.854853
threshold=0.0257826060014603 0.23640471711330815 0 9456.2500000000018 1 0.24489849360857943 0.73810653110817903 31.500000000000004 0.067057130831564726 0.0069207187065671869 0.98082925301172652 35.500000000000007 0.10179762109975334 0.0047803283776526083 0.50490269541984933 0.69338616532923114 2 1.0000000180025095e-35 11.500000000000002 16.500000000000004 0.027384330422263091 58.500000000000007 0.047593356567479546 -0.10435501534124246 -0.12516314295400607 0.93798076923076934 -0.11778303565638336 -0.33840338039978812 3 0.21039976718447317 4 1.1992507387220812 0.02286674046904676 0.14670389068176792 5 0.76470847751628346 -0.13573130273371761 0.48309551890032315 6 0.36179129460457876 1449.1650000000002 268.55000000000007 3.5000000000000004 -0.092207197813093777 7 0.038242334570300879 -0.71760896327869561 0.13879159605853372 0.23337244026790702 8 0.65000000000000024 31.500000000000004 9 10 0.2318016140573245 0.16762185371973762 32.464285714285722 0.15000000000000005 11 0.99230769230769245 0.27409486937297683 6.5599237058110091
decision_type=8 10 1 10 1 2 10 2 8 2 2 2 2 2 2 2 1 2 2 8 2 2 2 2 2 2 2 10 1 10 1 2 2 10 1 2 10 10 1 2 8 2 2 2 1 8 10 8 10 1 2 2 1 1 2 2 2 2 1 2 10 2
left_child=-1 18 3 7 -5 6 -6 8 9 -3 12 -12 -10 -14 15 -15 17 -9 25 -20 50 22 23 -22 -25 26 27 41 -28 30 31 32 42 37 35 -29 -36 -34 39 40 -27 44 -30 -44 45 -2 -47 -42 -49 -40 51 58 53 -53 55 56 57 -55 59 60 -21 -52
right_child=1 2 -4 4 5 -7 -8 16 10 -11 11 -13 13 14 -16 -17 -18 -19 19 20 21 -23 -24 24 -26 38 28 34 29 -31 -32 -33 33 -35 36 -37 -38 -39 49 -41 47 -43 43 -45 -46 46 -48 48 -50 -51 61 52 -54 54 -56 -57 -58 -59 -60 -61 -62 -63
leaf_value=-0.0014258346113311983 0.00023543217385274559 0.0033031725508448928 -0.00081277086127480916 -0.001446053879136917 0.0029877232434483442 0.0064506206206941877 -0.0028327393068211435 -3.9779137424841648e-05 -0.00068813934033597982 -0.00063644480829806998 0.0021555656204543228 4.9647985015489199e-05 -0.00032675777682006178 0.00020378933083437155 -0.0007967370445158237 0.0058136649328180889 -0.00081455010992136133 0.0040274057577854017 -0.0021249540569863302 -0.00077065597234955512 -0.00035564819309606086 -0.0030964368095054936 -0.00025074669322805763 0.0036266641829811488 0.00074703402778668153 -0.00087061164739126644 -0.0010295725581421955 0.0029430933417903707 -0.0010120605974952551 -0.00050482644364694827 -1.0682387175967557e-05 0.0070172386184183255 0.0040881238224293459 0.00081353714997607282 0.0057117749022525107 -0.0031927750770148278 0.0038008187017287993 0.0016968373273634732 0.00025231585289218301 0.0081941219101549587 0.0021247990044643904 0.0070465845049609817 0.0047166718171884336 0.00047693097823976066 -0.00032112349457147918 0.0071937099387502888 0.0001926159740824031 -0.0013088651614858015 0.0050032916157605779 -0.00042528423224086527 0.0010865632952706311 -0.0005713581885009219 -0.00099093999466821295 0.0045921314436812881 -0.0023324075485436795 0.0084809086490169171 0.00030196345255272667 0.00042316093600755814 -0.0027609494850420243 0.0028857065894381689 0.0043716561345747886 -8.6524213413613821e-05
leaf_weight=402 149 72 3280 105 54 40 42 632 579 58 49 69 239 62 42 68 1208 43 283 352 45 65 86 58 46 199 437 43 98 611 423 45 40 74 44 57 78 58 506 65 67 45 40 159 269 51 40 106 70 2173 508 335 862 44 82 68 306 55 945 77 47 15472
leaf_count=402 149 72 3280 105 54 40 42 632 579 58 49 69 239 62 42 68 1208 43 283 352 45 65 86 58 46 199 437 43 98 611 423 45 40 74 44 57 78 58 506 65 67 45 40 159 269 51 40 106 70 2173 508 335 862 44 82 68 306 55 945 77 47 15472
internal_value=-0.000367729 -0.000337964 -0.000829446 -0.000180849 0.00328512 0.0062585 0.00329897 -0.000450033 0.000573042 0.00496183 5.41016e-05 0.00428571 -0.000454088 0.00132281 0.00456647 0.00687023 -0.00112261 0.000327987 -0.000210833 -0.000363785 -0.000319473 0.00315614 0.00519068 0.0087 0.0126667 0.000296737 0.00101195 0.00298584 0.000239173 0.000968568 0.00214819 0.0039619 0.00309574 0.00658959 0.00735426 0.00225225 0.0104511 0.0107071 -0.000323189 0.00176641 0.000654626 0.00122522 0.00105705 0.003025 0.000598038 0.00278884 0.00701087 0.00280738 0.000960451 -0.00072305 -0.000374074 -0.00110744 -0.000319454 0.00133185 0.00287102 0.00408228 0.00289409 0.00805 -0.00207806 4.10666e-05 -0.0011125 -0.000228397
internal_weight=32727 32325 6642 3362 241 136 96 3121 1238 130 1108 118 990 411 172 130 1883 675 25683 19736 19453 300 235 149 104 5947 2761 776 1985 1548 937 514 469 172 222 100 122 98 3186 507 442 554 297 199 509 240 91 243 176 2679 19153 3173 1752 890 555 473 405 99 1421 476 399 15980
internal_count=32727 32325 6642 3362 241 136 96 3121 1238 130 1108 118 990 411 172 130 1883 675 25683 19736 19453 300 235 149 104 5947 2761 776 1985 1548 937 514 469 172 222 100 122 98 3186 507 442 554 297 199 509 240 91 243 176 2679 19153 3173 1752 890 555 473 405 99 1421 476 399 15980
cat_boundaries=0 1 2 3 4 5 6 7 8 9 10 11 12
cat_threshold=2680 528 1808 25 1380 7188 2096 1083 2 26 2673 645
is_linear=0
shrinkage=0.05


Tree=102
num_leaves=63
num_cat=6
split_feature=9 35 35 25 1 33 37 35 23 6 23 7 10 25 39 16 8 6 39 3 9 26 22 27 2 11 11 13 17 5 3 11 12 3 26 17 14 27 21 27 14 26 39 9 39 33 15 21 17 17 1 13 2 9 17 31 19 17 9 13 27 33
split_gain=1.02385 0.960381 1.23456 2.0641 1.82372 1.90159 1.78921 1.60207 1.40856 1.21497 1.15745 1.13773 1.01587 1.24012 1.08799 1.04188 1.26205 1.00924 1.6194 1.26377 1.07861 1.03079 1.56281 1.27658 1.54444 1.38738 1.13948 1.08915 1.01416 0.993275 1.21357 0.982485 2.15538 1.7644 1.51736 1.14212 1.12569 1.11481 1.30913 1.64512 1.23755 1.12958 1.11753 1.09475 1.07007 2.25824 2.63263 1.05798 1.0215 1.29252 1.06326 0.978866 1.44424 0.968281 0.947516 1.83972 1.00228 0.932156 0.931763 1.1255 0.929776 1.18613
threshold=0.0257826060014603 0.61023414391008635 0.0014768500578342468 0 -0.043413313762572063 30.292857142857141 37.500000000000007 3.4271418791838719e-07 -0.43777693661845068 7.0304549951684914 0.28092990466691786 6.7217636430196466 0.033015907102233129 1 2 -0.20911442075746153 0.074459492585081943 8.6788298311941556 3 0.58778666490212006 0.54188155782379599 2.5000000000000004 0.068858614046547292 59.500000000000007 0.30010509245058886 14.500000000000002 87.500000000000014 0.69696984848484866 0.15363517021536557 5.1991450204564975 -0.082238098236972132 80.500000000000014 85.500000000000014 0.083381608939050902 50.500000000000007 -0.074001896971283218 -0.20972053098206941 43.500000000000007 10262.500000000002 46.500000000000007 -0.17154547782614046 14.500000000000002 4 0.063162595168263211 5 31.778571428571436 -0.22314355131421001 16650.000000000004 -0.13623362268383662 -0.04054887995193051 0.036832168800115202 0.91125175808720116 -0.19342155615202425 0.10158086405796482 0.088038271555107364 280.60000000000008 -0.056029072194392356 -0.20986705962223037 0.21761184556784716 0.23363438591864991 11.500000000000002 30.157142857142862
decision_type=8 2 2 1 2 2 10 2 8 2 8 2 2 1 1 2 8 2 1 2 10 2 8 2 2 2 2 2 2 2 2 2 2 2 2 2 2 2 8 2 2 2 1 10 1 2 2 10 2 2 2 2 2 10 2 2 2 2 10 2 2 2
left_child=-1 2 7 4 5 -4 -6 12 -5 -10 -8 -9 29 17 15 -15 -17 18 19 21 60 22 -14 26 25 27 -23 -25 -27 30 -2 33 48 35 43 36 -31 40 39 -39 -38 -40 57 -35 45 -42 -47 58 -33 50 53 -16 -53 -50 -45 56 -56 -43 -37 -60 61 -20
right_child=1 -3 3 8 6 -7 10 11 9 -11 -12 -13 13 14 51 16 -18 -19 20 -21 -22 23 -24 24 -26 28 -28 -29 -30 31 -32 32 -34 34 -36 47 37 38 41 -41 44 42 -44 54 -46 46 -48 -49 49 -51 -52 52 -54 -55 55 -57 -58 -59 59 -61 -62 -63
leaf_value=-0.0013780249977392608 0.050342903408637146 -0.0019833134896524748 0.0015835436347219709 0.0018021846352108139 -0.00034243955854102093 0.0035894524845526223 0.00072240617500448213 0.00062437546371097233 0.0021399701196112043 -0.0012201960489461416 0.0027657852531957198 -0.0034855109052307309 0.0083945805468281752 -0.000779986811354977 -0.0011209971250313363 0.0021620636497696392 -6.0254720642137411e-05 -0.0011974599612146301 -0.00010478299230305135 -0.0015242257472892675 -0.0037555991460595226 8.3075009362422255e-05 -0.0002335898167728035 0.00029077804783630344 0.0032703205355410804 -0.00050173479967548945 0.0045778199927372087 0.0078379762758117762 0.0027432951704708121 -0.00015573748845293197 -0.0083063147295281119 -0.00022511223630444465 0.0011218753595199167 0.0018687333919854153 0.0022464041050981182 -0.0004454824972063955 0.0050458310049284116 0.0088563102605249376 0.0029900853405410428 -3.0614148952073883e-05 -0.00018658681114973357 0.0038423228613986104 2.7300122483432318e-07 -0.00021408250745948368 -0.00081747974882368012 2.3674600851594029e-05 0.0052590451145657462 0.001328127554977739 0.0015057665485174458 0.00020726787394834885 0.0029103734127464069 0.0051601297078708768 -0.00054585637755224766 -5.1402167996563939e-05 0.0037048387683128975 0.0094269202404531297 0.00015407175852842571 0.0037406476515410934 0.0064903275132826427 -5.5016758032581038e-05 -0.0002699169442910409 0.0027744216297195517
leaf_weight=378 53 320 56 41 169 43 69 48 42 473 59 294 41 740 3450 231 1327 938 573 191 187 879 44 57 40 109 55 46 63 2421 42 971 64 43 55 5692 45 42 41 386 304 61 115 759 628 79 77 96 46 1635 44 62 1141 104 55 66 514 46 42 2423 3261 383
leaf_count=378 53 320 56 41 169 43 69 48 42 473 59 294 41 740 3450 231 1327 938 573 191 187 879 44 57 40 109 55 46 63 2421 42 971 64 43 55 5692 45 42 41 386 304 61 115 759 628 79 77 96 46 1635 44 62 1141 104 55 66 514 46 42 2423 3261 383
internal_value=-0.000424146 -0.000393893 -0.000366635 0.00140608 0.00410319 0.01005 0.00223154 -0.000420927 -0.000582012 -0.00130814 0.00666667 -0.00381924 -0.000383029 -0.00070121 -0.00117136 -0.000277177 0.000455419 -0.000223177 1.77054e-05 0.00141601 -0.000468857 0.00197004 0.00726744 0.001604 0.00435126 0.00298913 0.000673796 0.00754808 0.000231213 -0.0001236 0.00494792 -0.000152478 0.000691098 -0.00032521 0.0012994 -0.000519243 0.000147196 0.00108493 0.00266618 0.00095571 0.000119046 0.0054356 0.00399103 0.000984004 -0.000220387 0.00159236 0.00649681 -0.000862007 0.00048197 0.00117759 0.00502564 -0.00161128 -0.000386214 0.00298013 0.00073835 0.00216195 0.00123684 0.00733051 -0.000923634 -0.000111518 -0.000304648 0.00106583
internal_weight=32759 32381 32061 952 396 99 297 31109 556 515 128 342 30767 13818 6951 2298 1558 6867 5929 1525 4404 1334 85 1249 315 275 934 103 172 16949 95 16854 2864 13990 1492 12498 4245 1824 691 428 1133 263 222 1437 1088 460 156 8253 2800 1829 194 4653 1203 150 1394 635 569 107 8157 2465 4217 956
internal_count=32759 32381 32061 952 396 99 297 31109 556 515 128 342 30767 13818 6951 2298 1558 6867 5929 1525 4404 1334 85 1249 315 275 934 103 172 16949 95 16854 2864 13990 1492 12498 4245 1824 691 428 1133 263 222 1437 1088 460 156 8253 2800 1829 194 4653 1203 150 1394 635 569 107 8157 2465 4217 956
cat_boundaries=0 1 2 3 4 5 6
cat_threshold=682 2347 2722 1049 5131 812
is_linear=0
shrinkage=0.05


Tree=103
num_leaves=63
num_cat=0
split_feature=1 10 43 8 13 7 27 33 21 3 12 22 0 37 37 31 10 13 4 16 21 17 15 14 20 17 35 20 9 23 16 20 41 40 10 13 4 4 20 12 8 16 33 7 13 27 8 7 30 0 20 7 15 20 3 13 17 8 21 31 18 13
split_gain=1.26134 1.11894 1.00131 1.079 1.36948 2.04 1.08074 1.59601 1.58125 1.66523 1.4288 1.27442 1.23486 1.04619 1.03799 1.10471 1.83587 1.10389 1.09608 1.13513 1.20442 1.00256 2.37559 1.17165 0.975409 0.933913 0.907195 0.902597 0.893855 0.79264 0.780177 0.763052 0.744816 0.725778 0.722023 0.72258 1.1227 0.984076 0.824112 0.781271 0.71473 0.711911 0.699632 0.660247 0.658174 0.652044 0.649623 0.649395 0.644601 0.635974 0.826479 0.756253 0.9547 0.778165 1.07347 0.728998 0.697101 1.58824 0.966585 0.777367 0.751171 0.727856
threshold=0.45516475404233653 0.38038659925277779 1.0000000180025095e-35 1.0000000180025095e-35 0.51648434971713364 7.7836148127829139 4.5000000000000009 35.921428571428585 1285.5000000000002 0.13353139262452232 82.500000000000014 0.17518201702106698 -0.072293429205773294 58.500000000000007 36.500000000000007 50.650000000000013 0.10091723244457775 0.56730918365830896 -0.047742396574105055 0.10015952153727727 4476.2250000000013 0.4896020982115919 0.51082562376599072 0.229644879060972 0.12588732830288277 0.87708329462884194 0.004745592917922997 -0.095952346944597769 0.61615697988232221 1.2043322904493017 0.2653297605472687 -0.061143846711045446 12.405458089668619 1.5000000000000002 0.080930952829768824 0.95638191510389337 -0.43078291609245362 -0.15415067982725758 0.013339327008449068 60.500000000000007 0.19151239552444935 0.095310179804324893 24.257142857142863 7.4398563622014349 0.80000029999985012 34.500000000000007 0.062005947544853994 8.0352517785010971 178.10000000000005 0.031748698314580277 0.39213880189890832 6.4968276677842605 -0.70459159191308685 0.020037027224119656 0.14326610469778792 0.14285790816189872 -1.4335314030871291 0.099798376386598039 1699.5000000000002 37.150000000000006 -2.1175397017233171 0.15797402006038194
decision_type=2 2 2 8 2 2 2 2 10 2 2 8 2 8 10 2 2 2 2 2 10 2 2 2 10 2 2 10 10 8 2 10 2 2 2 2 2 2 10 2 10 2 2 2 2 2 8 2 2 2 8 2 2 10 2 2 2 8 10 2 10 2
left_child=2 24 3 4 5 -1 7 8 9 11 31 12 -5 -8 15 16 18 -18 19 20 -10 23 -23 27 40 26 42 -13 -27 -4 -11 -9 45 -31 35 36 -17 -38 39 47 -2 -25 -15 -36 -26 -6 -29 -39 49 50 55 52 -51 54 -54 -44 57 58 -57 -59 -58 -62
right_child=1 -3 29 6 32 -7 13 10 14 30 -12 21 -14 25 -16 34 17 -19 -20 -21 -22 22 -24 41 44 28 -28 46 -30 33 -32 -33 -34 -35 43 -37 37 38 -40 -41 -42 -43 48 -45 -46 -47 -48 -49 -50 51 -52 -53 53 -55 -56 56 60 59 -60 -61 61 -63
leaf_value=0.0015473646756362575 0.0037721524448386177 -0.004328620797618133 -0.00084591298265737809 0.010199031494898585 -0.00062634335814302762 -0.0010685792777437282 -0.00061788479987235452 0.00099563212949266614 0.0016427419538167936 -0.00067903372495215701 0.0020061236145301848 0.0054809798587624131 0.0023860942880395198 0.0034219192499699864 0.0018926961626290187 0.0036934691286181921 0.00020042517027823211 0.0050346305751610967 -0.00096009767798121081 -0.00094304471413228161 0.0069644558134902869 0.0060826847836306271 -0.0014094782783051999 0.0025256182836358269 0.0077662840213007971 -0.00089933639693235692 0.0020601421583459714 0.000389113168012349 0.019325785469394473 0.00034496981245443021 0.0011492878707671979 -0.001996144283513088 -0.0015374115940383086 0.0024081601101499034 0.00038605437129242496 -0.0011062506828890823 -0.0030351075327278067 0.0001457227951597988 -0.0002103350079100111 -3.1388946576395281e-05 -0.0016430926028814274 0.00088064702087171974 -0.00076850457544627498 -0.0029323206677073035 -0.0001265944918266157 0.0049882635144648385 -0.00044507559406752392 0.0026161955420168719 0.0050275260367242756 -0.0031877345974330538 -0.003380253555461934 -0.00031017836723009381 0.0066207586720722763 0.005668550133502143 -0.00098855695477957834 0.00098395134926496791 -0.00076176658378780313 0.00096126136032118081 0.0030244409488381719 -0.00097984344196186423 0.00078518904606158027 -2.8879167722675544e-05
leaf_weight=48 40 596 43 47 82 101 1517 60 95 211 42 43 69 80 43 50 48 71 160 79 44 49 40 53 51 1720 47 77 49 42 81 414 491 42 58 157 96 74 109 102 576 42 236 290 83 45 272 40 61 51 143 8491 67 54 68 78 350 198 58 152 50 14117
leaf_count=48 40 596 43 47 82 101 1517 60 95 211 42 43 69 80 43 50 48 71 160 79 44 49 40 53 51 1720 47 77 49 42 81 414 491 42 58 157 96 74 109 102 576 42 236 290 83 45 272 40 61 51 143 8491 67 54 68 78 350 198 58 152 50 14117
internal_value=-0.000454118 -0.00195249 -0.000390026 -0.000408021 -0.00225912 0.00203333 -0.000361555 0.000536956 0.00105957 0.00261929 -0.00199226 0.00395382 0.00871795 -0.000459803 4.61425e-05 -0.000179784 0.00173695 0.007125 2.6384e-05 0.00232877 0.00503571 0.00298093 0.00783333 0.00207992 -0.00066578 -0.000385487 -0.000304709 0.000865139 -0.00149435 0.00402344 -0.000546076 -0.00277895 -0.00329564 0.00682353 -0.0011566 -0.000143085 0.000836863 -1.18495e-05 0.00130368 0.00308756 -0.00150729 0.00703125 -0.000318286 -0.00297994 0.00318518 0.000117186 1.42845e-05 0.00591304 -0.000333817 -0.000346895 -0.000153417 -0.000687702 0.00207469 0.00371053 0.00165441 -0.000117783 -7.43147e-05 0.00178645 0.00635036 -1.1887e-09 -0.000136728 -8.01113e-05
internal_weight=32843 1346 31497 31370 767 149 30603 3016 2500 984 516 692 116 27587 1516 1473 497 119 378 218 139 576 89 487 750 26070 24301 392 1769 127 292 474 618 84 976 628 471 421 325 216 616 95 24254 348 134 127 349 114 24174 24113 15382 8731 240 189 135 15239 15003 486 136 350 14517 14167
internal_count=32843 1346 31497 31370 767 149 30603 3016 2500 984 516 692 116 27587 1516 1473 497 119 378 218 139 576 89 487 750 26070 24301 392 1769 127 292 474 618 84 976 628 471 421 325 216 616 95 24254 348 134 127 349 114 24174 24113 15382 8731 240 189 135 15239 15003 486 136 350 14517 14167
is_linear=0
shrinkage=0.05


Tree=104
num_leaves=63
num_cat=8
split_feature=3 17 14 42 7 13 18 22 33 39 30 41 39 25 10 10 22 6 10 17 2 44 44 21 33 21 33 13 26 10 23 25 21 39 3 23 30 25 5 19 13 18 22 23 22 25 2 23 39 8 22 33 22 19 8 1 14 8 18 23 12 12
split_gain=1.01034 1.01907 1.43604 1.82225 1.56172 1.37009 1.95873 1.33385 1.27259 1.31475 1.72151 1.38088 1.2623 1.25932 1.61986 1.24443 1.45369 1.20165 1.19173 1.18902 1.37928 1.17065 2.11915 1.11714 1.59599 1.75597 1.47565 1.30256 1.46408 1.36301 1.10991 1.04122 1.62631 1.0347 1.46591 1.47696 1.26265 1.11884 1.1042 1.12649 1.18467 1.15229 1.37316 1.07248 1.01027 1.00019 0.968193 0.966695 1.03862 0.981713 1.02127 0.909226 0.893001 1.15269 0.868857 0.868746 1.00481 1.05758 1.17553 0.974049 0.944306 0.855086
threshold=0.58778666490212006 0.34022965472962424 -0.1053605156578263 0.68377192982456159 8.216608324632011 1.1666670833333337 -0.044886616761004049 0.265703786851404 37.964285714285722 0 3.0500000000000003 186.30915178571431 1 2 -0.090779918112212851 -0.032498178009932481 -0.039891272868526111 8.0501682273329127 -0.42084554211936126 0.66502430591508011 0.016167138872613233 0.29285714285714287 0.41428571428571431 3169.5000000000005 28.550000000000008 3802.3800000000006 31.907142857142862 0.36363667355385992 28.500000000000004 0.20110204400676016 -0.40546510810816444 3 2498.3350000000005 4 0.47660447271150513 -1.7424619874407206 19.350000000000005 5 7.8592387900617497 0.02066449700330086 1.898349436392915 0.75422474719740396 -0.24492952798404136 0.64242564152343451 -0.98722270184461125 6 -0.15183570498628415 0.2876820724517809 7 0.2247376732269302 0.65429583457440998 30.064285714285713 -0.18409848283787561 -0.0085833253407317667 0.091103440693281454 -0.0063279445517419033 -0.03222153208896205 0.26093666924564746 -0.35458583966113683 -0.11429074825886286 87.500000000000014 21.500000000000004
decision_type=2 2 2 2 2 2 8 10 2 1 2 2 1 1 2 2 8 2 2 2 2 2 2 8 2 8 2 2 2 2 8 1 8 1 2 10 2 1 2 2 2 8 10 8 8 1 2 10 1 8 8 2 10 2 8 2 2 8 10 8 2 2
left_child=1 2 3 21 5 17 30 13 33 11 -11 15 45 14 -8 16 -10 18 31 20 -17 -1 -23 -19 27 -26 -27 -25 -29 -30 -7 32 -4 37 36 -36 44 -3 43 41 -41 42 51 -39 -35 55 -20 48 -48 -50 -51 -40 53 -33 -28 59 -57 60 -59 -6 -58 -49
right_child=-2 8 4 -5 12 6 7 -9 9 10 -12 -13 -14 -15 -16 19 -18 23 46 -21 -22 22 -24 24 25 26 54 28 29 -31 -32 52 -34 34 35 -37 -38 38 39 40 -42 -43 -44 -45 -46 -47 47 61 49 50 -52 -53 -54 -55 -56 56 57 58 -60 -61 -62 -63
leaf_value=-0.0031581579261008314 -0.00080169758491868942 -0.0010118959344118626 0.023286441535899097 -0.00023692893591389913 -0.000145522133182678 0.0069205691301800071 8.1473855549937194e-05 0.0053376109534432892 0.0041449500764658889 -0.00091218443846244931 0.0022175595738875525 -0.0017416924103664116 -0.0013839786875003547 0.00067557973527604897 0.0035091702832738721 -0.0014966505374194661 0.0058620165858557539 -0.00018289024462708915 -0.0006574936397668661 -0.0014358529618435012 0.0053750600229173495 0.0053076558951043618 -6.306650340508393e-05 -0.00031112959791420062 0.0029645552388184275 -0.0018419715962885834 0.0046984961048811384 0.0055016943904283586 9.5498155763759434e-05 0.0029651280152207006 -0.00098312560579346645 0.0038296266668714236 0.0017881292150485042 0.0030907219174987084 0.0028472156171235065 -0.0002150297121061468 -8.7204955523528493e-05 0.0015359109994395243 0.0012436212949094359 -0.00050611803834165099 0.0038815335247189514 -0.00069270606476901965 0.0059598394621947822 0.0081837126739781729 -0.0011700285984079589 -0.00045248994700272481 -0.00086339015143408512 -0.0016289596603771836 0.00030146550048639457 0.00037542709770026374 -0.0022736308461568304 -0.0043324623713270607 -0.0025369050202354738 -0.00047806494265422486 0.00058318621289492247 0.0031831309558299696 -0.00097229874520472857 -0.0018235306625018816 0.0041592132380054341 0.0023209469304433599 0.00085954815935158262 -8.6729162723461986e-05
leaf_weight=43 1269 814 45 9746 138 84 49 59 61 404 62 44 1097 538 72 43 42 241 1113 103 78 48 40 45 120 290 48 69 91 52 314 40 62 57 46 74 1885 74 61 672 100 128 81 63 3539 1197 625 247 3438 562 369 44 50 71 90 45 555 51 69 364 56 628
leaf_count=43 1269 814 45 9746 138 84 49 59 61 404 62 44 1097 538 72 43 42 241 1113 103 78 48 40 45 120 290 48 69 91 52 314 40 62 57 46 74 1885 74 61 672 100 128 81 63 3539 1197 625 247 3438 562 369 44 50 71 90 45 555 51 69 364 56 628
internal_value=-0.000345796 -0.000289755 -0.000116133 -0.000570461 0.000229494 0.000567299 0.00221128 0.00376912 -0.000758024 0.00109188 -0.000691825 0.00325916 -0.000660511 0.00311364 0.00753788 0.00446646 0.00899038 0.000345907 0.000117224 0.00235555 0.00569672 0.00526515 0.00853932 0.00192932 0.00282258 0.00129326 -0.000209791 0.00606589 0.00769953 0.00475694 -0.000601505 0.0033829 0.00690678 -0.00096086 -0.00131059 0.00413223 -0.00143287 7.32303e-06 0.000960291 0.000432382 -0.000595085 0.00295238 0.00545454 0.00518116 -0.00198221 -3.01701e-05 -8.59349e-06 0.000247869 0.000516515 0.000788812 -0.000649143 0.00165094 0.000552324 0.00308036 0.00402878 0.000938711 -0.000102961 -0.00055328 0.00371901 0.00256461 -0.00139706 -0.00128425
internal_weight=32605 31336 22861 9877 12984 9412 1116 718 8475 837 466 371 3572 659 121 327 103 8296 7250 224 121 131 88 1046 805 548 428 257 212 143 398 268 107 7638 5601 120 5481 2037 1223 1086 772 314 186 137 3596 2475 6982 5869 4994 4369 931 105 161 111 138 1278 776 731 120 502 611 875
internal_count=32605 31336 22861 9877 12984 9412 1116 718 8475 837 466 371 3572 659 121 327 103 8296 7250 224 121 131 88 1046 805 548 428 257 212 143 398 268 107 7638 5601 120 5481 2037 1223 1086 772 314 186 137 3596 2475 6982 5869 4994 4369 931 105 161 111 138 1278 776 731 120 502 611 875
cat_boundaries=0 1 2 3 4 5 6 7 8
cat_threshold=2221 121 2561 828 568 856 461 177
is_linear=0
shrinkage=0.05


Tree=105
num_leaves=63
num_cat=4
split_feature=41 41 9 30 9 25 3 22 9 33 9 6 7 4 5 8 9 41 9 9 16 19 21 36 14 4 24 36 19 23 3 25 11 11 33 33 19 14 3 37 11 4 8 2 2 31 14 2 26 31 14 13 41 41 16 20 8 27 30 8 14 25
split_gain=0.872881 1.51986 1.51422 1.4663 1.18106 0.961016 1.00744 0.909601 0.914654 2.26236 0.904873 1.92103 1.70388 1.02292 0.89277 1.01715 2.17916 0.960191 1.03574 1.21943 0.947948 1.04721 0.867118 0.846412 0.82393 0.978577 0.890354 0.87324 0.811574 0.78295 0.839402 1.15709 0.972512 1.40199 1.6622 1.69001 1.15599 0.993796 0.829292 1.66205 1.16168 1.61019 2.08113 1.79828 2.72051 1.29352 1.01586 1.68953 1.33432 2.5938 1.00012 1.34174 0.930342 1.39011 0.918351 2.54919 1.40362 0.90477 0.865761 0.923955 0.863312 0.861946
threshold=4.5042134023583555 5.5295496323529418 0.035256407133271994 82.300000000000026 0.0257826060014603 0 0.27871340246902016 0.3936998594030674 0.088458118316615361 30.93571428571429 0.162923151698559 8.1553821885017559 7.6538502584584602 0.021506205220963807 7.5260958950865016 0.054459948591310481 0.10494753987559154 1.7360681114551086 0.17275595793802254 0.27409486937297683 -0.075350990380846902 0.04464863776591467 900.1450000000001 1.6683535161047203 -0.3741201136179248 1.5410939703049495 1 0.031484534452332513 -0.64389928375795058 0.10295693366520321 0.20773625461480452 2 75.500000000000014 47.500000000000007 32.221428571428582 35.407142857142865 -0.034605171607021874 0.087110912019179323 0.024265991860768391 66.500000000000014 79.500000000000014 -0.054066563375105396 0.1668651856748708 -0.1650802938374136 -0.082238098236972132 1.7500000000000004 0.099092620718544758 0.059910733427556824 12.500000000000002 1.3500000000000003 -0.15874838907588737 0.53963551696921874 182.61274412446213 582.89563492063519 -0.23631204975900763 -0.015278927780754147 0.086886694828884614 11.500000000000002 8.5500000000000025 0.066034582029296976 -0.30160124984322673 3
decision_type=2 2 10 2 10 1 2 10 10 2 8 2 2 2 2 8 10 2 10 10 2 2 8 2 2 2 1 2 2 10 2 1 2 2 2 2 2 2 2 8 2 2 10 2 2 2 2 2 2 2 2 2 2 2 2 10 8 2 2 10 2 1
left_child=2 3 -1 10 -3 14 -7 23 9 -9 11 12 -2 -13 20 16 -16 18 -17 -20 -4 -22 -12 24 28 26 27 29 -6 30 38 32 33 34 -32 -36 -35 -38 40 -40 50 42 43 -42 -45 -46 47 48 -41 -50 51 -26 57 -54 55 -53 -56 -51 -59 -60 -49 -48
right_child=1 4 5 -5 7 6 -8 8 -10 -11 22 13 -14 -15 15 17 -18 -19 19 -21 21 -23 -24 -25 25 -27 -28 -29 -30 -31 31 -33 -34 36 35 -37 37 -39 39 46 41 -43 -44 44 45 -47 61 60 49 52 -52 54 53 -55 56 -57 -58 58 59 -61 -62 -63
leaf_value=0.0011726296748530423 -0.00024459053770509029 -0.0012011347131644988 -0.00023572914189687796 0.0040589451267331782 0.0044981172475916055 -0.00053223476627179312 -0.0033587719016064097 -0.00093072451229959268 -0.0010090328680613431 0.0038942486659509835 0.0029827625080629297 0.001134889133756358 0.0070901135934798715 -0.0013864204280788501 -0.0010081291667659433 -0.00013927219834704586 0.0035519209642144488 -0.00079393406253797723 0.0043162903441852215 -0.0002186775007653165 0.007750615184355672 0.00075959052681237702 -0.00014071391496284493 -0.0024772452879378588 -0.0010002491641636917 0.0049034553572912783 -0.00019373920433586299 -0.00065398003331791751 -0.00037281378061742481 -0.0001956807131849799 -0.00076613589983381329 -0.0016951816798196073 -0.0010699054501135106 -0.00014808401421943779 0.0082190760532477626 0.00046080090089945002 0.0041702598426320804 0.0014718887930702548 0.0020714478016498707 -0.00023490403829461021 0.00074752235559667638 -7.5846667626811872e-05 -0.00015449185221318878 0.0065783371871976585 -0.0013999088979715665 0.003027545439130102 0.0028283877510958946 0.0016772305837605712 0.0049249425347400117 0.0038825741032327424 -9.7277951451779e-05 0.0056080389511150592 0.0037417641714791749 0.00078099199983862517 0.002971158656573959 0.0003708909216923833 -0.00015474945512241293 0.0016106910527486692 0.00025044878485078767 -0.0025179880158378446 -0.00016521240285248927 -0.00030891506608405635
leaf_weight=40 46 389 83 76 68 3555 568 132 1750 78 41 58 76 116 67 198 66 1318 63 60 67 67 754 118 111 63 7724 392 4740 2617 344 701 169 46 48 86 57 43 75 82 90 307 161 53 53 69 107 41 45 47 2923 43 45 66 70 76 180 72 41 87 401 674
leaf_count=40 46 389 83 76 68 3555 568 132 1750 78 41 58 76 116 67 198 66 1318 63 60 67 67 754 118 111 63 7724 392 4740 2617 344 701 169 46 48 86 57 43 75 82 90 307 161 53 53 69 107 41 45 47 2923 43 45 66 70 76 180 72 41 87 401 674
internal_value=-0.00050497 -0.000381023 -0.00104177 0.0013827 -0.000461841 -0.00110584 -0.00153967 -0.000419391 -0.00145334 0.00165877 0.000911171 0.00326599 0.00804878 -0.000114287 -0.000197501 -0.000569657 0.0036194 -0.000911587 0.00153727 0.00512097 0.0028211 0.00540741 3.14058e-05 -0.000331735 -0.000309976 -0.000156234 -0.000177992 0.000123645 -0.000892079 0.000214334 0.000476799 -0.000581941 0.000727611 0.001648 0.000334028 0.00503704 0.00591837 0.00891089 0.000744087 0.00164518 0.000355329 0.0021594 0.0041452 0.0068609 0.00980114 0.00560975 0.00132241 0.00244073 0.00447531 0.00565594 -3.3785e-05 0.002079 0.00420613 0.00799107 0.00352703 0.007125 0.00179283 0.00247984 0.000995024 -0.00147287 0.000203159 -6.39505e-06
internal_weight=32803 26651 6152 1167 25484 6112 4123 25095 1960 210 1091 296 122 174 1989 1772 133 1639 321 123 217 134 795 23135 23017 18209 18146 10422 4808 10030 7413 1494 793 624 478 134 146 100 5919 1783 4136 733 426 265 175 122 1708 927 485 403 3403 480 358 111 369 119 250 247 200 128 442 781
internal_count=32803 26651 6152 1167 25484 6112 4123 25095 1960 210 1091 296 122 174 1989 1772 133 1639 321 123 217 134 795 23135 23017 18209 18146 10422 4808 10030 7413 1494 793 624 478 134 146 100 5919 1783 4136 733 426 265 175 122 1708 927 485 403 3403 480 358 111 369 119 250 247 200 128 442 781
cat_boundaries=0 1 2 3 4
cat_threshold=2593 7 2408 2052
is_linear=0
shrinkage=0.05


Tree=106
num_leaves=63
num_cat=5
split_feature=0 24 3 36 36 31 9 7 19 25 13 2 11 38 7 15 15 10 13 30 31 2 30 20 9 23 23 25 35 6 23 5 5 23 19 13 30 5 7 35 30 30 9 30 38 13 11 9 33 8 17 9 21 33 23 2 2 30 19 20 13 23
split_gain=1.06597 1.0577 1.02239 0.856081 0.888901 2.69843 1.03351 0.937134 1.06851 1.01536 1.01869 1.00513 1.08762 1.05557 2.01288 1.41896 1.21816 1.63271 1.55275 1.90354 1.19244 1.15738 1.13433 1.06272 1.03988 1.01893 0.983547 0.887559 1.51174 0.886174 1.662 1.03069 0.891264 0.866214 0.83053 0.790976 0.787 0.885614 1.17361 0.783602 0.792828 1.19031 0.927945 1.34486 0.737167 1.15323 1.92052 2.58131 1.21295 1.33949 2.15218 1.0676 1.0481 1.38482 0.85164 1.14028 1.21384 1.09993 1.19469 1.04957 1.16924 1.04222
threshold=0.55961578793542299 0 -1.1449142493496989 0.031484534452332513 0.009482790849160502 207.25000000000003 0.051067671585053459 7.7440253999133821 0.074268625600906094 1 0.6600404701580519 0.12155073151438424 60.500000000000007 2 7.3224446541603312 -0.94893256002387349 -0.10008345855698268 -0.17470424975881024 1.146778184534625 3.4500000000000006 1.0500000000000003 0.031863771125697056 14.750000000000004 -0.08267718209982923 0.14257124578026362 0.31054995487244336 0.19261633166479111 3 0.055143694601639141 7.66462016252905 -0.43777693661845068 7.7378252759268191 7.82043345783456 -0.69314718055994529 0.037849751546526443 0.22222111111111112 80.050000000000026 7.0416782700384797 7.3552331121617209 0.14971659230463619 15.450000000000003 122.85000000000001 0.060691000881640686 1.0000000180025095e-35 4 1.1666670833333337 76.500000000000014 0.2022690347401577 34.050000000000011 0.21501941478956108 0.36449371851774665 0.25815284616819245 2377.5000000000005 30.092857142857149 0.020451979187120498 -1.0000000180025095e-35 -0.020493096842133515 88.65000000000002 -0.020548719460841539 0.027916982905780676 0.42857155102047817 -0.87241409241161383
decision_type=2 1 2 2 2 2 8 2 2 1 2 2 2 1 2 2 2 2 2 2 2 2 2 10 10 8 10 1 2 2 10 2 2 10 2 2 2 2 2 2 2 2 8 2 1 2 2 10 2 8 2 8 8 2 10 2 2 2 2 10 2 8
left_child=1 3 -3 4 6 -6 35 9 44 10 33 13 24 22 15 -15 25 -18 19 20 -19 -16 23 -12 -13 -17 -26 28 -5 39 32 34 -31 -8 -32 -1 37 -24 -39 40 42 -42 43 -11 52 54 48 -48 49 -47 -51 -50 53 -9 55 56 -46 59 -59 60 -57 -61
right_child=-2 2 -4 27 5 -7 7 8 -10 29 11 12 -14 14 21 16 17 18 -20 -21 -22 -23 36 -25 26 -27 -28 -29 -30 30 31 -33 -34 -35 -36 -37 -38 38 -40 -41 41 -43 -44 -45 45 46 47 -49 51 50 -52 -53 -54 -55 -56 57 -58 58 -60 61 -62 -63
leaf_value=6.9478502917156868e-05 -0.0027736038243562173 0.025858165449133958 -0.00026874138008629801 -0.00079851427603419437 -0.0021285230682739536 0.002437706260025214 -0.00082119333333628252 0.0057765224932842894 -0.00064001571130811719 0.0040406996550164621 0.015455306298717565 0.0028300823381998985 -0.0014076663192891725 0.0067905455474631593 -0.00029846584688910857 0.0029112876948736528 9.4271816215126228e-05 0.0053000922858973589 0.0068729723991402415 0.0054620507191413519 -0.0018893139470359368 0.0041662631796755304 0.014377835151709359 -0.0010723427519666844 -0.00047580507730644043 -0.0011232316607607501 0.0022137476298076308 -0.0013269409070313988 0.0011315301971410764 0.00057644785340823081 -0.00026737289390570921 -0.00037850158235129181 0.0043494381485882248 0.00016324929952049775 0.0025521094144941251 -0.0011183827350947472 -0.00059169713565502137 -0.0019356388157103115 0.0030937960356224219 -0.0037624989634494586 -0.00069916753782249487 0.0038901376472343235 -1.1114380723953076e-06 -0.00052093803034590827 0.00034424718079385471 -0.00089955520200183108 0.0063990389447996943 2.3306778794509754e-05 0.0073852447599367073 -0.00041433277991276816 0.0038288784778336225 0.00017971227689848768 -0.0008989377279463262 -0.0012258567225133772 -0.00044094730863193204 0.00028782193859206459 0.0032227342153341582 0.003318884083793112 -0.00015863848435295424 0.0025224423925373422 -0.0011524514825993148 0.00010123437446498117
leaf_weight=61 658 47 13290 96 65 54 398 46 1995 46 47 56 305 44 246 67 77 71 51 65 52 60 46 251 212 107 55 399 67 76 58 196 62 1116 41 511 49 61 42 89 1065 78 3234 55 1617 293 63 81 75 175 51 67 1217 58 1327 313 105 66 79 40 927 532
leaf_count=61 658 47 13290 96 65 54 398 46 1995 46 47 56 305 44 246 67 77 71 51 65 52 60 46 251 212 107 55 399 67 76 58 196 62 1116 41 511 49 61 42 89 1065 78 3234 55 1617 293 63 81 75 175 51 67 1217 58 1327 313 105 66 79 40 927 532
internal_value=-0.00042202 -0.00038126 -0.000721832 -0.000139913 -8.08888e-05 0.00420833 -0.000109199 -4.11803e-05 -0.000392749 0.000337303 0.000991687 0.00174555 9.53883e-05 0.00252057 0.00358402 0.00547663 0.00468432 0.00652997 0.0085625 0.00640212 0.00270161 0.000390878 0.000631163 -0.00130435 0.0021142 0.00131428 0.000802238 -0.00206039 0.00106322 -0.000119738 0.00203917 -8.44606e-05 0.00654676 1.98008e-05 0.00405 -0.00219895 0.00356784 0.00536667 0.00274038 -0.000325089 -0.000232196 -0.00136801 0.000157373 0.00485294 -0.000106548 0.00013655 0.00189206 0.00710345 0.000747733 -0.000375001 0.00251101 0.00482517 -0.00116742 0.00361905 -0.000145797 0.000245923 0.00118398 -0.000579674 0.00359589 -0.000915611 -0.00173248 0.000855147
internal_weight=32853 32195 13337 18858 18296 119 18177 17605 9127 8478 3478 1964 628 1336 840 534 490 316 239 188 123 306 496 298 323 174 267 562 163 5000 433 295 138 1514 99 572 198 149 103 4567 4478 1143 3335 101 7132 5811 805 144 661 519 226 142 1321 104 5006 3679 1722 1957 145 1812 1240 572
internal_count=32853 32195 13337 18858 18296 119 18177 17605 9127 8478 3478 1964 628 1336 840 534 490 316 239 188 123 306 496 298 323 174 267 562 163 5000 433 295 138 1514 99 572 198 149 103 4567 4478 1143 3335 101 7132 5811 805 144 661 519 226 142 1321 104 5006 3679 1722 1957 145 1812 1240 572
cat_boundaries=0 1 2 3 4 5
cat_threshold=7 842 4 544 4
is_linear=0
shrinkage=0.05


Tree=107
num_leaves=63
num_cat=3
split_feature=7 9 42 11 27 6 17 11 14 16 8 9 11 21 25 22 21 8 33 0 12 30 17 9 11 35 35 35 4 8 41 1 16 0 41 15 2 2 21 6 22 3 27 7 17 41 25 27 22 21 16 25 16 7 7 14 42 0 7 17 7 11
split_gain=1.28133 1.69364 0.908627 1.32393 1.49252 2.12928 2.45585 1.01425 1.008 1.46763 1.16665 1.34972 1.26177 0.953439 1.18591 1.0802 1.1402 1.35633 1.12902 0.956394 0.888906 0.841993 0.882136 0.796366 0.76098 0.741914 1.03495 2.19816 1.77308 2.67561 1.23186 0.932674 1.34579 0.922197 0.875386 0.868983 0.762202 1.40975 1.33998 0.889092 1.09036 1.38387 1.33403 1.09224 0.843226 0.809875 1.12047 1.15068 1.16227 1.10705 1.49148 1.2075 1.26984 1.60538 2.38765 1.20292 1.14751 1.08613 1.07839 1.00258 0.943231 0.920802
threshold=7.8562141432311643 0.0257826060014603 0.84764185703758299 3.5000000000000004 39.500000000000007 7.7107210251907308 0.10579990717417066 14.500000000000002 -0.28768207245178062 -1.0000000180025095e-35 0.070057776092199445 0.2829375865653363 62.500000000000007 3306.2500000000005 0 -0.71556746849096398 6132.5000000000009 0.297170337253643 30.421428571428574 0.37981596092063935 85.500000000000014 45.250000000000007 0.033648140886706319 0.76504914322537154 72.500000000000014 0.33358839033138693 0.003078370544146562 2.9765057257934168e-10 -0.11778303565638336 0.12299212290568096 5083.9953654661031 -0.021359298687279257 -0.021448697601140761 0.0089741620721666155 5706.0234451450206 0.023959746975726896 -0.041494179756750953 -0.1251629076598326 1249.7850000000001 7.6399988834572214 -0.13340265693842412 -0.35990107962748347 46.500000000000007 7.3647036598012763 0.45946497920204915 111.12586805555557 1 34.500000000000007 -0.12675148041396941 2595.8350000000005 -1.0032901441358022 2 -0.089948731708533 6.897621528837429 7.1613492535117773 -0.17724419330413752 0.96899038461538478 -0.082887659805767275 7.6816738456677935 0.29130203248716507 7.2329320444191358 49.500000000000007
decision_type=2 8 2 2 2 2 2 2 2 2 8 10 2 10 1 10 10 10 2 2 2 2 2 10 2 2 2 2 2 10 2 2 2 2 2 2 2 2 8 2 10 2 2 2 2 2 1 2 8 8 2 1 2 2 2 2 2 2 2 2 2 2
left_child=1 -1 3 -3 5 7 -7 -5 9 -9 12 -12 -10 19 -15 16 17 18 -16 23 -6 -17 -23 25 -13 26 27 34 29 35 31 32 -30 -32 36 -28 37 38 -4 40 44 -42 43 -43 -40 49 -47 -48 -49 50 -39 52 61 -54 -55 -51 58 -50 -57 -56 -59 -52
right_child=-2 2 13 4 20 6 -8 8 10 -11 11 24 -14 14 15 21 -18 -19 -20 -21 -22 22 -24 -25 -26 -27 28 -29 30 -31 33 -33 -34 -35 -36 -37 -38 45 39 -41 41 42 -44 -45 -46 46 47 48 57 55 51 -53 53 54 59 56 -58 60 -60 -61 -62 -63
leaf_value=-0.0011419451290251115 -0.00027308221627244224 -0.0010540903593591116 -0.00066619533932703746 0.0054937139215905173 -0.00061461164333941195 0.00030633341005530178 0.0052398343587555744 0.00017137508203197806 -0.00054392330622816205 0.0055208900470517398 -0.0015173403980054394 0.0153910407722927 0.0023831241252509571 -0.002685695376840803 0.0098367720773103393 2.3624498271931659e-05 -0.0011092326323544409 1.2197671742089767e-05 0.00051856217698993592 -0.0020407191341947637 0.00073308213061421511 0.0040081078559321779 -0.00035818773761519434 0.016479321620695101 -0.0049324524773590268 -0.0014446870847952785 0.0015669419582440857 -0.0015509747475530578 0.0022577170716182975 -0.00063936452558195742 0.0017086433625434416 -0.00071921560040216401 -0.00053664864087689368 0.00015106813848226897 0.0027729594594704966 0.0031308175372333868 -0.00015124645385911106 0.0069639700408117766 0.00059961165199103744 -0.00063973285231927425 0.0048584368883523854 0.0030407127176203578 -0.0010203142331860421 0.00024736317057788635 -0.00084094704887047829 -0.0005841867070178105 -0.00031546355619531944 -0.0023715646394450365 0.0048193656460723336 -0.00050435157924572701 0.00020563415786855853 -0.00030973625745029228 -0.0010845358191241467 0.0041278313124115673 0.0030885605455492752 0.0005423988708204285 0.0067023834546239593 0.0017849738072748212 0.00204486606956134 -0.00097759342794841489 -0.00014135965226267871 -0.0010343329318540783
leaf_weight=239 14704 153 976 72 468 70 51 93 40 55 239 92 69 112 52 505 45 51 41 751 58 82 55 43 44 319 53 646 40 41 40 213 82 57 79 40 7967 51 1142 501 44 66 103 67 302 271 254 43 63 80 40 336 48 44 70 86 57 102 43 54 77 80
leaf_count=239 14704 153 976 72 468 70 51 93 40 55 239 92 69 112 52 505 45 51 41 751 58 82 55 43 44 319 53 646 40 41 40 213 82 57 79 40 7967 51 1142 501 44 66 103 67 302 271 254 43 63 80 40 336 48 44 70 86 57 102 43 54 77 80
internal_value=-0.000464106 -0.000181915 -0.00012571 0.00104983 0.00154956 0.0028753 0.00897541 0.0018156 0.00116904 0.0047651 6.18545e-05 -0.0012633 0.00459091 -0.000234142 0.00130826 0.00195368 0.00528947 0.00744827 0.0110106 -0.000328846 -0.00053131 0.000995333 0.00445652 -0.000239383 0.00270073 -0.000259639 -0.000206187 -0.000292852 0.00188712 0.00688889 0.000323324 -0.00111607 0.00235772 0.0052551 -0.00015176 0.0115426 -0.000183915 0.000299939 -0.000329483 0.000348157 0.000886955 0.00373665 0.00219409 0.00548507 0.000332179 0.00141944 0.000246608 0.00155454 0.00375874 0.00237879 0.0013605 0.000728082 0.00279539 0.00516129 0.00745562 0.00513108 0.0073262 0.00510288 0.00465384 0.00384 0.00308333 -0.00123967
internal_weight=32761 18057 17818 1504 1351 825 121 704 632 148 484 375 109 16314 943 831 189 144 93 15371 526 642 137 14620 136 14577 14258 13692 566 134 432 335 122 97 13046 93 12967 5000 3201 2225 1724 280 236 133 1444 1799 810 539 285 989 723 672 336 216 168 266 186 242 129 124 179 120
internal_count=32761 18057 17818 1504 1351 825 121 704 632 148 484 375 109 16314 943 831 189 144 93 15371 526 642 137 14620 136 14577 14258 13692 566 134 432 335 122 97 13046 93 12967 5000 3201 2225 1724 280 236 133 1444 1799 810 539 285 989 723 672 336 216 168 266 186 242 129 124 179 120
cat_boundaries=0 1 2 3
cat_threshold=260 673 591
is_linear=0
shrinkage=0.05


Tree=108
num_leaves=63
num_cat=7
split_feature=22 14 9 13 17 20 25 18 41 13 9 9 18 5 7 39 27 33 17 5 6 14 22 17 12 30 4 21 12 20 39 9 25 38 13 4 17 30 33 20 9 2 13 13 29 30 39 10 6 39 9 21 33 31 17 31 30 21 5 22 16 30
split_gain=0.986314 0.878845 0.980382 0.834458 0.787841 0.82952 1.13779 2.50577 0.916463 0.807485 1.47742 0.773425 1.09592 0.743886 1.50528 1.29708 1.84232 1.59979 1.01253 1.80448 1.42235 1.40583 1.68571 0.962383 0.927729 1.12811 1.95895 1.26527 1.11761 1.83345 1.74769 1.81854 1.66284 1.49952 1.38786 1.5766 1.30928 1.13405 1.37663 1.25286 1.41871 1.20421 1.40201 1.38714 1.1161 1.57925 1.61796 1.5698 1.27433 2.12309 1.73803 1.53809 1.44977 1.40801 1.38033 1.66799 1.6825 1.41178 1.21741 1.16391 1.23872 1.10973
threshold=-2.9634630129852049 -0.73642341430766189 1.0000000180025095e-35 0.095695970695970703 0.6775560789216083 -0.049988432201817985 0 0.58685875734356352 6.2100111234705242 2.1728735632183915 0.27838676028620185 0.076342752247492027 1.2561779967035529 7.5953831795490876 7.6366500848379486 1 6.5000000000000009 29.850000000000009 -0.021368605655641689 7.4236122092535455 7.4775234225530101 -0.12710176520804992 -0.36879340956605816 -1.77699978779046 11.500000000000002 14.250000000000002 -0.39304258810960707 3802.3800000000006 41.500000000000007 -0.095952346944597769 2 0.074323464269556203 3 4 0.96296370370370388 -0.23895440437642487 0.23032416579337314 42.750000000000007 28.800000000000001 -0.0013993578509519863 0.17474134539464814 0.042227215032464745 0.72856303508477438 0.64253235398241837 1.0000000180025095e-35 136.90000000000003 5 -0.015289473398857554 8.305786054458915 6 0.12478147441091013 4693.9650000000011 30.092857142857149 27.150000000000009 0.11428679359237261 5.9500000000000011 69.300000000000011 3751.6650000000004 8.3271401042289561 -0.26225999861005594 -0.28768207245178051 7.9500000000000011
decision_type=8 2 8 2 2 10 1 8 2 2 10 10 10 2 2 1 2 2 2 2 2 2 10 2 2 2 2 8 2 10 1 10 1 1 2 2 2 2 2 10 10 2 2 2 2 2 1 2 2 1 10 8 2 2 2 2 2 8 2 8 2 2
left_child=-1 -2 -3 -4 13 6 7 -6 -9 11 -11 12 -7 14 -5 16 17 -15 21 20 -20 -16 -23 -17 25 -25 27 -27 29 -26 31 -31 -33 -34 37 -36 -37 38 39 -35 -41 42 43 -40 48 46 47 59 49 50 53 -50 54 -30 55 -52 57 -57 61 -46 -61 -51
right_child=1 2 3 4 5 9 -8 8 -10 10 -12 -13 -14 15 18 23 -18 -19 19 -21 -22 22 -24 24 28 26 -28 -29 44 30 -32 32 33 34 35 36 -38 -39 41 40 -42 -43 -44 -45 45 -47 -48 -49 51 58 52 -53 -54 -55 -56 56 -58 -59 -60 60 -62 -63
leaf_value=0.034042473654357384 -0.00054139808825668561 -0.0012089888058573568 -0.0014197583477573307 -7.6362384551767602e-07 0.0082631342737001928 -0.00029307466866146289 -0.0013776092397684867 0.0022962164701160396 -0.00028069016165876466 0.0065713862993074931 -0.0021596300975744039 -0.0010696801484639589 0.00048065332559501335 -0.00060058833024432374 8.6512329870687204e-05 0.0044373553044242146 -0.0016943404683283808 0.0033172218343559727 0.00028700382411913592 -0.00077099002686960164 0.0032684480183960336 0.0041659188872915443 0.00034516694179653111 -0.0009182914593090371 -0.0037724877662950276 0.0071602137249639451 -0.00035175050394037777 0.0015840050484642147 0.0011080357448992534 0.0039471443872069667 -0.00027099524238650123 -0.0010042635257925976 -0.00025111484360314435 5.4842846307476607e-05 -0.001001522441337726 0.0054190290745842265 0.0037244451114813895 -0.00083800661940813814 0.00067431109091985035 0.0046437656842317904 0.0023636741385772292 -0.00059910894304854192 -0.00024549203651325161 0.0055184597979067197 -0.00082120979643239729 0.0055837488007527128 -0.0012147042528559825 -0.00022761048218531972 -0.0024529643766356343 -0.00064359658613088197 -0.0003427657120849113 -0.00012955437984032468 -0.001120464176068669 0.0046330959739892636 -0.00022796543648089754 0.0087044330075721887 -0.00093029749392260384 0.0051176335433172522 0.002527892275154394 -0.00026722682445793282 0.0050847007742978161 0.00016839594620861984
leaf_weight=85 3545 222 218 9797 40 139 331 43 176 48 58 2833 68 122 87 71 834 60 44 264 46 56 56 1120 199 42 379 108 95 76 933 267 340 91 61 179 109 162 137 58 102 270 95 41 59 46 2335 425 336 1001 84 2606 234 73 105 65 43 72 52 44 110 1028
leaf_count=85 3545 222 218 9797 40 139 331 43 176 48 58 2833 68 122 87 71 834 60 44 264 46 56 56 1120 199 42 379 108 95 76 933 267 340 91 61 179 109 162 137 58 102 270 95 41 59 46 2335 425 336 1001 84 2606 234 73 105 65 43 72 52 44 110 1028
internal_value=-0.000405929 -0.000419964 -0.00032967 -0.000304239 -0.000280812 -0.000957989 0.00076142 0.00316667 0.00115909 -0.00128059 0.00299065 -0.00143045 0.00151442 -0.000179657 0.000144912 -0.000408658 -0.00212269 0.00240437 0.0026805 0.00107042 0.00714286 0.005525 0.00920354 -0.000279202 -0.000309947 -0.00142121 0.000481131 0.00529801 -0.000156277 0.00065684 0.000973647 0.0018059 0.00151071 0.00209843 0.00286854 0.00558571 0.00712803 0.00190178 0.00267924 0.00573413 0.00838509 0.00125919 0.00359489 0.00620112 -0.000444181 -0.00122351 -0.00136685 0.000862865 -3.7965e-05 0.000715036 0.00293478 -0.000767925 0.00171357 0.00745562 0.00366216 0.0055849 0.00828729 0.0109783 -0.000121894 0.00436916 0.00664516 -0.000317735
internal_weight=32825 32740 29195 28973 28755 3736 590 259 219 3146 106 3040 207 25019 10350 14669 1016 182 553 354 90 199 112 13653 13582 1649 529 150 11933 3120 2921 1988 1912 1645 1305 349 288 956 794 251 160 543 273 178 8813 3019 2973 638 5794 2852 771 2942 603 168 369 264 180 137 2081 213 154 2029
internal_count=32825 32740 29195 28973 28755 3736 590 259 219 3146 106 3040 207 25019 10350 14669 1016 182 553 354 90 199 112 13653 13582 1649 529 150 11933 3120 2921 1988 1912 1645 1305 349 288 956 794 251 160 543 273 178 8813 3019 2973 638 5794 2852 771 2942 603 168 369 264 180 137 2081 213 154 2029
cat_boundaries=0 1 2 3 4 5 6 7
cat_threshold=3116 322 1577 1152 4 145 6144
is_linear=0
shrinkage=0.05


Tree=109
num_leaves=63
num_cat=5
split_feature=1 4 20 4 17 15 31 19 43 3 7 41 16 25 20 3 41 31 12 3 21 23 23 36 41 26 31 39 41 4 41 25 20 27 3 44 2 26 6 2 30 14 17 4 16 33 31 25 41 7 12 25 10 20 21 17 41 3 21 30 13 3
split_gain=0.87723 1.00113 0.865469 0.878715 0.840757 0.934298 0.899942 0.767885 0.74174 0.890078 0.76992 1.10292 1.01038 1.00454 0.937386 0.857432 1.11417 0.941575 1.23975 0.806278 0.857255 0.709988 0.678949 0.651459 0.661986 1.8364 1.5008 0.75107 1.58276 1.50098 1.43327 1.60183 1.62399 2.09749 2.6077 2.30533 2.3208 1.58075 2.66742 1.52798 1.1739 1.02109 0.955163 1.16146 0.905431 1.1125 0.857459 0.844724 1.22544 0.828495 1.21761 1.03346 0.815212 0.786174 0.777642 0.747887 1.19953 1.20413 1.40257 0.916416 1.56616 1.29954
threshold=0.36772554935549545 1.5410939703049495 0.043537346301388183 -0.40546485810822736 -0.62015149898198862 0.35482137528940955 21.050000000000001 0.12247743780817331 1.0000000180025095e-35 -0.036249031330341179 6.4968276677842605 4250.1868548387101 0.68202184456631809 0 0.048250231872007644 0.12990508659804248 56.393725198412703 21.050000000000001 26.500000000000004 0.58778666490212006 1128.2850000000001 0.2876820724517809 -0.46512588913409897 2.0655350605074037 7796.7717079741387 30.500000000000004 230.40000000000006 1 5.1138286620835549 -0.44183257370757895 70.478854166666693 2 -0.0047185291602032395 34.500000000000007 0.12516314295400613 1.0000000180025095e-35 0.10337205023816944 37.500000000000007 7.3990542305589555 -0.040448267003368336 0.55000000000000016 -1.0000000180025095e-35 -0.90367710365511089 -0.060206557168971823 0.56102117366715121 38.192857142857157 295.55000000000007 3 15.489105339105338 6.7817245069548102 80.500000000000014 4 0.13186297537162875 -0.0062204572302140887 1000.6250000000001 -0.0064016604277394853 1.3839743589743592 0.2001869733914359 7518.7500000000009 104.90000000000002 0.53333364444402975 0.094105307474797076
decision_type=2 2 10 2 2 2 2 2 2 2 2 2 2 1 10 2 2 2 2 2 8 8 8 2 2 2 2 1 2 2 2 1 10 2 2 2 2 2 2 2 2 2 2 2 2 2 2 1 2 2 2 1 2 10 8 2 2 2 10 2 2 2
left_child=1 8 3 21 6 22 -4 -7 10 -10 11 12 13 15 -15 17 -17 18 -1 23 -21 -2 -6 24 27 -26 -27 28 29 41 44 32 33 34 40 36 -36 -35 -39 -40 -32 -12 43 -34 -30 47 -44 48 -46 50 51 -29 54 -53 -31 56 57 58 -51 -58 -61 -62
right_child=2 -3 4 -5 5 7 -8 -9 9 -11 19 -13 -14 14 -16 16 -18 -19 -20 20 -22 -23 -24 -25 25 26 -28 49 30 52 31 -33 42 37 35 -37 -38 38 39 -41 -42 -43 46 -45 45 -47 -48 -49 -50 55 -52 53 -54 -55 -56 -57 59 -59 -60 60 61 -63
leaf_value=0.02055545715704904 -0.00097300550440281193 0.0040844985833273333 -0.0026368086959665986 -0.0022084611761480832 0.0017868415961676837 0.0011237451993324893 0.0074030176478517623 -0.0025588609845235248 0.0053964311296688392 3.6844706645709858e-05 0.0058318320338838102 -0.0018481154796756766 -0.0030473675407316223 -0.0001083052799683825 0.0039527374722360224 0.0012208454904265951 -0.0036308343084238063 0.00013231658264303194 0.00095310819325335769 0.0034707562600405114 -0.00078174194763372742 0.005955957179629599 -0.003477291913723791 -0.0026101817895833016 -0.00066584616010002991 0.00030976504517322322 0.0025012700630504207 -0.00043218561758431883 -0.0011495411953676849 0.0059809838402566529 0.0031481213960337499 -0.00083057153913807078 0.0035807768031368191 -0.0011233270816605483 0.0071579164485612847 -0.00069639215472091999 0.0047430711419591577 0.0045242619411906384 0.001135220031569449 -0.0018393648624670347 -0.00032685690968961459 0.0066184563745637914 -0.00060775852834421161 -0.00045511399046779225 0.0049031209996695984 0.0021848391524416796 0.002013212401850855 -0.0011253123532662796 -0.0017445613553382238 0.00062731599195576095 0.0027647332188611567 0.0052007348514653412 -0.0033451362992086803 3.0469833363896279e-05 5.6010331249927635e-05 -0.00017534893495900857 -5.4941658733905071e-05 -0.0016094419334048205 0.0058684640854015091 -0.00045990593225711095 0.0040432845278388857 -0.00035126445311789542
leaf_weight=46 46 71 46 1128 52 285 45 72 41 68 41 68 120 301 55 51 48 54 42 57 658 40 303 79 245 72 40 333 1673 46 79 2035 43 335 46 49 76 71 54 96 175 43 1032 52 46 44 49 266 62 100 49 76 94 50 193 12313 8635 42 63 124 163 72
leaf_count=46 46 71 46 1128 52 285 45 72 41 68 41 68 120 301 55 51 48 54 42 57 658 40 303 79 245 72 40 333 1673 46 79 2035 43 335 46 49 76 71 54 96 175 43 1032 52 46 44 49 266 62 100 49 76 94 50 193 12313 8635 42 63 124 163 72
internal_value=-0.000469198 -0.000403088 -0.00147919 -0.00232099 -0.000205225 -0.000785415 0.00429348 0.00101955 -0.000416857 0.00368182 -0.00043155 0.00111323 0.0016922 0.00253344 0.000735694 0.00494048 0.00155 0.00762238 0.0107865 -0.000472182 -0.00212989 0.00252873 -0.00259832 -0.000431458 -0.000419047 0.00171788 0.00699115 -0.000445668 -0.000908957 0.00206938 -0.00110837 -0.000574769 0.000375921 0.00187882 0.00451878 0.00927325 0.0129268 -0.000143628 0.00313063 -0.000662253 0.00129412 0.008 -0.000875107 0.00390625 -0.00217734 -9.54666e-05 -0.00129852 -0.000986668 0.00260504 -0.000304118 0.00168959 0.000880434 0.000553891 0.00452555 0.00210417 -0.000351417 -1.03273e-05 0.00376213 0.00570122 -9.67216e-05 0.002375 0.00476695
internal_weight=32853 30836 2017 1214 803 712 91 357 30765 109 30656 785 717 597 356 241 99 142 88 29871 715 86 355 29156 29077 357 112 28720 6700 417 6283 4192 2157 981 425 171 122 556 221 150 254 84 1176 95 2091 418 1081 374 108 22020 508 459 333 126 239 21512 9199 205 163 8994 359 235
internal_count=32853 30836 2017 1214 803 712 91 357 30765 109 30656 785 717 597 356 241 99 142 88 29871 715 86 355 29156 29077 357 112 28720 6700 417 6283 4192 2157 981 425 171 122 556 221 150 254 84 1176 95 2091 418 1081 374 108 22020 508 459 333 126 239 21512 9199 205 163 8994 359 235
cat_boundaries=0 1 2 3 4 5
cat_threshold=531 2242 1848 37 143
is_linear=0
shrinkage=0.05


Tree=110
num_leaves=63
num_cat=1
split_feature=8 42 13 13 0 18 19 4 33 41 41 10 4 9 17 5 5 42 26 22 24 0 5 17 7 22 42 33 5 33 21 42 15 13 17 41 3 9 8 9 13 9 33 33 20 10 0 36 31 42 8 18 15 18 8 35 35 3 22 7 33 12
split_gain=0.972797 1.57121 1.5167 1.4121 1.02454 0.987034 0.949213 1.8169 1.05624 0.977663 1.35696 0.709973 1.11006 0.799078 0.806957 0.924295 1.19081 0.781602 1.65175 1.28862 1.13073 1.17358 0.781866 0.758808 0.741891 0.773943 1.50352 0.69191 0.691267 1.00207 2.18627 1.23336 0.725956 1.87979 0.638632 1.10027 0.629632 1.3703 0.662824 0.662697 0.873921 0.639034 0.621734 0.681668 0.605605 0.850624 0.827896 0.590894 0.544176 0.722401 0.907537 0.577663 0.586282 0.575078 0.785695 0.538898 1.92822 2.30915 1.30305 1.32553 0.919974 0.846934
threshold=1.0000000180025095e-35 0.72804314329738073 0.58123122796666571 0.45000056250140635 0.068993726079154008 -0.91358972621455392 0.059961392162521172 -0.49637724179515169 35.135714285714286 78.353404791929393 18.580796252927403 0.3927253968266467 0.20544540278419679 0.31426071881162826 0.31198176003043049 8.1165360390935142 7.2992521538572346 0.9842509920634922 36.500000000000007 -0.20064543653098282 0 0.15415103696998858 9.2636526487721529 -0.044302598652266038 7.333583174047841 0.30372100148876796 0.9536672629695887 29.614285714285717 7.5953831795490876 29.435714285714294 1630.7500000000002 0.93798076923076934 0.24489849360857943 0.84000168000672015 0.60538232824724225 38.098466505246172 0.37949656685471528 0.18333402945071861 0.21501941478956108 0.27409486937297683 0.51648434971713364 0.22845298610759449 35.564285714285724 34.778571428571432 -0.078094184253739721 0.25660313146025621 0.15822400521489491 1.7361759986195575 250.20000000000005 0.92247596153846168 0.21324098145436629 1.5445350263777764 -0.31017098456497988 -0.22906138552527058 0.19314052608366095 0.027384330422263091 0.10019680135920599 -0.080042411815460554 -0.18232130679401709 7.0606795566178935 29.864285714285721 85.500000000000014
decision_type=8 2 2 2 2 10 2 2 2 2 2 2 2 8 2 2 2 2 2 10 1 2 2 2 2 8 2 2 2 2 10 2 2 2 2 2 2 10 10 10 2 10 2 2 10 2 2 2 2 2 10 10 2 10 8 2 2 2 10 2 2 2
left_child=1 2 -1 -3 47 44 7 8 9 10 27 12 28 17 15 16 -15 22 20 -20 21 23 36 -19 25 26 -13 -7 29 30 32 -32 -9 -34 42 -36 38 -38 -14 40 -40 -42 43 -30 45 46 -6 55 51 50 -50 52 -8 54 -54 -2 57 -57 59 -58 -59 -61
right_child=4 3 -4 -5 5 6 48 11 -10 -11 -12 24 13 14 -16 -17 -18 18 19 -21 -22 -23 -24 -25 -26 -27 -28 -29 34 -31 31 -33 33 -35 35 -37 37 -39 39 -41 41 -43 -44 -45 -46 -47 -48 -49 49 -51 -52 -53 53 -55 -56 56 58 60 -60 61 -62 -63
leaf_value=-0.0018702459616363619 -7.0214956412446408e-05 0.00059937681649425371 0.0046308925279664511 -0.0011394800606870197 -0.0020224685269155961 0.0013987035808275346 -0.0020993808472516934 -0.00056653193280644515 0.007165433596311277 -0.00051973588238008633 0.0095055487197505326 0.0017951963170337072 -0.0015905005063546057 0.00026339265736070302 -0.0011227525480020893 -0.00015128838389068128 0.0075773188509671617 0.0013560582807924369 0.0052842385079831956 0.0010218803655446943 -0.0018822101255357385 -0.0034156300491275451 0.0018691511959326294 0.0039895069425385102 -0.0014482476160405633 -0.0022982383133049174 -0.0006631000868886237 -0.0034423972421198908 -0.00096298943569475223 -0.00041582240261704121 0.0063963875726427257 0.0011100547085028695 -0.0011778208299927874 0.0059158052996944009 -0.0023753469903143431 0.001742896221607971 0.0043803602695688523 -0.00065549943761853563 -0.0027306939918747154 -0.0034420194497234886 0.00041693738579938016 0.0071200213039148202 -0.0023701392355106898 0.0011703715130362631 -0.001537929946058728 -0.0048409924841387531 0.0023455481737851436 -0.0024734516916878713 -0.00036745245377946126 -0.00065365915399510888 0.0066096571065115328 -0.00317318599417395 -0.0034279846754836545 -0.00072521618208806597 0.0019008699405071016 0.0015324719121847295 0.0021592598092309407 -0.0010677710850731672 -0.0021997477419845772 -0.00012537336044820847 0.0014701983499880737 0.00049720149036551009
leaf_weight=84 22038 62 64 559 43 46 278 287 49 96 76 52 461 69 85 56 76 40 57 64 174 53 40 40 368 138 58 47 1121 851 43 69 72 41 81 52 40 65 50 53 60 44 265 47 1411 105 59 85 52 142 40 232 46 1285 43 42 48 40 219 231 58 60
leaf_count=84 22038 62 64 559 43 46 278 287 49 96 76 52 461 69 85 56 76 40 57 64 174 53 40 40 368 138 58 47 1121 851 43 69 72 41 81 52 40 65 50 53 60 44 265 47 1411 105 59 85 52 142 40 232 46 1285 43 42 48 40 219 231 58 60
internal_value=-0.000445084 -0.0022013 0.00241611 -0.00330386 -0.000402737 -0.000850599 -0.000608929 -0.000256173 0.00342857 0.00216165 0.00444118 -0.000484921 -0.000264753 0.000827878 0.00320557 0.00492574 0.00702055 0.000277777 0.00200466 0.00692623 4.87001e-05 0.00336805 -0.000632679 0.00740741 -0.00207456 4.01595e-05 0.00315315 0.000372339 -0.000834472 -1.09983e-05 0.00173489 0.00787611 -1.18912e-09 0.00337719 -0.00155074 0.00175373 -0.000988373 0.00259434 -0.00155456 0.000793268 0.00245161 0.00504762 -0.00185844 -0.00136014 -0.00197035 0.000552883 0.00378641 -0.000223689 -0.00150543 0.000765956 0.00419355 -0.0017878 -0.00145796 -0.00103273 0.00283333 -0.000208032 0.0011588 0.00638298 -0.000161003 0.00177941 0.00212121 0.000496574
internal_weight=32712 769 148 621 31943 9122 7504 5386 314 265 169 5072 4456 1527 286 201 145 1241 428 121 307 133 813 80 616 248 110 93 2929 1363 512 112 400 113 1566 133 773 105 668 207 154 104 1433 1168 1618 207 102 22821 2118 234 92 1884 1652 1374 89 22736 698 140 558 339 98 291
internal_count=32712 769 148 621 31943 9122 7504 5386 314 265 169 5072 4456 1527 286 201 145 1241 428 121 307 133 813 80 616 248 110 93 2929 1363 512 112 400 113 1566 133 773 105 668 207 154 104 1433 1168 1618 207 102 22821 2118 234 92 1884 1652 1374 89 22736 698 140 558 339 98 291
cat_boundaries=0 1
cat_threshold=3
is_linear=0
shrinkage=0.05


Tree=111
num_leaves=63
num_cat=7
split_feature=17 39 42 7 25 30 41 5 8 25 35 35 10 17 21 35 27 27 42 1 18 25 15 27 15 11 30 23 2 12 17 2 33 27 2 18 12 12 0 2 41 21 27 12 21 4 8 2 24 10 31 27 39 13 14 23 30 14 8 31 8 25
split_gain=0.972303 1.08623 1.45666 1.24276 1.47666 2.24321 2.17978 2.33717 1.84843 1.18456 1.27765 1.93954 3.03211 1.131 1.11686 1.86848 1.10997 1.28855 0.952685 0.891098 1.21838 1.37078 0.936353 0.874103 1.11726 0.940387 1.22917 1.79102 0.869216 0.856714 1.07511 1.04861 0.855137 1.50658 0.827216 0.80278 1.4662 1.8134 1.364 1.49432 1.8382 1.14348 1.28597 1.29692 1.32395 0.883291 0.768686 0.759948 0.750578 1.08292 0.741978 0.713784 1.54893 1.28571 1.15403 1.05339 0.698822 0.679445 0.97603 1.27609 0.78172 0.749583
threshold=0.66502430591508011 0 0.67717121588089346 6.7817245069548102 1 19.950000000000006 103.87133099141296 6.9431622937592996 0.2077277189085982 2 0.003078370544146562 0.33770796610857573 -0.038170513581500025 0.0065539144638770983 2300.8350000000005 0.08835075010139877 39.500000000000007 26.500000000000004 0.85825892857142871 0.067213842773368185 0.55490731512137736 3 -1.9891728241796092 39.500000000000007 0.21125388123254887 55.500000000000007 3.4500000000000006 -0.40618698097770162 0.11686424898728955 64.500000000000014 0.29130203248716507 0.11686424898728955 40.342857142857149 34.500000000000007 -0.042818773380564938 -0.66908879429415935 60.500000000000007 13.500000000000002 0.019585101315495738 0.14092062658397178 8.0578784119106697 2252.5000000000005 30.500000000000004 42.500000000000007 2184.6600000000003 0.49419875131978769 0.16555663315200822 0.20067069546215113 4 -0.19943303791882136 298.75000000000006 5.5000000000000009 5 0.70000007499996253 0.86172135072023248 4.8597823571876004 21.550000000000008 -1.0000000180025095e-35 0.50988453012584734 22.350000000000005 0.30895083981243798 6
decision_type=2 1 2 2 1 2 2 2 10 1 2 2 2 2 10 2 2 2 2 2 10 1 2 2 2 2 2 10 2 2 2 2 2 2 2 8 2 2 2 2 2 10 2 2 8 2 8 2 1 2 2 2 1 2 2 8 2 2 8 2 10 1
left_child=1 2 16 4 5 6 -3 8 13 10 -4 12 -12 -8 15 -14 17 -1 -6 32 22 23 -21 24 25 26 47 -28 -10 30 -26 -32 -5 -34 -11 36 37 -24 39 -39 -41 42 43 44 -40 -43 -27 -22 49 -20 -38 52 53 -2 55 -55 -25 58 60 -60 -37 -59
right_child=51 3 9 19 18 -7 7 -9 28 34 11 -13 14 -15 -16 -17 -18 -19 48 20 21 -23 35 56 29 46 27 -29 -30 -31 31 -33 33 -35 -36 57 50 38 41 40 -42 45 -44 -45 -46 -47 -48 -49 -50 -51 -52 -53 -54 54 -56 -57 -58 61 59 -61 -62 -63
leaf_value=0.00073682476058996109 0.0032544196669988023 0.00031539142232058187 -0.00027220885205164958 -1.7706441624347697e-05 0.0026643198290769313 -0.0012604684879798163 0.0059794313407708129 0.008132839448449657 0.0035219509079916773 -0.00021562872988387978 0.0059422456429784453 -0.0012551103313403799 0.0024876273687754412 0.0036462025092263844 -0.00048450887099669602 3.4793418622657308e-05 -4.6896873922250307e-05 0.012941258727066807 0.010969205833314545 -0.0038635448025450495 0.0039552812500690563 -0.00018608740541676817 -0.0010227949567193266 -0.00061140487955031872 -0.00109859498962664 0.001578570335787424 0.0029735303235946262 -0.0011455493593595025 -0.0019970842650936052 -0.0015067404067616572 0.00022393353248906223 0.0062482705655632622 0.0045624564633610027 0.00030251797442622567 -0.0011396445923877395 -0.00019341530695650221 -0.0012054821704960887 0.0029652670183891298 0.00077637707607388457 0.0078038693729437364 0.0034181114413312482 -0.0037248968478858532 -0.00021686382841691723 -0.0040680608526033769 0.0080594772559555005 0.0010713884046305037 -0.0012067497234760896 0.010641323473810789 -0.0015211624386259677 -0.00056457472301748646 0.0037312303195851828 -0.00062577566598926446 -0.0016047914817857345 -0.00057213004725300556 -0.0024508004332955049 0.0043527681745500904 0.0012363248326769391 -0.00057513850159156331 -0.00031827009923613878 0.012466372733852489 -0.0023534341728228131 -0.0011994687798209571
leaf_weight=40 69 320 1980 14425 62 180 62 46 62 936 40 187 72 75 88 96 79 42 57 258 48 1055 273 224 67 75 47 66 54 94 42 40 41 86 1468 1317 743 121 42 49 52 154 136 44 51 67 62 44 403 185 40 3519 187 43 51 53 113 977 42 40 220 1135
leaf_count=40 69 320 1980 14425 62 180 62 46 62 936 40 187 72 75 88 96 79 42 57 258 48 1055 273 224 67 75 47 66 54 94 42 40 41 86 1468 1317 743 121 42 49 52 154 136 44 51 67 62 44 403 185 40 3519 187 43 51 53 113 977 42 40 220 1135
internal_value=-0.000423857 -0.000323332 -0.000990277 -0.00018188 0.0012077 0.00266049 0.00412097 0.00718333 0.0052559 -0.00114729 -0.000369848 0.00193182 0.00444444 0.00916667 0.00241245 0.0047929 0.00367284 0.00771084 -0.000466575 -0.000275897 -0.000709395 0.000361475 -0.00107688 0.00175777 0.00294368 0.00478134 0.00691747 0.00337719 0.000598289 0.000348359 0.0027 0.00650602 -4.53527e-05 0.00402344 -0.00193375 -0.00093841 -6.20429e-05 0.00121717 0.00253835 0.00578475 0.0102451 0.00107071 0.00322993 0.00663043 0.00994681 -0.0015991 0.00155797 0.0111828 -0.00104489 0.00114624 -0.0016773 -0.00116238 0.000829207 0.00361233 0.00111486 0.0043299 -0.00025148 -0.0013545 -0.000583335 0.00469879 -0.000868012 -0.0019451
internal_weight=32746 28824 5028 23796 1506 799 619 299 253 4867 2463 483 296 137 256 168 161 82 707 22290 7738 1977 5761 922 585 342 205 113 116 243 149 82 14552 127 2404 5503 1772 989 716 222 101 494 273 137 93 221 137 92 645 242 783 3922 403 216 147 96 337 3731 1619 82 1537 2112
internal_count=32746 28824 5028 23796 1506 799 619 299 253 4867 2463 483 296 137 256 168 161 82 707 22290 7738 1977 5761 922 585 342 205 113 116 243 149 82 14552 127 2404 5503 1772 989 716 222 101 494 273 137 93 221 137 92 645 242 783 3922 403 216 147 96 337 3731 1619 82 1537 2112
cat_boundaries=0 1 2 3 4 5 6 7
cat_threshold=226 1848 946 2360 3 3219 2247
is_linear=0
shrinkage=0.05


Tree=112
num_leaves=63
num_cat=5
split_feature=9 1 35 3 12 12 12 1 30 25 3 1 27 27 33 18 15 25 39 25 31 27 6 14 0 42 18 6 20 22 0 16 13 0 10 13 12 33 18 10 20 42 20 10 13 7 30 31 18 1 31 31 2 42 25 22 17 9 0 33 27 23
split_gain=1.12032 1.14662 0.809143 0.706288 1.16574 0.738763 1.07914 1.07567 1.31894 1.06321 1.39174 1.60318 1.14356 1.12032 1.23246 1.05019 1.13322 1.31889 1.04568 1.06508 1.82047 1.80972 1.18899 0.981562 1.05056 1.14114 1.21412 1.29208 1.39522 1.109 0.958739 0.931885 0.914216 0.913361 0.994321 0.89297 1.13662 1.05361 0.88588 0.881181 0.885626 0.879592 1.10225 1.66222 1.00788 0.875824 1.04154 3.00798 0.985877 0.891818 1.574 0.871316 0.865966 0.859855 1.4497 2.23443 1.30695 2.16939 1.17276 0.978767 1.29726 2.00824
threshold=1.0000000180025095e-35 0.56617956982044071 0.47885357402433776 -1.1449142493496989 4.5000000000000009 17.500000000000004 70.500000000000014 0.14931510790870076 112.70000000000002 0 -0.49254890260831979 0.10661289147707677 2.5000000000000004 18.500000000000004 28.550000000000008 -2.2110423679396622 -0.12720389968400589 1 2 3 275.2000000000001 26.500000000000004 8.8463715418659827 -1.1994848170202668 -0.075637200576007743 0.95275297619047628 0.34619248429004307 7.9937701144832589 -0.00094265175086491785 -0.34472163387930915 -0.10536051565782632 -1.895766804087009 0.64516342224145695 0.13353139262452321 -0.24719768467519684 0.38095333333333342 39.500000000000007 30.335714285714285 1.7787094923741551 -0.47730733735677772 -0.13804703027790957 0.88352713178294584 -0.09254375460338031 -0.30593199763336404 1.3452339285714288 7.3647036598012763 3.4500000000000006 21.050000000000001 -0.56500541417529315 0.026669313938506359 196.50000000000003 233.05000000000004 0.11686424898728955 0.87737200143215188 4 0.34734572140277087 0.39769700658356139 0.14257124578026362 -0.17821433912856441 37.507142857142867 9.5000000000000018 0.20763936477824452
decision_type=8 2 2 2 2 2 2 2 2 1 2 2 2 2 2 8 2 1 1 1 2 2 2 2 2 2 10 2 10 8 2 2 2 2 2 2 2 2 10 2 10 2 10 2 2 2 2 2 10 2 2 2 2 2 1 10 2 10 2 2 2 8
left_child=-1 2 3 4 -2 18 15 9 -9 10 -8 12 -12 -14 -15 -7 17 35 38 22 41 -22 -20 -19 25 52 27 29 -29 -27 -31 -26 -28 34 -33 36 37 -17 -5 -11 -41 42 -21 -44 45 46 47 48 -43 50 -47 -52 -25 54 55 56 58 -58 -18 -55 61 -61
right_child=1 -3 -4 5 -6 6 7 8 -10 39 11 -13 13 14 -16 16 53 23 19 20 21 -23 -24 24 31 26 32 28 -30 30 -32 33 -34 -35 -36 -37 -38 -39 -40 40 -42 44 43 -45 -46 49 -48 -49 -50 -51 51 -53 -54 59 -56 -57 57 -59 -60 60 -62 -63
leaf_value=-0.00097559486867619747 0.022983005095414247 -0.0027097113355406739 -0.0012449624460483502 -0.0007709380344001123 -0.0019171752408459421 -0.0010441261820577465 0.0063442148258813866 -0.0010289385235520375 0.00083818152476991526 -0.0031187729449366013 0.0017920300884570245 0.0025646731552090817 -0.0010358026686224815 0.0023834908398349848 7.5736930224467734e-05 0.0001252297413768603 0.0050537684991661894 -0.00034485687960975943 -0.00035882268201533913 -0.0016115414329396932 0.0073399958028914055 -0.00011985786382566057 0.0041228930411799291 -4.5857207003611638e-05 0.0064933676874446514 0.008393142457965087 0.0012080488073623677 0.0053096465905323664 0.0016246203149816387 -0.00018921149988267725 0.0063137742462529532 0.0057157983928763159 -0.0035417887188516719 0.0010183734555865693 3.9632670344046625e-05 -0.0003555390277289335 -6.0218054254435083e-06 0.0033501240707139849 0.003504324606156422 -0.0030919144384604041 -0.00010113038765592253 0.0029510949261927098 0.0060114241241418179 0.00070739428300322911 0.0063113652144136797 -0.00051439667753683943 -0.00083561929345568576 0.0055789059090650996 -0.0001787044706313492 -0.0015130219731924518 0.0019824393837566561 2.8476270880308648e-05 0.0026141328785933464 -0.00014800353460866535 -0.00020121807839312318 0.0057615236564643848 0.0056471288567760333 0.0002226223843309488 -0.00041164735486263544 0.00041557647616017273 0.00011244391364700054 0.0083561940374260995
leaf_weight=261 53 783 378 2303 63 419 43 1588 70 273 97 79 373 62 339 56 55 282 2072 81 68 61 40 301 40 68 40 43 59 118 40 48 65 538 1574 1717 172 42 50 182 6705 62 44 194 58 537 206 72 332 467 43 42 66 6394 988 59 79 192 369 87 785 43
leaf_count=261 53 783 378 2303 63 419 43 1588 70 273 97 79 373 62 339 56 55 282 2072 81 68 61 40 301 40 68 40 43 59 118 40 48 65 538 1574 1717 172 42 50 182 6705 62 44 194 58 537 206 72 332 467 43 42 66 6394 988 59 79 192 369 87 785 43
internal_value=-0.000388472 -0.000362255 -0.000315638 -0.000287908 0.00358974 -0.000302402 -0.000175147 -0.000581432 -0.00174201 -0.000345231 0.00118028 0.000788642 0.000166283 -0.000477421 0.00135572 9.53177e-05 0.000167585 0.000750473 -0.000766376 -0.000306379 0.000445565 0.00619231 -0.00111164 0.0013635 0.00163279 0.00318352 0.00491935 0.00641337 0.011068 0.00427313 0.00194968 0.0010677 0.000235848 0.000925496 0.000332716 -0.000267769 0.00239852 0.00666667 -0.00161379 -0.000557803 -0.000447882 9.81755e-05 0.00251562 0.00422594 -0.000326924 -0.000541999 0.00087667 0.00218415 0.000455695 -0.00141743 -0.000176566 0.00610465 0.00112772 -0.000171786 0.000826161 0.00245752 0.00168822 0.00439338 -4.706e-05 -0.000409714 0.00111899 0.00572519
internal_weight=32820 32559 31776 31398 116 31282 24550 9811 1658 8153 993 950 871 774 401 14739 14320 5269 6732 4379 2267 129 2112 3282 3000 800 433 328 102 226 158 2200 105 2160 1622 1987 270 98 2353 7160 6887 2138 319 238 1819 1761 672 466 394 1089 622 85 367 9051 1742 754 695 271 424 7309 915 130
internal_count=32820 32559 31776 31398 116 31282 24550 9811 1658 8153 993 950 871 774 401 14739 14320 5269 6732 4379 2267 129 2112 3282 3000 800 433 328 102 226 158 2200 105 2160 1622 1987 270 98 2353 7160 6887 2138 319 238 1819 1761 672 466 394 1089 622 85 367 9051 1742 754 695 271 424 7309 915 130
cat_boundaries=0 1 2 3 4 5
cat_threshold=5 3079 171 334 2342
is_linear=0
shrinkage=0.05


Tree=113
num_leaves=63
num_cat=7
split_feature=29 39 10 1 4 39 25 36 2 2 31 2 9 4 22 6 25 19 13 33 9 3 10 27 41 21 15 2 19 18 4 41 13 1 36 33 25 2 13 35 35 10 23 6 41 27 25 23 10 16 13 5 10 5 39 27 31 8 21 2 9 18
split_gain=0.973678 1.73378 1.23236 1.13399 1.04674 1.03898 1.15378 1.28235 1.49789 1.03861 1.77931 2.07558 2.74806 1.5863 1.02659 1.00943 1.15183 1.34587 1.51064 1.36062 1.40211 1.32407 1.99356 1.91944 1.23199 1.03088 0.989161 0.932508 0.928119 1.12729 1.72112 1.23725 0.90517 2.12076 0.900513 0.884622 0.881012 1.34104 1.62156 0.880062 1.17543 0.853454 0.952583 0.82449 0.810983 1.82288 0.793831 0.958931 1.05016 0.925436 0.962257 0.908762 1.04127 0.982683 1.64992 1.2038 2.42205 1.94521 1.34154 0.915073 0.834697 1.12792
threshold=1.0000000180025095e-35 0 -0.036231116225118758 0.14040487055468723 1.3233110511895163 1 2 0.61612761797979976 0.11778347043918204 0.047593356567479546 124.35000000000001 -0.030526133893016279 0.26188633161553648 0.19237214264739325 -0.13975807762592288 8.1960557936839944 3 -0.17022041402340377 0.60713979590989442 34.414285714285718 0.088458118316615361 -0.26156989752132226 -0.29721993208892167 30.500000000000004 788.61871584699463 640.10000000000014 0.9762597792214941 0.28376836614561501 0.00019496782337171149 0.49141102776103934 0.18805237928642396 10.163978494623658 1.1764706920416448 -0.38416593228539359 0.50368084948042957 25.892857142857149 4 -1.0000000180025095e-35 0.44444507936507943 0.074290010396067155 0.029231445581268337 0.080930952829768824 -0.39490496522662605 8.4731990704206961 3447.8888888888891 34.500000000000007 5 -0.29459427296457158 0.48662621115039034 0.12020989123610294 1.7173113125561883 6.8139346485666108 -0.28108590530497629 7.5363539415878655 6 27.500000000000004 57.550000000000018 0.14994129785481952 864.58500000000015 0.17491326763217077 0.2829375865653363 0.49983585647337553
decision_type=2 1 2 2 2 1 1 2 2 2 2 2 10 2 8 2 1 2 2 2 10 2 2 2 2 8 2 2 2 8 2 2 2 2 2 2 1 2 2 2 2 2 10 2 2 2 1 8 2 2 2 2 2 2 1 2 2 10 10 2 10 10
left_child=3 46 34 4 5 15 44 35 -9 10 11 41 14 -14 -13 16 17 18 -1 20 -19 22 -22 -24 -21 -18 -17 28 -23 30 31 -30 -27 -34 36 -8 37 -3 -39 40 -37 -5 -43 -28 -7 -46 47 -2 51 50 -48 52 -49 55 60 56 58 -57 -53 -54 61 -55
right_child=1 2 -4 9 -6 6 7 8 -10 -11 -12 12 13 -15 -16 26 25 19 -20 24 21 27 23 -25 -26 32 43 -29 29 -31 -32 -33 33 -35 -36 39 -38 38 -40 -41 -42 42 -44 -45 45 -47 49 48 -50 -51 -52 53 59 54 -56 57 -58 -59 -60 -61 -62 -63
leaf_value=0.0023477073927806293 -0.00067014084750632689 -9.6466235353770985e-05 -0.00095492200382264053 -0.00064308871246117718 0.0063794460469685319 -0.0004704254250330462 -0.0007730661807671031 0.001125904288001249 -0.00039985124925455504 -0.00078043978481636702 -0.0011285404907333183 0.0031254537365835219 0.0094005691791737324 0.0017593913532509911 -0.00022690005703887063 -0.00025176043739230577 0.0058463059136538613 0.0023691626867396913 0.0067053392956564475 -0.00080349236544380049 0.00017491512126924482 -2.9216528689220644e-05 0.0055380409061917997 0.0019448836568675089 0.003085662310724322 -4.6554495336359666e-05 2.7186894651352574e-05 -0.0036850977128247949 -0.00069220565391157288 0.00014074784236158683 0.0048848677819095737 0.0070601985657022031 -0.0013406687038258337 0.010612579962062326 -0.0021055987623080532 6.1164265548671068e-06 -0.00028838802106581044 0.0044306186442266528 0.0010530569034352857 -0.0035449847612715572 0.0012322898042286521 0.0040460839065546246 -0.00012315415124744585 0.0012795456626596858 -0.00046374876872483503 0.0044254319644964303 -3.1410545941819481e-05 0.019080589685691415 -0.00099961591919764045 -0.00055655100101643722 0.0043420389780743701 0.0037412130316220749 -0.0020202162577404714 0.00074752010259394137 -0.00034581105576479503 -0.0028179261979294169 -0.00015566299311853645 0.003471738585352021 0.011302407069524205 0.00084164256029683039 -0.00075648297923863262 0.0041013129527413547
leaf_weight=63 390 851 3632 264 54 1809 415 51 41 2836 464 55 55 42 159 1656 42 55 50 311 96 356 47 50 41 1820 79 70 87 211 56 43 45 45 132 7410 1841 46 250 123 40 60 84 67 154 50 2990 42 124 1806 56 52 194 156 315 64 48 40 42 74 64 127
leaf_count=63 390 851 3632 264 54 1809 415 51 41 2836 464 55 55 42 159 1656 42 55 50 311 96 356 47 50 41 1820 79 70 87 211 56 43 45 45 132 7410 1841 46 250 123 40 60 84 67 154 50 2990 42 124 1806 56 52 194 156 315 64 48 40 42 74 64 127
internal_value=-0.000396732 -0.000725802 -0.00128789 -0.000171148 2.36418e-05 -9.76231e-07 -0.000298398 -3.08997e-05 0.00580645 -0.000919155 0.000325168 0.00188194 0.00495192 0.0118878 0.00176744 0.00056593 0.00106334 0.00208145 0.00732456 0.00167486 0.00256063 0.00213373 0.00585051 0.0108673 -0.00101983 0.000249617 -0.000393789 0.00125607 0.00177056 0.00342965 0.00625668 0.00305343 7.84917e-05 0.00494505 -0.000560719 -9.88872e-05 -0.0003814 0.000703798 0.00360269 2.44245e-05 9.39459e-05 -0.000464549 0.00262069 0.00353741 -0.00136611 0.00160975 -0.000147082 0.000768788 0.0014073 -0.000475017 5.57914e-05 0.00185398 -0.000482316 0.00265126 0.00164404 0.00534413 0.00832168 0.00123809 0.0129474 -0.00163569 0.00395251 0.00522887
internal_weight=32792 13336 6752 19456 15437 15383 10093 8080 92 4019 1183 719 311 97 214 5290 3488 1536 113 1423 1071 1016 193 97 352 1952 1802 823 753 397 186 130 1910 90 3120 7988 2988 1147 296 7573 7450 408 144 146 2013 204 6584 1732 1342 4852 3046 1218 310 908 662 246 142 104 94 268 347 283
internal_count=32792 13336 6752 19456 15437 15383 10093 8080 92 4019 1183 719 311 97 214 5290 3488 1536 113 1423 1071 1016 193 97 352 1952 1802 823 753 397 186 130 1910 90 3120 7988 2988 1147 296 7573 7450 408 144 146 2013 204 6584 1732 1342 4852 3046 1218 310 908 662 246 142 104 94 268 347 283
cat_boundaries=0 1 2 3 4 5 6 7
cat_threshold=3125 4896 2306 3605 778 536 1025
is_linear=0
shrinkage=0.05


Tree=114
num_leaves=63
num_cat=7
split_feature=22 8 8 10 7 41 2 27 39 14 6 3 1 33 10 10 2 23 40 3 42 35 12 12 2 15 33 6 7 19 26 18 22 12 25 24 26 1 6 33 22 22 15 29 36 21 25 31 21 27 26 12 25 39 36 12 39 21 19 11 27 3
split_gain=0.979495 1.22837 0.946203 1.46522 1.83332 0.951872 0.88723 0.939769 2.16446 1.82453 1.48923 1.42542 2.80327 1.34123 1.8603 1.76923 1.75988 1.27821 1.83947 1.15974 1.84361 1.04966 1.03367 0.996705 1.03052 0.907863 0.901083 1.18583 1.32022 1.05545 1.90836 1.04825 1.03991 0.956445 0.887119 1.65201 1.12967 0.888559 1.22796 0.87647 0.779693 0.856992 0.932135 0.777409 1.27876 1.2982 1.49759 1.28283 1.27304 1.19694 1.57043 1.74715 1.11952 1.349 1.11567 1.25404 1.17045 2.5316 2.01156 1.0948 1.81406 1.70479
threshold=-2.9634630129852049 0.75842160834245542 1.0000000180025095e-35 -0.040214238119403493 8.1353796056180272 12.405458089668619 0.41985421823174246 7.5000000000000009 0 1.7928105522302189 8.9543166052062357 0.043172140796488019 0.11466244103063829 30.157142857142862 0.17815793705203078 0.12442773480974668 -1.0000000180025095e-35 -0.47401326094144286 2.5000000000000004 -0.12062651051473815 0.93798076923076934 0.54978522568159305 72.500000000000014 59.500000000000007 -0.12726106532776391 0.37119921679139761 36.078571428571436 7.6064394289070592 7.6366500848379486 -0.06225252094215266 2.5000000000000004 -0.70372944833499851 -0.045459522915588316 83.500000000000014 1 2 24.500000000000004 -0.090936959305565321 7.3335166231310787 25.335714285714293 -0.075646292133442233 -0.22329261199262615 -1.0000000180025095e-35 1.0000000180025095e-35 1.0979393245979794 7518.7500000000009 3 98.65000000000002 3953.7500000000005 59.500000000000007 23.500000000000004 46.500000000000007 4 5 5.6873447487364494e-05 48.500000000000007 6 5012.5000000000009 -0.044456957101649604 87.500000000000014 31.500000000000004 0.20381898045918814
decision_type=8 10 8 2 2 2 2 2 1 2 2 2 2 2 2 2 2 8 2 2 2 2 2 2 2 2 2 2 2 2 2 10 8 2 1 1 2 2 2 2 10 10 2 2 2 10 1 2 10 2 2 2 1 1 2 2 1 10 2 2 2 2
left_child=1 -1 3 4 -2 -5 7 8 9 10 11 19 13 15 17 16 -13 -15 -19 20 23 43 -14 24 -4 40 27 28 34 30 -29 -32 -33 -28 35 36 -10 38 -36 -8 41 42 -22 44 45 48 -47 49 59 50 -48 -52 54 -54 55 56 57 58 -45 -9 -61 -62
right_child=2 -3 6 5 -6 -7 39 21 26 -11 -12 12 22 14 -16 -17 -18 18 -20 -21 25 -23 -24 -25 -26 -27 33 29 -30 -31 31 32 -34 -35 37 -37 -38 -39 -40 -41 -42 -43 -44 52 -46 46 47 -49 -50 -51 51 -53 53 -55 -56 -57 -58 -59 -60 60 61 -63
leaf_value=0.041593663644364842 0.0018232297351904127 -0.015951408464525803 0.0013211354200491565 -0.00011734558402560264 -0.0024222482281792551 -0.00097124993339899187 0.003188968369839563 -5.4715299976676664e-05 0.0021634320099704835 0.0055849685797076292 -0.0016757943916523984 -5.6620408825712673e-05 -0.0013708191292614383 -0.00098200565673040746 0.0063815121449788577 -0.00053667891882224134 0.0036592551127142305 0.0066991137050325944 0.001347577194714213 -0.00036675681196926638 -0.00018333213763678893 -0.0021299841725490772 0.0015442517897249119 -5.4830178728780502e-05 0.0042581079830780327 -0.0015846368935593638 -0.0014590847631216165 0.0055648103783297398 0.0021801713358257173 -0.00066815255504577495 -0.0014179637332438556 0.0016479450480181683 -0.00040013163346689913 0.002632776408276171 -0.0010019543814132302 -4.8167866623918239e-05 0.0029862918990137132 -0.00029553496245726847 0.0061539439496803329 -0.001366335519596055 -0.0013041876941118418 0.0036405909365800405 0.0039728173739440433 0.0088047770815260998 0.0016975638229504684 0.0014790795373871421 -0.0012287369035942465 -0.0025297521672243482 -0.00048451824933769272 0.0028602282067874537 0.012435759667073464 0.00054730434818312998 -5.8956314194196718e-05 -0.0010985442924887308 -0.0014429169973507758 -0.00044448939768554916 0.0001101530863282315 -0.0006891886563274392 0.0056202138271712349 -0.00067295801043795733 0.0031701921007839537 -0.0016045373512778198
leaf_weight=44 73 48 68 197 56 457 42 11345 92 73 204 54 209 40 75 114 64 52 77 483 103 203 66 56 71 73 363 43 44 1027 141 57 82 43 68 184 41 394 54 1673 118 61 40 40 45 485 277 262 2169 67 41 148 2040 3121 253 1910 2353 92 74 211 290 70
leaf_count=44 73 48 68 197 56 457 42 11345 92 73 204 54 209 40 75 114 64 52 77 483 103 203 66 56 71 73 363 43 44 1027 141 57 82 43 68 184 41 394 54 1673 118 61 40 40 45 485 277 262 2169 67 41 148 2040 3121 253 1910 2353 92 74 211 290 70
internal_value=-0.000393042 0.00473118 -0.000407591 -0.00212373 0.00273077 -0.00308397 -0.000365462 -0.000302671 0.000344244 0.00153646 0.0012617 0.00171507 0.00338431 0.0057023 0.00828571 0.00296137 0.00722689 0.00532353 0.00773077 0.000544692 0.00203046 -0.000422796 -0.000634059 0.0059949 0.00825 6.31301e-05 -0.000610818 -0.000217685 0.00121298 -0.0011473 0.00134259 -0.000177937 0.00289286 -0.00277641 0.00076139 0.00278963 0.00684028 -0.00053131 0.00317073 -0.00147145 0.00120743 0.00307317 0.000937499 -0.000393968 -0.000171956 -0.000196864 0.00132709 -3.10185e-05 -0.000335441 0.0013764 0.000471091 0.00397368 -0.000740086 -0.00124807 -0.000181704 1.11738e-06 0.000724608 0.00423963 0.0093913 -0.000132585 0.00200175 0.00415512
internal_weight=32820 92 32728 783 129 654 31945 30230 4734 2101 2028 1824 751 476 244 232 118 169 129 1073 590 25496 275 195 139 395 2633 2227 877 1350 323 280 139 406 833 317 133 516 122 1715 322 204 143 25293 15410 15365 1280 795 14085 533 466 189 9883 5161 4722 4469 2559 206 114 11916 571 360
internal_count=32820 92 32728 783 129 654 31945 30230 4734 2101 2028 1824 751 476 244 232 118 169 129 1073 590 25496 275 195 139 395 2633 2227 877 1350 323 280 139 406 833 317 133 516 122 1715 322 204 143 25293 15410 15365 1280 795 14085 533 466 189 9883 5161 4722 4469 2559 206 114 11916 571 360
cat_boundaries=0 1 2 3 4 5 6 7
cat_threshold=2618 1124 5 1218 794 1205 17
is_linear=0
shrinkage=0.05


Tree=115
num_leaves=63
num_cat=4
split_feature=8 42 2 33 3 5 5 23 21 14 16 42 23 17 16 15 7 23 39 1 23 17 26 18 11 4 30 21 15 39 27 23 39 30 42 23 42 21 4 16 8 10 23 1 1 39 23 27 8 9 4 30 14 27 11 3 11 7 17 3 10 19
split_gain=1.23004 1.41849 0.931942 1.07121 1.36628 1.05202 0.88495 0.874017 0.829718 0.774202 1.10237 1.08741 0.78152 0.678831 0.646665 0.681274 1.24662 1.04557 0.835628 0.762052 1.24531 0.685243 0.855411 1.25899 0.78147 0.68342 0.66126 0.9461 1.89377 0.770466 1.39733 0.628859 1.18384 1.67542 0.818681 0.629574 0.606378 0.627132 1.28413 0.801499 0.590691 0.793058 0.930874 0.591172 0.677881 0.85765 0.845313 1.1145 2.50555 1.01959 0.935888 0.676937 0.63303 0.900669 0.585366 0.569242 0.564109 1.32799 0.826121 0.671627 1.33699 1.50458
threshold=1.0000000180025095e-35 0.60397012578616371 0.24187655595729399 25.478571428571431 0.20381898045918814 5.1991450204564975 7.0895420862706473 -0.18232155679395476 5904.1650000000009 -0.35651151854097035 -0.095293893424622564 0.68377192982456159 1.4800561065603051 0.065014853195458869 -1.895766804087009 0.081770950546220314 6.2600897239941053 -1.486731159596977 0 0.36772554935549545 0.12838055898188896 -0.083060119452976963 47.500000000000007 0.40808441569059445 70.500000000000014 0.3776303091147209 3.4500000000000006 7262.5000000000009 -0.079114954697970127 1 40.500000000000007 0.25973435996100563 2 0.35000000000000009 0.9536672629695887 0.43078291609245423 0.70087719298245621 16650.000000000004 -0.054066563375105396 0.52443511945935384 0.53649740122001222 0.061544775429710714 -0.69314718055994529 -0.68219613008179969 -0.10919929196499244 3 -0.43777693661845068 28.500000000000004 0.17265165414020475 0.21039976718447317 0.20067069546215113 47.850000000000009 -0.48139977505668335 37.500000000000007 37.500000000000007 0.32702850316407611 3.5000000000000004 7.1844346054782617 -0.53945705895060259 -0.074361293621711053 0.067394446844919034 0.14081629707629856
decision_type=8 2 2 2 2 2 2 10 10 2 2 2 10 2 2 2 2 8 1 2 8 2 2 10 2 2 2 8 2 1 2 10 1 2 2 10 2 10 2 2 10 2 10 2 2 1 10 2 10 8 2 2 2 2 2 2 2 2 2 2 2 2
left_child=1 -1 5 4 -4 7 13 -2 -8 11 31 -7 36 -3 -5 16 -16 25 19 -17 -21 -19 24 -24 26 -18 27 -23 -29 30 -28 56 33 34 -33 -34 -12 -38 -39 -40 43 42 -42 -13 45 46 47 49 -49 -45 51 -48 -47 -54 -43 -14 57 -11 -59 -58 61 -61
right_child=2 6 3 14 -6 9 8 -9 -10 10 12 40 55 -15 15 18 17 21 -20 20 -22 22 23 -25 -26 -27 29 28 -30 -31 -32 32 35 -35 -36 -37 37 38 39 -41 41 54 -44 44 -46 52 50 48 -50 -51 -52 -53 53 -55 -56 -57 59 58 -60 60 -62 -63
leaf_value=0.0051315791247411634 -0.0080583361069025139 0.00071426303303473231 0.0035524675098573839 -0.0036209362408600025 -0.00063991369403822347 0.0027573066121773381 -0.00087952363769940804 0.051809253813305728 0.00077737576471566163 0.0022903490868717877 -0.00092653436388271326 -0.0029444250419634003 -0.0013280976667634262 -0.0012479862037497484 0.0066021361020853174 -0.00075887680149583781 1.6385577621746972e-05 -0.0011738966336225151 -0.0018951761296004861 0.0054202519398214776 -0.00050324337859314133 -8.1932442696954345e-05 0.0096697078432910477 -3.6587466708967792e-05 -0.0027137537831845768 0.0047797001268903416 -0.0014026192393932638 0.0058030531162031268 -0.0015685684317344227 -0.0022657871772056091 0.00293560455482166 0.00071137619856809567 -0.00083113789805321818 -0.00056029557880369187 0.0034142764253363373 -0.00011075380891970509 -9.3858777321198682e-05 0.0021546112581879657 -0.0016282401465805814 0.00082256908920173486 0.0098328812855934776 0.0097214233056541442 -0.0012858041736243647 -0.0018484090882908953 -0.00036866288081321578 -0.00083528467962127543 -0.00061677363653428333 0.0030922166553702651 0.00047783739607525132 0.0014316849445618349 0.0040477532852652614 0.0015448676207682152 -0.00016966810750023331 0.0023350225124023466 0.0044020745009502853 0.00036106332111076109 1.1407427352544897e-05 0.0014300501674187885 -0.0013530488457849463 0.00057173535309397439 3.2298516306472024e-05 0.0018235999521446751
leaf_weight=44 43 45 40 239 83 87 595 52 43 68 453 92 491 44 42 433 48 1275 866 73 124 165 44 49 208 47 74 58 58 282 44 78 327 164 61 600 13780 42 75 42 47 40 128 60 3887 753 367 47 67 40 72 60 84 60 40 42 2131 44 316 1581 1327 69
leaf_count=44 43 45 40 239 83 87 595 52 43 68 453 92 491 44 42 433 48 1275 866 73 124 165 44 49 208 47 74 58 58 282 44 78 327 164 61 600 13780 42 75 42 47 40 128 60 3887 753 367 47 67 40 72 60 84 60 40 42 2131 44 316 1581 1327 69
internal_value=-0.000430654 -0.00240285 -0.000383017 -0.00107219 0.00350806 -0.000277258 -0.00293269 0.00494792 -0.00358373 -0.000295407 -0.000156972 -0.000801586 -0.00039696 0.00172222 -0.00120944 -0.00105371 -0.000530273 -0.000684234 -0.00189045 -0.00046802 0.00209596 -0.000901241 9.15553e-05 0.00462766 -0.000387642 0.00442708 0.00043255 0.00228723 0.00572649 -0.000872819 0.0024031 0.000372394 -0.000649879 0.00202229 0.00610714 -0.00152985 -0.000327244 -0.000268653 0.00284375 0.000127117 -0.000884518 0.00146484 -0.000426138 -0.000991951 -0.000924883 -6.20744e-05 0.00122237 0.00386046 0.00721739 -1.18029e-09 0.000109999 -0.000782711 -0.0010848 0.00193103 0.00555555 -0.00227528 0.000599601 -0.00114219 -0.00235457 0.000745742 0.00123069 0.0021805
internal_weight=32740 771 31969 4252 123 27717 727 95 638 27622 21691 5931 14925 89 4129 3890 2394 2352 1496 630 197 2257 982 93 889 95 681 281 116 400 118 6766 1230 303 139 927 14392 13939 159 117 5844 255 175 5589 5497 1610 713 214 114 100 499 427 897 144 80 533 5536 428 360 5108 2977 1650
internal_count=32740 771 31969 4252 123 27717 727 95 638 27622 21691 5931 14925 89 4129 3890 2394 2352 1496 630 197 2257 982 93 889 95 681 281 116 400 118 6766 1230 303 139 927 14392 13939 159 117 5844 255 175 5589 5497 1610 713 214 114 100 499 427 897 144 80 533 5536 428 360 5108 2977 1650
cat_boundaries=0 1 2 3 4
cat_threshold=3144 4739 2320 6912
is_linear=0
shrinkage=0.05


Tree=116
num_leaves=63
num_cat=7
split_feature=8 1 20 8 12 42 27 5 20 23 42 18 16 9 9 23 18 25 20 42 27 11 11 23 43 21 25 8 1 42 30 21 22 30 25 42 18 4 23 25 22 1 20 7 17 1 21 22 16 11 25 21 21 38 26 12 17 25 16 12 9 27
split_gain=1.20517 0.922326 0.996484 1.46599 0.957908 0.774985 0.794018 0.747564 0.702982 1.63047 1.54329 0.875333 1.14797 0.918099 0.720168 1.54557 0.703849 0.710009 0.711792 1.3342 1.77974 0.856612 0.673155 0.650623 1.23141 1.06407 1.30021 1.07043 0.873713 1.39504 1.06035 0.808902 0.86623 1.63499 1.24084 1.56469 1.43701 1.69808 1.19128 0.88308 0.877882 0.801002 0.819199 0.791905 0.837798 0.734175 1.00972 1.00347 0.780005 0.769243 0.758466 1.13351 0.738721 0.710203 1.01905 0.70146 1.30389 0.730873 1.52892 1.18852 0.695992 0.901436
threshold=1.0000000180025095e-35 0.15357085270200213 -0.39487805025586709 0.63991525756007761 21.500000000000004 0.71767001114827222 37.500000000000007 6.9550755583261159 0.049548934084961617 -0.38408152339735618 0.88975694444444453 -0.5185610837028406 0.036394137746188944 0.13581423052615452 0.26957315149277766 1.7375336151143057 -2.3238855437980299 0 -0.068113474504967006 0.88284313725490204 25.500000000000004 23.500000000000004 81.500000000000014 -0.20195280710789063 1.0000000180025095e-35 7412.5000000000009 1 0.088519073173782242 0.061390617348792371 0.82785560344827591 18.950000000000006 1600.6250000000002 0.09173461519180251 47.350000000000001 2 0.91596045197740128 0.27420281208796782 0.087011376989630587 -0.80937015254820699 3 0.44427887859366533 0.1431008436406738 0.029198589041109401 8.4555417248955198 -0.1840987671237064 0.050928960396960939 4806.2500000000009 -0.49036490446032044 0.34668842371341141 58.500000000000007 4 1285.5000000000002 864.58500000000015 5 9.5000000000000018 23.500000000000004 -0.01627375871561609 6 0.91629073187415511 85.500000000000014 0.035256407133271994 38.500000000000007
decision_type=10 2 8 10 2 2 2 2 10 8 2 10 2 10 10 8 8 1 10 2 2 2 2 10 2 10 1 10 2 2 2 8 10 2 1 2 10 2 10 1 10 2 10 2 2 2 10 10 2 2 1 10 10 1 2 2 2 1 2 2 10 2
left_child=5 2 3 -2 -4 6 -1 22 16 10 -10 12 14 -13 -11 -16 -3 18 19 20 -18 -21 -7 24 31 43 -27 -28 29 -29 -30 32 34 39 35 -6 -37 -38 -36 40 -34 55 -43 45 -45 -25 47 -47 -48 52 51 -51 -49 54 -54 56 -33 58 59 -57 61 -59
right_child=1 8 4 -5 23 7 -8 -9 9 11 -12 13 -14 -15 15 -17 17 -19 -20 21 -22 -23 -24 25 -26 26 27 28 30 -31 -32 41 33 -35 38 36 37 -39 -40 -41 -42 42 -44 44 -46 46 48 49 -50 50 -52 -53 53 -55 -56 57 -58 60 -60 -61 -62 -63
leaf_value=-0.00031101932802850524 0.039943695178121741 -0.0033843681121433367 -0.00020322820435265764 -0.01351406441967295 0.0045691811937456379 -0.0011803320522909295 0.001869671219389741 -0.0008183987910830346 0.003556418280684346 -0.0011842382295337993 0.00054040039413382726 0.0017812162838663768 0.0046504107400805314 -0.001285765798320774 -0.0012446691336853314 0.0083689542213061449 -0.0030096725379805058 -0.00093008811979589383 -0.00034526642396837457 0.0058793624963599973 0.0078395696209259645 -0.0030191792118726274 0.00064976191498313332 -0.00018927906980520219 0.0014903323292695635 -0.00065889016451510952 -0.00022497268027818685 0.0058889435140800517 -0.0024828481157376848 0.0021314188667787511 0.0023196877775162783 0.0025348667091753155 0.0019803401116722935 0.0038697977635858889 0.0041269667930202052 -0.00034058408681090499 0.0038445546390749423 -0.00097621814977333203 -0.00034442983868353749 -0.00085869477942864469 -0.00040596990331049227 0.00011307223441886743 0.0039419757898227648 0.00012871736726705721 -0.0022622308001462926 0.0027042321985702475 0.0013285320640667548 0.0023854636722845726 0.0020385871490223011 0.0080314412491763187 -0.001573126334385294 -0.00069502762055607102 0.0022703417706238503 -0.00058750952379508278 0.00025494736809480507 -1.2989685427309981e-05 -0.00024927809472506408 0.00070963941872317872 0.004991372336282285 0.0033055890271631409 -9.4499787695513082e-05 -0.00048451747950095235
leaf_weight=120 41 193 6290 42 68 53 63 670 67 170 268 64 53 1098 109 40 46 2632 1513 73 72 153 56 5862 44 376 173 40 58 358 43 77 55 75 60 117 62 43 230 428 46 82 40 170 540 49 86 58 42 40 363 87 64 414 514 390 112 69 40 60 7352 63
leaf_count=120 41 193 6290 42 68 53 63 670 67 170 268 64 53 1098 109 40 46 2632 1513 73 72 153 56 5862 44 376 173 40 58 358 43 77 55 75 60 117 62 43 230 428 46 82 40 170 540 49 86 58 42 40 363 87 64 414 514 390 112 69 40 60 7352 63
internal_value=-0.000448423 -0.000395595 -0.000258287 0.00517857 -0.000276442 -0.00219107 0.000733694 -0.00287821 -0.000924146 -0.000104279 0.00305059 -0.000794789 0.00131367 -0.00147034 0.000171874 0.0027 -0.00125134 -0.00112361 -0.000366704 0.00168116 0.00596639 -0.000572688 0.000954544 -9.81392e-05 0.000192872 -0.000394625 0.00110581 0.00240117 0.00361 0.00466165 -0.000539217 0.000153642 0.00137553 4.95856e-05 0.00275387 0.00498339 0.00309417 0.00731132 0.000332225 -0.000933963 0.00308036 -2.11212e-05 0.00398374 -0.00058444 -0.00218003 -0.000434698 0.000474388 0.00012893 0.00472868 -9.73406e-05 -0.00173116 0.00155797 0.000666031 0.000342396 0.0014601 -8.14564e-05 0.00292105 -0.000152979 0.00169661 0.000886917 -0.000276185 0.00330827
internal_weight=32736 31774 25223 83 25140 962 183 779 6551 1869 335 1534 372 1162 319 149 4682 4489 1857 344 118 226 109 18850 9513 9337 1048 672 499 398 101 9469 1184 604 580 290 222 105 290 529 101 8285 122 8289 710 7579 1717 1589 128 1540 490 127 1050 992 578 8163 189 7974 490 450 7484 132
internal_count=32736 31774 25223 83 25140 962 183 779 6551 1869 335 1534 372 1162 319 149 4682 4489 1857 344 118 226 109 18850 9513 9337 1048 672 499 398 101 9469 1184 604 580 290 222 105 290 529 101 8285 122 8289 710 7579 1717 1589 128 1540 490 127 1050 992 578 8163 189 7974 490 450 7484 132
cat_boundaries=0 1 2 3 4 5 6 7
cat_threshold=3346 2581 313 1664 584 12 4
is_linear=0
shrinkage=0.05


Tree=117
num_leaves=63
num_cat=7
split_feature=0 8 41 12 31 22 8 33 25 39 18 18 27 31 1 30 33 27 21 12 27 39 8 5 23 4 39 14 23 17 9 13 5 37 41 14 3 4 9 39 18 2 0 22 8 5 11 13 33 5 17 12 18 25 17 9 9 27 8 9 13 25
split_gain=0.827973 0.859122 1.08949 1.55635 1.94289 0.766651 1.04026 1.7571 0.818659 0.856212 0.791238 1.0115 1.67191 1.10954 1.52139 1.02741 1.25799 0.703313 1.59884 1.44834 1.08836 2.25421 2.48831 2.14268 2.04352 1.37829 1.00824 1.02306 0.98834 0.941968 0.912381 0.98191 1.2585 0.895339 0.878005 1.27862 1.48893 1.26865 1.25735 1.10855 1.05402 1.22862 1.58083 1.02627 0.968298 0.891626 1.03699 0.810232 1.36586 1.00549 0.988749 1.14785 0.799743 0.776161 1.18534 0.765432 0.6869 1.06649 0.911016 0.825164 0.840813 0.708291
threshold=0.55961578793542299 1.0000000180025095e-35 20.306250000000002 84.500000000000014 1.9500000000000004 0.18191457106311407 0.038093836530767151 29.850000000000009 0 1 0.57155857128730647 0.92554658798690037 38.500000000000007 178.40000000000001 0.0084387776961873957 5.0500000000000016 34.507142857142874 8.5000000000000018 746.66500000000008 19.500000000000004 5.5000000000000009 2 0.24052014212476572 7.3802916033060546 -0.41871033485818493 -0.026897768404696262 3 -0.91629073187415466 -0.09520332463871338 -0.29621663259872161 0.22219589940794029 0.60000015789482009 7.6189832950791905 10.500000000000002 13.076951535331116 0.014633747355627504 0.38784316473300967 -0.060206557168971823 0.14670389068176792 4 0.42876378334726073 0.053895556201633894 0.0224734240341995 0.10077028526064297 0.14994129785481952 7.6601936588677964 38.500000000000007 0.78263441337956019 27.707142857142859 7.3984874444269311 0.15363517021536557 52.500000000000007 0.70776801232451081 5 -0.39841174422099956 0.2503564560228328 0.035256407133271994 33.500000000000007 0.029464010754302754 0.051067671585053459 0.93749836282633237 6
decision_type=2 8 2 2 2 10 8 2 1 1 8 10 2 2 2 2 2 2 8 2 2 1 8 2 10 2 1 2 8 2 10 2 2 8 2 2 2 2 10 1 10 2 2 8 10 2 2 2 2 2 2 2 10 1 2 10 10 2 8 10 2 1
left_child=1 2 3 -1 -5 17 7 -7 -8 -10 -11 12 15 -13 -15 16 -12 18 -3 26 34 47 23 -23 -25 -26 -20 -28 -29 -30 -31 -32 -33 -19 45 38 37 43 40 -39 41 -36 -43 -37 52 46 -21 48 -22 -49 51 -51 -41 54 -47 -48 57 -35 -59 60 -58 -61
right_child=-2 5 -4 4 -6 6 8 -9 9 10 11 13 -14 14 -16 -17 -18 33 19 20 21 22 -24 24 25 -27 27 28 29 30 31 32 -34 56 35 36 -38 39 -40 44 -42 42 -44 -45 -46 53 55 49 -50 50 -52 -53 -54 -55 -56 -57 59 58 -60 61 -62 -63
leaf_value=-0.0017028215710065177 -0.0019065817514630715 0.003370509304012238 -0.00071588296925807759 0.0028733258821339214 -0.00012563915313234321 -0.0029895418632294619 -0.0006123440040191494 0.0038492071448239921 -0.00081856778501593276 -0.00028402310229143812 0.0018319320289961272 -0.00075811536874054901 -8.3947515051581938e-06 -0.0019667325484228051 0.0081037485768930533 0.0011932393377443321 0.0049520384854127159 -0.0014896090113668723 -0.0018469821809880716 -0.0036940945243751039 0.002376079412762095 -0.00086571207979520477 0.011948217396186657 0.00039113936971731534 0.0047242136011827023 0.0022165343398963372 0.00084831845254015328 -0.001312772032638577 -0.0018029136337457648 -0.00014693007438886684 0.0021911995145459918 0.0057559878662336566 -0.0059788475130935336 0.0012576893496605759 0.00025937352765263857 0.00068622274053965467 0.0036910087984870638 -0.00085346293875755784 -0.0010410104815030581 -0.00063531719658933513 -0.00030188092125914018 0.003005974859300702 0.00034984686115338456 0.0043846147387562682 0.0061850081914181813 0.0047347355194690167 0.0057242731825645661 0.0022065271233781855 -0.0022257318918764719 0.0063721108738476698 -0.0011996288243190404 -0.00029775134443167742 0.0015179970481292442 -0.0017635873856603696 -0.00024356138602413407 0.003676687989742028 -0.0011773101086721693 -0.001225249574807033 0.00026212802564641255 1.1238931575925817e-05 0.0007013742809098035 -0.00014943713322199481
leaf_weight=310 647 75 320 55 92 53 1888 67 833 1277 48 412 165 40 51 69 50 287 332 50 56 111 58 127 40 76 86 227 105 303 40 73 42 60 246 118 41 163 422 92 131 42 51 64 66 45 40 68 283 63 116 80 46 562 101 40 336 60 43 10360 55 10189
leaf_count=310 647 75 320 55 92 53 1888 67 833 1277 48 412 165 40 51 69 50 287 332 50 56 111 58 127 40 76 86 227 105 303 40 73 42 60 246 118 41 163 422 92 131 42 51 64 66 45 40 68 283 63 116 80 46 562 101 40 336 60 43 10360 55 10189
internal_value=-0.000367963 -0.000331899 -0.00197301 -0.000403931 0.00381757 -0.000290734 -0.000860922 0.00371901 -0.000975384 -0.000448242 8.94948e-05 0.00128588 0.00342342 -0.000128969 0.00483696 0.00693452 0.010202 -0.000182381 0.000372703 0.00025396 0.000782582 0.00209453 0.0049409 0.00346479 0.00608606 0.0108547 -0.00123242 -0.000315672 -0.000884957 0.000239361 0.00122004 0.00432692 0.00193965 -0.000303867 0.000172338 0.000903573 0.00270727 0.00200909 -0.000291155 0.000312499 0.0014862 0.00295588 0.00781915 0.00540983 0.00269767 -0.00112038 0.00267175 0.000251107 -0.00145588 0.00202744 0.000596153 0.00336805 0.000431653 -0.00181947 0.00140127 0.00617284 -0.000266064 0.00295732 -0.000144232 -0.000291296 -0.00256378 -0.000247933
internal_weight=32448 31801 777 457 147 31024 4953 120 4833 2945 2112 835 332 503 91 167 98 26071 4681 4606 3398 1078 412 354 243 116 1208 876 790 563 458 155 115 21390 2320 1482 590 549 892 367 470 339 93 182 204 838 130 666 339 327 259 143 138 708 146 80 21103 163 103 20940 391 20549
internal_count=32448 31801 777 457 147 31024 4953 120 4833 2945 2112 835 332 503 91 167 98 26071 4681 4606 3398 1078 412 354 243 116 1208 876 790 563 458 155 115 21390 2320 1482 590 549 892 367 470 339 93 182 204 838 130 666 339 327 259 143 138 708 146 80 21103 163 103 20940 391 20549
cat_boundaries=0 1 2 3 4 5 6 7
cat_threshold=2821 1543 5387 138 2308 84 2587
is_linear=0
shrinkage=0.05


Tree=118
num_leaves=63
num_cat=10
split_feature=8 42 13 2 39 23 8 25 7 19 42 33 13 8 2 8 20 23 23 8 41 14 25 24 13 41 7 40 9 3 10 19 44 19 17 10 39 25 18 2 14 2 39 2 30 23 6 39 33 20 20 17 39 30 19 2 42 4 7 20 2 25
split_gain=1.09346 1.15771 0.774064 0.750524 1.28042 1.24137 1.11536 1.13146 1.57785 1.29028 1.35489 1.6368 1.5245 1.40186 1.27045 1.09997 0.931004 1.14368 0.807548 1.30072 1.35515 0.815336 1.15524 0.978851 0.954213 1.09707 0.994693 1.67502 1.30309 0.938983 1.73365 1.37838 1.25039 1.42937 1.14737 1.06971 0.996828 1.2284 1.5122 1.18738 1.84372 0.850009 0.8412 0.90953 1.11487 0.968751 0.829174 0.821695 0.843007 1.0568 2.80501 0.820843 1.41232 1.96291 1.2442 0.998997 0.910584 1.62761 1.19317 1.79805 0.872498 0.749571
threshold=1.0000000180025095e-35 0.64888572783309639 0.51648434971713364 0.22314355131420929 0 0.04800921918636037 0.57451047271504441 1 8.0510512818982338 -0.18239341141419144 0.94849690539345721 32.321428571428577 0.85714310204095634 0.2430317533792706 0.31015492830383856 0.067057130831564726 -0.39487805025586709 -0.24116315898283955 -0.40618698097770162 0.70519766509369242 28.918548387096777 -0.30928125829521352 2 3 0.49472690000708236 11.903488372093024 8.7616068169315753 2.5000000000000004 0.21459532589739591 -0.089612158689686514 0.065224753689568274 -0.059005620526489909 0.15476190476190479 -0.096716078610793246 1.332267629550188e-15 -0.048070862040311184 4 5 1.6234828610924865 -0.22314355131420924 0.029852963149681225 -0.48558135060057056 6 0.076232631899715755 21.550000000000008 -1.3856658255248648 9.105006990094358 7 36.96428571428573 -0.0038568624947864509 -0.015278927780754147 0.15363517021536557 8 64.500000000000014 0.09114674170156388 0.061875362228754234 0.99230769230769245 0.044452874230940694 7.3132974622550506 0.0048184949490962569 0.1872436389177228 9
decision_type=8 2 2 2 1 8 10 1 2 2 2 2 2 8 2 10 8 10 10 10 2 2 1 1 2 2 2 2 8 2 2 2 2 2 2 2 1 1 8 2 2 2 1 2 2 10 2 1 2 10 10 2 1 2 2 2 2 2 2 10 2 1
left_child=1 -1 -3 16 5 6 7 -5 9 -9 -11 12 13 14 -12 -7 17 -2 19 21 -21 22 -18 51 -24 26 27 -26 -29 36 31 32 33 35 -35 -31 37 39 -39 -25 -41 -27 43 45 -45 -32 -28 48 49 50 -43 52 53 55 -54 56 58 -58 59 -23 -53 -33
right_child=3 2 -4 4 -6 15 -8 8 -10 10 11 -13 -14 -15 -16 -17 18 -19 -20 20 -22 23 24 29 25 41 46 28 -30 30 42 61 -34 34 -36 -37 -38 38 -40 40 -42 47 -44 44 -46 -47 -48 -49 -50 -51 -52 60 54 -55 -56 -57 57 -59 -60 -61 -62 -63
leaf_value=0.0023037116854768623 -0.0033484012295572629 0.0001432952774596645 -0.00076119333904708128 -0.0017274875048067604 -0.00096969814265202448 0.0012098256455922338 0.0066349614933100516 -0.0011107689774549796 -0.0013270521144482553 7.3126875760276896e-05 0.0012394462771419261 0.006588499979306277 -0.00046446043951849509 -0.00062934183736939415 0.0054277999504186679 -0.00078580746615736121 -0.00075651110297388752 0.041653691868936693 -0.00013957983518099253 0.0085691265070460317 -0.00079609808266058841 -0.00022966362163296403 -0.0006938168066490339 -0.00010885877255700731 0.0007507590334599794 0.0070700299538371397 -0.0021787421155011646 0.004965202694314455 0.0038210529645939131 0.0054692520600369233 -0.00073137938407841837 0.00049745818009493343 -2.2301396139680834e-05 0.0066833778888856213 0.0017864965756437723 -0.000344000157934494 -0.00053354208502273584 -0.00065622779244494951 0.0057052647583338452 0.0051233230640858971 0.00040115970143693517 0.00021596516183929005 -0.0008503108376517551 0.00030922009802109512 0.0026579562419655214 0.0018802218661085951 0.0019295400175886744 -0.0013250858690898694 -0.0013788847192809858 -0.00029010204931011278 0.0065296152170691056 -2.3971332061034629e-05 -3.8494338478862205e-06 0.0065245977728213946 0.0054125325745636192 -9.034542847437278e-05 0.00064765177608050927 0.0052929068575184417 0.00039611294715146588 0.0060052167543842945 0.0013299749516564633 -5.182160818711937e-05
leaf_weight=75 52 108 601 284 2272 62 80 53 198 161 48 44 77 42 61 1480 858 40 15351 82 61 49 408 56 158 43 82 44 44 61 162 594 110 63 44 98 1487 456 40 51 56 147 1165 126 75 51 54 300 121 304 56 1543 891 78 49 151 45 41 254 54 46 952
leaf_count=75 52 108 601 284 2272 62 80 53 198 161 48 44 77 42 61 1480 858 40 15351 82 61 49 408 56 158 43 82 44 44 61 162 594 110 63 44 98 1487 456 40 51 56 147 1165 126 75 51 54 300 121 304 56 1543 891 78 49 151 45 41 254 54 46 952
internal_value=-0.000411163 -0.00225478 -0.00288028 -0.000365805 -0.000937694 -0.000173012 0.00115348 0.000681113 0.00176978 0.00332649 0.00422811 0.00637363 0.00462882 0.00753289 0.0105 -0.00107583 -0.000262994 0.00473118 -0.00028021 3.44489e-05 0.00475694 -2.4853e-05 -0.00079962 0.000204542 -5.92563e-05 0.000579762 0.00284595 0.00473684 0.0102247 -0.000191765 0.000312677 0.00132085 0.00403183 0.00588015 0.0103241 0.00284375 -0.00101537 0.000604476 -0.000650889 0.00422414 0.0075463 -0.000313787 -0.000914558 0.00101176 0.00344059 -0.00123832 -0.000583943 -0.000635093 0.000406885 0.00130905 0.00409314 0.000901306 0.0016987 0.00342606 0.000420609 0.00248739 0.00368243 0.00827586 0.00255586 0.00706731 9.74831e-05 0.000659339
internal_weight=32699 784 709 31915 4862 2590 1048 968 684 486 433 272 228 151 109 1542 27053 92 26961 11610 143 11467 2619 8848 1761 1353 382 246 88 5647 3501 1922 376 266 107 159 2146 659 496 163 107 971 1579 414 201 213 136 928 628 507 203 3201 1612 672 940 594 443 86 357 103 1589 1546
internal_count=32699 784 709 31915 4862 2590 1048 968 684 486 433 272 228 151 109 1542 27053 92 26961 11610 143 11467 2619 8848 1761 1353 382 246 88 5647 3501 1922 376 266 107 159 2146 659 496 163 107 971 1579 414 201 213 136 928 628 507 203 3201 1612 672 940 594 443 86 357 103 1589 1546
cat_boundaries=0 1 2 3 4 5 6 7 8 9 10
cat_threshold=3692 156 2625 3 297 641 578 5390 7170 2602
is_linear=0
shrinkage=0.05


Tree=119
num_leaves=63
num_cat=8
split_feature=1 25 10 20 12 8 42 13 5 13 36 22 36 25 18 41 10 8 10 39 25 7 5 8 18 4 13 42 11 10 15 14 4 0 13 38 41 41 23 25 0 18 2 22 20 2 39 7 8 22 42 11 10 20 30 5 22 25 13 1 12 13
split_gain=0.952201 1.04629 1.16563 1.09601 1.20254 1.01362 1.08891 1.26741 1.09115 1.44911 0.798482 2.44275 1.41936 1.06654 1.16251 0.598089 0.596158 0.6752 0.562892 1.37006 1.26584 1.58897 1.46364 1.53925 1.87133 1.37731 1.23285 1.21368 1.55453 2.63735 1.87745 1.4455 1.34903 1.30825 1.07855 1.05375 1.02566 1.43307 1.70328 1.20524 1.42322 0.95684 0.955627 0.940809 0.914536 1.27131 0.897106 0.9545 1.83019 1.18747 1.963 1.22023 0.968958 1.39125 1.057 0.881682 1.39808 0.872106 1.2975 0.92224 1.15735 1.00214
threshold=0.49507726679785075 0 0.54000608367570913 0.071078811481381704 35.500000000000007 1.0000000180025095e-35 0.64888572783309639 0.48257255872630939 6.9550755583261159 0.79999935135065015 0.0012274483160944125 -0.37565313560212882 0.00077233001057840859 1 -0.89328616701801467 8.2269383135257517 0.18563225380800932 0.11942135884019207 0.067394446844919034 2 3 6.4968276677842605 8.6146459317517738 0.069214579455098221 0.88922604296945007 0.3498132511473338 1.5047944010582353 0.86319073083778985 12.500000000000002 0.46574443354476275 -0.29438335457732706 -0.062131781107006338 0.3776303091147209 -0.11778364541285356 0.58123122796666571 4 6.5121129326047358 4.7861904761904768 0.16924724100099067 5 -0.095308986622574018 0.6515914030715052 0.50214333918197573 -0.42109216111082687 -0.030794805230570068 -0.1251629076598326 6 7.1522174505434117 0.28396949423407475 -0.78746964357150795 0.90521114106019784 45.500000000000007 -0.11069605386693525 0.007528203565117293 10.050000000000002 9.5100251856682174 -0.13975807762592288 7 1.058824152249868 0.024692612590371702 41.500000000000007 0.34384930321744817
decision_type=2 1 2 10 2 10 2 2 2 2 2 8 2 1 10 2 2 10 2 1 1 2 2 10 8 2 2 2 2 2 2 2 2 2 2 1 2 2 10 1 2 10 2 8 10 2 1 2 10 8 2 2 2 10 2 2 10 1 2 2 2 2
left_child=5 -2 3 -3 -5 6 7 -1 9 -8 12 -12 18 14 -13 -10 17 -16 35 20 21 -20 23 25 26 -22 27 32 30 33 31 34 -25 -30 -29 36 37 38 -7 40 -39 -32 -38 -24 45 -41 47 48 49 -37 -51 -52 -53 54 -54 -48 -57 58 59 -49 -61 -62
right_child=1 2 -4 4 -6 10 8 -9 15 -11 11 13 -14 -15 16 -17 -18 -19 19 -21 22 -23 43 24 -26 -27 -28 28 29 -31 41 -33 -34 -35 -36 46 42 39 -40 44 -42 -43 -44 -45 -46 -47 55 57 -50 50 51 52 53 -55 -56 56 -58 -59 -60 60 61 -63
leaf_value=-0.00021221596329319307 -0.0029359942795633013 -0.00019926454027159124 -0.006074913647817798 -0.00020681216498835364 0.00810233392916789 -8.3299263389278544e-05 0.00085353713822518089 0.015763588725182551 -0.00012275529248282623 -0.0011371599482314742 0.0013756156102237025 0.0020580160270388579 0.0012549178857004266 -0.0011849345879928195 -0.00024772634059970494 -0.0007437662929056163 -0.0014819762716994146 0.0013257531346077295 0.005584351426896339 -0.00036514206145903474 0.00044300379688416041 -0.0003783296452976004 0.0033877733847201561 0.0059245079129305591 -0.0010598056800482957 0.0071279144916541713 0.0053263424650404128 0.0040434538032329053 0.0032296914393650936 0.0065850653172653323 -5.0956311956790842e-05 0.008223502160367456 0.00016627022466875866 -0.00077430579830027558 -3.7421891253171904e-05 0.02579601386029717 4.7220087177074911e-06 0.0026180367830194668 0.006249836371788324 0.00046735303668284361 0.0030619989347177227 0.0029441866574658774 0.0078985271165556131 -0.0010596814751563787 4.9103953984763643e-05 0.0035714823007871183 -0.00029449936012782485 -0.00019639458209918032 -0.00020207749990480933 -0.00093732027564703054 0.0062481027548851962 -0.001302230535882135 0.0026073517006761347 -2.9704223316993646e-05 0.00055307678348533846 0.0039787709009898803 -0.00017746941136918969 -0.00034350105592699076 0.0039395013237109406 0.0019749393496424038 -0.0014795769125702058 0.00087522474441817518
leaf_weight=51 557 296 137 61 64 971 41 40 156 73 53 54 43 868 224 561 137 58 63 5691 76 1736 42 78 441 70 57 40 83 40 319 43 76 827 63 41 8374 45 127 46 55 110 44 521 205 46 6486 401 479 120 77 58 57 75 58 40 77 777 46 41 55 70
leaf_count=51 557 296 137 61 64 971 41 40 156 73 53 54 43 868 224 561 137 58 63 5691 76 1736 42 78 441 70 57 40 83 40 319 43 76 827 63 41 8374 45 127 46 55 110 44 521 205 46 6486 401 479 120 77 58 57 75 58 40 77 777 46 41 55 70
internal_value=-0.000379104 -0.00181452 -0.000246047 0.0010545 0.00496032 -0.000328409 -0.001961 0.00320652 -0.00253005 0.002 -0.000279291 -0.00144803 -0.000223619 -0.00186662 7.23129e-05 -0.00325209 -0.00082143 0.000494698 -0.000237111 -0.000532911 0.000101149 -0.000936465 0.00074905 0.00130594 0.000971073 0.0062585 0.00170984 0.00146131 0.00103211 -0.000210306 0.0030816 0.00795918 0.00567742 -0.000768388 0.00466346 -7.44501e-05 0.000280632 0.0014873 0.000555049 0.00405779 0.00855856 0.00140698 6.6515e-05 -0.00153369 0.00215909 0.00634408 -0.000467166 0.000369821 0.00157867 0.00373717 0.00297085 0.00498466 0.00325301 0.00497382 0.00840517 -0.000765801 0.00351695 -0.000467291 0.000937499 0.000290492 0.00341317 0.000992062
internal_weight=32721 1115 558 421 125 31606 922 91 831 114 30684 1394 29290 1341 473 717 419 282 29247 10376 4685 1799 2886 2323 2177 146 1736 1679 1525 950 575 146 154 910 103 18871 9913 1495 1098 397 100 429 8418 563 297 92 8958 2355 965 486 445 325 248 190 115 6603 117 1390 613 567 166 125
internal_count=32721 1115 558 421 125 31606 922 91 831 114 30684 1394 29290 1341 473 717 419 282 29247 10376 4685 1799 2886 2323 2177 146 1736 1679 1525 950 575 146 154 910 103 18871 9913 1495 1098 397 100 429 8418 563 297 92 8958 2355 965 486 445 325 248 190 115 6603 117 1390 613 567 166 125
cat_boundaries=0 1 2 3 4 5 6 7 8
cat_threshold=1637 1440 3585 1924 3 81 292 718
is_linear=0
shrinkage=0.05


Tree=120
num_leaves=63
num_cat=4
split_feature=8 10 36 36 26 20 7 35 3 39 19 11 16 39 27 9 27 33 31 8 7 6 14 4 12 27 16 4 42 3 10 3 26 13 27 3 26 39 0 6 4 3 21 2 0 30 41 11 41 14 11 12 13 6 9 20 4 39 7 17 33 11
split_gain=1.23917 1.33735 1.18701 2.19079 1.14267 1.62158 1.16845 1.18968 0.979478 0.957383 0.919878 0.913128 1.18589 0.970277 1.36528 2.55358 1.79696 1.62444 0.927925 1.27029 1.48865 1.6891 1.25526 1.10212 2.09794 0.887536 0.955659 1.48782 0.824581 0.797709 1.18452 0.77779 0.979618 1.20871 1.03582 0.774707 1.48192 1.17694 1.05962 1.32591 0.996793 0.943472 1.34103 1.05301 0.882412 0.853923 1.41411 1.63849 1.61918 1.88263 1.24082 1.75123 1.23105 1.25054 1.14687 1.09101 1.05379 1.01433 1.48409 1.66206 1.01476 1.06052
threshold=1.0000000180025095e-35 0.096028085700740742 0.0012274483160944125 0.00077233001057840859 30.500000000000004 -0.0084087529550607391 8.0914341105833358 0.061138910738959953 -0.21706450523782858 0 -0.048023036577373404 80.500000000000014 -0.69314718055994529 1 7.5000000000000009 0.14879206249840324 3.5000000000000004 28.192857142857147 0.8500000000000002 0.1668651856748708 8.6204382475137198 6.6978340512575008 1.0248926660484747 -0.21079946797452684 7.5000000000000009 34.500000000000007 0.38843194158917133 -0.14532005452676519 0.60397012578616371 0.098846005684959173 -0.011939338877344328 0.2001869733914359 30.500000000000004 1.1666670833333337 2.5000000000000004 0.068993157201318503 50.500000000000007 2 0.40192497299249569 8.9791070778718325 -0.10234293175806107 -0.030372110755613409 16050.000000000002 -0.014720737854791997 0.12871756468506404 0.65000000000000024 24.401754385964917 11.500000000000002 39.686097427476746 0.008658062743114538 11.500000000000002 79.500000000000014 0.27777888888888896 8.2940907101069126 0.4263723920754075 0.02471324898716595 0.18805237928642396 3 8.0837172616332413 -0.031017235515202742 29.850000000000009 47.500000000000007
decision_type=8 2 2 2 2 10 2 2 2 1 2 2 2 1 2 10 2 2 2 8 2 2 2 2 2 2 2 2 2 2 2 2 2 2 2 2 2 1 2 2 2 2 10 2 2 2 2 2 2 2 2 2 2 2 8 10 2 1 2 2 2 2
left_child=28 2 3 11 -4 -6 7 -7 10 -10 -3 35 -13 -14 15 16 -15 -17 25 20 21 -20 23 -23 -25 -16 27 -27 -1 30 -26 32 33 34 -11 37 38 -2 39 -37 -38 43 -43 45 -45 50 54 -48 49 -49 51 56 53 -52 -47 57 -39 58 59 -50 61 -59
right_child=1 8 4 -5 5 6 -8 -9 9 31 -12 12 13 14 18 17 -18 -19 19 -21 -22 22 -24 24 29 26 -28 -29 -30 -31 -32 -33 -34 -35 -36 36 40 41 -40 -41 -42 42 -44 44 -46 46 47 48 55 -51 52 -53 -54 -55 -56 -57 -58 60 -60 -61 -62 -63
leaf_value=0.002638421559402956 -0.00043938699698640202 0.0053063834740850972 -0.001124749724432515 0.0011738554735995597 0.0019131232218817197 0.0034957517816407327 -0.0015108387742231917 -0.0011479857026580388 -0.00018906461960636303 0.0050168748137399523 2.9252189034367099e-05 -0.00048355755517433447 -5.4776655870218079e-05 0.0027415791734947039 -0.0011987411312374338 0.0034672798160553958 0.0044848947885381798 -0.00032084315921479837 0.0053052487340191625 -0.00025369098860846635 0.0047331515886834229 -0.0019325529954404915 0.0019043139799854504 0.0024360562054607129 0.0012110704183985071 0.0051674282195460627 -0.0040881054438219105 -0.00023173340304212349 -0.00062324484462088323 0.0026422107477145243 -0.0010164590539497244 -0.0015382739197480849 -0.0012799605008503769 0.0022459415927733981 -0.00035017701681201176 0.00015960488917400541 0.0043960296552039519 -0.00051380541538804459 0.0019791746825915933 -0.0009590058461375208 0.00071950293133922992 -0.0002867517176231423 0.00050701216408702624 0.00055750874754440048 -0.00065399829636448507 -0.00026084894617832367 -0.0010620723598302527 0.0019041350069366929 0.0040743923049828476 0.0069446032134789035 0.0020896272272808432 0.0047955010967936484 -0.00074260918086383322 -0.0010826598677615739 0.0069120828759156611 -0.00031902540830341594 0.0030572393504304726 0.0023296582149466109 0.0032873740294862633 -9.6640164516205695e-05 -0.00033817182674531241 -0.00038075975051833622
leaf_weight=43 4831 41 694 43 44 41 108 59 7142 40 106 496 1177 64 262 40 60 144 72 357 78 115 45 52 123 65 63 73 724 42 159 1525 376 58 838 2749 43 131 47 290 40 2793 81 1588 297 1055 216 82 41 76 46 41 1800 45 40 228 52 232 41 101 218 96
leaf_count=43 4831 41 694 43 44 41 108 59 7142 40 106 496 1177 64 262 40 60 144 72 357 78 115 45 52 123 65 63 73 724 42 159 1525 376 58 838 2749 43 131 47 290 40 2793 81 1588 297 1055 216 82 41 76 46 41 1800 45 40 228 52 232 41 101 218 96
internal_value=-0.000469698 -0.000421905 -0.000201131 -0.000122415 -0.00193242 0.000948615 -0.000909092 0.0029703 -0.000896614 -0.000956414 0.00314189 -0.000145999 0.000592029 0.000967579 0.00168767 0.00472492 0.01024 0.000972972 0.00107498 0.00190134 0.00315866 0.00231527 0.00134078 0.000599592 0.00190981 -0.000786639 0.00170792 0.00402878 -0.00245443 0.000399999 -0.000565372 -0.0017328 -0.000845393 2.13435e-05 -0.000443687 -0.000294782 0.000411671 -0.000453228 0.000233235 0.000116775 0.00696428 -0.000123511 -0.000876523 0.000213162 0.00120626 -0.000199253 0.000440872 0.00153528 0.00230735 0.00698113 -0.000933366 0.00257778 -0.00135042 0.00429348 -0.0008896 0.00152923 0.000461955 0.0024726 0.00559278 0.00342657 0.00129264 0.00306991
internal_weight=32669 31902 21776 20830 946 252 208 100 10126 9979 147 20787 3487 2991 1814 308 124 184 1506 1043 686 608 536 491 376 463 201 138 767 324 282 2837 1312 936 878 17300 3169 14131 3086 3039 83 9300 2874 6426 1885 4541 2426 1331 1115 158 2115 224 1891 91 1095 957 183 729 183 142 546 328
internal_count=32669 31902 21776 20830 946 252 208 100 10126 9979 147 20787 3487 2991 1814 308 124 184 1506 1043 686 608 536 491 376 463 201 138 767 324 282 2837 1312 936 878 17300 3169 14131 3086 3039 83 9300 2874 6426 1885 4541 2426 1331 1115 158 2115 224 1891 91 1095 957 183 729 183 142 546 328
cat_boundaries=0 1 2 3 4
cat_threshold=7691 5249 2944 4098
is_linear=0
shrinkage=0.05


Tree=121
num_leaves=63
num_cat=8
split_feature=8 2 22 25 16 27 17 16 44 36 10 9 35 35 33 37 9 15 33 4 19 18 15 4 18 39 8 25 21 17 11 11 8 25 25 2 30 21 11 27 6 25 33 21 3 12 42 11 22 13 15 17 9 6 39 12 18 33 8 25 27 17
split_gain=1.36229 1.28554 0.883873 0.838344 0.971883 0.982841 1.62585 1.40193 0.780574 0.73999 0.712915 1.30985 0.691259 1.27084 1.77795 0.912329 1.13291 0.95121 0.684292 0.572117 0.558923 0.555103 0.66737 0.70385 0.774443 1.04996 1.33577 1.05723 1.8409 1.61993 1.04086 2.67594 0.910528 1.11788 1.02318 1.58862 1.26818 0.887324 0.876262 1.08691 0.871989 0.812777 1.33999 1.07825 0.779907 1.03345 1.52804 0.741783 1.05952 0.690578 0.668881 0.661309 0.660268 0.657088 1.25168 1.26951 1.24465 1.22324 1.28118 1.17748 1.47973 2.02615
threshold=1.0000000180025095e-35 0.37333038161461701 -0.26225999861005594 0 0.51082562376599083 15.500000000000002 0.46601695994697767 1.0159944062549084 1.0000000180025095e-35 2.0655350605074037 -0.040214238119403493 0.075403719386279308 0.60531846381492826 0.027384330422263091 37.507142857142867 31.500000000000004 0.07331812518860277 0.034045773081027526 27.964285714285719 -0.07257019283458542 -0.18239341141419144 1.9202195113080929 0.67891025820010775 0.50528847389900611 0.42876378334726073 1 0.17705762639175873 2 8787.5000000000018 0.6775560789216083 47.500000000000007 19.500000000000004 0.12198381495371703 3 4 -0.0065718770394416195 1.0000000180025095e-35 8525.0000000000018 54.500000000000007 55.500000000000007 8.7696515473140426 5 29.150000000000002 2502.5000000000005 0.2318016140573245 45.500000000000007 0.93387978142076522 28.500000000000004 -0.12921293837741996 0.56730918365830896 0.62347644814265679 0.46601695994697767 0.11552828281838948 8.1960557936839944 6 14.500000000000002 1.6234828610924865 26.221428571428579 0.12198381495371703 7 20.500000000000004 -1.6505919422959325
decision_type=8 2 8 1 2 2 2 2 2 2 2 10 2 2 2 10 10 2 2 2 2 8 2 2 10 1 8 1 8 2 2 2 10 1 1 2 2 8 2 2 2 1 2 8 2 2 2 2 10 2 2 2 10 2 1 2 10 2 10 1 2 2
left_child=2 9 -1 -3 20 -6 7 8 -7 12 11 -4 13 21 15 16 -15 -17 -14 -19 -5 22 50 24 44 27 32 37 30 40 31 -29 34 -34 35 36 -27 49 39 -35 -30 42 43 -28 -24 -46 -47 48 -36 -26 53 -25 -23 -2 57 -56 59 58 -55 -57 -61 -62
right_child=1 3 10 4 5 6 -8 -9 -10 -11 -12 -13 18 14 -16 17 -18 19 -20 -21 -22 52 23 51 25 26 41 28 29 -31 -32 -33 33 38 47 -37 -38 -39 -40 -41 -42 -43 -44 -45 45 46 -48 -49 -50 -51 -52 -53 -54 54 55 56 -58 -59 -60 60 61 -63
leaf_value=0.0050046740163021764 -5.8707589566242396e-05 -0.0024740614520099308 0.0014038073074173858 -0.002854474689707035 -0.00089461615381265791 0.0010660506536948982 -0.0013566582596423469 0.00689527451345197 -0.0005413857559382879 -0.0020539559171477736 -0.00065218183381137633 -0.00025919798298761342 0.00043570262424358071 0.00041209274194905658 0.0021778180181586341 4.4767305398449815e-05 -0.00059218674719634849 0.0022316502326729186 -0.0020955594286491716 0.00075200406764379174 -0.00079218613608467809 -0.0012890774800970643 -0.00045732326233172713 2.5952433094098916e-05 0.00071822152366985488 0.00025145515255591244 0.0057190489004959738 -0.0014874753237109645 0.0047707097486912493 0.00091649514128430741 -0.00032831069123220738 0.00271298452294968 -0.00010851166856395366 0.0027766615820805818 0.0020263290094670282 -0.00029433198759558685 0.0014439712673222716 -0.0014839429761895943 0.0043318059105965871 -0.0027412500567243385 0.0026991760839515516 -0.0018017340451205524 -0.00061217743915981636 -0.00014227697950770906 -0.00044773602423361822 0.0068016094157657865 -1.3226582949293518e-05 -0.0017042909277712735 -0.001248482132125745 -0.00060815363701476619 -0.0010150750663743403 -0.0017810337356128185 -0.00041411087822738787 0.0013430824765942788 -0.0008972616510433103 -0.00031998923344910127 0.0022968172752668272 -0.0012078721826053367 -0.0003548844292288928 0.0012437746874563197 0.0029436622223193891 -0.00018387403773922648
leaf_weight=42 16864 549 44 210 109 45 113 52 40 87 624 71 53 59 54 90 296 40 268 40 1097 213 1130 198 72 49 46 62 42 69 135 68 107 62 42 140 65 102 72 42 42 440 191 53 79 49 58 201 48 81 251 153 609 67 740 1372 56 2130 124 803 57 1515
leaf_count=42 16864 549 44 210 109 45 113 52 40 87 624 71 53 59 54 90 296 40 268 40 1097 213 1130 198 72 49 46 62 42 69 135 68 107 62 42 140 65 102 72 42 42 440 191 53 79 49 58 201 48 81 251 153 609 67 740 1372 56 2130 124 803 57 1515
internal_value=-0.000502097 -0.00045154 -0.00256394 -0.00161327 -0.00103161 0.00126389 0.00298805 0.00663043 0.00261628 -0.000364807 -0.00296622 0.000646551 -0.000351184 -0.000325832 0.00199138 0.00109315 -0.000351125 0.00409357 -0.00265528 0.00802469 -0.00167049 -0.000372649 -0.000334853 0.000271863 0.00048337 0.00105063 0.000325047 0.00268275 0.00421911 0.00866883 0.00178571 0.00496183 0.00170084 0.00399648 0.000503662 0.00275472 0.00721739 9.39838e-05 0.00625668 0.00361905 0.0132941 -0.00123119 0.000830564 0.00555 -0.000478361 0.00251337 0.00569444 -0.00150662 0.0021978 0.0025 -0.000433487 -0.0018608 -0.00165249 -0.000406255 -0.000818646 -0.000332676 3.54878e-05 -0.00176029 0.00205729 -7.60417e-05 0.000597233 -0.000292436
internal_weight=32682 31901 781 2215 1666 359 250 137 85 29686 739 115 29599 29278 579 525 355 170 321 80 1307 28699 27877 3898 3547 2231 1558 673 418 153 265 130 828 283 545 254 114 255 176 104 84 730 290 99 1316 186 107 291 90 153 23979 351 822 23728 6864 4543 3803 2321 191 3747 2375 1572
internal_count=32682 31901 781 2215 1666 359 250 137 85 29686 739 115 29599 29278 579 525 355 170 321 80 1307 28699 27877 3898 3547 2231 1558 673 418 153 265 130 828 283 545 254 114 255 176 104 84 730 290 99 1316 186 107 291 90 153 23979 351 822 23728 6864 4543 3803 2321 191 3747 2375 1572
cat_boundaries=0 1 2 3 4 5 6 7 8
cat_threshold=1031 673 401 2318 1318 2601 5698 3590
is_linear=0
shrinkage=0.05


Tree=122
num_leaves=63
num_cat=4
split_feature=8 22 12 25 10 31 33 19 22 19 19 9 22 8 10 25 41 10 15 5 10 31 41 8 23 5 15 7 17 5 14 22 6 34 13 9 25 1 19 9 18 38 7 31 30 42 29 19 8 15 42 14 12 44 13 17 33 41 12 4 12 14
split_gain=1.39801 0.892192 0.864634 1.83311 1.20739 1.2245 1.34305 1.23173 1.16827 1.53518 1.60602 1.69267 2.00662 1.35376 1.28421 1.14895 1.06289 1.01318 0.974292 0.96231 1.02165 1.25241 1.24349 1.14722 1.0149 0.943317 0.887215 0.854351 1.12654 1.73316 1.47713 1.31217 0.848188 0.840701 0.828485 1.42983 2.39565 2.23367 1.32087 1.2168 1.13241 1.21509 1.08527 1.03798 1.38038 1.19616 1.70311 1.44385 1.03639 0.986557 0.983819 0.937219 0.879718 1.33915 1.40377 0.999056 1.49603 1.10098 1.9717 0.83632 0.821645 1.01396
threshold=1.0000000180025095e-35 -0.26225999861005594 70.500000000000014 0 -0.040214238119403493 0.65000000000000024 31.992857142857147 -0.039902635604363766 -0.055058362090690302 -0.17638086792076138 -0.27969093872794065 0.20501403077415165 -0.20064543653098282 0.042262168545926716 -0.0069690481891386815 1 1218.8793103448277 0.24045853523671348 -0.35713357617402947 6.4593655692695915 -0.13698448194324928 8.2500000000000018 1.5877684407096173 0.12679697655848329 0.35667494393873261 7.5548919134988326 0.13332588501784717 7.6366500848379486 -1.0000000180025095e-35 7.4236122092535455 -0.69314718055994529 -0.40546528667962484 8.6359431390608368 1.0000000180025095e-35 0.59469380443555742 0.13581423052615452 2 0.05264339564766108 0.028964339587984573 0.12572422767635336 0.67991740335414186 3 7.1146858005522686 91.800000000000011 0.25000000000000006 0.98449519230769245 1.0000000180025095e-35 0.041149591174201201 0.065105176252403127 -0.079114954697970127 0.97700845665961955 -0.070951735972284199 35.500000000000007 0.10555555555555557 0.98077017381838172 0.28148056253917636 38.421428571428585 173.0601774042951 50.500000000000007 -0.03846722422313275 66.500000000000014 0.008658062743114538
decision_type=8 8 2 1 2 2 2 2 8 2 2 10 10 8 2 1 2 2 2 2 2 2 2 8 8 2 2 2 2 2 2 10 2 2 2 8 1 2 2 8 8 1 2 2 2 2 2 2 10 2 2 2 2 2 2 2 2 2 2 2 2 2
left_child=1 -1 15 4 5 18 7 -7 9 10 -5 12 -12 14 -11 16 17 19 -4 24 -21 22 -22 -23 -2 27 -9 34 30 -30 -29 -32 -6 -10 40 36 37 39 50 42 -17 49 -36 44 -38 46 47 -46 -44 -42 -39 -50 -37 54 -54 57 -57 -56 -59 -45 -24 -62
right_child=2 -3 3 8 32 6 -8 26 33 13 11 -13 -14 -15 -16 25 -18 -19 -20 20 21 23 60 -25 -26 -27 -28 28 29 -31 31 -33 -34 -35 35 52 43 38 -40 -41 41 -43 48 59 45 -47 -48 -49 51 -51 -52 -53 53 -55 55 56 -58 58 -60 -61 61 -63
leaf_value=0.004775031924030111 2.1298481324921392e-05 -0.00059406982169977291 0.006963029338910541 -0.00074030550048702695 0.00018724436383771862 0.006624637652356255 0.0021112305282936089 -0.0028706134299995374 -0.00050450567405178751 0.0036083412342162386 0.0080890112377965725 -0.0030310404727121442 0.0017530852091887335 -0.00023790132375269883 -0.00021685309461540246 -0.00035781521361579209 -0.0019310343448102403 -0.0017394368350031721 -0.00029162285899358374 -0.0012066848524534867 0.0025637025842002062 0.0038040386655313662 -0.00020968095056834394 1.0253717648699135e-05 0.0089194040236994145 -0.00011350631103073705 0.0026583273695657134 -0.00042648420911513935 0.0022521790289986225 -0.0025448321351213238 0.0040237774997932173 0.0011199355691599397 -0.0025284599937199252 0.00023282613336143284 -0.0012533021513815874 -0.00015972814761042214 -0.00033257723835382525 0.0021410699264218657 0.0024189367986391236 0.0045841990336691948 0.0026582996699190268 -9.3834796506989023e-05 -0.0014923072272090762 0.0012223622687329778 0.0021677617713075077 -7.2996879041353722e-05 0.00049328891642230375 0.0019388221636965465 0.0044960491814827475 0.00067132201354118274 0.0043103431601872119 0.0016738382102444421 -6.3505857856659172e-05 -0.0036338755959196842 -8.5559277201445309e-05 0.0030663229134765191 0.010831715343406609 0.010400134998342888 9.3544934480503325e-05 -0.0025615444470095282 0.0019768900815377191 -0.0027506192994940148
leaf_weight=42 80 728 51 85 609 45 53 62 5351 41 40 44 40 2785 57 1865 516 426 181 847 47 71 1696 84 58 10511 46 53 61 127 44 40 160 338 139 2003 295 63 57 47 40 378 43 58 75 126 88 42 47 244 59 66 559 151 235 161 43 44 65 181 56 46
leaf_count=42 80 728 51 85 609 45 53 62 5351 41 40 44 40 2785 57 1865 516 426 181 847 47 71 1696 84 58 10511 46 53 61 127 44 40 160 338 139 2003 295 63 57 47 40 378 43 58 75 126 88 42 47 244 59 66 559 151 235 161 43 44 65 181 56 46
internal_value=-0.000490122 -0.00259403 -0.000439298 -0.000824909 0.000997536 0.00309795 0.00589372 0.00347402 -0.00107541 -0.000294214 0.00383333 0.00744 0.0117284 -0.000594661 0.00515151 -0.000263699 -0.00103733 -0.000719521 0.000600857 -0.000393504 -0.000591644 2.49863e-05 -0.000338571 0.00432692 0.00366906 -9.43356e-05 0.000550458 0.000333999 0.00283742 0.000317459 0.00626811 0.0103529 -0.000188313 -0.00150176 0.000220208 0.000616393 0.00196107 0.00459586 0.00919444 0.00230321 -0.000508308 0.00126697 0.00109797 0.000313926 0.00138756 0.0035994 0.0059466 0.00987288 0.00394904 0.00366102 0.0121138 0.00644737 4.44501e-05 0.00108022 0.00168321 0.00347905 0.0062439 0.00182609 0.00595454 -0.00247917 -0.000550307 0.00378641
internal_weight=32695 770 31925 9988 1207 438 206 153 8781 3092 209 124 80 2883 98 21937 3927 3411 232 2985 2847 2000 1845 155 138 18010 108 7499 325 188 137 84 769 5689 7174 4647 1386 521 179 342 2527 662 295 865 626 331 205 117 156 284 122 113 3261 1258 1107 548 204 344 109 239 1798 102
internal_count=32695 770 31925 9988 1207 438 206 153 8781 3092 209 124 80 2883 98 21937 3927 3411 232 2985 2847 2000 1845 155 138 18010 108 7499 325 188 137 84 769 5689 7174 4647 1386 521 179 342 2527 662 295 865 626 331 205 117 156 284 122 113 3261 1258 1107 548 204 344 109 239 1798 102
cat_boundaries=0 1 2 3 4
cat_threshold=5 5 2946 12
is_linear=0
shrinkage=0.05


Tree=123
num_leaves=63
num_cat=3
split_feature=9 1 7 39 39 33 26 6 26 33 11 31 11 7 5 4 5 7 27 6 16 33 4 17 7 16 44 11 9 1 6 39 30 28 4 8 5 16 33 22 27 26 27 4 10 26 31 4 11 0 27 42 33 22 19 16 16 23 22 44 4 4
split_gain=1.03453 0.727817 0.808672 1.40311 1.25611 2.62491 2.01879 3.06112 1.6545 1.79581 1.54846 1.6244 2.30754 1.80535 3.19553 2.30898 1.53333 1.25944 2.0554 1.2528 2.07391 1.2317 1.19415 1.19218 1.12774 1.04197 1.02002 0.992858 0.986787 0.995447 0.981939 0.87857 1.35587 1.99477 1.39212 1.2061 1.29918 1.29106 1.59475 1.4523 1.46484 1.39671 1.89759 1.27608 1.14885 1.13589 1.72264 3.07376 1.11083 1.11073 1.01101 1.44348 1.8974 1.1486 1.05998 1.21378 1.23615 1.40109 0.965786 1.17052 1.50954 2.03752
threshold=0.0257826060014603 0.33647223662121256 8.1951643506347285 0 1 29.921428571428574 36.500000000000007 7.8983530968965825 3.5000000000000004 27.178571428571434 12.500000000000002 6.2500000000000009 76.500000000000014 7.7900298354476325 7.7546189951111515 0.24146276298810457 7.8902927501032503 7.6816738456677935 49.500000000000007 8.0501682273329127 -1.0000000180025095e-35 30.121428571428577 -0.36559567929301057 -1.3504670284078244 8.1188061827027092 1.7920798793639798 1.0000000180025095e-35 42.500000000000007 0.080974249026183498 -0.029558773115388345 8.2258906889533545 2 1.0000000180025095e-35 1.0000000180025095e-35 -0.14949538210616173 0.27118494049013014 8.0696119958875716 -0.11294610208482324 38.421428571428585 -0.30848763753941649 25.500000000000004 22.500000000000004 17.500000000000004 0.22613506075397674 -0.58862684762583262 7.5000000000000009 0.15000000000000005 -0.032789822822990804 12.500000000000002 -0.054021785363873136 59.500000000000007 0.9842509920634922 36.96428571428573 0.28038210854358653 0.050864055806034876 0.16739425117046561 0.56102117366715121 -0.054067221270275682 -0.061858162041505162 1.0000000180025095e-35 -0.084081504304713825 0.13450190087577732
decision_type=8 2 2 1 1 2 2 2 2 2 2 2 2 2 2 2 2 2 2 2 2 2 2 2 2 2 2 2 10 2 2 1 2 2 2 8 2 2 2 8 2 2 2 2 2 2 2 2 2 2 2 2 2 10 2 2 2 10 8 2 2 2
left_child=-1 2 4 -4 5 6 8 10 16 19 -8 -12 13 15 -15 17 -2 18 22 -10 -21 30 -13 -7 -18 28 -11 -16 29 -25 -6 50 44 -34 -35 36 37 49 39 -39 41 42 -41 -40 -33 46 47 -46 -43 -36 54 52 53 -52 58 -56 57 -57 59 60 -23 -62
right_child=1 -3 3 -5 21 23 7 -9 9 26 11 12 -14 14 27 -17 24 -19 -20 20 -22 31 -24 25 -26 -27 -28 -29 -30 -31 -32 32 33 34 35 -37 -38 38 43 40 -42 48 -44 -45 45 -47 -48 -49 -50 -51 51 -53 -54 -55 55 56 -58 -59 -60 -61 61 -63
leaf_value=-0.00045868993616861027 0.008992783861579352 -0.00064774398695552013 -7.7658000044548086e-05 -0.00084333103720095272 -0.00027973389379603621 0.0069504488707005201 -0.0014533543096883472 7.6582406853065797e-05 0.00010878988568740312 -0.0011840021400439703 -1.800747740049687e-05 0.00086052449408664702 0.00070478634139546734 0.010248221115539278 0.001326289048184515 0.012259918384767587 -4.4401229723324697e-05 -0.00014228432727108912 -0.00047944986532755046 0.0041204014703866516 0.00028887014848998316 -0.00011776321983546623 0.0083772223292079215 0.0032214221816902473 0.0026929366605050694 0.0052676638309543675 0.00014298623980389698 0.0035658926411061063 -0.00030574276089863112 -0.0002162614392794022 0.0052590517108817864 0.0059517694868211441 -0.0011265996128498566 -0.000388350740718089 0.0046095455638242222 -0.00017011251844021539 -0.0039037222149794965 0.0079217709020362181 0.00095862511309554796 0.0037320056279527927 -6.8619685276844833e-05 0.0017812346515978497 0.0030082671375587077 0.0094651366222155697 0.0080702728795041517 -0.00085727409509572165 -0.00079758540159861543 -0.0025220577525450951 -0.00039026144636114079 -3.9379654909729288e-05 -0.00024988287685504793 0.0030737169375129395 0.0024054205997948055 0.0041193830185014381 -0.0001379520493709927 0.0029214877004456424 0.00036895093145585721 0.0005105919453684939 -0.00031007797699825462 -0.0010962843090844851 0.0026401535782873816 -0.00057682980393042619
leaf_weight=379 45 2375 5644 2722 7240 55 72 783 382 756 106 42 221 69 47 47 119 86 41 69 88 80 52 44 42 66 313 44 3427 77 49 61 695 616 84 331 60 50 49 51 196 74 40 45 69 1948 295 60 91 304 168 48 60 40 168 61 163 53 840 128 89 43
leaf_count=379 45 2375 5644 2722 7240 55 72 783 382 756 106 42 221 69 47 47 119 86 41 69 88 80 52 44 42 66 313 44 3427 77 49 61 695 616 84 331 60 50 49 51 196 74 40 45 69 1948 295 60 91 304 168 48 60 40 168 61 163 53 840 128 89 43
internal_value=-0.000419496 -0.000388859 -0.000321716 -0.000738617 -0.000159027 0.000384993 0.00138102 0.00266915 0.000236913 -0.000304538 0.00478865 0.00545635 0.00639231 0.00853147 0.0127329 0.00598513 0.00444444 0.00380631 0.00680147 0.0020463 0.00579114 -0.000427926 0.0108421 -0.000543598 0.00212963 -0.000655603 -0.00149066 0.00646739 -0.00077205 0.00364754 -0.000884089 4.24857e-05 -0.000301171 0.000472645 0.00127761 0.00216206 0.00299521 0.00343147 0.00489112 0.00375745 0.00284768 0.00533074 0.0102717 0.0108421 -0.00115653 -0.00133165 0.00101176 0.00580769 0.00256024 0.00118252 0.000945183 0.00353312 0.00208178 -0.000191389 0.000445878 0.00252242 0.00455036 0.00852174 -0.000338697 0.00190616 0.0041784 0.00744361
internal_weight=32562 32183 29808 8366 21442 7093 3424 1610 1814 1608 827 755 649 428 160 268 206 221 135 539 157 14349 94 3669 161 3614 1069 91 3548 121 7289 7060 5119 2686 1991 1375 1044 984 596 502 452 256 91 94 2433 2372 424 129 165 388 1941 316 268 208 1625 445 277 114 1180 340 212 132
internal_count=32562 32183 29808 8366 21442 7093 3424 1610 1814 1608 827 755 649 428 160 268 206 221 135 539 157 14349 94 3669 161 3614 1069 91 3548 121 7289 7060 5119 2686 1991 1375 1044 984 596 502 452 256 91 94 2433 2372 424 129 165 388 1941 316 268 208 1625 445 277 114 1180 340 212 132
cat_boundaries=0 1 2 3
cat_threshold=57 5640 21
is_linear=0
shrinkage=0.05


Tree=124
num_leaves=63
num_cat=3
split_feature=2 9 0 39 21 20 6 1 1 41 3 42 7 23 15 3 0 30 0 7 39 19 23 41 9 3 12 16 10 38 31 30 12 21 9 41 12 13 9 20 42 44 1 42 30 33 42 37 14 10 33 2 44 23 9 0 0 23 20 12 41 20
split_gain=1.59598 1.09518 0.843158 0.929965 1.76655 1.4506 1.23822 1.22747 1.51288 2.06432 1.11643 0.917025 0.968317 0.91467 1.32129 0.898142 0.799662 0.761995 1.14144 0.822958 0.766902 0.928387 0.761843 0.980289 0.758311 1.08775 1.0672 0.877635 0.753708 0.719598 1.14942 2.14705 0.912444 0.963895 1.39196 0.945145 1.42005 0.859415 1.29442 0.880639 1.05291 0.714269 0.670115 0.855272 1.29214 2.37707 0.66358 0.642094 0.656573 0.638694 1.288 0.768772 0.792386 0.638053 1.18443 1.09886 1.08768 1.00664 1.21747 1.00028 1.8627 1.32551
threshold=0.3418992280914433 0.0257826060014603 0.11519646371135696 0 2333.6950000000002 -0.076011805910459487 7.6246385588185914 -0.18232155679395465 0.0064768870366465068 6.2100111234705242 0.26236426446749089 0.64888572783309639 8.1880685497141581 -0.23616689295461077 0.80605051492679214 0.064538521137571983 -0.015889363549476784 13.250000000000002 -0.18232285679484492 6.5599237058110091 1 0.0020938857982212597 -3.1640070362015824 68.143039772727278 0.22845298610759449 -0.56786497581230566 51.500000000000007 1.9941564302767205 0.20484659062234736 2 3.350000000000001 0.35000000000000009 11.500000000000002 2702.5000000000005 0.11638485377313439 195.66406250000003 71.500000000000014 1.4622358788952805 0.30202488863804933 0.061034243068000975 0.96850198412698429 1.0000000180025095e-35 -0.18965446594314181 0.87400793650793662 1.1500000000000004 28.864285714285717 0.87400793650793662 21.500000000000004 0.48357302769777705 0.093760593263997563 31.778571428571436 0.1331051135956183 1.0000000180025095e-35 -0.034833248244698016 0.14158335547620141 -0.17299305787918803 -0.22884157242884703 1.2562629267375292 0.000463318976402246 55.500000000000007 4.2097567424643056 0.000463318976402246
decision_type=2 10 2 1 8 10 2 2 2 2 2 2 2 10 2 2 2 2 2 2 1 2 8 2 10 2 2 2 2 1 2 2 2 8 10 2 2 2 10 10 2 2 2 2 2 2 2 10 2 2 2 2 2 8 10 2 2 8 10 2 2 10
left_child=1 -1 3 4 5 -3 7 -6 9 -9 29 -5 22 15 -15 16 -7 -2 -19 -20 21 -21 23 -13 27 26 -26 47 -23 30 31 -8 33 34 -31 53 -37 39 -39 -35 -41 -30 -27 44 -44 -46 -10 -4 -49 -32 51 52 -51 54 59 56 -55 -58 -59 -34 -61 -62
right_child=17 2 24 11 6 13 10 8 46 -11 -12 12 -14 14 -16 -17 -18 18 19 20 -22 28 -24 -25 25 42 -28 -29 41 32 49 -33 35 37 -36 36 -38 38 -40 40 -42 -43 43 -45 45 -47 -48 48 -50 50 -52 -53 -54 55 -56 -57 57 58 -60 60 61 -63
leaf_value=-0.00042655185657249761 -0.0014945795231708597 0.0034225188950986266 -0.00065513344698293332 0.0041070647315745515 -0.00081341233253466822 0.0033744514208431651 -3.0276615682721632e-05 0.0047259946037132884 0.00067366893756650305 0.0090634373200553647 -0.00075217208849113419 -0.0048005386542289341 -0.0020852176554813522 -0.000115712507226345 0.0020641068323006772 -0.00017195361812125706 0.0066503874724923688 0.0012120370118577574 0.0034884796596932918 -0.00094119399789413841 -0.0028934998913573802 0.0013299521988311205 -7.9855447433259944e-05 0.0031929521478279614 0.0079949753718007513 -0.0023363842177683879 -0.00013808847331675558 0.0013613063903764146 -0.00389385225412479 -0.00038353471838977566 -0.00092673881560706808 0.0043389769002158771 5.3009278167312006e-05 -0.0012596347073119624 0.0025843464902824994 0.0026162674088184568 -0.0026312627111645961 0.0076411267249812649 -0.0016496692276537833 0.0063000083240911308 -0.0032873009738334327 0.0031213000532823824 -0.00011526326066889051 -0.0001808740007007122 -4.1154587458975324e-05 0.0062896898705962368 -0.0016027362162140423 -0.00026405380854958112 0.0014158993241748944 0.0018180694691882692 -0.002531315995076337 0.0058860546513436049 -0.0020977158657236252 0.00047464814194303305 6.1849271987409317e-05 -3.6115155023739934e-05 6.7593463332361344e-05 0.00344308220513131 0.0059726169353936116 -0.00041610556715879508 0.0024204362914286882 0.00053587076256026648
leaf_weight=407 1539 59 2938 54 121 62 485 65 42 68 875 41 713 410 47 46 48 64 48 312 402 49 12758 74 44 209 43 71 58 48 969 70 247 834 41 53 42 40 43 59 40 70 183 1694 65 59 73 92 47 54 66 42 45 457 918 3581 89 59 49 85 176 138
leaf_count=407 1539 59 2938 54 121 62 485 65 42 68 875 41 713 410 47 46 48 64 48 312 402 49 12758 74 44 209 43 71 58 48 969 70 247 834 41 53 42 40 43 59 40 70 183 1694 65 59 73 92 47 54 66 42 45 457 918 3581 89 59 49 85 176 138
internal_value=-0.000432974 -0.000331465 -0.000296147 -0.000170051 0.000180162 0.00265973 1.30314e-05 0.00285135 0.00485944 0.00847015 -9.62952e-05 -0.000443192 -0.000469568 0.00192997 0.000796942 0.00522293 0.00765766 -0.00163586 -0.00056275 -0.00100532 -0.0013509 9.99883e-06 -0.000370127 0.00366379 -0.000858429 -0.000167538 0.00528409 -0.00136234 0.00289326 7.44462e-05 -0.000835248 0.00103417 0.000300284 -0.00101718 0.00394444 0.000547921 0.00546875 -0.00145526 0.00339286 -0.00188972 0.00255 0.000852712 -0.000384443 -0.000102399 0.00232143 0.00624 0.000646551 -0.0014896 0.00182143 -0.00172473 0.000793268 0.00348591 0.00105 0.000466378 0.00132907 0.000147544 0.00203053 0.00512626 0.00834862 0.00296754 0.0045125 0.00628571
internal_weight=32680 30138 29731 24286 10646 672 9974 369 248 133 9605 13640 13586 613 457 156 110 2542 1003 939 891 489 12873 115 5445 2297 87 3148 177 8730 1731 555 6999 1105 89 5894 95 1016 83 933 99 128 2210 2001 307 124 115 3077 139 1176 207 141 99 5799 1564 4235 654 197 108 646 399 314
internal_count=32680 30138 29731 24286 10646 672 9974 369 248 133 9605 13640 13586 613 457 156 110 2542 1003 939 891 489 12873 115 5445 2297 87 3148 177 8730 1731 555 6999 1105 89 5894 95 1016 83 933 99 128 2210 2001 307 124 115 3077 139 1176 207 141 99 5799 1564 4235 654 197 108 646 399 314
cat_boundaries=0 1 2 3
cat_threshold=4665 5888 4
is_linear=0
shrinkage=0.05


Tree=125
num_leaves=63
num_cat=9
split_feature=8 12 12 20 21 14 8 10 39 27 20 3 27 13 8 9 13 24 33 30 0 9 39 25 23 23 9 21 4 26 12 27 21 26 34 25 8 20 38 27 16 6 25 38 0 2 21 24 2 8 0 4 1 16 26 9 14 13 20 12 42 42
split_gain=0.938017 0.856569 1.08329 1.77266 1.1745 1.3488 1.2011 0.997725 1.12942 1.2991 1.44312 0.970825 0.970777 2.50444 1.00585 1.22256 0.875647 0.856442 0.912477 1.32487 0.873292 0.852023 0.81474 1.06399 0.896909 1.20936 1.25747 1.57432 1.85479 0.889726 0.814101 0.769943 2.01755 1.01985 0.758744 0.795776 0.84529 0.966819 0.945543 0.989724 0.786071 0.739882 0.71927 0.714324 0.706536 0.798444 1.213 0.910461 1.08147 0.878402 0.960068 0.78995 0.769879 0.9433 0.859487 0.990369 0.692441 0.686084 0.936861 0.683206 0.954638 1.06587
threshold=1.0000000180025095e-35 16.500000000000004 41.500000000000007 -0.09254375460338031 10006.250000000002 0.071983280437092581 0.11231077384578574 -0.40476620645578792 0 55.500000000000007 0.011743479390119152 0.17971754475942439 9.5000000000000018 1.1000008999982003 0.23117042578102523 0.32834378306106632 0.60713979590989442 1 24.878571428571433 92.450000000000003 -0.11778303565638336 0.55774150613230022 2 3 0.39321448105143869 1.0000000180025095e-35 0.29089621154696838 3457.9150000000004 0.40546510810816511 46.500000000000007 71.500000000000014 2.5000000000000004 1285.5000000000002 12.500000000000002 1.0000000180025095e-35 4 0.44054331623321369 0.1218592671240714 5 30.500000000000004 0.95265837604502979 7.790767257899927 6 7 0.19287486886049934 0.12155073151438424 8987.5000000000018 8 0.14314906272098196 0.14526634145221887 0.018208729414014971 0.27193496548520418 0.082887943896595498 0.33667368706712925 10.500000000000002 0.15982382722825023 -0.24422989750358923 0.53010908067431239 -0.012166793809430457 35.500000000000007 0.75192307692307703 0.96580946814728241
decision_type=10 2 2 10 10 2 10 2 1 2 10 2 2 2 10 10 2 1 2 2 2 10 1 1 10 10 10 8 2 2 2 2 8 2 2 1 10 10 1 2 2 2 1 1 2 2 10 1 2 10 2 2 2 2 2 10 2 2 10 2 2 2
left_child=-1 7 3 -3 59 6 -6 8 16 10 -10 17 13 42 30 -16 -2 18 19 -4 34 44 23 -14 25 26 -25 -28 -29 -26 -15 32 -20 -34 35 40 37 38 39 -37 -19 -18 -13 56 45 51 47 48 -47 50 -50 52 53 -22 55 -54 -35 58 -40 -5 -61 -62
right_child=1 2 11 4 5 -7 -8 -9 9 -11 -12 12 22 14 15 -17 41 20 31 -21 21 -23 -24 24 29 -27 27 28 -30 -31 -32 -33 33 43 -36 36 -38 -39 57 -41 -42 -43 -44 -45 -46 46 -48 -49 49 -51 -52 -53 54 -55 -56 -57 -58 -59 -60 60 61 -63
leaf_value=-0.00052071593664645478 -0.0035564990069040779 -0.0016283046679582019 -5.9962736421449259e-05 3.1318159830535763e-05 0.0030099027278132151 0.0071841130105441886 -0.00088783404967410847 -0.00035698463428916364 -0.00081866367741848369 0.0061880922835555584 0.0085599231399031295 0.00057923322135391519 -0.0010883040700875022 -0.0011505682431521723 0.0076650695650932804 0.0044996476075751446 -4.6759002567153532e-05 -0.00097435475732801354 0.0060000280264509249 0.0038804662561242849 -2.2337844419093351e-05 0.0049257815073742803 -0.0017375626598337788 -0.00026356012805630349 0.00016506470016430984 -0.0019256446866994514 -0.0024763292256765163 -9.1394203784644961e-05 0.0077710362158259763 0.0032904897973917244 0.0012016000086122228 -1.862578490770549e-05 0.0027956665049094897 0.0013052793798079059 0.0025459865655110621 0.005248356414469784 -0.0031944750180330885 0.0026098783154974744 0.0023874111973427622 0.000217191709561335 0.0011996128868056719 0.0047709928804095863 -0.0012010677415845699 -0.0029176940163340667 -0.0019872915611302438 0.0036999979360342037 0.00094124210427094063 -0.0011118064784215969 -0.00094320301845021237 -0.0020144430738109477 0.0040353067471250639 -0.0017153691523354197 -0.0012065553331200097 -0.0011890842591682181 -0.0015596775249530094 0.0017275043230275404 -0.00040666985733238685 -0.00058553277189267038 -9.9762449805752295e-05 0.0034261335984247655 -8.9729536014873997e-06 0.0011630283355313169
leaf_weight=971 122 430 40 4501 40 56 82 5988 102 63 53 120 661 52 40 45 375 473 56 42 2007 68 1392 829 153 209 60 44 67 61 40 7812 79 46 78 56 64 52 42 91 69 60 476 132 331 55 43 297 44 104 56 460 55 567 501 52 92 299 81 59 734 507
leaf_count=971 122 430 40 4501 40 56 82 5988 102 63 53 120 661 52 40 45 375 473 56 42 2007 68 1392 829 153 209 60 44 67 61 40 7812 79 46 78 56 64 52 42 91 69 60 476 132 331 55 43 297 44 104 56 460 55 567 501 52 92 299 81 59 734 507
internal_value=-0.000429881 -0.000382904 -0.000247361 0.000312791 0.000535952 0.00452514 0.00154471 -0.000881876 0.000805411 0.00375546 0.00144231 -0.000441496 -0.00110471 0.000497415 0.00570225 0.00959302 -0.000413734 -0.000243595 8.48364e-05 0.0053012 -0.000700975 -0.00102349 -0.00146103 -0.000821004 -4.53289e-05 -0.000574381 0.000149849 0.0040407 0.00754464 0.00293023 0.00204301 3.22451e-05 0.00215517 0.00072857 0.000440274 0.000134364 0.00125718 0.00184083 0.00123684 0.00452532 -0.00128391 0.000630733 -0.00105528 -0.000738009 -0.0011065 -0.000932344 0.000758332 0.000125672 0.00224074 0.000634145 0.00396039 -0.00121054 -0.000929941 -0.000551458 -0.00252874 0.00152778 0.00174497 -2.30959e-05 0.00310484 0.000412788 0.00142198 0.00112319
internal_weight=32636 31665 24902 6409 5979 178 122 6763 775 218 155 18493 4249 773 177 85 557 14244 8299 82 5945 4640 3476 2084 1423 1209 1000 171 111 214 92 8217 405 349 1305 1227 685 621 569 147 542 435 596 270 4572 4241 599 556 259 204 100 3642 3182 2574 608 107 138 422 123 5801 1300 1241
internal_count=32636 31665 24902 6409 5979 178 122 6763 775 218 155 18493 4249 773 177 85 557 14244 8299 82 5945 4640 3476 2084 1423 1209 1000 171 111 214 92 8217 405 349 1305 1227 685 621 569 147 542 435 596 270 4572 4241 599 556 259 204 100 3642 3182 2574 608 107 138 422 123 5801 1300 1241
cat_boundaries=0 1 2 3 4 5 6 7 8 9
cat_threshold=7555 7 7685 403 1944 4 89 9 8
is_linear=0
shrinkage=0.05


Tree=126
num_leaves=63
num_cat=7
split_feature=1 20 19 25 39 13 38 5 30 33 33 1 29 41 42 39 27 2 27 5 2 20 41 22 13 5 15 4 19 25 41 17 21 8 6 39 30 22 2 18 5 33 16 20 1 1 27 16 18 5 37 26 26 20 18 16 14 14 21 11 39 13
split_gain=0.70978 0.622321 1.36587 1.98399 0.90669 0.921538 1.62731 1.63364 0.885574 1.06542 0.820485 0.801602 1.21729 0.904162 0.800107 0.974702 1.08088 0.992466 0.931904 2.48441 1.29646 0.928378 0.844418 0.959079 1.07614 1.14848 0.975395 0.840617 1.23105 0.833805 1.05577 0.847527 0.821376 2.88619 0.914482 0.799981 1.39846 0.865808 1.27725 1.63226 0.788071 0.959242 0.875075 0.920252 2.09444 1.05531 1.49457 1.32473 1.21148 1.1774 0.780472 0.729807 0.714616 1.22938 1.09531 1.61264 2.17152 2.33542 1.6 1.42022 1.41755 1.35949
threshold=0.56617956982044071 0.040043259815512162 -0.13727236254620462 0 1 0.5000004076089174 2 6.9431622937592996 0.65000000000000024 28.450000000000006 39.164285714285718 0.031748698314580277 1.0000000180025095e-35 12.777500000000002 0.90839160839160848 3 6.5000000000000009 0.57091774660673 6.5000000000000009 7.7889527486476817 -1.0000000180025095e-35 0.057345149515008235 1.6495614035087722 -0.45934297130005491 1.6867942853659001 8.2066851735870312 0.15415067982725841 -0.52046353682683877 0.038973896183180902 4 613.25000000000011 0.66502430591508011 7518.7500000000009 0.26611854783771605 7.1233671493048636 5 92.450000000000003 0.10778766049620168 0.053895556201633894 0.59366978321213992 8.1581834386897061 35.278571428571439 -0.20267040032076752 0.13551424946591531 0.054067221270276196 0.031748698314580277 11.500000000000002 0.37071933749592662 0.49983585647337553 7.4668546563228038 52.500000000000007 15.500000000000002 16.500000000000004 -0.10344842382566435 0.51631025538187825 -0.27038696810564328 0.15415067982725841 -0.10064352577968737 8787.5000000000018 26.500000000000004 6 0.18181911156813493
decision_type=2 10 2 1 1 2 1 2 2 2 2 2 2 2 2 1 2 2 2 2 2 10 2 8 2 2 2 2 2 1 2 2 10 8 2 1 2 10 2 8 2 2 2 10 2 2 2 2 10 2 10 2 2 8 10 2 2 2 8 2 1 2
left_child=1 4 3 8 5 6 7 -1 -3 -10 14 -5 13 -13 18 22 -17 29 19 20 -4 -21 -16 24 25 26 -24 28 -25 -18 31 40 34 -34 -20 36 37 -36 39 -39 42 -42 -31 45 -45 46 -44 48 49 -48 -29 -23 53 -6 -54 56 57 -56 60 -59 -57 -60
right_child=-2 2 10 11 52 -7 -8 -9 9 -11 -12 12 -14 -15 15 16 17 -19 32 21 -22 51 23 27 -26 -27 -28 50 -30 30 -32 -33 33 -35 35 -37 -38 38 -40 -41 41 -43 43 44 -46 -47 47 -49 -50 -51 -52 -53 54 -55 55 58 -58 59 61 -61 -62 -63
leaf_value=0.00092549608934620236 -0.0022578820222313024 0.0016228230872530173 0.0048106283773676336 -0.00062248802059905928 0.00046704737118805371 -0.00055614371366961119 -0.0012975358082723894 0.00012388849517548374 0.00093747010264800797 0.0045282534189327291 -0.0015517437152273881 0.0009174844287443331 -0.000307974397315949 0.0096638220979539391 0.0020563707406760947 -0.0012715497487777879 -0.00052746288665922437 0.0043265006163747894 0.00082843990706252474 0.0029483183905096295 0.0022931685216168937 0.0023315783245647054 -0.00072367565016320638 -0.00031891005785838751 -0.0027486691650130419 0.0061399270769607328 0.00095624354410971547 -0.0010911554243699763 0.0061535040853482534 -5.3816797418722221e-05 0.0035609749358481075 -0.0025229087449507768 -0.00020091465964904438 0.0076486218258443499 -0.00053618290497989588 -0.00076749696171234973 0.0038016279022584755 0.0024257802777945007 -0.00092746534862911921 0.0039223454364162701 -0.00084249218663720355 0.0016352443314155243 -0.0017736999148230234 0.00020637365482608424 0.0036004788592537682 -0.00011797299256265261 0.0031641002482511726 -0.00024727062378290202 0.00089105557187729202 0.0048864761390528446 0.00065473899850179858 -0.0041842347981590278 -0.00013533561781955432 -0.00038966722866949307 7.7327620103041534e-05 0.00019850651429561964 -0.00066638163130991067 0.005730305800964593 0.0022306109336996511 0.0036623574663383835 -0.00044229846283038219 0.00035456315285978821
leaf_weight=43 774 159 44 302 554 657 268 119 44 66 294 50 96 44 62 351 714 57 85 42 48 45 137 110 119 56 68 1915 42 226 58 124 135 55 474 715 40 90 117 41 344 43 45 70 53 191 40 55 49 61 40 114 10394 6328 89 1873 147 40 42 64 1650 1481
leaf_count=43 774 159 44 302 554 657 268 119 44 66 294 50 96 44 62 351 714 57 85 42 48 45 137 110 119 56 68 1915 42 226 58 124 135 55 474 715 40 90 117 41 344 43 45 70 53 191 40 55 49 61 40 114 10394 6328 89 1873 147 40 42 64 1650 1481
internal_value=-0.000401637 -0.000365277 1.22974e-05 0.00202756 -0.000494528 -0.00189891 -0.00011601 0.00369942 0.005375 0.00900901 -0.000196066 7.95217e-05 0.0026178 0.00663158 -8.83279e-05 -0.000427352 0.000278891 0.000703894 0.000745356 0.00335034 0.0101075 0.000222771 -0.00111133 -0.00126005 0.00104987 0.00284351 0.00109223 -0.00167695 0.00189542 0.000523142 0.00124452 0.00095622 0.000308042 0.00340314 -7.03787e-05 -0.000361977 0.000763259 0.000262793 0.0026506 0.00602273 0.00137097 -0.000476805 0.0022756 0.00332743 0.0071371 0.00225113 0.00438247 0.00618932 0.00860927 0.0117157 -0.00195552 -0.00153125 -0.000426059 -0.000851374 -0.000240797 0.000337849 0.00366569 0.00713917 0.000112937 0.0121905 -0.000472476 0.00146653
internal_weight=32653 31879 8130 761 23749 1087 430 162 269 110 7369 492 190 94 7075 5030 2481 2130 2045 293 92 201 2549 2487 380 261 205 2107 152 2073 1359 1301 1752 190 1562 1477 762 722 248 131 1177 387 790 564 123 441 250 205 150 101 1955 159 22662 6882 15780 5386 340 193 5046 104 3523 1523
internal_count=32653 31879 8130 761 23749 1087 430 162 269 110 7369 492 190 94 7075 5030 2481 2130 2045 293 92 201 2549 2487 380 261 205 2107 152 2073 1359 1301 1752 190 1562 1477 762 722 248 131 1177 387 790 564 123 441 250 205 150 101 1955 159 22662 6882 15780 5386 340 193 5046 104 3523 1523
cat_boundaries=0 1 2 3 4 5 6 7
cat_threshold=90 192 1 4490 1074 4241 6682
is_linear=0
shrinkage=0.05


Tree=127
num_leaves=63
num_cat=5
split_feature=8 20 41 12 5 8 22 26 20 39 0 8 33 12 5 33 39 41 12 41 4 6 41 19 7 39 4 0 26 10 27 12 7 38 24 19 15 14 3 22 22 4 27 8 23 23 0 41 10 10 33 7 20 44 44 14 19 17 26 27 37 3
split_gain=1.01339 0.943383 1.42673 2.87334 1.0058 1.57522 2.12868 1.55171 1.83246 1.33171 1.32914 1.20693 1.0827 0.995997 1.0033 0.825754 0.774387 1.01108 0.935743 0.767724 0.768396 0.736697 0.731361 1.03851 0.825378 1.10006 1.1083 1.00461 0.930489 0.93246 1.58935 2.35594 0.821191 0.773932 0.855157 0.88516 1.43104 1.37683 1.12531 0.813418 0.784366 1.13339 1.20502 0.961176 1.11902 0.890288 0.861097 0.858422 1.03779 2.5967 1.25038 0.783157 0.800006 0.915827 0.882728 0.768048 0.766779 1.17669 0.75713 1.36697 1.53511 2.22665
threshold=1.0000000180025095e-35 -0.076011805910459487 1.7360681114551086 65.500000000000014 7.5548919134988326 0.35033141402669138 0.10077028526064297 33.500000000000007 -0.10344842382566435 0 -0.035090896130988807 0.28021300520211478 35.707142857142863 51.500000000000007 8.9418659630885902 37.321428571428577 1 42.884887005649723 71.500000000000014 37.140394088669957 -0.69314718055994506 7.9652687076402637 1691.834966013595 -0.64389928375795058 7.8562141432311643 2 0.49419875131978769 0.36464311358790896 26.500000000000004 0.54000608367570913 21.500000000000004 51.500000000000007 8.1880685497141581 3 4 0.070525716731177399 0.69314718055994562 0.6419538215342292 -0.080042411815460554 -0.69296029960093908 -0.18922229481675593 -0.13807781597285282 8.5000000000000018 0.052350600632176128 -0.27824278944345043 0.20067069546215119 -0.072293429205773294 4.8717741935483883 -0.041969452849460513 0.024935001502225166 35.335714285714296 7.9667600759180521 0.049548934084961617 0.18333333333333338 0.10555555555555557 -0.85638552895471187 0.016916900751455455 -0.1968682856359448 20.500000000000004 35.500000000000007 15.500000000000002 -0.044040201593010135
decision_type=8 8 2 2 2 10 8 2 10 1 2 8 2 2 2 2 1 2 2 2 2 2 2 2 2 1 2 2 2 2 2 2 2 1 1 2 2 2 2 8 8 2 2 8 10 10 2 2 2 2 2 2 10 2 2 2 2 2 2 2 10 2
left_child=15 2 3 -2 5 6 9 11 -9 12 -11 -8 -4 14 -6 -1 17 18 21 -7 -21 -15 23 -3 27 26 -26 55 -28 30 -30 -32 -33 -27 35 36 39 38 -38 -35 41 -41 -43 44 -42 56 47 -45 50 -50 -49 -48 54 -54 -53 -25 57 -44 -24 60 -60 -62
right_child=1 22 4 -5 13 19 7 8 -10 10 -12 -13 -14 16 -16 -17 -18 -19 -20 20 -22 -23 58 24 25 33 28 -29 29 -31 31 32 -34 34 -36 -37 37 -39 -40 40 43 42 45 46 -46 -47 51 48 49 -51 -52 52 53 -55 -56 -57 -58 -59 59 -61 61 -63
leaf_value=-0.00048459582162331462 0.004526502937822547 0.0050861414146290938 -0.0035282944606574457 -0.0008423416215077522 -0.0015008123160178705 0.005352658886671996 -0.00061799300814943485 0.00016862880890217689 0.0070344691857473305 0.0046433831911734669 0.0024249086940432095 0.0018137250856950712 0.013844381212497165 0.0082027245005394638 0.00045284296015738411 0.0008893445340962474 -0.00014805601608515478 -0.0021247927860556562 0.00039663872955786469 0.0067169562483625385 -0.0025957975163800949 0.0012196220929068821 -0.0011883266157976414 -0.00042826747919503822 -0.0012458155794855962 -0.00056750702570234864 -0.0015708143384422044 -0.00099092183874922553 -0.0025693304673812395 -0.0013320353173914053 0.0079465681316085047 0.0028979786653538999 -0.0014451371534439201 -0.001434038076338314 -0.00020997068932539711 -0.00031719349445133216 0.001612123263930911 0.0058852949941787551 -0.00078812334664154203 -0.00010038533348226385 0.00087722603836817208 0.003789215607991277 0.004432682592298811 -0.00039923893622901825 0.0030179084151114029 -0.0002639136189298374 -0.0033782876424401555 -0.00071044589945167989 0.004172733015291444 0.00067495968373941636 0.0046476170287009502 -6.5882545389990267e-05 4.2255484502368321e-05 0.0025660211087959149 -0.0025536379779195271 3.2834716468054316e-05 0.0030508627290805621 -0.00098837816082279263 -0.00048629975404095298 -0.0011565068517716628 0.0012453089619839707 0.00033997611179436849
leaf_weight=696 75 63 60 89 670 51 329 92 57 52 71 88 42 43 43 68 469 40 176 58 356 68 1261 1206 1471 1772 93 738 111 67 41 62 44 170 5403 898 62 81 101 150 126 56 59 112 59 76 102 139 40 77 40 767 212 60 204 11535 45 58 475 678 45 329
leaf_count=696 75 63 60 89 670 51 329 92 57 52 71 88 42 43 43 68 469 40 176 58 356 68 1261 1206 1471 1772 93 738 111 67 41 62 44 170 5403 898 62 81 101 150 126 56 59 112 59 76 102 139 40 77 40 767 212 60 204 11535 45 58 475 678 45 329
internal_value=-0.000384511 -0.000341528 0.000513651 0.0050303 0.000244034 0.00128878 0.0026452 0.00100529 0.00536667 0.00674779 0.00996269 -0.000562202 0.00168141 -0.000625829 -0.00198179 -0.00218301 0.00058971 0.00241124 0.0035243 -0.00101931 -0.00173494 0.00709821 -0.000427654 -0.000345996 -0.0003615 -0.000649739 -0.00176053 -8.8651e-05 0.000501192 0.0017638 0.00312741 0.00652027 0.00252336 -0.000454505 -0.000267349 0.000318487 0.000757954 0.00440816 0.0017378 0.000407363 0.000646243 0.00253932 0.00433898 0.000211448 0.00362903 0.00276151 -0.000151084 0.00185819 0.00326599 0.00690678 0.00086111 -0.000761517 -0.000413988 0.00197802 -0.00108539 1.53025e-05 0.00484662 0.00266949 -0.00119756 -0.0004483 0.000888234 0.00328
internal_weight=32781 32017 2929 164 2765 1256 791 566 149 225 123 417 102 1509 713 764 796 327 287 465 414 111 29088 26300 26237 12758 1889 13479 418 325 258 147 106 10869 9097 3694 2796 244 163 2552 2382 444 294 1938 185 238 1753 408 296 117 179 1345 1243 272 971 12741 162 117 2788 1527 849 374
internal_count=32781 32017 2929 164 2765 1256 791 566 149 225 123 417 102 1509 713 764 796 327 287 465 414 111 29088 26300 26237 12758 1889 13479 418 325 258 147 106 10869 9097 3694 2796 244 163 2552 2382 444 294 1938 185 238 1753 408 296 117 179 1345 1243 272 971 12741 162 117 2788 1527 849 374
cat_boundaries=0 1 2 3 4 5
cat_threshold=2080 1537 3460 4 6
is_linear=0
shrinkage=0.05


Tree=128
num_leaves=63
num_cat=6
split_feature=8 25 17 33 18 2 33 3 12 9 5 23 23 5 13 9 10 29 31 39 21 17 19 18 21 26 7 12 3 7 12 20 1 7 39 17 5 22 3 27 19 27 25 7 37 39 3 2 1 41 1 11 2 8 31 27 8 5 25 12 20 23
split_gain=0.874099 0.779932 0.935629 0.965381 0.934868 0.635114 0.80883 1.09356 0.836328 0.929856 1.12051 0.663177 0.600343 0.997051 0.822935 0.873331 1.01289 1.0147 0.848977 1.55019 1.30305 1.07425 1.24566 0.901627 0.888846 0.885602 1.05961 1.1386 1.05288 0.965432 0.918599 0.963409 0.881418 0.780864 1.16952 1.04482 0.984312 1.99344 1.77452 2.02372 1.75208 1.25926 1.79023 1.32851 1.08901 1.00373 0.893064 1.40761 0.972448 1.03078 1.02538 1.95324 2.50281 1.08748 1.07292 0.883462 1.48855 1.11364 0.885545 0.833201 1.19784 1.39941
threshold=1.0000000180025095e-35 0 -0.80294345615727292 36.45000000000001 1.5445350263777764 0.37333038161461701 26.778571428571436 0.06029116642067401 45.500000000000007 0.17897824343484967 7.493605156984974 -0.65795635758647386 -0.40618698097770162 5.1991450204564975 0.27777888888888896 0.039551689749991022 -0.13021315364782457 1.0000000180025095e-35 0.35000000000000009 1 1350.6650000000002 -1.3504670284078244 0.20681640249393154 -1.721034924997491 7412.5000000000009 15.500000000000002 8.2048991865678484 84.500000000000014 -0.13733791144028815 7.2106004436290023 35.500000000000007 -0.018991399706480581 0.055919468900404119 7.541536524627368 2 0.060468039828049054 7.2472530147843317 -0.34472163387930915 -0.057247524082288496 53.500000000000007 0.014265871126739474 17.500000000000004 3 7.0767651249256529 63.500000000000007 4 -0.40546316471382798 -0.21622690158509392 -0.044892093761051292 688.93334173387109 0.068993115388736218 76.500000000000014 -0.058268908123975109 0.078750240657144713 204.30000000000004 7.5000000000000009 0.15488955994173045 6.9431622937592996 5 44.500000000000007 0.020037027224119656 1.0000000180025095e-35
decision_type=8 1 2 2 8 2 2 2 2 10 2 8 10 2 2 8 2 2 2 1 8 2 2 10 10 2 2 2 2 2 2 10 2 2 1 2 2 10 2 2 2 2 1 2 10 1 2 2 2 2 2 2 2 10 2 2 8 2 1 2 10 10
left_child=1 -1 -3 4 -4 12 7 -7 9 10 -8 -11 14 -14 15 -2 17 -17 19 20 -16 -22 25 24 -20 26 27 28 -23 -30 -31 -32 -33 36 35 -35 44 38 40 -40 -38 42 -39 -43 45 46 47 -15 49 -48 51 54 -53 -54 -50 56 57 -47 -57 60 61 -44
right_child=5 2 3 -5 -6 6 8 -9 -10 11 -12 -13 13 33 18 16 -18 -19 23 -21 21 22 -24 -25 -26 -27 -28 -29 29 30 31 32 -34 34 -36 -37 37 41 39 -41 -42 43 59 -45 -46 55 48 -49 50 -51 -52 52 53 -55 -56 58 -58 -59 -60 -61 -62 -63
leaf_value=-0.00046383604489953935 0.00027489968581707853 0.0030190426484409819 -0.00055269468630547366 0.0033233686331657001 0.00047517195165002894 0.0019825016575416316 -0.00037175680394766104 -6.6536041572308648e-08 -0.0020154499283051102 0.001237000748169805 0.001126214099042824 -0.00088063091545246175 0.033607872291998513 0.00015222706149429694 0.0062140157793247894 -0.0021486942771863139 -0.0011814608245564176 0.0010485457381240752 -0.00074002427329365001 -0.0021371431046082567 0.0014457439534214906 -0.0018403316433636191 0.0029419626878084207 8.8453668201211419e-05 0.0019268346915672777 -0.00085351497311805878 -0.00084783861883648776 0.0050667934234099963 0.0019731945460577812 -0.0017452364895687699 -0.00026894338740245035 0.00076119384377527932 0.0037388453044999944 -0.00033419742775129792 -0.00010785088808451667 -0.0017731893894834658 0.00053869646996681836 0.0026708690399344947 -0.00059617895100782733 0.0035554016958851131 0.0093649405533986277 0.0035103743733668744 0.0030550710916338285 -0.00022755502662846717 0.0013975861572164832 1.2394493514139284e-05 -0.00078057341781427201 0.0039872056918402914 -0.00015225542157459786 0.0020725722146378357 -0.00020650866795174784 0.0016479499231559398 -0.00041964685374573825 0.0010511571086185344 0.0019793485285286906 -5.4340774407989156e-05 -0.00054671481185636351 0.0041812807420082204 -0.0014226017912213973 -0.0004059065802037218 -0.0011611758933947421 0.00026040355114581294
leaf_weight=278 53 52 368 42 40 44 66 251 927 71 90 783 72 152 43 63 505 41 724 795 43 116 60 9405 42 233 270 41 46 110 40 44 44 1247 7737 1338 63 180 116 71 41 42 74 1260 77 71 551 77 341 93 674 50 79 68 63 518 170 64 1274 257 76 117
leaf_count=278 53 52 368 42 40 44 66 251 927 71 90 783 72 152 43 63 505 41 724 795 43 116 60 9405 42 233 270 41 46 110 40 44 44 1247 7737 1338 63 180 116 71 41 42 74 1260 77 71 551 77 341 93 674 50 79 68 63 518 170 64 1274 257 76 117
internal_value=-0.000395952 -0.00204866 -0.000799221 -0.00155211 -0.00229829 -0.000355557 -0.00116883 0.00126689 -0.00154025 -0.000544017 0.00299363 -0.00119298 -0.000294465 -0.000488716 -3.45951e-05 -0.00174962 -0.00228689 0.00219048 5.97152e-05 -0.000914635 0.000317892 -3.33981e-05 -0.00036816 0.000240365 -0.00140808 -0.000814816 6.32011e-05 0.0015724 0.000748128 0.00238596 0.00108786 0.00395349 0.00685393 -0.000513813 -0.000785626 -0.00170455 -8.98803e-05 0.0007463 0.00460616 0.00167553 0.00980952 0.000184354 0.00188652 -0.000736763 -0.000534352 -0.000641782 0.000120425 0.00306522 -0.000231772 -0.00181395 0.000568181 0.00206811 0.00613636 0.00280405 7.40729e-05 -0.00141604 0.00106209 0.00496323 -0.00184607 0.000336447 0.00229477 0.00440104
internal_weight=32743 780 502 450 408 31963 2232 295 1937 1010 156 854 29731 17013 12718 662 609 104 12056 1885 1090 1047 1004 10171 766 944 711 441 400 284 238 128 88 16941 10322 2585 6619 2297 291 187 104 2006 704 1302 4322 4245 2148 229 1919 644 1275 601 197 147 404 2097 305 135 1792 524 267 191
internal_count=32743 780 502 450 408 31963 2232 295 1937 1010 156 854 29731 17013 12718 662 609 104 12056 1885 1090 1047 1004 10171 766 944 711 441 400 284 238 128 88 16941 10322 2585 6619 2297 291 187 104 2006 704 1302 4322 4245 2148 229 1919 644 1275 601 197 147 404 2097 305 135 1792 524 267 191
cat_boundaries=0 1 2 3 4 5 6
cat_threshold=1289 5773 3362 112 260 785
is_linear=0
shrinkage=0.05


Tree=129
num_leaves=63
num_cat=9
split_feature=14 8 17 19 12 31 37 22 33 39 2 27 3 21 21 42 13 42 5 41 5 30 20 23 25 2 39 33 27 25 3 41 2 8 20 27 6 3 6 11 41 2 38 33 2 14 39 8 41 21 19 39 30 35 11 4 39 5 6 25 15 6
split_gain=0.886686 0.934007 0.846632 1.02032 2.05385 0.800034 1.16632 1.11362 1.06734 0.795393 1.04194 0.830766 0.852351 0.84447 1.20366 1.51938 0.744083 0.711983 1.19382 1.4931 1.66302 1.27397 1.21069 1.80407 2.16496 2.30168 1.75923 1.42114 1.41976 1.38397 1.48533 2.91328 1.75866 1.44391 2.28808 1.23923 1.22476 0.874821 0.929992 0.824571 0.784363 0.760774 1.19117 1.29252 1.42244 1.1387 0.882239 1.44731 0.922548 1.42808 0.878298 0.822834 0.821682 1.23412 1.08965 1.05809 0.776326 0.871155 1.54485 1.14269 1.15848 1.42789
threshold=-1.0981394753941058 1.0000000180025095e-35 -0.80294345615727292 0.092953203051585206 86.500000000000014 0.25000000000000006 65.500000000000014 -2.9634630129852049 40.342857142857149 0 0.048981806840489923 52.500000000000007 -0.54851587313755334 3199.3900000000008 5705.0000000000009 0.96850198412698429 0.095695970695970703 0.88185443668993024 8.7760208130769986 2.9130032206119165 9.5100251856682174 22.250000000000004 0.040043259815512162 -0.315352725374135 1 0.13745942487448295 2 27.750000000000004 33.500000000000007 3 -0.012676885722143981 422.86802884615395 -0.054798195356218209 0.17850570259815454 -0.028768278733457116 6.5000000000000009 8.4322703971980157 -0.40546316471382798 8.5139094738011831 68.500000000000014 13.076951535331116 0.035092469235236574 4 36.76428571428572 -0.28768207245178118 -0.18447867750038857 5 0.034480654868740017 747.92777777777781 3600.8350000000005 -0.02475525644856949 6 9.3500000000000032 1.9355789876495595e-07 11.500000000000002 -0.53315677498689806 7 7.3424930453376147 7.0702313217237522 8 0.22314355131420979 7.130921027046802
decision_type=2 8 2 2 2 2 10 8 2 1 2 2 2 10 10 2 2 2 2 2 2 2 10 10 1 2 1 2 2 1 2 2 2 10 10 2 2 2 2 2 2 2 1 2 2 2 1 8 2 8 2 1 2 2 2 2 1 2 2 1 2 2
left_child=16 2 -2 -4 -5 6 8 -7 9 10 11 12 -3 -14 15 -15 -1 18 22 20 -20 -22 26 24 25 27 28 -24 29 30 31 32 -9 34 -32 -26 -31 -30 -39 -29 -25 42 43 -19 -45 50 -44 48 49 -48 -46 -47 -49 55 -55 -54 57 58 -43 60 61 -60
right_child=1 5 3 4 -6 7 -8 17 -10 -11 -12 -13 13 14 -16 -17 -18 41 19 -21 21 -23 23 40 35 -27 -28 39 37 36 33 -33 -34 -35 -36 -37 -38 38 -40 -41 -42 56 46 44 45 51 47 52 -50 -51 -52 -53 53 54 -56 -57 -58 -59 59 -61 -62 -63
leaf_value=0.00097117206771525372 0.0089545624690254601 0.0040045492401519387 -0.00045965393890636539 -0.00091830970288945483 0.0017901538240010053 0.020062093437476853 0.0012436747198628648 0.0026008204805228622 0.0039924252987722335 -0.0010736591842748281 -0.00038862084278895359 -0.0012902060684093053 8.195406917212479e-06 0.00049643297220717262 -0.0025357755097080376 0.0056705850585900518 -0.00051216361989801275 3.8867064634714836e-05 -0.00027919348202831945 -0.0011504695740437211 0.0002025144542030674 0.0047854268201190705 0.0042340018561207822 -0.00035021633618648347 0.002122098736295523 0.0050603765204812147 -0.00046132472186766974 0.0033035710907732929 0.0056373740571182759 -0.0001754078136561725 0.007976148186251036 -0.00063734251153780988 0.0051799941377850354 -0.0012250796239733817 5.5468548994436667e-05 -0.00051536486885856944 0.0031652377611018933 -0.00091395071193915798 0.0042238905364987032 -0.0010344295068887711 0.0027401744242860787 -0.00011290877595809622 -0.00038492254016849435 0.0056767084016785497 0.00011675917467718383 0.0018992559107750794 0.0041284974960416705 0.00013491906120841239 -0.00080390393428940085 0.00047084094362107433 0.0036045872538838851 -0.00027060748856417275 0.0021739396668892853 -0.00060924528955070103 0.0016101499692764407 -0.00043258293396372123 -0.0003242641907189067 -0.00026793849544933874 0.0026026034951979592 0.0022525293396494887 -0.0051012495336375946 -7.8429389739833536e-05
leaf_weight=68 40 41 568 79 41 54 52 68 55 2446 579 73 617 90 40 49 2289 4778 271 499 77 41 46 432 44 65 1344 49 62 266 41 43 61 93 71 180 57 514 59 50 55 1080 3150 72 46 100 47 1893 40 46 49 179 58 51 81 1588 4690 2711 45 264 83 105
leaf_count=68 40 41 568 79 41 54 52 68 55 2446 579 73 617 90 40 49 2289 4778 271 499 77 41 46 432 44 65 1344 49 62 266 41 43 61 93 71 180 57 514 59 50 55 1080 3150 72 46 100 47 1893 40 46 49 179 58 51 81 1588 4690 2711 45 264 83 105
internal_value=-0.000416592 -0.000344286 -0.00211248 -0.0025254 0.00165289 -0.000300933 -0.000954738 -0.000198063 -0.00105237 -0.00114965 -0.000230001 0.00082327 0.00127088 0.000903387 0.00391667 0.00610714 -0.00135072 -0.000213298 0.000358653 -0.00128234 0.00103846 0.00596639 0.000763676 0.00232646 0.00466667 0.0081448 0.000225745 0.00496575 0.00150446 0.00306705 0.00506443 0.00861272 0.0123462 0.00230582 0.00610619 0.000978722 0.000553891 -0.000196542 -0.000810106 0.00155 0.000235655 -0.000334642 -7.71832e-05 0.000492835 0.00306488 0.00181333 -0.000505385 7.86251e-06 0.00511194 0.00781915 0.00651042 0.000196427 -0.000178378 -0.000949973 0.00368421 -0.00132362 -0.000683819 -0.000195395 0.000738275 0.00304217 0.00034836 0.00298013
internal_weight=32825 30468 728 688 120 29740 4042 25698 3990 3935 1489 910 837 796 179 139 2357 25644 4488 888 389 118 3600 921 434 210 2679 145 1335 700 377 172 129 205 112 224 323 635 573 99 487 21156 12178 5224 446 374 6954 3804 133 93 95 279 3671 1778 132 1646 8978 4288 1577 497 233 150
internal_count=32825 30468 728 688 120 29740 4042 25698 3990 3935 1489 910 837 796 179 139 2357 25644 4488 888 389 118 3600 921 434 210 2679 145 1335 700 377 172 129 205 112 224 323 635 573 99 487 21156 12178 5224 446 374 6954 3804 133 93 95 279 3671 1778 132 1646 8978 4288 1577 497 233 150
cat_boundaries=0 1 2 3 4 5 6 7 8 9
cat_threshold=916 2131 2828 2513 9 3968 2564 3336 1330
is_linear=0
shrinkage=0.05


Tree=130
num_leaves=63
num_cat=9
split_feature=8 2 4 41 25 8 42 17 25 4 30 30 39 30 7 7 9 10 18 4 8 18 9 8 39 8 25 23 11 0 2 41 42 7 16 41 11 19 41 8 30 18 0 22 0 17 23 9 17 42 13 13 25 22 4 0 22 1 25 4 39 25
split_gain=0.826869 0.878368 0.820263 0.736733 0.93393 0.925355 0.794872 0.723914 1.08606 1.15134 0.81199 0.676423 0.766698 0.952637 1.07933 0.854498 0.835865 1.87093 0.695083 0.67608 0.634359 1.24739 0.61644 0.961276 1.57149 1.25103 1.12456 1.00013 0.742699 0.73841 0.655233 0.602411 1.14986 1.82469 1.00895 0.868275 1.04168 0.858914 1.05034 1.02273 0.65968 1.44254 1.65706 1.74536 1.60003 1.46545 1.43624 1.50893 1.13798 1.27692 0.80582 0.770646 0.746877 0.894487 1.34141 0.766328 0.721685 0.763706 0.697307 0.649745 0.630201 1.2062
threshold=1.0000000180025095e-35 0.3829922522561065 1.5410939703049495 2.8336309523809531 0 0.45848387515512423 0.57601438109912695 1.332267629550188e-15 1 -1.0000000180025095e-35 0.65000000000000024 0.75000000000000011 2 61.150000000000006 7.5189540067277889 6.6273847815223936 0.46938884865820862 0.13433719236282785 1.3681623652135977 1.006836446190736 0.053410585350685859 -0.66908879429415935 0.15180927650565282 0.26093666924564746 3 0.21501941478956108 4 -0.3746934494414102 45.500000000000007 0.25951119548508444 0.038993802258112005 5.5295496323529418 0.85270009643201561 8.0352517785010971 1.9161208564290331 4.2097567424643056 28.500000000000004 0.081369301443645944 4.6239754098360661 0.28706573813412911 28.650000000000006 0.57155857128730647 0.11778482137385816 -0.87481324304390118 0.0033240752520473653 -0.09867783147311758 0.46262352194811324 0.18937299000010946 0.088038271555107364 0.93700396825396837 0.81578708449382209 0.56730918365830896 5 -0.082082380517280229 -0.44183257370757895 0.013842355170278433 -0.83921699195796584 -0.32922611711427935 6 0.044452874230940694 7 8
decision_type=10 2 2 2 1 10 2 2 1 2 2 2 1 2 2 2 10 2 10 2 10 8 10 10 1 10 1 8 2 2 2 2 2 2 2 2 2 2 2 10 2 8 2 10 2 2 8 10 2 2 2 2 1 10 2 2 8 2 1 2 1 1
left_child=7 2 3 4 5 -2 -6 8 9 -1 -11 18 13 14 -13 -14 -17 -18 -3 31 21 -8 -22 24 25 26 30 -26 -28 -25 -24 32 33 37 40 -35 -37 38 39 -5 51 45 43 -43 50 46 47 -42 -47 -50 -45 56 53 54 -53 -55 -34 -58 -59 -41 61 -33
right_child=1 11 -4 19 6 -7 20 -9 -10 10 -12 12 15 -15 -16 16 17 -19 -20 -21 22 -23 23 29 27 -27 28 -29 -30 -31 -32 60 34 35 -36 36 -38 -39 -40 59 41 42 -44 44 -46 48 -48 -49 49 -51 -52 52 -54 55 -56 -57 57 58 -60 -61 -62 -63
leaf_value=0.0019067377421107237 -0.0013430013572000696 -0.0020198102066560238 0.0032025348995713787 -0.00025951776813151609 0.0032501286667489904 0.0029042852308933239 0.0040351306518466995 -0.00043875047910054094 -0.00044630673372758248 0.0024792480195746881 -0.00056298458147530995 0.0057809627445255677 0.00058028653308677531 0.0032257714380848736 -0.00076710734689792819 -0.001471232383473565 0.0059821895463556436 -0.002429842996333061 0.00066265825944423421 -0.0010911912045691722 -0.0010183193599182347 -0.00021092535662217747 0.010124908098349913 -0.0017482674512831074 0.0020347476932144381 0.0062299456542288679 0.0021760917876893454 -0.0010005802649601149 -0.0023581799265068189 0.00024293549761815987 0.0044803483891323178 0.00011954227213350529 -0.0030939116580429894 -0.0021931045484926181 0.0045879397803001015 -0.00084793107637893661 0.001875555371393533 -0.0008264348174496528 0.0084701613390732958 0.0060234105704026842 0.0081147574094781912 0.0087911139860108681 -0.00053853652775534902 -0.0021636246857866365 0.003094166823756947 -0.0015243635252376018 -0.00061123007560807876 0.00064242932418458036 0.0036425435295999566 -0.00054524189754353528 0.0023858317035246675 0.002566475680892489 -0.0010125669115199083 -0.000126239070787203 -0.00056702327060543752 0.0041301511587150119 0.0045449062996414658 -0.0018622604331104552 0.00037270068901865128 0.0029039890951214464 -3.4382539774477621e-05 -0.000518924460971981
leaf_weight=57 1126 792 49 40 57 54 55 432 289 70 121 41 79 48 101 783 51 114 67 335 572 80 56 326 74 49 53 238 74 82 60 1711 56 138 49 55 71 42 43 45 46 44 57 68 44 233 109 113 65 77 40 40 912 41 192 49 56 161 674 40 17205 3818
leaf_count=57 1126 792 49 40 57 54 55 432 289 70 121 41 79 48 101 783 51 114 67 335 572 80 56 326 74 49 53 238 74 82 60 1711 56 138 49 55 71 42 43 45 46 44 57 68 44 233 109 113 65 77 40 40 912 41 192 49 56 161 674 40 17205 3818
internal_value=-0.00041244 -0.000368494 -0.000298906 -0.000309695 -0.00105851 -0.00214106 -0.000324567 -0.00185052 -0.000622678 0.00177606 -2.60429e-05 -0.00136254 -0.000603449 0.0022388 0.000279719 -0.00114162 -0.00157007 0.00165663 -0.00243605 -0.00022666 -0.00052035 0.00275735 -0.000801263 -5.92312e-05 0.00120661 0.00376238 0.00239754 -0.00126935 -0.000978262 -0.00193154 0.00566929 -0.000198216 0.000402665 0.00269474 5.4364e-05 -7.54729e-05 0.00291338 0.00616114 0.00775148 0.00535714 -6.01052e-05 0.00108138 0.00427165 0.0064467 0.00385621 -0.000178573 0.0026394 0.00565625 -0.00219415 0.00132867 0.000550458 -0.000529332 -0.00135223 0.00072072 -0.000901289 0.00494505 0.000543248 0.000891254 0.000508372 0.00843023 -0.000293381 -0.000757221
internal_weight=32719 31750 29674 29625 2956 1180 1776 969 537 248 191 2076 1217 190 142 1027 948 165 859 26669 1719 135 1584 1012 604 292 243 312 127 408 116 26334 3600 474 3126 264 126 210 168 125 3077 896 253 196 152 643 268 159 375 142 108 2181 1234 322 232 90 947 891 835 85 22734 5529
internal_count=32719 31750 29674 29625 2956 1180 1776 969 537 248 191 2076 1217 190 142 1027 948 165 859 26669 1719 135 1584 1012 604 292 243 312 127 408 116 26334 3600 474 3126 264 126 210 168 125 3077 896 253 196 152 643 268 159 375 142 108 2181 1234 322 232 90 947 891 835 85 22734 5529
cat_boundaries=0 1 2 3 4 5 6 7 8 9
cat_threshold=346 2868 1024 4136 3616 1153 1025 960 2070
is_linear=0
shrinkage=0.05


Tree=131
num_leaves=63
num_cat=6
split_feature=42 25 9 33 27 41 25 6 20 21 37 23 20 16 39 25 37 23 20 41 26 41 2 27 3 2 10 31 20 3 18 21 17 33 18 13 12 4 0 39 25 4 12 33 37 13 6 11 4 1 20 31 6 22 1 20 11 41 13 0 5 20
split_gain=0.622737 1.06778 2.18678 1.7972 1.39229 1.9237 1.28747 2.14596 1.19355 1.54989 1.14168 1.63062 1.13617 1.09017 1.02534 1.23209 1.21402 1.13441 1.54685 0.987478 1.31984 1.20619 2.12137 1.85912 1.20784 1.25683 0.97286 0.968209 0.948003 1.09695 1.0608 1.90829 1.04662 1.14827 0.940303 0.927809 0.926857 0.925365 0.900097 0.895281 1.44595 1.56977 1.57116 1.03132 1.10527 1.03061 0.894212 1.25099 1.17966 0.872001 0.851229 0.882453 0.825341 0.819658 0.827039 0.809346 1.92043 0.888481 0.775905 1.01461 0.771846 1.25049
threshold=0.96850198412698429 0 0.4990252044267986 31.907142857142862 19.500000000000004 8.0578784119106697 1 7.9291479645067735 0.076871326313207811 9550.0000000000018 22.500000000000004 1.7375336151143057 -0.015849085182292874 -0.42028354377602944 2 3 52.500000000000007 -0.048790164169432097 0.0048184949490962569 66.941004962779161 4.5000000000000009 86.499218750000011 0.082978249269814355 22.500000000000004 0.14763656698820563 0.051293294387551043 0.48662621115039034 288.10000000000008 0.022784578633781406 -0.010323501915781462 1.6234828610924865 4806.2500000000009 0.49717079968924277 24.878571428571433 0.1561217356389337 0.99999812500234386 55.500000000000007 0.28519746109512495 -0.017023700616359157 4 5 0.51082598090872156 50.500000000000007 27.792857142857148 38.500000000000007 0.34384930321744817 9.487320204401227 44.500000000000007 0.42381388313986484 -0.09531017980432431 0.020668994476510116 4.0500000000000016 9.1974151961714998 -2.9634630129852049 -0.23253364792430317 0.025481216168285314 29.500000000000004 24.401754385964917 0.73333410852713188 0.035932009226062885 7.5953831795490876 -0.07001495472107834
decision_type=2 1 10 2 2 2 1 2 10 8 10 8 10 2 1 1 10 10 10 2 2 2 2 2 2 2 2 2 10 2 10 10 2 2 10 2 2 2 2 1 1 2 2 2 10 2 2 2 2 2 10 2 2 8 2 10 2 2 2 2 2 10
left_child=26 2 14 -4 39 6 7 13 9 -9 27 -12 36 -6 16 -16 -2 18 -18 -17 -21 22 23 -22 50 -26 28 60 29 30 53 -32 33 -30 35 -29 -8 -27 -25 43 41 45 -43 58 -45 -41 52 48 -48 -15 51 -23 -31 -1 -55 56 -35 -58 59 -3 61 -7
right_child=1 4 3 -5 5 10 12 8 -10 -11 11 -13 -14 49 15 19 17 -19 -20 20 21 24 -24 38 25 37 -28 34 32 46 31 -33 -34 55 -36 -37 -38 -39 -40 40 -42 42 -44 44 -46 -47 47 -49 -50 -51 -52 -53 -54 54 -56 -57 57 -59 -60 -61 -62 -63
leaf_value=0.021660600594915709 -0.0011918634033479191 5.7654619602007526e-05 0.011536129607978261 -7.5307095852322548e-06 0.0044514021051585166 0.0042050547028478595 0.00028173289243404732 0.0082438002123056946 0.00092931918590440543 0.003570662437626629 -0.00043421833922744745 0.0021182574914784991 -7.9986756461156752e-05 0.0062779001324094587 -0.0011368846011107004 -0.00013041082089666482 -0.00034421991656202917 -0.00071382408941927065 0.0035200196082381154 -0.00054503910062779807 0.0072249813868691922 0.0031693351953661995 -0.00117306476649636 0.0019897196645423058 0.0074999805938750124 -0.0016205114312340307 -0.0017462980714580681 -0.0020004511511244254 0.0032194331410319594 -0.00033148443155532132 0.00012382322264087463 0.0054272973288460027 -0.00062404703879095197 0.0031041743264736675 0.0018621574821625292 0.0050436688712951058 0.002514208996535411 0.0038735935381811609 -7.7811153843473853e-05 0.001837145234135967 -0.00030545701383449976 0.012262160640451422 0.00089684030189628996 -0.0010610225287374009 0.00077396797436587159 -2.6266393666821755e-05 -0.0010741675311702111 0.0075755966961626592 0.0012926195578906266 -0.00018220469485354226 -0.00052468529710032741 -1.037327300735256e-05 -0.0023989443634806801 -0.00064008369109980103 -3.6137968697801e-05 7.4304409568718417e-06 -0.00081008210812956764 0.0025963098743950947 -0.0018067144490208403 0.0016688594765778713 -0.00024045958209173245 0.00010417078317825082
leaf_weight=50 1806 74 48 56 47 116 50 45 42 49 57 54 287 40 757 1695 42 70 40 180 40 75 62 42 43 50 615 45 40 6304 180 42 1272 60 88 50 47 79 41 68 689 44 44 1237 63 306 141 40 45 102 179 263 178 1008 4244 5644 86 76 41 51 1709 1664
leaf_count=50 1806 74 48 56 47 116 50 45 42 49 57 54 287 40 757 1695 42 70 40 180 40 75 62 42 43 50 615 45 40 6304 180 42 1272 60 88 50 47 79 41 68 689 44 44 1237 63 306 141 40 45 102 179 263 178 1008 4244 5644 86 76 41 51 1709 1664
internal_value=-0.000426873 -0.000152628 -0.000670372 0.00647619 0.00025351 0.000787891 0.00317606 0.00543155 0.010365 0.0134737 0.000339587 0.0053125 0.00108861 0.00213158 -0.000808784 -0.000292864 -0.00172169 0.00254902 0.00650602 0.000201086 0.00140284 0.00220571 0.00577957 0.00955645 0.00123913 0.00485549 -0.000600471 0.000187856 -0.000538356 -0.000806018 -0.000284164 0.00309417 -8.21853e-05 0.000198069 0.00372282 0.000260415 0.0057653 0.00234615 0.00517857 -0.000662721 0.000382959 0.00251586 0.00853932 -0.00147597 -0.00196003 0.00114667 -0.00123565 0.00185022 0.000106951 -6.99313e-05 2.89563e-05 0.00150442 -0.00134351 -0.000426175 -0.000487342 0.000139764 0.00309417 0.000245398 0.00221557 0.00416667 1.43147e-06 0.000729926
internal_weight=32702 12677 5568 104 7109 4492 709 325 136 94 3783 111 384 189 5464 3506 1958 152 82 2749 1054 874 185 123 689 172 20025 3672 19410 12232 5524 222 7178 5906 183 95 97 129 83 2617 1151 462 88 1466 1300 374 6708 226 186 142 517 338 6482 5302 5252 5866 222 162 166 125 3489 1780
internal_count=32702 12677 5568 104 7109 4492 709 325 136 94 3783 111 384 189 5464 3506 1958 152 82 2749 1054 874 185 123 689 172 20025 3672 19410 12232 5524 222 7178 5906 183 95 97 129 83 2617 1151 462 88 1466 1300 374 6708 226 186 142 517 338 6482 5302 5252 5866 222 162 166 125 3489 1780
cat_boundaries=0 1 2 3 4 5 6
cat_threshold=217 2596 898 128 5507 1060
is_linear=0
shrinkage=0.05


Tree=132
num_leaves=63
num_cat=6
split_feature=43 1 8 2 24 8 3 42 39 31 42 15 16 27 21 7 3 0 21 8 14 22 19 9 13 10 27 11 39 9 13 17 19 6 39 33 19 31 22 39 20 33 30 13 27 8 3 22 6 15 39 26 33 2 34 20 10 3 4 33 1 8
split_gain=1.11987 1.95337 1.2804 1.09673 1.24711 0.857634 0.817193 1.37138 1.32975 1.34535 1.1002 1.56641 1.3391 1.24517 1.09858 1.41953 1.06542 0.901796 0.875381 0.970977 0.834969 0.830613 0.802433 0.794182 0.731266 0.699301 0.810124 0.697467 0.829391 1.06563 1.29465 0.891242 0.85662 1.00349 0.729997 1.09512 0.752054 1.35371 0.68996 1.12285 1.71726 0.688998 1.10036 1.73257 0.84173 0.875248 0.987594 0.685727 0.664119 0.755924 0.785194 1.20296 1.54851 0.949417 0.889118 0.803003 0.805294 1.01812 0.932924 1.01969 0.870603 0.845864
threshold=1.0000000180025095e-35 1.0000000180025095e-35 1.0000000180025095e-35 1.0000000180025095e-35 0 0.66644076994202683 0.019811675312931602 0.92084377610693413 1 107.10000000000001 0.98319209039548039 -0.66940196498306215 0.016066612661274075 16.500000000000004 3306.2500000000005 7.699476493787575 0.12783318060113172 -0.088238857545020796 15050.000000000002 0.10983557642552756 0.68213102644299106 -0.012668527599453501 -0.049706934796396408 0.76504914322537154 0.11839325583956588 0.57076451452902399 4.5000000000000009 51.500000000000007 2 0.22529673791557275 1.4769488106864199 -0.09867783147311758 -0.12055629940223629 7.957998562225562 3 35.335714285714296 0.057479382005518775 0.25000000000000006 0.039274173429554339 4 -0.0042400980427672484 30.064285714285713 12.650000000000002 0.60975413444857163 41.500000000000007 0.18815090805181858 -0.037939175897881754 -0.20479395810076526 6.4373021797487011 0.22314355131420971 5 3.5000000000000004 28.907142857142862 0.37333038161461701 1.0000000180025095e-35 -0.1065682261347556 -0.10293116702983295 0.098846005684959173 0.23314388466754424 33.892857142857146 -0.15702574921367549 0.12861137609900161
decision_type=2 2 8 2 1 8 2 2 1 2 2 2 2 2 8 2 2 2 10 10 2 8 2 8 2 2 2 2 1 10 2 2 2 2 1 2 2 2 8 1 10 2 2 2 2 8 2 10 2 2 1 2 2 2 2 10 2 2 2 2 2 10
left_child=2 -2 -1 4 5 6 18 38 -9 10 13 -12 -13 22 -15 -16 -14 -17 24 -20 -11 -19 -10 27 -4 48 -27 34 29 30 31 32 -29 47 -6 36 -36 -38 39 -8 -41 -30 44 -44 -43 46 -46 -34 -5 -50 51 52 -51 55 -53 -52 -57 58 60 61 -58 -60
right_child=1 -3 3 25 23 -7 7 8 9 20 11 12 16 14 15 17 -18 21 19 -21 -22 -23 -24 -25 -26 26 -28 28 41 -31 -32 -33 33 -35 35 -37 37 -39 -40 40 -42 42 43 -45 45 -47 -48 -49 49 50 53 54 -54 -55 -56 56 57 -59 59 -61 -62 -63
leaf_value=-0.00035771867756708613 0.0098165316025079496 -0.00033553562589885632 0.00081112506220672306 0.00040430626666030544 -0.0013941581838266704 -0.0019032885549984961 -0.0015539294945273187 1.9167341267499196e-05 0.0056368749630353893 -1.0254443001800762e-05 0.0047413192994723349 2.9871605163897044e-05 0.00058228980542095513 -0.00051094774511340206 0.0049883920043580143 -0.0039813404975376819 0.0064732759935804034 0.0045831428836425993 -0.00046282587204762247 0.002348231571017519 0.0022865209256059636 -8.0354151571601133e-05 0.0016896328851786664 0.0072080108377257715 -1.3286449228748948e-05 0.0013099399304440237 -0.001612023876803399 -0.00032315207748966356 -0.00037710242934029686 -0.00059046509859477891 0.0033505710819604901 4.2003959610907999e-05 -0.00080468022570783177 0.0028366141730389346 -0.00014154552455460109 -0.00092294482493590711 0.0027133140498980398 0.00019533738345457407 -0.00040719731205734398 -0.00086046438857941649 0.0036406648385214437 -0.00045975390862344724 -0.00033766419927656161 0.0019840895310537766 0.003284849816030905 -0.001900132682510782 3.4156389763071315e-05 0.0015478980984425909 -0.00011696799850963451 -0.0028208398932337685 0.0020834748040427209 -0.00094915123514081065 0.0035815008787786931 -0.0011616823023344197 0.00034309439981969244 -0.00204737355600833 0.0017069468883029592 -0.00045293089336844556 0.0029155057211676751 0.0040538190272420768 -2.9703380373521875e-05 -0.0026297380156932774
leaf_weight=769 71 52 69 335 1258 292 102 685 41 366 43 85 73 138 45 41 49 42 40 57 45 53 52 66 6960 62 546 63 850 290 42 618 60 67 1595 450 53 463 433 86 76 492 47 51 75 77 84 44 9817 61 75 2022 57 313 164 125 40 867 50 61 536 82
leaf_count=769 71 52 69 335 1258 292 102 685 41 366 43 85 73 138 45 41 49 42 40 57 45 53 52 66 6960 62 546 63 850 290 42 618 60 67 1595 450 53 463 433 86 76 492 47 51 75 77 84 44 9817 61 75 2022 57 313 164 125 40 867 50 61 536 82
internal_value=-0.00042828 0.00431451 -0.000446307 -0.000397557 -0.000116735 0.000241298 0.000323 0.00110953 0.00185332 0.00293819 0.00435897 0.00697211 0.00512019 0.00276029 0.00126562 0.00381868 0.00845528 0.00124087 5.19141e-05 0.0047449 0.000716018 0.00390625 0.00781915 -0.000640173 -1.35147e-05 -0.000704287 -0.00236453 -0.00069536 -0.00010486 0.000903765 0.00176536 0.00133646 0.00395745 0.00578488 -0.00113744 -0.000643469 -0.000168088 0.00148936 -0.000766477 0.00124528 0.00369942 -0.000818021 0.000205561 0.00515151 -0.000466394 0.00198312 0.00409375 0.00266667 -0.000635014 -0.000686709 -0.00122699 -0.00186609 0.00302521 -0.000530094 -0.00213992 -9.7987e-05 -0.000314984 -1.83274e-05 0.00130519 0.00430412 0.000294626 0.00180451
internal_weight=32723 123 32600 31831 16618 9873 9581 2455 1758 1073 662 250 207 412 319 181 122 136 7126 97 411 95 93 6745 7029 15213 608 6679 2860 1184 894 852 234 171 3819 2561 2111 516 697 264 162 1676 826 98 728 236 159 104 14605 14270 4453 2304 118 2149 2186 1836 1761 1636 769 193 576 132
internal_count=32723 123 32600 31831 16618 9873 9581 2455 1758 1073 662 250 207 412 319 181 122 136 7126 97 411 95 93 6745 7029 15213 608 6679 2860 1184 894 852 234 171 3819 2561 2111 516 697 264 162 1676 826 98 728 236 159 104 14605 14270 4453 2304 118 2149 2186 1836 1761 1636 769 193 576 132
cat_boundaries=0 1 2 3 4 5 6
cat_threshold=7 4498 5666 3328 2057 7174
is_linear=0
shrinkage=0.05


Tree=133
num_leaves=63
num_cat=3
split_feature=8 1 5 8 12 33 41 21 30 39 7 9 17 37 8 2 9 23 18 21 26 20 9 7 18 30 18 2 21 39 1 27 10 27 30 10 1 26 8 18 22 7 19 16 35 35 5 2 2 41 21 23 39 0 23 23 12 9 27 0 16 5
split_gain=1.16389 0.798 0.725069 0.63191 0.622285 1.02705 0.634572 0.604974 0.989261 0.991078 0.951604 0.905014 0.863368 0.972378 1.39134 1.03202 0.966503 2.33034 1.08219 1.5417 0.875646 0.857044 0.837535 0.78311 0.7723 1.15711 1.4279 1.14179 1.07932 0.960244 1.14231 1.15183 1.25632 1.09289 1.10205 0.784405 0.924849 0.93882 1.22709 0.767041 0.909042 1.23706 1.04187 0.870943 1.08747 1.44777 1.44192 0.793705 1.17134 0.797199 0.802652 0.780814 0.764725 0.810369 0.735367 0.732416 0.720191 0.865476 1.10905 0.72012 0.712317 0.799502
threshold=1.0000000180025095e-35 0.56617956982044071 5.1991450204564975 0.27118494049013014 82.500000000000014 28.192857142857147 11.090983606557378 4407.5000000000009 51.95000000000001 0 9.392716996637434 0.45176003662192071 0.15363517021536557 58.500000000000007 0.070057776092199445 -0.035717628056831423 0.39719756612222795 0.28688525953414207 0.8999881157107279 1249.7850000000001 50.500000000000007 -0.047475763404329706 0.20356872929004163 8.126769787952334 0.40808441569059445 64.500000000000014 1.0405393067993407 -0.038871015282490699 2995.8350000000005 1 0.095310179804324338 33.500000000000007 0.13186297537162875 22.500000000000004 1.2500000000000004 -0.37934836206209072 -0.044892093761051292 2.5000000000000004 0.37348239592415017 0.83596990154201423 0.265703786851404 6.8665393220360054 -0.078306176371393185 0.12020989123610294 0.004745592917922997 0.2192585152657108 7.5548919134988326 -0.44761165780137485 -0.56029585150048511 5706.0234451450206 4165.5000000000009 0.6830805751704293 2 -0.057156502077167375 0.31845373111853476 0.51082562376599072 14.500000000000002 0.55774150613230022 16.500000000000004 -0.0048851325995062913 -0.021448697601140761 7.9602878667631014
decision_type=8 2 2 10 2 2 2 10 2 1 2 10 2 10 10 2 10 10 8 8 2 10 10 2 10 2 10 2 8 1 2 2 2 2 2 2 2 2 8 10 10 2 2 2 2 2 2 2 2 2 10 10 1 2 8 10 2 10 2 2 2 2
left_child=4 2 3 -2 -1 -6 -7 11 9 56 -10 12 13 24 -15 -16 20 18 19 -18 39 -22 -12 -11 -4 29 27 -27 -29 30 31 32 33 34 54 -31 52 -38 -39 40 43 -42 -43 44 -14 46 -46 48 -41 50 51 55 53 -37 -26 -49 -9 -58 -59 -57 -44 -62
right_child=1 -3 7 -5 5 6 -8 8 10 23 22 -13 16 14 15 -17 17 -19 -20 -21 21 -23 -24 -25 25 26 -28 28 -30 35 -32 -33 -34 -35 -36 36 37 38 -40 47 41 42 60 -45 45 -47 -48 49 -50 -51 -52 -53 -54 -55 -56 59 57 58 -60 -61 61 -63
leaf_value=-0.00038477502628663488 0.017769891156838323 -0.002028292059414758 -4.5302054725941085e-05 0.0029353617980468192 0.00015574989180678212 0.001219438551383062 -0.00060022258930876376 -0.001251018204218148 -0.0011333528793114436 -0.00034619707763612558 0.0018557659693679439 -0.00047172370250861043 -0.0002101252718555612 0.0020544207950633823 0.0011914849072857685 -0.0010854346082828782 -0.0031703032284921191 0.0062229413821783411 -0.0011796478500261101 0.0023250845206602018 0.0066278186319297982 0.00015055521268748608 -0.0013929084249843827 -0.0028891822634803661 0.0033401047391459098 0.003810675732494453 -0.0019579385456979475 -0.00086748142808702657 0.0019350195971854168 0.0033616760323832082 -0.00025904599601091162 6.4987365474597383e-05 0.0071150373642294333 0.0035569954415540402 -0.0017519538776801106 0.00033735756464792845 0.0025343698988621829 -0.00010085328059107806 0.001543652947392656 -0.00021495857295859901 0.005238736608058344 0.0017414155138178054 -0.00095946967485001063 -0.00086131692385495509 0.0021796139896374292 -0.00051819071803896495 5.0698118737796256e-05 -7.8848142400403428e-05 0.0021694453340344124 0.0019300328533090481 0.00067647185321427765 -0.0009829434976353483 -0.00085226905484098343 -0.00043729587736180428 -3.812128027700369e-05 0.003865421208883944 -8.6286569663230067e-06 0.0123209293927702 -5.7243695374614214e-05 -0.0003328424971541879 0.00072639384187774892 -0.0019153563770541986
leaf_weight=471 45 794 11240 64 73 64 171 596 797 465 44 1454 1956 55 43 65 40 49 134 65 44 229 41 466 67 78 60 67 108 57 217 210 51 62 46 81 74 936 77 79 48 50 114 2838 40 100 45 3140 62 50 44 295 353 75 53 43 3184 40 44 43 217 152
leaf_count=471 45 794 11240 64 73 64 171 596 797 465 44 1454 1956 55 43 65 40 49 134 65 44 229 41 466 67 78 60 67 108 57 217 210 51 62 46 81 74 936 77 79 48 50 114 2838 40 100 45 3140 62 50 44 295 353 75 53 43 3184 40 44 43 217 152
internal_value=-0.00045703 -0.00041048 -0.000370597 0.00368182 -0.00236539 -0.000614888 -0.00222458 -0.000384926 -0.000851533 -0.000568183 -0.00238958 -0.000280633 -0.000207073 4.44006e-05 0.00387195 0.000550458 -0.000565399 0.00228374 0.000229165 0.00400943 -0.0006512 0.00213504 0.00261628 -0.00202229 -7.19944e-07 0.000763186 0.00361465 0.0052559 0.00298295 0.000383473 0.00191074 0.00327551 0.005375 0.00375546 0.00161677 -0.000279448 -0.000488417 0.000335477 -6.41038e-05 -0.00073307 -0.00110592 0.000764604 6.55419e-05 -0.0013243 -0.00056256 0.0030914 0.00784884 -0.000180997 0.00348591 -0.000324946 -0.00041363 -0.000498298 -0.0022451 0.000718562 0.00413223 -0.0002727 -0.000211614 7.95338e-05 0.00505882 0.00425287 -0.000650828 0.000418918
internal_weight=32765 31986 31192 109 779 308 235 31083 5677 4795 882 25406 23952 14075 163 108 9877 288 239 105 9589 273 85 931 13912 2672 313 253 175 2359 706 489 279 228 166 1653 1596 1087 1013 9316 5560 581 533 4979 2141 185 85 3756 141 3615 3565 3521 509 156 120 3226 3864 3268 84 86 483 369
internal_count=32765 31986 31192 109 779 308 235 31083 5677 4795 882 25406 23952 14075 163 108 9877 288 239 105 9589 273 85 931 13912 2672 313 253 175 2359 706 489 279 228 166 1653 1596 1087 1013 9316 5560 581 533 4979 2141 185 85 3756 141 3615 3565 3521 509 156 120 3226 3864 3268 84 86 483 369
cat_boundaries=0 1 2 3
cat_threshold=585 2577 4226
is_linear=0
shrinkage=0.05


Tree=134
num_leaves=63
num_cat=7
split_feature=8 42 25 20 22 33 41 41 39 5 39 25 0 22 9 25 6 6 23 31 30 8 30 31 42 17 30 27 41 4 9 0 3 30 11 26 41 18 24 14 1 20 25 31 20 20 17 3 23 27 22 20 9 6 19 26 20 31 33 0 8 0
split_gain=1.28544 0.788019 0.738642 1.72618 0.715776 0.873916 0.746703 1.10565 1.16114 1.44246 1.45819 1.60668 2.03281 1.68289 1.85934 1.50244 1.6302 1.39251 1.3837 1.56825 1.27551 1.98326 1.27247 2.58726 1.25197 1.19496 2.6432 1.29048 1.12669 1.12091 1.25462 1.09995 1.08495 1.07021 1.0607 1.30718 2.01221 1.27594 0.955835 0.955051 0.949745 0.924812 1.89925 1.11595 1.54697 0.913592 0.87949 1.09124 1.11407 0.86336 0.861912 0.835229 1.16538 0.865412 0.789309 0.759408 0.940084 0.745356 0.925289 0.895966 0.920691 0.869392
threshold=1.0000000180025095e-35 0.60397012578616371 0 -1.0000000180025095e-35 0.18191457106311407 25.164285714285718 4.6239754098360661 37.140394088669957 1 8.818317153537139 2 3 0.16874356380377711 0.068858614046547292 0.11105627342581643 4 6.8841892690640014 8.3786072566347354 -0.82367434837344888 9.3500000000000032 3.1500000000000008 0.13758303658425416 3.350000000000001 12.200000000000005 0.98319209039548039 0.029024842958255363 1.0000000180025095e-35 48.500000000000007 6.3533452807646364 0.31845373111853542 0.28079772918937512 -0.077704311415271551 -0.18232155679395465 34.550000000000004 38.500000000000007 28.500000000000004 8.0578784119106697 -0.25758027641513487 5 0.29725152346793166 -0.21537191496349936 0.010298457071801123 6 190.05000000000004 0.041682119053309298 0.031278376293954128 0.6775560789216083 -0.47579010441234221 -0.064105992137110754 56.500000000000007 0.071583241990996235 -0.099733739524148615 0.20086477725206883 8.1706003947761712 0.2358734843802098 23.500000000000004 0.004299672513031305 6.7500000000000009 30.907142857142862 -0.040821708805887529 0.058929106825485369 0.0033240752520473653
decision_type=8 2 1 10 10 2 2 2 1 2 1 1 2 10 10 1 2 2 10 2 2 8 2 2 2 2 2 2 2 2 10 2 2 2 2 2 2 8 1 2 2 10 1 2 10 10 2 2 8 2 10 10 10 2 2 2 10 2 2 2 10 2
left_child=1 -1 3 -3 6 -6 38 8 22 10 11 28 13 14 -13 16 -12 18 19 39 45 -22 -8 -24 51 26 -16 -28 -10 30 -26 33 -27 40 35 36 -20 -38 46 -18 -11 -25 -43 44 -44 -21 47 48 -2 -34 -37 52 -17 -53 -40 56 -19 59 -59 60 -7 -60
right_child=4 2 -4 -5 5 57 7 -9 9 31 15 12 -14 -15 25 24 17 55 34 20 21 -23 23 41 29 32 27 -29 -30 -31 -32 -33 49 -35 -36 50 37 -39 54 -41 -42 42 43 -45 -46 -47 -48 -49 -50 -51 -52 53 -54 -55 -56 -57 -58 58 61 -61 -62 -63
leaf_value=0.0033273209640691903 -0.00063091075010404804 -0.0008259676784624861 -0.00042479348604860108 0.0018556547446725209 0.0030733463701033224 0.001032621018735974 -0.00047292438983441486 -8.2093060988884504e-05 0.009011276000483591 -0.0025123387477864827 0.0071694436677516614 -0.00069003775922392018 -0.0019268315678908987 0.004144099115280183 0.0084378033126285331 0.0025058521083973205 -0.00089091553796246141 0.0036020724972638898 0.0058410647919604711 0.0061262241578737137 0.0071652253860117494 0.0016443493195763719 0.006731736851984616 -0.00018020726335359397 -7.548097738599831e-05 0.0057459980195116037 -0.00052624363570756062 0.0037375923754567422 -0.00042853340502634264 0.0033278418283278232 0.0060482726346421135 -0.0014872123134568676 -0.0010441804010403735 -0.0052058876843852171 -0.00010722530346975433 -0.00064375344564048301 0.0030884056364690366 -0.00010321465166797054 -0.00050135975574130585 0.0070705641482998339 0.0063846267098247702 -0.001435787635168863 0.0024990411681827551 0.010847318193251328 -0.0016594131363241726 0.00095474373611034659 -0.00071021305243053074 3.8127439380173571e-05 0.0054437354867292453 0.0028465853848869808 0.0011410007387547198 -0.00010259823238461253 -0.0020698319226092532 -0.00288173251185257 0.0014689809310183132 -0.002675462886771075 -0.0015274924850340425 -0.00031714869362268908 0.00099382262838952867 -0.00088090586532073929 -0.00013689384440862293 -0.0001795470389502823
leaf_weight=44 51 104 569 43 45 40 1289 13990 58 49 47 89 101 41 80 45 156 46 100 41 52 239 54 399 231 50 60 41 249 43 47 486 96 40 557 124 72 110 3066 41 72 121 40 48 68 41 248 1817 82 40 44 1075 98 340 74 176 62 2165 381 1657 508 465
leaf_count=44 51 104 569 43 45 40 1289 13990 58 49 47 89 101 41 80 45 156 46 100 41 52 239 54 399 231 50 60 41 249 43 47 486 96 40 557 124 72 110 3066 41 72 121 40 48 68 41 248 1817 82 40 44 1075 98 340 74 176 62 2165 381 1657 508 465
internal_value=-0.000400056 -0.00243101 -0.00283124 0.000411391 -0.000351666 -0.000884646 -0.000246563 -0.000114292 0.000381844 0.000767289 0.00107394 0.00286572 0.00436781 0.00575301 0.00485777 0.00063586 0.00162063 0.00139366 0.00197402 0.00394045 0.00584224 0.0042637 -0.000637932 0.00102599 -0.000367726 0.00642663 0.00931319 0.00387255 -0.000110064 0.00246894 0.00129032 -0.0014429 0.00358289 0.00212963 0.000858134 0.00266075 0.00473498 0.0015847 -0.000775427 0.000328282 0.00446721 0.000177251 0.00239209 0.00580838 0.00330275 0.0113253 2.71604e-05 0.000384417 0.0047388 0.00124087 -0.000828404 -0.000955742 0.00267361 -0.00132415 -0.00133291 -0.00182456 0.00146789 -0.000944989 -0.000433268 -0.00164325 0.000109288 0.000968122
internal_weight=32707 760 716 147 31947 5261 26686 21348 7358 5339 4692 905 598 497 456 3787 1908 1861 1577 570 373 291 2019 730 1879 367 181 101 307 321 278 647 186 161 1007 450 282 182 5338 197 121 676 277 156 108 82 2198 1950 133 136 168 1558 143 1415 3140 284 108 5216 3011 2205 548 846
internal_count=32707 760 716 147 31947 5261 26686 21348 7358 5339 4692 905 598 497 456 3787 1908 1861 1577 570 373 291 2019 730 1879 367 181 101 307 321 278 647 186 161 1007 450 282 182 5338 197 121 676 277 156 108 82 2198 1950 133 136 168 1558 143 1415 3140 284 108 5216 3011 2205 548 846
cat_boundaries=0 1 2 3 4 5 6 7
cat_threshold=68 6304 89 2309 2676 10 400
is_linear=0
shrinkage=0.05


Tree=135
num_leaves=63
num_cat=4
split_feature=8 10 3 25 0 2 13 33 5 4 23 2 3 3 7 19 36 17 11 27 1 41 36 27 33 17 13 4 1 27 0 25 38 11 25 23 27 3 31 10 7 5 33 41 13 2 27 5 41 12 31 12 12 3 27 23 9 41 41 23 19 37
split_gain=1.39502 0.845401 1.13874 1.35544 0.92309 1.11939 0.85133 0.994184 1.84086 1.67108 1.22052 0.827461 0.8101 0.681052 0.967714 0.70406 0.651764 0.630449 0.620449 0.966943 0.965103 0.615077 1.00678 1.00109 1.43201 0.687208 0.97703 1.13152 1.63906 0.808401 1.01477 0.694154 0.990661 1.25545 1.28303 1.38778 1.15662 1.0825 0.929172 1.276 1.25381 1.4725 1.10101 1.09911 1.52393 0.981338 1.18314 0.980617 0.932356 1.69547 0.903981 1.11296 0.882045 0.878337 0.877358 0.872224 0.871997 0.842445 1.25777 1.42833 1.63006 0.816024
threshold=1.0000000180025095e-35 0.24045853523671348 -0.059720044418877453 0 0.013842355170278433 0.24783818937664751 1.8501336898395724 27.250000000000007 7.4577780492063406 0.43175131979365849 -1.6035554916443069 -0.46800529426109166 -0.12962893312241161 0.77318950361794914 7.8622803617946486 -0.64389928375795058 2.0655350605074037 0.5525676404096268 1.5000000000000002 22.500000000000004 0.30830095149108511 7796.7717079741387 4.9352505803235848e-05 42.500000000000007 27.178571428571434 0.87708329462884194 0.44444507936507943 -0.02380588611425782 -1.0000000180025095e-35 9.5000000000000018 -0.13353139262452227 1 2 83.500000000000014 3 0.11247798342669015 50.500000000000007 0.51531675065147209 209.65000000000001 -0.11853143967685707 7.8966948352731565 7.3132332177464852 29.007142857142863 8.8804421768707495 1.4444472222222224 0.10536051565782635 18.500000000000004 7.0330423485125113 12.405458089668619 53.500000000000007 215.05000000000004 60.500000000000007 61.500000000000007 -0.02198437772866146 57.500000000000007 -1.3856658255248648 0.25815284616819245 4.5042134023583555 11.903488372093024 -0.84724786952932563 -0.060575961862439943 31.500000000000004
decision_type=8 2 2 1 2 2 2 2 2 2 8 2 2 2 2 2 2 2 2 2 2 2 2 2 2 2 2 2 2 2 2 1 1 2 1 10 2 2 2 2 2 2 2 2 2 2 2 2 2 2 2 2 2 2 2 10 8 2 2 8 2 10
left_child=12 11 4 6 -3 -6 7 8 9 -4 -9 -2 -1 15 -15 -13 21 -12 -10 -20 -21 25 -23 24 -24 31 27 28 -27 30 -28 32 61 37 35 50 -36 38 42 40 41 -40 -34 47 48 -41 -47 -44 49 -45 51 54 -42 -48 -35 -38 -46 -33 59 60 -59 -17
right_child=1 2 3 -5 5 -7 -8 10 18 -11 17 13 -14 14 -16 16 -18 -19 19 20 -22 22 23 -25 -26 26 29 -29 -30 -31 -32 57 33 34 36 -37 55 -39 39 45 52 -43 43 44 56 46 53 -49 -50 -51 -52 -53 -54 -55 -56 -57 -58 58 -60 -61 -62 -63
leaf_value=0.00079128800848266673 -0.00053787349879305614 -0.0019990221263557323 0.0082461236340476037 -0.0011101465657373524 0.0041596247139287432 0.0001248422446136409 0.0011359405172860835 0.002952707770761532 -0.0031315428900635088 0.0030772550356893986 -0.0002471660734263865 0.0019824587329818986 -0.00035122518735773906 0.0054158145980830671 -2.4766884221431619e-05 -0.00069146778103634961 -0.0017608340836915478 -0.0026328559609487033 -0.0048082327727087381 3.3435483269805177e-06 0.0024038090150231501 0.0018759932655178667 0.0017806379361361908 -0.0016591733730303461 3.1151785823825167e-05 -2.6834976336827701e-05 0.0050889972314206253 -0.00083459848095573117 0.0043272014880261734 -0.0012832784942427937 -0.0002412630525989 -0.00021555551555281385 -0.00062790058304099756 4.6645345288904814e-05 -0.0006557279617487124 0.0085342642527482353 0.0051385796149378028 0.0057696052512550972 0.00086846899357211115 -0.00019697298693700457 0.0018736255988738152 0.0090859770660038659 0.0028548832137344953 0.0046829981252644167 0.0054559290702508399 0.0023492362020811771 0.0012378065695987401 -0.00078210656537335737 -2.8948108909175306e-05 -0.0009416359094281617 -0.00028763251220821824 0.003996747383175776 -0.0010040058972990407 -0.0008186226718612876 0.0028143586151888342 2.0932698945451249e-05 0.00029175334124730039 0.01036961288429095 -2.3137800730237777e-06 0.00037803613881921149 0.00041767500544554246 0.00096174372345325134
leaf_weight=63 1303 41 40 2808 43 43 53 51 64 44 1031 65 722 45 71 2310 73 101 63 70 42 42 40 71 163 58 67 95 44 1274 219 2613 2048 135 267 64 64 63 47 648 61 44 56 48 59 62 42 972 2423 55 84 51 78 129 40 155 55 40 9327 1876 97 43
leaf_count=63 1303 41 40 2808 43 43 53 51 64 44 1031 65 722 45 71 2310 73 101 63 70 42 42 40 71 163 58 67 95 44 1274 219 2613 2048 135 267 64 64 63 47 648 61 44 56 48 59 62 42 972 2423 55 84 51 78 129 40 155 55 40 9327 1876 97 43
internal_value=-0.000431506 -0.000380661 -0.00101669 -0.0011527 0.00363281 0.00655172 3.50307e-05 -0.000185801 0.00226852 0.00858823 -0.000857265 -0.000277388 -0.00251272 -0.00021661 0.00358974 -0.000233555 -0.000246538 -0.00120035 2.08321e-05 0.0015625 0.00433628 -0.000233258 0.00195583 0.000836362 0.00262255 -0.000260131 -0.00121445 0.00209596 0.00572815 -0.00163357 0.000766549 -0.000190382 -0.000505736 -0.00023193 0.00156794 0.00371428 -0.000160967 -0.000457119 -0.000517722 0.000804855 0.00411255 0.0086413 -0.000774883 -0.000256202 0.000283982 -6.23595e-05 0.00271367 -0.00164237 2.76996e-05 0.00466346 0.00241157 0.00405286 0.00110714 0.000552324 0.00213068 0.00252273 0.00591304 3.83116e-05 0.000224847 0.00135799 0.00626811 -0.00140229
internal_weight=32965 32180 4494 4367 127 86 1559 1506 323 84 1183 27686 785 26383 116 26267 26202 1132 239 175 112 26129 316 274 203 25813 1757 197 102 1560 286 24056 10103 7750 860 374 486 6890 6827 1111 230 91 5716 3668 2640 881 233 1028 2526 103 310 226 139 171 175 219 114 13953 11340 2013 137 2353
internal_count=32965 32180 4494 4367 127 86 1559 1506 323 84 1183 27686 785 26383 116 26267 26202 1132 239 175 112 26129 316 274 203 25813 1757 197 102 1560 286 24056 10103 7750 860 374 486 6890 6827 1111 230 91 5716 3668 2640 881 233 1028 2526 103 310 226 139 171 175 219 114 13953 11340 2013 137 2353
cat_boundaries=0 1 2 3 4
cat_threshold=2336 3240 4 2208
is_linear=0
shrinkage=0.05


Tree=136
num_leaves=63
num_cat=8
split_feature=8 0 14 42 42 13 5 18 18 17 22 20 27 18 27 25 20 18 39 20 13 19 7 22 18 25 12 13 20 20 39 25 20 31 22 17 5 25 13 27 12 17 31 13 13 12 4 33 21 5 42 25 16 8 4 42 41 25 0 33 4 20
split_gain=1.11648 0.86449 0.912439 1.08029 0.844408 0.860489 0.672283 0.631592 0.575791 0.570135 1.24584 1.14744 1.03864 0.964701 0.601684 0.569593 1.01792 0.568756 0.545656 0.626142 0.738569 0.539731 0.505861 0.496114 0.642382 0.491825 0.827118 0.467569 0.678976 0.459511 1.74125 1.17168 1.40126 1.12999 1.08758 0.963548 1.34141 1.00753 1.27691 0.870676 1.03382 0.823263 0.826979 1.05246 1.10001 1.34649 1.33193 1.0783 1.0969 0.968701 0.730296 0.702239 0.693411 0.637116 0.836834 0.596848 0.595844 0.830757 0.634328 0.593242 0.791162 0.938518
threshold=1.0000000180025095e-35 0.42757790941917723 1.7928105522302189 0.95275297619047628 0.72804314329738073 0.49992061751018746 6.9550755583261159 0.29970504994628538 -2.3238855437980299 -1.77699978779046 -0.13573130273371761 0.045326064010910189 20.500000000000004 -1.5347260270931744 8.5000000000000018 0 -1.0000000180025095e-35 -0.45600476450064958 1 -0.022464703944375854 0.28571410204086883 -0.37076262152859885 10.006313472317464 -0.039891272868526111 -2.8158392807153154 2 47.500000000000007 1.3452339285714288 0.1218592671240714 -0.053854894736792551 3 4 -0.15587054638908515 268.55000000000007 -0.22311391857163684 0.45946497920204915 8.9418659630885902 5 0.76470847751628346 14.500000000000002 66.500000000000014 0.37078716631560843 91.800000000000011 0.25037537537537541 0.41379324613565138 30.500000000000004 0.18159287749918732 29.807142857142864 1784.1650000000002 7.4577780492063406 0.9536672629695887 6 -0.19196855724802761 0.41067274679472049 -1.221935703174448 0.95101959216313481 28.295789473684213 7 -0.63932534042946088 27.221428571428579 0.16329150785541693 0.21207229043143225
decision_type=8 2 2 2 2 2 2 8 10 2 8 10 2 10 2 1 10 10 1 10 2 2 2 8 8 1 2 2 10 8 1 1 10 2 8 2 2 1 2 2 2 2 2 2 2 2 2 2 10 2 2 1 2 10 2 2 2 1 2 2 2 10
left_child=4 8 27 -4 5 -1 7 -6 18 10 -10 12 14 -14 -12 16 -8 -7 19 -2 -21 -11 29 24 -20 -22 -27 -3 -29 30 51 32 -32 34 -34 41 37 38 -37 55 50 42 -33 -44 46 49 -45 -47 -49 -46 -41 -23 -39 -31 -55 -36 57 -56 -59 -60 -61 -62
right_child=1 2 3 -5 6 17 15 -9 9 21 11 -13 13 -15 -16 -17 -18 -19 23 20 25 22 -24 -25 -26 26 -28 28 -30 53 31 35 33 -35 39 36 -38 52 -40 40 -42 -43 43 44 45 47 -48 48 -50 -51 -52 -53 -54 54 56 -57 -58 58 59 60 61 -63
leaf_value=-0.00039746713135828393 -0.0016424500107866233 -0.0019503354138376693 -0.0011079637958224594 0.0032989335209559845 0.0006412982409275224 0.0047836577866970965 -0.00081853643633797402 -0.00076815423015595392 -0.0013147332551602291 -0.0009008011188201691 0.00026727618553056036 0.0097699070682239347 0.0056267579532537568 8.1538544343974441e-05 -0.0015319316544876245 -0.00042930334965985881 0.00071539996361644643 0.00023415304947878025 0.0012914937305899938 0.0024319263631311806 -0.0010190680509024124 -9.0334956831931171e-05 -0.0023110499020587531 -0.0011679686867267949 -0.0027443936526719312 -0.0011711250601326422 0.0027634983820693302 -0.00032646594909627148 0.0054301012443192164 -6.2821079771135322e-05 -0.0019790646381823442 -0.00019908762473443725 0.0050512643682302794 0.0036971164498038724 0.0010278811224651155 0.0060094869371876015 0.0036719539448828681 0.0058330527459674372 0.00039469259587326521 0.00013240530723101327 -0.00062337797125863064 -0.0022607040877347462 -0.0018087337738234019 0.00055488131243817691 0.0030235327596895832 -0.00047908845728268152 0.0056108429116453751 0.0034999819657486318 -0.0011071408789018985 0.00038714904827849344 0.0036056696419070112 -0.0013423454964613809 -0.00034051294637588674 0.015834243914855141 -0.0017297710991625152 -0.0045684967661766829 -0.0015941986685373483 0.0060126982227069478 0.0039243928822139005 -0.0014256663697072836 0.0015764241320964452 -0.0033947529102559743
leaf_weight=62 131 981 50 43 44 45 64 51 106 209 64 40 71 70 60 429 41 40 72 52 110 622 112 401 97 87 75 68 40 23114 92 1067 66 43 62 41 40 44 66 48 44 118 86 82 41 314 47 76 51 92 46 608 366 49 409 54 535 109 66 328 168 83
leaf_count=62 131 981 50 43 44 45 64 51 106 209 64 40 71 70 60 429 41 40 72 52 110 622 112 401 97 87 75 68 40 23114 92 1067 66 43 62 41 40 44 66 48 44 118 86 82 41 314 47 76 51 92 46 608 366 49 409 54 535 109 66 328 168 83
internal_value=-0.000418078 -0.000372616 -0.00169907 0.00303191 -0.00229086 0.00111486 -0.0030873 0.000781249 -0.000321714 -0.000281618 0.00156553 0.00318627 0.00197368 0.00489437 -0.00136 -0.0037757 -0.000215518 0.00436046 -0.00148636 -0.000160945 0.00101538 -0.000307495 -0.000289313 -0.0024957 -0.000264707 -3.66312e-05 0.0016763 -0.00210551 0.00100917 -0.000276327 0.000206307 0.000857523 0.00316523 0.00462912 0.00358255 0.000430762 0.00226702 0.00157336 0.00563559 0.00207843 0.0047482 -8.60771e-05 0.00017232 0.00139873 0.00203835 0.00109565 0.00619231 -0.000237558 0.00363281 0.00548507 0.00768421 -0.00136986 0.000356293 -0.000358178 -0.00127861 -0.00111111 -0.00146557 -0.000829039 0.000169933 -0.000425698 -0.000939656 0.00117063
internal_weight=32792 32016 1182 93 776 147 629 95 30834 29809 411 305 265 141 124 534 105 85 1025 455 324 29398 29189 570 169 272 162 1089 108 29077 4216 2986 455 363 320 2531 557 517 107 254 138 1974 1856 789 703 574 129 441 127 133 94 1230 410 24861 1747 116 1698 1163 754 645 579 251
internal_count=32792 32016 1182 93 776 147 629 95 30834 29809 411 305 265 141 124 534 105 85 1025 455 324 29398 29189 570 169 272 162 1089 108 29077 4216 2986 455 363 320 2531 557 517 107 254 138 1974 1856 789 703 574 129 441 127 133 94 1230 410 24861 1747 116 1698 1163 754 645 579 251
cat_boundaries=0 1 2 3 4 5 6 7 8
cat_threshold=196 2697 1194 6224 260 2056 2853 1417
is_linear=0
shrinkage=0.05


Tree=137
num_leaves=63
num_cat=3
split_feature=8 22 15 6 6 2 39 17 20 15 24 15 17 20 7 42 22 41 41 19 11 18 5 7 30 21 44 11 1 3 2 19 27 5 1 18 4 2 10 2 0 41 7 6 0 39 6 10 20 10 2 22 10 3 30 1 4 33 5 31 30 11
split_gain=1.37376 0.957514 0.739856 0.734782 1.28222 0.678744 0.909 1.06796 1.0844 1.17921 1.0783 0.954403 1.82785 0.932684 1.02143 0.814394 0.724143 0.699691 1.16684 1.47953 0.958058 1.00221 0.913024 2.3506 0.910333 0.975947 1.8252 1.67072 0.9024 1.07036 1.44802 0.919977 0.793871 0.777791 0.745851 0.713099 0.765157 0.695647 0.694594 1.01491 0.760981 0.676442 0.660954 1.6728 1.28533 0.858343 1.233 0.85878 0.697487 1.0604 1.05759 1.25768 0.634091 0.823524 0.752432 0.618823 0.627492 0.613392 0.608898 0.581944 0.578133 0.673859
threshold=1.0000000180025095e-35 0.18191457106311407 -2.3509971853118157 7.079211706129116 6.6459721635737674 0.22019052574289824 0 0.59498252938119733 -0.046191814056790244 0.60613580357031605 1 1.0981680416375521 0.22582894345519325 0.12588732830288277 6.848007761498403 0.93142633228840144 0.1401641433557044 4.6239754098360661 5.5295496323529418 -3.2251590956548215e-17 25.500000000000004 -1.143694076666393 9.7989369327325608 9.5518438034995228 76.850000000000023 3802.3800000000006 1.0000000180025095e-35 16.500000000000004 -0.046520015634893046 -0.31193346309323106 -0.16831897521691894 -0.056029072194392356 58.500000000000007 8.1015545338816821 -1.0000000180025095e-35 1.1988656332982739 -0.52046353682683877 0.11374433803181817 -0.041969452849460513 -0.032789822822990804 -0.20479395810076537 1.3839743589743592 7.0767651249256529 7.0544458110270183 -0.025205292445276136 2 7.086507624076841 0.38038659925277779 0.01277589127215094 0.38038659925277779 -0.028809751441390304 0.32285348642234685 0.17815793705203078 0.10179762109975334 0.15000000000000005 0.23405841674129937 0.66474707455444648 26.964285714285719 8.3882784462851987 27.150000000000009 67.450000000000031 75.500000000000014
decision_type=8 10 2 2 2 2 1 2 10 2 1 2 2 10 2 2 10 2 2 2 2 10 2 2 2 8 2 2 2 2 2 2 2 2 2 10 2 2 2 2 2 2 2 2 2 1 2 2 10 2 2 10 2 2 2 2 2 2 2 2 2 2
left_child=3 5 -3 4 -1 17 7 8 57 10 13 12 -11 14 -10 -16 -8 20 19 28 21 -2 23 24 25 26 27 -23 29 -19 -31 -32 33 -30 -28 36 -21 -22 39 40 -27 -40 43 48 -45 -44 -47 -48 49 50 51 -4 53 -17 -54 56 -43 -7 -35 -46 61 -12
right_child=1 2 42 -5 -6 6 16 -9 9 11 60 -13 -14 -15 15 52 -18 18 -20 35 37 22 -24 -25 -26 38 34 -29 32 30 31 -33 -34 58 -36 -37 -38 -39 41 -41 -42 55 45 44 59 46 47 -49 -50 -51 -52 -53 54 -55 -56 -57 -58 -59 -60 -61 -62 -63
leaf_value=-0.00071342425340566347 -0.0012130326704661671 -0.0037302273514596752 0.00035432771859501659 -0.0003100011773832818 0.00061794879889670194 0.0013397746272668842 -0.00078094594829684904 -0.0024584447670528043 0.0013665192555971492 0.0057012062753361258 0.00015934618218908228 0.00017976880649319782 -0.00038315657021615977 0.007494373159009398 -0.0022513884069175192 -0.00049831968477222341 0.00058512231069773695 0.00014911079195963387 -8.2427512895646532e-06 0.0012686366820204851 -0.00045577417285597773 -0.0011475665840793563 -0.0030350524665128144 0.0027638534586044345 -0.0013609050112179735 0.0019553976275874661 0.0090985861723246811 0.0027288933647519487 0.0076708687322003645 0.012351540250583565 0.0056332521200312784 -3.0082873906356769e-05 -0.00071700999060533117 -0.0029986413522555045 0.0014682126983669777 0.0023684840494282463 -0.00035721557323243193 0.00018713816727341994 0.00066375926436163717 0.0041624069679074196 -0.00077541833186766849 -0.0013692202382659493 -0.001087331983274704 0.0040416015760412439 -0.00014422538322808888 0.0035764313168872202 -0.00019508072714572737 -0.0034889456293960026 -0.000747791345747218 0.0055969722364513468 -0.001183505193015493 -0.00011736564037820161 0.00038716995189462267 0.0029231797737846112 -0.00044580012958165524 0.00055782616079484845 0.00066018728526045156 -0.0030659597155582494 0.0015088315224680718 0.0016670744714573551 -0.0011982245303318879 -0.0024867359699512559
leaf_weight=58 264 111 73 669 41 51 1638 264 78 63 534 84 54 67 128 45 40 46 17666 40 2784 138 74 45 76 57 51 57 60 40 41 40 55 40 51 78 242 394 60 45 106 278 1108 47 65 49 2654 335 329 47 320 95 49 42 111 72 43 293 46 55 97 163
leaf_count=58 264 111 73 669 41 51 1638 264 78 63 534 84 54 67 128 45 40 46 17666 40 2784 138 74 45 76 57 51 57 60 40 41 40 55 40 51 78 242 394 60 45 106 278 1108 47 65 49 2654 335 329 47 320 95 49 42 111 72 43 293 46 55 97 163
internal_value=-0.000369289 -0.000319213 -0.000934015 -0.00245774 0.00155 -0.000197829 -0.000816677 -0.000124181 0.000298386 0.000874009 0.000326995 0.00443069 0.00733051 0.00207156 0.00128855 0.000199467 -0.00168147 -9.54775e-05 4.24016e-05 0.00200274 -0.000647303 0.000433708 0.00107019 0.00143981 0.000946859 0.00136601 0.00374161 0.000892856 0.00422764 0.00693452 0.00938524 0.00542683 0.00195544 0.00387755 0.00912621 -0.000277009 -0.00144876 -0.00112929 0.000294561 0.00267942 0.00082317 -0.000803966 -0.000846853 0.000285852 0.00485119 -0.00112853 -0.000685472 -0.000817727 -0.000601157 0.000513059 -0.00018405 0.00301775 0.001875 0.00528409 -1.18469e-09 -0.00156091 -0.0025 -0.00223189 0.000804597 0.00206611 -0.000832299 -0.000336677
internal_weight=32846 32078 5288 768 99 26790 3801 2123 1859 1515 1314 201 117 520 453 375 1678 22989 18394 728 4595 1417 1153 1079 1034 958 297 195 368 167 121 81 201 146 102 360 282 3178 661 208 163 453 5177 1031 167 4146 3038 2989 864 535 488 168 247 87 160 393 321 344 86 120 794 697
internal_count=32846 32078 5288 768 99 26790 3801 2123 1859 1515 1314 201 117 520 453 375 1678 22989 18394 728 4595 1417 1153 1079 1034 958 297 195 368 167 121 81 201 146 102 360 282 3178 661 208 163 453 5177 1031 167 4146 3038 2989 864 535 488 168 247 87 160 393 321 344 86 120 794 697
cat_boundaries=0 1 2 3
cat_threshold=3788 12 2053
is_linear=0
shrinkage=0.05


Tree=138
num_leaves=63
num_cat=5
split_feature=8 3 3 5 10 3 39 17 18 12 8 20 15 42 3 9 5 26 39 30 42 26 20 9 8 13 5 39 17 20 26 19 11 18 26 33 22 5 37 39 3 27 33 42 38 26 22 20 22 5 13 41 22 27 3 22 20 13 16 30 17 12
split_gain=1.33178 0.786016 1.28345 1.33622 0.675629 0.578576 0.6852 0.606344 2.18692 0.623864 0.586342 0.52582 0.848583 0.506772 0.818866 0.659352 0.561074 0.438604 2.6075 2.42103 1.95944 1.59061 2.74218 2.68295 2.66811 2.143 1.42897 1.40826 1.35241 1.20408 1.10771 1.10292 1.45784 1.3952 1.0737 1.76077 1.06769 0.900055 0.897678 1.06701 1.82537 2.26813 1.74053 0.89476 2.16132 2.66334 1.20932 1.87094 1.08385 0.945454 1.51841 0.90358 0.903525 0.873351 1.07481 1.3641 0.854297 1.28823 0.847349 1.22587 1.64478 1.42488
threshold=1.0000000180025095e-35 0.95317701238384134 0.8747180602934207 7.4165065410354574 0.48662621115039034 0.58778666490212006 0 -0.22349031018359786 -0.87094963922214264 34.500000000000007 0.17415510039710144 -0.39487805025586709 0.32053539136984749 0.74239631336405543 0.10179762109975334 0.042998140146435368 6.9550755583261159 36.500000000000007 1 0.15000000000000005 0.99230769230769245 46.500000000000007 0.0080406497689306886 0.091964498946047565 0.086886694828884614 0.86510192740011438 7.0895420862706473 2 -0.3674110533176938 0.038242334570300879 42.500000000000007 -0.15122083282349127 76.500000000000014 -0.18757187844975273 27.500000000000004 27.092857142857149 0.30372100148876796 8.1424208499788104 56.500000000000007 3 -0.13733791144028815 18.500000000000004 24.878571428571433 0.95275297619047628 4 27.500000000000004 -0.36879340956605816 -0.049988432201817985 0.35667514393869243 8.9195360864759738 0.72856303508477438 80.512295081967224 -0.50912641991298446 36.500000000000007 -0.039740328649514371 -0.1589462293670226 -0.044880727014133828 0.55555611111111125 -0.32542240043462861 10.550000000000002 0.033648140886706319 82.500000000000014
decision_type=8 2 2 2 2 2 1 2 10 2 8 8 2 2 2 10 2 2 1 2 2 2 10 10 10 2 2 1 2 10 2 2 2 10 2 2 8 2 10 1 2 2 2 2 1 2 8 10 10 2 2 2 10 2 2 10 10 2 2 2 2 2
left_child=13 2 5 -4 -3 11 7 8 -7 -9 -11 12 -2 14 15 -1 -15 27 19 30 26 23 36 24 -22 -24 -21 29 -25 37 -19 32 33 -31 -29 38 -23 -13 39 40 41 -36 -42 48 45 -45 47 -46 -39 50 -50 -48 -49 54 55 -33 57 -32 -28 60 -60 -61
right_child=1 4 3 -5 -6 6 -8 9 -10 10 -12 17 -14 16 -16 -17 -18 18 -20 20 21 22 25 28 -26 -27 58 34 -30 31 56 53 -34 -35 35 -37 -38 43 -40 -41 42 -43 -44 44 46 -47 51 52 49 -51 -52 -53 -54 -55 -56 -57 -58 -59 59 61 -62 -63
leaf_value=0.0012436769105585925 0.013894254171493687 3.2164967818534047e-05 0.0064235966921493207 0.00015933538126434868 -0.0032945746809169962 -0.00030714265088723608 -0.0017117342360029786 -0.0016639793658162066 0.0041102322051867228 0.0013985501424017511 -0.0001741335518567809 -0.00080179914749157121 -0.0092371005071084297 -1.4334358805483152e-07 0.014746492199410982 -0.0018912805635536449 -0.000329246467568275 0.00095507244352413848 -0.00016931621439509061 0.0017051277371510918 0.00041655128747663069 0.0022650452280343876 0.0078376058914107483 0.0032548991303501355 0.0065372045451939495 0.005576739351539863 -0.00031704358250347718 -0.00010787309135569727 -0.00013546072006232409 -0.00043841683558964225 0.0015561361925023076 0.0017357949535421902 0.0066226305404153132 0.0025987647222603114 0.008366859753506704 -0.0011410812412126713 -0.00053063001678418616 -0.00024893033505826435 0.0010476313691841479 -0.0013213463469197414 0.0033627129594101983 0.00053873726047131863 -0.00028664082580108421 0.0044533626519614707 0.00640418700410218 0.00011802108739373548 -0.0004840401879498668 -0.0007301418337418604 0.0016604151223682615 -0.00039693086476010731 0.00017850037363908259 0.00051463333953741936 0.00074443575065184493 -0.00011011354190008471 0.00025236105989126647 0.0037581607800507427 -0.000949081193490645 -0.00032874574094997615 0.0015843900373587955 0.00049991743519860188 -0.00066821455659238924 0.0028323723765423638
leaf_weight=43 63 100 40 69 208 72 525 114 55 41 94 835 40 92 40 90 507 76 5128 43 64 67 43 78 46 43 458 12191 304 96 71 264 53 45 41 2512 48 1843 46 473 41 158 606 50 43 53 558 49 77 100 100 275 52 798 640 105 797 98 155 622 313 77
leaf_count=43 63 100 40 69 208 72 525 114 55 41 94 835 40 92 40 90 507 76 5128 43 64 67 43 78 46 43 458 12191 304 96 71 264 53 45 41 2512 48 1843 46 473 41 158 606 50 43 53 558 49 77 100 100 275 52 798 640 105 797 98 155 622 313 77
internal_value=-0.000420057 -0.000370591 -0.000346154 0.00504545 -0.00288026 -0.000364887 -0.00161308 5.16784e-05 0.00285156 -0.00138 0.000919116 -0.000328249 0.00322115 -0.00247089 -8.62081e-05 -0.00197761 -0.00315833 -0.000340287 -3.5749e-05 0.00103544 0.00192422 0.00415706 0.00789604 0.00261663 0.00945946 0.0145977 0.000994606 -0.000457816 0.000626631 0.000193483 -0.000968362 0.0011963 0.00476923 0.00207746 -0.000702159 -0.00142728 0.00280172 -0.00030352 1.83004e-05 -0.000223486 0.000840139 0.005025 -0.000439816 7.80994e-05 0.00124884 0.00776316 0.000470647 0.00468965 -0.000518624 0.00239209 0.00457865 -0.000257795 0.000931371 0.000810286 0.00178713 0.00393243 -0.0014271 0.00179412 0.000753381 0.00146832 -0.000511728 0.00279286
internal_weight=32828 32056 31748 109 308 31639 901 376 127 249 135 30738 103 772 173 133 599 30635 8531 3403 2361 693 201 492 110 86 1668 22104 382 6036 1042 2001 194 141 16068 3877 115 4035 1365 1319 846 199 647 3200 1080 103 977 144 2120 277 177 833 101 1807 1009 369 966 169 1625 1167 468 699
internal_count=32828 32056 31748 109 308 31639 901 376 127 249 135 30738 103 772 173 133 599 30635 8531 3403 2361 693 201 492 110 86 1668 22104 382 6036 1042 2001 194 141 16068 3877 115 4035 1365 1319 846 199 647 3200 1080 103 977 144 2120 277 177 833 101 1807 1009 369 966 169 1625 1167 468 699
cat_boundaries=0 1 2 3 4 5
cat_threshold=2696 5634 249 5380 1
is_linear=0
shrinkage=0.05


Tree=139
num_leaves=63
num_cat=2
split_feature=2 18 22 25 2 3 13 17 23 27 18 18 4 5 13 31 38 14 3 3 22 27 41 42 41 42 27 31 30 42 5 7 4 10 6 5 2 1 10 3 41 41 20 23 1 6 31 12 12 17 20 4 12 10 12 44 30 13 42 3 27 15
split_gain=0.859322 0.766248 0.778502 0.669507 0.827531 0.874061 0.714094 1.68721 1.07785 1.4203 1.63526 1.41058 1.72663 1.29636 1.44173 1.06287 1.07448 1.15666 1.0253 0.944877 0.911756 0.898288 1.12442 0.888769 0.885375 1.4068 1.72791 1.15187 2.93235 2.29054 0.886596 0.972814 0.919353 1.24293 1.26481 1.93107 1.26056 0.972428 1.9602 1.38703 0.883937 0.874514 1.17137 0.948926 1.38664 0.801692 0.773238 0.881464 1.11843 0.805436 0.770734 0.825728 1.1779 0.777257 0.75525 0.810689 1.27877 0.753534 0.952893 0.803952 1.12314 0.734291
threshold=0.57091774660673 -2.4450932020259537 -0.69296029960093908 0 0.54210900813846064 0.28768207245178129 1.0141851106639841 0.011287762781142742 0.43860568568339403 44.500000000000007 -1.4584805407778101 -0.22906138552527058 0.72123633811511179 8.5476860017021625 1.2000015000037503 0.8500000000000002 1 1.0974733360116129 -0.16086540534255042 0.22314355131420929 -0.37565313560212882 18.500000000000004 49.452109181141445 0.95040983606557383 66.941004962779161 0.82785560344827591 25.500000000000004 91.800000000000011 35.45000000000001 0.96850198412698429 6.5834293167733948 6.4683555916310196 -0.19035534139704643 -0.055921802247824275 7.1398815163368736 7.9753623577004049 -0.066774957772854013 0.017822423001602864 0.089721301758114005 0.14081005576610031 269.28365384615387 195.66406250000003 -0.0066450016646801046 -1.0000000180025095e-35 0.091171769499713409 7.2444286694236428 313.35000000000008 54.500000000000007 41.500000000000007 -0.16001364660032716 -0.024346320095754208 -0.02985259550248642 39.500000000000007 0.011449547682197638 75.500000000000014 1.0000000180025095e-35 54.45000000000001 1.2850531914893619 0.86319073083778985 -0.1643026941485459 16.500000000000004 -0.55961578793542222
decision_type=2 10 8 1 2 2 2 2 8 2 10 10 2 2 2 2 1 2 2 2 10 2 2 2 2 2 2 2 2 2 2 2 2 2 2 2 2 2 2 2 2 2 10 10 2 2 2 2 2 2 10 2 2 2 2 2 2 2 2 2 2 2
left_child=1 2 -1 6 5 -5 24 8 11 10 -10 -8 46 -12 -15 18 17 57 -9 -18 23 22 -21 -11 -3 26 -26 28 30 -30 31 -27 -32 34 -34 -36 -35 38 50 -40 -25 -39 43 44 -43 -20 47 48 49 -13 -38 -52 -53 -54 -29 61 -57 -17 -59 -60 -61 -56
right_child=-2 3 -4 4 -6 -7 7 15 9 20 13 12 -14 14 -16 16 19 -19 45 21 -22 -23 -24 40 25 27 -28 54 29 -31 32 -33 33 36 35 -37 37 41 39 -41 -42 42 -44 -45 -46 -47 -48 -49 -50 -51 51 52 53 -55 55 56 -58 58 59 60 -62 -63
leaf_value=0.0019874240277983541 -0.0012567319758205473 -0.0001308482487921275 -0.00072729579495322237 -9.4175602735644624e-05 0.0024730527281910022 -0.00054404095865824066 -0.00035729999668422061 0.013291966523165638 0.0030293758809916563 -0.0013579191372904567 0.00021372950102317817 0.002305791248669978 0.0055888443480910759 0.0053556312260757497 0.0008448346725985587 -0.00047435115584130674 -0.00072767239210246796 0.00054113851313207918 -0.0015163834527171631 0.0059793806793342844 0.0048331392435254777 -0.00044385570802998815 0.0004179895499286733 0.0033040419247859195 0.0019213190551406276 -0.0018072381424554373 -0.00023949007069755444 -0.00059329273478335573 0.00031078815751556498 0.0033008292094733531 -0.0013392289442290938 0.0048613392804838515 -3.2518576158290209e-05 -0.00068317901069275811 0.0019354688479355005 0.00014446470462930552 -0.00071818818239273354 -0.00044032698729853671 0.002119756316455685 0.0011555586453287565 -0.00053629767953267344 0.0033481661454467255 -0.00023556120380698899 0.0056819581698536233 -0.00085398938325814537 0.0029949897408506998 0.0085711108423487652 -0.00087155037712115528 0.0010319090979836604 -0.0019615012750990291 -0.0003221221736432327 0.00087855408766046052 0.00039811543239776581 -0.00018205070130078899 0.0011035247188352117 0.00095785136880791987 -4.5601362034381009e-05 -0.0014476797156287562 0.0070324974149494918 0.0054161625988149165 -0.00067278047836759943 -0.00014813741828413984
leaf_weight=47 883 6596 870 14645 50 1866 474 48 59 117 155 47 46 40 40 278 992 70 88 44 48 161 65 62 46 50 51 1261 59 57 280 54 92 169 56 66 95 361 60 90 67 45 223 73 73 82 47 109 48 43 47 40 48 87 45 52 64 41 45 59 137 567
leaf_count=47 883 6596 870 14645 50 1866 474 48 59 117 155 47 46 40 40 278 992 70 88 44 48 161 65 62 46 50 51 1261 59 57 280 54 92 169 56 66 95 361 60 90 67 45 223 73 73 82 47 109 48 43 47 40 48 87 45 52 64 41 45 59 137 567
internal_value=-0.000345768 -0.000303008 -0.00172658 -0.000260679 -0.000477011 -0.000496913 -1.01198e-05 0.000609165 0.00195296 0.00358234 0.0060339 0.000773005 0.00322581 0.00413135 0.00925926 -0.000284227 -0.000665611 0.00101404 0.0030137 -0.00150039 0.00111864 0.00110701 0.00459091 -0.000121459 -0.000211419 0.000354937 0.00627551 0.000213851 0.00102305 0.00871795 0.000574626 0.00504762 0.000327911 0.000784132 0.00432558 0.00764228 0.000244333 0.000796459 0.00259615 0.00728477 0.00273077 -0.00028995 0.00127711 0.00414062 0.00134454 0.00116959 0.00179661 0.000665321 0.00330935 -1.17899e-09 0.000361634 0.00197309 0.00355114 0.00128676 -0.000650755 0.000631 0.00444444 0.000267378 0.0020848 0.00328512 0.00187817 -9.78805e-05
internal_weight=32680 31797 917 30880 16561 16511 14319 3512 1402 588 294 814 340 235 80 2110 1892 630 218 1262 294 270 109 246 10807 4211 97 4114 2125 116 2009 104 1905 1625 214 122 1411 1242 467 150 129 775 414 191 118 170 294 247 138 90 317 222 175 135 1989 728 116 560 282 241 196 612
internal_count=32680 31797 917 30880 16561 16511 14319 3512 1402 588 294 814 340 235 80 2110 1892 630 218 1262 294 270 109 246 10807 4211 97 4114 2125 116 2009 104 1905 1625 214 122 1411 1242 467 150 129 775 414 191 118 170 294 247 138 90 317 222 175 135 1989 728 116 560 282 241 196 612
cat_boundaries=0 1 2
cat_threshold=632 10
is_linear=0
shrinkage=0.05


Tree=140
num_leaves=63
num_cat=9
split_feature=2 39 3 33 7 23 41 3 5 19 19 11 23 24 41 33 14 13 39 14 23 29 13 41 14 41 21 12 11 21 11 20 39 33 25 21 12 2 0 33 19 22 14 3 39 2 25 13 22 19 2 16 3 7 23 39 31 12 26 24 13 19
split_gain=0.867057 0.675926 0.900409 1.51455 0.736481 0.717365 0.67962 0.761698 0.900611 0.67487 1.63191 2.16489 1.64805 1.23943 0.974873 0.909432 0.831213 1.17333 0.918288 1.19325 1.21029 1.03684 0.957307 1.20831 1.1164 1.202 1.00674 1.6716 1.26793 1.12826 1.10834 0.843306 0.824804 1.27785 1.17719 1.12799 0.967842 1.01204 0.965128 0.958399 0.99293 0.951698 0.786325 0.773747 1.6002 1.19878 2.46204 1.50269 2.32817 1.24955 1.5068 1.14436 1.21784 1.09614 0.946893 0.849995 1.07316 0.93009 0.846243 0.743261 1.3346 0.891383
threshold=0.24187655595729399 0 0.12136999704005015 26.221428571428579 7.3855223733059558 -2.0780634976288455 41.28441867380316 -0.12675143536894581 6.9882593986158508 -0.043442690154446149 -0.045516630887938905 75.500000000000014 0.21980307603068197 1 7796.7717079741387 39.785714285714299 -1.0987451260759042 0.11839325583956588 2 1.4595239090575103 -0.030556187859712921 1.0000000180025095e-35 1.0000037500093755 5.3984375000000009 -0.97346099110802287 1.8071451355661885 8418.7500000000018 76.500000000000014 70.500000000000014 3502.5000000000005 34.500000000000007 -0.095952346944597769 3 28.292857142857148 4 2377.5000000000005 40.500000000000007 -0.07410797215372121 0.027039539034409369 32.93571428571429 -0.14853153869141658 -0.45072346960465709 -0.97346099110802287 -0.030372110755613409 5 -0.0039836800457955226 6 0.40000007058821879 0.61908518982862593 -0.017439444209909054 0.040811552216961651 -0.16093036681263703 -0.28768334680161795 6.7217636430196466 -0.090088624326008601 7 31.250000000000007 14.500000000000002 1.5000000000000002 8 0.22222444444444453 0.083515278897193304
decision_type=2 1 2 2 2 8 2 2 2 2 2 2 10 1 2 2 2 2 1 2 10 2 2 2 2 2 8 2 2 10 2 10 1 2 1 8 2 2 2 2 2 10 2 2 1 2 1 2 8 2 2 2 2 2 10 1 2 2 2 1 2 2
left_child=9 5 3 -3 6 -2 -5 -8 -9 10 13 12 -12 15 -15 16 17 -1 19 -18 -21 22 24 -24 -20 -26 28 30 29 -25 -28 -23 33 41 -34 -35 -36 -38 -39 -37 -41 -27 -33 44 45 53 47 -47 51 50 -48 -49 -53 54 -11 56 -45 -57 -55 -60 -61 -62
right_child=1 2 -4 4 -6 -7 7 8 -10 43 11 -13 -14 14 -16 -17 18 -19 21 20 -22 31 23 26 25 32 27 -29 -30 -31 -32 42 34 35 36 39 37 38 -40 40 -42 -43 -44 55 -46 46 49 48 -50 -51 -52 52 -54 58 -56 57 -58 -59 59 60 61 -63
leaf_value=0.00061895609544398338 0.0087374442625911819 0.0015960250271872341 -0.0011785300320308451 0.0052979060653713895 -0.0009496120102285389 -0.00020929722998912212 -0.0040363896575214093 0.0050869805659445391 -0.0023711389746449408 0.00072370159814142201 -0.00029023185085290404 0.0030910835604701955 0.0047474225239081411 -0.00015610653513767648 0.00027781658239303545 0.003002318471158001 -0.00026035913206676182 -0.00039876526310486399 0.0025217253481987622 0.0021686753675259625 -0.00028584350746530657 0.0035546136496905183 -0.0025067388961449262 0.0019764340715584883 0.0028966862759059347 0.0039790572883041907 0.0076453725551583421 -0.0010301300289330582 -0.00096530830876348961 0.0001258118183915293 0.0036600564642137756 0.0059072090861438439 -0.00057787167154109908 0.0044161719295740679 -0.0007145956013006158 -0.0013704379274568006 0.0019829062537225993 -0.0010024890318596211 0.0054430521806205952 0.0029171589188918949 2.2367836944913579e-05 0.00036553366734610039 -0.00026515127343885856 0.00011941460621365087 -0.00021442159042729068 0.0019032103955105304 -6.6644550287901002e-05 0.0028078165188793604 -0.00047239402616959633 -0.0003726699584760339 0.0042995499724855233 0.0025454172696763298 0.00079521524362353546 0.0017831993834740317 0.01185548538362907 -0.0012207390297283586 -0.00026904604572035068 -0.00027975580820302053 0.00013868630890427952 0.0023299936215059936 -8.0853414169501693e-05 -0.00076597555124072528
leaf_weight=42 60 60 1738 65 391 1805 57 43 52 73 134 52 43 3467 49 79 1044 668 52 77 59 54 44 74 47 59 47 49 44 81 67 51 377 40 79 234 44 68 49 41 119 74 1107 2245 4969 78 44 57 150 560 49 40 183 48 45 747 2250 5490 1203 43 1187 450
leaf_count=42 60 60 1738 65 391 1805 57 43 52 73 134 52 43 3467 49 79 1044 668 52 77 59 54 44 74 47 59 47 49 44 81 67 51 377 40 79 234 44 68 49 41 119 74 1107 2245 4969 78 44 57 150 560 49 40 183 48 45 747 2250 5490 1203 43 1187 450
internal_value=-0.000472134 -0.00113647 -0.00168804 -0.00013453 -0.000886701 -0.000413114 0.00144495 -0.000392158 0.00234375 -0.000372631 -2.90277e-06 0.00415217 0.00148876 -0.000116849 -0.000830736 0.000399507 0.000311977 -0.00126582 0.000586721 -0.000587743 0.00379562 0.00106284 0.00186686 0.00398034 0.00119548 0.000888798 0.00493113 0.00783536 0.002525 0.00464743 0.0111304 -4.94653e-05 0.000573838 0.00192906 -0.000692676 0.000643677 0.00199203 0.00429012 0.00182203 -0.000177216 0.00279503 0.00623134 -0.000336498 -0.000532595 -0.000195535 0.000521202 0.00188898 0.00445087 0.00336427 -0.000173194 0.00515957 0.00604982 0.00439732 1.63815e-06 0.00470588 -0.000820834 -0.000294054 -0.00119798 -0.000189292 -0.000299932 -0.000975755 -0.00121184
internal_weight=32797 4271 2406 668 608 1865 217 152 95 28526 8615 229 177 8386 3516 4870 4791 710 4081 1180 136 2901 1689 406 1283 1231 362 163 199 155 114 1212 1184 567 617 434 240 161 117 394 160 133 1158 19911 9179 4210 1161 508 430 653 93 280 223 3049 118 10732 4495 6237 2931 2883 1680 1637
internal_count=32797 4271 2406 668 608 1865 217 152 95 28526 8615 229 177 8386 3516 4870 4791 710 4081 1180 136 2901 1689 406 1283 1231 362 163 199 155 114 1212 1184 567 617 434 240 161 117 394 160 133 1158 19911 9179 4210 1161 508 430 653 93 280 223 3049 118 10732 4495 6237 2931 2883 1680 1637
cat_boundaries=0 1 2 3 4 5 6 7 8 9
cat_threshold=3148 7 2276 5632 921 4412 696 2629 20
is_linear=0
shrinkage=0.05


Tree=141
num_leaves=63
num_cat=6
split_feature=15 17 7 15 25 25 16 20 39 26 21 6 12 25 20 11 13 18 42 3 41 41 26 12 35 35 27 13 11 9 5 5 26 42 31 7 30 6 41 11 30 25 38 27 20 42 26 3 26 41 11 3 42 20 3 31 17 21 41 6 19 30
split_gain=0.793525 0.657651 0.558242 1.49977 1.02887 1.01033 0.956682 1.09366 0.89344 1.36359 2.32181 2.13268 2.20325 1.25847 1.1419 1.2797 1.58092 1.53557 1.62273 1.53126 1.28858 1.23447 1.36389 1.57583 1.79136 1.47336 1.42062 1.06682 1.49398 1.02238 1.95769 1.08699 1.01455 1.37711 1.30112 0.968935 1.33427 0.990568 0.995487 1.07522 0.968981 0.966022 1.32825 1.37887 1.32713 1.57936 1.76598 1.88418 2.28893 2.83945 2.0595 2.14431 1.22398 1.5252 2.70306 1.24509 1.61428 1.14302 1.28927 1.2059 1.09096 0.988311
threshold=-3.2613813453855376 -3.5836852177580729 8.2618339007559722 0.67891025820010775 0 1 0.50335186210605631 -0.076011805910459487 2 2.5000000000000004 1898.8850000000002 7.7681431868652053 75.500000000000014 3 0.045326064010910189 27.500000000000004 0.66666709956709969 -0.22906138552527058 0.9826073805202663 -0.46203295959230845 6.3533452807646364 227.39062500000003 20.500000000000004 49.500000000000007 1.9355789876495595e-07 1.683330784999579e-08 4.5000000000000009 0.38095333333333342 40.500000000000007 0.15180927650565282 7.175441325580727 7.3424930453376147 7.5000000000000009 0.9652147610405325 0.15000000000000005 7.2106004436290023 2.850000000000001 6.8117598034528033 20.778719397363471 42.500000000000007 19.350000000000005 4 5 31.500000000000004 0.05401587325362376 0.87965517241379321 31.500000000000004 0.036367644170874687 4.5000000000000009 29.785109289617491 46.500000000000007 -0.14763554426081701 0.94957627118644072 -0.068113474504967006 -0.012676885722143981 19.900000000000006 0.18675226176367202 5387.5000000000009 3.4338797814207651 7.2957391287104096 0.024755256448569494 49.050000000000004
decision_type=2 2 2 2 1 1 2 10 1 2 10 2 2 1 10 2 2 10 2 2 2 2 2 2 2 2 2 2 2 10 2 2 2 2 2 2 2 2 2 2 2 1 1 2 10 2 2 2 2 2 2 2 2 10 2 2 2 10 2 2 2 2
left_child=-1 -2 8 5 -5 -4 -7 -8 9 10 -3 -12 -13 14 21 19 -17 20 -19 -16 -18 27 32 24 25 26 -24 28 -10 30 -28 -32 33 -23 -35 36 -15 -38 -39 -40 -41 52 43 -43 45 -45 47 48 -47 50 -50 -52 60 54 -54 -55 57 58 -57 -60 -11 -44
right_child=1 2 3 4 -6 6 7 -9 13 41 11 12 -14 35 15 16 17 18 -20 -21 -22 22 23 -25 -26 -27 29 -29 -30 -31 31 -33 -34 34 -36 -37 37 38 39 40 -42 42 61 44 -46 46 -48 -49 49 -51 51 -53 53 55 -56 56 -58 -59 59 -61 -62 -63
leaf_value=-0.0010910647159409379 0.0048974990219031456 -0.0001477064256002255 -0.00087291898432753688 0.00063855890884423642 -0.00042594832094938165 -0.0002900139572541196 0.0016152302551644708 0.00022545071579838048 -0.00087875020778723921 -0.00019077498586724537 0.012247036727667929 -0.00026224597483970986 0.0057422646545811839 -0.00024175408689608809 0.004266124492049341 -3.2119142209199056e-05 0.0076418883722463903 0.0006950739081578169 0.0064716257963253615 -0.00041710792616113433 0.0022878299964553834 -0.003210132822424171 0.0072269317851249961 -0.00016326284275042019 0.0016383209901373039 -0.0020015239727585133 0.00036809563624610965 -0.00049687391138697565 0.0033358302469233964 -6.109167144769874e-05 0.0040696540570292986 0.0012809092260146816 -0.0016816955589089553 0.0042895724613408728 7.8043070880044575e-05 -0.00053207616478370896 -0.00043427989635129531 -0.00050402249608189086 5.5867763792587681e-05 0.0047137167180937899 0.00030063749910449539 -0.00012191033572738527 -0.00066905264383448383 -0.0006775301921526848 -0.00034771587626189916 -0.0029176104335180025 -0.00044220721238512274 0.00046074579760248572 8.2424158515331345e-07 0.0048777965603819555 0.0057060621255923651 0.0011208730885267503 0.0068254423821377912 -0.00016533792922581678 1.5192600354979513e-05 -0.00051733479631004573 -7.5151397739808712e-05 -0.0013994195083661567 -3.0534346042354428e-05 0.0017117927993201569 0.00015291173218718977 0.00019349864678668948
leaf_weight=419 41 163 2835 689 590 3359 48 607 90 1767 47 99 44 2566 56 272 53 208 41 522 57 94 80 1231 74 89 268 1916 68 382 51 63 462 41 77 3205 209 67 98 92 80 1415 2292 174 264 40 194 219 80 58 67 68 76 1242 111 103 530 135 170 766 940 534
leaf_count=419 41 163 2835 689 590 3359 48 607 90 1767 47 99 44 2566 56 272 53 208 41 522 57 94 80 1231 74 89 268 1916 68 382 51 63 462 41 77 3205 209 67 98 92 80 1415 2292 174 264 40 194 219 80 58 67 68 76 1242 111 103 530 135 170 766 940 534
internal_value=-0.000447721 -0.000419611 -0.000427744 -0.000786076 0.000785155 -0.00107956 -0.000563976 0.0011814 -0.000306915 9.47422e-06 0.00306497 0.00680628 0.00371528 -0.000599698 -9.26535e-05 0.00128512 0.00284019 0.00501389 0.00282 -0.000414509 0.00990991 -0.000427112 0.000236868 0.000830727 0.00229663 0.001697 0.00234319 -0.00135904 0.00257862 0.0016732 0.00349869 0.00895652 -0.00173333 0.00112676 0.00470588 -0.00109592 -0.000469002 0.00177331 0.00344674 0.00479705 0.00716763 -8.66987e-05 -0.000567763 0.000252895 0.0015279 0.00244173 0.0034663 0.00495309 0.0074363 0.00906934 0.00636574 0.0101103 0.000358912 0.00103223 0.00539893 0.000753307 0.0016305 0.00266383 0.00322596 0.00381003 -0.00041913 -0.00131477
internal_weight=32698 32279 32238 8128 1279 6849 4014 655 24110 11598 353 190 143 12512 6195 1209 631 359 249 578 110 4986 2912 2238 1007 933 844 2074 158 764 382 114 674 212 118 6317 3112 546 337 270 172 11245 5405 2579 1164 900 726 532 313 273 215 135 5840 3133 187 2946 1704 1174 1039 936 2707 2826
internal_count=32698 32279 32238 8128 1279 6849 4014 655 24110 11598 353 190 143 12512 6195 1209 631 359 249 578 110 4986 2912 2238 1007 933 844 2074 158 764 382 114 674 212 118 6317 3112 546 337 270 172 11245 5405 2579 1164 900 726 532 313 273 215 135 5840 3133 187 2946 1704 1174 1039 936 2707 2826
cat_boundaries=0 1 2 3 4 5 6
cat_threshold=126 3649 5644 498 3668 9
is_linear=0
shrinkage=0.05


Tree=142
num_leaves=63
num_cat=3
split_feature=8 42 22 10 30 31 19 9 13 9 20 41 8 27 25 16 10 41 14 22 12 12 33 14 4 7 40 25 3 12 10 31 9 15 16 0 30 30 0 42 41 42 6 0 33 30 8 41 11 20 20 4 5 25 10 42 22 4 17 14 5 20
split_gain=1.39152 0.865246 0.873838 0.783883 0.993574 1.97565 1.34063 0.817472 1.41201 0.754564 0.645891 0.969807 1.36949 1.4932 0.850647 1.54874 2.25972 1.44767 1.16238 1.66077 1.30136 0.803984 0.795797 1.00368 0.97352 0.77086 1.12292 1.70879 1.24029 1.14455 1.2832 1.05554 1.28017 1.8699 1.03 1.23318 0.968204 1.31908 0.896139 1.16715 1.78022 1.33503 1.22002 0.908323 1.1371 1.00112 0.84964 0.813446 0.785319 0.924553 1.34811 0.774288 0.729004 1.35016 1.31489 1.4764 1.14213 1.00674 0.982981 1.1383 1.50631 1.42174
threshold=1.0000000180025095e-35 0.61167800453514753 1.0000000180025095e-35 0.4057890324173084 2.5500000000000007 158.90000000000006 0.14081629707629856 0.13292592456528915 0.84000168000672015 0.30202488863804933 -0.076011805910459487 2.0582579185520364 0.080408694361735103 39.500000000000007 0 -0.036367644170874451 -0.36707833347631208 642.17073412698426 -0.49261300349125098 -0.14585466718334952 66.500000000000014 37.500000000000007 33.707142857142863 -0.066499094607890261 -0.11330350152260758 8.1951643506347285 1.5000000000000002 1 -0.14107754562721905 14.500000000000002 0.011449547682197638 2.350000000000001 0.18563786816474306 -0.25722286496707242 1.5391446500971202 0.37981596092063935 43.95000000000001 37.400000000000013 -0.060594181064444357 0.85825892857142871 38.945833333333347 0.89209979209979218 9.105006990094358 0.034732783854661171 31.63571428571429 1.0000000180025095e-35 0.26885059639564252 202.70172413793105 2.5000000000000004 0.013908127292473453 -0.010579768578044831 -0.12516314295400607 8.006408711448401 2 0.01821773521844872 0.9842509920634922 0.050391923457482585 -0.032789822822990804 0.81951694963904387 -0.10064352577968737 8.1883012597715084 0.026728517796398791
decision_type=10 2 8 2 2 2 2 10 2 10 10 2 10 2 1 2 2 2 2 10 2 2 2 2 2 2 2 1 2 2 2 2 10 2 2 2 2 2 2 2 2 2 2 2 2 2 10 2 2 10 10 2 2 1 2 2 8 2 2 2 2 10
left_child=1 -1 -3 10 -5 6 7 -6 -9 -10 11 12 -2 -14 15 16 -13 21 -18 22 -21 -17 23 -20 -25 52 48 28 31 -29 36 51 -33 -34 35 -30 37 38 -31 -40 41 -41 47 44 45 -43 -32 -42 49 50 -27 -28 -12 58 55 -55 57 -57 59 60 -54 -61
right_child=3 2 -4 4 5 -7 -8 8 9 -11 25 14 13 -15 -16 17 18 -19 19 20 -22 -23 -24 24 -26 26 27 29 34 30 46 32 33 -35 -36 -37 -38 -39 39 40 42 43 -44 -45 -46 -47 -48 -49 -50 -51 -52 -53 53 54 -56 56 -58 -59 -60 61 -62 -63
leaf_value=0.0018389231770665898 -0.00055164837912979078 0.00095468285561922217 -0.00027533527179300204 -0.0017381419064181663 0.0015137182615570794 -0.0012175675985918386 0.0031937337744512347 -0.0010916142272171902 0.0040540411301152905 1.0797116844633034e-05 -7.0594836628418096e-05 0.010393613266259484 0.00076971539718678197 0.0058125815627305495 -0.00019926984227902373 -0.0016840152460910242 -0.0023077788988959199 0.0042970126459216896 0.0060051359289080043 0.0034697222179152611 0.00024683940310036244 0.00018840459140923905 -0.00091745547318552827 0.0050659027656438007 -0.0023148802635783589 -0.001172775473154783 -0.0024946627694623588 -0.0011263660238010297 -0.00012386639500953502 -0.00013981250126889345 -0.00096005675980933344 0.0012660200957664411 0.0021962128724797823 0.0067023475960061281 0.0046066996500237377 0.0073002918111244146 -0.0005487462804118383 0.0037229543547547123 -0.00051190882262095643 0.004910511704541762 -0.0019835248637640798 0.0052081763008777022 0.0030018104410586884 -0.0011042119986968148 9.735625636017611e-05 0.0029258788966791197 0.00049553934130697338 0.0036008201618069218 -0.0011906388432720843 -0.0024247914840792957 0.0014706163398685635 0.00044889431346274835 -0.0010832818938760406 -8.5803702331279447e-07 -0.00054557007152609244 0.0039274849160029187 0.00016484251992307704 0.0043761494367112004 -0.0025253209951397989 0.00033244287701053224 0.0011322520259194728 0.0024539167242802178
leaf_weight=68 59 97 782 740 44 442 51 195 72 90 17121 40 87 40 1571 258 89 46 54 50 44 243 63 53 57 57 58 849 1087 520 1352 110 41 50 48 46 342 65 176 40 168 40 53 51 46 45 266 47 1950 77 59 40 204 515 1078 44 81 42 61 354 87 274
leaf_count=68 59 97 782 740 44 442 51 195 72 90 17121 40 87 40 1571 258 89 46 54 50 44 243 63 53 57 57 58 849 1087 520 1352 110 41 50 48 46 342 65 176 40 168 40 53 51 46 45 266 47 1950 77 59 40 204 515 1078 44 81 42 61 354 87 274
internal_value=-0.00046974 -0.0023576 -0.00277841 -0.00041368 -0.00148012 -0.000357543 0.00196468 0.000982586 0.000181563 0.00361963 -0.000356119 0.000373865 0.00385027 0.00675781 0.000120668 0.00125496 0.00343681 -0.000520074 0.00231143 0.00371118 0.00926316 -0.00130478 0.00138158 0.00321212 0.000450449 -0.000429117 -0.000854374 -0.000478254 0.0009725 -0.00100712 -0.000577523 0.00385 0.00591584 0.0102717 0.000249576 -5.73204e-05 0.000429735 0.00107428 0.000690816 0.00190405 0.00315682 0.0064574 0.000408921 0.00459016 0.0067803 0.0101744 -0.00156887 -0.00127315 -0.00182603 0.00121134 0.00401709 -0.000404042 -0.000264577 0.00049252 -0.000338793 0.00137628 0.00544643 0.00942529 0.00196771 0.00239674 -0.000188357 0.003593
internal_weight=32879 947 879 31932 1634 894 452 401 357 162 30298 2754 186 127 2568 997 450 547 410 321 94 501 227 164 110 27544 7683 5540 1480 4060 3211 299 201 91 1181 1133 1593 1251 1186 666 490 222 268 182 131 85 1618 215 2143 193 116 98 19861 2740 1760 682 167 86 980 919 291 628
internal_count=32879 947 879 31932 1634 894 452 401 357 162 30298 2754 186 127 2568 997 450 547 410 321 94 501 227 164 110 27544 7683 5540 1480 4060 3211 299 201 91 1181 1133 1593 1251 1186 666 490 222 268 182 131 85 1618 215 2143 193 116 98 19861 2740 1760 682 167 86 980 919 291 628
cat_boundaries=0 1 2 3
cat_threshold=2452 152 2145
is_linear=0
shrinkage=0.05


Tree=143
num_leaves=63
num_cat=7
split_feature=8 10 25 31 21 41 3 37 25 37 31 5 13 41 25 10 26 26 37 31 3 41 11 37 33 25 4 8 30 9 33 21 25 0 9 19 25 17 9 14 5 41 25 8 9 26 41 6 19 40 30 27 27 30 3 15 8 27 21 14 41 9
split_gain=1.21423 0.795096 0.65252 0.73842 0.885622 0.85672 0.798553 0.504425 1.52912 2.61789 0.928483 1.56818 0.66432 0.660576 1.09092 1.2723 0.894705 1.04243 1.38351 1.29981 1.53225 0.858512 1.0819 0.88258 0.794852 0.778426 0.826052 0.547228 1.21315 0.771154 0.987851 0.978034 0.998674 1.46129 1.62145 0.900447 0.70159 0.976234 0.681837 0.708546 0.622872 0.618971 0.856252 1.1014 1.26661 1.76437 0.875444 1.00278 0.840034 1.08858 0.796813 1.81933 1.23794 1.11003 0.752141 0.611048 1.01987 0.842709 1.02704 0.752865 0.796089 0.849475
threshold=1.0000000180025095e-35 0.48662621115039034 0 124.35000000000001 1700.0350000000001 241.03746300780202 0.73396917508020076 52.500000000000007 1 65.500000000000014 0.65000000000000024 7.0580442439788529 1.4444472222222224 1691.834966013595 2 -0.083717048069536823 7.5000000000000009 20.500000000000004 35.500000000000007 26.350000000000012 0.15837193235395833 1500.6147801196983 59.500000000000007 45.500000000000007 27.350000000000005 3 -0.7184648992576198 0.41067274679472049 127.7 0.38984335264894471 26.87857142857143 3545.0000000000005 4 0.4473386277268086 0.51184007184642077 -0.002010594815125544 5 -0.47391292479453767 0.55774150613230022 0.099092620718544758 6.6083176282128608 4.5042134023583555 6 0.052350600632176128 0.31426071881162826 22.500000000000004 1.3839743589743592 8.1376964128939182 0.2358734843802098 2.5000000000000004 31.450000000000006 41.500000000000007 19.500000000000004 0.25000000000000006 0.32702850316407611 0.023959746975726896 0.37931757762443669 47.500000000000007 4756.1750000000011 -0.29252878872600646 6.919005102040817 0.29930070339366571
decision_type=8 2 1 2 10 2 2 10 1 10 2 2 2 2 1 2 2 2 10 2 2 2 2 8 2 1 2 8 2 8 2 8 1 2 10 2 1 2 10 2 2 2 1 10 10 2 2 2 2 2 2 2 2 2 2 2 10 2 8 2 2 10
left_child=-1 7 3 4 5 -3 -6 13 9 -9 11 -10 -12 21 16 25 -15 -18 19 20 -19 27 23 -23 -21 26 -16 41 29 30 -29 36 33 34 35 -33 37 -31 -34 -40 -32 42 43 -2 46 -46 -45 50 54 -50 52 -52 53 -48 -44 -43 59 58 -58 -57 61 -61
right_child=1 2 -4 -5 6 -7 -8 8 10 -11 12 -13 -14 14 15 -17 17 18 -20 24 -22 22 -24 -25 -26 -27 -28 28 -30 31 40 32 38 -35 -36 -37 -38 -39 39 -41 -42 55 48 44 45 -47 47 -49 49 -51 51 -53 -54 -55 -56 56 57 -59 -60 60 -62 -63
leaf_value=-0.00023456975939910633 0.0020154399840299382 -0.0017717664296276758 -0.0014443791808199809 -0.0013951693577496042 0.0046166651869864817 0.0045221779746509004 -0.00016638002720254137 0.0024965449563637675 0.002328270404096746 -0.00015263641187044513 -0.0014936421780515534 -0.0029209588035345969 0.0014078804191935421 0.0017023308683195165 -0.0015404843733610801 -0.0021837559471734338 -0.00094550260994279752 0.0047674831403279865 0.0008220807943342146 0.00079613514913274772 -5.3809529227724448e-06 0.00080919296622372736 0.0016901363863934587 -0.0013950107334018515 -0.00054418662200549691 -0.00068790249360275589 0.0020077794426799109 0.0027779550946643024 0.005391133580526849 0.013537692404801297 0.0019274709639192896 0.0078297125817804372 -0.0017903331784419091 0.0057706546167123878 -0.00051005687874300636 0.0010193926569465183 -0.00087419665879578251 -0.00036221071451333149 0.0063590298133109728 -0.00040208160127794089 -0.0014393570017325963 2.7958175259210863e-05 -0.00033802006687057491 0.0013187263212214033 -0.00073567548790122483 0.0087092690991506429 0.0042858383111314602 -0.001920903510400478 0.0034404327920174527 -0.0009107175404064028 -0.00049840973205762188 0.0064800869852901944 -0.00063452261271040237 -0.00014630013192065464 -0.0022372683100252157 -0.00056974080823754016 0.00028006144479519662 -0.00094131221121332995 0.0072612577096374106 0.00061333576230474321 -0.0001189238535905802 -0.00049480395277242686
leaf_weight=770 63 66 700 112 56 52 47 53 62 71 209 53 40 60 48 647 548 47 61 57 55 55 53 101 435 311 73 68 58 62 80 40 159 43 90 49 630 269 72 54 1109 11158 3443 57 61 74 52 394 52 41 59 48 340 81 369 704 60 81 48 647 7149 126
leaf_count=770 63 66 700 112 56 52 47 53 62 71 209 53 40 60 48 647 548 47 61 57 55 55 53 101 435 311 73 68 58 62 80 40 159 43 90 49 630 269 72 54 1109 11158 3443 57 61 74 52 394 52 41 59 48 340 81 369 704 60 81 48 647 7149 126
internal_value=-0.000438702 -0.000391391 -0.00175532 0.000101743 0.00177928 -0.00117647 0.00514423 -0.000345782 0.00124744 0.00577778 -0.000453334 0.00323276 -0.00218 -0.000371363 -0.00117798 -0.00233486 -0.000168761 -0.00046927 0.000876523 0.000134453 0.00524272 -0.000304094 0.00288095 0.00076433 -0.000933064 -0.000254043 0.00299242 -0.000328064 -0.000993176 -0.00114637 -0.00205485 -0.000367598 0.00140748 0.00381974 0.00197222 0.00672222 -0.00130457 0.000570174 -0.000591217 0.00212598 -0.00239076 -0.000254303 -0.000743916 0.000407257 5.99817e-05 0.00459559 -0.000537792 -0.000892309 -0.00110444 0.00356383 0.000430291 0.00430555 -0.000453588 0.0036194 -0.00122214 -0.000128418 -0.000439543 0.00318421 0.00605504 -0.000519301 -0.000379908 0.00114341
internal_weight=32732 31962 1033 333 221 118 103 30929 488 124 364 115 249 30441 2342 1079 1263 1203 655 594 102 28099 209 156 492 432 121 27890 2783 2725 1257 1468 507 222 179 89 961 331 285 126 1189 25107 5134 1229 1166 135 1031 974 3905 93 580 107 473 133 3812 19973 8815 189 108 8626 7922 773
internal_count=32732 31962 1033 333 221 118 103 30929 488 124 364 115 249 30441 2342 1079 1263 1203 655 594 102 28099 209 156 492 432 121 27890 2783 2725 1257 1468 507 222 179 89 961 331 285 126 1189 25107 5134 1229 1166 135 1031 974 3905 93 580 107 473 133 3812 19973 8815 189 108 8626 7922 773
cat_boundaries=0 1 2 3 4 5 6 7
cat_threshold=1120 640 826 65 157 912 2081
is_linear=0
shrinkage=0.05


Tree=144
num_leaves=63
num_cat=3
split_feature=8 8 9 11 27 23 20 42 13 20 23 33 18 33 14 11 14 26 36 41 17 17 0 10 10 20 27 2 33 39 17 27 13 31 26 20 25 41 17 23 44 5 0 30 23 33 10 2 26 39 31 7 42 21 16 17 18 23 12 41 13 7
split_gain=0.88741 0.896823 0.787238 0.974012 0.690933 1.01662 1.2929 1.16071 1.5857 1.22076 1.13573 0.814266 1.46097 0.711934 0.653088 0.752597 0.930027 0.942327 1.01196 0.893572 0.7876 0.887623 0.760367 1.78595 1.28807 1.2996 1.20583 1.40073 1.12584 0.995096 1.13336 0.812077 0.743441 1.26548 1.74134 0.713856 0.703446 0.679693 1.47674 1.03558 1.10743 1.01233 0.753982 0.772292 1.00331 1.40776 1.32712 0.800678 0.750064 2.11874 2.00931 1.86403 1.40658 1.11021 1.04456 0.981124 0.943476 0.861979 0.826444 0.777703 1.10855 0.75998
threshold=0.3976575794183822 0.029464010754302754 0.27838676028620185 1.5000000000000002 38.500000000000007 -0.63973658793606114 -0.033560258152804251 0.81509971509971524 0.98907071189679896 -0.014753565081792819 -0.93718149888163227 27.221428571428579 -0.20107182297941475 26.521428571428576 -1.1361762186953432 86.500000000000014 1.6120625903771726 46.500000000000007 1.4282084760338528e-07 2446.6156795346383 -0.86635562748485107 -0.72767872536002554 0.027039539034409369 0.085071601547281897 0.05237892118573307 0.033591768850834564 38.500000000000007 -0.17625730556669247 35.278571428571439 0 0.31198176003043049 24.500000000000004 2.5850326938441905 53.250000000000007 21.500000000000004 0.057345149515008235 1 1.3839743589743592 -0.074001896971283218 1.1009153788755588 0.29285714285714287 9.5100251856682174 -0.35667494393873284 4.1500000000000012 0.038540558477787819 27.792857142857148 -0.22395960657062816 -0.44761165780137485 46.500000000000007 2 37.150000000000006 7.6366500848379486 0.99230769230769245 9456.2500000000018 -0.13811202577247303 0.64023222849180439 0.42876378334726073 -1.2795128624145136 70.500000000000014 22.474068554396428 0.80597075072488977 8.2618339007559722
decision_type=8 10 8 2 2 8 10 2 2 10 10 2 10 2 2 2 2 2 2 2 2 2 2 2 2 10 2 2 2 1 2 2 2 2 2 10 1 2 2 8 2 2 2 2 10 2 2 2 2 1 2 2 2 10 2 2 10 8 2 2 2 2
left_child=1 -1 -2 -4 5 6 -5 8 9 -7 -8 12 -9 -6 36 32 17 18 19 20 -17 -22 26 24 25 28 -23 -28 31 -29 -31 -24 37 34 -34 -25 -3 38 39 40 -16 -40 43 47 45 -45 -47 -39 -44 50 61 -52 56 55 -54 57 -53 -51 59 -57 -61 -50
right_child=2 14 3 4 13 7 10 11 -10 -11 -12 -13 -14 -15 15 16 -18 -19 -20 -21 21 22 23 35 -26 -27 27 29 -30 30 -32 -33 33 -35 -36 -37 -38 42 41 -41 -42 -43 48 44 -46 46 -48 -49 49 53 51 52 54 -55 -56 58 -58 -59 -60 60 -62 -63
leaf_value=-0.00020108442931399573 -0.0012344127210550692 1.406951204640972e-05 -0.0017923120282231485 -0.0071010640925103135 0.0019071135303467563 0.0012314042932449162 0.00035060017430531254 0.0086689614118231097 -0.0026230926732685872 0.0093110013515689382 0.012828863136812481 -0.00035640446511440613 -0.0008254724960698002 -0.00097922461329630448 0.0059688895961500857 -0.0023358936708883613 -0.0028053955934751783 -0.0010714956784159263 -0.0015609428369727264 0.0068953161287626866 0.0055957007127486018 -0.00025486929559181596 0.0039233579770280684 -0.00055130773136905311 0.0030138414838447114 -0.0020034604318015302 0.0029473439699375346 -0.00042395283082006087 2.1622383777000339e-05 0.00014313624580712236 0.0027090786694727812 0.0021041944533670884 0.00039505051537990507 -0.0005401555262068182 0.0071790291828922716 0.0013494363769636533 -0.00058919123725963314 0.0014914455673212953 -0.0010935216742818724 -0.00021750652709971567 0.00085951249812887375 0.0014395228735603648 -0.00012722190072185684 -0.00065614558620578835 -0.00017316259211154865 0.0035429934899940843 0.0078077215920187709 -0.00059674993884861749 0.00018779072819880493 0.0011151359500586576 0.0077161241328017136 -0.00087237157925663532 0.0073780292256773461 0.00058926462573510082 0.0019617987772528023 -0.0017519430446731158 0.0020078125766970901 -0.00084218794728960818 -0.0021604641661374531 0.0032860192766619115 0.00051658826832247102 -0.0046083004851915806
leaf_weight=1426 575 609 257 40 73 52 66 41 61 41 44 1163 59 1019 42 63 69 80 92 44 44 493 49 212 46 65 88 137 54 137 41 58 73 75 45 62 1043 77 214 43 46 50 20840 59 93 89 67 248 451 51 47 91 40 101 64 43 42 1152 64 50 54 54
leaf_count=1426 575 609 257 40 73 52 66 41 61 41 44 1163 59 1019 42 63 69 80 92 44 44 493 49 212 46 65 88 137 54 137 41 58 73 75 45 62 1043 77 214 43 46 50 20840 59 93 89 67 248 451 51 47 91 40 101 64 43 42 1152 64 50 54 54
internal_value=-0.000465075 -0.000375198 -0.0012185 -0.000884472 -0.000599625 7.33406e-05 0.00397351 -0.000342032 0.00374193 0.00781915 0.00675676 -0.000842564 0.00346535 -0.0015645 -0.000312546 -0.000251719 0.000724794 0.00094847 0.00120107 0.00149623 0.00129355 0.00152656 0.00130977 0.00277879 0.00564102 0.00405286 0.000412485 0.00243812 0.00645062 0.000870252 0.00322751 0.00939815 -0.000325249 0.00275773 0.00596639 -7.27285e-05 -0.00127647 -0.000349978 0.00170454 0.00602273 0.00910112 -0.000452831 -0.00038418 0.00131703 0.00310679 0.00497685 0.00745223 -0.000383437 -0.000430764 0.000425161 0.00250625 0.00589474 0.00405462 -0.000671692 0.00838095 -0.00103887 0.000634327 -0.00159053 0.00209906 0.0041554 0.00647619 0.000642291
internal_weight=32768 29277 3491 2916 2659 1567 150 1417 154 93 110 1263 100 1092 27851 26199 1834 1765 1685 1593 1549 1486 1442 546 272 226 896 403 161 315 178 107 24365 193 118 274 1652 24172 395 131 88 264 23777 633 308 215 156 325 23144 2304 789 284 237 1515 104 1414 133 1203 211 147 104 505
internal_count=32768 29277 3491 2916 2659 1567 150 1417 154 93 110 1263 100 1092 27851 26199 1834 1765 1685 1593 1549 1486 1442 546 272 226 896 403 161 315 178 107 24365 193 118 274 1652 24172 395 131 88 264 23777 633 308 215 156 325 23144 2304 789 284 237 1515 104 1414 133 1203 211 147 104 505
cat_boundaries=0 1 2 3
cat_threshold=2201 27 5632
is_linear=0
shrinkage=0.05


Tree=145
num_leaves=63
num_cat=5
split_feature=0 8 35 35 23 41 8 42 7 27 9 1 2 3 10 23 25 33 11 21 27 22 7 7 39 42 17 20 13 9 18 26 7 33 23 4 25 2 33 44 8 20 23 17 18 33 24 7 21 33 19 25 21 20 20 11 31 41 30 4 33 18
split_gain=0.751276 0.808916 0.650124 0.919146 1.63388 0.991832 1.14095 1.4877 0.870286 1.14306 1.39986 0.790547 1.13362 0.64215 1.11168 0.847538 0.639715 0.899732 0.808631 1.42879 0.807388 0.81468 0.630791 0.625295 0.965114 0.865787 1.07767 0.953421 1.46263 1.18759 1.10235 1.04765 1.13362 0.951611 0.901808 1.09759 1.25751 3.01574 1.65666 0.872433 1.31501 2.06872 1.87152 1.32653 0.911254 0.917547 0.893478 1.07741 1.16787 1.64672 1.19411 0.842431 1.14005 1.27053 1.55196 0.819819 1.28552 1.52133 1.13287 0.827359 0.814388 0.772255
threshold=0.28768207245178129 1.0000000180025095e-35 0.63015541066752145 0.027384330422263091 -0.9736201156365637 1691.834966013595 0.45848387515512423 0.90754985754985762 7.6718963802104119 5.5000000000000009 0.15803142060865621 -0.021359298687279257 0.0039610434056562846 -0.076961041136128547 0.11202070772637464 -0.36749907742030657 0 26.778571428571436 82.500000000000014 652.92500000000007 11.500000000000002 -0.38296952446683391 7.1011418502458374 8.2495681805982013 1 0.9842509920634922 -1.77699978779046 0.020668994476510116 1.7500002757354971 0.099761870047946177 0.49141102776103934 45.500000000000007 7.9175413219842694 30.535714285714292 -0.48520957539111037 -0.087011376989629671 2 0.057159237369761591 28.078571428571436 0.29285714285714287 0.19931636713045323 -0.07001495472107834 1.2043322904493017 -1.0871758934004203 -0.12508698609155969 34.892857142857146 3 8.011399760394907 1450.2700000000002 28.950000000000006 0.065526250967818542 4 7412.5000000000009 -0.034261826939257257 -0.049988432201817985 52.500000000000007 2.5500000000000012 116.34904233870969 64.500000000000014 0.26731444704680568 26.13571428571429 1.6703053116849651
decision_type=2 10 2 2 8 2 10 2 2 2 10 2 2 2 2 10 1 2 2 10 2 10 2 2 1 2 2 10 2 8 10 2 2 2 8 2 1 2 2 2 10 10 8 2 10 2 1 2 8 2 2 1 10 10 10 2 2 2 2 2 2 10
left_child=1 -1 3 5 -5 23 16 -8 9 -6 11 12 -11 14 -2 -16 17 -7 20 -20 21 -19 -13 25 60 39 33 28 34 -29 31 -31 -33 -27 35 -28 37 -37 -38 -3 41 42 -41 -43 45 -45 47 48 -46 -50 -51 52 53 54 -26 56 57 -32 59 -58 -25 -62
right_child=13 2 -4 4 8 6 7 -9 -10 10 -12 22 -14 -15 15 -17 -18 18 19 -21 -22 -23 -24 24 51 26 27 29 -30 30 55 32 -34 -35 -36 36 38 -39 -40 40 -42 43 -44 44 46 -47 -48 -49 49 50 -52 -53 -54 -55 -56 -57 58 -59 -60 -61 61 -63
leaf_value=-0.00019127372276629128 -0.00019748656493111567 -0.00012304888838447187 -0.0011013502439000604 0.0011214917008902775 0.0010783258996636738 0.0017290170170642057 0.01436424726613633 -0.0020615317434022453 -0.00031398878110269833 -4.9689247176948592e-05 0.000780020999524273 0.0001678046976581411 0.0016229037137939651 -0.00091983073078867692 0.0032135178714622669 0.00025995625732329499 -0.0011848908156984535 -0.00057398105936045524 0.0030750588509770387 -0.0019418267457521968 -0.0011171510331652243 0.0028048794445392706 -0.0010202113318390465 -0.0015429779656062667 -0.00052653268067864801 0.0010575104530171628 -0.00048955777301315279 -0.0010596589124570452 0.0062030283910331331 -0.00093011871081451691 0.0045665004591688872 -0.00063154665686869992 0.0075160533776845329 0.0076979354569791034 2.1678785410324456e-05 0.003575798278179599 0.0013813831968165677 -1.6850559902501993e-05 -4.9947136552782192e-05 0.0034956659891253426 -0.00058742745851295174 0.0039415563546235629 0.00041640392411724137 -0.00097114431195521672 -0.00072914340283466636 0.00095342898067671267 -0.00010435751303018167 -0.00061815040322843766 0.0003913348311054211 0.0017833509840531404 0.0070535731327974471 -0.0019304054879645894 0.0024988302116303839 -0.0012407057706107284 0.0026947074045953253 -0.00016298517048524163 -0.00096565536737182832 -0.00015133871078161181 0.0026552287952698894 0.00092517167985111672 -7.654418693406357e-05 0.0015216468365514973
leaf_weight=929 367 11927 293 44 65 50 40 49 145 70 41 62 40 1821 47 54 1204 62 62 56 338 40 157 326 62 107 218 317 44 717 71 70 40 40 3477 56 50 49 184 44 450 50 54 215 58 74 143 53 78 83 43 1383 55 410 42 231 164 42 40 49 5111 199
leaf_count=929 367 11927 293 44 65 50 40 49 145 70 41 62 40 1821 47 54 1204 62 62 56 338 40 157 326 62 107 218 317 44 717 71 70 40 40 3477 56 50 49 184 44 450 50 54 215 58 74 143 53 78 83 43 1383 55 410 42 231 164 42 40 49 5111 199
internal_value=-0.00054347 -0.000478022 -0.000432452 -0.000409002 0.001488 -0.000450259 -0.00155363 0.00394444 0.000774525 0.0018922 0.000808624 -0.00028788 0.00315315 -0.00141703 0.00023454 0.00485294 -0.0018257 -0.000468499 -0.00105546 0.00260504 -0.00204082 0.00184466 -0.00202273 -0.000372014 -0.000756359 -0.000220387 0.000279871 0.000172679 0.00059083 -0.000806545 -0.000189475 -0.00137077 0.00315315 0.00449324 0.000490705 0.00235663 0.00413235 0.00840517 0.0017551 -0.000445266 0.000761514 0.00186942 0.00868687 0.0010213 0.000487967 -0.0017069 0.00187364 0.00329754 0.00471483 0.0064878 0.01 -0.00171167 -7.75874e-05 -0.000815535 0.00409524 0.00144649 0.00291553 0.00732456 0.000925196 -0.000537384 -0.000421464 -0.000273019
internal_weight=32862 30573 29644 29351 624 28727 1901 89 580 435 370 329 110 2289 468 101 1812 608 558 118 440 102 219 26826 7588 19238 5966 5819 4078 1741 1424 827 110 147 4034 557 339 105 234 13272 1345 895 98 797 747 289 458 315 262 204 126 1952 569 514 104 597 366 113 253 213 5636 5310
internal_count=32862 30573 29644 29351 624 28727 1901 89 580 435 370 329 110 2289 468 101 1812 608 558 118 440 102 219 26826 7588 19238 5966 5819 4078 1741 1424 827 110 147 4034 557 339 105 234 13272 1345 895 98 797 747 289 458 315 262 204 126 1952 569 514 104 597 366 113 253 213 5636 5310
cat_boundaries=0 1 2 3 4 5
cat_threshold=930 121 3140 28 2098
is_linear=0
shrinkage=0.05


Tree=146
num_leaves=63
num_cat=3
split_feature=18 10 39 9 13 27 26 10 9 4 16 8 3 41 2 30 5 3 26 22 30 7 3 26 37 31 26 39 41 17 15 39 6 23 6 4 3 8 4 27 36 6 8 27 3 9 23 21 27 30 41 30 3 16 16 16 21 3 18 21 6 0
split_gain=0.795452 0.646666 0.834257 0.954075 0.666428 1.00409 1.1116 1.10427 1.2723 1.50362 0.767513 0.59706 0.724145 0.549178 0.9598 1.30219 1.1446 1.00446 0.532072 0.538397 0.66709 0.528157 1.11797 1.01102 1.12094 1.22286 0.786373 1.42064 1.41239 0.795269 0.739196 0.691809 1.53637 1.55466 0.90191 0.967028 1.49109 0.754094 0.815342 1.8126 1.21811 1.16076 1.03736 1.00682 0.949893 1.02388 1.16693 1.09303 1.39681 1.66753 0.955703 0.867346 1.91275 0.865427 0.821996 0.895555 1.00098 1.33806 0.919379 1.51595 1.20975 1.00621
threshold=-2.3238855437980299 0.4057890324173084 0 0.13292592456528915 0.93749836282633237 46.500000000000007 16.500000000000004 0.6622921192452883 0.26367423969673942 0.76479132273468597 1.0159944062549084 1.0000000180025095e-35 -0.11401921091510524 1.3839743589743592 0.1331051135956183 1.1500000000000004 8.402747906361995 -0.11122563511022364 4.5000000000000009 -0.17149310944028504 42.250000000000007 7.7690273030243509 0.8747180602934207 36.500000000000007 35.500000000000007 178.40000000000001 37.500000000000007 1 22.474068554396428 -2.0073440144685746 -1.518827846213423 2 7.4089672635647448 -1.1004206089032036 7.7107210251907308 0.077033209113415171 -0.02198437772866146 0.3976575794183822 0.014331294759023729 25.500000000000004 0.65513689816026421 7.8314278341205377 0.12487768281100388 16.500000000000004 0.25713346851429902 0.25209378379071518 0.37465694109923803 1630.7500000000002 45.500000000000007 0.25000000000000006 4.1259920634920642 70.65000000000002 -0.13353139262452227 0.16251892949777483 0.095310179804324893 0.052609028402593079 1269.1650000000002 0.055571241116254562 0.25889165304746636 1998.4400000000003 7.4358959076690239 0.044451762570834059
decision_type=8 2 1 10 2 2 2 2 10 2 2 8 2 2 2 2 2 2 2 8 2 2 2 2 10 2 2 1 2 2 2 1 2 10 2 2 2 8 2 2 2 2 10 2 2 8 8 8 2 2 2 2 2 2 2 2 10 2 10 10 2 2
left_child=18 11 3 -3 10 6 -6 8 -8 -10 -5 12 -2 14 16 -16 -13 -18 -1 20 -20 22 23 31 26 -26 27 28 -25 -28 -31 32 -15 -34 35 36 -35 38 43 40 -40 -41 -43 51 45 46 50 -47 49 -49 -45 -33 -53 -50 55 56 57 -52 59 61 -60 -58
right_child=1 2 -4 4 5 -7 7 -9 9 -11 -12 13 -14 21 15 -17 17 -19 19 -21 -22 -23 -24 24 25 -27 29 -29 -30 30 -32 37 33 34 -36 -37 -38 -39 39 41 -42 42 -44 44 -46 47 -48 48 53 -51 54 52 -54 -55 -56 -57 58 -59 60 -61 -62 -63
leaf_value=0.0010052268748937953 0.00072840717922870732 0.0012532556243846226 -0.0028931916137740106 -0.0015808681525459952 -0.0052562117971394311 -0.0014596367804439257 -8.0904931488069319e-05 -0.00021135035881710893 0.0012211562747836545 0.011075971343605141 0.0005593381844846019 0.00049071787843358563 -0.00018943292708989984 -0.00011323491136802412 8.0973353897671922e-05 0.0045839699971286464 0.0017362683036773264 -0.0014680037808233555 -0.0015493550621639709 -0.00095996618475437589 0.00065769777678101674 -0.00014597250902935403 0.0029591681625797594 0.00046399564515996422 0.0020227465652267094 -0.00015228733100885843 0.0050820424213589939 -1.0329385422440122e-05 0.0078806641140276041 -0.0031818789294001865 3.0655477528547504e-05 -0.00043491469919907343 0.0041298866496196499 0.00076317156820762243 -0.00077969498983891888 -1.9246310913045555e-05 0.012184952922494871 -0.00066820791305626599 3.4884464288324238e-05 -0.00071712124484746699 0.0015208507677924382 -0.0011230828705688313 0.0062819381614674973 -0.00048596768920141612 -0.0025139738909866474 0.00025885255577466317 -0.00022009410165512876 0.0026087972497642708 -0.00019428033343425795 0.0077742484511993826 -4.3963832665864738e-05 0.0029096762600564047 -0.0011541389297418305 0.0041658799892491643 5.0663474285771077e-05 0.0019109191517267506 0.0023523018141519822 0.0010329494353347169 -0.00066722240616715143 -0.00014645682132989827 0.0016103526793749012 5.9069466673435924e-05
leaf_weight=60 67 71 322 610 48 189 65 69 78 46 61 62 675 574 60 43 66 204 169 503 44 14455 42 62 73 42 47 168 54 89 3140 1391 45 42 72 56 47 1096 1569 2451 66 42 40 134 203 310 1168 58 104 49 350 42 50 53 549 58 100 54 76 62 44 40
leaf_count=60 67 71 322 610 48 189 65 69 78 46 61 62 675 574 60 43 66 204 169 503 44 14455 42 62 73 42 47 168 54 89 3140 1391 45 42 72 56 47 1096 1569 2451 66 42 40 134 203 310 1168 58 104 49 350 42 50 53 549 58 100 54 76 62 44 40
internal_value=-0.000452725 -0.000414213 -0.00140705 -0.000789264 -0.00113968 0.000252015 0.00201954 0.00332046 0.00528947 0.00824 -0.00216518 -0.000363158 -0.00176312 -0.000328008 0.00143349 0.005625 0.000120119 -0.00129151 -0.00203346 -0.00241283 -0.00030374 -0.000354328 -0.000143412 -0.000166997 0.000550869 0.00538793 0.000393147 0.00291228 0.00685039 0.000173938 7.89462e-05 -0.000406967 0.000968122 0.00414449 0.00236238 0.00462329 0.00783333 -0.00052065 -0.00037125 -0.000885106 0.00041259 -0.00172257 0.00409638 6.63795e-05 0.000539114 0.00074922 0.000331941 0.00266087 0.00501887 0.00939815 0.00127043 -0.00102089 0.00365591 0.00199367 0.00167541 0.00271337 0.00222833 0.0005679 0.0043034 0.00635468 0.000826445 0.00921986
internal_weight=32679 31903 1559 1237 1166 495 306 258 189 124 671 30344 742 29602 435 103 332 270 776 716 213 29167 14712 14670 3675 115 3560 284 116 3276 3229 10995 836 262 217 145 89 10159 9063 4168 1635 2533 82 4895 3412 3209 2635 574 264 107 1467 1483 92 157 1333 784 726 404 322 202 120 140
internal_count=32679 31903 1559 1237 1166 495 306 258 189 124 671 30344 742 29602 435 103 332 270 776 716 213 29167 14712 14670 3675 115 3560 284 116 3276 3229 10995 836 262 217 145 89 10159 9063 4168 1635 2533 82 4895 3412 3209 2635 574 264 107 1467 1483 92 157 1333 784 726 404 322 202 120 140
cat_boundaries=0 1 2 3
cat_threshold=3912 5376 161
is_linear=0
shrinkage=0.05


Tree=147
num_leaves=63
num_cat=8
split_feature=8 34 30 9 14 24 31 8 16 21 18 39 25 10 14 30 9 21 14 9 8 33 21 30 21 18 25 17 41 23 6 23 5 25 15 39 31 31 17 31 8 33 17 22 39 17 18 41 18 23 33 39 30 5 42 31 14 2 16 16 30 18
split_gain=0.967196 0.960229 1.11134 0.980282 0.742327 0.8994 0.964959 1.27357 1.18225 1.49558 1.17053 1.03137 1.09899 1.08034 2.49001 1.15833 0.905512 1.84848 1.04306 1.12746 1.99953 0.894434 0.81468 0.801178 0.795999 1.18285 1.56599 1.09359 1.77375 1.15648 0.964507 0.821101 1.08996 0.751833 1.28025 1.03014 1.71475 1.9055 2.6092 1.47539 1.57217 2.14703 1.3195 1.49967 1.02532 0.961229 1.218 1.26223 1.81155 0.888244 1.04039 1.67687 1.1598 1.67633 1.47601 0.882201 0.930719 0.940427 1.22146 1.24812 0.850037 0.793107
threshold=0.41067274679472049 1.0000000180025095e-35 40.450000000000003 0.44261013852636677 -0.17154547782614046 0 257.75000000000006 0.061018712653872605 -0.33821966377681884 3795.0000000000005 0.23463410228451501 1 2 -0.09572997928909642 -0.30928125829521352 0.8500000000000002 0.12669521635475614 13025.000000000002 -0.28768207245178062 0.085334965268319227 0.10738532228553174 28.292857142857148 2025.1050000000002 0.25000000000000006 8525.0000000000018 0.62595604965342455 3 -0.074001896971283218 1.6495614035087722 0.014893112022579038 8.9791070778718325 -0.49591335097502082 9.2636526487721529 4 1.0000000180025095e-35 5 18.550000000000001 1.0000000180025095e-35 0.046519013078197842 67.750000000000014 0.14752846857979926 28.700000000000006 0.09664369817719011 -0.27182026516805524 6 -0.26567095420388381 -0.044886616761004049 14.271956856702621 0.6515914030715052 -0.090088624326008601 27.750000000000004 7 55.350000000000009 7.6699747054381939 0.89209979209979218 24.650000000000006 0.037949901452915664 -0.041494179756750953 -0.48361896821578293 0.17435338714477813 49.050000000000004 -0.021497401298630165
decision_type=8 2 2 10 2 1 2 10 2 10 8 1 1 2 2 2 10 8 2 10 10 2 10 2 10 10 1 2 2 10 2 10 2 1 2 1 2 2 2 2 10 2 2 10 1 2 8 2 10 8 2 1 2 2 2 2 2 2 2 2 2 10
left_child=4 -2 -3 -4 5 6 11 -8 -9 10 21 12 13 14 15 -1 17 18 19 22 -21 -10 -15 -14 30 27 -27 28 -26 -30 33 -28 -33 34 35 36 37 38 -6 45 41 42 43 -41 -35 -38 -47 -48 -49 -36 51 -51 54 -54 -53 56 57 -37 -59 -60 -43 -42
right_child=1 2 3 -5 24 -7 7 8 9 -11 -12 -13 23 16 -16 -17 -18 -19 -20 20 -22 -23 -24 -25 25 26 31 -29 29 -31 -32 32 -34 44 49 55 39 -39 -40 40 61 60 -44 -45 -46 46 47 48 -50 50 -52 52 53 -55 -56 -57 -58 58 59 -61 -62 -63
leaf_value=-0.0018844862129210036 -0.00066703794486050883 -0.0026834260791579038 6.6045709159241457e-05 0.0063624244540274617 -0.00075714888224168945 -0.00030153581124775974 -0.00070709560414085088 -2.7516995419796475e-05 0.0010335198749125464 -0.0015297927694674822 0.0067727053107623988 -0.0002992506353018911 4.6633271221043426e-05 -8.3242559609374817e-05 0.0055309870456099232 0.0019199965991429863 -0.00014343253336685411 -0.00071661582662996867 -0.00041099963310214124 0.0015731685486404983 0.00031113774490941558 0.0016473902894746408 0.00062316318085939065 -0.00036323567145082208 0.0026454723698071886 -0.0012161701174360469 5.665432724904886e-05 -0.0003317893816310683 -0.0014143799358192484 0.0036007295012575945 -0.00069010081546436782 0.0020523234176766819 0.0015644688711185916 5.0635923270486077e-05 -0.00033940854684062066 -9.219251580369083e-05 -6.4106819461120935e-05 -0.0022594010481323218 0.010599198244521843 0.0052817439486059778 -0.0011372936956152817 -0.0011678382614341979 0.00028279951099005054 0.0038573308677281731 -0.00020640812797132247 0.0092484567840593335 -0.00024810344012369878 0.0031202697084733843 0.0076161072530667442 -0.00024459591057099123 -9.4728315587412246e-05 0.0051750881970815624 0.00070546260181082211 0.004646315840241352 9.5137818816355137e-06 -0.00010832403777997823 -7.2861646318110311e-05 0.0042315616544980244 0.00016460605706223106 0.00054511967302484402 0.0013865391342388037 0.0022442848210719266
leaf_weight=113 3119 86 67 42 53 3277 101 221 98 69 50 2654 607 62 74 99 616 112 59 71 62 44 40 581 57 115 44 548 106 52 812 97 51 4019 1110 129 41 250 40 46 191 106 60 64 7215 46 47 46 40 257 2206 44 43 48 188 1434 261 62 175 54 45 179
leaf_count=113 3119 86 67 42 53 3277 101 221 98 69 50 2654 607 62 74 99 616 112 59 71 62 44 40 581 57 115 44 548 106 52 812 97 51 4019 1110 129 41 250 40 46 191 106 60 64 7215 46 47 46 40 257 2206 44 43 48 188 1434 261 62 175 54 45 179
internal_value=-0.00041812 -0.00122775 0.00216837 0.0055 -0.000326791 -0.000704695 -0.000324688 0.00160103 0.00267081 0.00494275 0.00720207 -0.000543585 0.000187474 0.00118271 0.00390244 0.00112676 0.000430106 0.00226044 0.00433898 0.00582627 0.00884328 0.00482517 0.00184466 -0.000909092 -0.000159701 0.00116713 0.00378247 0.000111255 0.003125 0.000377357 -0.000233276 0.00635468 0.00845637 -0.00015919 0.00023708 0.000951037 0.00207905 -0.000915699 0.00515957 0.00322917 0.00208815 0.00464286 0.00847953 0.0117117 -0.000415297 0.00678733 0.00836111 0.00585821 0.00942529 -0.000379781 9.68772e-05 0.00197934 0.00429641 0.00918478 0.00253219 0.00027046 0.0017522 0.00320665 0.0047774 0.00306522 0.000296051 -0.000134772
internal_weight=32705 3314 195 109 29391 9010 5733 583 482 261 192 5150 2496 1308 286 212 1022 406 294 235 133 142 102 1188 20381 1070 307 763 215 158 19311 192 148 18499 7265 3369 1254 343 93 911 691 321 170 110 11234 220 179 133 86 3896 2786 580 323 91 232 2115 681 420 291 229 151 370
internal_count=32705 3314 195 109 29391 9010 5733 583 482 261 192 5150 2496 1308 286 212 1022 406 294 235 133 142 102 1188 20381 1070 307 763 215 158 19311 192 148 18499 7265 3369 1254 343 93 911 691 321 170 110 11234 220 179 133 86 3896 2786 580 323 91 232 2115 681 420 291 229 151 370
cat_boundaries=0 1 2 3 4 5 6 7 8
cat_threshold=7 2613 634 277 2850 5376 2108 2332
is_linear=0
shrinkage=0.05


Tree=148
num_leaves=63
num_cat=1
split_feature=34 6 6 21 1 3 13 41 23 1 14 33 10 1 18 3 24 20 22 37 22 33 33 20 30 3 7 3 6 26 6 7 27 14 3 9 18 5 12 12 10 10 41 1 6 11 14 23 13 4 19 4 2 22 30 0 19 18 7 7 2 33
split_gain=0.836737 1.27606 1.98904 1.34155 1.27871 1.20355 1.3394 1.11744 1.11053 0.988356 1.015 1.63596 1.53155 1.3963 1.13683 1.48013 0.839922 0.829015 0.78843 0.78165 1.38712 1.40326 0.756963 1.5985 1.52778 1.95793 1.77344 1.67354 1.58229 1.52141 0.917737 1.11681 1.26995 1.47292 1.05851 1.02104 1.1147 1.18196 0.908342 2.40001 0.836783 0.835288 0.745398 0.823929 0.876026 0.72616 0.870554 0.938675 0.709612 0.695481 1.60523 1.50297 0.915989 0.861312 1.17223 0.692829 0.671613 0.776557 1.29571 0.661275 0.655543 0.714634
threshold=1.0000000180025095e-35 7.6246385588185914 7.4775234225530101 2377.5000000000005 0.029853257267242309 -0.0078126589515403726 0.88021336358234759 128.002380952381 -0.10536051565782627 -0.22314355131420924 0.024825669657308595 28.26428571428572 -0.0052703822673563208 0.044616620446484852 0.47490506670963972 -0.04189120908891119 0 0.005302302361077719 -1.0000000180025095e-35 62.500000000000007 0.043340205522915419 29.721428571428579 27.56428571428572 -0.05248386533281716 61.650000000000013 0.086508137936325294 8.552976757690816 -0.12675143536894581 7.66462016252905 36.500000000000007 8.7215249989514501 8.0759904776091087 24.500000000000004 -0.21511137961694557 0.053612190654738441 0.22845298610759449 0.8562562597735025 6.9966462866686951 75.500000000000014 83.500000000000014 0.14887010361135114 0.29812802114880249 25.731181059994622 0.12625070531996355 7.0702313217237522 4.5000000000000009 0.68213102644299106 0.10847651169843654 0.44444507936507943 0.35667494393873295 -0.18814285606365361 0.36242654452042317 0.1331051135956183 -0.48148229792499747 1.0500000000000003 0.19735959698101715 0.0020938857982212597 -0.28355962499623916 7.9319133193735905 7.3647036598012763 0.19183423471301622 28.37857142857143
decision_type=2 2 2 8 2 2 2 2 8 2 2 2 2 2 8 2 1 10 8 10 8 2 2 10 2 2 2 2 2 2 2 2 2 2 2 10 10 2 2 2 2 2 2 2 2 2 2 8 2 2 2 2 2 8 2 2 2 10 2 2 2 2
left_child=16 2 5 -4 -5 6 18 8 -3 -10 11 -11 -13 -14 -12 -16 19 -15 -2 22 21 -21 23 24 26 27 28 -26 29 -1 31 35 33 -33 -35 -25 37 -37 48 -40 -38 49 -7 -44 -45 46 56 -48 -34 60 52 -52 -51 54 -53 -18 57 -43 59 -59 61 -24
right_child=1 7 3 4 -6 42 -8 -9 9 10 14 12 13 17 15 -17 55 -19 -20 20 -22 -23 41 30 25 -27 -28 -29 -30 -31 -32 32 38 34 -36 36 40 -39 39 -41 -42 45 43 44 -46 -47 47 -49 -50 50 51 53 -54 -55 -56 -57 -58 58 -60 -61 -62 -63
leaf_value=-0.00015134455546337669 -0.0013468623347228682 -0.00069291635508866075 0.00087125760677616453 0.0044803663082399843 0.0041307079200660441 -0.0010002465269599537 0.0041653934380332233 -0.0010754618526691033 -0.00092268135813577913 -0.00019416301257787588 -0.0010455643465074119 0.0044119517237176352 -0.0006627504956091062 0.0019252969948974773 0.0024317830351996235 -0.00023618714235900765 -0.00013529015072387738 0.0037609953761606942 0.0011462724407410921 0.00029403184750208776 -0.00021536193395233999 0.0030027338585061629 -0.0002096489465292997 -0.0002176316414518397 0.0036443902433602794 4.4973268793715933e-06 0.0037351551674647157 0.0044712014142621135 -0.0016889345718923742 0.0055663019335198387 -0.00095791173262577307 0.0018755939851538958 0.00073200199060364374 0.0022776718101810535 -0.0010991639232764356 0.0085310482024631915 0.0097251492955772248 -0.0001988579779557992 0.0050924787495512892 -0.0018264781426072002 0.001001093920168286 -0.0010870370019783954 -0.00026853513240786693 -0.00051089996299291836 0.0028159817756265061 -0.00076362060563265645 -0.00055347958971210082 0.0030212325164168542 -0.00076982213005914594 0.00044003122602929252 0.0035189931631157941 -0.00063403311095001523 0.003532686328836296 -0.00010547040816867428 0.0045243424171990208 -0.00079830177159869418 -0.0020279666001891987 0.0020846827528480669 0.0024550116011629979 -0.0020780085759750703 -0.00059011420065158615 -2.0099315694611635e-05
leaf_weight=93 47 247 80 44 40 80 62 258 66 103 107 63 64 41 51 98 11589 53 68 46 84 41 1110 1383 47 63 40 40 142 62 421 53 66 68 49 40 40 281 74 74 42 172 205 41 56 860 41 50 274 47 45 46 42 1136 40 1169 215 40 46 61 1254 9386
leaf_count=93 47 247 80 44 40 80 62 258 66 103 107 63 64 41 51 98 11589 53 68 46 84 41 1110 1383 47 63 40 40 142 62 421 53 66 68 49 40 40 281 74 74 42 172 205 41 56 860 41 50 274 47 45 46 42 1136 40 1169 215 40 46 61 1254 9386
internal_value=-0.000342933 0.000682665 0.00232735 0.00715151 0.0115294 0.000901785 0.00429775 -0.000351564 0.000486576 0.00157651 0.00223752 0.00409231 0.00650901 0.00383648 -0.000116733 0.0027 -0.00040521 0.00768421 0.00107759 -0.000185932 0.0031686 0.00755682 -0.00021818 0.000459289 0.00310451 0.00728477 0.00122781 0.0121023 -0.000117451 0.00336538 8.72177e-06 0.000380367 0.0021396 0.00584795 0.00266949 -0.000268608 0.00194307 0.000605589 0.000838445 0.00409396 0.00710843 -0.000373836 -0.000678852 0.000462045 0.00423469 -0.00149731 -0.000199682 0.00429348 -0.000586511 -0.000246434 0.000825349 0.000366718 0.00727778 3.27053e-05 0.00482759 -0.000715797 -0.000971964 0.000484374 0.00314189 -4.90208e-05 -0.000370182 -0.000241022
internal_weight=32746 1874 723 164 84 559 177 1151 893 646 580 324 221 158 256 149 30872 94 115 18114 171 87 17943 3352 487 150 337 87 297 155 2865 2444 658 170 117 1786 403 321 488 148 82 14591 382 302 97 1485 625 91 340 13106 1356 1267 89 1222 86 12758 534 319 147 101 11750 10496
internal_count=32746 1874 723 164 84 559 177 1151 893 646 580 324 221 158 256 149 30872 94 115 18114 171 87 17943 3352 487 150 337 87 297 155 2865 2444 658 170 117 1786 403 321 488 148 82 14591 382 302 97 1485 625 91 340 13106 1356 1267 89 1222 86 12758 534 319 147 101 11750 10496
cat_boundaries=0 1
cat_threshold=7
is_linear=0
shrinkage=0.05


Tree=149
num_leaves=63
num_cat=7
split_feature=15 29 12 15 26 22 9 9 25 11 4 26 26 15 10 10 18 12 13 4 39 0 20 18 26 25 39 5 11 39 12 6 33 25 9 5 5 23 20 11 20 11 13 3 10 33 5 13 18 23 22 39 10 2 22 15 2 0 19 2 11 33
split_gain=0.702405 0.661271 0.860354 1.16463 1.11345 1.67985 1.05371 1.58131 0.900939 1.11904 1.23498 0.954585 1.22116 1.11855 1.32851 1.91647 1.00804 0.942017 1.16493 0.859979 1.2874 1.01227 0.952691 0.879258 0.801707 1.65049 1.76921 2.65922 1.57126 1.49702 1.36801 1.71072 1.34142 1.59719 2.73202 2.36924 1.35548 1.31506 1.34438 1.28439 1.58745 1.21721 1.15703 1.49298 1.01694 0.986416 0.970596 0.889674 0.873483 0.854543 0.819948 1.24339 1.03813 0.878138 1.12702 0.875372 0.914973 0.922783 1.42879 1.64766 1.21791 1.41655
threshold=-1.3867658368738252 1.0000000180025095e-35 45.500000000000007 -1.0976309340841846 1.5000000000000002 -0.09149185465316971 0.1276485462896769 0.19564409763406856 0 6.5000000000000009 0.53639803979177192 51.500000000000007 49.500000000000007 0.33031159249809355 0.0016977635272996674 0.44870600719072368 -1.2813148911484915 35.500000000000007 0.89632579301872106 -0.21079946797452684 1 -0.022470382593104962 -0.19067305962601341 -0.28355962499623916 27.500000000000004 2 3 7.3090051978637138 78.500000000000014 4 72.500000000000014 7.7979213323893086 27.50714285714286 5 0.13216751192657319 7.1825601225896207 7.1025314414941407 -0.18232155679395476 0.0057348209617178762 20.500000000000004 -0.0070820735297694231 33.500000000000007 0.98077017381838172 -0.13353139262452227 0.10967246304700674 26.63571428571429 6.8296662200178941 0.71875043945175177 -0.50377112883578257 0.020451979187120498 0.013842587007638619 6 0.44870600719072368 0.54210900813846064 0.70949052489164355 -0.81197321439432735 0.21387020864661424 0.080043476903714175 -0.035601955120695687 -0.11178480759489771 62.500000000000007 32.378571428571441
decision_type=2 2 2 2 2 10 10 10 1 2 2 2 2 2 2 2 8 2 2 2 1 2 10 8 2 1 1 2 2 1 2 2 2 1 10 2 2 10 10 2 10 2 2 2 2 2 2 2 10 8 8 1 2 2 10 2 2 2 2 2 2 2
left_child=-1 24 3 6 5 -5 -3 -8 11 10 17 12 16 14 -14 -16 -6 18 -10 20 21 -4 -21 -23 25 26 27 -2 42 30 32 -32 33 48 35 -35 46 41 -39 40 -29 -33 -28 -44 -36 -31 -34 -48 -26 -41 51 -27 55 54 -52 -53 57 60 -59 -60 61 -57
right_child=1 2 19 4 8 -7 7 -9 9 -11 -12 -13 13 -15 15 -17 -18 -19 -20 22 -22 23 -24 -25 29 50 28 39 -30 45 31 37 36 34 44 -37 -38 38 -40 49 -42 -43 43 -45 -46 -47 47 -49 -50 -51 53 52 -54 -55 -56 56 -58 58 59 -61 -62 -63
leaf_value=-0.00042706401363470876 -0.0005407169142637513 -0.00099330376167973107 -1.0528877846062478e-05 0.0046525112031087163 0.0053240272468957663 -0.0017958707428934414 0.0044816520401749502 0.001003432550713978 0.002038180250343529 -0.00025396969838597838 -0.0005765438867343216 -0.0063460811897873967 -0.00030591915656968531 0.0096731374683349525 0.0061237286246977017 -0.00047073718102373804 -2.0273349068718995e-05 -0.00052153168962099723 0.00017343994641251574 0.0036758366544066244 -0.00035151525205620224 0.00010992724025335258 -0.00052894520845875911 0.0017218405445417646 0.0026793207047944266 -0.00026006316408539652 -0.0014740446846318225 0.0034983849474876853 0.0025536490957570584 -0.00046302162604323931 -0.0011545528352082111 -0.00029437204984047218 -0.00010804953015758439 0.00066362057887948793 0.0020337115870146462 0.0057193893590348314 -0.00016061381053663606 0.0011419405712898563 0.00612859610678712 -0.00041049345417470029 0.0013811005950437201 0.0015345111772680541 0.0050013909792636776 -0.0019454683765576103 -0.0015016859609971473 -0.00010255492066615915 0.0063249431897199745 0.0016119833646501885 -0.0021698551250305719 0.0013117137846953804 -0.00011685485297486171 0.0023295573414210957 0.0040393327894030599 -0.0024944888840765251 0.0017208357294881287 -0.000100889824332211 -0.00097879477797379417 -0.00012746135776629447 0.005121898321436797 0.0010880698154149306 -0.00028395945836227877 0.00054682305781633721
leaf_weight=1767 81 41 107 80 73 59 51 110 65 4234 169 140 72 42 73 43 1361 49 52 70 1324 40 4243 63 61 1398 232 46 63 1229 634 182 57 57 75 60 627 82 40 44 51 81 41 94 89 5002 51 86 122 49 4971 182 43 202 160 331 235 101 47 189 576 682
leaf_count=1767 81 41 107 80 73 59 51 110 65 4234 169 140 72 42 73 43 1361 49 52 70 1324 40 4243 63 61 1398 232 46 63 1229 634 182 57 57 75 60 627 82 40 44 51 81 41 94 89 5002 51 86 122 49 4971 182 43 202 160 331 235 101 47 189 576 682
internal_value=-0.00049278 -0.000437329 -0.000716846 -0.000330604 -0.0004468 0.00396428 0.00339901 0.00521605 -0.000543616 -0.00091594 0.00186012 0.000402203 0.000738738 0.00411255 0.00243386 0.00572649 0.000195121 0.00491018 0.00733051 -0.00116023 -0.000143324 0.00339366 -0.00152179 0.00706731 -0.000245997 6.21233e-05 0.00238062 0.00547872 0.000340135 -0.0006004 0.00048812 -0.000877452 0.00157465 0.00372043 0.00597603 0.0119915 0.00035888 0.0017487 0.00601626 0.00890052 0.0129082 -0.000246213 -0.000910327 0.00275735 0.002 -0.00100208 0.004 0.00626811 -7.73207e-05 0.00462766 -0.000118866 0.000443856 0.00113475 -0.000518374 -0.000390687 0.000996159 0.000714615 0.00107421 0.00344674 0.00556962 0.000569181 0.00161242
internal_weight=32681 30914 12561 6714 6512 139 202 161 6373 4569 335 1804 1664 230 188 116 1434 166 117 5847 1534 210 4313 103 18353 9818 701 271 430 8535 2304 1019 1285 464 281 117 821 385 122 190 97 263 367 135 164 6231 194 137 183 93 9117 3784 2386 5333 5131 2343 2161 1926 337 236 1589 1013
internal_count=32681 30914 12561 6714 6512 139 202 161 6373 4569 335 1804 1664 230 188 116 1434 166 117 5847 1534 210 4313 103 18353 9818 701 271 430 8535 2304 1019 1285 464 281 117 821 385 122 190 97 263 367 135 164 6231 194 137 183 93 9117 3784 2386 5333 5131 2343 2161 1926 337 236 1589 1013
cat_boundaries=0 1 2 3 4 5 6 7
cat_threshold=2306 200 64 2213 4386 2112 5169
is_linear=0
shrinkage=0.05


Tree=150
num_leaves=63
num_cat=2
split_feature=2 31 7 7 33 6 31 19 7 22 27 27 21 7 13 11 21 18 20 7 27 15 31 3 15 35 14 7 18 12 17 11 27 0 5 41 18 23 16 22 5 39 19 7 18 44 0 37 4 18 13 31 15 39 28 15 21 11 20 11 42 6
split_gain=0.667873 0.634272 1.04716 2.17999 0.861134 0.930908 1.20681 1.3139 1.49759 1.8623 3.73659 2.14626 1.00259 1.44682 1.38214 1.03028 0.940343 1.14384 1.10494 0.960108 0.87453 0.991126 0.997404 0.820382 1.08745 0.787272 0.96784 0.886355 1.16711 1.65275 2.51927 0.918172 0.99913 0.813832 0.789221 1.29862 0.800191 1.1551 1.20984 0.843357 1.79361 0.77166 0.93251 1.03169 1.44251 1.19192 0.849419 0.837321 0.895523 1.13454 0.72099 1.24643 0.80628 0.962259 1.228 1.11208 1.50818 0.824393 0.806846 0.884433 0.754191 0.944569
threshold=0.24187655595729399 68.850000000000023 9.5518438034995228 9.6569273354777092 31.778571428571436 8.2808231232446357 111.90000000000002 -3.8073565821169423e-16 8.0759904776091087 -0.2762427664360072 46.500000000000007 5.5000000000000009 1592.9150000000002 6.9875297620346597 1.1764706920416448 76.500000000000014 6987.5000000000009 0.51631025538187825 -0.061143846711045446 8.9025583381990732 5.5000000000000009 -0.18428733787836934 212.25000000000006 -0.087011376989629671 0.33031159249809355 0.0020087043954519546 -0.49261300349125098 7.8966948352731565 -0.48776445820306452 31.500000000000004 -0.16001364660032716 61.500000000000007 16.500000000000004 0.08894804267163138 7.2805997219027283 656.83593750000011 0.056550861685450586 0.4213511113263127 0.058374985773246298 -0.031726573931293876 7.5548919134988326 0 0.014265871126739474 8.0052030237037446 0.82517251427011518 1.0000000180025095e-35 0.04725295929246754 51.500000000000007 -0.39304258810960707 0.52427802446462357 2.1728735632183915 37.600000000000016 0.71190412418631566 1 1.0000000180025095e-35 1.548292578825601 1998.4400000000003 86.500000000000014 -0.30419504921343893 61.500000000000007 0.98229949874686728 7.4181612266933099
decision_type=2 2 2 2 2 2 2 2 2 8 2 2 8 2 2 2 8 10 10 2 2 2 2 2 2 2 2 2 8 2 2 2 2 2 2 2 10 8 2 10 2 1 2 2 10 2 2 10 2 10 2 2 2 1 2 2 10 2 8 2 2 2
left_child=1 50 4 -4 5 6 -3 8 25 -10 11 -11 13 -9 15 20 -7 19 -19 -18 -15 22 -22 24 -20 26 -8 28 29 -28 31 32 -31 -29 -30 36 -36 39 -39 40 -38 46 43 44 45 -43 47 48 49 -14 52 -52 58 54 55 56 -54 -56 59 -1 -60 -62
right_child=-2 2 3 -5 -6 16 7 12 9 10 -12 -13 41 14 -16 -17 17 18 23 -21 21 -23 -24 -25 -26 -27 27 33 34 30 -32 -33 -34 -35 35 -37 37 38 -40 -41 -42 42 -44 -45 -46 -47 -48 -49 -50 -51 51 -53 53 -55 57 -57 -58 -59 60 -61 61 -63
leaf_value=1.9458412027128608e-05 -0.00030781010468971512 -0.00054813765992393546 0.0043182193364867004 0.00014434077244444293 -0.00082342240370220088 -0.0014937501144978032 -0.00031004479381773462 -0.0018746744651693661 -0.0010971966377863137 0.00357897253930932 0.0053994205133747961 -0.00052566510123274704 -0.00034282182617409104 0.0017534860942490815 0.0044218175166014272 0.0010086746184530214 -9.0311242320268516e-05 0.0029723483190656772 -0.0012460893258432503 -0.0011277072476398948 -0.00084738608886252443 -0.00047605932827621608 0.003433415045775426 -0.00038012981434712586 0.003247663659266951 0.00057004039782491186 -0.00040655738662824883 -0.00060987381378755116 -0.00028221039470382862 0.0013576141576263356 0.002485711598047018 0.0025646946050735895 -0.00067443930262242472 0.00074941114912183777 -0.00017119208852453023 0.0036842505003523889 0.0021464061132032137 0.00040270009233884884 0.0028349304402480076 -0.00051464784388998536 -0.00033613654234786487 0.00065112399026613524 -0.00023088879160818379 -9.5661120575546432e-05 -0.00040818340111976274 0.0063388975086140099 -0.00094326621926899739 0.00076666029095012452 -0.00032920456201814772 0.0041329522575346113 0.00024248715893277384 0.0060246818096381218 0.0060923886656272692 -0.00012101341108659658 0.00012663836537373787 0.00026374222139297733 0.00016602379763457073 0.0012259867306901595 -0.00013365659480513023 0.016260770755809149 0.00024511547627965993 -0.00010027380999002532
leaf_weight=72 4231 1252 45 164 605 877 601 168 94 66 62 144 56 40 69 72 877 75 53 596 46 331 61 292 58 84 152 252 542 44 53 68 103 67 165 85 47 90 46 157 92 89 858 132 55 44 469 48 1042 59 227 42 56 1096 877 69 43 65 10387 40 1837 2103
leaf_count=72 4231 1252 45 164 605 877 601 168 94 66 62 144 56 40 69 72 877 75 53 596 46 331 61 292 58 84 152 252 542 44 53 68 103 67 165 85 47 90 46 157 92 89 858 132 55 44 469 48 1042 59 227 42 56 1096 877 69 43 65 10387 40 1837 2103
internal_value=-0.000419357 -0.000332199 -0.000617857 0.00288095 -0.000682601 -0.000579002 -0.000300406 -3.23126e-05 0.000739634 0.00373297 0.00582417 0.00260663 -0.000671704 0.000907359 0.00202419 0.00117967 -0.00135737 -0.000745391 0.00137787 -0.00143487 0.000334028 -0.000318908 0.00384259 0.000334157 0.00397321 0.00032465 0.00016764 0.000705192 0.00117325 0.00344418 0.00579926 0.00335648 0.00111486 -0.00170313 0.000391836 0.00152269 0.000693979 0.00182448 0.00562044 6.73389e-05 0.00289286 -0.00110761 -0.000117747 0.00218068 0.00455026 0.00735075 -0.00179229 -0.00109867 -0.00136874 0.00280172 -0.000137158 0.00242592 -0.000178723 0.000711372 0.00173952 0.00568047 0.00905 0.00104984 -0.000314752 0.0038938 -0.000347921 0.000241054
internal_weight=32692 28461 11547 209 11338 10733 7905 6653 3014 366 272 210 3639 787 619 550 2828 1951 478 1473 478 438 107 403 111 2648 2564 1963 1644 420 268 215 147 319 1224 682 597 432 136 296 139 2852 1178 320 188 133 1674 1205 1157 115 16914 269 16645 2206 1110 168 99 942 14439 112 14327 3940
internal_count=32692 28461 11547 209 11338 10733 7905 6653 3014 366 272 210 3639 787 619 550 2828 1951 478 1473 478 438 107 403 111 2648 2564 1963 1644 420 268 215 147 319 1224 682 597 432 136 296 139 2852 1178 320 188 133 1674 1205 1157 115 16914 269 16645 2206 1110 168 99 942 14439 112 14327 3940
cat_boundaries=0 1 2
cat_threshold=4359 7016
is_linear=0
shrinkage=0.05


Tree=151
num_leaves=63
num_cat=4
split_feature=10 25 39 33 39 30 0 27 9 2 16 3 15 11 19 11 6 44 30 9 18 9 2 30 14 6 14 0 42 20 15 27 11 15 11 2 15 9 16 3 17 17 16 42 18 16 16 15 2 27 25 3 2 5 36 20 20 8 16 16 18 30
split_gain=0.754933 0.797904 0.708434 0.792293 0.699623 1.06967 0.919571 0.79401 0.870643 1.2062 1.23328 0.91524 0.775659 0.742849 1.07419 0.975474 1.00699 1.15501 1.7772 0.961237 1.15907 1.39538 1.86138 1.08641 0.97596 1.27096 1.54142 0.863539 0.822825 0.8168 0.739908 0.711409 0.71478 0.708276 0.799801 0.82176 1.54292 0.888623 1.06434 1.2058 0.730539 0.707872 1.17873 0.919469 0.890522 2.23909 1.35079 0.87177 0.853103 0.764654 0.953299 1.19991 0.885662 1.09046 0.846726 0.724872 0.955391 1.42857 0.700737 0.682293 0.989006 0.989087
threshold=0.04514076731660089 0 1 26.050000000000004 2 67.000000000000014 0.52336608220123104 1.5000000000000002 0.1222106108598419 0.13353139262452321 0.2653297605472687 0.36978239744200542 1.2019057937595752 77.500000000000014 -0.17638086792076138 1.5000000000000002 7.8394386884520193 0.18333333333333338 0.65000000000000024 0.13967515995660676 0.52427802446462357 0.33224388444016645 0.085221868515493973 1.0000000180025095e-35 0.042586288909986399 7.0544458110270183 -0.12206309327721686 -0.041820110759960276 0.88975694444444453 -0.013247487541925103 -2.3509971853118157 17.500000000000004 80.500000000000014 0.94303557335139521 2.5000000000000004 0.13745942487448295 0.15415067982725841 0.16711751986262433 -0.16697558556574441 0.067467450813421884 0.5525676404096268 0.49717079968924277 -0.26342974739881847 0.6408253205128206 0.59366978321213992 0.98082925301172652 0.37948962170490386 0.83034830207343047 -0.084324127446872219 11.500000000000002 3 -0.037939175897881754 0.082978249269814355 7.2992521538572346 8.557588573086244e-05 0.16511070452095475 0.3231915587508904 0.3368273604607796 0.45334816833531072 -0.32542240043462861 -0.31396973770086872 31.450000000000006
decision_type=2 1 1 2 1 2 2 2 10 2 2 2 2 2 2 2 2 2 2 10 10 10 2 2 2 2 2 2 2 10 2 2 2 2 2 2 2 10 2 2 2 2 2 2 10 2 2 2 2 2 1 2 2 2 2 10 10 8 2 2 8 2
left_child=2 -2 -1 -4 5 6 7 -3 9 -9 11 -11 13 15 -15 27 17 19 -19 -17 24 22 -22 -24 25 -21 29 -10 -29 -27 -6 -16 -33 34 -18 36 37 38 -36 -40 -37 43 -43 -32 49 46 47 48 -46 50 54 -52 53 -53 -45 -51 57 -57 -34 -39 -61 -62
right_child=1 4 3 -5 30 -7 -8 8 12 10 -12 -13 -14 14 31 16 33 18 -20 20 21 -23 23 -25 -26 26 -28 28 -30 -31 41 32 58 -35 35 40 -38 59 39 -41 -42 42 -44 44 45 -47 -48 -49 -50 55 51 52 -54 -55 -56 56 -58 -59 -60 60 61 -63
leaf_value=-0.00015495133628994377 -0.00057376304920724063 -0.0013189777610338451 -0.00077641063862694912 1.3877008548444158e-05 -0.0037328471990310135 -0.00039275052334915175 -0.0024207618705661075 -0.00086362835711216186 -0.00058004589586373634 -0.00096514885708073601 0.0012803999802377271 0.0018928097402531525 -0.0011736240800230508 0.0041212703547639021 -0.0012208431985206618 -0.0012466637290513118 0.0029454545386153187 0.021732785668090254 0.0012990901883386894 -0.0015626844713148335 0.0054154476495522222 -0.00015009418897888273 -0.00071836142203538411 0.0065161399639118052 -0.00081160043196665764 -0.0010740990725309257 0.0058668510681803452 0.0026794316783953168 -6.7877436659576093e-05 0.0025641436727890329 0.0018775703554646016 -0.0029126376421092586 0.00062355870119425985 0.0028329135475116951 0.0026313995728501753 -0.0012826285119828004 -0.0016999640998695835 -0.00081114833182331387 0.0025761035699384915 -0.00082558039777224442 0.0015493258850354037 0.00077327128446763962 -0.00084677015328475484 -0.00053900573964420402 0.002519165554160957 0.002398692837244859 -0.0013319491978696619 0.0021696910071888 -1.4773648165221444e-05 -0.00055445056420010813 0.003412905236982549 -0.0005715947304785581 -0.00021755243489391063 0.0033532531922239525 0.00039116464634544732 -0.00094438195166011366 -0.0023537249589196396 0.0047960608683444064 -0.0032236290761048962 0.0039164441837390802 -0.00078227547425198602 0.0062212151800607332
leaf_weight=8233 1779 179 581 10298 157 521 155 441 146 174 64 46 271 47 177 84 76 43 41 105 68 71 40 65 125 45 93 40 256 109 69 62 261 46 45 357 203 90 40 57 41 53 1178 505 57 65 240 65 731 2974 43 50 202 99 42 62 62 56 70 54 98 40
leaf_count=8233 1779 179 581 10298 157 521 155 441 146 174 64 46 271 47 177 84 76 43 41 105 68 71 40 65 125 45 93 40 256 109 69 62 261 46 45 357 203 90 40 57 41 53 1178 505 57 65 240 65 731 2974 43 50 202 99 42 62 62 56 70 54 98 40
internal_value=-0.000484977 -0.00077218 -0.000283055 -1.79075e-05 -0.000619698 -0.000167441 8.47254e-05 0.000222429 0.000365346 -0.00120524 0.00133333 -0.00045249 0.00070389 0.000928616 -0.000622979 0.00131505 0.00177712 0.00303932 0.00858823 0.00245037 0.00304017 0.00583673 0.00824713 0.00400943 0.00160042 0.00294617 0.00489919 -0.000812642 0.00074074 0.00180645 -0.00095224 -0.00122592 -3.80723e-05 0.000797037 0.000539926 0.000170564 0.00129777 0.00301176 0.00622378 0.00321428 -0.00160401 -0.000871988 -0.00195211 -0.000621831 -0.000697565 0.000526315 -1.37123e-05 0.000919203 0.000456273 -0.0010437 0.000207005 0.00204938 0.00112216 0.00403333 -0.00113799 -0.0014168 0.00165746 0.00428571 0.000888553 0.00137809 0.00305699 0.000791366
internal_weight=32547 13435 19112 10879 11656 4946 4425 4270 4091 725 284 220 3366 3095 617 2478 2036 889 84 805 721 244 173 105 477 352 247 442 296 154 6710 570 393 1147 1101 1025 627 424 142 97 398 6553 1231 5322 5253 1158 1093 853 788 4095 941 394 351 149 547 3154 180 118 331 282 192 138
internal_count=32547 13435 19112 10879 11656 4946 4425 4270 4091 725 284 220 3366 3095 617 2478 2036 889 84 805 721 244 173 105 477 352 247 442 296 154 6710 570 393 1147 1101 1025 627 424 142 97 398 6553 1231 5322 5253 1158 1093 853 788 4095 941 394 351 149 547 3154 180 118 331 282 192 138
cat_boundaries=0 1 2 3 4
cat_threshold=1152 3968 3585 780
is_linear=0
shrinkage=0.05


Tree=152
num_leaves=63
num_cat=3
split_feature=0 2 0 13 8 27 10 39 42 12 42 8 41 13 11 41 9 31 39 3 25 13 23 4 20 21 7 3 30 41 23 41 18 30 11 11 19 9 11 3 8 26 12 2 42 31 21 4 22 31 8 20 21 31 20 13 8 9 12 27 42 31
split_gain=1.02705 0.673646 0.673128 0.670717 0.607869 0.685293 0.830186 1.18261 1.88774 1.38796 1.06073 0.974646 0.978384 0.933744 0.735323 0.670447 0.699656 0.987548 0.600992 0.614882 1.21361 1.2638 1.42395 1.05697 0.897838 0.861883 0.822557 0.789951 0.6813 0.737266 0.648574 0.581673 0.579034 0.556833 0.552493 0.734956 0.93921 0.656013 0.550976 0.888257 0.586812 0.697304 0.505675 0.79854 0.524217 0.500726 0.623648 0.585955 0.742579 0.621928 0.809686 0.479889 0.479097 0.475068 0.472437 0.468629 0.614906 0.468423 0.459269 0.500468 0.45581 0.502427
threshold=0.12871756468506404 0.40546510810816511 0.11227868884559068 0.63659357872774613 0.029464010754302754 11.500000000000002 0.0031360396130444283 0 0.90521114106019784 39.500000000000007 0.95275297619047628 0.016376077632875127 23.124509012644612 0.45000056250140635 43.500000000000007 1.7360681114551086 0.054665860930200365 1.3500000000000003 1 0.10536051565782546 2 0.6896553864444136 -0.40546510810816422 0.53639803979177192 0.18736097351232806 1831.2500000000002 6.4968276677842605 0.083381608939050902 1.6500000000000004 2.3403882045539386 0.34692478749452432 12.405458089668619 1.5787426842233521 0.15000000000000005 54.500000000000007 41.500000000000007 -0.017439444209909054 0.13967515995660676 86.500000000000014 0.06029116642067401 0.086886694828884614 22.500000000000004 79.500000000000014 0.22314355131421018 0.80374649859943992 220.34999999999999 5752.5000000000009 -0.4186308212572713 0.40546367953877666 29.250000000000004 0.22916885010661672 -0.078094184253739721 1570.5000000000002 47.300000000000011 -0.0047185291602032395 0.79999935135065015 1.0000000180025095e-35 0.23858011993836648 49.500000000000007 12.500000000000002 0.91596045197740128 164.45000000000002
decision_type=2 2 2 2 10 2 2 1 2 2 2 10 2 2 2 2 8 2 1 2 1 2 10 2 10 10 2 2 2 2 10 2 8 2 2 2 2 8 2 2 10 2 2 2 2 2 10 2 10 2 8 10 10 2 10 2 8 8 2 2 2 2
left_child=1 4 32 38 5 55 7 8 13 -10 31 12 -11 -7 -12 -9 17 -17 33 20 24 22 -22 26 51 -25 -23 30 42 -30 45 54 60 -5 35 37 -37 -31 40 -40 41 -2 44 -44 -21 46 47 -28 49 -49 -51 -20 57 -54 -8 -1 -57 -39 -55 -60 -3 -62
right_child=3 2 -4 18 -6 6 10 15 9 11 14 -13 -14 -15 -16 16 -18 -19 19 28 21 23 -24 25 -26 -27 27 -29 29 34 -32 -33 -34 -35 -36 36 -38 52 39 -41 -42 -43 43 -45 -46 -47 -48 48 -50 50 -52 -53 53 58 -56 56 -58 -59 59 -61 61 -63
leaf_value=-0.0004514433467479048 0.0018932731263723017 -0.0011826891769095699 0.0017618862434909098 0.0031716161242584815 -5.0546835976645954e-05 0.0001655705288276353 0.014005809574955733 0.0057343867703975749 0.0011311762900274691 0.00055124938995653589 -0.00040551640769274905 -0.00032784504650239525 0.001691237193803823 -0.00025055531381823129 0.0028307009634520272 0.0029250919642663212 -0.0028557426636125851 -0.0012136860888717143 0.0039169201647156456 0.0016246980405332609 0.0039501816244620971 0.0064325389516334307 0.00011080180427612901 0.0060863822758829549 0.0061522252104582913 -0.00034179675496502637 0.0016048019344386362 0.0047453883380381909 0.00087895287360585282 0.00056856994465316602 -0.0030652506089756892 -0.0012834014044377617 0.0011429032653798518 0.00026016432722927662 -0.00062005850461351855 0.0059036489667868529 -0.00029347810272469714 0.00011880653948475379 0.0010978317431304099 -0.0021557503170855168 -0.00097479907369415076 -0.001047511527804628 0.0034534241289179571 -0.0023863204524570431 -0.0021621448260135327 -0.0016491838292796259 0.0033529901928128106 -0.0025251558787407306 0.0015623497333195236 0.002423078867468034 -0.00049817829265038792 -0.001107852533303379 0.0054144845215936144 -0.0027875065507400312 -0.0012981279445953785 -0.001061284278567654 0.00022506547350118072 -0.003134608754617687 0.002054122926786024 -0.00027209797269017185 -0.0015388143936619812 4.9253309800735342e-05
leaf_weight=269 57 308 42 45 24255 60 40 44 41 41 66 42 44 128 40 45 150 111 59 50 44 43 58 50 62 40 81 46 47 75 127 247 57 109 281 40 46 78 52 102 2193 57 64 52 683 70 46 277 52 57 41 500 46 68 76 49 43 151 44 84 356 161
leaf_count=269 57 308 42 45 24255 60 40 44 41 41 66 42 44 128 40 45 150 111 59 50 44 43 58 50 62 40 81 46 47 75 127 247 57 109 281 40 46 78 52 102 2193 57 64 52 683 70 46 277 52 57 41 500 46 68 76 49 43 151 44 84 356 161
internal_value=-0.000504987 -0.000371501 -0.0016973 -0.00109164 -0.000323939 -0.00128823 -0.000701532 0.000381894 0.00237057 0.00627219 -0.00232979 0.00363281 0.00668605 -0.00100529 0.00205607 -0.00166205 -0.00254072 -0.000191084 -0.000658005 -0.000794703 -9.97594e-05 0.000949184 0.00621359 0.000375939 -0.00182753 0.0054945 -0.00017836 -0.000545114 -0.0014337 -0.000520293 -0.000937501 -0.00361264 -0.00199321 0.00230303 -0.000836981 -1.5799e-05 0.00425287 -0.0006947 -0.00172827 0.00116129 -0.00192158 0.00156522 -0.00246471 0.000598289 -0.00294959 -0.000272001 0.000234233 -0.00027505 -0.00101636 -0.00179521 0.00161616 -0.00249107 -0.00138771 0.000164608 -0.000683762 -0.00319061 -0.000107528 -0.00302174 -0.000913707 0.000852712 -0.00233051 -0.00141892
internal_weight=32792 26715 924 6077 25791 1536 1175 706 356 168 469 127 85 188 106 350 306 156 3616 3462 1653 1032 102 930 621 90 840 797 1809 960 751 363 882 154 913 632 86 546 2461 154 2307 114 849 116 733 624 554 508 427 375 98 559 471 242 116 361 92 229 196 128 825 517
internal_count=32792 26715 924 6077 25791 1536 1175 706 356 168 469 127 85 188 106 350 306 156 3616 3462 1653 1032 102 930 621 90 840 797 1809 960 751 363 882 154 913 632 86 546 2461 154 2307 114 849 116 733 624 554 508 427 375 98 559 471 242 116 361 92 229 196 128 825 517
cat_boundaries=0 1 2 3
cat_threshold=4748 576 2946
is_linear=0
shrinkage=0.05


Tree=153
num_leaves=63
num_cat=4
split_feature=8 8 39 11 19 20 8 25 20 14 26 41 8 18 27 13 4 4 30 22 16 25 37 12 27 18 16 15 20 4 25 29 5 2 19 41 31 30 8 16 8 2 30 41 22 19 15 31 11 4 2 16 22 20 6 31 5 5 16 4 33 13
split_gain=1.38723 0.856069 0.890876 1.23949 1.19214 1.46671 1.14349 1.32805 1.22357 1.18936 1.35349 1.85282 1.00823 1.79103 0.962362 0.906146 1.33742 0.840945 0.82855 0.795247 0.762857 0.746874 1.85697 1.17037 1.6489 0.767245 1.5665 0.760356 0.745892 0.819856 1.55135 1.30085 1.37005 1.46819 1.23852 1.08135 1.46588 0.984773 1.04757 0.95817 0.866078 0.992652 0.909276 0.804447 0.915644 0.774801 0.659841 0.772185 1.257 1.79364 1.0555 1.65645 1.05598 0.741214 0.73821 1.09807 1.26272 0.75779 1.17866 0.753501 0.65046 1.17359
threshold=1.0000000180025095e-35 0.095256236733880811 0 41.500000000000007 -0.21935347880102321 0.0061844262661626057 0.079654163263125508 1 0.027251471100152285 0.6596623507468814 7.5000000000000009 122.31730769230771 0.083367634294561968 0.29970504994628538 42.500000000000007 0.66666709956709969 -0.095309618307012997 -0.02380588611425782 178.10000000000005 0.18191457106311407 0.30538164955118213 2 19.500000000000004 87.500000000000014 14.500000000000002 -0.91358972621455392 -0.42028354377602944 1.0362634877014971 -0.10344842382566435 0.044452874230940694 3 1.0000000180025095e-35 8.0938625170410283 -0.018692133012153441 -0.0047336979700586855 7.2220202020202029 30.750000000000004 26.850000000000005 0.067057130831564726 0.52443511945935384 0.092797413867744191 0.026056341103579243 0.95000000000000007 66.941004962779161 0.15415111938750475 0.16426006723742689 1.3862943611198912 133.25000000000003 78.500000000000014 -0.11330350152260758 -0.080042323058004058 0.10015952153727727 -0.087800135049670491 -0.007525196766358472 8.0754579637432347 54.850000000000016 7.9138762917158623 7.2072917181984826 0.052609028402593079 -0.28768207245178118 35.635714285714293 0.71245796265909322
decision_type=8 8 1 2 2 10 10 1 10 2 2 2 10 10 2 2 2 2 2 10 2 1 10 2 2 8 2 2 10 2 1 2 2 2 2 2 2 2 8 2 10 2 2 2 10 2 2 2 2 2 2 2 10 10 2 2 2 2 2 2 2 2
left_child=60 2 4 21 5 -2 9 -8 12 10 11 -5 13 -9 -13 17 -17 -14 19 -3 -10 22 25 24 -24 26 -4 -27 -6 40 -31 35 33 -33 -34 36 -32 38 -35 43 41 46 -42 -37 -45 -43 47 53 50 -50 51 52 -49 -30 55 56 57 58 -55 -59 -1 -62
right_child=1 18 3 6 28 -7 7 8 20 -11 -12 14 15 -15 -16 16 -18 -19 -20 -21 -22 -23 23 -25 -26 27 -28 -29 29 30 31 32 34 37 -36 39 -38 -39 -40 -41 42 45 -44 44 -46 -47 -48 48 49 -51 -52 -53 -54 54 -56 -57 -58 59 -60 -61 61 -63
leaf_value=-0.00023161097201510497 0.0008789795359011184 -0.00011198608382816133 -0.0011090623905041527 0.0045320223685682377 -0.0023369096864361105 0.0015614842940270852 -0.00069253591879033828 0.0037776304069645906 -0.00057763681620344746 0.00032435856177684972 -0.00050813708303243908 0.0011368175227272322 0.0013195974658453721 8.8681736218557431e-05 -0.0016333044302422326 0.0018977133627432097 -0.0010078876569499485 0.0036049839015993243 0.0033802306948013949 -0.00036424522427622305 0.00081935278358491806 -0.00075867685928841756 -2.8739097645484051e-06 -0.00075089708879877979 0.0016157965610036054 -0.0011462291122063789 0.0028885856153915146 0.00066970822590757637 -0.00026275445720874609 -0.00022890054399129502 0.0038847551960455372 0.0030139483164509707 0.00089250314952658773 0.0011655023921681516 -0.0021885433125764932 -0.00016901461741499488 5.0823000589383032e-05 0.0039843286635577102 -0.00039872584441301483 -0.0015587343008491381 0.0028066684329577721 -0.00063637830891230453 -0.00017282887819981734 0.000115999008925293 0.0020248189448473747 0.0021827072198889511 0.001073609761330662 -0.00093915185218168052 0.0042216592591213303 -0.00069770956357153788 -0.00015835874330000468 0.002619571107225892 0.0005288731655586071 8.4294402807424192e-05 -0.0013251583104657739 -0.00048107343329599787 0.0025321335845030178 0.0010879595987825902 0.0010459517878956715 -0.00039931170356221566 0.0023229036421654765 -0.0001651062240655512
leaf_weight=670 106 19111 75 68 113 59 149 42 102 176 1187 78 41 40 64 40 93 46 71 3925 43 1233 57 44 75 577 49 51 473 564 53 54 48 65 65 208 57 46 72 86 54 572 47 395 82 42 50 71 52 45 267 53 44 91 136 96 45 42 47 173 69 50
leaf_count=670 106 19111 75 68 113 59 149 42 102 176 1187 78 41 40 64 40 93 46 71 3925 43 1233 57 44 75 577 49 51 473 564 53 54 48 65 65 208 57 46 72 86 54 572 47 395 82 42 50 71 52 45 267 53 44 91 136 96 45 42 47 173 69 50
internal_value=-0.000455506 -0.000404251 1.53327e-05 -0.000495279 0.000509588 0.00466867 0.000347925 0.00221105 0.0035262 -0.000358959 -0.000847641 0.0028436 0.00541254 0.0101205 -0.000419582 0.00361991 0.00100746 0.00755682 -0.000564092 -0.000580806 -0.000171234 -0.00134366 -0.000255592 0.00435028 0.00669173 -0.0013413 0.00224 -0.00205088 0.000350428 0.000458769 0.0012667 0.0022504 0.0048433 0.0069958 0.000307016 0.0012415 0.00585585 0.00480978 0.00264493 0.000576424 -0.000145774 -0.000345653 0.00436274 0.00120262 0.00233263 -0.00206504 0.000281731 0.000106967 0.00166979 0.00678571 0.000516054 0.00360947 0.000215516 -0.000647646 0.000475435 0.00137374 0.00253133 0.0015113 0.00438849 -0.000347223 -0.00252532 0.000874999
internal_weight=32699 31910 8803 4330 4473 165 2169 596 447 1573 1397 210 302 82 142 220 133 87 23107 23036 145 2161 928 176 132 752 124 628 4308 4195 1795 1231 350 237 113 881 110 183 137 771 2400 2299 101 685 477 614 1685 1635 532 97 435 168 115 1103 630 494 398 353 138 215 789 119
internal_count=32699 31910 8803 4330 4473 165 2169 596 447 1573 1397 210 302 82 142 220 133 87 23107 23036 145 2161 928 176 132 752 124 628 4308 4195 1795 1231 350 237 113 881 110 183 137 771 2400 2299 101 685 477 614 1685 1635 532 97 435 168 115 1103 630 494 398 353 138 215 789 119
cat_boundaries=0 1 2 3 4
cat_threshold=6676 69 913 2441
is_linear=0
shrinkage=0.05


Tree=154
num_leaves=63
num_cat=2
split_feature=2 17 26 23 25 23 9 22 16 10 9 3 13 11 10 2 25 22 12 17 1 19 12 26 22 16 20 41 33 26 26 3 11 18 20 42 9 33 11 23 16 5 16 44 15 1 15 0 4 1 18 16 22 14 27 2 22 17 13 2 33 16
split_gain=0.884098 0.579626 0.692463 1.05547 0.6647 0.807384 0.801133 0.695811 0.961702 0.688863 0.795869 1.13932 1.04932 1.76166 1.72534 0.935072 0.855115 1.45435 1.04032 0.95417 0.938067 0.985862 1.28934 1.76266 1.16707 1.69482 0.699998 0.654764 0.640871 0.626118 0.621947 0.834813 0.698125 0.612729 0.757115 0.597717 0.592459 0.558388 0.894777 0.622759 0.89145 0.538579 0.52114 0.532014 0.957424 0.486071 0.483333 0.753143 0.547485 0.626569 0.817578 0.946561 0.557682 0.522513 0.728914 0.496275 1.05493 1.23285 0.994758 0.610006 0.973758 1.08783
threshold=0.90629178862065063 0.51421785988528346 49.500000000000007 0.62357463839736738 0 -0.61001208798634099 0.20501403077415165 -0.17688639959420357 0.84741329384033093 0.15205818344778657 0.096188284622427941 -0.089612158689686514 0.47529275951841776 59.500000000000007 0.0065476212247084229 0.23243266887662675 1 -0.058236298707245164 68.500000000000014 0.75270867566807265 0.22006157708458798 0.072365363952791598 56.500000000000007 19.500000000000004 -0.32398680725996859 1.0979658761669573 -0.12139880453590456 642.17073412698426 39.564285714285724 51.500000000000007 31.500000000000004 0.036367644170874687 28.500000000000004 1.1810223719815691 0.001822333241062587 0.93700396825396837 0.091964498946047565 30.721428571428579 23.500000000000004 -0.030556187859712921 0.64204831295739673 7.175441325580727 1.1571669927415644 1.0000000180025095e-35 0.69314718055994529 -0.17520408902509119 -2.5610727680317402 0.016807118316381157 -0.34285330253802065 0.10536051565782635 -2.5942086875037851 -2.536271938642439 -0.22881477068136713 -2.3973481170029625 10.500000000000002 -0.43078291609245362 -1.1706271170765996 0.3465669846015334 1.13043483931952 -0.30592314024029127 26.342857142857145 -1.0360919316867756
decision_type=2 2 2 8 1 8 10 8 2 2 10 2 2 2 2 2 1 10 2 2 2 2 2 2 10 2 10 2 2 2 2 2 2 10 8 2 10 2 2 8 2 2 2 2 2 2 2 2 2 2 10 2 10 2 2 2 10 2 2 2 2 2
left_child=1 29 4 -4 5 6 -3 8 27 10 33 26 13 14 -13 16 20 45 19 -19 21 22 23 -14 25 -23 -12 30 37 46 31 32 -7 41 -35 -5 -11 38 39 -28 -41 -6 -38 -44 -45 -18 47 48 -1 50 52 -52 -50 54 -48 56 57 58 -55 60 -57 -62
right_child=-2 2 3 35 9 7 -8 -9 -10 36 11 12 15 -15 -16 -17 17 18 -20 -21 -22 24 -24 -25 -26 -27 28 -29 -30 -31 -32 -33 -34 34 -36 -37 42 -39 -40 40 -42 -43 43 44 -46 -47 53 -49 49 -51 51 -53 -54 55 -56 59 -58 -59 -60 -61 61 -63
leaf_value=-0.0023198524889508194 -0.0041436617572029009 0.00098325500367042891 -0.00028821738484962142 0.00037639148783322391 -8.0965309330142265e-05 -0.0035580567329304862 -0.0011605304832700419 -0.001386539671228774 -0.0029557869786286206 0.0014213030910044909 0.0044841900054410477 0.0042306807043835173 0.00023136428334214845 -0.00068495975035860561 0.00080821300367872769 -0.0024806059388957063 0.0013266758281086049 0.0026625797796181946 -0.0017265924663354413 0.0018461335494750501 -0.0023684639689835682 -0.00049038433273803576 9.558950446034399e-05 0.003485858380595599 -0.00072949463998149468 0.0038601274589268042 0.0034571904835511893 0.0031400093379891389 0.0011012683162387067 -0.00052796249293109317 -0.0024280473059930217 -0.00090619352232878181 0.0075401748209542796 -5.3530997592971281e-05 0.0017004137924510714 0.00085926581112659374 -0.0012813603117092193 -0.0010474646603869228 -0.00065618180207238923 0.0013223662303182115 -0.0057288374694245223 -0.0013668462749720286 -0.0015497536375636391 0.0053166087475990621 -0.00043412707110357092 -0.0013331518465296145 0.0051583345640115047 -0.0021445437979859829 -0.00064500871098972453 -0.0032807915282607779 0.0043129541945778052 0.00029662542580029646 0.00023040948046071255 0.00074513250228321482 2.113854182032569e-05 0.0024333245420424324 -0.0016211663320290972 0.0061264766837609607 -0.00063503465290741805 -5.2394452706703139e-05 0.0023004318741495261 -1.4692669591827776e-05
leaf_weight=108 219 50 100 49 76 40 60 1128 112 46 60 53 53 79 91 91 71 53 65 60 41 65 81 75 151 61 49 46 41 446 70 40 50 99 46 42 621 493 336 80 47 240 136 40 48 292 41 251 55 48 52 40 40 305 125 62 690 44 88 23582 87 848
leaf_count=108 219 50 100 49 76 40 60 1128 112 46 60 53 53 79 91 91 71 53 65 60 41 65 81 75 151 61 49 46 41 446 70 40 50 99 46 42 621 493 336 80 47 240 136 40 48 292 41 251 55 48 52 40 40 305 125 62 690 44 88 23582 87 848
internal_value=-0.000454533 -0.00043316 -0.000894635 0.00205729 -0.000998714 -0.00185439 0.00225225 -0.00217216 -0.000250698 -0.0006362 -0.000269493 8.437e-05 0.00104121 0.00417411 0.00744827 0.000435344 0.000851262 -0.000552537 0.00312849 0.00600877 0.00225836 0.00291581 0.0055 0.00860465 0.000953236 0.00448819 -0.00111111 0.00149797 -0.00141356 -0.000336641 0.000248755 0.00229008 0.00494505 -0.00217533 0.000513697 0.00592391 -0.00185538 -0.00166501 -0.000506824 0.00237288 0.000507811 -0.00340694 -0.00215721 -8.88901e-05 0.00292135 -0.00237637 -0.000305287 -0.00171429 -0.000188955 0.00116525 0.0024734 0.00580645 -0.000781251 -0.000272873 0.00251497 -0.000290973 -0.00131649 0.000605022 -0.000291879 -0.000243899 0.000966933 0.000560896
internal_weight=32758 32539 5627 191 5436 1596 110 1486 358 3840 2949 2488 1382 223 144 1159 1068 541 178 113 527 486 209 128 277 126 1106 246 1046 26912 200 130 90 461 145 91 891 1005 512 176 127 316 845 224 88 363 26466 594 343 235 187 92 95 25872 166 25706 1127 437 393 24579 997 935
internal_count=32758 32539 5627 191 5436 1596 110 1486 358 3840 2949 2488 1382 223 144 1159 1068 541 178 113 527 486 209 128 277 126 1106 246 1046 26912 200 130 90 461 145 91 891 1005 512 176 127 316 845 224 88 363 26466 594 343 235 187 92 95 25872 166 25706 1127 437 393 24579 997 935
cat_boundaries=0 1 2
cat_threshold=2179 1300
is_linear=0
shrinkage=0.05


Tree=155
num_leaves=63
num_cat=10
split_feature=10 39 30 25 20 31 33 0 27 13 33 36 13 3 0 39 3 25 21 44 18 18 31 20 14 33 27 10 4 33 39 39 21 16 7 41 22 6 13 31 20 4 44 10 16 25 0 20 7 30 27 6 21 3 2 10 39 25 21 21 25 33
split_gain=0.801707 1.00401 0.703665 1.00742 0.921574 1.29059 1.35436 1.14799 0.675168 0.584493 0.778079 0.512778 0.519644 0.746022 0.661746 0.748975 1.53267 1.14405 1.2794 1.34091 1.11682 1.37638 1.11452 0.872159 1.06193 0.840453 1.15131 0.804337 1.38147 0.638451 0.654977 0.615797 0.819939 1.03153 0.814054 0.802392 1.03909 1.29658 1.057 0.932452 1.39876 1.02657 0.985303 0.926355 0.822922 1.11318 0.981918 1.14775 1.23601 0.791246 1.19529 1.11675 1.52022 0.790351 0.788098 0.796757 0.742249 0.812773 1.19867 0.801508 0.819215 0.787033
threshold=0.41952984713070368 0 0.15000000000000005 1 0.0026512268795652817 227.20000000000007 28.678571428571434 0.054067221270275308 11.500000000000002 0.97142997959384847 30.121428571428577 2.0655350605074037 0.84000168000672015 0.8747180602934207 -0.59051534872101852 2 1.0000000180025095e-35 3 1647.5000000000002 1.0000000180025095e-35 1.2561779967035529 -0.81402913489314233 37.150000000000006 -0.051156271462718277 -0.24422989750358923 34.892857142857146 28.500000000000004 0.16468661873663717 -0.050645031521740595 26.221428571428579 4 5 750.83500000000015 -0.73344720803185448 6.936224538603958 2.9674775251189849 0.013842587007638619 9.487320204401227 0.48981433904439226 3.850000000000001 0.14038958266349841 0.34409616173187191 0.29285714285714287 0.18217460241960517 -0.66516245079402847 6 -0.1199593150789786 0.000463318976402246 7.8562141432311643 21.550000000000008 16.500000000000004 7.1972791337733719 1328.7500000000002 0.29086288308198821 -0.16195960277843022 -0.10057093445170649 7 8 3252.5000000000005 2502.5000000000005 9 26.13571428571429
decision_type=2 1 2 1 10 2 2 2 2 2 2 2 2 2 2 1 2 1 8 2 8 10 2 10 2 2 2 2 2 2 1 1 8 2 2 2 8 2 2 2 10 2 2 2 2 1 2 10 2 2 2 2 8 2 2 2 1 1 8 10 1 2
left_child=11 2 8 -4 9 6 -6 -8 -2 -5 -11 12 13 31 -14 16 17 -16 19 25 21 -20 -21 24 -18 26 -19 28 -26 30 -17 32 33 -1 -35 -33 37 39 -39 40 41 -37 44 -43 45 -41 -47 -48 -49 -34 51 -51 -53 -45 -54 -56 57 58 -38 -58 -61 -59
right_child=1 -3 3 4 5 -7 7 -9 -10 10 -12 -13 14 -15 15 29 23 18 20 22 -22 -23 -24 -25 27 -27 -28 -29 -30 -31 -32 35 49 34 -36 36 56 38 -40 42 -42 43 -44 53 -46 46 47 48 -50 50 -52 52 54 -55 55 -57 59 61 -60 60 -62 -63
leaf_value=-0.0030678734141422921 0.00040742920992725619 -0.0028327173191781442 -0.00095117442407440141 -0.0028297325144854731 0.0036939744569529837 -0.00097551573500911741 0.0048107447029915248 -0.00039129202266941881 -0.0018357477993028596 -0.00041017401160921133 0.0036253063253848966 -0.0014783264496925749 -0.0014462622352860461 0.00074641312167666562 -0.0010255004653983209 0.0007667416004666337 0.0053726689295162467 0.0054418069175153029 0.0026745065487965465 -0.0018746118490378433 0.0029746351971681032 -0.00062175984463073411 0.0091855559586923978 -0.00095163636142890987 -0.0042383510101317969 0.010302161300216318 0.002183267794571328 -0.0013568510706559224 0.002420549664416247 -1.7641584345293235e-05 -0.0018671760772166147 -0.00040516344531765823 -0.00039085660785144423 0.00013890797264754339 0.0066741430156129905 0.00013059300574045743 0.00084393613678717869 8.3345447706092613e-05 0.0027242980357263897 -0.00057795599573792625 0.0040934189069163282 0.003140374747266755 0.0029063479811496547 -0.0005700286593090829 -9.1522409048534027e-05 -0.00024761621729107498 7.064047532925488e-05 0.0044429091825057008 0.0020553852194381771 -0.00063102685020823153 -0.00018295605285480459 0.0050331026087642207 -0.0016947096084706202 0.0027981741619169062 0.0056940807286315013 0.00039212671141482898 -8.620516928348204e-05 -0.00088593974599516286 -0.0010678808133380451 -0.00010564461832557823 -0.0013919582922999095 0.00021161365955869177
leaf_weight=49 43 581 220 125 58 71 55 83 233 40 40 80 303 73 127 105 43 41 53 51 66 297 42 401 51 40 46 67 51 8429 369 2173 3441 154 83 1241 161 43 44 107 42 56 70 53 2681 79 74 48 80 129 1124 40 87 41 54 215 4478 120 551 363 471 2027
leaf_count=49 43 581 220 125 58 71 55 83 233 40 40 80 303 73 127 105 43 41 53 51 66 297 42 401 51 40 46 67 51 8429 369 2173 3441 154 83 1241 161 43 44 107 42 56 70 53 2681 79 74 48 80 129 1124 40 87 41 54 215 4478 120 551 363 471 2027
internal_value=-0.000403044 -0.0015129 -0.000500512 0.000346319 0.00163561 0.00360075 0.00568528 0.00294964 -0.00263538 -0.000849516 0.00246913 -0.000347743 -0.000337362 -0.000484527 -5.29162e-05 1.50766e-05 0.00109589 0.00259817 0.00343122 0.00656108 0.00184652 0.00071225 0.00196808 -0.00075733 0.00183098 0.00988281 0.00698864 2.94106e-05 0.00281553 -0.000153131 -0.00193684 -0.0005027 -0.000961575 0.00163763 0.0030042 -0.000337353 -0.000187048 0.000408797 0.00642045 0.000293023 0.00134937 0.00107399 -0.000189492 0.00496689 -0.000324105 0.00182519 0.00340753 0.00536946 0.00821705 -0.0011098 -0.000209092 0.00175855 0.00307305 0.00189474 0.00201681 0.00335185 -0.0005268 0.000123692 -0.0013278 -0.000875447 -0.0022994 0.000609359
internal_weight=32663 1549 968 692 472 267 196 138 276 205 80 31114 31034 20452 10582 10279 1376 763 636 220 416 350 93 613 212 127 87 169 102 8903 474 20379 5376 286 237 15003 12830 4659 87 4572 1433 1391 3139 150 3069 388 281 202 128 5090 1649 525 396 94 356 269 8171 2859 712 5312 834 2147
internal_count=32663 1549 968 692 472 267 196 138 276 205 80 31114 31034 20452 10582 10279 1376 763 636 220 416 350 93 613 212 127 87 169 102 8903 474 20379 5376 286 237 15003 12830 4659 87 4572 1433 1391 3139 150 3069 388 281 202 128 5090 1649 525 396 94 356 269 8171 2859 712 5312 834 2147
cat_boundaries=0 1 2 3 4 5 6 7 8 9 10
cat_threshold=7746 657 288 1025 5138 1472 297 4114 73 213
is_linear=0
shrinkage=0.05


Tree=156
num_leaves=63
num_cat=3
split_feature=8 1 25 1 39 3 23 18 18 42 22 39 27 11 33 0 22 42 33 11 33 23 27 8 0 21 15 21 11 15 21 27 4 26 18 13 4 7 5 16 20 7 5 23 14 16 16 17 11 3 19 5 16 21 31 5 20 33 18 13 31 33
split_gain=0.72936 0.912671 0.96945 1.11607 1.43103 1.47305 1.38739 1.3143 1.03876 0.877663 1.35892 0.836745 0.986496 1.49358 1.55351 1.91559 2.19269 0.973773 0.92398 0.948993 0.912031 0.778619 1.02055 0.972124 0.959342 0.888165 0.804272 1.59245 0.914684 0.822851 0.817685 0.817066 0.778833 0.783006 0.739153 0.712403 0.708847 2.21426 1.93974 0.75523 1.14623 0.707212 0.763395 0.955555 0.828227 0.684816 0.77292 0.652766 0.646029 0.928674 0.74708 1.07384 0.925106 1.32829 0.637646 0.630142 0.681891 0.697749 0.627009 0.692381 0.609872 0.607945
threshold=0.031023541818536476 0.067213842773368185 0 -1.0000000180025095e-35 1 0.014061784907510423 -0.10536051565782627 0.047286473653722086 -2.2110423679396622 0.94957627118644072 0.10536013330480816 2 6.5000000000000009 45.500000000000007 35.921428571428585 -0.040821708805887529 1.0000000180025095e-35 0.88548009367681513 29.76428571428572 67.500000000000014 27.921428571428574 -0.80937015254820699 42.500000000000007 0.28396949423407475 -0.048790164169431265 1200.5000000000002 -0.033894528759907054 1550.8350000000003 56.500000000000007 -0.51694387060810276 8418.7500000000018 28.500000000000004 0.32542278505016059 1.5000000000000002 1.7208733793555615 0.63157911357349483 -0.79850769621777073 7.4203806191301931 7.7739435607530778 -2.2994502864872475 0.004299672513031305 6.9112311177331627 7.0330423485125113 -0.39490496522662605 -1.7909585079033878 0.14662339570113184 -0.026474981105397696 -3.001383936834273 2.5000000000000004 0.43178206577676553 0.057479382005518775 7.3235081695058115 -0.057058095134803637 3502.5000000000005 393.5 7.0580442439788529 -0.078094184253739721 28.978571428571435 1.1302584752387053 1.4769488106864199 113.65000000000002 25.821428571428577
decision_type=10 2 1 2 1 2 10 10 10 2 10 1 2 2 2 2 8 2 2 2 2 8 2 10 2 8 2 8 2 2 10 2 2 2 8 2 2 2 2 2 10 2 2 10 2 2 2 2 2 2 2 2 2 8 2 2 10 2 10 2 2 2
left_child=9 2 8 11 5 6 7 -5 -2 -1 45 54 13 17 15 18 -17 -13 19 -15 -21 22 23 -14 -24 -23 27 28 31 -30 -29 -27 33 -28 41 -36 37 -10 -39 40 -38 -6 43 -43 -44 46 -11 -3 49 50 51 -41 -53 -54 55 56 57 -4 59 -58 -55 -46
right_child=1 47 3 4 34 -7 -8 -9 36 10 -12 12 21 14 -16 16 -18 -19 -20 20 -22 25 24 -25 -26 26 32 30 29 -31 -32 -33 -34 -35 35 -37 39 38 -40 48 -42 42 44 -45 61 -47 -48 -49 -50 -51 -52 52 53 60 -56 -57 58 -59 -60 -61 -62 -63
leaf_value=-0.00017572350583428098 -0.00085916768604395774 -0.004498224898822548 -0.0021706559920158801 0.00065860266432761971 -0.0028700716646032926 -7.7187832113023239e-05 0.001675971156544785 0.0032471479218470255 -0.0022326568287444133 -0.00010836941964506894 0.0027475500596958941 0.0013640672126696875 -0.00054479763516446906 -0.00014266665372816945 -0.0023883996427258507 0.0071563014224890163 0.0016445268759622839 -0.00047830979268707299 -0.0017442439109830996 0.00018914830355852409 0.0072201571829693589 -0.00093456090593072548 0.00039748973841905615 0.0010995000699396049 0.0017477654359057126 0.0011205991600788149 0.0020148483721097138 -0.00012560566327571987 -0.001471336355324088 0.00088795218846939722 0.0019338692333791402 0.006659271722056645 -0.0016022568969144306 -0.00022166644002511232 0.00063433308817837026 -9.5051931499898342e-05 0.0037007542353248365 0.0086594296322475544 0.00076485025232000156 0.0051992051920013386 -0.00030475365316396725 -0.0010932522882269021 0.0033237902320880572 0.0010077590953660018 -0.0017138790440045172 -0.00069949512175613985 0.0010669334016734104 -0.00018934001529364745 1.4153799835200843e-05 0.0032204652004424851 -0.0010215691599448436 -0.00051707445483099401 -0.00010676776736607784 0.0022184598682495654 0.0035859317266606532 -0.00063932364877253463 -0.00092362270761357649 0.0033885633805429286 0.0034652983506609407 0.0030297782545557761 0.0010954930173622346 -1.8844908606498286e-05
leaf_weight=1322 298 168 40 40 128 164 80 74 93 148 53 41 173 48 59 64 82 266 65 40 48 574 47 49 41 47 54 1010 43 40 63 47 228 1640 42 48 45 73 62 44 40 67 55 65 155 113 72 10840 7769 68 113 92 71 40 48 2586 403 56 77 49 41 2210
leaf_count=1322 298 168 40 40 128 164 80 74 93 148 53 41 173 48 59 64 82 266 65 40 48 574 47 49 41 47 54 1010 43 40 63 47 228 1640 42 48 45 73 62 44 40 67 55 65 155 113 72 10840 7769 68 113 92 71 40 48 2586 403 56 77 49 41 2210
internal_value=-0.000392856 -0.000337429 -0.00013621 -0.000445958 0.000354745 0.00327913 0.00630769 0.00982609 0.000254513 -0.00139848 0.000697673 -0.000758502 -0.000333683 0.00137955 0.00336609 0.0046408 0.00897959 -0.00125 0.00146039 0.00379562 0.00685393 -0.000635939 0.00176849 -4.48442e-05 0.00629213 -0.000835336 -0.000507407 0.000479615 0.00485955 0.0010119 -0.000246742 0.00821053 -0.00114925 -0.000778762 -3.59595e-05 0.0043956 0.000356056 0.00310044 0.00716912 0.000280513 0.00494186 -0.000186499 -3.91815e-06 0.00368421 -0.000206527 -0.000494013 0.00113122 -0.000703062 0.000231823 0.00203191 0.00110696 0.00245675 0.00114286 0.00352941 -0.00137462 -0.00146482 -3.99373e-05 0.00381443 -0.000745284 -0.00145695 0.00786585 -0.000348691
internal_weight=32721 31013 20005 11156 3128 358 194 114 8849 1708 386 8028 4769 713 406 347 146 307 201 136 88 4056 310 222 88 3746 3172 1250 177 83 1073 94 1922 1694 2770 90 8551 228 135 8323 85 2680 2552 132 2420 333 220 11008 8238 469 401 288 244 152 3259 3211 625 96 529 452 81 2365
internal_count=32721 31013 20005 11156 3128 358 194 114 8849 1708 386 8028 4769 713 406 347 146 307 201 136 88 4056 310 222 88 3746 3172 1250 177 83 1073 94 1922 1694 2770 90 8551 228 135 8323 85 2680 2552 132 2420 333 220 11008 8238 469 401 288 244 152 3259 3211 625 96 529 452 81 2365
cat_boundaries=0 1 2 3
cat_threshold=1592 384 4355
is_linear=0
shrinkage=0.05


Tree=157
num_leaves=63
num_cat=1
split_feature=8 0 9 24 42 9 23 13 11 23 4 31 14 8 4 17 21 8 9 9 14 17 5 23 18 23 27 22 6 8 26 13 26 31 15 14 21 17 21 8 12 23 10 5 22 31 31 37 26 22 12 27 3 10 21 0 4 11 11 13 12 6
split_gain=0.915524 0.707784 0.924848 0.667862 0.917463 1.08949 0.951903 0.649205 0.646209 0.756958 0.688041 0.616807 0.589851 0.521253 0.681159 0.594797 0.970354 0.872293 0.741459 1.16663 1.12429 1.13948 0.911798 0.703008 0.666532 0.599804 0.818262 0.597718 0.945386 0.717204 0.549287 0.52152 0.641187 0.694593 0.51648 0.537737 0.8842 0.77873 1.25921 1.34511 2.23049 0.817033 0.830532 0.587123 0.50858 0.501334 0.498221 1.12286 2.10276 1.35926 0.985364 1.10378 0.865854 0.8393 0.749206 1.16832 0.822368 0.742033 1.05386 1.76962 0.720651 0.861609
threshold=1.0000000180025095e-35 0.12634908812172488 0.067410426067411974 0 0.85270009643201561 0.17692017328746149 -0.33647223662121284 0.35517009345794398 6.5000000000000009 -0.15963014559188402 0.50528847389900611 424.65000000000003 1.7068099508303567 0.39106422553067877 -1.4388113718587412 0.51421785988528346 18100.000000000004 0.22091138197828036 0.23172947910563091 0.43363146903980648 0.40229876486124244 0.62589485710933912 7.2723673074987181 -0.10006501942566735 1.7208733793555615 -1.0261228994356728 10.500000000000002 -1.2702875762126247 6.2028662358160638 0.19314052608366095 22.500000000000004 0.35058616110271562 49.500000000000007 24.050000000000004 1.6100073237244301 -0.1053605156578263 652.92500000000007 -0.058691617415211998 4407.5000000000009 0.16192395203788915 52.500000000000007 -0.39490496522662605 0.023235081878547174 6.4196313136845884 0.020697217582458727 393.5 73.65000000000002 36.500000000000007 40.500000000000007 -0.2977304245121683 14.500000000000002 22.500000000000004 0.14763656698820563 0.10550759937813094 864.58500000000015 -0.047078956786642749 -0.068992871486951199 70.500000000000014 77.500000000000014 0.76470847751628346 41.500000000000007 6.9994135085888169
decision_type=8 2 10 1 2 10 10 2 2 10 2 2 2 8 2 2 10 10 10 10 2 2 2 10 8 8 2 8 2 10 2 2 2 2 2 2 8 2 10 8 2 10 2 2 8 2 2 10 2 10 2 2 2 2 8 2 2 2 2 2 2 2
left_child=-1 11 -3 4 5 -4 -7 -5 9 -6 -11 13 -10 15 -15 27 17 25 24 20 21 -20 -23 30 -19 26 -17 29 -29 -2 -22 -27 -33 -34 35 36 -9 38 39 40 -37 42 -41 -39 -24 46 50 52 49 -49 51 -30 54 -53 55 -48 -57 -54 59 -59 -52 -62
right_child=1 2 3 7 8 6 -8 34 12 10 -12 -13 -14 14 -16 16 -18 18 19 -21 23 22 44 -25 -26 31 -28 28 45 -31 -32 32 33 -35 -36 37 -38 43 -40 41 -42 -43 -44 -45 -46 -47 47 48 -50 -51 60 53 57 -55 -56 56 -58 58 -60 -61 61 -63
leaf_value=-0.00015535782702097903 0.0083185417107977944 0.00073310384709676451 -0.00090494776827890547 -0.0012423158478078282 -0.00014592715167791406 0.0023345298172116982 0.00052286015189771944 0.0040659640324232846 -0.00050687118794051969 -0.00057320312160362744 0.0016970987159503918 -0.00062190156429613164 0.0027490568776846109 0.014540618949105973 -0.00029693054183296575 0.0023172584922190225 0.0013249062205987544 -0.0010209347039771414 0.0053256817234376358 -0.001386660091353918 0.008106487165320822 0.0071612142162212943 0.0028649773900767572 -0.0012801982624922547 0.00091996096406197657 -0.00043072078586521762 -0.00024180787833216711 -0.0021944038391309702 -0.001260128736895445 -0.00046300584433410546 -0.00081782998271615775 -0.00036162616923878253 0.00083915297881647808 -0.0008803890270988996 -0.0021784832643087421 0.0013079375989851613 -0.001158663400185283 0.0079955557832487312 -0.0013018526561554865 0.0082715590781235505 -4.6101573997294998e-05 -0.00077290914597307218 0.00042700375076508624 -0.00028708616038435015 -0.0013972596727022538 0.0031000702913860732 -0.00033859797077842238 0.0004131236316035082 0.00087799875284186627 -0.001237747303423296 0.00025860968367428204 9.2789554199739291e-05 -0.00089734002699647412 -0.001879269538322586 -6.6019851552938765e-05 1.6000553071226762e-05 0.002237501062247725 -0.00020222908677471681 -0.00012603748459390983 0.0050966842676246895 0.00050500266273096033 -2.4756878563631918e-05
leaf_weight=766 61 57 47 517 108 61 55 43 974 40 63 172 47 51 2307 43 42 308 41 88 45 68 40 83 40 245 110 98 884 49 54 2607 50 45 181 66 1418 62 160 41 56 196 134 1922 58 78 95 72 49 124 2662 1221 1395 110 5432 61 90 52 310 42 662 5755
leaf_count=766 61 57 47 517 108 61 55 43 974 40 63 172 47 51 2307 43 42 308 41 88 45 68 40 83 40 245 110 98 884 49 54 2607 50 45 181 66 1418 62 160 41 56 196 134 1922 58 78 95 72 49 124 2662 1221 1395 110 5432 61 90 52 310 42 662 5755
internal_value=-0.000417963 -0.000377092 -0.000854538 -0.000913276 5.33416e-05 0.00356707 0.00615384 -0.00119201 -0.000413626 0.00209906 0.00514423 -0.000261435 -0.000934443 -0.000241339 -0.000949556 -0.000169533 -0.000727068 -0.000808712 0.000635592 0.00191422 0.00308974 0.00560096 0.00371257 0.000218578 -0.00111748 -0.00119316 0.00185065 -5.49149e-05 -7.60706e-05 0.0036036 0.00305 -0.00135177 -0.00115057 0.00286458 -0.000991824 -0.000875825 -0.00164501 -0.000449205 0.0010474 0.00229757 0.00682927 0.00079301 0.00326704 -0.000942067 0.000606059 -5.07998e-05 -6.73094e-05 -0.000376798 0.00294715 0.000609136 0.00014431 -0.000800994 -0.000486094 0.000108858 -0.000183132 0.00251012 0.00523026 -0.00144167 0.000444443 0.00505263 0.000374999 8.80325e-05
internal_weight=32813 32047 6248 6191 1395 163 116 4796 1232 211 103 25799 1021 25627 2358 23269 3967 3925 825 477 389 207 166 182 348 3100 153 19302 19192 110 99 2947 2702 95 4279 4098 1461 2637 653 493 122 371 175 1984 98 19094 19016 7722 245 196 11294 2215 7477 1331 5678 246 151 1799 404 94 9079 6417
internal_count=32813 32047 6248 6191 1395 163 116 4796 1232 211 103 25799 1021 25627 2358 23269 3967 3925 825 477 389 207 166 182 348 3100 153 19302 19192 110 99 2947 2702 95 4279 4098 1461 2637 653 493 122 371 175 1984 98 19094 19016 7722 245 196 11294 2215 7477 1331 5678 246 151 1799 404 94 9079 6417
cat_boundaries=0 1
cat_threshold=1
is_linear=0
shrinkage=0.05


Tree=158
num_leaves=63
num_cat=5
split_feature=22 7 9 5 20 39 3 21 7 41 41 13 18 3 26 22 11 11 13 26 15 12 22 10 12 11 39 4 4 2 13 26 31 23 18 3 12 41 39 23 22 21 17 1 17 17 15 23 27 19 27 1 39 5 17 3 13 33 2 13 12 39
split_gain=0.659374 0.591491 1.14979 2.39776 1.25095 1.1416 1.52946 0.987736 0.923803 1.22015 1.05018 0.928473 1.65231 1.19685 0.849193 0.843058 0.674425 0.982199 0.672303 0.587366 0.552133 0.799078 0.545808 1.13764 0.922565 0.821543 0.573013 0.851292 0.579239 0.547445 0.664502 0.912341 0.615602 0.586184 1.10417 0.998352 0.844217 0.796076 0.966844 0.983711 0.858044 0.823089 0.80571 0.776479 0.897667 0.910295 0.75525 0.802037 2.0635 1.90291 0.995769 1.01181 0.991211 0.93921 0.855304 0.821131 0.832882 1.58242 1.0422 0.762352 0.718067 1.02977
threshold=0.18797652139410612 7.0928204903868446 0.18563786816474306 7.1309170904190688 -0.07001495472107834 0 0.20773625461480452 1189.7500000000002 7.699476493787575 45.676854395604401 4.6239754098360661 0.58123122796666571 0.40080484591744686 0.019811675312931602 11.500000000000002 0.33712523228342656 67.500000000000014 59.500000000000007 0.64952944752841668 37.500000000000007 1.2793791087924729 58.500000000000007 0.15951880586747758 0.16792369424177347 66.500000000000014 55.500000000000007 1 -0.03846722422313275 0.12866294854351382 -0.10536051565782632 0.14285790816189872 26.500000000000004 424.65000000000003 -0.039189366173552724 0.51631025538187825 0.38784316473300967 88.500000000000014 28.295789473684213 2 -0.21523639524455015 -0.196709424681593 7518.7500000000009 -0.10335290733649215 -0.099562890129250001 -0.34779244490154965 0.13141189318420368 0.14310084364067341 0.087011376989629921 15.500000000000002 0.032157194339578248 39.500000000000007 -0.32922611711427935 3 7.5953831795490876 0.32335220277803628 0.031607800341968424 1.0350438596491232 30.992857142857147 -0.2015174866274356 0.62257903286267657 53.500000000000007 4
decision_type=10 2 8 2 10 1 2 10 2 2 2 2 10 2 2 10 2 2 2 2 2 2 10 2 2 2 1 2 2 2 2 2 2 8 10 2 2 2 1 10 10 10 2 2 2 2 2 10 2 2 2 2 1 2 2 2 2 2 2 2 2 1
left_child=22 2 3 14 -4 6 8 -6 10 18 -3 13 -13 -11 15 -2 17 19 -10 -16 -7 -22 29 26 25 -25 27 -24 -28 30 31 -1 -31 37 -35 36 46 41 39 43 -41 -32 -43 44 -39 -46 60 50 49 -49 51 -48 59 -51 -54 56 58 -58 -50 -52 61 -36
right_child=1 5 4 -5 7 20 -8 -9 9 11 -12 12 -14 -15 16 -17 -18 -19 -20 -21 21 -23 23 24 -26 -27 28 -29 -30 32 33 -33 -34 34 35 -37 -38 38 -40 40 -42 42 -44 -45 45 -47 47 48 55 53 52 -53 54 -55 -56 -57 57 -59 -60 -61 -62 -63
leaf_value=0.0043081133682572239 0.0027052590608736197 0.0050590779001547549 0.0045829096943186516 0.0067974186647889083 -0.0012054424051079723 -0.0010689849671329061 -0.0010404121917767389 0.002481394186586443 0.00056627036951683034 0.0020355881235426033 -5.8038031071538716e-05 0.0043323733145711517 -0.0002151477020987224 0.0006419746243690001 -0.00099999992073403839 0.00016859848501260159 -0.00049764381072977995 0.0037166870179663487 -0.0005340326325948678 0.00099359468863031855 0.00065459668789951374 -0.0004436260762617464 0.0011039877140742178 0.0023874823932943439 -0.00021822839051992846 0.00012010036542038576 -0.001167119430530811 -0.0006272005996909788 0.00039292872610874612 -8.5247904786987851e-05 -0.00077652573041905653 -0.00022169751541423123 -0.00051340712878474005 -7.1636813390418906e-05 -0.00034926330531425331 0.0024936365949250333 0.0036803543934327398 0.00013422891620349281 -0.00022500895117394238 0.0053769634797959029 -0.001751031649652355 0.002077657904925409 -0.00048460047371947333 0.0001902892809209834 0.0024750106643468646 0.0014673813371448646 0.0059721805018391298 0.0043360695330925811 -0.0025432245662306494 0.003057299270162669 0.0079096899472211706 -0.001252727613735373 0.0010618926436788169 -0.00033041789146413602 -0.0019650343467697189 -0.0038636419812668023 0.0051700835986781719 -0.00044021500682732558 0.00056125730447472474 0.001044133209310202 -0.0011076461591619071 0.0010660659000740773
leaf_weight=40 53 67 50 49 444 2389 336 47 230 48 67 40 147 53 114 57 189 46 453 56 70 89 70 61 48 42 207 61 66 19335 908 45 117 3571 223 54 42 45 655 43 86 43 47 139 43 52 72 42 105 40 40 277 47 46 103 47 40 49 99 65 332 195
leaf_count=40 53 67 50 49 444 2389 336 47 230 48 67 40 147 53 114 57 189 46 453 56 70 89 70 61 48 42 207 61 66 19335 908 45 117 3571 223 54 42 45 655 43 86 43 47 139 43 52 72 42 105 40 40 277 47 46 103 47 40 49 99 65 332 195
internal_value=-0.00043315 -0.00095584 6.78107e-05 0.00164602 -0.00157749 -0.00123935 -0.00010675 -0.00234756 0.000791138 0.000252056 0.00466667 0.00297578 0.000877658 0.00681372 0.000629844 0.0045045 -0.000431036 0.00147465 -0.000899124 -0.000292399 -0.00187183 0.000968749 -0.000336795 0.00121403 0.00490131 0.00754808 -0.000172841 0.00242958 -0.00146127 -0.000368615 -9.82309e-06 0.00436046 -0.000509434 -5.95959e-05 0.000210381 0.0011777 0.000981232 -0.000778372 0.000173871 0.0020525 -0.0015 -0.00179179 0.00274725 0.00376786 0.00638298 0.00911458 0.000817333 0.00166822 0.00321962 0.00860465 0.000462809 -0.00127143 0.00283203 0.00425287 -1.11065e-09 0.00117302 0.00215986 0.00616667 0.000390243 0.00625 -0.000399469 0.000978519
internal_weight=32736 5094 1105 564 541 3989 1441 491 1105 971 134 288 187 101 515 110 405 216 683 170 2548 159 27642 555 151 103 404 131 273 27087 7635 85 19452 7550 5489 1918 1864 2061 1063 408 129 998 90 279 140 95 1822 1072 468 128 604 349 255 86 150 340 293 89 204 105 750 418
internal_count=32736 5094 1105 564 541 3989 1441 491 1105 971 134 288 187 101 515 110 405 216 683 170 2548 159 27642 555 151 103 404 131 273 27087 7635 85 19452 7550 5489 1918 1864 2061 1063 408 129 998 90 279 140 95 1822 1072 468 128 604 349 255 86 150 340 293 89 204 105 750 418
cat_boundaries=0 1 2 3 4 5
cat_threshold=4272 1816 6658 4646 4363
is_linear=0
shrinkage=0.05


end of trees

feature_importances:
month=490
commodity_id=454
price_vs_nbr=411
tmax_7d_mean=368
roll_std_30=359
days_to_festival=349
mandi_liquidity=346
spread_pct=343
roll_std_7=330
lag_14=327
roll_mean_30=322
lag_7=306
price_arrival_elasticity=293
rain_7d_sum=290
days_since_min_90=282
price_vs_ma30=269
roll_mean_7=265
rain_30d_sum=265
mandi_data_quality=265
nbr_price_mean_k4=263
nbr_arr_change=260
lag_3=257
lag_30=240
arr_vs_ma30=237
lag_1=234
days_since_max_90=234
arr_zscore_seasonal=234
roll_mean_14=226
week_of_year=217
arr_lag_7=190
arr_momentum=180
arr_lag_3=147
arr_lag_1=145
days_since_shock=102
shock_active_bearish=67
imputed_share_14d=55
shock_active_bullish=54
harvest_season_flag=40
dow=38
mandi_id=36
perishability_class=27
unseasonal_rain_flag=22
festival_demand_effect=10
days_since_observation=9

parameters:
[boosting: gbdt]
[objective: quantile]
[metric: quantile]
[tree_learner: serial]
[device_type: cpu]
[data_sample_strategy: bagging]
[data: ]
[valid: ]
[num_iterations: 800]
[learning_rate: 0.05]
[num_leaves: 63]
[num_threads: 0]
[seed: 42]
[deterministic: 1]
[force_col_wise: 0]
[force_row_wise: 0]
[histogram_pool_size: -1]
[max_depth: -1]
[min_data_in_leaf: 40]
[min_sum_hessian_in_leaf: 0.001]
[bagging_fraction: 0.8]
[pos_bagging_fraction: 1]
[neg_bagging_fraction: 1]
[bagging_freq: 1]
[bagging_seed: 400]
[bagging_by_query: 0]
[feature_fraction: 0.8]
[feature_fraction_bynode: 1]
[feature_fraction_seed: 30056]
[extra_trees: 0]
[extra_seed: 12879]
[early_stopping_round: 0]
[early_stopping_min_delta: 0]
[first_metric_only: 0]
[max_delta_step: 0]
[lambda_l1: 0]
[lambda_l2: 1]
[linear_lambda: 0]
[min_gain_to_split: 0]
[drop_rate: 0.1]
[max_drop: 50]
[skip_drop: 0.5]
[xgboost_dart_mode: 0]
[uniform_drop: 0]
[drop_seed: 17869]
[top_rate: 0.2]
[other_rate: 0.1]
[min_data_per_group: 100]
[max_cat_threshold: 32]
[cat_l2: 10]
[cat_smooth: 10]
[max_cat_to_onehot: 4]
[top_k: 20]
[monotone_constraints: ]
[monotone_constraints_method: basic]
[monotone_penalty: 0]
[feature_contri: ]
[forcedsplits_filename: ]
[refit_decay_rate: 0.9]
[cegb_tradeoff: 1]
[cegb_penalty_split: 0]
[cegb_penalty_feature_lazy: ]
[cegb_penalty_feature_coupled: ]
[path_smooth: 0]
[interaction_constraints: ]
[verbosity: -1]
[saved_feature_importance_type: 0]
[use_quantized_grad: 0]
[num_grad_quant_bins: 4]
[quant_train_renew_leaf: 0]
[stochastic_rounding: 1]
[linear_tree: 0]
[max_bin: 255]
[max_bin_by_feature: ]
[min_data_in_bin: 3]
[bin_construct_sample_cnt: 200000]
[data_random_seed: 175]
[is_enable_sparse: 1]
[enable_bundle: 1]
[use_missing: 1]
[zero_as_missing: 0]
[feature_pre_filter: 1]
[pre_partition: 0]
[two_round: 0]
[header: 0]
[label_column: ]
[weight_column: ]
[group_column: ]
[ignore_column: ]
[categorical_feature: 24,25,38,39]
[forcedbins_filename: ]
[precise_float_parser: 0]
[parser_config_file: ]
[objective_seed: 16083]
[num_class: 1]
[is_unbalance: 0]
[scale_pos_weight: 1]
[sigmoid: 1]
[boost_from_average: 1]
[reg_sqrt: 0]
[alpha: 0.9]
[fair_c: 1]
[poisson_max_delta_step: 0.7]
[tweedie_variance_power: 1.5]
[lambdarank_truncation_level: 30]
[lambdarank_norm: 1]
[label_gain: ]
[lambdarank_position_bias_regularization: 0]
[eval_at: ]
[multi_error_top_k: 1]
[auc_mu_weights: ]
[num_machines: 1]
[local_listen_port: 12400]
[time_out: 120]
[machine_list_filename: ]
[machines: ]
[gpu_platform_id: -1]
[gpu_device_id: -1]
[gpu_device_id_list: ]
[gpu_use_dp: 0]
[num_gpu: 1]

end of parameters

pandas_categorical:[[0, 1, 2, 3, 4], [1, 2, 3, 4, 5, 6, 7, 8, 9, 10, 11, 12], [3, 6, 11, 14], [1, 2, 3, 4, 6, 7, 8, 9, 10, 11, 12, 13, 14]]
